ID,vax_prop,metric,10,25,100,250,500,750,1000,1500,2500,5000
0percent_probability_exceeding_10_total_cases,0,percent_probability_exceeding_10_total_cases,96.29,96.9,97.145,96.935,97.15,97.035,97.245,97.075,97.13,97.175
0percent_probability_exceeding_20_total_cases,0,percent_probability_exceeding_20_total_cases,,96.9,97.145,96.935,97.15,97.035,97.245,97.075,97.13,97.175
0percent_probability_exceeding_3_total_cases,0,percent_probability_exceeding_3_total_cases,96.48,96.94,97.165,96.975,97.18,97.055,97.255,97.12,97.17,97.195
0percent_probability_exceeding_50_total_cases,0,percent_probability_exceeding_50_total_cases,,,97.145,96.935,97.15,97.035,97.245,97.075,97.13,97.175
0total_infected_mean,0,total_infected_mean,9.6803,24.2592,97.176,242.3706,485.78065,727.79425,972.4797,1456.1561,2428.28055,4858.7799
0total_infected_median,0,total_infected_median,10,25,100,250,500,750,1000,1500,2500,5000
0total_infected_q2.5,0,total_infected_q2.5,1,1,1,1,1,1,1,1,1,1
0total_infected_q97.5,0,total_infected_q97.5,10,25,100,250,500,750,1000,1500,2500,5000
1percent_probability_exceeding_10_total_cases,1,percent_probability_exceeding_10_total_cases,96.29,96.9,97.03,96.795,97.025,96.945,96.965,96.705,97.155,97.05
1percent_probability_exceeding_20_total_cases,1,percent_probability_exceeding_20_total_cases,,96.9,97.03,96.795,97.025,96.945,96.965,96.705,97.155,97.05
1percent_probability_exceeding_3_total_cases,1,percent_probability_exceeding_3_total_cases,96.48,96.94,97.05,96.81,97.05,96.955,96.99,96.72,97.155,97.075
1percent_probability_exceeding_50_total_cases,1,percent_probability_exceeding_50_total_cases,,,97.03,96.795,97.025,96.945,96.965,96.705,97.155,97.05
1total_infected_mean,1,total_infected_mean,9.6803,24.2592,96.09185,240.08575,480.3065,720.3344,959.986,1436.10425,2404.61575,4804.00595
1total_infected_median,1,total_infected_median,10,25,99,248,495,743,990,1485,2475,4950
1total_infected_q2.5,1,total_infected_q2.5,1,1,1,1,1,1,1,1,1,1
1total_infected_q97.5,1,total_infected_q97.5,10,25,99,248,495,743,990,1485,2475,4950
2percent_probability_exceeding_10_total_cases,2,percent_probability_exceeding_10_total_cases,96.29,96.9,96.855,97.01,97.065,96.785,96.995,97.21,97.09,96.885
2percent_probability_exceeding_20_total_cases,2,percent_probability_exceeding_20_total_cases,,96.9,96.855,97.01,97.065,96.785,96.995,97.21,97.09,96.885
2percent_probability_exceeding_3_total_cases,2,percent_probability_exceeding_3_total_cases,96.48,96.94,96.875,97.035,97.095,96.81,97.005,97.215,97.125,96.9
2percent_probability_exceeding_50_total_cases,2,percent_probability_exceeding_50_total_cases,,,96.855,97.01,97.065,96.785,96.995,97.21,97.09,96.885
2total_infected_mean,2,total_infected_mean,9.6803,24.2592,94.95225,237.70615,475.65075,711.4048,950.58275,1429.01615,2378.73615,4747.39745
2total_infected_median,2,total_infected_median,10,25,98,245,490,735,980,1470,2450,4900
2total_infected_q2.5,2,total_infected_q2.5,1,1,1,1,1,1,1,1,1,1
2total_infected_q97.5,2,total_infected_q97.5,10,25,98,245,490,735,980,1470,2450,4900
3percent_probability_exceeding_10_total_cases,3,percent_probability_exceeding_10_total_cases,96.29,96.9,96.785,96.87,96.965,96.99,96.86,96.89,96.95,97.085
3percent_probability_exceeding_20_total_cases,3,percent_probability_exceeding_20_total_cases,,96.9,96.785,96.87,96.965,96.99,96.86,96.89,96.95,97.085
3percent_probability_exceeding_3_total_cases,3,percent_probability_exceeding_3_total_cases,96.48,96.94,96.8,96.91,96.99,97.005,96.875,96.91,97,97.105
3percent_probability_exceeding_50_total_cases,3,percent_probability_exceeding_50_total_cases,,,96.785,96.87,96.965,96.99,96.86,96.89,96.95,97.085
3total_infected_mean,3,total_infected_mean,9.6803,24.2592,93.9154,235.42805,470.3128,706.119,939.57545,1409.78315,2351.0708,4708.65285
3total_infected_median,3,total_infected_median,10,25,97,243,485,728,970,1455,2425,4850
3total_infected_q2.5,3,total_infected_q2.5,1,1,1,1,1,1,1,1,1,1
3total_infected_q97.5,3,total_infected_q97.5,10,25,97,243,485,728,970,1455,2425,4850
4percent_probability_exceeding_10_total_cases,4,percent_probability_exceeding_10_total_cases,96.29,96.6,96.645,97,96.975,96.85,96.915,97.005,96.99,96.815
4percent_probability_exceeding_20_total_cases,4,percent_probability_exceeding_20_total_cases,,96.6,96.645,97,96.975,96.85,96.915,97.005,96.99,96.815
4percent_probability_exceeding_3_total_cases,4,percent_probability_exceeding_3_total_cases,96.48,96.655,96.67,97.025,96.985,96.885,96.93,97.025,97.015,96.83
4percent_probability_exceeding_50_total_cases,4,percent_probability_exceeding_50_total_cases,,,96.645,97,96.975,96.85,96.915,97.005,96.99,96.815
4total_infected_mean,4,total_infected_mean,9.6803,23.22155,92.81565,232.83215,465.5122,697.3543,930.41675,1396.9037,2327.7919,4647.15315
4total_infected_median,4,total_infected_median,10,24,96,240,480,720,960,1440,2400,4800
4total_infected_q2.5,4,total_infected_q2.5,1,1,1,1,1,1,1,1,1,1
4total_infected_q97.5,4,total_infected_q97.5,10,24,96,240,480,720,960,1440,2400,4800
5percent_probability_exceeding_10_total_cases,5,percent_probability_exceeding_10_total_cases,96.29,96.6,96.535,96.715,96.94,96.615,96.98,96.66,96.92,96.79
5percent_probability_exceeding_20_total_cases,5,percent_probability_exceeding_20_total_cases,,96.6,96.535,96.715,96.94,96.615,96.98,96.66,96.92,96.79
5percent_probability_exceeding_3_total_cases,5,percent_probability_exceeding_3_total_cases,96.48,96.655,96.54,96.755,96.955,96.645,96.985,96.69,96.94,96.81
5percent_probability_exceeding_50_total_cases,5,percent_probability_exceeding_50_total_cases,,,96.535,96.715,96.94,96.615,96.98,96.66,96.92,96.79
5total_infected_mean,5,total_infected_mean,9.6803,23.22155,91.74535,230.21755,460.49805,688.90115,921.34185,1377.44075,2301.8822,4597.55795
5total_infected_median,5,total_infected_median,10,24,95,238,475,713,950,1425,2375,4750
5total_infected_q2.5,5,total_infected_q2.5,1,1,1,1,1,1,1,1,1,1
5total_infected_q97.5,5,total_infected_q97.5,10,24,95,238,475,713,950,1425,2375,4750
6percent_probability_exceeding_10_total_cases,6,percent_probability_exceeding_10_total_cases,96.29,96.6,96.66,96.91,96.925,96.915,96.805,96.725,96.73,96.735
6percent_probability_exceeding_20_total_cases,6,percent_probability_exceeding_20_total_cases,,96.6,96.66,96.91,96.925,96.915,96.805,96.725,96.73,96.735
6percent_probability_exceeding_3_total_cases,6,percent_probability_exceeding_3_total_cases,96.48,96.655,96.695,96.935,96.94,96.935,96.845,96.755,96.745,96.76
6percent_probability_exceeding_50_total_cases,6,percent_probability_exceeding_50_total_cases,,,96.66,96.91,96.925,96.915,96.805,96.725,96.73,96.735
6total_infected_mean,6,total_infected_mean,9.6803,23.22155,90.8966,227.77175,455.58045,683.284,910.00185,1363.85715,2273.18925,4546.5782
6total_infected_median,6,total_infected_median,10,24,94,235,470,705,940,1410,2350,4700
6total_infected_q2.5,6,total_infected_q2.5,1,1,1,1,1,1,1,1,1,1
6total_infected_q97.5,6,total_infected_q97.5,10,24,94,235,470,705,940,1410,2350,4700
7percent_probability_exceeding_10_total_cases,7,percent_probability_exceeding_10_total_cases,96.29,96.6,96.665,96.705,96.78,96.585,96.585,96.79,96.615,96.85
7percent_probability_exceeding_20_total_cases,7,percent_probability_exceeding_20_total_cases,,96.6,96.665,96.705,96.78,96.585,96.585,96.79,96.615,96.85
7percent_probability_exceeding_3_total_cases,7,percent_probability_exceeding_3_total_cases,96.48,96.655,96.695,96.78,96.825,96.605,96.6,96.81,96.635,96.87
7percent_probability_exceeding_50_total_cases,7,percent_probability_exceeding_50_total_cases,,,96.665,96.705,96.78,96.585,96.585,96.79,96.615,96.85
7total_infected_mean,7,total_infected_mean,9.6803,23.22155,89.9339,225.3595,450.06195,674.19965,898.27675,1350.2548,2246.33345,4503.5573
7total_infected_median,7,total_infected_median,10,24,93,233,465,698,930,1395,2325,4650
7total_infected_q2.5,7,total_infected_q2.5,1,1,1,1,1,1,1,1,1,1
7total_infected_q97.5,7,total_infected_q97.5,10,24,93,233,465,698,930,1395,2325,4650
8percent_probability_exceeding_10_total_cases,8,percent_probability_exceeding_10_total_cases,96.29,96.295,96.575,96.43,96.785,96.71,96.505,96.6,96.835,96.64
8percent_probability_exceeding_20_total_cases,8,percent_probability_exceeding_20_total_cases,,96.295,96.575,96.43,96.785,96.71,96.505,96.6,96.835,96.64
8percent_probability_exceeding_3_total_cases,8,percent_probability_exceeding_3_total_cases,96.48,96.37,96.585,96.475,96.83,96.73,96.545,96.63,96.87,96.67
8percent_probability_exceeding_50_total_cases,8,percent_probability_exceeding_50_total_cases,,,96.575,96.43,96.785,96.71,96.505,96.6,96.835,96.64
8total_infected_mean,8,total_infected_mean,9.6803,22.18875,88.88585,221.8274,445.2461,667.33415,887.8833,1333.11595,2227.23795,4445.47385
8total_infected_median,8,total_infected_median,10,23,92,230,460,690,920,1380,2300,4600
8total_infected_q2.5,8,total_infected_q2.5,1,1,1,1,1,1,1,1,1,1
8total_infected_q97.5,8,total_infected_q97.5,10,23,92,230,460,690,920,1380,2300,4600
9percent_probability_exceeding_10_total_cases,9,percent_probability_exceeding_10_total_cases,96.29,96.295,96.62,96.54,96.7,96.565,96.655,96.46,96.64,96.905
9percent_probability_exceeding_20_total_cases,9,percent_probability_exceeding_20_total_cases,,96.295,96.62,96.54,96.7,96.565,96.655,96.46,96.64,96.905
9percent_probability_exceeding_3_total_cases,9,percent_probability_exceeding_3_total_cases,96.48,96.37,96.635,96.58,96.73,96.595,96.695,96.505,96.67,96.915
9percent_probability_exceeding_50_total_cases,9,percent_probability_exceeding_50_total_cases,,,96.62,96.54,96.7,96.565,96.655,96.46,96.64,96.905
9total_infected_mean,9,total_infected_mean,9.6803,22.18875,87.96075,220.1493,440.0208,659.57575,879.5959,1316.71665,2198.59505,4409.20685
9total_infected_median,9,total_infected_median,10,23,91,228,455,683,910,1365,2275,4550
9total_infected_q2.5,9,total_infected_q2.5,1,1,1,1,1,1,1,1,1,1
9total_infected_q97.5,9,total_infected_q97.5,10,23,91,228,455,683,910,1365,2275,4550
10percent_probability_exceeding_10_total_cases,10,percent_probability_exceeding_10_total_cases,,96.295,96.44,96.41,96.415,96.395,96.28,96.57,96.565,96.485
10percent_probability_exceeding_20_total_cases,10,percent_probability_exceeding_20_total_cases,,96.295,96.44,96.41,96.415,96.395,96.28,96.57,96.565,96.485
10percent_probability_exceeding_3_total_cases,10,percent_probability_exceeding_3_total_cases,95.615,96.37,96.475,96.46,96.46,96.425,96.31,96.605,96.575,96.525
10percent_probability_exceeding_50_total_cases,10,percent_probability_exceeding_50_total_cases,,,96.44,96.41,96.415,96.395,96.28,96.57,96.565,96.485
10total_infected_mean,10,total_infected_mean,8.64435,22.18875,86.83425,216.9614,433.90685,650.7057,866.56005,1303.7315,2172.747,4341.85965
10total_infected_median,10,total_infected_median,9,23,90,225,450,675,900,1350,2250,4500
10total_infected_q2.5,10,total_infected_q2.5,1,1,1,1,1,1,1,1,1,1
10total_infected_q97.5,10,total_infected_q97.5,9,23,90,225,450,675,900,1350,2250,4500
11percent_probability_exceeding_10_total_cases,11,percent_probability_exceeding_10_total_cases,,96.295,96.34,96.285,96.285,96.46,96.345,96.535,96.155,96.47
11percent_probability_exceeding_20_total_cases,11,percent_probability_exceeding_20_total_cases,,96.295,96.34,96.285,96.285,96.46,96.345,96.535,96.155,96.47
11percent_probability_exceeding_3_total_cases,11,percent_probability_exceeding_3_total_cases,95.615,96.37,96.365,96.31,96.31,96.525,96.38,96.56,96.19,96.52
11percent_probability_exceeding_50_total_cases,11,percent_probability_exceeding_50_total_cases,,,96.34,96.285,96.285,96.46,96.345,96.535,96.155,96.47
11total_infected_mean,11,total_infected_mean,8.64435,22.18875,85.78205,214.75535,428.508,644.39165,857.50985,1288.7783,2139.4887,4292.9498
11total_infected_median,11,total_infected_median,9,23,89,223,445,668,890,1335,2225,4450
11total_infected_q2.5,11,total_infected_q2.5,1,1,1,1,1,1,1,1,1,1
11total_infected_q97.5,11,total_infected_q97.5,9,23,89,223,445,668,890,1335,2225,4450
12percent_probability_exceeding_10_total_cases,12,percent_probability_exceeding_10_total_cases,,96.025,96.215,96.26,96.32,96.36,96.31,96.495,96.4,96.375
12percent_probability_exceeding_20_total_cases,12,percent_probability_exceeding_20_total_cases,,96.025,96.215,96.26,96.32,96.36,96.31,96.495,96.4,96.375
12percent_probability_exceeding_3_total_cases,12,percent_probability_exceeding_3_total_cases,95.615,96.08,96.25,96.29,96.36,96.425,96.34,96.515,96.435,96.41
12percent_probability_exceeding_50_total_cases,12,percent_probability_exceeding_50_total_cases,,,96.215,96.26,96.32,96.36,96.31,96.495,96.4,96.375
12total_infected_mean,12,total_infected_mean,8.64435,21.16885,84.7103,211.8123,423.8481,636.0151,847.56655,1273.7705,2120.8366,4240.53515
12total_infected_median,12,total_infected_median,9,22,88,220,440,660,880,1320,2200,4400
12total_infected_q2.5,12,total_infected_q2.5,1,1,1,1,1,1,1,1,1,1
12total_infected_q97.5,12,total_infected_q97.5,9,22,88,220,440,660,880,1320,2200,4400
13percent_probability_exceeding_10_total_cases,13,percent_probability_exceeding_10_total_cases,,96.025,96.21,96.16,96.24,96.055,96.29,96.29,96.38,96.195
13percent_probability_exceeding_20_total_cases,13,percent_probability_exceeding_20_total_cases,,96.025,96.21,96.16,96.24,96.055,96.29,96.29,96.38,96.195
13percent_probability_exceeding_3_total_cases,13,percent_probability_exceeding_3_total_cases,95.615,96.08,96.255,96.175,96.295,96.095,96.335,96.3,96.405,96.23
13percent_probability_exceeding_50_total_cases,13,percent_probability_exceeding_50_total_cases,,,96.21,96.16,96.24,96.055,96.29,96.29,96.38,96.195
13total_infected_mean,13,total_infected_mean,8.64435,21.16885,83.74385,209.6697,418.68485,627.2808,837.7613,1256.62205,2096.3023,4184.5188
13total_infected_median,13,total_infected_median,9,22,87,218,435,653,870,1305,2175,4350
13total_infected_q2.5,13,total_infected_q2.5,1,1,1,1,1,1,1,1,1,1
13total_infected_q97.5,13,total_infected_q97.5,9,22,87,218,435,653,870,1305,2175,4350
14percent_probability_exceeding_10_total_cases,14,percent_probability_exceeding_10_total_cases,,96.025,96.22,96.275,96.175,96.03,95.99,96.2,96.195,95.985
14percent_probability_exceeding_20_total_cases,14,percent_probability_exceeding_20_total_cases,,96.025,96.22,96.275,96.175,96.03,95.99,96.2,96.195,95.985
14percent_probability_exceeding_3_total_cases,14,percent_probability_exceeding_3_total_cases,95.615,96.08,96.25,96.32,96.215,96.05,96.03,96.245,96.24,96
14percent_probability_exceeding_50_total_cases,14,percent_probability_exceeding_50_total_cases,,,96.22,96.275,96.175,96.03,95.99,96.2,96.195,95.985
14total_infected_mean,14,total_infected_mean,8.64435,21.16885,82.79025,207.03205,413.5931,619.43545,825.55655,1241.0197,2068.23065,4127.39135
14total_infected_median,14,total_infected_median,9,22,86,215,430,645,860,1290,2150,4300
14total_infected_q2.5,14,total_infected_q2.5,1,1,1,1,1,1,1,1,1,1
14total_infected_q97.5,14,total_infected_q97.5,9,22,86,215,430,645,860,1290,2150,4300
14.3percent_probability_exceeding_10_total_cases,14.3,percent_probability_exceeding_10_total_cases,,96.025,96.22,96.275,96.08,96.325,96.25,96.325,96.25,95.96
14.3percent_probability_exceeding_20_total_cases,14.3,percent_probability_exceeding_20_total_cases,,96.025,96.22,96.275,96.08,96.325,96.25,96.325,96.25,95.96
14.3percent_probability_exceeding_3_total_cases,14.3,percent_probability_exceeding_3_total_cases,95.615,96.08,96.25,96.32,96.14,96.35,96.285,96.37,96.295,96.005
14.3percent_probability_exceeding_50_total_cases,14.3,percent_probability_exceeding_50_total_cases,,,96.22,96.275,96.08,96.325,96.25,96.325,96.25,95.96
14.3total_infected_mean,14.3,total_infected_mean,8.64435,21.16885,82.79025,207.03205,412.22595,619.40775,824.9023,1238.7774,2062.67475,4111.9238
14.3total_infected_median,14.3,total_infected_median,9,22,86,215,429,643,857,1286,2143,4285
14.3total_infected_q2.5,14.3,total_infected_q2.5,1,1,1,1,1,1,1,1,1,1
14.3total_infected_q97.5,14.3,total_infected_q97.5,9,22,86,215,429,643,857,1286,2143,4285
15percent_probability_exceeding_10_total_cases,15,percent_probability_exceeding_10_total_cases,,96.025,96.085,96.415,95.89,96.055,96.085,96.065,95.81,96.035
15percent_probability_exceeding_20_total_cases,15,percent_probability_exceeding_20_total_cases,,96.025,96.085,96.415,95.89,96.055,96.085,96.065,95.81,96.035
15percent_probability_exceeding_3_total_cases,15,percent_probability_exceeding_3_total_cases,95.615,96.08,96.14,96.44,95.905,96.095,96.13,96.12,95.845,96.06
15percent_probability_exceeding_50_total_cases,15,percent_probability_exceeding_50_total_cases,,,96.085,96.415,95.89,96.055,96.085,96.065,95.81,96.035
15total_infected_mean,15,total_infected_mean,8.64435,21.16885,81.7151,205.4029,407.5759,612.8727,816.76355,1224.8704,2036.00335,4081.5229
15total_infected_median,15,total_infected_median,9,22,85,213,425,638,850,1275,2125,4250
15total_infected_q2.5,15,total_infected_q2.5,1,1,1,1,1,1,1,1,1,1
15total_infected_q97.5,15,total_infected_q97.5,9,22,85,213,425,638,850,1275,2125,4250
16percent_probability_exceeding_10_total_cases,16,percent_probability_exceeding_10_total_cases,,95.615,95.88,95.9,96.11,95.965,96.045,95.805,95.865,96.325
16percent_probability_exceeding_20_total_cases,16,percent_probability_exceeding_20_total_cases,,95.615,95.88,95.9,96.11,95.965,96.045,95.805,95.865,96.325
16percent_probability_exceeding_3_total_cases,16,percent_probability_exceeding_3_total_cases,95.615,95.675,95.93,95.955,96.17,96.005,96.08,95.865,95.895,96.375
16percent_probability_exceeding_50_total_cases,16,percent_probability_exceeding_50_total_cases,,,95.88,95.9,96.11,95.965,96.045,95.805,95.865,96.325
16total_infected_mean,16,total_infected_mean,8.64435,20.1272,80.584,201.43495,403.70325,604.62245,806.81955,1207.1865,2013.20585,4045.68185
16total_infected_median,16,total_infected_median,9,21,84,210,420,630,840,1260,2100,4200
16total_infected_q2.5,16,total_infected_q2.5,1,1,1,1,1,1,1,1,1,1
16total_infected_q97.5,16,total_infected_q97.5,9,21,84,210,420,630,840,1260,2100,4200
17percent_probability_exceeding_10_total_cases,17,percent_probability_exceeding_10_total_cases,,95.615,95.845,96.135,95.835,95.795,96.175,95.915,95.885,96.185
17percent_probability_exceeding_20_total_cases,17,percent_probability_exceeding_20_total_cases,,95.615,95.845,96.135,95.835,95.795,96.175,95.915,95.885,96.185
17percent_probability_exceeding_3_total_cases,17,percent_probability_exceeding_3_total_cases,95.615,95.675,95.915,96.18,95.87,95.805,96.225,95.945,95.925,96.22
17percent_probability_exceeding_50_total_cases,17,percent_probability_exceeding_50_total_cases,,,95.845,96.135,95.835,95.795,96.175,95.915,95.885,96.185
17total_infected_mean,17,total_infected_mean,8.64435,20.1272,79.5972,200.00245,397.75975,596.84545,798.29205,1194.1831,1989.653,3991.7095
17total_infected_median,17,total_infected_median,9,21,83,208,415,623,830,1245,2075,4150
17total_infected_q2.5,17,total_infected_q2.5,1,1,1,1,1,1,1,1,1,1
17total_infected_q97.5,17,total_infected_q97.5,9,21,83,208,415,623,830,1245,2075,4150
18percent_probability_exceeding_10_total_cases,18,percent_probability_exceeding_10_total_cases,,95.615,95.735,95.935,95.89,95.78,96.12,95.97,95.925,96.08
18percent_probability_exceeding_20_total_cases,18,percent_probability_exceeding_20_total_cases,,95.615,95.735,95.935,95.89,95.78,96.12,95.97,95.925,96.08
18percent_probability_exceeding_3_total_cases,18,percent_probability_exceeding_3_total_cases,95.615,95.675,95.785,95.99,95.95,95.83,96.17,95.985,95.96,96.115
18percent_probability_exceeding_50_total_cases,18,percent_probability_exceeding_50_total_cases,,,95.735,95.935,95.89,95.78,96.12,95.97,95.925,96.08
18total_infected_mean,18,total_infected_mean,8.64435,20.1272,78.54905,196.7106,393.19405,589.0914,788.22365,1180.4705,1966.50195,3939.31215
18total_infected_median,18,total_infected_median,9,21,82,205,410,615,820,1230,2050,4100
18total_infected_q2.5,18,total_infected_q2.5,1,1,1,1,1,1,1,1,1,1
18total_infected_q97.5,18,total_infected_q97.5,9,21,82,205,410,615,820,1230,2050,4100
19percent_probability_exceeding_10_total_cases,19,percent_probability_exceeding_10_total_cases,,95.615,95.685,95.61,95.75,95.57,95.86,95.685,95.66,95.535
19percent_probability_exceeding_20_total_cases,19,percent_probability_exceeding_20_total_cases,,95.615,95.685,95.61,95.75,95.57,95.86,95.685,95.66,95.535
19percent_probability_exceeding_3_total_cases,19,percent_probability_exceeding_3_total_cases,95.615,95.675,95.74,95.645,95.795,95.625,95.91,95.705,95.695,95.57
19percent_probability_exceeding_50_total_cases,19,percent_probability_exceeding_50_total_cases,,,95.685,95.61,95.75,95.57,95.86,95.685,95.66,95.535
19total_infected_mean,19,total_infected_mean,8.64435,20.1272,77.5519,194.13495,387.83255,581.1124,776.50905,1162.61535,1937.15475,3869.20265
19total_infected_median,19,total_infected_median,9,21,81,203,405,608,810,1215,2025,4050
19total_infected_q2.5,19,total_infected_q2.5,1,1,1,1,1,1,1,1,1,1
19total_infected_q97.5,19,total_infected_q97.5,9,21,81,203,405,608,810,1215,2025,4050
20percent_probability_exceeding_10_total_cases,20,percent_probability_exceeding_10_total_cases,,95.265,95.535,95.855,95.57,95.745,95.89,95.71,95.62,95.705
20percent_probability_exceeding_20_total_cases,20,percent_probability_exceeding_20_total_cases,,95.105,95.535,95.855,95.57,95.745,95.89,95.71,95.62,95.705
20percent_probability_exceeding_3_total_cases,20,percent_probability_exceeding_3_total_cases,94.525,95.37,95.605,95.91,95.62,95.78,95.915,95.74,95.66,95.76
20percent_probability_exceeding_50_total_cases,20,percent_probability_exceeding_50_total_cases,,,95.535,95.855,95.57,95.745,95.89,95.71,95.62,95.705
20total_infected_mean,20,total_infected_mean,7.6024,19.10495,76.47705,191.75485,382.3271,574.5134,767.1617,1148.56265,1912.43975,3828.2335
20total_infected_median,20,total_infected_median,8,20,80,200,400,600,800,1200,2000,4000
20total_infected_q2.5,20,total_infected_q2.5,1,1,1,1,1,1,1,1,1,1
20total_infected_q97.5,20,total_infected_q97.5,8,20,80,200,400,600,800,1200,2000,4000
21percent_probability_exceeding_10_total_cases,21,percent_probability_exceeding_10_total_cases,,95.265,95.415,95.42,95.41,95.52,95.63,95.86,95.62,95.62
21percent_probability_exceeding_20_total_cases,21,percent_probability_exceeding_20_total_cases,,95.105,95.415,95.42,95.41,95.52,95.63,95.86,95.62,95.62
21percent_probability_exceeding_3_total_cases,21,percent_probability_exceeding_3_total_cases,94.525,95.37,95.47,95.48,95.48,95.56,95.695,95.885,95.68,95.65
21percent_probability_exceeding_50_total_cases,21,percent_probability_exceeding_50_total_cases,,,95.415,95.42,95.41,95.52,95.63,95.86,95.62,95.62
21total_infected_mean,21,total_infected_mean,7.6024,19.10495,75.4279,188.9806,376.91965,566.47935,755.52155,1135.9803,1888.53475,3777.0198
21total_infected_median,21,total_infected_median,8,20,79,198,395,593,790,1185,1975,3950
21total_infected_q2.5,21,total_infected_q2.5,1,1,1,1,1,1,1,1,1,1
21total_infected_q97.5,21,total_infected_q97.5,8,20,79,198,395,593,790,1185,1975,3950
22percent_probability_exceeding_10_total_cases,22,percent_probability_exceeding_10_total_cases,,95.265,95.405,95.38,95.19,95.625,95.55,95.42,95.505,95.42
22percent_probability_exceeding_20_total_cases,22,percent_probability_exceeding_20_total_cases,,95.105,95.405,95.38,95.19,95.625,95.55,95.42,95.505,95.42
22percent_probability_exceeding_3_total_cases,22,percent_probability_exceeding_3_total_cases,94.525,95.37,95.44,95.435,95.245,95.68,95.625,95.475,95.53,95.485
22percent_probability_exceeding_50_total_cases,22,percent_probability_exceeding_50_total_cases,,,95.405,95.38,95.19,95.625,95.55,95.42,95.505,95.42
22total_infected_mean,22,total_infected_mean,7.6024,19.10495,74.46525,186.0409,371.2914,559.4512,745.33485,1116.4576,1862.38575,3721.4096
22total_infected_median,22,total_infected_median,8,20,78,195,390,585,780,1170,1950,3900
22total_infected_q2.5,22,total_infected_q2.5,1,1,1,1,1,1,1,1,1,1
22total_infected_q97.5,22,total_infected_q97.5,8,20,78,195,390,585,780,1170,1950,3900
23percent_probability_exceeding_10_total_cases,23,percent_probability_exceeding_10_total_cases,,95.265,95.23,95.46,95.635,95.555,95.095,95.365,95.625,95.28
23percent_probability_exceeding_20_total_cases,23,percent_probability_exceeding_20_total_cases,,95.105,95.23,95.46,95.635,95.555,95.095,95.365,95.625,95.28
23percent_probability_exceeding_3_total_cases,23,percent_probability_exceeding_3_total_cases,94.525,95.37,95.265,95.5,95.69,95.585,95.14,95.41,95.665,95.33
23percent_probability_exceeding_50_total_cases,23,percent_probability_exceeding_50_total_cases,,,95.23,95.46,95.635,95.555,95.095,95.365,95.625,95.28
23total_infected_mean,23,total_infected_mean,7.6024,19.10495,73.37915,184.28625,368.24025,552.35205,732.28055,1101.50965,1840.8187,3668.30925
23total_infected_median,23,total_infected_median,8,20,77,193,385,578,770,1155,1925,3850
23total_infected_q2.5,23,total_infected_q2.5,1,1,1,1,1,1,1,1,1,1
23total_infected_q97.5,23,total_infected_q97.5,8,20,77,193,385,578,770,1155,1925,3850
24percent_probability_exceeding_10_total_cases,24,percent_probability_exceeding_10_total_cases,,94.75,95.195,94.825,95.295,95.36,95.335,95,95.535,94.995
24percent_probability_exceeding_20_total_cases,24,percent_probability_exceeding_20_total_cases,,,95.195,94.825,95.295,95.36,95.335,95,95.535,94.995
24percent_probability_exceeding_3_total_cases,24,percent_probability_exceeding_3_total_cases,94.525,94.84,95.27,94.895,95.32,95.41,95.37,95.055,95.58,95.03
24percent_probability_exceeding_50_total_cases,24,percent_probability_exceeding_50_total_cases,,,95.195,94.825,95.295,95.36,95.335,95,95.535,94.995
24total_infected_mean,24,total_infected_mean,7.6024,18.0591,72.4003,180.2228,362.16745,543.5993,724.59145,1083.0449,1815.2015,3609.8388
24total_infected_median,24,total_infected_median,8,19,76,190,380,570,760,1140,1900,3800
24total_infected_q2.5,24,total_infected_q2.5,1,1,1,1,1,1,1,1,1,1
24total_infected_q97.5,24,total_infected_q97.5,8,19,76,190,380,570,760,1140,1900,3800
25percent_probability_exceeding_10_total_cases,25,percent_probability_exceeding_10_total_cases,,94.75,95.215,95.23,95.12,95.215,95.2,95.02,95.025,95.135
25percent_probability_exceeding_20_total_cases,25,percent_probability_exceeding_20_total_cases,,,95.215,95.23,95.12,95.215,95.2,95.02,95.025,95.135
25percent_probability_exceeding_3_total_cases,25,percent_probability_exceeding_3_total_cases,94.525,94.84,95.27,95.285,95.2,95.285,95.235,95.075,95.095,95.22
25percent_probability_exceeding_50_total_cases,25,percent_probability_exceeding_50_total_cases,,,95.215,95.23,95.12,95.215,95.2,95.02,95.025,95.135
25total_infected_mean,25,total_infected_mean,7.6024,18.0591,71.46265,179.0833,356.75085,536.10865,714.0456,1069.02045,1781.758,3567.58495
25total_infected_median,25,total_infected_median,8,19,75,188,375,563,750,1125,1875,3750
25total_infected_q2.5,25,total_infected_q2.5,1,1,1,1,1,1,1,1,1,1
25total_infected_q97.5,25,total_infected_q97.5,8,19,75,188,375,563,750,1125,1875,3750
26percent_probability_exceeding_10_total_cases,26,percent_probability_exceeding_10_total_cases,,94.75,95.045,95.015,95.07,94.97,94.65,94.975,95.09,95.06
26percent_probability_exceeding_20_total_cases,26,percent_probability_exceeding_20_total_cases,,,95.045,95.015,95.07,94.97,94.65,94.975,95.09,95.06
26percent_probability_exceeding_3_total_cases,26,percent_probability_exceeding_3_total_cases,94.525,94.84,95.14,95.08,95.16,95.03,94.73,95.035,95.12,95.135
26percent_probability_exceeding_50_total_cases,26,percent_probability_exceeding_50_total_cases,,,95.045,95.015,95.07,94.97,94.65,94.975,95.09,95.06
26total_infected_mean,26,total_infected_mean,7.6024,18.0591,70.38605,175.83015,351.8099,527.13125,700.4607,1054.266,1759.1999,3517.23865
26total_infected_median,26,total_infected_median,8,19,74,185,370,555,740,1110,1850,3700
26total_infected_q2.5,26,total_infected_q2.5,1,1,1,1,1,1,1,1,1,1
26total_infected_q97.5,26,total_infected_q97.5,8,19,74,185,370,555,740,1110,1850,3700
27percent_probability_exceeding_10_total_cases,27,percent_probability_exceeding_10_total_cases,,94.75,94.815,94.905,94.875,95.135,94.685,95.025,94.905,94.98
27percent_probability_exceeding_20_total_cases,27,percent_probability_exceeding_20_total_cases,,,94.815,94.905,94.875,95.135,94.685,95.025,94.905,94.98
27percent_probability_exceeding_3_total_cases,27,percent_probability_exceeding_3_total_cases,94.525,94.84,94.93,94.96,94.935,95.185,94.71,95.075,94.965,95.05
27percent_probability_exceeding_50_total_cases,27,percent_probability_exceeding_50_total_cases,,,94.815,94.905,94.875,95.135,94.685,95.025,94.905,94.98
27total_infected_mean,27,total_infected_mean,7.6024,18.0591,69.2715,173.72935,346.34555,521.3857,691.24895,1040.5652,1732.05,3466.78515
27total_infected_median,27,total_infected_median,8,19,73,183,365,548,730,1095,1825,3650
27total_infected_q2.5,27,total_infected_q2.5,1,1,1,1,1,1,1,1,1,1
27total_infected_q97.5,27,total_infected_q97.5,8,19,73,183,365,548,730,1095,1825,3650
28percent_probability_exceeding_10_total_cases,28,percent_probability_exceeding_10_total_cases,,94.255,94.725,94.6,94.6,94.625,94.84,94.65,94.73,94.86
28percent_probability_exceeding_20_total_cases,28,percent_probability_exceeding_20_total_cases,,,94.725,94.6,94.6,94.625,94.84,94.65,94.73,94.86
28percent_probability_exceeding_3_total_cases,28,percent_probability_exceeding_3_total_cases,94.525,94.405,94.8,94.655,94.685,94.685,94.895,94.73,94.805,94.93
28percent_probability_exceeding_50_total_cases,28,percent_probability_exceeding_50_total_cases,,,94.725,94.6,94.6,94.625,94.84,94.65,94.73,94.86
28total_infected_mean,28,total_infected_mean,7.6024,17.0289,68.2581,170.33565,340.61395,511.0263,682.89265,1022.2636,1705.1759,3414.96755
28total_infected_median,28,total_infected_median,8,18,72,180,360,540,720,1080,1800,3600
28total_infected_q2.5,28,total_infected_q2.5,1,1,1,1,1,1,1,1,1,1
28total_infected_q97.5,28,total_infected_q97.5,8,18,72,180,360,540,720,1080,1800,3600
29percent_probability_exceeding_10_total_cases,29,percent_probability_exceeding_10_total_cases,,94.255,94.725,94.665,94.675,94.71,94.66,94.695,94.53,94.695
29percent_probability_exceeding_20_total_cases,29,percent_probability_exceeding_20_total_cases,,,94.725,94.665,94.675,94.71,94.66,94.695,94.53,94.695
29percent_probability_exceeding_3_total_cases,29,percent_probability_exceeding_3_total_cases,94.525,94.405,94.8,94.735,94.795,94.78,94.705,94.755,94.59,94.755
29percent_probability_exceeding_50_total_cases,29,percent_probability_exceeding_50_total_cases,,,94.725,94.665,94.675,94.71,94.66,94.695,94.53,94.695
29total_infected_mean,29,total_infected_mean,7.6024,17.0289,68.2581,168.55865,336.1498,504.85385,672.13145,1009.4891,1677.9404,3361.67205
29total_infected_median,29,total_infected_median,8,18,72,178,355,533,710,1066,1775,3550
29total_infected_q2.5,29,total_infected_q2.5,1,1,1,1,1,1,1,1,1,1
29total_infected_q97.5,29,total_infected_q97.5,8,18,72,178,355,533,710,1066,1775,3550
30percent_probability_exceeding_10_total_cases,30,percent_probability_exceeding_10_total_cases,,94.255,94.42,94.905,94.495,94.78,94.53,94.585,94.28,94.925
30percent_probability_exceeding_20_total_cases,30,percent_probability_exceeding_20_total_cases,,,94.42,94.905,94.495,94.775,94.53,94.585,94.28,94.925
30percent_probability_exceeding_3_total_cases,30,percent_probability_exceeding_3_total_cases,93.01,94.405,94.505,95.015,94.595,94.835,94.57,94.62,94.355,94.975
30percent_probability_exceeding_50_total_cases,30,percent_probability_exceeding_50_total_cases,,,94.42,94.905,94.495,94.775,94.53,94.585,94.28,94.925
30total_infected_mean,30,total_infected_mean,6.55965,17.0289,66.1545,166.13755,330.7861,497.616,661.7561,993.1817,1649.9301,3322.3658
30total_infected_median,30,total_infected_median,7,18,70,175,350,525,700,1050,1750,3500
30total_infected_q2.5,30,total_infected_q2.5,1,1,1,1,1,1,1,1,1,1
30total_infected_q97.5,30,total_infected_q97.5,7,18,70,175,350,525,700,1050,1750,3500
31percent_probability_exceeding_10_total_cases,31,percent_probability_exceeding_10_total_cases,,94.255,94.185,94.34,94.49,94.5,94.45,94.455,94.5,94.63
31percent_probability_exceeding_20_total_cases,31,percent_probability_exceeding_20_total_cases,,,94.185,94.34,94.49,94.5,94.45,94.455,94.5,94.63
31percent_probability_exceeding_3_total_cases,31,percent_probability_exceeding_3_total_cases,93.01,94.405,94.255,94.41,94.56,94.59,94.53,94.545,94.595,94.685
31percent_probability_exceeding_50_total_cases,31,percent_probability_exceeding_50_total_cases,,,94.185,94.34,94.49,94.5,94.45,94.455,94.5,94.63
31total_infected_mean,31,total_infected_mean,6.55965,17.0289,65.0493,163.26565,326.0426,489.55855,651.7496,977.64985,1630.1493,3264.72
31total_infected_median,31,total_infected_median,7,18,69,173,345,518,690,1035,1725,3450
31total_infected_q2.5,31,total_infected_q2.5,1,1,1,1,1,1,1,1,1,1
31total_infected_q97.5,31,total_infected_q97.5,7,18,69,173,345,518,690,1035,1725,3450
32percent_probability_exceeding_10_total_cases,32,percent_probability_exceeding_10_total_cases,,93.745,94.265,94.15,94.57,94.465,94.365,94.315,94.155,94.36
32percent_probability_exceeding_20_total_cases,32,percent_probability_exceeding_20_total_cases,,,94.265,94.15,94.57,94.465,94.365,94.315,94.155,94.36
32percent_probability_exceeding_3_total_cases,32,percent_probability_exceeding_3_total_cases,93.01,93.89,94.345,94.195,94.665,94.54,94.445,94.435,94.235,94.44
32percent_probability_exceeding_50_total_cases,32,percent_probability_exceeding_50_total_cases,,,94.265,94.15,94.57,94.465,94.365,94.315,94.155,94.36
32total_infected_mean,32,total_infected_mean,6.55965,16.00395,64.16025,160.11265,321.58735,481.81675,641.72705,962.05115,1600.6563,3208.21455
32total_infected_median,32,total_infected_median,7,17,68,170,340,510,680,1020,1700,3400
32total_infected_q2.5,32,total_infected_q2.5,1,1,1,1,1,1,1,1,1,1
32total_infected_q97.5,32,total_infected_q97.5,7,17,68,170,340,510,680,1020,1700,3400
33percent_probability_exceeding_10_total_cases,33,percent_probability_exceeding_10_total_cases,,93.745,93.91,94.325,94.345,94.045,94.015,94.39,94.56,94.16
33percent_probability_exceeding_20_total_cases,33,percent_probability_exceeding_20_total_cases,,,93.91,94.325,94.345,94.045,94.015,94.39,94.56,94.16
33percent_probability_exceeding_3_total_cases,33,percent_probability_exceeding_3_total_cases,93.01,93.89,94.005,94.395,94.435,94.125,94.12,94.455,94.655,94.255
33percent_probability_exceeding_50_total_cases,33,percent_probability_exceeding_50_total_cases,,,93.91,94.325,94.345,94.045,94.015,94.39,94.56,94.16
33total_infected_mean,33,total_infected_mean,6.55965,16.00395,62.98175,158.5213,316.10485,473.09555,629.9463,948.6505,1583.8893,3154.3239
33total_infected_median,33,total_infected_median,7,17,67,168,335,503,670,1005,1675,3350
33total_infected_q2.5,33,total_infected_q2.5,1,1,1,1,1,1,1,1,1,1
33total_infected_q97.5,33,total_infected_q97.5,7,17,67,168,335,503,670,1005,1675,3350
34percent_probability_exceeding_10_total_cases,34,percent_probability_exceeding_10_total_cases,,93.745,93.745,93.945,94.03,93.91,94.145,93.995,94.06,94.02
34percent_probability_exceeding_20_total_cases,34,percent_probability_exceeding_20_total_cases,,,93.745,93.945,94.03,93.91,94.145,93.995,94.06,94.02
34percent_probability_exceeding_3_total_cases,34,percent_probability_exceeding_3_total_cases,93.01,93.89,93.875,94.01,94.115,93.985,94.285,94.065,94.15,94.105
34percent_probability_exceeding_50_total_cases,34,percent_probability_exceeding_50_total_cases,,,93.745,93.945,94.03,93.91,94.145,93.995,94.06,94.02
34total_infected_mean,34,total_infected_mean,6.55965,16.00395,61.937,155.06745,310.35125,464.90405,621.39855,930.5802,1551.99395,3102.61545
34total_infected_median,34,total_infected_median,7,17,66,165,330,495,660,990,1650,3300
34total_infected_q2.5,34,total_infected_q2.5,1,1,1,1,1,1,1,1,1,1
34total_infected_q97.5,34,total_infected_q97.5,7,17,66,165,330,495,660,990,1650,3300
35percent_probability_exceeding_10_total_cases,35,percent_probability_exceeding_10_total_cases,,93.745,93.68,93.74,93.98,94.1,93.76,94.02,93.705,94.005
35percent_probability_exceeding_20_total_cases,35,percent_probability_exceeding_20_total_cases,,,93.68,93.74,93.98,94.1,93.76,94.02,93.705,94.005
35percent_probability_exceeding_3_total_cases,35,percent_probability_exceeding_3_total_cases,93.01,93.89,93.795,93.83,94.085,94.21,93.875,94.1,93.845,94.13
35percent_probability_exceeding_50_total_cases,35,percent_probability_exceeding_50_total_cases,,,93.68,93.74,93.98,94.1,93.76,94.02,93.705,94.005
35total_infected_mean,35,total_infected_mean,6.55965,16.00395,60.959,152.8567,305.48635,459.2535,609.48135,916.71885,1522.70885,3055.1006
35total_infected_median,35,total_infected_median,7,17,65,163,325,488,650,975,1625,3250
35total_infected_q2.5,35,total_infected_q2.5,1,1,1,1,1,1,1,1,1,1
35total_infected_q97.5,35,total_infected_q97.5,7,17,65,163,325,488,650,975,1625,3250
35.7percent_probability_exceeding_10_total_cases,35.7,percent_probability_exceeding_10_total_cases,,93.745,93.68,93.595,94.105,93.725,93.5,94.075,93.795,93.785
35.7percent_probability_exceeding_20_total_cases,35.7,percent_probability_exceeding_20_total_cases,,,93.68,93.595,94.105,93.725,93.5,94.075,93.795,93.785
35.7percent_probability_exceeding_3_total_cases,35.7,percent_probability_exceeding_3_total_cases,93.01,93.89,93.795,93.695,94.245,93.825,93.58,94.115,93.84,93.94
35.7percent_probability_exceeding_50_total_cases,35.7,percent_probability_exceeding_50_total_cases,,,93.68,93.595,94.105,93.725,93.5,94.075,93.795,93.785
35.7total_infected_mean,35.7,total_infected_mean,6.55965,16.00395,60.959,150.74935,303.06545,452.73615,601.24755,907.8412,1508.21655,3015.10765
35.7total_infected_median,35.7,total_infected_median,7,17,65,161,322,483,643,965,1608,3215
35.7total_infected_q2.5,35.7,total_infected_q2.5,1,1,1,1,1,1,1,1,1,1
35.7total_infected_q97.5,35.7,total_infected_q97.5,7,17,65,161,322,483,643,965,1608,3215
36percent_probability_exceeding_10_total_cases,36,percent_probability_exceeding_10_total_cases,,93.06,93.62,93.765,93.675,93.535,93.96,93.775,94.035,93.785
36percent_probability_exceeding_20_total_cases,36,percent_probability_exceeding_20_total_cases,,,93.62,93.765,93.675,93.535,93.96,93.775,94.035,93.785
36percent_probability_exceeding_3_total_cases,36,percent_probability_exceeding_3_total_cases,93.01,93.255,93.81,93.855,93.78,93.64,94.06,93.89,94.13,93.84
36percent_probability_exceeding_50_total_cases,36,percent_probability_exceeding_50_total_cases,,,93.62,93.765,93.675,93.535,93.96,93.775,94.035,93.785
36total_infected_mean,36,total_infected_mean,6.55965,14.96265,59.9844,150.0833,299.8133,449.01355,601.38,900.2615,1504.54765,3001.0372
36total_infected_median,36,total_infected_median,7,16,64,160,320,480,640,960,1600,3200
36total_infected_q2.5,36,total_infected_q2.5,1,1,1,1,1,1,1,1,1,1
36total_infected_q97.5,36,total_infected_q97.5,7,16,64,160,320,480,640,960,1600,3200
36.4percent_probability_exceeding_10_total_cases,36.4,percent_probability_exceeding_10_total_cases,,93.06,93.62,93.675,93.825,93.545,93.4,93.685,93.655,93.885
36.4percent_probability_exceeding_20_total_cases,36.4,percent_probability_exceeding_20_total_cases,,,93.62,93.675,93.825,93.545,93.4,93.685,93.655,93.885
36.4percent_probability_exceeding_3_total_cases,36.4,percent_probability_exceeding_3_total_cases,93.01,93.255,93.81,93.765,93.935,93.66,93.53,93.805,93.76,94.005
36.4percent_probability_exceeding_50_total_cases,36.4,percent_probability_exceeding_50_total_cases,,,93.62,93.675,93.825,93.545,93.4,93.685,93.655,93.885
36.4total_infected_mean,36.4,total_infected_mean,6.55965,14.96265,59.9844,149.00185,298.4135,446.25705,594.06345,893.77275,1489.10055,2985.45145
36.4total_infected_median,36.4,total_infected_median,7,16,64,159,318,477,636,954,1590,3180
36.4total_infected_q2.5,36.4,total_infected_q2.5,1,1,1,1,1,1,1,1,1,1
36.4total_infected_q97.5,36.4,total_infected_q97.5,7,16,64,159,318,477,636,954,1590,3180
37percent_probability_exceeding_10_total_cases,37,percent_probability_exceeding_10_total_cases,,93.06,93.365,93.555,93.73,93.765,93.87,93.37,93.755,93.825
37percent_probability_exceeding_20_total_cases,37,percent_probability_exceeding_20_total_cases,,,93.365,93.555,93.73,93.765,93.87,93.37,93.755,93.825
37percent_probability_exceeding_3_total_cases,37,percent_probability_exceeding_3_total_cases,93.01,93.255,93.49,93.615,93.855,93.895,93.95,93.48,93.88,93.92
37percent_probability_exceeding_50_total_cases,37,percent_probability_exceeding_50_total_cases,,,93.365,93.555,93.73,93.765,93.87,93.37,93.755,93.825
37total_infected_mean,37,total_infected_mean,6.55965,14.96265,58.88835,147.876,295.29955,443.54845,591.40795,882.36655,1476.61395,2955.3794
37total_infected_median,37,total_infected_median,7,16,63,158,315,473,630,945,1575,3150
37total_infected_q2.5,37,total_infected_q2.5,1,1,1,1,1,1,1,1,1,1
37total_infected_q97.5,37,total_infected_q97.5,7,16,63,158,315,473,630,945,1575,3150
38percent_probability_exceeding_10_total_cases,38,percent_probability_exceeding_10_total_cases,,93.06,93.265,93.41,93.465,93.61,93.505,93.485,93.495,93.315
38percent_probability_exceeding_20_total_cases,38,percent_probability_exceeding_20_total_cases,,,93.265,93.41,93.465,93.61,93.505,93.485,93.495,93.315
38percent_probability_exceeding_3_total_cases,38,percent_probability_exceeding_3_total_cases,93.01,93.255,93.335,93.58,93.565,93.765,93.615,93.63,93.615,93.46
38percent_probability_exceeding_50_total_cases,38,percent_probability_exceeding_50_total_cases,,,93.265,93.41,93.465,93.61,93.505,93.485,93.495,93.315
38total_infected_mean,38,total_infected_mean,6.55965,14.96265,57.8897,144.84585,289.79055,435.32525,579.7599,869.41725,1449.1427,2892.6505
38total_infected_median,38,total_infected_median,7,16,62,155,310,465,620,930,1550,3100
38total_infected_q2.5,38,total_infected_q2.5,1,1,1,1,1,1,1,1,1,1
38total_infected_q97.5,38,total_infected_q97.5,7,16,62,155,310,465,620,930,1550,3100
38.1percent_probability_exceeding_10_total_cases,38.1,percent_probability_exceeding_10_total_cases,,93.06,93.265,93.41,93.465,93.61,93.29,93.04,93.015,93.405
38.1percent_probability_exceeding_20_total_cases,38.1,percent_probability_exceeding_20_total_cases,,,93.265,93.41,93.465,93.61,93.29,93.04,93.015,93.405
38.1percent_probability_exceeding_3_total_cases,38.1,percent_probability_exceeding_3_total_cases,93.01,93.255,93.335,93.58,93.565,93.765,93.395,93.155,93.13,93.58
38.1percent_probability_exceeding_50_total_cases,38.1,percent_probability_exceeding_50_total_cases,,,93.265,93.41,93.465,93.61,93.29,93.04,93.015,93.405
38.1total_infected_mean,38.1,total_infected_mean,6.55965,14.96265,57.8897,144.84585,289.79055,435.32525,577.4976,864.35695,1439.8481,2890.7602
38.1total_infected_median,38.1,total_infected_median,7,16,62,155,310,465,619,929,1548,3095
38.1total_infected_q2.5,38.1,total_infected_q2.5,1,1,1,1,1,1,1,1,1,1
38.1total_infected_q97.5,38.1,total_infected_q97.5,7,16,62,155,310,465,619,929,1548,3095
38.5percent_probability_exceeding_10_total_cases,38.5,percent_probability_exceeding_10_total_cases,,93.06,93.265,93.165,93.29,93.325,93.36,93.5,93.23,93.22
38.5percent_probability_exceeding_20_total_cases,38.5,percent_probability_exceeding_20_total_cases,,,93.265,93.165,93.29,93.325,93.36,93.5,93.23,93.22
38.5percent_probability_exceeding_3_total_cases,38.5,percent_probability_exceeding_3_total_cases,93.01,93.255,93.335,93.325,93.42,93.455,93.45,93.605,93.33,93.365
38.5percent_probability_exceeding_50_total_cases,38.5,percent_probability_exceeding_50_total_cases,,,93.265,93.165,93.29,93.325,93.36,93.5,93.23,93.22
38.5total_infected_mean,38.5,total_infected_mean,6.55965,14.96265,57.8897,143.53705,287.38405,431.1985,574.1914,863.00975,1433.842,2866.36775
38.5total_infected_median,38.5,total_infected_median,7,16,62,154,308,462,615,923,1538,3075
38.5total_infected_q2.5,38.5,total_infected_q2.5,1,1,1,1,1,1,1,1,1,1
38.5total_infected_q97.5,38.5,total_infected_q97.5,7,16,62,154,308,462,615,923,1538,3075
39percent_probability_exceeding_10_total_cases,39,percent_probability_exceeding_10_total_cases,,93.06,92.955,93.24,93.385,93.185,93.44,93.54,93.6,93.065
39percent_probability_exceeding_20_total_cases,39,percent_probability_exceeding_20_total_cases,,,92.955,93.24,93.385,93.185,93.44,93.54,93.6,93.065
39percent_probability_exceeding_3_total_cases,39,percent_probability_exceeding_3_total_cases,93.01,93.255,93.135,93.35,93.53,93.325,93.54,93.65,93.725,93.2
39percent_probability_exceeding_50_total_cases,39,percent_probability_exceeding_50_total_cases,,,92.955,93.24,93.385,93.185,93.44,93.54,93.6,93.065
39total_infected_mean,39,total_infected_mean,6.55965,14.96265,56.77335,142.71655,284.872,426.8259,570.0071,855.8892,1427.3504,2838.3216
39total_infected_median,39,total_infected_median,7,16,61,153,305,458,610,915,1525,3050
39total_infected_q2.5,39,total_infected_q2.5,1,1,1,1,1,1,1,1,1,1
39total_infected_q97.5,39,total_infected_q97.5,7,16,61,153,305,458,610,915,1525,3050
40percent_probability_exceeding_10_total_cases,40,percent_probability_exceeding_10_total_cases,,92.085,92.56,92.78,93.035,92.945,93.46,92.85,93.035,92.83
40percent_probability_exceeding_20_total_cases,40,percent_probability_exceeding_20_total_cases,,,92.56,92.78,93.035,92.945,93.46,92.85,93.035,92.83
40percent_probability_exceeding_3_total_cases,40,percent_probability_exceeding_3_total_cases,90.495,92.375,92.705,92.91,93.115,93.055,93.615,92.98,93.155,92.955
40percent_probability_exceeding_50_total_cases,40,percent_probability_exceeding_50_total_cases,,,92.56,92.78,93.035,92.945,93.46,92.85,93.035,92.83
40total_infected_mean,40,total_infected_mean,5.49055,13.89645,55.60725,139.2319,279.152,418.2851,560.7752,835.6472,1395.4721,2784.70645
40total_infected_median,40,total_infected_median,6,15,60,150,300,450,600,900,1500,3000
40total_infected_q2.5,40,total_infected_q2.5,1,1,1,1,1,1,1,1,1,1
40total_infected_q97.5,40,total_infected_q97.5,6,15,60,150,300,450,600,900,1500,3000
41percent_probability_exceeding_10_total_cases,41,percent_probability_exceeding_10_total_cases,,92.085,92.805,92.63,93.045,92.88,92.99,92.96,92.6,93.035
41percent_probability_exceeding_20_total_cases,41,percent_probability_exceeding_20_total_cases,,,92.805,92.63,93.045,92.88,92.99,92.96,92.6,93.035
41percent_probability_exceeding_3_total_cases,41,percent_probability_exceeding_3_total_cases,90.495,92.375,92.955,92.785,93.21,93.045,93.125,93.085,92.735,93.19
41percent_probability_exceeding_50_total_cases,41,percent_probability_exceeding_50_total_cases,,,92.805,92.63,93.045,92.88,92.99,92.96,92.6,93.035
41total_infected_mean,41,total_infected_mean,5.49055,13.89645,54.8238,137.1547,274.52505,411.4898,548.65285,822.6761,1365.776,2744.29535
41total_infected_median,41,total_infected_median,6,15,59,148,295,443,590,885,1475,2950
41total_infected_q2.5,41,total_infected_q2.5,1,1,1,1,1,1,1,1,1,1
41total_infected_q97.5,41,total_infected_q97.5,6,15,59,148,295,443,590,885,1475,2950
42percent_probability_exceeding_10_total_cases,42,percent_probability_exceeding_10_total_cases,,92.085,92.42,92.73,92.08,92.34,92.88,92.725,92.535,92.695
42percent_probability_exceeding_20_total_cases,42,percent_probability_exceeding_20_total_cases,,,92.42,92.73,92.08,92.34,92.88,92.725,92.535,92.695
42percent_probability_exceeding_3_total_cases,42,percent_probability_exceeding_3_total_cases,90.495,92.375,92.565,92.88,92.275,92.48,93,92.865,92.71,92.82
42percent_probability_exceeding_50_total_cases,42,percent_probability_exceeding_50_total_cases,,,92.42,92.73,92.08,92.34,92.88,92.725,92.535,92.695
42total_infected_mean,42,total_infected_mean,5.49055,13.89645,53.67475,134.51745,267.08075,401.7051,538.7064,806.68,1341.6578,2687.87925
42total_infected_median,42,total_infected_median,6,15,58,145,290,435,580,870,1450,2900
42total_infected_q2.5,42,total_infected_q2.5,1,1,1,1,1,1,1,1,1,1
42total_infected_q97.5,42,total_infected_q97.5,6,15,58,145,290,435,580,870,1450,2900
42.9percent_probability_exceeding_10_total_cases,42.9,percent_probability_exceeding_10_total_cases,,92.085,92.42,92.455,92.435,92.68,92.635,92.15,92.675,92.855
42.9percent_probability_exceeding_20_total_cases,42.9,percent_probability_exceeding_20_total_cases,,,92.42,92.455,92.435,92.68,92.635,92.15,92.675,92.855
42.9percent_probability_exceeding_3_total_cases,42.9,percent_probability_exceeding_3_total_cases,90.495,92.375,92.565,92.62,92.575,92.86,92.74,92.275,92.785,93.025
42.9percent_probability_exceeding_50_total_cases,42.9,percent_probability_exceeding_50_total_cases,,,92.42,92.455,92.435,92.68,92.635,92.15,92.675,92.855
42.9total_infected_mean,42.9,total_infected_mean,5.49055,13.89645,53.67475,132.2729,264.40105,397.61065,528.9411,789.69065,1323.27575,2650.6872
42.9total_infected_median,42.9,total_infected_median,6,15,58,143,286,429,571,857,1428,2855
42.9total_infected_q2.5,42.9,total_infected_q2.5,1,1,1,1,1,1,1,1,1,1
42.9total_infected_q97.5,42.9,total_infected_q97.5,6,15,58,143,286,429,571,857,1428,2855
43percent_probability_exceeding_10_total_cases,43,percent_probability_exceeding_10_total_cases,,92.085,92.045,92.455,92.57,92.38,92.07,92.36,92.64,92.465
43percent_probability_exceeding_20_total_cases,43,percent_probability_exceeding_20_total_cases,,,92.045,92.455,92.57,92.38,92.07,92.36,92.64,92.465
43percent_probability_exceeding_3_total_cases,43,percent_probability_exceeding_3_total_cases,90.495,92.375,92.255,92.62,92.73,92.515,92.225,92.495,92.795,92.615
43percent_probability_exceeding_50_total_cases,43,percent_probability_exceeding_50_total_cases,,,92.045,92.455,92.57,92.38,92.07,92.36,92.64,92.465
43total_infected_mean,43,total_infected_mean,5.49055,13.89645,52.5422,132.2729,263.86155,395.4053,524.8022,789.63565,1319.9951,2634.92585
43total_infected_median,43,total_infected_median,6,15,57,143,285,428,570,855,1425,2850
43total_infected_q2.5,43,total_infected_q2.5,1,1,1,1,1,1,1,1,1,1
43total_infected_q97.5,43,total_infected_q97.5,6,15,57,143,285,428,570,855,1425,2850
44percent_probability_exceeding_10_total_cases,44,percent_probability_exceeding_10_total_cases,,91.1,91.78,92.2,92.365,92.25,92.09,92.48,92.315,92.35
44percent_probability_exceeding_20_total_cases,44,percent_probability_exceeding_20_total_cases,,,91.78,92.195,92.365,92.25,92.09,92.48,92.315,92.35
44percent_probability_exceeding_3_total_cases,44,percent_probability_exceeding_3_total_cases,90.495,91.445,91.99,92.395,92.56,92.45,92.265,92.615,92.45,92.545
44percent_probability_exceeding_50_total_cases,44,percent_probability_exceeding_50_total_cases,,,91.78,92.195,92.365,92.25,92.09,92.48,92.315,92.35
44total_infected_mean,44,total_infected_mean,5.49055,12.845,51.47205,129.1337,258.65245,387.45985,515.6933,776.76705,1292.25435,2585.4206
44total_infected_median,44,total_infected_median,6,14,56,140,280,420,560,840,1400,2800
44total_infected_q2.5,44,total_infected_q2.5,1,1,1,1,1,1,1,1,1,1
44total_infected_q97.5,44,total_infected_q97.5,6,14,56,140,280,420,560,840,1400,2800
44.4percent_probability_exceeding_10_total_cases,44.4,percent_probability_exceeding_10_total_cases,,91.1,91.78,92.095,92.495,91.78,91.92,92.175,92.2,92.265
44.4percent_probability_exceeding_20_total_cases,44.4,percent_probability_exceeding_20_total_cases,,,91.78,92.095,92.495,91.78,91.92,92.175,92.2,92.265
44.4percent_probability_exceeding_3_total_cases,44.4,percent_probability_exceeding_3_total_cases,90.495,91.445,91.99,92.255,92.635,91.925,92.135,92.39,92.335,92.425
44.4percent_probability_exceeding_50_total_cases,44.4,percent_probability_exceeding_50_total_cases,,,91.78,92.095,92.495,91.78,91.92,92.175,92.2,92.265
44.4total_infected_mean,44.4,total_infected_mean,5.49055,12.845,51.47205,128.0704,257.16405,382.734,511.05995,768.67385,1281.41855,2564.55565
44.4total_infected_median,44.4,total_infected_median,6,14,56,139,278,417,556,834,1390,2780
44.4total_infected_q2.5,44.4,total_infected_q2.5,1,1,1,1,1,1,1,1,1,1
44.4total_infected_q97.5,44.4,total_infected_q97.5,6,14,56,139,278,417,556,834,1390,2780
45percent_probability_exceeding_10_total_cases,45,percent_probability_exceeding_10_total_cases,,91.1,91.905,92.095,91.845,92.1,91.995,92.18,92.305,92.27
45percent_probability_exceeding_20_total_cases,45,percent_probability_exceeding_20_total_cases,,,91.905,92.095,91.845,92.1,91.995,92.18,92.305,92.27
45percent_probability_exceeding_3_total_cases,45,percent_probability_exceeding_3_total_cases,90.495,91.445,92.095,92.24,92.015,92.295,92.19,92.34,92.465,92.41
45percent_probability_exceeding_50_total_cases,45,percent_probability_exceeding_50_total_cases,,,91.905,92.095,91.845,92.1,91.995,92.18,92.305,92.27
45total_infected_mean,45,total_infected_mean,5.49055,12.845,50.61915,127.1443,252.60315,380.37275,505.94685,760.4027,1269.00205,2536.96805
45total_infected_median,45,total_infected_median,6,14,55,138,275,413,550,825,1375,2750
45total_infected_q2.5,45,total_infected_q2.5,1,1,1,1,1,1,1,1,1,1
45total_infected_q97.5,45,total_infected_q97.5,6,14,55,138,275,413,550,825,1375,2750
45.4percent_probability_exceeding_10_total_cases,45.4,percent_probability_exceeding_10_total_cases,,91.1,91.905,92.13,91.805,91.88,92.3,92.08,92.155,91.945
45.4percent_probability_exceeding_20_total_cases,45.4,percent_probability_exceeding_20_total_cases,,,91.905,92.13,91.805,91.88,92.3,92.08,92.155,91.945
45.4percent_probability_exceeding_3_total_cases,45.4,percent_probability_exceeding_3_total_cases,90.495,91.445,92.095,92.31,92.015,92.03,92.54,92.245,92.325,92.165
45.4percent_probability_exceeding_50_total_cases,45.4,percent_probability_exceeding_50_total_cases,,,91.905,92.13,91.805,91.88,92.3,92.08,92.155,91.945
45.4total_infected_mean,45.4,total_infected_mean,5.49055,12.845,50.61915,126.2729,250.6567,376.70145,503.93,754.04575,1257.71175,2509.61535
45.4total_infected_median,45.4,total_infected_median,6,14,55,137,273,410,546,819,1365,2729
45.4total_infected_q2.5,45.4,total_infected_q2.5,1,1,1,1,1,1,1,1,1,1
45.4total_infected_q97.5,45.4,total_infected_q97.5,6,14,55,137,273,410,546,819,1365,2730
46percent_probability_exceeding_10_total_cases,46,percent_probability_exceeding_10_total_cases,,91.1,91.45,91.51,91.84,91.735,91.885,92.01,91.8,92.01
46percent_probability_exceeding_20_total_cases,46,percent_probability_exceeding_20_total_cases,,,91.45,91.51,91.84,91.735,91.885,92.01,91.8,92.01
46percent_probability_exceeding_3_total_cases,46,percent_probability_exceeding_3_total_cases,90.495,91.445,91.73,91.715,92.01,91.91,92.05,92.17,91.95,92.185
46percent_probability_exceeding_50_total_cases,46,percent_probability_exceeding_50_total_cases,,,91.45,91.51,91.84,91.735,91.885,92.01,91.8,92.01
46total_infected_mean,46,total_infected_mean,5.49055,12.845,49.4592,123.59535,247.9887,371.51775,496.1391,745.1786,1239.07225,2483.74445
46total_infected_median,46,total_infected_median,6,14,54,135,270,405,540,810,1350,2699
46total_infected_q2.5,46,total_infected_q2.5,1,1,1,1,1,1,1,1,1,1
46total_infected_q97.5,46,total_infected_q97.5,6,14,54,135,270,405,540,810,1350,2700
46.2percent_probability_exceeding_10_total_cases,46.2,percent_probability_exceeding_10_total_cases,,91.1,91.45,91.51,92.155,91.42,91.895,92.225,91.8,91.645
46.2percent_probability_exceeding_20_total_cases,46.2,percent_probability_exceeding_20_total_cases,,,91.45,91.51,92.155,91.42,91.895,92.225,91.8,91.645
46.2percent_probability_exceeding_3_total_cases,46.2,percent_probability_exceeding_3_total_cases,90.495,91.445,91.73,91.715,92.325,91.585,92.03,92.375,91.955,91.835
46.2percent_probability_exceeding_50_total_cases,46.2,percent_probability_exceeding_50_total_cases,,,91.45,91.51,92.155,91.42,91.895,92.225,91.8,91.645
46.2total_infected_mean,46.2,total_infected_mean,5.49055,12.845,49.4592,123.59535,247.91365,369.3301,494.35075,744.14385,1234.47935,2464.69575
46.2total_infected_median,46.2,total_infected_median,6,14,54,135,269,404,538,807,1345,2689
46.2total_infected_q2.5,46.2,total_infected_q2.5,1,1,1,1,1,1,1,1,1,1
46.2total_infected_q97.5,46.2,total_infected_q97.5,6,14,54,135,269,404,538,807,1345,2690
47percent_probability_exceeding_10_total_cases,47,percent_probability_exceeding_10_total_cases,,91.1,91.635,91.575,91.615,91.78,91.71,91.765,92.09,91.445
47percent_probability_exceeding_20_total_cases,47,percent_probability_exceeding_20_total_cases,,,91.63,91.575,91.615,91.78,91.71,91.765,92.09,91.445
47percent_probability_exceeding_3_total_cases,47,percent_probability_exceeding_3_total_cases,90.495,91.445,91.895,91.795,91.83,91.98,91.875,91.955,92.26,91.615
47percent_probability_exceeding_50_total_cases,47,percent_probability_exceeding_50_total_cases,,,91.63,91.575,91.615,91.78,91.71,91.765,92.09,91.445
47total_infected_mean,47,total_infected_mean,5.49055,12.845,48.63455,121.84445,242.7935,365.2619,485.99945,729.39925,1219.9139,2422.67605
47total_infected_median,47,total_infected_median,6,14,53,133,265,398,530,795,1325,2649
47total_infected_q2.5,47,total_infected_q2.5,1,1,1,1,1,1,1,1,1,1
47total_infected_q97.5,47,total_infected_q97.5,6,14,53,133,265,398,530,795,1325,2650
47.6percent_probability_exceeding_10_total_cases,47.6,percent_probability_exceeding_10_total_cases,,91.1,91.635,91.66,91.61,91.58,91.645,91.725,91.5,91.455
47.6percent_probability_exceeding_20_total_cases,47.6,percent_probability_exceeding_20_total_cases,,,91.63,91.66,91.61,91.58,91.645,91.725,91.5,91.455
47.6percent_probability_exceeding_3_total_cases,47.6,percent_probability_exceeding_3_total_cases,90.495,91.445,91.895,91.86,91.845,91.8,91.8,91.915,91.71,91.66
47.6percent_probability_exceeding_50_total_cases,47.6,percent_probability_exceeding_50_total_cases,,,91.63,91.66,91.61,91.58,91.645,91.725,91.5,91.455
47.6total_infected_mean,47.6,total_infected_mean,5.49055,12.845,48.63455,120.12205,240.0232,359.8792,480.14765,720.81165,1198.3616,2395.43925
47.6total_infected_median,47.6,total_infected_median,6,14,53,131,262,393,524,786,1310,2619
47.6total_infected_q2.5,47.6,total_infected_q2.5,1,1,1,1,1,1,1,1,1,1
47.6total_infected_q97.5,47.6,total_infected_q97.5,6,14,53,131,262,393,524,786,1310,2620
48percent_probability_exceeding_10_total_cases,48,percent_probability_exceeding_10_total_cases,,89.835,91.265,91.33,91.06,91.675,91.55,91.44,91.62,91.215
48percent_probability_exceeding_20_total_cases,48,percent_probability_exceeding_20_total_cases,,,91.265,91.33,91.06,91.675,91.55,91.44,91.62,91.215
48percent_probability_exceeding_3_total_cases,48,percent_probability_exceeding_3_total_cases,90.495,90.485,91.52,91.54,91.305,91.875,91.69,91.64,91.795,91.435
48percent_probability_exceeding_50_total_cases,48,percent_probability_exceeding_50_total_cases,,,91.26,91.33,91.06,91.675,91.55,91.44,91.62,91.215
48total_infected_mean,48,total_infected_mean,5.49055,11.78585,47.52635,118.77105,236.7633,357.49245,475.9803,713.07515,1190.7405,2370.8759
48total_infected_median,48,total_infected_median,6,13,52,130,260,390,520,780,1300,2599
48total_infected_q2.5,48,total_infected_q2.5,1,1,1,1,1,1,1,1,1,1
48total_infected_q97.5,48,total_infected_q97.5,6,13,52,130,260,390,520,780,1300,2600
49percent_probability_exceeding_10_total_cases,49,percent_probability_exceeding_10_total_cases,,89.835,91.225,91.42,91.375,91.23,91.2,91.24,91.485,91.44
49percent_probability_exceeding_20_total_cases,49,percent_probability_exceeding_20_total_cases,,,91.225,91.415,91.375,91.23,91.2,91.24,91.485,91.44
49percent_probability_exceeding_3_total_cases,49,percent_probability_exceeding_3_total_cases,90.495,90.485,91.475,91.7,91.565,91.465,91.45,91.44,91.655,91.64
49percent_probability_exceeding_50_total_cases,49,percent_probability_exceeding_50_total_cases,,,91.025,91.415,91.375,91.23,91.2,91.24,91.485,91.44
49total_infected_mean,49,total_infected_mean,5.49055,11.78585,46.5889,117.05055,232.9974,349.3603,465.0167,697.7967,1166.0561,2330.88665
49total_infected_median,49,total_infected_median,6,13,51,128,255,383,510,765,1275,2549
49total_infected_q2.5,49,total_infected_q2.5,1,1,1,1,1,1,1,1,1,1
49total_infected_q97.5,49,total_infected_q97.5,6,13,51,128,255,383,510,765,1275,2550
50percent_probability_exceeding_10_total_cases,50,percent_probability_exceeding_10_total_cases,,89.835,90.445,90.74,90.78,90.495,90.93,90.61,91.2,91.24
50percent_probability_exceeding_20_total_cases,50,percent_probability_exceeding_20_total_cases,,,90.445,90.74,90.78,90.495,90.93,90.61,91.2,91.24
50percent_probability_exceeding_3_total_cases,50,percent_probability_exceeding_3_total_cases,87.435,90.485,90.69,90.98,91.02,90.775,91.125,90.8,91.415,91.435
50percent_probability_exceeding_50_total_cases,50,percent_probability_exceeding_50_total_cases,,,86.67,90.74,90.78,90.495,90.93,90.61,91.2,91.24
50total_infected_mean,50,total_infected_mean,4.45675,11.78585,45.29465,113.4606,226.93115,339.29895,454.5316,679.34405,1139.5565,2280.02125
50total_infected_median,50,total_infected_median,5,13,50,125,250,375,500,750,1250,2499
50total_infected_q2.5,50,total_infected_q2.5,1,1,1,1,1,1,1,1,1,1
50total_infected_q97.5,50,total_infected_q97.5,5,13,50,125,250,375,500,750,1250,2500
50.9percent_probability_exceeding_10_total_cases,50.9,percent_probability_exceeding_10_total_cases,,89.835,90.445,90.775,90.495,90.58,90.81,90.83,90.705,90.77
50.9percent_probability_exceeding_20_total_cases,50.9,percent_probability_exceeding_20_total_cases,,,90.445,90.775,90.495,90.58,90.81,90.83,90.705,90.77
50.9percent_probability_exceeding_3_total_cases,50.9,percent_probability_exceeding_3_total_cases,87.435,90.485,90.69,90.995,90.72,90.85,90.995,91.12,90.965,90.96
50.9percent_probability_exceeding_50_total_cases,50.9,percent_probability_exceeding_50_total_cases,,,86.67,90.775,90.495,90.58,90.81,90.83,90.705,90.77
50.9total_infected_mean,50.9,total_infected_mean,4.45675,11.78585,45.29465,111.6827,222.59445,334.15695,445.7261,669.15285,1113.35,2227.28665
50.9total_infected_median,50.9,total_infected_median,5,13,50,123,246,369,491,737,1227,2454
50.9total_infected_q2.5,50.9,total_infected_q2.5,1,1,1,1,1,1,1,1,1,1
50.9total_infected_q97.5,50.9,total_infected_q97.5,5,13,50,123,246,369,491,737,1228,2455
51percent_probability_exceeding_10_total_cases,51,percent_probability_exceeding_10_total_cases,,89.835,90.425,90.775,90.69,90.66,91.215,90.225,90.955,90.87
51percent_probability_exceeding_20_total_cases,51,percent_probability_exceeding_20_total_cases,,,90.425,90.775,90.69,90.66,91.215,90.225,90.955,90.87
51percent_probability_exceeding_3_total_cases,51,percent_probability_exceeding_3_total_cases,87.435,90.485,90.755,90.995,90.96,90.87,91.405,90.505,91.175,91.09
51percent_probability_exceeding_50_total_cases,51,percent_probability_exceeding_50_total_cases,,,,90.775,90.69,90.66,91.215,90.225,90.955,90.87
51total_infected_mean,51,total_infected_mean,4.45675,11.78585,44.3765,111.6827,222.1603,333.5329,446.79365,662.8856,1113.6843,2225.16605
51total_infected_median,51,total_infected_median,5,13,49,123,245,368,490,735,1224,2449
51total_infected_q2.5,51,total_infected_q2.5,1,1,1,1,1,1,1,1,1,1
51total_infected_q97.5,51,total_infected_q97.5,5,13,49,123,245,368,490,735,1225,2450
51.4percent_probability_exceeding_10_total_cases,51.4,percent_probability_exceeding_10_total_cases,,89.835,90.425,90.245,90.655,90.605,90.305,90.61,90.585,90.885
51.4percent_probability_exceeding_20_total_cases,51.4,percent_probability_exceeding_20_total_cases,,,90.425,90.245,90.655,90.605,90.305,90.61,90.585,90.885
51.4percent_probability_exceeding_3_total_cases,51.4,percent_probability_exceeding_3_total_cases,87.435,90.485,90.755,90.545,90.94,90.875,90.57,90.845,90.89,91.11
51.4percent_probability_exceeding_50_total_cases,51.4,percent_probability_exceeding_50_total_cases,,,,90.245,90.655,90.605,90.305,90.61,90.585,90.885
51.4total_infected_mean,51.4,total_infected_mean,4.45675,11.78585,44.3765,110.133,220.25365,330.6046,438.72055,660.2565,1100.0652,2207.311
51.4total_infected_median,51.4,total_infected_median,5,13,49,122,243,365,486,729,1214,2429
51.4total_infected_q2.5,51.4,total_infected_q2.5,1,1,1,1,1,1,1,1,1,1
51.4total_infected_q97.5,51.4,total_infected_q97.5,5,13,49,122,243,365,486,729,1215,2430
52percent_probability_exceeding_10_total_cases,52,percent_probability_exceeding_10_total_cases,,88.08,89.965,90.285,90,90.27,90.385,90.915,90.2,90.35
52percent_probability_exceeding_20_total_cases,52,percent_probability_exceeding_20_total_cases,,,89.965,90.285,90,90.27,90.385,90.915,90.2,90.35
52percent_probability_exceeding_3_total_cases,52,percent_probability_exceeding_3_total_cases,87.435,89.09,90.26,90.595,90.225,90.52,90.595,91.145,90.44,90.605
52percent_probability_exceeding_50_total_cases,52,percent_probability_exceeding_50_total_cases,,,,90.285,90,90.27,90.385,90.915,90.2,90.35
52total_infected_mean,52,total_infected_mean,4.45675,10.70605,43.2499,108.3628,215.95265,324.84835,433.66495,654.25215,1081.7955,2167.1017
52total_infected_median,52,total_infected_median,5,12,48,120,240,360,480,720,1199,2398
52total_infected_q2.5,52,total_infected_q2.5,1,1,1,1,1,1,1,1,1,1
52total_infected_q97.5,52,total_infected_q97.5,5,12,48,120,240,360,480,720,1200,2400
52.2percent_probability_exceeding_10_total_cases,52.2,percent_probability_exceeding_10_total_cases,,88.08,89.965,90.285,90.64,90.2,90.405,90.205,90.565,90.545
52.2percent_probability_exceeding_20_total_cases,52.2,percent_probability_exceeding_20_total_cases,,,89.965,90.285,90.64,90.2,90.405,90.205,90.565,90.545
52.2percent_probability_exceeding_3_total_cases,52.2,percent_probability_exceeding_3_total_cases,87.435,89.09,90.26,90.595,90.86,90.485,90.62,90.495,90.845,90.76
52.2percent_probability_exceeding_50_total_cases,52.2,percent_probability_exceeding_50_total_cases,,,,90.285,90.64,90.2,90.405,90.205,90.565,90.545
52.2total_infected_mean,52.2,total_infected_mean,4.45675,10.70605,43.2499,108.3628,216.5756,323.70065,431.94065,646.44885,1081.6291,2162.6829
52.2total_infected_median,52.2,total_infected_median,5,12,48,120,239,359,478,717,1194,2388
52.2total_infected_q2.5,52.2,total_infected_q2.5,1,1,1,1,1,1,1,1,1,1
52.2total_infected_q97.5,52.2,total_infected_q97.5,5,12,48,120,239,359,478,717,1195,2390
52.4percent_probability_exceeding_10_total_cases,52.4,percent_probability_exceeding_10_total_cases,,88.08,89.965,90.1,90.19,90.485,89.985,89.875,89.95,90.27
52.4percent_probability_exceeding_20_total_cases,52.4,percent_probability_exceeding_20_total_cases,,,89.965,90.1,90.19,90.485,89.985,89.875,89.95,90.27
52.4percent_probability_exceeding_3_total_cases,52.4,percent_probability_exceeding_3_total_cases,87.435,89.09,90.26,90.415,90.515,90.68,90.335,90.195,90.15,90.515
52.4percent_probability_exceeding_50_total_cases,52.4,percent_probability_exceeding_50_total_cases,,,,90.1,90.19,90.485,89.985,89.875,89.95,90.27
52.4total_infected_mean,52.4,total_infected_mean,4.45675,10.70605,43.2499,107.24165,214.59925,322.90275,428.1362,641.3667,1069.77355,2147.04455
52.4total_infected_median,52.4,total_infected_median,5,12,48,119,238,357,476,714,1189,2378
52.4total_infected_q2.5,52.4,total_infected_q2.5,1,1,1,1,1,1,1,1,1,1
52.4total_infected_q97.5,52.4,total_infected_q97.5,5,12,48,119,238,357,476,714,1190,2380
52.5percent_probability_exceeding_10_total_cases,52.5,percent_probability_exceeding_10_total_cases,,88.08,89.965,90.1,90.19,90.485,90.425,90.105,90.54,90.26
52.5percent_probability_exceeding_20_total_cases,52.5,percent_probability_exceeding_20_total_cases,,,89.965,90.1,90.19,90.485,90.425,90.105,90.54,90.26
52.5percent_probability_exceeding_3_total_cases,52.5,percent_probability_exceeding_3_total_cases,87.435,89.09,90.26,90.415,90.515,90.68,90.71,90.325,90.72,90.515
52.5percent_probability_exceeding_50_total_cases,52.5,percent_probability_exceeding_50_total_cases,,,,90.1,90.19,90.485,90.425,90.105,90.54,90.26
52.5total_infected_mean,52.5,total_infected_mean,4.45675,10.70605,43.2499,107.24165,214.59925,322.90275,429.3078,642.0988,1074.9555,2142.28205
52.5total_infected_median,52.5,total_infected_median,5,12,48,119,238,357,475,713,1187,2373
52.5total_infected_q2.5,52.5,total_infected_q2.5,1,1,1,1,1,1,1,1,1,1
52.5total_infected_q97.5,52.5,total_infected_q97.5,5,12,48,119,238,357,475,713,1188,2375
52.6percent_probability_exceeding_10_total_cases,52.6,percent_probability_exceeding_10_total_cases,,88.08,89.965,90.1,90.365,90.04,90.235,90.095,90.885,90.35
52.6percent_probability_exceeding_20_total_cases,52.6,percent_probability_exceeding_20_total_cases,,,89.965,90.1,90.365,90.04,90.235,90.095,90.885,90.35
52.6percent_probability_exceeding_3_total_cases,52.6,percent_probability_exceeding_3_total_cases,87.435,89.09,90.26,90.415,90.63,90.325,90.515,90.405,91.155,90.645
52.6percent_probability_exceeding_50_total_cases,52.6,percent_probability_exceeding_50_total_cases,,,,90.1,90.365,90.04,90.235,90.095,90.885,90.35
52.6total_infected_mean,52.6,total_infected_mean,4.45675,10.70605,43.2499,107.24165,214.10125,320.41155,427.5061,640.22205,1076.3191,2139.87765
52.6total_infected_median,52.6,total_infected_median,5,12,48,119,237,356,474,711,1184,2368
52.6total_infected_q2.5,52.6,total_infected_q2.5,1,1,1,1,1,1,1,1,1,1
52.6total_infected_q97.5,52.6,total_infected_q97.5,5,12,48,119,237,356,474,711,1185,2370
53percent_probability_exceeding_10_total_cases,53,percent_probability_exceeding_10_total_cases,,88.08,89.865,89.945,90.385,90.125,90.065,90.085,90.455,90.05
53percent_probability_exceeding_20_total_cases,53,percent_probability_exceeding_20_total_cases,,,89.865,89.945,90.385,90.125,90.065,90.085,90.455,90.05
53percent_probability_exceeding_3_total_cases,53,percent_probability_exceeding_3_total_cases,87.435,89.09,90.175,90.23,90.64,90.35,90.295,90.38,90.645,90.29
53percent_probability_exceeding_50_total_cases,53,percent_probability_exceeding_50_total_cases,,,,89.945,90.385,90.125,90.065,90.085,90.455,90.05
53total_infected_mean,53,total_infected_mean,4.45675,10.70605,42.29625,106.1444,212.33745,317.9992,423.0827,634.72595,1062.1368,2114.6942
53total_infected_median,53,total_infected_median,5,12,47,118,235,353,470,705,1174,2348
53total_infected_q2.5,53,total_infected_q2.5,1,1,1,1,1,1,1,1,1,1
53total_infected_q97.5,53,total_infected_q97.5,5,12,47,118,235,353,470,705,1175,2350
53.3percent_probability_exceeding_10_total_cases,53.3,percent_probability_exceeding_10_total_cases,,88.08,89.865,89.685,90.215,89.59,89.705,89.94,90.145,90.025
53.3percent_probability_exceeding_20_total_cases,53.3,percent_probability_exceeding_20_total_cases,,,89.865,89.685,90.215,89.59,89.705,89.94,90.145,90.025
53.3percent_probability_exceeding_3_total_cases,53.3,percent_probability_exceeding_3_total_cases,87.435,89.09,90.175,90.03,90.505,89.85,89.99,90.305,90.395,90.27
53.3percent_probability_exceeding_50_total_cases,53.3,percent_probability_exceeding_50_total_cases,,,,89.685,90.215,89.59,89.705,89.94,90.145,90.025
53.3total_infected_mean,53.3,total_infected_mean,4.45675,10.70605,42.29625,104.9461,211.03385,314.31445,418.6897,630.08745,1052.1588,2100.51705
53.3total_infected_median,53.3,total_infected_median,5,12,47,117,234,351,467,701,1167,2333
53.3total_infected_q2.5,53.3,total_infected_q2.5,1,1,1,1,1,1,1,1,1,1
53.3total_infected_q97.5,53.3,total_infected_q97.5,5,12,47,117,234,351,467,701,1168,2335
53.8percent_probability_exceeding_10_total_cases,53.8,percent_probability_exceeding_10_total_cases,,88.08,89.865,89.82,89.815,89.84,89.67,89.795,89.845,90.09
53.8percent_probability_exceeding_20_total_cases,53.8,percent_probability_exceeding_20_total_cases,,,89.865,89.82,89.815,89.84,89.67,89.795,89.845,90.09
53.8percent_probability_exceeding_3_total_cases,53.8,percent_probability_exceeding_3_total_cases,87.435,89.09,90.175,90.155,90.08,90.12,89.965,90.075,90.055,90.42
53.8percent_probability_exceeding_50_total_cases,53.8,percent_probability_exceeding_50_total_cases,,,,89.82,89.815,89.84,89.67,89.795,89.845,90.09
53.8total_infected_mean,53.8,total_infected_mean,4.45675,10.70605,42.29625,104.1977,207.3895,311.5754,414.0217,621.8446,1036.92095,2079.40095
53.8total_infected_median,53.8,total_infected_median,5,12,47,116,231,347,462,692,1154,2308
53.8total_infected_q2.5,53.8,total_infected_q2.5,1,1,1,1,1,1,1,1,1,1
53.8total_infected_q97.5,53.8,total_infected_q97.5,5,12,47,116,231,347,462,693,1155,2310
54percent_probability_exceeding_10_total_cases,54,percent_probability_exceeding_10_total_cases,,88.08,89.72,89.86,89.69,89.77,90.05,89.55,89.865,89.885
54percent_probability_exceeding_20_total_cases,54,percent_probability_exceeding_20_total_cases,,,89.72,89.86,89.69,89.77,90.05,89.55,89.865,89.885
54percent_probability_exceeding_3_total_cases,54,percent_probability_exceeding_3_total_cases,87.435,89.09,90.085,90.245,89.975,90.155,90.265,89.885,90.22,90.17
54percent_probability_exceeding_50_total_cases,54,percent_probability_exceeding_50_total_cases,,,,89.86,89.69,89.77,90.05,89.55,89.865,89.885
54total_infected_mean,54,total_infected_mean,4.45675,10.70605,41.33225,103.3415,206.2047,309.5353,413.9527,617.4533,1032.62735,2065.64155
54total_infected_median,54,total_infected_median,5,12,46,115,230,345,460,689,1149,2298
54total_infected_q2.5,54,total_infected_q2.5,1,1,1,1,1,1,1,1,1,1
54total_infected_q97.5,54,total_infected_q97.5,5,12,46,115,230,345,460,690,1150,2300
54.2percent_probability_exceeding_10_total_cases,54.2,percent_probability_exceeding_10_total_cases,,88.08,89.72,89.86,89.605,89.735,90.225,89.745,89.81,89.755
54.2percent_probability_exceeding_20_total_cases,54.2,percent_probability_exceeding_20_total_cases,,,89.72,89.86,89.605,89.735,90.225,89.745,89.805,89.755
54.2percent_probability_exceeding_3_total_cases,54.2,percent_probability_exceeding_3_total_cases,87.435,89.09,90.085,90.245,89.935,89.965,90.46,90.08,90.06,90.075
54.2percent_probability_exceeding_50_total_cases,54.2,percent_probability_exceeding_50_total_cases,,,,89.86,89.605,89.735,90.225,89.745,89.805,89.755
54.2total_infected_mean,54.2,total_infected_mean,4.45675,10.70605,41.33225,103.3415,205.10825,308.50555,412.9425,616.08465,1027.43345,2053.605
54.2total_infected_median,54.2,total_infected_median,5,12,46,115,229,344,458,686,1144,2288
54.2total_infected_q2.5,54.2,total_infected_q2.5,1,1,1,1,1,1,1,1,1,1
54.2total_infected_q97.5,54.2,total_infected_q97.5,5,12,46,115,229,344,458,687,1145,2290
54.6percent_probability_exceeding_10_total_cases,54.6,percent_probability_exceeding_10_total_cases,,88.08,89.72,89.745,89.79,89.605,89.695,89.72,89.615,89.875
54.6percent_probability_exceeding_20_total_cases,54.6,percent_probability_exceeding_20_total_cases,,,89.72,89.745,89.79,89.605,89.695,89.72,89.615,89.875
54.6percent_probability_exceeding_3_total_cases,54.6,percent_probability_exceeding_3_total_cases,87.435,89.09,90.085,90.025,90.125,89.875,89.98,90.03,89.93,90.205
54.6percent_probability_exceeding_50_total_cases,54.6,percent_probability_exceeding_50_total_cases,,,,89.745,89.79,89.605,89.695,89.72,89.615,89.875
54.6total_infected_mean,54.6,total_infected_mean,4.45675,10.70605,41.33225,102.3082,203.71885,305.3541,406.92075,610.4991,1016.23555,2038.28945
54.6total_infected_median,54.6,total_infected_median,5,12,46,114,227,341,454,680,1134,2268
54.6total_infected_q2.5,54.6,total_infected_q2.5,1,1,1,1,1,1,1,1,1,1
54.6total_infected_q97.5,54.6,total_infected_q97.5,5,12,46,114,227,341,454,681,1135,2270
54.8percent_probability_exceeding_10_total_cases,54.8,percent_probability_exceeding_10_total_cases,,88.08,89.72,89.745,89.79,89.505,89.97,89.705,89.86,89.47
54.8percent_probability_exceeding_20_total_cases,54.8,percent_probability_exceeding_20_total_cases,,,89.72,89.745,89.79,89.505,89.97,89.705,89.86,89.47
54.8percent_probability_exceeding_3_total_cases,54.8,percent_probability_exceeding_3_total_cases,87.435,89.09,90.085,90.025,90.125,89.86,90.295,90.015,90.16,89.77
54.8percent_probability_exceeding_50_total_cases,54.8,percent_probability_exceeding_50_total_cases,,,,89.745,89.79,89.505,89.97,89.705,89.86,89.47
54.8total_infected_mean,54.8,total_infected_mean,4.45675,10.70605,41.33225,102.3082,203.71885,304.1102,407.2554,608.59825,1015.396,2021.00765
54.8total_infected_median,54.8,total_infected_median,5,12,46,114,227,340,453,678,1130,2259
54.8total_infected_q2.5,54.8,total_infected_q2.5,1,1,1,1,1,1,1,1,1,1
54.8total_infected_q97.5,54.8,total_infected_q97.5,5,12,46,114,227,340,453,679,1131,2261
55percent_probability_exceeding_10_total_cases,55,percent_probability_exceeding_10_total_cases,,88.08,88.96,89.185,89.245,89.555,89.76,89.32,89.595,89.46
55percent_probability_exceeding_20_total_cases,55,percent_probability_exceeding_20_total_cases,,,88.96,89.185,89.245,89.555,89.76,89.32,89.59,89.46
55percent_probability_exceeding_3_total_cases,55,percent_probability_exceeding_3_total_cases,87.435,89.09,89.39,89.595,89.6,89.84,90.04,89.645,89.895,89.815
55percent_probability_exceeding_50_total_cases,55,percent_probability_exceeding_50_total_cases,,,,89.185,89.245,89.555,89.76,89.32,89.59,89.46
55total_infected_mean,55,total_infected_mean,4.45675,10.70605,40.0952,100.77665,200.6982,302.4887,403.59425,602.39635,1006.9449,2010.8778
55total_infected_median,55,total_infected_median,5,12,45,113,225,338,450,674,1124,2248
55total_infected_q2.5,55,total_infected_q2.5,1,1,1,1,1,1,1,1,1,1
55total_infected_q97.5,55,total_infected_q97.5,5,12,45,113,225,338,450,675,1125,2250
55.6percent_probability_exceeding_10_total_cases,55.6,percent_probability_exceeding_10_total_cases,,88.08,88.96,89.205,89.71,89.035,89.62,88.91,89.485,89.75
55.6percent_probability_exceeding_20_total_cases,55.6,percent_probability_exceeding_20_total_cases,,,88.96,89.2,89.71,89.035,89.62,88.91,89.48,89.75
55.6percent_probability_exceeding_3_total_cases,55.6,percent_probability_exceeding_3_total_cases,87.435,89.09,89.39,89.61,90.05,89.33,89.88,89.155,89.83,90.045
55.6percent_probability_exceeding_50_total_cases,55.6,percent_probability_exceeding_50_total_cases,,,,89.2,89.71,89.035,89.62,88.91,89.48,89.75
55.6total_infected_mean,55.6,total_infected_mean,4.45675,10.70605,40.0952,99.0007,199.02315,296.25175,397.5553,591.57395,992.1976,1990.30045
55.6total_infected_median,55.6,total_infected_median,5,12,45,111,222,333,444,665,1109,2217
55.6total_infected_q2.5,55.6,total_infected_q2.5,1,1,1,1,1,1,1,1,1,1
55.6total_infected_q97.5,55.6,total_infected_q97.5,5,12,45,111,222,333,444,666,1110,2220
56percent_probability_exceeding_10_total_cases,56,percent_probability_exceeding_10_total_cases,,85.57,89.06,88.67,89.16,88.775,89.34,89.395,89.115,89.24
56percent_probability_exceeding_20_total_cases,56,percent_probability_exceeding_20_total_cases,,,89.06,88.67,89.16,88.775,89.34,89.395,89.115,89.24
56percent_probability_exceeding_3_total_cases,56,percent_probability_exceeding_3_total_cases,87.435,87.795,89.425,89,89.515,89.065,89.65,89.7,89.44,89.535
56percent_probability_exceeding_50_total_cases,56,percent_probability_exceeding_50_total_cases,,,,88.67,89.16,88.775,89.34,89.395,89.115,89.24
56total_infected_mean,56,total_infected_mean,4.45675,9.6581,39.2309,97.5159,196.01595,292.7057,392.71655,589.38185,979.20005,1961.0157
56total_infected_median,56,total_infected_median,5,11,44,110,220,330,440,659,1099,2197
56total_infected_q2.5,56,total_infected_q2.5,1,1,1,1,1,1,1,1,1,1
56total_infected_q97.5,56,total_infected_q97.5,5,11,44,110,220,330,440,660,1100,2200
56.5percent_probability_exceeding_10_total_cases,56.5,percent_probability_exceeding_10_total_cases,,85.57,89.06,88.565,88.665,89.41,88.47,88.975,89.38,89.09
56.5percent_probability_exceeding_20_total_cases,56.5,percent_probability_exceeding_20_total_cases,,,89.06,88.565,88.665,89.41,88.47,88.97,89.38,89.09
56.5percent_probability_exceeding_3_total_cases,56.5,percent_probability_exceeding_3_total_cases,87.435,87.795,89.425,89,89.095,89.755,88.83,89.32,89.735,89.505
56.5percent_probability_exceeding_50_total_cases,56.5,percent_probability_exceeding_50_total_cases,,,,88.565,88.665,89.41,88.47,88.97,89.38,89.09
56.5total_infected_mean,56.5,total_infected_mean,4.45675,9.6581,39.2309,96.5108,193.14035,292.08685,384.4525,580.3174,971.27745,1935.2965
56.5total_infected_median,56.5,total_infected_median,5,11,44,109,218,327,434,652,1087,2172
56.5total_infected_q2.5,56.5,total_infected_q2.5,1,1,1,1,1,1,1,1,1,1
56.5total_infected_q97.5,56.5,total_infected_q97.5,5,11,44,109,218,327,435,653,1088,2175
57percent_probability_exceeding_10_total_cases,57,percent_probability_exceeding_10_total_cases,,85.57,88.11,88.825,88.87,89.02,88.655,89.105,89.3,88.71
57percent_probability_exceeding_20_total_cases,57,percent_probability_exceeding_20_total_cases,,,88.11,88.825,88.87,89.02,88.655,89.105,89.3,88.71
57percent_probability_exceeding_3_total_cases,57,percent_probability_exceeding_3_total_cases,87.435,87.795,88.605,89.125,89.205,89.345,88.99,89.475,89.62,89.15
57percent_probability_exceeding_50_total_cases,57,percent_probability_exceeding_50_total_cases,,,,88.825,88.87,89.02,88.655,89.105,89.3,88.71
57total_infected_mean,57,total_infected_mean,4.45675,9.6581,37.9384,95.8989,190.89585,287.22615,380.7734,574.0101,958.70935,1904.6634
57total_infected_median,57,total_infected_median,5,11,43,108,215,323,429,644,1073,2147
57total_infected_q2.5,57,total_infected_q2.5,1,1,1,1,1,1,1,1,1,1
57total_infected_q97.5,57,total_infected_q97.5,5,11,43,108,215,323,430,645,1075,2150
57.1percent_probability_exceeding_10_total_cases,57.1,percent_probability_exceeding_10_total_cases,,85.57,88.11,88.825,88.87,88.92,88.98,88.415,88.7,89.025
57.1percent_probability_exceeding_20_total_cases,57.1,percent_probability_exceeding_20_total_cases,,,88.11,88.825,88.87,88.92,88.98,88.415,88.7,89.025
57.1percent_probability_exceeding_3_total_cases,57.1,percent_probability_exceeding_3_total_cases,87.435,87.795,88.605,89.125,89.205,89.345,89.355,88.745,89.04,89.385
57.1percent_probability_exceeding_50_total_cases,57.1,percent_probability_exceeding_50_total_cases,,,,88.825,88.87,88.92,88.98,88.415,88.7,89.025
57.1total_infected_mean,57.1,total_infected_mean,4.45675,9.6581,37.9384,95.8989,190.89585,286.01045,381.2717,568.6799,950.49575,1906.93285
57.1total_infected_median,57.1,total_infected_median,5,11,43,108,215,322,428,643,1071,2142
57.1total_infected_q2.5,57.1,total_infected_q2.5,1,1,1,1,1,1,1,1,1,1
57.1total_infected_q97.5,57.1,total_infected_q97.5,5,11,43,108,215,322,429,644,1073,2145
58percent_probability_exceeding_10_total_cases,58,percent_probability_exceeding_10_total_cases,,85.57,88.11,88.275,88.15,88.575,88.525,88.615,87.85,88.62
58percent_probability_exceeding_20_total_cases,58,percent_probability_exceeding_20_total_cases,,,88.11,88.275,88.15,88.575,88.525,88.615,87.85,88.62
58percent_probability_exceeding_3_total_cases,58,percent_probability_exceeding_3_total_cases,87.435,87.795,88.605,88.695,88.585,88.935,88.85,89.01,88.24,88.97
58percent_probability_exceeding_50_total_cases,58,percent_probability_exceeding_50_total_cases,,,,88.275,88.15,88.575,88.525,88.615,87.85,88.62
58total_infected_mean,58,total_infected_mean,4.45675,9.6581,37.9384,92.6333,184.9141,279.5446,371.30165,558.3398,921.00885,1858.04925
58total_infected_median,58,total_infected_median,5,11,43,105,210,316,419,630,1048,2096
58total_infected_q2.5,58,total_infected_q2.5,1,1,1,1,1,1,1,1,1,1
58total_infected_q97.5,58,total_infected_q97.5,5,11,43,105,210,316,420,631,1050,2100
58.7percent_probability_exceeding_10_total_cases,58.7,percent_probability_exceeding_10_total_cases,,85.57,88.385,88.13,87.66,87.77,88.675,88.025,87.955,88.28
58.7percent_probability_exceeding_20_total_cases,58.7,percent_probability_exceeding_20_total_cases,,,88.385,88.13,87.66,87.77,88.675,88.025,87.955,88.28
58.7percent_probability_exceeding_3_total_cases,58.7,percent_probability_exceeding_3_total_cases,87.435,87.795,88.755,88.51,88.005,88.205,89.085,88.4,88.345,88.67
58.7percent_probability_exceeding_50_total_cases,58.7,percent_probability_exceeding_50_total_cases,,,,88.13,87.66,87.77,88.675,88.025,87.955,88.28
58.7total_infected_mean,58.7,total_infected_mean,4.45675,9.6581,37.15445,91.58855,181.2286,271.69365,365.65145,544.85725,906.9851,1819.696
58.7total_infected_median,58.7,total_infected_median,5,11,42,104,207,309,412,619,1031,2061
58.7total_infected_q2.5,58.7,total_infected_q2.5,1,1,1,1,1,1,1,1,1,1
58.7total_infected_q97.5,58.7,total_infected_q97.5,5,11,42,104,207,310,413,620,1033,2064
58.8percent_probability_exceeding_10_total_cases,58.8,percent_probability_exceeding_10_total_cases,,85.57,88.385,87.58,87.76,88.145,88.14,87.935,87.99,88.56
58.8percent_probability_exceeding_20_total_cases,58.8,percent_probability_exceeding_20_total_cases,,,88.385,87.58,87.76,88.145,88.14,87.935,87.985,88.56
58.8percent_probability_exceeding_3_total_cases,58.8,percent_probability_exceeding_3_total_cases,87.435,87.795,88.755,88.04,88.135,88.625,88.575,88.42,88.45,88.96
58.8percent_probability_exceeding_50_total_cases,58.8,percent_probability_exceeding_50_total_cases,,,,87.58,87.76,88.145,88.14,87.935,87.985,88.56
58.8total_infected_mean,58.8,total_infected_mean,4.45675,9.6581,37.15445,90.14585,180.54425,271.95745,362.5485,542.52475,904.6455,1821.00415
58.8total_infected_median,58.8,total_infected_median,5,11,42,103,206,308,411,617,1028,2056
58.8total_infected_q2.5,58.8,total_infected_q2.5,1,1,1,1,1,1,1,1,1,1
58.8total_infected_q97.5,58.8,total_infected_q97.5,5,11,42,103,206,309,412,618,1030,2059
59percent_probability_exceeding_10_total_cases,59,percent_probability_exceeding_10_total_cases,,85.57,87.51,87.58,88.115,88.055,88.255,87.81,88.46,88.56
59percent_probability_exceeding_20_total_cases,59,percent_probability_exceeding_20_total_cases,,,87.505,87.58,88.115,88.055,88.255,87.81,88.46,88.56
59percent_probability_exceeding_3_total_cases,59,percent_probability_exceeding_3_total_cases,87.435,87.795,88.075,88.04,88.51,88.505,88.75,88.24,88.885,89
59percent_probability_exceeding_50_total_cases,59,percent_probability_exceeding_50_total_cases,,,,87.58,88.115,88.055,88.255,87.81,88.46,88.56
59total_infected_mean,59,total_infected_mean,4.45675,9.6581,35.909,90.14585,180.37915,270.78445,361.24085,539.099,905.0555,1812.0531
59total_infected_median,59,total_infected_median,5,11,41,103,205,307,409,614,1023,2046
59total_infected_q2.5,59,total_infected_q2.5,1,1,1,1,1,1,1,1,1,1
59total_infected_q97.5,59,total_infected_q97.5,5,11,41,103,205,308,410,615,1025,2049
59.3percent_probability_exceeding_10_total_cases,59.3,percent_probability_exceeding_10_total_cases,,85.57,87.51,87.785,87.845,87.82,87.85,87.9,87.93,87.92
59.3percent_probability_exceeding_20_total_cases,59.3,percent_probability_exceeding_20_total_cases,,,87.505,87.785,87.845,87.82,87.85,87.9,87.93,87.92
59.3percent_probability_exceeding_3_total_cases,59.3,percent_probability_exceeding_3_total_cases,87.435,87.795,88.075,88.25,88.3,88.21,88.285,88.295,88.315,88.345
59.3percent_probability_exceeding_50_total_cases,59.3,percent_probability_exceeding_50_total_cases,,,,87.785,87.845,87.82,87.85,87.9,87.93,87.92
59.3total_infected_mean,59.3,total_infected_mean,4.45675,9.6581,35.909,89.46885,178.95165,268.2905,356.92395,536.08495,893.4059,1785.6336
59.3total_infected_median,59.3,total_infected_median,5,11,41,102,204,305,406,610,1016,2031
59.3total_infected_q2.5,59.3,total_infected_q2.5,1,1,1,1,1,1,1,1,1,1
59.3total_infected_q97.5,59.3,total_infected_q97.5,5,11,41,102,204,306,407,611,1018,2034
59.6percent_probability_exceeding_10_total_cases,59.6,percent_probability_exceeding_10_total_cases,,85.57,87.51,87.97,87.69,87.925,87.38,87.8,87.835,88.16
59.6percent_probability_exceeding_20_total_cases,59.6,percent_probability_exceeding_20_total_cases,,,87.505,87.965,87.69,87.925,87.38,87.8,87.835,88.15
59.6percent_probability_exceeding_3_total_cases,59.6,percent_probability_exceeding_3_total_cases,87.435,87.795,88.075,88.51,88.06,88.41,87.785,88.27,88.39,88.585
59.6percent_probability_exceeding_50_total_cases,59.6,percent_probability_exceeding_50_total_cases,,,,87.965,87.69,87.925,87.38,87.8,87.835,88.15
59.6total_infected_mean,59.6,total_infected_mean,4.45675,9.6581,35.909,88.7554,176.8495,265.9328,352.3584,531.055,885.3531,1776.9341
59.6total_infected_median,59.6,total_infected_median,5,11,41,101,202,302,403,605,1008,2015
59.6total_infected_q2.5,59.6,total_infected_q2.5,1,1,1,1,1,1,1,1,1,1
59.6total_infected_q97.5,59.6,total_infected_q97.5,5,11,41,101,202,303,404,606,1010,2019
60percent_probability_exceeding_10_total_cases,60,percent_probability_exceeding_10_total_cases,,78.015,87.335,87.32,87.23,88.205,87.735,87.26,87.975,87.865
60percent_probability_exceeding_20_total_cases,60,percent_probability_exceeding_20_total_cases,,,87.33,87.32,87.23,88.205,87.735,87.26,87.975,87.865
60percent_probability_exceeding_3_total_cases,60,percent_probability_exceeding_3_total_cases,81.43,86.18,87.85,87.82,87.725,88.57,88.16,87.715,88.425,88.25
60percent_probability_exceeding_50_total_cases,60,percent_probability_exceeding_50_total_cases,,,,87.32,87.23,88.205,87.735,87.26,87.975,87.865
60total_infected_mean,60,total_infected_mean,3.4328,8.5948,34.95195,87.236,174.17075,264.1048,350.25105,522.48565,877.8546,1753.43235
60total_infected_median,60,total_infected_median,4,10,40,100,200,299,399,599,998,1995
60total_infected_q2.5,60,total_infected_q2.5,1,1,1,1,1,1,1,1,1,1
60total_infected_q97.5,60,total_infected_q97.5,4,10,40,100,200,300,400,600,1000,1999
60.5percent_probability_exceeding_10_total_cases,60.5,percent_probability_exceeding_10_total_cases,,78.015,87.335,87.66,86.98,87.6,87.405,87.8,87.4,87.32
60.5percent_probability_exceeding_20_total_cases,60.5,percent_probability_exceeding_20_total_cases,,,87.33,87.66,86.98,87.6,87.405,87.8,87.4,87.32
60.5percent_probability_exceeding_3_total_cases,60.5,percent_probability_exceeding_3_total_cases,81.43,86.18,87.85,88.235,87.465,87.985,87.92,88.285,87.84,87.785
60.5percent_probability_exceeding_50_total_cases,60.5,percent_probability_exceeding_50_total_cases,,,,87.66,86.98,87.6,87.405,87.8,87.4,87.32
60.5total_infected_mean,60.5,total_infected_mean,3.4328,8.5948,34.95195,86.6718,171.91425,259.6386,344.50845,519.48705,861.5026,1720.45895
60.5total_infected_median,60.5,total_infected_median,4,10,40,99,198,296,394,592,985,1970
60.5total_infected_q2.5,60.5,total_infected_q2.5,1,1,1,1,1,1,1,1,1,1
60.5total_infected_q97.5,60.5,total_infected_q97.5,4,10,40,99,198,297,395,593,988,1974
61percent_probability_exceeding_10_total_cases,61,percent_probability_exceeding_10_total_cases,,78.015,86.875,87.31,86.96,87.39,87.185,87.38,87.4,87.26
61percent_probability_exceeding_20_total_cases,61,percent_probability_exceeding_20_total_cases,,,86.875,87.31,86.96,87.39,87.185,87.38,87.4,87.26
61percent_probability_exceeding_3_total_cases,61,percent_probability_exceeding_3_total_cases,81.43,86.18,87.375,87.91,87.475,87.9,87.61,87.855,87.87,87.76
61percent_probability_exceeding_50_total_cases,61,percent_probability_exceeding_50_total_cases,,,,87.31,86.96,87.39,87.185,87.38,87.4,87.26
61total_infected_mean,61,total_infected_mean,3.4328,8.5948,33.8925,85.4412,169.22135,255.4876,339.21225,509.9142,849.9973,1697.13125
61total_infected_median,61,total_infected_median,4,10,39,98,195,292,389,583,972,1945
61total_infected_q2.5,61,total_infected_q2.5,1,1,1,1,1,1,1,1,1,1
61total_infected_q97.5,61,total_infected_q97.5,4,10,39,98,195,293,390,585,975,1949
61.1percent_probability_exceeding_10_total_cases,61.1,percent_probability_exceeding_10_total_cases,,78.015,86.875,87.31,86.96,87.115,86.92,86.98,87.365,87.23
61.1percent_probability_exceeding_20_total_cases,61.1,percent_probability_exceeding_20_total_cases,,,86.875,87.31,86.96,87.115,86.915,86.98,87.365,87.23
61.1percent_probability_exceeding_3_total_cases,61.1,percent_probability_exceeding_3_total_cases,81.43,86.18,87.375,87.91,87.475,87.58,87.365,87.495,87.85,87.715
61.1percent_probability_exceeding_50_total_cases,61.1,percent_probability_exceeding_50_total_cases,,,,87.31,86.96,87.115,86.915,86.98,87.365,87.23
61.1total_infected_mean,61.1,total_infected_mean,3.4328,8.5948,33.8925,85.4412,169.22135,253.78515,337.2957,506.7114,847.8746,1692.1292
61.1total_infected_median,61.1,total_infected_median,4,10,39,98,195,291,388,582,970,1939
61.1total_infected_q2.5,61.1,total_infected_q2.5,1,1,1,1,1,1,1,1,1,1
61.1total_infected_q97.5,61.1,total_infected_q97.5,4,10,39,98,195,292,389,584,973,1944
61.5percent_probability_exceeding_10_total_cases,61.5,percent_probability_exceeding_10_total_cases,,78.015,86.875,86.675,86.96,86.955,87.075,87.15,87.13,87.2
61.5percent_probability_exceeding_20_total_cases,61.5,percent_probability_exceeding_20_total_cases,,,86.875,86.675,86.96,86.955,87.075,87.15,87.13,87.2
61.5percent_probability_exceeding_3_total_cases,61.5,percent_probability_exceeding_3_total_cases,81.43,86.18,87.375,87.28,87.45,87.505,87.55,87.705,87.695,87.8
61.5percent_probability_exceeding_50_total_cases,61.5,percent_probability_exceeding_50_total_cases,,,,86.675,86.96,86.955,87.075,87.15,87.13,87.2
61.5total_infected_mean,61.5,total_infected_mean,3.4328,8.5948,33.8925,83.9511,167.4568,250.69225,334.37255,502.38575,836.76075,1673.8743
61.5total_infected_median,61.5,total_infected_median,4,10,39,97,192,288,384,576,960,1919
61.5total_infected_q2.5,61.5,total_infected_q2.5,1,1,1,1,1,1,1,1,1,1
61.5total_infected_q97.5,61.5,total_infected_q97.5,4,10,39,97,193,289,385,578,963,1924
62percent_probability_exceeding_10_total_cases,62,percent_probability_exceeding_10_total_cases,,78.015,85.865,86.645,86.48,87.055,86.79,87.025,86.64,87.27
62percent_probability_exceeding_20_total_cases,62,percent_probability_exceeding_20_total_cases,,,85.855,86.645,86.48,87.055,86.79,87.025,86.64,87.27
62percent_probability_exceeding_3_total_cases,62,percent_probability_exceeding_3_total_cases,81.43,86.18,86.56,87.295,87.115,87.545,87.27,87.5,87.145,87.83
62percent_probability_exceeding_50_total_cases,62,percent_probability_exceeding_50_total_cases,,,,86.645,86.48,87.055,86.79,87.025,86.64,87.27
62total_infected_mean,62,total_infected_mean,3.4328,8.5948,32.63245,82.1645,163.90015,247.4232,328.86925,494.59185,820.645,1653.05115
62total_infected_median,62,total_infected_median,4,10,38,95,189,284,379,568,947,1894
62total_infected_q2.5,62,total_infected_q2.5,1,1,1,1,1,1,1,1,1,1
62total_infected_q97.5,62,total_infected_q97.5,4,10,38,95,190,285,380,570,950,1898
62.5percent_probability_exceeding_10_total_cases,62.5,percent_probability_exceeding_10_total_cases,,78.015,85.865,86.545,85.895,86.105,86.465,86.96,87.06,86.635
62.5percent_probability_exceeding_20_total_cases,62.5,percent_probability_exceeding_20_total_cases,,,85.855,86.545,85.895,86.105,86.465,86.96,87.055,86.635
62.5percent_probability_exceeding_3_total_cases,62.5,percent_probability_exceeding_3_total_cases,81.43,86.18,86.56,87.19,86.47,86.72,87.05,87.445,87.58,87.185
62.5percent_probability_exceeding_50_total_cases,62.5,percent_probability_exceeding_50_total_cases,,,,86.545,85.895,86.105,86.465,86.96,87.055,86.635
62.5total_infected_mean,62.5,total_infected_mean,3.4328,8.5948,32.63245,81.1878,161.0567,242.11075,323.23395,488.04235,813.912,1619.0325
62.5total_infected_median,62.5,total_infected_median,4,10,38,94,187,281,374,561,935,1868
62.5total_infected_q2.5,62.5,total_infected_q2.5,1,1,1,1,1,1,1,1,1,1
62.5total_infected_q97.5,62.5,total_infected_q97.5,4,10,38,94,188,282,375,563,938,1873
63percent_probability_exceeding_10_total_cases,63,percent_probability_exceeding_10_total_cases,,78.015,85.52,86.41,86.3,86.405,86.09,86.4,86.78,86.86
63percent_probability_exceeding_20_total_cases,63,percent_probability_exceeding_20_total_cases,,,85.51,86.405,86.3,86.405,86.09,86.395,86.78,86.86
63percent_probability_exceeding_3_total_cases,63,percent_probability_exceeding_3_total_cases,81.43,86.18,86.295,86.99,86.865,86.985,86.68,86.905,87.34,87.39
63percent_probability_exceeding_50_total_cases,63,percent_probability_exceeding_50_total_cases,,,,86.405,86.3,86.405,86.09,86.395,86.78,86.86
63total_infected_mean,63,total_infected_mean,3.4328,8.5948,31.6364,80.1781,159.17925,239.44625,317.47505,477.8432,799.8742,1601.15985
63total_infected_median,63,total_infected_median,4,10,37,93,184,277,369,553,921,1843
63total_infected_q2.5,63,total_infected_q2.5,1,1,1,1,1,1,1,1,1,1
63total_infected_q97.5,63,total_infected_q97.5,4,10,37,93,185,278,370,555,925,1848
63.5percent_probability_exceeding_10_total_cases,63.5,percent_probability_exceeding_10_total_cases,,78.015,85.52,85.82,85.675,85.785,86.23,86.175,86.35,86.47
63.5percent_probability_exceeding_20_total_cases,63.5,percent_probability_exceeding_20_total_cases,,,85.51,85.82,85.675,85.785,86.23,86.175,86.35,86.465
63.5percent_probability_exceeding_3_total_cases,63.5,percent_probability_exceeding_3_total_cases,81.43,86.18,86.295,86.525,86.305,86.41,86.83,86.67,87.025,86.96
63.5percent_probability_exceeding_50_total_cases,63.5,percent_probability_exceeding_50_total_cases,,,,85.82,85.675,85.785,86.23,86.175,86.35,86.465
63.5total_infected_mean,63.5,total_infected_mean,3.4328,8.5948,31.6364,78.77125,156.28875,234.23785,313.6027,470.485,785.38215,1571.84495
63.5total_infected_median,63.5,total_infected_median,4,10,37,92,182,273,363,546,909,1817
63.5total_infected_q2.5,63.5,total_infected_q2.5,1,1,1,1,1,1,1,1,1,1
63.5total_infected_q97.5,63.5,total_infected_q97.5,4,10,37,92,183,274,365,548,913,1823
63.6percent_probability_exceeding_10_total_cases,63.6,percent_probability_exceeding_10_total_cases,,78.015,85.52,86.215,85.96,86.1,85.95,86.41,86.12,86.15
63.6percent_probability_exceeding_20_total_cases,63.6,percent_probability_exceeding_20_total_cases,,,85.51,86.215,85.96,86.1,85.95,86.41,86.115,86.15
63.6percent_probability_exceeding_3_total_cases,63.6,percent_probability_exceeding_3_total_cases,81.43,86.18,86.295,86.695,86.625,86.56,86.52,86.93,86.7,86.805
63.6percent_probability_exceeding_50_total_cases,63.6,percent_probability_exceeding_50_total_cases,,,,86.215,85.96,86.1,85.95,86.41,86.115,86.15
63.6total_infected_mean,63.6,total_infected_mean,3.4328,8.5948,31.6364,78.2337,155.92085,234.18925,311.69625,469.99695,780.59745,1561.6999
63.6total_infected_median,63.6,total_infected_median,4,10,37,91,181,272,362,544,906,1812
63.6total_infected_q2.5,63.6,total_infected_q2.5,1,1,1,1,1,1,1,1,1,1
63.6total_infected_q97.5,63.6,total_infected_q97.5,4,10,37,91,182,273,364,546,910,1818
63.9percent_probability_exceeding_10_total_cases,63.9,percent_probability_exceeding_10_total_cases,,78.015,85.52,86.215,85.4,85.575,85.665,86.115,85.71,86.345
63.9percent_probability_exceeding_20_total_cases,63.9,percent_probability_exceeding_20_total_cases,,,85.51,86.215,85.4,85.575,85.665,86.115,85.71,86.345
63.9percent_probability_exceeding_3_total_cases,63.9,percent_probability_exceeding_3_total_cases,81.43,86.18,86.295,86.695,86.02,86.14,86.27,86.71,86.44,87.065
63.9percent_probability_exceeding_50_total_cases,63.9,percent_probability_exceeding_50_total_cases,,,,86.215,85.4,85.575,85.665,86.115,85.71,86.345
63.9total_infected_mean,63.9,total_infected_mean,3.4328,8.5948,31.6364,78.2337,154.03985,231.04335,308.04965,464.8958,770.82115,1552.0459
63.9total_infected_median,63.9,total_infected_median,4,10,37,91,180,270,359,540,899,1797
63.9total_infected_q2.5,63.9,total_infected_q2.5,1,1,1,1,1,1,1,1,1,1
63.9total_infected_q97.5,63.9,total_infected_q97.5,4,10,37,91,181,271,361,542,902,1802
64percent_probability_exceeding_10_total_cases,64,percent_probability_exceeding_10_total_cases,,,85.01,85.625,85.94,85.69,85.85,85.755,85.53,85.78
64percent_probability_exceeding_20_total_cases,64,percent_probability_exceeding_20_total_cases,,,85.005,85.625,85.94,85.685,85.845,85.75,85.53,85.78
64percent_probability_exceeding_3_total_cases,64,percent_probability_exceeding_3_total_cases,81.43,83.765,85.925,86.26,86.6,86.255,86.47,86.37,86.14,86.36
64percent_probability_exceeding_50_total_cases,64,percent_probability_exceeding_50_total_cases,,,,85.625,85.94,85.685,85.845,85.75,85.53,85.78
64total_infected_mean,64,total_infected_mean,3.4328,7.4889,30.58095,76.8406,154.13935,230.4591,307.8304,461.16605,766.58665,1537.5581
64total_infected_median,64,total_infected_median,4,9,36,90,179,269,358,537,896,1792
64total_infected_q2.5,64,total_infected_q2.5,1,1,1,1,1,1,1,1,1,1
64total_infected_q97.5,64,total_infected_q97.5,4,9,36,90,180,270,360,540,899,1797
64.3percent_probability_exceeding_10_total_cases,64.3,percent_probability_exceeding_10_total_cases,,,85.01,85.625,85.69,85.22,85.445,85.395,85.465,85.625
64.3percent_probability_exceeding_20_total_cases,64.3,percent_probability_exceeding_20_total_cases,,,85.005,85.625,85.69,85.22,85.445,85.395,85.465,85.625
64.3percent_probability_exceeding_3_total_cases,64.3,percent_probability_exceeding_3_total_cases,81.43,83.765,85.925,86.26,86.26,85.77,86.195,86.075,86.135,86.405
64.3percent_probability_exceeding_50_total_cases,64.3,percent_probability_exceeding_50_total_cases,,,,85.625,85.69,85.22,85.445,85.395,85.465,85.625
64.3total_infected_mean,64.3,total_infected_mean,3.4328,7.4889,30.58095,76.8406,152.80575,227.4597,303.78765,455.8011,759.9003,1521.665
64.3total_infected_median,64.3,total_infected_median,4,9,36,90,178,267,355,533,889,1777
64.3total_infected_q2.5,64.3,total_infected_q2.5,1,1,1,1,1,1,1,1,1,1
64.3total_infected_q97.5,64.3,total_infected_q97.5,4,9,36,90,179,268,357,536,892,1782
64.5percent_probability_exceeding_10_total_cases,64.5,percent_probability_exceeding_10_total_cases,,,85.01,85.05,85.685,85.635,85.66,85.78,85.59,86.105
64.5percent_probability_exceeding_20_total_cases,64.5,percent_probability_exceeding_20_total_cases,,,85.005,85.05,85.685,85.635,85.66,85.78,85.59,86.105
64.5percent_probability_exceeding_3_total_cases,64.5,percent_probability_exceeding_3_total_cases,81.43,83.765,85.925,85.73,86.34,86.21,86.35,86.455,86.19,86.73
64.5percent_probability_exceeding_50_total_cases,64.5,percent_probability_exceeding_50_total_cases,,,,85.05,85.685,85.635,85.66,85.78,85.59,86.105
64.5total_infected_mean,64.5,total_infected_mean,3.4328,7.4889,30.58095,75.45625,151.9229,227.6934,302.77305,455.2098,756.6551,1521.3295
64.5total_infected_median,64.5,total_infected_median,4,9,36,89,177,266,353,530,884,1766
64.5total_infected_q2.5,64.5,total_infected_q2.5,1,1,1,1,1,1,1,1,1,1
64.5total_infected_q97.5,64.5,total_infected_q97.5,4,9,36,89,178,267,355,533,887,1772
64.7percent_probability_exceeding_10_total_cases,64.7,percent_probability_exceeding_10_total_cases,,,85.01,85.05,85.71,85.175,86.025,85.365,85.42,85.68
64.7percent_probability_exceeding_20_total_cases,64.7,percent_probability_exceeding_20_total_cases,,,85.005,85.05,85.71,85.175,86.025,85.365,85.42,85.68
64.7percent_probability_exceeding_3_total_cases,64.7,percent_probability_exceeding_3_total_cases,81.43,83.765,85.925,85.73,86.415,85.78,86.515,85.98,86.115,86.265
64.7percent_probability_exceeding_50_total_cases,64.7,percent_probability_exceeding_50_total_cases,,,,85.05,85.71,85.175,86.025,85.365,85.42,85.68
64.7total_infected_mean,64.7,total_infected_mean,3.4328,7.4889,30.58095,75.45625,151.09785,224.75145,302.30835,450.393,750.7997,1505.1263
64.7total_infected_median,64.7,total_infected_median,4,9,36,89,176,264,351,527,878,1756
64.7total_infected_q2.5,64.7,total_infected_q2.5,1,1,1,1,1,1,1,1,1,1
64.7total_infected_q97.5,64.7,total_infected_q97.5,4,9,36,89,177,265,353,530,882,1762
65percent_probability_exceeding_10_total_cases,65,percent_probability_exceeding_10_total_cases,,,84.075,85.005,85.22,85.44,85.535,85.28,84.825,85.69
65percent_probability_exceeding_20_total_cases,65,percent_probability_exceeding_20_total_cases,,,84.07,85.005,85.22,85.44,85.535,85.28,84.82,85.685
65percent_probability_exceeding_3_total_cases,65,percent_probability_exceeding_3_total_cases,81.43,83.765,85.055,85.78,85.965,86.085,86.21,86,85.51,86.355
65percent_probability_exceeding_50_total_cases,65,percent_probability_exceeding_50_total_cases,,,,85.005,85.22,85.44,85.535,85.28,84.82,85.685
65total_infected_mean,65,total_infected_mean,3.4328,7.4889,29.3884,74.54545,148.4904,223.6962,297.9542,445.575,738.5472,1492.10275
65total_infected_median,65,total_infected_median,4,9,35,88,174,262,348,522,870,1741
65total_infected_q2.5,65,total_infected_q2.5,1,1,1,1,1,1,1,1,1,1
65total_infected_q97.5,65,total_infected_q97.5,4,9,35,88,175,263,350,525,874,1747
65.3percent_probability_exceeding_10_total_cases,65.3,percent_probability_exceeding_10_total_cases,,,84.075,84.11,85.18,85.005,85.055,85.365,85.47,85.26
65.3percent_probability_exceeding_20_total_cases,65.3,percent_probability_exceeding_20_total_cases,,,84.07,84.1,85.18,85.005,85.05,85.365,85.47,85.26
65.3percent_probability_exceeding_3_total_cases,65.3,percent_probability_exceeding_3_total_cases,81.43,83.765,85.055,84.905,85.89,85.655,85.71,86.065,86.075,85.865
65.3percent_probability_exceeding_50_total_cases,65.3,percent_probability_exceeding_50_total_cases,,,,84.1,85.18,85.005,85.05,85.365,85.47,85.26
65.3total_infected_mean,65.3,total_infected_mean,3.4328,7.4889,29.3884,72.9129,147.52705,220.81005,293.67045,442.53315,738.0789,1471.56605
65.3total_infected_median,65.3,total_infected_median,4,9,35,87,173,260,345,518,863,1725
65.3total_infected_q2.5,65.3,total_infected_q2.5,1,1,1,1,1,1,1,1,1,1
65.3total_infected_q97.5,65.3,total_infected_q97.5,4,9,35,87,174,261,347,521,867,1731
65.5percent_probability_exceeding_10_total_cases,65.5,percent_probability_exceeding_10_total_cases,,,84.075,84.11,84.78,85.24,85.1,85.39,85.245,85.275
65.5percent_probability_exceeding_20_total_cases,65.5,percent_probability_exceeding_20_total_cases,,,84.07,84.1,84.78,85.235,85.095,85.385,85.24,85.275
65.5percent_probability_exceeding_3_total_cases,65.5,percent_probability_exceeding_3_total_cases,81.43,83.765,85.055,84.905,85.625,85.875,85.715,86.06,85.89,85.955
65.5percent_probability_exceeding_50_total_cases,65.5,percent_probability_exceeding_50_total_cases,,,,84.1,84.78,85.235,85.095,85.385,85.24,85.275
65.5total_infected_mean,65.5,total_infected_mean,3.4328,7.4889,29.3884,72.9129,145.9852,219.6632,292.0675,440.0075,731.73495,1463.11765
65.5total_infected_median,65.5,total_infected_median,4,9,35,87,172,257,343,515,858,1715
65.5total_infected_q2.5,65.5,total_infected_q2.5,1,1,1,1,1,1,1,1,1,1
65.5total_infected_q97.5,65.5,total_infected_q97.5,4,9,35,87,173,259,345,518,862,1721
65.6percent_probability_exceeding_10_total_cases,65.6,percent_probability_exceeding_10_total_cases,,,84.075,84.11,84.78,85.24,85.1,85.035,85.135,85.28
65.6percent_probability_exceeding_20_total_cases,65.6,percent_probability_exceeding_20_total_cases,,,84.07,84.1,84.78,85.235,85.095,85.035,85.135,85.28
65.6percent_probability_exceeding_3_total_cases,65.6,percent_probability_exceeding_3_total_cases,81.43,83.765,85.055,84.905,85.625,85.875,85.715,85.825,85.85,85.965
65.6percent_probability_exceeding_50_total_cases,65.6,percent_probability_exceeding_50_total_cases,,,,84.1,84.78,85.235,85.095,85.035,85.135,85.28
65.6total_infected_mean,65.6,total_infected_mean,3.4328,7.4889,29.3884,72.9129,145.9852,219.6632,292.0675,437.3658,729.13455,1459.721
65.6total_infected_median,65.6,total_infected_median,4,9,35,87,172,257,343,514,856,1711
65.6total_infected_q2.5,65.6,total_infected_q2.5,1,1,1,1,1,1,1,1,1,1
65.6total_infected_q97.5,65.6,total_infected_q97.5,4,9,35,87,173,259,345,517,860,1717
65.7percent_probability_exceeding_10_total_cases,65.7,percent_probability_exceeding_10_total_cases,,,84.075,84.57,85.03,85.265,84.9,84.865,84.715,85.01
65.7percent_probability_exceeding_20_total_cases,65.7,percent_probability_exceeding_20_total_cases,,,84.07,84.565,85.03,85.265,84.895,84.865,84.715,85.01
65.7percent_probability_exceeding_3_total_cases,65.7,percent_probability_exceeding_3_total_cases,81.43,83.765,85.055,85.41,85.71,85.925,85.6,85.62,85.435,85.82
65.7percent_probability_exceeding_50_total_cases,65.7,percent_probability_exceeding_50_total_cases,,,,84.565,85.03,85.265,84.895,84.865,84.715,85.01
65.7total_infected_mean,65.7,total_infected_mean,3.4328,7.4889,29.3884,72.43815,145.55145,218.8535,289.66245,434.7254,722.8948,1449.883
65.7total_infected_median,65.7,total_infected_median,4,9,35,86,171,256,341,512,853,1705
65.7total_infected_q2.5,65.7,total_infected_q2.5,1,1,1,1,1,1,1,1,1,1
65.7total_infected_q97.5,65.7,total_infected_q97.5,4,9,35,86,172,258,343,515,857,1711
66percent_probability_exceeding_10_total_cases,66,percent_probability_exceeding_10_total_cases,,,83.8,84.375,84.7,84.38,85.06,84.925,85.03,85.015
66percent_probability_exceeding_20_total_cases,66,percent_probability_exceeding_20_total_cases,,,83.79,84.37,84.7,84.38,85.06,84.925,85.03,85.01
66percent_probability_exceeding_3_total_cases,66,percent_probability_exceeding_3_total_cases,81.43,83.765,84.84,85.15,85.48,85.02,85.755,85.71,85.665,85.655
66percent_probability_exceeding_50_total_cases,66,percent_probability_exceeding_50_total_cases,,,,84.37,84.7,84.38,85.06,84.925,85.03,85.01
66total_infected_mean,66,total_infected_mean,3.4328,7.4889,28.4284,71.3973,143.2535,213.99515,287.5824,430.6688,718.6065,1436.7947
66total_infected_median,66,total_infected_median,4,9,34,84,169,253,338,507,845,1689
66total_infected_q2.5,66,total_infected_q2.5,1,1,1,1,1,1,1,1,1,1
66total_infected_q97.5,66,total_infected_q97.5,4,9,34,85,170,255,340,510,849,1696
66.5percent_probability_exceeding_10_total_cases,66.5,percent_probability_exceeding_10_total_cases,,,83.8,84.6,84.695,84.48,84.415,84.77,84.745,84.395
66.5percent_probability_exceeding_20_total_cases,66.5,percent_probability_exceeding_20_total_cases,,,83.79,84.59,84.695,84.48,84.41,84.77,84.745,84.395
66.5percent_probability_exceeding_3_total_cases,66.5,percent_probability_exceeding_3_total_cases,81.43,83.765,84.84,85.42,85.555,85.275,85.19,85.42,85.49,85.25
66.5percent_probability_exceeding_50_total_cases,66.5,percent_probability_exceeding_50_total_cases,,,,84.59,84.695,84.48,84.41,84.77,84.745,84.395
66.5total_infected_mean,66.5,total_infected_mean,3.4328,7.4889,28.4284,70.7113,141.485,211.6684,281.08925,423.76865,705.76395,1404.7236
66.5total_infected_median,66.5,total_infected_median,4,9,34,83,167,250,333,499,832,1664
66.5total_infected_q2.5,66.5,total_infected_q2.5,1,1,1,1,1,1,1,1,1,1
66.5total_infected_q97.5,66.5,total_infected_q97.5,4,9,34,84,168,252,335,503,837,1670
66.7percent_probability_exceeding_10_total_cases,66.7,percent_probability_exceeding_10_total_cases,,,83.8,84.6,84.155,84.325,84.515,84.305,84.785,84.635
66.7percent_probability_exceeding_20_total_cases,66.7,percent_probability_exceeding_20_total_cases,,,83.79,84.59,84.155,84.325,84.515,84.305,84.785,84.63
66.7percent_probability_exceeding_3_total_cases,66.7,percent_probability_exceeding_3_total_cases,81.43,83.765,84.84,85.42,85,85.155,85.23,85.145,85.5,85.4
66.7percent_probability_exceeding_50_total_cases,66.7,percent_probability_exceeding_50_total_cases,,,,84.59,84.155,84.325,84.515,84.305,84.785,84.63
66.7total_infected_mean,66.7,total_infected_mean,3.4328,7.4889,28.4284,70.7113,139.74075,209.5333,279.68945,418.86985,701.74115,1399.9375
66.7total_infected_median,66.7,total_infected_median,4,9,34,83,166,248,331,496,827,1653
66.7total_infected_q2.5,66.7,total_infected_q2.5,1,1,1,1,1,1,1,1,1,1
66.7total_infected_q97.5,66.7,total_infected_q97.5,4,9,34,84,167,250,333,500,832,1660
67percent_probability_exceeding_10_total_cases,67,percent_probability_exceeding_10_total_cases,,,83.1,83.945,84.015,83.99,84.215,83.62,84.505,84.34
67percent_probability_exceeding_20_total_cases,67,percent_probability_exceeding_20_total_cases,,,83.07,83.945,84.015,83.985,84.215,83.615,84.505,84.335
67percent_probability_exceeding_3_total_cases,67,percent_probability_exceeding_3_total_cases,81.43,83.765,84.34,84.89,84.925,84.795,85.035,84.39,85.365,85.215
67percent_probability_exceeding_50_total_cases,67,percent_probability_exceeding_50_total_cases,,,,83.945,84.015,83.985,84.215,83.615,84.505,84.335
67total_infected_mean,67,total_infected_mean,3.4328,7.4889,27.35355,69.32165,137.77265,206.9752,276.09705,411.15765,692.44015,1382.04185
67total_infected_median,67,total_infected_median,4,9,33,82,164,246,327,491,819,1638
67total_infected_q2.5,67,total_infected_q2.5,1,1,1,1,1,1,1,1,1,1
67total_infected_q97.5,67,total_infected_q97.5,4,9,33,83,165,248,330,495,824,1645
67.5percent_probability_exceeding_10_total_cases,67.5,percent_probability_exceeding_10_total_cases,,,83.1,83.84,83.92,83.625,83.915,83.945,83.97,84.075
67.5percent_probability_exceeding_20_total_cases,67.5,percent_probability_exceeding_20_total_cases,,,83.07,83.835,83.915,83.625,83.915,83.94,83.965,84.075
67.5percent_probability_exceeding_3_total_cases,67.5,percent_probability_exceeding_3_total_cases,81.43,83.765,84.34,84.725,84.715,84.54,84.625,84.79,84.84,84.87
67.5percent_probability_exceeding_50_total_cases,67.5,percent_probability_exceeding_50_total_cases,,,,83.835,83.915,83.625,83.915,83.94,83.965,84.075
67.5total_infected_mean,67.5,total_infected_mean,3.4328,7.4889,27.35355,68.359,135.87455,202.6316,270.7825,406.6836,677.69265,1356.08615
67.5total_infected_median,67.5,total_infected_median,4,9,33,81,162,242,322,484,806,1612
67.5total_infected_q2.5,67.5,total_infected_q2.5,1,1,1,1,1,1,1,1,1,1
67.5total_infected_q97.5,67.5,total_infected_q97.5,4,9,33,82,163,244,325,488,811,1620
67.7percent_probability_exceeding_10_total_cases,67.7,percent_probability_exceeding_10_total_cases,,,83.1,83.2,84.08,84.055,83.565,83.91,83.825,84.03
67.7percent_probability_exceeding_20_total_cases,67.7,percent_probability_exceeding_20_total_cases,,,83.07,83.2,84.08,84.055,83.565,83.905,83.82,84.03
67.7percent_probability_exceeding_3_total_cases,67.7,percent_probability_exceeding_3_total_cases,81.43,83.765,84.34,84.275,84.93,84.96,84.405,84.7,84.71,84.93
67.7percent_probability_exceeding_50_total_cases,67.7,percent_probability_exceeding_50_total_cases,,,,83.2,84.08,84.055,83.565,83.905,83.82,84.03
67.7total_infected_mean,67.7,total_infected_mean,3.4328,7.4889,27.35355,66.99105,135.2659,202.79295,267.94425,403.91735,672.1613,1346.7067
67.7total_infected_median,67.7,total_infected_median,4,9,33,80,161,241,320,481,801,1602
67.7total_infected_q2.5,67.7,total_infected_q2.5,1,1,1,1,1,1,1,1,1,1
67.7total_infected_q97.5,67.7,total_infected_q97.5,4,9,33,81,162,243,323,485,806,1609
67.9percent_probability_exceeding_10_total_cases,67.9,percent_probability_exceeding_10_total_cases,,,83.1,83.2,84.055,83.47,84.22,83.52,83.695,83.835
67.9percent_probability_exceeding_20_total_cases,67.9,percent_probability_exceeding_20_total_cases,,,83.07,83.2,84.055,83.465,84.22,83.52,83.69,83.835
67.9percent_probability_exceeding_3_total_cases,67.9,percent_probability_exceeding_3_total_cases,81.43,83.765,84.34,84.275,84.87,84.3,84.995,84.44,84.555,84.655
67.9percent_probability_exceeding_50_total_cases,67.9,percent_probability_exceeding_50_total_cases,,,,83.2,84.055,83.465,84.22,83.52,83.69,83.835
67.9total_infected_mean,67.9,total_infected_mean,3.4328,7.4889,27.35355,66.99105,134.35155,199.66835,268.29185,399.46925,666.82945,1334.95685
67.9total_infected_median,67.9,total_infected_median,4,9,33,80,160,239,318,478,796,1591
67.9total_infected_q2.5,67.9,total_infected_q2.5,1,1,1,1,1,1,1,1,1,1
67.9total_infected_q97.5,67.9,total_infected_q97.5,4,9,33,81,161,241,321,482,801,1599
68percent_probability_exceeding_10_total_cases,68,percent_probability_exceeding_10_total_cases,,,81.985,82.875,83.84,83.69,83.45,83.565,83.195,84.025
68percent_probability_exceeding_20_total_cases,68,percent_probability_exceeding_20_total_cases,,,81.935,82.86,83.835,83.69,83.45,83.56,83.19,84.025
68percent_probability_exceeding_3_total_cases,68,percent_probability_exceeding_3_total_cases,81.43,81.065,83.255,83.895,84.74,84.53,84.245,84.455,84.11,84.835
68percent_probability_exceeding_50_total_cases,68,percent_probability_exceeding_50_total_cases,,,,82.86,83.835,83.69,83.45,83.56,83.19,84.025
68total_infected_mean,68,total_infected_mean,3.4328,6.4123,26.1392,65.86515,133.14665,199.34215,264.97755,397.9671,660.2566,1333.62205
68total_infected_median,68,total_infected_median,4,8,32,79,159,238,317,476,793,1586
68total_infected_q2.5,68,total_infected_q2.5,1,1,1,1,1,1,1,1,1,1
68total_infected_q97.5,68,total_infected_q97.5,4,8,32,80,160,240,320,480,798,1594
68.5percent_probability_exceeding_10_total_cases,68.5,percent_probability_exceeding_10_total_cases,,,81.985,83.05,83.015,83.07,83.28,83.445,82.885,83.165
68.5percent_probability_exceeding_20_total_cases,68.5,percent_probability_exceeding_20_total_cases,,,81.935,83.04,83.01,83.07,83.275,83.445,82.885,83.165
68.5percent_probability_exceeding_3_total_cases,68.5,percent_probability_exceeding_3_total_cases,81.43,81.065,83.255,84.07,84.02,83.955,84.165,84.305,83.82,84.045
68.5percent_probability_exceeding_50_total_cases,68.5,percent_probability_exceeding_50_total_cases,,,,83.04,83.01,83.07,83.275,83.445,82.885,83.165
68.5total_infected_mean,68.5,total_infected_mean,3.4328,6.4123,26.1392,65.1416,130.13335,195.2887,260.1057,391.356,647.54,1298.49905
68.5total_infected_median,68.5,total_infected_median,4,8,32,78,156,235,312,468,780,1560
68.5total_infected_q2.5,68.5,total_infected_q2.5,1,1,1,1,1,1,1,1,1,1
68.5total_infected_q97.5,68.5,total_infected_q97.5,4,8,32,79,158,237,315,472,786,1568
68.8percent_probability_exceeding_10_total_cases,68.8,percent_probability_exceeding_10_total_cases,,,81.985,82.345,83.025,82.77,82.95,83.09,82.96,83.365
68.8percent_probability_exceeding_20_total_cases,68.8,percent_probability_exceeding_20_total_cases,,,81.935,82.34,83.02,82.77,82.95,83.09,82.96,83.36
68.8percent_probability_exceeding_3_total_cases,68.8,percent_probability_exceeding_3_total_cases,81.43,81.065,83.255,83.27,83.995,83.82,83.925,84.03,83.895,84.22
68.8percent_probability_exceeding_50_total_cases,68.8,percent_probability_exceeding_50_total_cases,,,,82.34,83.02,82.77,82.95,83.09,82.96,83.36
68.8total_infected_mean,68.8,total_infected_mean,3.4328,6.4123,26.1392,63.747,128.41945,192.0164,256.54175,385.38665,642.1346,1289.5031
68.8total_infected_median,68.8,total_infected_median,4,8,32,77,154,232,309,463,773,1546
68.8total_infected_q2.5,68.8,total_infected_q2.5,1,1,1,1,1,1,1,1,1,1
68.8total_infected_q97.5,68.8,total_infected_q97.5,4,8,32,78,156,234,312,467,779,1554
69percent_probability_exceeding_10_total_cases,69,percent_probability_exceeding_10_total_cases,,,81.565,82.345,83.15,82.82,83.075,82.97,83.015,82.825
69percent_probability_exceeding_20_total_cases,69,percent_probability_exceeding_20_total_cases,,,81.515,82.34,83.145,82.815,83.075,82.965,83.01,82.815
69percent_probability_exceeding_3_total_cases,69,percent_probability_exceeding_3_total_cases,81.43,81.065,82.96,83.27,84.05,83.875,83.93,83.985,83.815,83.795
69percent_probability_exceeding_50_total_cases,69,percent_probability_exceeding_50_total_cases,,,,82.34,83.145,82.815,83.075,82.965,83.01,82.815
69total_infected_mean,69,total_infected_mean,3.4328,6.4123,25.15515,63.747,127.7492,191.2784,255.1786,382.2628,637.34415,1271.56255
69total_infected_median,69,total_infected_median,4,8,31,77,153,231,307,460,767,1534
69total_infected_q2.5,69,total_infected_q2.5,1,1,1,1,1,1,1,1,1,1
69total_infected_q97.5,69,total_infected_q97.5,4,8,31,78,155,233,310,464,773,1543
69.2percent_probability_exceeding_10_total_cases,69.2,percent_probability_exceeding_10_total_cases,,,81.565,82.845,83.075,82.73,82.74,82.93,82.94,83.085
69.2percent_probability_exceeding_20_total_cases,69.2,percent_probability_exceeding_20_total_cases,,,81.515,82.835,83.075,82.725,82.74,82.93,82.94,83.08
69.2percent_probability_exceeding_3_total_cases,69.2,percent_probability_exceeding_3_total_cases,81.43,81.065,82.96,83.93,84.05,83.665,83.745,83.93,83.85,84.04
69.2percent_probability_exceeding_50_total_cases,69.2,percent_probability_exceeding_50_total_cases,,,,82.835,83.075,82.725,82.74,82.93,82.94,83.08
69.2total_infected_mean,69.2,total_infected_mean,3.4328,6.4123,25.15515,63.2489,126.7713,189.34025,252.4503,379.49505,632.483,1266.9722
69.2total_infected_median,69.2,total_infected_median,4,8,31,76,152,228,305,457,762,1524
69.2total_infected_q2.5,69.2,total_infected_q2.5,1,1,1,1,1,1,1,1,1,1
69.2total_infected_q97.5,69.2,total_infected_q97.5,4,8,31,77,154,231,308,461,768,1532
69.5percent_probability_exceeding_10_total_cases,69.5,percent_probability_exceeding_10_total_cases,,,81.565,82.845,82.485,82.45,82.58,82.535,82.86,82.81
69.5percent_probability_exceeding_20_total_cases,69.5,percent_probability_exceeding_20_total_cases,,,81.515,82.835,82.48,82.45,82.575,82.525,82.855,82.81
69.5percent_probability_exceeding_3_total_cases,69.5,percent_probability_exceeding_3_total_cases,81.43,81.065,82.96,83.93,83.705,83.465,83.495,83.51,83.855,83.66
69.5percent_probability_exceeding_50_total_cases,69.5,percent_probability_exceeding_50_total_cases,,,,82.835,82.48,82.45,82.575,82.525,82.855,82.81
69.5total_infected_mean,69.5,total_infected_mean,3.4328,6.4123,25.15515,63.2489,125.02345,186.97915,249.3748,374.2218,625.79345,1250.0379
69.5total_infected_median,69.5,total_infected_median,4,8,31,76,151,226,301,453,754,1508
69.5total_infected_q2.5,69.5,total_infected_q2.5,1,1,1,1,1,1,1,1,1,1
69.5total_infected_q97.5,69.5,total_infected_q97.5,4,8,31,77,153,229,305,457,760,1517
69.6percent_probability_exceeding_10_total_cases,69.6,percent_probability_exceeding_10_total_cases,,,81.565,82.2,82.56,82.34,82.265,82.27,82.36,82.285
69.6percent_probability_exceeding_20_total_cases,69.6,percent_probability_exceeding_20_total_cases,,,81.515,82.2,82.555,82.34,82.26,82.27,82.355,82.285
69.6percent_probability_exceeding_3_total_cases,69.6,percent_probability_exceeding_3_total_cases,81.43,81.065,82.96,83.42,83.665,83.31,83.29,83.42,83.335,83.31
69.6percent_probability_exceeding_50_total_cases,69.6,percent_probability_exceeding_50_total_cases,,,,82.195,82.555,82.34,82.26,82.27,82.355,82.285
69.6total_infected_mean,69.6,total_infected_mean,3.4328,6.4123,25.15515,61.91785,124.26805,185.85625,247.572,371.3451,620.3272,1238.66415
69.6total_infected_median,69.6,total_infected_median,4,8,31,75,150,225,300,451,752,1504
69.6total_infected_q2.5,69.6,total_infected_q2.5,1,1,1,1,1,1,1,1,1,1
69.6total_infected_q97.5,69.6,total_infected_q97.5,4,8,31,76,152,228,304,455,758,1513
69.7percent_probability_exceeding_10_total_cases,69.7,percent_probability_exceeding_10_total_cases,,,81.565,82.2,82.56,82.34,82.45,81.765,82.125,82.385
69.7percent_probability_exceeding_20_total_cases,69.7,percent_probability_exceeding_20_total_cases,,,81.515,82.2,82.555,82.34,82.45,81.765,82.125,82.385
69.7percent_probability_exceeding_3_total_cases,69.7,percent_probability_exceeding_3_total_cases,81.43,81.065,82.96,83.42,83.665,83.31,83.535,82.825,83.185,83.395
69.7percent_probability_exceeding_50_total_cases,69.7,percent_probability_exceeding_50_total_cases,,,,82.195,82.555,82.34,82.45,81.765,82.125,82.385
69.7total_infected_mean,69.7,total_infected_mean,3.4328,6.4123,25.15515,61.91785,124.26805,185.85625,247.26625,368.20975,616.02775,1235.0079
69.7total_infected_median,69.7,total_infected_median,4,8,31,75,150,225,299,450,749,1498
69.7total_infected_q2.5,69.7,total_infected_q2.5,1,1,1,1,1,1,1,1,1,1
69.7total_infected_q97.5,69.7,total_infected_q97.5,4,8,31,76,152,228,303,454,755,1507
70percent_probability_exceeding_10_total_cases,70,percent_probability_exceeding_10_total_cases,,,81.115,82.25,82.075,82.51,82.1,82.25,82.23,82.11
70percent_probability_exceeding_20_total_cases,70,percent_probability_exceeding_20_total_cases,,,80.985,82.24,82.065,82.505,82.1,82.245,82.23,82.105
70percent_probability_exceeding_3_total_cases,70,percent_probability_exceeding_3_total_cases,67.275,81.065,82.74,83.51,83.225,83.5,83.235,83.435,83.27,83.215
70percent_probability_exceeding_50_total_cases,70,percent_probability_exceeding_50_total_cases,,,,82.24,82.065,82.505,82.1,82.245,82.23,82.105
70total_infected_mean,70,total_infected_mean,2.4545,6.4123,24.15485,61.10415,121.82055,183.6641,243.65505,366.0745,609.9524,1217.89715
70total_infected_median,70,total_infected_median,3,8,30,74,148,222,296,444,741,1482
70total_infected_q2.5,70,total_infected_q2.5,1,1,1,1,1,1,1,1,1,1
70total_infected_q97.5,70,total_infected_q97.5,3,8,30,75,150,225,300,449,747,1491
70.4percent_probability_exceeding_10_total_cases,70.4,percent_probability_exceeding_10_total_cases,,,81.115,81.895,81.92,81.58,81.86,82.095,81.81,81.45
70.4percent_probability_exceeding_20_total_cases,70.4,percent_probability_exceeding_20_total_cases,,,80.985,81.895,81.915,81.58,81.855,82.09,81.805,81.445
70.4percent_probability_exceeding_3_total_cases,70.4,percent_probability_exceeding_3_total_cases,67.275,81.065,82.74,82.99,83.075,82.84,82.99,83.15,82.745,82.665
70.4percent_probability_exceeding_50_total_cases,70.4,percent_probability_exceeding_50_total_cases,,,,81.895,81.915,81.58,81.855,82.09,81.805,81.445
70.4total_infected_mean,70.4,total_infected_mean,2.4545,6.4123,24.15485,59.9758,119.88265,179.06985,239.51835,360.23675,598.2661,1191.14055
70.4total_infected_median,70.4,total_infected_median,3,8,30,73,146,219,292,438,730,1461
70.4total_infected_q2.5,70.4,total_infected_q2.5,1,1,1,1,1,1,1,1,1,1
70.4total_infected_q97.5,70.4,total_infected_q97.5,3,8,30,74,148,222,296,443,737,1471
70.5percent_probability_exceeding_10_total_cases,70.5,percent_probability_exceeding_10_total_cases,,,81.115,81.895,81.92,81.58,82.2,81.86,81.3,82.16
70.5percent_probability_exceeding_20_total_cases,70.5,percent_probability_exceeding_20_total_cases,,,80.985,81.895,81.915,81.58,82.195,81.86,81.3,82.16
70.5percent_probability_exceeding_3_total_cases,70.5,percent_probability_exceeding_3_total_cases,67.275,81.065,82.74,82.99,83.075,82.84,83.37,82.97,82.35,83.235
70.5percent_probability_exceeding_50_total_cases,70.5,percent_probability_exceeding_50_total_cases,,,,81.895,81.915,81.58,82.195,81.86,81.3,82.16
70.5total_infected_mean,70.5,total_infected_mean,2.4545,6.4123,24.15485,59.9758,119.88265,179.06985,239.6619,358.36955,592.89925,1197.30895
70.5total_infected_median,70.5,total_infected_median,3,8,30,73,146,219,291,437,728,1456
70.5total_infected_q2.5,70.5,total_infected_q2.5,1,1,1,1,1,1,1,1,1,1
70.5total_infected_q97.5,70.5,total_infected_q97.5,3,8,30,74,148,222,295,442,735,1466
70.8percent_probability_exceeding_10_total_cases,70.8,percent_probability_exceeding_10_total_cases,,,81.115,80.955,81.9,81.84,81.47,81.875,81.885,81.525
70.8percent_probability_exceeding_20_total_cases,70.8,percent_probability_exceeding_20_total_cases,,,80.985,80.94,81.9,81.835,81.465,81.87,81.87,81.52
70.8percent_probability_exceeding_3_total_cases,70.8,percent_probability_exceeding_3_total_cases,67.275,81.065,82.74,82.25,83.08,83.1,82.64,83.035,83.125,82.66
70.8percent_probability_exceeding_50_total_cases,70.8,percent_probability_exceeding_50_total_cases,,,,80.94,81.9,81.835,81.465,81.87,81.87,81.52
70.8total_infected_mean,70.8,total_infected_mean,2.4545,6.4123,24.15485,58.45015,118.15005,177.04685,234.9654,354.1283,590.149,1175.2404
70.8total_infected_median,70.8,total_infected_median,3,8,30,72,144,216,288,432,720,1440
70.8total_infected_q2.5,70.8,total_infected_q2.5,1,1,1,1,1,1,1,1,1,1
70.8total_infected_q97.5,70.8,total_infected_q97.5,3,8,30,73,146,219,292,437,726,1450
71percent_probability_exceeding_10_total_cases,71,percent_probability_exceeding_10_total_cases,,,80.1,80.955,81.115,81.51,81.375,81.265,81.495,81.825
71percent_probability_exceeding_20_total_cases,71,percent_probability_exceeding_20_total_cases,,,79.895,80.94,81.11,81.505,81.365,81.26,81.49,81.815
71percent_probability_exceeding_3_total_cases,71,percent_probability_exceeding_3_total_cases,67.275,81.065,81.9,82.25,82.45,82.81,82.455,82.415,82.63,83.04
71percent_probability_exceeding_50_total_cases,71,percent_probability_exceeding_50_total_cases,,,,80.94,81.11,81.505,81.365,81.26,81.49,81.815
71total_infected_mean,71,total_infected_mean,2.4545,6.4123,23.02585,58.45015,116.1795,175.4825,232.98315,348.96895,583.17355,1170.9026
71total_infected_median,71,total_infected_median,3,8,29,72,143,215,286,429,715,1430
71total_infected_q2.5,71,total_infected_q2.5,1,1,1,1,1,1,1,1,1,1
71total_infected_q97.5,71,total_infected_q97.5,3,8,29,73,145,218,290,434,721,1440
71.4percent_probability_exceeding_10_total_cases,71.4,percent_probability_exceeding_10_total_cases,,,80.1,80.755,80.545,80.545,81.26,80.875,81.535,81.365
71.4percent_probability_exceeding_20_total_cases,71.4,percent_probability_exceeding_20_total_cases,,,79.895,80.735,80.53,80.54,81.255,80.875,81.53,81.36
71.4percent_probability_exceeding_3_total_cases,71.4,percent_probability_exceeding_3_total_cases,67.275,81.065,81.9,82.145,81.865,81.635,82.47,82.14,82.835,82.52
71.4percent_probability_exceeding_50_total_cases,71.4,percent_probability_exceeding_50_total_cases,,,,80.735,80.53,80.54,81.255,80.875,81.53,81.36
71.4total_infected_mean,71.4,total_infected_mean,2.4545,6.4123,23.02585,57.44715,113.64705,170.88075,229.25525,342.2013,574.884,1147.2905
71.4total_infected_median,71.4,total_infected_median,3,8,29,71,141,212,281,422,704,1409
71.4total_infected_q2.5,71.4,total_infected_q2.5,1,1,1,1,1,1,1,1,1,1
71.4total_infected_q97.5,71.4,total_infected_q97.5,3,8,29,72,143,215,286,427,711,1419
71.5percent_probability_exceeding_10_total_cases,71.5,percent_probability_exceeding_10_total_cases,,,80.1,80.755,80.545,80.925,80.805,81.085,81.12,81.195
71.5percent_probability_exceeding_20_total_cases,71.5,percent_probability_exceeding_20_total_cases,,,79.895,80.735,80.53,80.915,80.805,81.07,81.12,81.185
71.5percent_probability_exceeding_3_total_cases,71.5,percent_probability_exceeding_3_total_cases,67.275,81.065,81.9,82.145,81.865,82.1,82.04,82.13,82.205,82.445
71.5percent_probability_exceeding_50_total_cases,71.5,percent_probability_exceeding_50_total_cases,,,,80.735,80.53,80.915,80.805,81.07,81.12,81.185
71.5total_infected_mean,71.5,total_infected_mean,2.4545,6.4123,23.02585,57.44715,113.64705,170.81455,227.1198,342.1769,570.33565,1140.57045
71.5total_infected_median,71.5,total_infected_median,3,8,29,71,141,210,280,421,702,1403
71.5total_infected_q2.5,71.5,total_infected_q2.5,1,1,1,1,1,1,1,1,1,1
71.5total_infected_q97.5,71.5,total_infected_q97.5,3,8,29,72,143,214,284,427,709,1414
72percent_probability_exceeding_10_total_cases,72,percent_probability_exceeding_10_total_cases,,,78.565,79.595,80.475,80.19,80.505,80.59,80.81,80.865
72percent_probability_exceeding_20_total_cases,72,percent_probability_exceeding_20_total_cases,,,78.245,79.58,80.465,80.185,80.5,80.585,80.81,80.865
72percent_probability_exceeding_3_total_cases,72,percent_probability_exceeding_3_total_cases,67.275,77.765,80.575,81.14,81.785,81.51,81.805,81.98,82.16,82.005
72percent_probability_exceeding_50_total_cases,72,percent_probability_exceeding_50_total_cases,,,,79.58,80.465,80.185,80.5,80.585,80.81,80.865
72total_infected_mean,72,total_infected_mean,2.4545,5.38155,21.77215,54.9651,111.0131,165.90105,222.04255,333.381,557.1232,1114.7901
72total_infected_median,72,total_infected_median,3,7,27,69,137,206,275,413,688,1377
72total_infected_q2.5,72,total_infected_q2.5,1,1,1,1,1,1,1,1,1,1
72total_infected_q97.5,72,total_infected_q97.5,3,7,28,70,140,210,279,418,696,1388
72.2percent_probability_exceeding_10_total_cases,72.2,percent_probability_exceeding_10_total_cases,,,78.565,79.595,80.73,80.515,80.26,80.145,80.075,80.51
72.2percent_probability_exceeding_20_total_cases,72.2,percent_probability_exceeding_20_total_cases,,,78.245,79.58,80.725,80.515,80.25,80.14,80.075,80.51
72.2percent_probability_exceeding_3_total_cases,72.2,percent_probability_exceeding_3_total_cases,67.275,77.765,80.575,81.14,82.06,81.755,81.735,81.38,81.485,81.78
72.2percent_probability_exceeding_50_total_cases,72.2,percent_probability_exceeding_50_total_cases,,,,79.58,80.725,80.515,80.25,80.14,80.075,80.51
72.2total_infected_mean,72.2,total_infected_mean,2.4545,5.38155,21.77215,54.9651,110.5187,165.7311,219.653,328.97015,547.79225,1101.3506
72.2total_infected_median,72.2,total_infected_median,3,7,27,69,136,205,273,410,683,1366
72.2total_infected_q2.5,72.2,total_infected_q2.5,1,1,1,1,1,1,1,1,1,1
72.2total_infected_q97.5,72.2,total_infected_q97.5,3,7,28,70,139,209,277,415,690,1378
72.5percent_probability_exceeding_10_total_cases,72.5,percent_probability_exceeding_10_total_cases,,,78.565,79.54,80.265,80.135,80.105,80.485,80.375,80.78
72.5percent_probability_exceeding_20_total_cases,72.5,percent_probability_exceeding_20_total_cases,,,78.245,79.515,80.25,80.12,80.095,80.48,80.37,80.775
72.5percent_probability_exceeding_3_total_cases,72.5,percent_probability_exceeding_3_total_cases,67.275,77.765,80.575,81.075,81.665,81.58,81.495,81.685,81.55,82.01
72.5percent_probability_exceeding_50_total_cases,72.5,percent_probability_exceeding_50_total_cases,,,,79.515,80.25,80.12,80.095,80.48,80.37,80.775
72.5total_infected_mean,72.5,total_infected_mean,2.4545,5.38155,21.77215,54.0791,109.02615,163.2186,216.6617,326.94765,543.855,1092.20115
72.5total_infected_median,72.5,total_infected_median,3,7,27,68,135,203,270,405,675,1350
72.5total_infected_q2.5,72.5,total_infected_q2.5,1,1,1,1,1,1,1,1,1,1
72.5total_infected_q97.5,72.5,total_infected_q97.5,3,7,28,69,138,207,274,411,683,1362
72.7percent_probability_exceeding_10_total_cases,72.7,percent_probability_exceeding_10_total_cases,,,78.565,79.54,79.66,80.06,79.82,80.295,79.67,80.49
72.7percent_probability_exceeding_20_total_cases,72.7,percent_probability_exceeding_20_total_cases,,,78.245,79.515,79.65,80.055,79.815,80.29,79.645,80.485
72.7percent_probability_exceeding_3_total_cases,72.7,percent_probability_exceeding_3_total_cases,67.275,77.765,80.575,81.075,81.115,81.59,81.23,81.67,80.985,81.8
72.7percent_probability_exceeding_50_total_cases,72.7,percent_probability_exceeding_50_total_cases,,,,79.515,79.65,80.055,79.815,80.29,79.645,80.485
72.7total_infected_mean,72.7,total_infected_mean,2.4545,5.38155,21.77215,54.0791,107.383,161.4002,214.24275,323.6582,534.7226,1079.69575
72.7total_infected_median,72.7,total_infected_median,3,7,27,68,134,201,268,402,670,1340
72.7total_infected_q2.5,72.7,total_infected_q2.5,1,1,1,1,1,1,1,1,1,1
72.7total_infected_q97.5,72.7,total_infected_q97.5,3,7,28,69,137,205,272,408,678,1351
73percent_probability_exceeding_10_total_cases,73,percent_probability_exceeding_10_total_cases,,,77.74,78.84,79.81,79.53,79.735,79.815,80.105,80.305
73percent_probability_exceeding_20_total_cases,73,percent_probability_exceeding_20_total_cases,,,77.365,78.8,79.79,79.515,79.73,79.815,80.1,80.295
73percent_probability_exceeding_3_total_cases,73,percent_probability_exceeding_3_total_cases,67.275,77.765,79.78,80.44,81.28,81.015,81.195,81.165,81.595,81.7
73percent_probability_exceeding_50_total_cases,73,percent_probability_exceeding_50_total_cases,,,,78.795,79.79,79.515,79.73,79.815,80.1,80.295
73total_infected_mean,73,total_infected_mean,2.4545,5.38155,20.7233,52.74445,105.86835,158.63345,211.47655,317.5125,530.99055,1064.5157
73total_infected_median,73,total_infected_median,3,7,26,66,132,199,264,397,662,1324
73total_infected_q2.5,73,total_infected_q2.5,1,1,1,1,1,1,1,1,1,1
73total_infected_q97.5,73,total_infected_q97.5,3,7,27,68,135,203,269,403,670,1336
73.1percent_probability_exceeding_10_total_cases,73.1,percent_probability_exceeding_10_total_cases,,,77.74,78.84,79.81,79.345,79.67,79.48,79.55,80.1
73.1percent_probability_exceeding_20_total_cases,73.1,percent_probability_exceeding_20_total_cases,,,77.365,78.8,79.79,79.335,79.665,79.46,79.535,80.095
73.1percent_probability_exceeding_3_total_cases,73.1,percent_probability_exceeding_3_total_cases,67.275,77.765,79.78,80.44,81.28,80.755,81.035,80.96,81.035,81.505
73.1percent_probability_exceeding_50_total_cases,73.1,percent_probability_exceeding_50_total_cases,,,,78.795,79.79,79.335,79.665,79.46,79.535,80.095
73.1total_infected_mean,73.1,total_infected_mean,2.4545,5.38155,20.7233,52.74445,105.86835,157.4305,210.4635,315.2569,525.56425,1057.5656
73.1total_infected_median,73.1,total_infected_median,3,7,26,66,132,198,263,396,659,1318
73.1total_infected_q2.5,73.1,total_infected_q2.5,1,1,1,1,1,1,1,1,1,1
73.1total_infected_q97.5,73.1,total_infected_q97.5,3,7,27,68,135,202,268,402,668,1331
73.3percent_probability_exceeding_10_total_cases,73.3,percent_probability_exceeding_10_total_cases,,,77.74,78.55,79.335,79.295,79.325,79.28,79.785,79.24
73.3percent_probability_exceeding_20_total_cases,73.3,percent_probability_exceeding_20_total_cases,,,77.365,78.54,79.32,79.28,79.325,79.28,79.77,79.24
73.3percent_probability_exceeding_3_total_cases,73.3,percent_probability_exceeding_3_total_cases,67.275,77.765,79.78,80.36,80.755,80.825,80.685,80.72,81.105,80.78
73.3percent_probability_exceeding_50_total_cases,73.3,percent_probability_exceeding_50_total_cases,,,,78.54,79.32,79.28,79.325,79.28,79.77,79.24
73.3total_infected_mean,73.3,total_infected_mean,2.4545,5.38155,20.7233,51.76085,104.3925,156.4953,207.8786,312.0029,522.89625,1037.82795
73.3total_infected_median,73.3,total_infected_median,3,7,26,65,131,197,261,392,654,1308
73.3total_infected_q2.5,73.3,total_infected_q2.5,1,1,1,1,1,1,1,1,1,1
73.3total_infected_q97.5,73.3,total_infected_q97.5,3,7,27,67,134,201,266,399,662,1320
73.5percent_probability_exceeding_10_total_cases,73.5,percent_probability_exceeding_10_total_cases,,,77.74,78.55,79.22,78.905,78.87,79.675,79.565,78.985
73.5percent_probability_exceeding_20_total_cases,73.5,percent_probability_exceeding_20_total_cases,,,77.365,78.54,79.19,78.885,78.86,79.665,79.56,78.98
73.5percent_probability_exceeding_3_total_cases,73.5,percent_probability_exceeding_3_total_cases,67.275,77.765,79.78,80.36,80.84,80.675,80.28,81.115,80.985,80.295
73.5percent_probability_exceeding_50_total_cases,73.5,percent_probability_exceeding_50_total_cases,,,,78.54,79.19,78.885,78.86,79.665,79.56,78.98
73.5total_infected_mean,73.5,total_infected_mean,2.4545,5.38155,20.7233,51.76085,103.4044,154.0253,204.9622,310.98765,517.2416,1026.07765
73.5total_infected_median,73.5,total_infected_median,3,7,26,65,130,194,259,389,649,1297
73.5total_infected_q2.5,73.5,total_infected_q2.5,1,1,1,1,1,1,1,1,1,1
73.5total_infected_q97.5,73.5,total_infected_q97.5,3,7,27,67,133,199,264,396,657,1310
73.7percent_probability_exceeding_10_total_cases,73.7,percent_probability_exceeding_10_total_cases,,,77.74,78.46,79.19,78.45,79.175,79.15,79.13,79.08
73.7percent_probability_exceeding_20_total_cases,73.7,percent_probability_exceeding_20_total_cases,,,77.365,78.44,79.165,78.43,79.17,79.145,79.12,79.07
73.7percent_probability_exceeding_3_total_cases,73.7,percent_probability_exceeding_3_total_cases,67.275,77.765,79.78,80.095,80.775,80.12,80.61,80.845,80.72,80.65
73.7percent_probability_exceeding_50_total_cases,73.7,percent_probability_exceeding_50_total_cases,,,,78.44,79.165,78.43,79.17,79.145,79.12,79.07
73.7total_infected_mean,73.7,total_infected_mean,2.4545,5.38155,20.7233,50.83345,102.48805,152.291,204.0787,306.4316,510.2238,1018.7597
73.7total_infected_median,73.7,total_infected_median,3,7,26,64,129,193,257,386,643,1286
73.7total_infected_q2.5,73.7,total_infected_q2.5,1,1,1,1,1,1,1,1,1,1
73.7total_infected_q97.5,73.7,total_infected_q97.5,3,7,27,66,132,198,262,392,652,1299
74percent_probability_exceeding_10_total_cases,74,percent_probability_exceeding_10_total_cases,,,76.865,78.185,78.79,78.735,79.045,78.33,78.98,79.495
74percent_probability_exceeding_20_total_cases,74,percent_probability_exceeding_20_total_cases,,,75.935,78.155,78.765,78.715,79.04,78.31,78.965,79.49
74percent_probability_exceeding_3_total_cases,74,percent_probability_exceeding_3_total_cases,67.275,77.765,79.34,80.075,80.49,80.365,80.64,79.93,80.495,81.05
74percent_probability_exceeding_50_total_cases,74,percent_probability_exceeding_50_total_cases,,,,78.145,78.765,78.715,79.04,78.31,78.965,79.49
74total_infected_mean,74,total_infected_mean,2.4545,5.38155,19.66645,49.83705,100.32525,150.33405,201.2306,299.02535,502.4071,1011.4269
74total_infected_median,74,total_infected_median,3,7,25,63,127,190,254,381,635,1270
74total_infected_q2.5,74,total_infected_q2.5,1,1,1,1,1,1,1,1,1,1
74total_infected_q97.5,74,total_infected_q97.5,3,7,26,65,130,194,259,387,644,1283
74.1percent_probability_exceeding_10_total_cases,74.1,percent_probability_exceeding_10_total_cases,,,76.865,78.185,78.79,78.735,77.985,78.595,78.655,78.715
74.1percent_probability_exceeding_20_total_cases,74.1,percent_probability_exceeding_20_total_cases,,,75.935,78.155,78.765,78.715,77.97,78.59,78.645,78.69
74.1percent_probability_exceeding_3_total_cases,74.1,percent_probability_exceeding_3_total_cases,67.275,77.765,79.34,80.075,80.49,80.365,79.58,80.13,80.335,80.125
74.1percent_probability_exceeding_50_total_cases,74.1,percent_probability_exceeding_50_total_cases,,,,78.145,78.765,78.715,77.97,78.59,78.645,78.69
74.1total_infected_mean,74.1,total_infected_mean,2.4545,5.38155,19.66645,49.83705,100.32525,150.33405,197.67195,299.2242,498.72665,997.03185
74.1total_infected_median,74.1,total_infected_median,3,7,25,63,127,190,252,379,633,1265
74.1total_infected_q2.5,74.1,total_infected_q2.5,1,1,1,1,1,1,1,1,1,1
74.1total_infected_q97.5,74.1,total_infected_q97.5,3,7,26,65,130,194,258,386,642,1278
74.5percent_probability_exceeding_10_total_cases,74.5,percent_probability_exceeding_10_total_cases,,,76.865,78.015,77.785,78.52,78.135,78.245,78.585,78.44
74.5percent_probability_exceeding_20_total_cases,74.5,percent_probability_exceeding_20_total_cases,,,75.935,77.955,77.755,78.505,78.13,78.24,78.575,78.435
74.5percent_probability_exceeding_3_total_cases,74.5,percent_probability_exceeding_3_total_cases,67.275,77.765,79.34,80.02,79.4,80.185,79.825,79.885,80.25,80.085
74.5percent_probability_exceeding_50_total_cases,74.5,percent_probability_exceeding_50_total_cases,,,,77.9,77.755,78.505,78.13,78.24,78.575,78.435
74.5total_infected_mean,74.5,total_infected_mean,2.4545,5.38155,19.66645,48.86475,97.3853,147.3704,194.68655,292.9027,489.8548,977.0494
74.5total_infected_median,74.5,total_infected_median,3,7,25,62,124,187,248,373,622,1243
74.5total_infected_q2.5,74.5,total_infected_q2.5,1,1,1,1,1,1,1,1,1,1
74.5total_infected_q97.5,74.5,total_infected_q97.5,3,7,26,64,128,191,254,380,631,1257
74.6percent_probability_exceeding_10_total_cases,74.6,percent_probability_exceeding_10_total_cases,,,76.865,78.015,78.03,77.375,78.12,78.215,78.1,78.07
74.6percent_probability_exceeding_20_total_cases,74.6,percent_probability_exceeding_20_total_cases,,,75.935,77.955,78.015,77.35,78.11,78.205,78.09,78.07
74.6percent_probability_exceeding_3_total_cases,74.6,percent_probability_exceeding_3_total_cases,67.275,77.765,79.34,80.02,79.97,79.165,79.875,79.785,79.86,79.755
74.6percent_probability_exceeding_50_total_cases,74.6,percent_probability_exceeding_50_total_cases,,,,77.9,78.015,77.35,78.11,78.205,78.09,78.07
74.6total_infected_mean,74.6,total_infected_mean,2.4545,5.38155,19.66645,48.86475,96.82905,144.45575,193.8081,291.06255,484.33125,968.29465
74.6total_infected_median,74.6,total_infected_median,3,7,25,62,123,186,247,371,618,1238
74.6total_infected_q2.5,74.6,total_infected_q2.5,1,1,1,1,1,1,1,1,1,1
74.6total_infected_q97.5,74.6,total_infected_q97.5,3,7,26,64,127,190,253,378,628,1252
75percent_probability_exceeding_10_total_cases,75,percent_probability_exceeding_10_total_cases,,,75.355,77.38,77.52,77.58,78.03,78.105,78.255,77.985
75percent_probability_exceeding_20_total_cases,75,percent_probability_exceeding_20_total_cases,,,73.64,77.365,77.5,77.555,78.015,78.085,78.24,77.985
75percent_probability_exceeding_3_total_cases,75,percent_probability_exceeding_3_total_cases,67.275,77.765,78.235,79.415,79.435,79.445,79.795,79.835,79.86,79.855
75percent_probability_exceeding_50_total_cases,75,percent_probability_exceeding_50_total_cases,,,,77.28,77.49,77.555,78.015,78.085,78.24,77.985
75total_infected_mean,75,total_infected_mean,2.4545,5.38155,18.48115,47.66155,94.5417,142.2888,190.22485,285.5736,476.87015,950.4
75total_infected_median,75,total_infected_median,3,7,24,61,121,182,243,364,608,1216
75total_infected_q2.5,75,total_infected_q2.5,1,1,1,1,1,1,1,1,1,1
75total_infected_q97.5,75,total_infected_q97.5,3,7,25,63,125,187,248,372,618,1231
75.5percent_probability_exceeding_10_total_cases,75.5,percent_probability_exceeding_10_total_cases,,,75.355,77.175,76.82,77.13,76.785,77.14,76.8,77.455
75.5percent_probability_exceeding_20_total_cases,75.5,percent_probability_exceeding_20_total_cases,,,73.64,77.135,76.765,77.12,76.775,77.13,76.765,77.425
75.5percent_probability_exceeding_3_total_cases,75.5,percent_probability_exceeding_3_total_cases,67.275,77.765,78.235,79.335,78.76,79.04,78.685,78.935,78.68,79.38
75.5percent_probability_exceeding_50_total_cases,75.5,percent_probability_exceeding_50_total_cases,,,,77.02,76.765,77.12,76.775,77.13,76.765,77.42
75.5total_infected_mean,75.5,total_infected_mean,2.4545,5.38155,18.48115,46.7004,92.01485,138.14875,183.07515,276.20095,457.9022,922.65465
75.5total_infected_median,75.5,total_infected_median,3,7,24,60,119,178,237,357,594,1189
75.5total_infected_q2.5,75.5,total_infected_q2.5,1,1,1,1,1,1,1,1,1,1
75.5total_infected_q97.5,75.5,total_infected_q97.5,3,7,25,62,123,183,243,364,605,1204
75.8percent_probability_exceeding_10_total_cases,75.8,percent_probability_exceeding_10_total_cases,,,75.355,76.3,76.585,76.77,76.495,77.29,76.89,77.23
75.8percent_probability_exceeding_20_total_cases,75.8,percent_probability_exceeding_20_total_cases,,,73.64,76.285,76.555,76.72,76.48,77.26,76.865,77.215
75.8percent_probability_exceeding_3_total_cases,75.8,percent_probability_exceeding_3_total_cases,67.275,77.765,78.235,78.6,78.845,78.765,78.37,79.125,78.765,79.165
75.8percent_probability_exceeding_50_total_cases,75.8,percent_probability_exceeding_50_total_cases,,,,76.01,76.555,76.72,76.48,77.26,76.865,77.215
75.8total_infected_mean,75.8,total_infected_mean,2.4545,5.38155,18.48115,45.34365,90.0694,135.79315,179.8758,272.4402,451.7857,907.5956
75.8total_infected_median,75.8,total_infected_median,3,7,24,59,117,176,234,351,586,1173
75.8total_infected_q2.5,75.8,total_infected_q2.5,1,1,1,1,1,1,1,1,1,1
75.8total_infected_q97.5,75.8,total_infected_q97.5,3,7,25,61,121,181,240,359,596,1188
75.9percent_probability_exceeding_10_total_cases,75.9,percent_probability_exceeding_10_total_cases,,,75.355,76.3,76.585,76.315,76.485,76.62,76.875,76.99
75.9percent_probability_exceeding_20_total_cases,75.9,percent_probability_exceeding_20_total_cases,,,73.64,76.285,76.555,76.29,76.44,76.6,76.86,76.965
75.9percent_probability_exceeding_3_total_cases,75.9,percent_probability_exceeding_3_total_cases,67.275,77.765,78.235,78.6,78.845,78.33,78.355,78.415,78.765,78.93
75.9percent_probability_exceeding_50_total_cases,75.9,percent_probability_exceeding_50_total_cases,,,,76.01,76.555,76.29,76.44,76.6,76.86,76.965
75.9total_infected_mean,75.9,total_infected_mean,2.4545,5.38155,18.48115,45.34365,90.0694,134.17725,178.9691,269.3036,450.1018,900.48345
75.9total_infected_median,75.9,total_infected_median,3,7,24,59,117,175,233,350,583,1167
75.9total_infected_q2.5,75.9,total_infected_q2.5,1,1,1,1,1,1,1,1,1,1
75.9total_infected_q97.5,75.9,total_infected_q97.5,3,7,25,61,121,180,239,358,594,1183
76percent_probability_exceeding_10_total_cases,76,percent_probability_exceeding_10_total_cases,,,74.085,75.885,75.86,76.13,76.32,76.69,76.705,76.85
76percent_probability_exceeding_20_total_cases,76,percent_probability_exceeding_20_total_cases,,,70.665,75.81,75.81,76.11,76.285,76.685,76.665,76.815
76percent_probability_exceeding_3_total_cases,76,percent_probability_exceeding_3_total_cases,67.275,72.765,77.525,78.23,78.02,78.32,78.245,78.605,78.74,78.735
76percent_probability_exceeding_50_total_cases,76,percent_probability_exceeding_50_total_cases,,,,75.33,75.81,76.11,76.285,76.685,76.665,76.815
76total_infected_mean,76,total_infected_mean,2.4545,4.37195,17.37765,44.23335,88.36575,133.0287,177.7802,267.96185,446.47275,894.53395
76total_infected_median,76,total_infected_median,3,6,23,58,115,174,232,348,580,1161
76total_infected_q2.5,76,total_infected_q2.5,1,1,1,1,1,1,1,1,1,1
76total_infected_q97.5,76,total_infected_q97.5,3,6,24,60,120,179,238,356,591,1178
76.2percent_probability_exceeding_10_total_cases,76.2,percent_probability_exceeding_10_total_cases,,,74.085,75.885,76.13,75.78,75.945,76.085,75.95,76.215
76.2percent_probability_exceeding_20_total_cases,76.2,percent_probability_exceeding_20_total_cases,,,70.665,75.81,76.11,75.765,75.92,76.055,75.92,76.18
76.2percent_probability_exceeding_3_total_cases,76.2,percent_probability_exceeding_3_total_cases,67.275,72.765,77.525,78.23,78.4,77.925,78.04,78.18,78,78.315
76.2percent_probability_exceeding_50_total_cases,76.2,percent_probability_exceeding_50_total_cases,,,,75.33,76.105,75.765,75.92,76.055,75.92,76.18
76.2total_infected_mean,76.2,total_infected_mean,2.4545,4.37195,17.37765,44.23335,87.87545,131.59705,175.24905,263.30745,438.00795,878.77975
76.2total_infected_median,76.2,total_infected_median,3,6,23,58,114,172,229,344,575,1150
76.2total_infected_q2.5,76.2,total_infected_q2.5,1,1,1,1,1,1,1,1,1,1
76.2total_infected_q97.5,76.2,total_infected_q97.5,3,6,24,60,119,178,236,353,586,1167
76.3percent_probability_exceeding_10_total_cases,76.3,percent_probability_exceeding_10_total_cases,,,74.085,75.885,76.13,75.625,76.07,76.6,76.465,76.69
76.3percent_probability_exceeding_20_total_cases,76.3,percent_probability_exceeding_20_total_cases,,,70.665,75.81,76.11,75.585,76.04,76.565,76.46,76.665
76.3percent_probability_exceeding_3_total_cases,76.3,percent_probability_exceeding_3_total_cases,67.275,72.765,77.525,78.23,78.4,77.625,78.04,78.665,78.54,78.695
76.3percent_probability_exceeding_50_total_cases,76.3,percent_probability_exceeding_50_total_cases,,,,75.33,76.105,75.585,76.04,76.565,76.46,76.665
76.3total_infected_mean,76.3,total_infected_mean,2.4545,4.37195,17.37765,44.23335,87.87545,130.4607,174.66145,264.2178,439.39595,880.2592
76.3total_infected_median,76.3,total_infected_median,3,6,23,58,114,171,228,343,572,1145
76.3total_infected_q2.5,76.3,total_infected_q2.5,1,1,1,1,1,1,1,1,1,1
76.3total_infected_q97.5,76.3,total_infected_q97.5,3,6,24,60,119,177,235,352,584,1162
76.5percent_probability_exceeding_10_total_cases,76.5,percent_probability_exceeding_10_total_cases,,,74.085,75.33,76.52,75.93,75.58,76.69,76.27,76.38
76.5percent_probability_exceeding_20_total_cases,76.5,percent_probability_exceeding_20_total_cases,,,70.665,75.205,76.485,75.9,75.545,76.66,76.24,76.36
76.5percent_probability_exceeding_3_total_cases,76.5,percent_probability_exceeding_3_total_cases,67.275,72.765,77.525,77.565,78.625,77.97,77.72,78.76,78.32,78.255
76.5percent_probability_exceeding_50_total_cases,76.5,percent_probability_exceeding_50_total_cases,,,,74.355,76.485,75.9,75.545,76.66,76.24,76.36
76.5total_infected_mean,76.5,total_infected_mean,2.4545,4.37195,17.37765,43.0843,87.5105,130.1649,171.95835,261.99675,433.9291,868.3784
76.5total_infected_median,76.5,total_infected_median,3,6,23,56,113,170,226,340,567,1134
76.5total_infected_q2.5,76.5,total_infected_q2.5,1,1,1,1,1,1,1,1,1,1
76.5total_infected_q97.5,76.5,total_infected_q97.5,3,6,24,59,118,176,233,349,578,1151
76.6percent_probability_exceeding_10_total_cases,76.6,percent_probability_exceeding_10_total_cases,,,74.085,75.33,76.085,76.025,75.15,76.385,75.755,75.83
76.6percent_probability_exceeding_20_total_cases,76.6,percent_probability_exceeding_20_total_cases,,,70.665,75.205,76.065,76.015,75.125,76.34,75.735,75.805
76.6percent_probability_exceeding_3_total_cases,76.6,percent_probability_exceeding_3_total_cases,67.275,72.765,77.525,77.565,78.275,78.165,77.48,78.5,77.955,77.975
76.6percent_probability_exceeding_50_total_cases,76.6,percent_probability_exceeding_50_total_cases,,,,74.355,76.065,76.015,75.125,76.335,75.735,75.805
76.6total_infected_mean,76.6,total_infected_mean,2.4545,4.37195,17.37765,43.0843,86.1552,129.5235,170.13755,259.30585,428.61665,857.962
76.6total_infected_median,76.6,total_infected_median,3,6,23,56,112,169,225,338,564,1128
76.6total_infected_q2.5,76.6,total_infected_q2.5,1,1,1,1,1,1,1,1,1,1
76.6total_infected_q97.5,76.6,total_infected_q97.5,3,6,24,59,117,175,232,346,575,1145
76.7percent_probability_exceeding_10_total_cases,76.7,percent_probability_exceeding_10_total_cases,,,74.085,75.33,76.085,76.19,75.815,75.785,75.625,76.29
76.7percent_probability_exceeding_20_total_cases,76.7,percent_probability_exceeding_20_total_cases,,,70.665,75.205,76.065,76.175,75.79,75.765,75.595,76.25
76.7percent_probability_exceeding_3_total_cases,76.7,percent_probability_exceeding_3_total_cases,67.275,72.765,77.525,77.565,78.275,78.21,77.87,77.895,77.685,78.23
76.7percent_probability_exceeding_50_total_cases,76.7,percent_probability_exceeding_50_total_cases,,,,74.355,76.065,76.175,75.79,75.765,75.595,76.25
76.7total_infected_mean,76.7,total_infected_mean,2.4545,4.37195,17.37765,43.0843,86.1552,128.9767,170.81995,256.50725,426.2324,858.82945
76.7total_infected_median,76.7,total_infected_median,3,6,23,56,112,168,224,337,561,1123
76.7total_infected_q2.5,76.7,total_infected_q2.5,1,1,1,1,1,1,1,1,1,1
76.7total_infected_q97.5,76.7,total_infected_q97.5,3,6,24,59,117,174,231,345,573,1140
76.8percent_probability_exceeding_10_total_cases,76.8,percent_probability_exceeding_10_total_cases,,,74.085,74.435,75.44,75.085,75.11,75.85,75.735,75.92
76.8percent_probability_exceeding_20_total_cases,76.8,percent_probability_exceeding_20_total_cases,,,70.665,74.32,75.39,75.055,75.07,75.82,75.73,75.905
76.8percent_probability_exceeding_3_total_cases,76.8,percent_probability_exceeding_3_total_cases,67.275,72.765,77.525,77.085,77.83,77.405,77.38,78.05,77.91,78.135
76.8percent_probability_exceeding_50_total_cases,76.8,percent_probability_exceeding_50_total_cases,,,,72.835,75.39,75.055,75.07,75.82,75.73,75.905
76.8total_infected_mean,76.8,total_infected_mean,2.4545,4.37195,17.37765,41.7408,84.5759,126.27155,168.3185,255.00035,424.45325,850.65035
76.8total_infected_median,76.8,total_infected_median,3,6,23,55,111,167,223,334,558,1117
76.8total_infected_q2.5,76.8,total_infected_q2.5,1,1,1,1,1,1,1,1,1,1
76.8total_infected_q97.5,76.8,total_infected_q97.5,3,6,24,58,116,173,230,343,570,1135
76.9percent_probability_exceeding_10_total_cases,76.9,percent_probability_exceeding_10_total_cases,,,74.085,74.435,75.44,75.085,75.18,75.565,75.93,75.87
76.9percent_probability_exceeding_20_total_cases,76.9,percent_probability_exceeding_20_total_cases,,,70.665,74.32,75.39,75.055,75.15,75.545,75.915,75.83
76.9percent_probability_exceeding_3_total_cases,76.9,percent_probability_exceeding_3_total_cases,67.275,72.765,77.525,77.085,77.83,77.405,77.315,77.64,77.95,78.11
76.9percent_probability_exceeding_50_total_cases,76.9,percent_probability_exceeding_50_total_cases,,,,72.835,75.39,75.055,75.15,75.545,75.915,75.83
76.9total_infected_mean,76.9,total_infected_mean,2.4545,4.37195,17.37765,41.7408,84.5759,126.27155,167.72315,253.3021,423.78485,845.7046
76.9total_infected_median,76.9,total_infected_median,3,6,23,55,111,167,221,333,556,1112
76.9total_infected_q2.5,76.9,total_infected_q2.5,1,1,1,1,1,1,1,1,1,1
76.9total_infected_q97.5,76.9,total_infected_q97.5,3,6,24,58,116,173,229,342,568,1129
77percent_probability_exceeding_10_total_cases,77,percent_probability_exceeding_10_total_cases,,,72.25,74.435,75.36,75.13,75.73,76.035,75.615,75.425
77percent_probability_exceeding_20_total_cases,77,percent_probability_exceeding_20_total_cases,,,65.805,74.32,75.3,75.11,75.7,76.01,75.595,75.395
77percent_probability_exceeding_3_total_cases,77,percent_probability_exceeding_3_total_cases,67.275,72.765,75.755,77.085,77.815,77.445,77.85,78.3,77.705,77.57
77percent_probability_exceeding_50_total_cases,77,percent_probability_exceeding_50_total_cases,,,,72.835,75.295,75.11,75.7,76.01,75.595,75.395
77total_infected_mean,77,total_infected_mean,2.4545,4.37195,16.16445,41.7408,83.64115,125.5182,168.0862,253.0885,419.5247,836.71525
77total_infected_median,77,total_infected_median,3,6,22,55,110,166,220,331,552,1106
77total_infected_q2.5,77,total_infected_q2.5,1,1,1,1,1,1,1,1,1,1
77total_infected_q97.5,77,total_infected_q97.5,3,6,23,58,115,172,228,340,565,1124
77.3percent_probability_exceeding_10_total_cases,77.3,percent_probability_exceeding_10_total_cases,,,72.25,74.275,75.1,75.475,74.66,74.435,75.205,74.95
77.3percent_probability_exceeding_20_total_cases,77.3,percent_probability_exceeding_20_total_cases,,,65.805,74.16,75.06,75.45,74.605,74.385,75.17,74.93
77.3percent_probability_exceeding_3_total_cases,77.3,percent_probability_exceeding_3_total_cases,67.275,72.765,75.755,77.05,77.535,77.83,76.825,76.755,77.515,77.26
77.3percent_probability_exceeding_50_total_cases,77.3,percent_probability_exceeding_50_total_cases,,,,71.425,75.06,75.445,74.6,74.385,75.17,74.93
77.3total_infected_mean,77.3,total_infected_mean,2.4545,4.37195,16.16445,40.8696,82.5873,124.42865,163.171,244.4451,411.4095,819.22785
77.3total_infected_median,77.3,total_infected_median,3,6,22,54,109,163,217,326,545,1090
77.3total_infected_q2.5,77.3,total_infected_q2.5,1,1,1,1,1,1,1,1,1,1
77.3total_infected_q97.5,77.3,total_infected_q97.5,3,6,23,57,114,170,224,336,557,1108
77.5percent_probability_exceeding_10_total_cases,77.5,percent_probability_exceeding_10_total_cases,,,72.25,74.275,75.02,74.925,74.43,74.75,75.47,74.925
77.5percent_probability_exceeding_20_total_cases,77.5,percent_probability_exceeding_20_total_cases,,,65.805,74.16,74.97,74.865,74.385,74.72,75.415,74.9
77.5percent_probability_exceeding_3_total_cases,77.5,percent_probability_exceeding_3_total_cases,67.275,72.765,75.755,77.05,77.36,77.295,76.92,77.1,77.615,77.325
77.5percent_probability_exceeding_50_total_cases,77.5,percent_probability_exceeding_50_total_cases,,,,71.425,74.97,74.865,74.385,74.715,75.405,74.9
77.5total_infected_mean,77.5,total_infected_mean,2.4545,4.37195,16.16445,40.8696,81.6047,121.77875,161.05615,243.06075,408.41625,810.58025
77.5total_infected_median,77.5,total_infected_median,3,6,22,54,108,161,215,323,539,1078
77.5total_infected_q2.5,77.5,total_infected_q2.5,1,1,1,1,1,1,1,1,1,1
77.5total_infected_q97.5,77.5,total_infected_q97.5,3,6,23,57,112,167,222,333,552,1097
77.8percent_probability_exceeding_10_total_cases,77.8,percent_probability_exceeding_10_total_cases,,,72.25,73.185,74.415,74.35,74.39,74.325,74.54,74.59
77.8percent_probability_exceeding_20_total_cases,77.8,percent_probability_exceeding_20_total_cases,,,65.805,73.06,74.355,74.29,74.335,74.27,74.5,74.545
77.8percent_probability_exceeding_3_total_cases,77.8,percent_probability_exceeding_3_total_cases,67.275,72.765,75.755,75.955,77.075,76.705,76.825,76.82,76.925,76.835
77.8percent_probability_exceeding_50_total_cases,77.8,percent_probability_exceeding_50_total_cases,,,,68.4,74.345,74.29,74.335,74.265,74.5,74.545
77.8total_infected_mean,77.8,total_infected_mean,2.4545,4.37195,16.16445,39.44345,79.32345,119.2272,158.5039,237.36445,396.91125,794.34705
77.8total_infected_median,77.8,total_infected_median,3,6,22,53,105,159,211,317,530,1061
77.8total_infected_q2.5,77.8,total_infected_q2.5,1,1,1,1,1,1,1,1,1,1
77.8total_infected_q97.5,77.8,total_infected_q97.5,3,6,23,56,110,165,219,327,543,1081
78percent_probability_exceeding_10_total_cases,78,percent_probability_exceeding_10_total_cases,,,70.72,73.04,73.395,73.05,73.6,73.55,74.445,74.495
78percent_probability_exceeding_20_total_cases,78,percent_probability_exceeding_20_total_cases,,,58.6,72.9,73.35,73.015,73.56,73.52,74.41,74.45
78percent_probability_exceeding_3_total_cases,78,percent_probability_exceeding_3_total_cases,67.275,72.765,75.13,75.84,76.14,75.58,76.165,76.08,76.68,76.815
78percent_probability_exceeding_50_total_cases,78,percent_probability_exceeding_50_total_cases,,,,64.85,73.345,73.01,73.555,73.52,74.405,74.45
78total_infected_mean,78,total_infected_mean,2.4545,4.37195,15.09285,38.56295,77.4558,115.523,155.2365,232.6304,392.32445,784.977
78total_infected_median,78,total_infected_median,3,6,20,52,104,156,209,314,524,1050
78total_infected_q2.5,78,total_infected_q2.5,1,1,1,1,1,1,1,1,1,1
78total_infected_q97.5,78,total_infected_q97.5,3,6,22,55,109,163,217,324,538,1070
78.3percent_probability_exceeding_10_total_cases,78.3,percent_probability_exceeding_10_total_cases,,,70.72,73.04,73.91,73.43,73.435,73.5,73.585,74.06
78.3percent_probability_exceeding_20_total_cases,78.3,percent_probability_exceeding_20_total_cases,,,58.6,72.9,73.84,73.37,73.425,73.455,73.54,74.015
78.3percent_probability_exceeding_3_total_cases,78.3,percent_probability_exceeding_3_total_cases,67.275,72.765,75.13,75.84,76.69,76.085,76.15,76.06,75.98,76.615
78.3percent_probability_exceeding_50_total_cases,78.3,percent_probability_exceeding_50_total_cases,,,,64.85,73.84,73.37,73.425,73.455,73.54,74.015
78.3total_infected_mean,78.3,total_infected_mean,2.4545,4.37195,15.09285,38.56295,77.1105,114.48905,152.44095,229.18765,382.02505,768.0293
78.3total_infected_median,78.3,total_infected_median,3,6,20,52,103,154,206,309,516,1033
78.3total_infected_q2.5,78.3,total_infected_q2.5,1,1,1,1,1,1,1,1,1,1
78.3total_infected_q97.5,78.3,total_infected_q97.5,3,6,22,55,108,161,214,320,530,1054
78.4percent_probability_exceeding_10_total_cases,78.4,percent_probability_exceeding_10_total_cases,,,70.72,72.97,73.565,73.41,73.3,73.65,73.94,73.595
78.4percent_probability_exceeding_20_total_cases,78.4,percent_probability_exceeding_20_total_cases,,,58.6,72.73,73.51,73.34,73.245,73.59,73.92,73.54
78.4percent_probability_exceeding_3_total_cases,78.4,percent_probability_exceeding_3_total_cases,67.275,72.765,75.13,76.2,76.195,76.085,75.77,76.115,76.41,76.26
78.4percent_probability_exceeding_50_total_cases,78.4,percent_probability_exceeding_50_total_cases,,,,58.28,73.5,73.34,73.245,73.59,73.92,73.54
78.4total_infected_mean,78.4,total_infected_mean,2.4545,4.37195,15.09285,37.64565,75.96325,113.6266,151.2807,227.87215,381.4345,759.0577
78.4total_infected_median,78.4,total_infected_median,3,6,20,51,102,153,204,307,513,1028
78.4total_infected_q2.5,78.4,total_infected_q2.5,1,1,1,1,1,1,1,1,1,1
78.4total_infected_q97.5,78.4,total_infected_q97.5,3,6,22,54,107,160,213,318,527,1048
78.5percent_probability_exceeding_10_total_cases,78.5,percent_probability_exceeding_10_total_cases,,,70.72,72.97,73.565,73.41,73.15,74.22,73.615,73.345
78.5percent_probability_exceeding_20_total_cases,78.5,percent_probability_exceeding_20_total_cases,,,58.6,72.73,73.51,73.34,73.09,74.175,73.585,73.305
78.5percent_probability_exceeding_3_total_cases,78.5,percent_probability_exceeding_3_total_cases,67.275,72.765,75.13,76.2,76.195,76.085,75.68,76.735,76.185,75.935
78.5percent_probability_exceeding_50_total_cases,78.5,percent_probability_exceeding_50_total_cases,,,,58.28,73.5,73.34,73.09,74.175,73.585,73.305
78.5total_infected_mean,78.5,total_infected_mean,2.4545,4.37195,15.09285,37.64565,75.96325,113.6266,150.1378,228.8761,378.067,752.5085
78.5total_infected_median,78.5,total_infected_median,3,6,20,51,102,153,203,306,510.5,1022
78.5total_infected_q2.5,78.5,total_infected_q2.5,1,1,1,1,1,1,1,1,1,1
78.5total_infected_q97.5,78.5,total_infected_q97.5,3,6,22,54,107,160,212,317,525,1043
78.6percent_probability_exceeding_10_total_cases,78.6,percent_probability_exceeding_10_total_cases,,,70.72,72.97,73.565,73.095,73.15,73.27,72.875,73.68
78.6percent_probability_exceeding_20_total_cases,78.6,percent_probability_exceeding_20_total_cases,,,58.6,72.73,73.51,73.045,73.09,73.21,72.845,73.645
78.6percent_probability_exceeding_3_total_cases,78.6,percent_probability_exceeding_3_total_cases,67.275,72.765,75.13,76.2,76.195,75.725,75.68,75.925,75.64,76.32
78.6percent_probability_exceeding_50_total_cases,78.6,percent_probability_exceeding_50_total_cases,,,,58.28,73.5,73.045,73.09,73.21,72.84,73.645
78.6total_infected_mean,78.6,total_infected_mean,2.4545,4.37195,15.09285,37.64565,75.96325,112.3432,150.1378,225.0773,372.78275,752.6426
78.6total_infected_median,78.6,total_infected_median,3,6,20,51,102,152,203,305,508,1017
78.6total_infected_q2.5,78.6,total_infected_q2.5,1,1,1,1,1,1,1,1,1,1
78.6total_infected_q97.5,78.6,total_infected_q97.5,3,6,22,54,107,159,212,316,523,1038
78.7percent_probability_exceeding_10_total_cases,78.7,percent_probability_exceeding_10_total_cases,,,70.72,72.97,73.395,72.885,72.99,73.03,73.425,72.89
78.7percent_probability_exceeding_20_total_cases,78.7,percent_probability_exceeding_20_total_cases,,,58.6,72.73,73.315,72.83,72.93,72.995,73.385,72.845
78.7percent_probability_exceeding_3_total_cases,78.7,percent_probability_exceeding_3_total_cases,67.275,72.765,75.13,76.2,76.35,75.575,75.705,75.525,76.105,75.56
78.7percent_probability_exceeding_50_total_cases,78.7,percent_probability_exceeding_50_total_cases,,,,58.28,73.31,72.83,72.93,72.995,73.385,72.845
78.7total_infected_mean,78.7,total_infected_mean,2.4545,4.37195,15.09285,37.64565,74.91755,111.20505,148.1608,222.83375,373.05315,739.6678
78.7total_infected_median,78.7,total_infected_median,3,6,20,51,101,151,201,303,505,1010
78.7total_infected_q2.5,78.7,total_infected_q2.5,1,1,1,1,1,1,1,1,1,1
78.7total_infected_q97.5,78.7,total_infected_q97.5,3,6,22,54,106,158,210,313,519,1032
79percent_probability_exceeding_10_total_cases,79,percent_probability_exceeding_10_total_cases,,,68.54,71.955,72.23,72.235,72.08,72.685,72.75,73.065
79percent_probability_exceeding_20_total_cases,79,percent_probability_exceeding_20_total_cases,,,45.805,71.69,72.135,72.185,72.03,72.625,72.665,73.025
79percent_probability_exceeding_3_total_cases,79,percent_probability_exceeding_3_total_cases,67.275,72.765,73.785,75.21,75.195,75.09,74.96,75.585,75.55,75.73
79percent_probability_exceeding_50_total_cases,79,percent_probability_exceeding_50_total_cases,,,,48.785,72.13,72.18,72.03,72.62,72.66,73.025
79total_infected_mean,79,total_infected_mean,2.4545,4.37195,13.9498,36.31645,72.10025,108.59195,143.9005,217.59495,362.7651,729.04555
79total_infected_median,79,total_infected_median,3,6,19,49,98,148,197,297,496,993
79total_infected_q2.5,79,total_infected_q2.5,1,1,1,1,1,1,1,1,1,1
79total_infected_q97.5,79,total_infected_q97.5,3,6,21,53,104,156,206,308,511,1015
79.1percent_probability_exceeding_10_total_cases,79.1,percent_probability_exceeding_10_total_cases,,,68.54,71.955,72.23,72.82,72.08,72.03,72.68,73.085
79.1percent_probability_exceeding_20_total_cases,79.1,percent_probability_exceeding_20_total_cases,,,45.805,71.69,72.135,72.735,72.03,71.945,72.605,73.025
79.1percent_probability_exceeding_3_total_cases,79.1,percent_probability_exceeding_3_total_cases,67.275,72.765,73.785,75.21,75.195,75.595,74.96,75.105,75.53,75.87
79.1percent_probability_exceeding_50_total_cases,79.1,percent_probability_exceeding_50_total_cases,,,,48.785,72.13,72.735,72.03,71.945,72.605,73.025
79.1total_infected_mean,79.1,total_infected_mean,2.4545,4.37195,13.9498,36.31645,72.10025,108.6007,143.9005,214.7602,360.88655,725.7842
79.1total_infected_median,79.1,total_infected_median,3,6,19,49,98,147,197,296,493,989
79.1total_infected_q2.5,79.1,total_infected_q2.5,1,1,1,1,1,1,1,1,1,1
79.1total_infected_q97.5,79.1,total_infected_q97.5,3,6,21,53,104,155,206,307,508,1011
79.2percent_probability_exceeding_10_total_cases,79.2,percent_probability_exceeding_10_total_cases,,,68.54,71.275,72.105,72.625,72.605,72.175,72.605,73.05
79.2percent_probability_exceeding_20_total_cases,79.2,percent_probability_exceeding_20_total_cases,,,45.805,71.035,72.025,72.52,72.54,72.1,72.545,72.995
79.2percent_probability_exceeding_3_total_cases,79.2,percent_probability_exceeding_3_total_cases,67.275,72.765,73.785,74.55,75.185,75.59,75.37,75.145,75.3,75.835
79.2percent_probability_exceeding_50_total_cases,79.2,percent_probability_exceeding_50_total_cases,,,,35.99,72.015,72.515,72.54,72.1,72.545,72.99
79.2total_infected_mean,79.2,total_infected_mean,2.4545,4.37195,13.9498,35.1927,71.13755,107.43495,143.2634,213.5606,358.07265,720.50145
79.2total_infected_median,79.2,total_infected_median,3,6,19,48,97,146,195,293,490,982
79.2total_infected_q2.5,79.2,total_infected_q2.5,1,1,1,1,1,1,1,1,1,1
79.2total_infected_q97.5,79.2,total_infected_q97.5,3,6,21,52,103,154,204,305,505,1004
79.3percent_probability_exceeding_10_total_cases,79.3,percent_probability_exceeding_10_total_cases,,,68.54,71.275,72.105,72.625,72.27,72.31,72.135,72.87
79.3percent_probability_exceeding_20_total_cases,79.3,percent_probability_exceeding_20_total_cases,,,45.805,71.035,72.025,72.52,72.215,72.245,72.095,72.785
79.3percent_probability_exceeding_3_total_cases,79.3,percent_probability_exceeding_3_total_cases,67.275,72.765,73.785,74.55,75.185,75.59,75.145,75.135,74.79,75.645
79.3percent_probability_exceeding_50_total_cases,79.3,percent_probability_exceeding_50_total_cases,,,,35.99,72.015,72.515,72.21,72.245,72.095,72.785
79.3total_infected_mean,79.3,total_infected_mean,2.4545,4.37195,13.9498,35.1927,71.13755,107.43495,141.80695,213.1426,354.29015,714.37105
79.3total_infected_median,79.3,total_infected_median,3,6,19,48,97,146,194,292,488,976
79.3total_infected_q2.5,79.3,total_infected_q2.5,1,1,1,1,1,1,1,1,1,1
79.3total_infected_q97.5,79.3,total_infected_q97.5,3,6,21,52,103,154,203,304,503,999
79.5percent_probability_exceeding_10_total_cases,79.5,percent_probability_exceeding_10_total_cases,,,68.54,71.275,71.14,72.085,71.555,72.275,71.96,72.415
79.5percent_probability_exceeding_20_total_cases,79.5,percent_probability_exceeding_20_total_cases,,,45.805,71.035,71,71.985,71.465,72.2,71.905,72.32
79.5percent_probability_exceeding_3_total_cases,79.5,percent_probability_exceeding_3_total_cases,67.275,72.765,73.785,74.55,74.19,75.14,74.64,75.165,75.125,75.33
79.5percent_probability_exceeding_50_total_cases,79.5,percent_probability_exceeding_50_total_cases,,,,35.99,70.98,71.98,71.465,72.2,71.905,72.32
79.5total_infected_mean,79.5,total_infected_mean,2.4545,4.37195,13.9498,35.1927,69.3801,104.99445,138.74945,210.61035,349.20715,701.7091
79.5total_infected_median,79.5,total_infected_median,3,6,19,48,96,144,192,289,482,965
79.5total_infected_q2.5,79.5,total_infected_q2.5,1,1,1,1,1,1,1,1,1,1
79.5total_infected_q97.5,79.5,total_infected_q97.5,3,6,21,52,102,152,201,300,498,988
80percent_probability_exceeding_10_total_cases,80,percent_probability_exceeding_10_total_cases,,,66.47,69.66,70.615,70.7,71.075,71.07,71.36,71.215
80percent_probability_exceeding_20_total_cases,80,percent_probability_exceeding_20_total_cases,,,25.38,69.255,70.45,70.54,71.015,71.02,71.28,71.15
80percent_probability_exceeding_3_total_cases,80,percent_probability_exceeding_3_total_cases,,64.985,72.765,73.38,74.05,74.015,74.435,74.43,74.34,74.33
80percent_probability_exceeding_50_total_cases,80,percent_probability_exceeding_50_total_cases,,,,7.7,70.435,70.54,71.015,71.02,71.28,71.15
80total_infected_mean,80,total_infected_mean,1.6287,3.42895,12.89325,32.74935,66.3994,99.72765,133.8084,200.74035,335.60475,669.8083
80total_infected_median,80,total_infected_median,2,4,18,46,92,139,186,279,467,935
80total_infected_q2.5,80,total_infected_q2.5,1,1,1,1,1,1,1,1,1,1
80total_infected_q97.5,80,total_infected_q97.5,2,5,20,50,99,147,196,292,483,960
80.2percent_probability_exceeding_10_total_cases,80.2,percent_probability_exceeding_10_total_cases,,,66.47,69.66,70.02,70.49,71.14,70.965,70.835,71.02
80.2percent_probability_exceeding_20_total_cases,80.2,percent_probability_exceeding_20_total_cases,,,25.38,69.255,69.865,70.36,71.02,70.92,70.73,70.94
80.2percent_probability_exceeding_3_total_cases,80.2,percent_probability_exceeding_3_total_cases,,64.985,72.765,73.38,73.435,73.77,74.215,74.165,73.95,74.15
80.2percent_probability_exceeding_50_total_cases,80.2,percent_probability_exceeding_50_total_cases,,,,7.7,69.84,70.36,71.02,70.915,70.725,70.925
80.2total_infected_mean,80.2,total_infected_mean,1.6287,3.42895,12.89325,32.74935,65.0651,98.6313,132.1553,197.87815,328.9653,659.5611
80.2total_infected_median,80.2,total_infected_median,2,4,18,46,91,138,183,275,461,924
80.2total_infected_q2.5,80.2,total_infected_q2.5,1,1,1,1,1,1,1,1,1,1
80.2total_infected_q97.5,80.2,total_infected_q97.5,2,5,20,50,98,146,194,288,478,948
80.4percent_probability_exceeding_10_total_cases,80.4,percent_probability_exceeding_10_total_cases,,,66.47,68.9,69.695,70.29,70.825,71.045,70.465,70.755
80.4percent_probability_exceeding_20_total_cases,80.4,percent_probability_exceeding_20_total_cases,,,25.38,68.495,69.575,70.16,70.72,70.99,70.37,70.7
80.4percent_probability_exceeding_3_total_cases,80.4,percent_probability_exceeding_3_total_cases,,64.985,72.765,72.915,73.405,73.825,73.965,74.115,73.565,74.06
80.4percent_probability_exceeding_50_total_cases,80.4,percent_probability_exceeding_50_total_cases,,,,,69.54,70.155,70.72,70.985,70.36,70.7
80.4total_infected_mean,80.4,total_infected_mean,1.6287,3.42895,12.89325,31.594,63.9496,96.77225,130.0111,195.7441,323.2345,649.34985
80.4total_infected_median,80.4,total_infected_median,2,4,18,44,90,135,181,272,455,912
80.4total_infected_q2.5,80.4,total_infected_q2.5,1,1,1,1,1,1,1,1,1,1
80.4total_infected_q97.5,80.4,total_infected_q97.5,2,5,20,49,97,144,191,285,472,938
80.5percent_probability_exceeding_10_total_cases,80.5,percent_probability_exceeding_10_total_cases,,,66.47,68.9,69.695,70.29,70.015,70.56,70.01,70.37
80.5percent_probability_exceeding_20_total_cases,80.5,percent_probability_exceeding_20_total_cases,,,25.38,68.495,69.575,70.16,69.885,70.45,69.92,70.29
80.5percent_probability_exceeding_3_total_cases,80.5,percent_probability_exceeding_3_total_cases,,64.985,72.765,72.915,73.405,73.825,73.42,73.83,73.405,73.79
80.5percent_probability_exceeding_50_total_cases,80.5,percent_probability_exceeding_50_total_cases,,,,,69.54,70.155,69.88,70.45,69.91,70.29
80.5total_infected_mean,80.5,total_infected_mean,1.6287,3.42895,12.89325,31.594,63.9496,96.77225,127.7197,193.38475,319.5611,641.61055
80.5total_infected_median,80.5,total_infected_median,2,4,18,44,90,135,180,271,452,906
80.5total_infected_q2.5,80.5,total_infected_q2.5,1,1,1,1,1,1,1,1,1,1
80.5total_infected_q97.5,80.5,total_infected_q97.5,2,5,20,49,97,144,190,284,470,932
80.6percent_probability_exceeding_10_total_cases,80.6,percent_probability_exceeding_10_total_cases,,,66.47,68.9,69.605,69.68,70.29,70.315,70.005,70.34
80.6percent_probability_exceeding_20_total_cases,80.6,percent_probability_exceeding_20_total_cases,,,25.38,68.495,69.37,69.565,70.175,70.22,69.845,70.25
80.6percent_probability_exceeding_3_total_cases,80.6,percent_probability_exceeding_3_total_cases,,64.985,72.765,72.915,73.345,73.05,73.505,73.96,73.41,73.64
80.6percent_probability_exceeding_50_total_cases,80.6,percent_probability_exceeding_50_total_cases,,,,,69.355,69.55,70.165,70.21,69.845,70.25
80.6total_infected_mean,80.6,total_infected_mean,1.6287,3.42895,12.89325,31.594,63.0087,95.1676,127.30345,191.1485,316.84235,637.1754
80.6total_infected_median,80.6,total_infected_median,2,4,18,44,88,134,178,269,449,900
80.6total_infected_q2.5,80.6,total_infected_q2.5,1,1,1,1,1,1,1,1,1,1
80.6total_infected_q97.5,80.6,total_infected_q97.5,2,5,20,49,96,143,189,282,467,926
80.8percent_probability_exceeding_10_total_cases,80.8,percent_probability_exceeding_10_total_cases,,,66.47,68.295,68.82,69.43,69.915,69.45,69.97,70.215
80.8percent_probability_exceeding_20_total_cases,80.8,percent_probability_exceeding_20_total_cases,,,25.38,67.695,68.615,69.315,69.775,69.37,69.905,70.075
80.8percent_probability_exceeding_3_total_cases,80.8,percent_probability_exceeding_3_total_cases,,64.985,72.765,72.8,72.77,73.04,73.385,72.88,73.41,73.605
80.8percent_probability_exceeding_50_total_cases,80.8,percent_probability_exceeding_50_total_cases,,,,,68.58,69.315,69.765,69.365,69.905,70.075
80.8total_infected_mean,80.8,total_infected_mean,1.6287,3.42895,12.89325,30.51955,61.5383,93.1484,125.0678,186.43675,312.9989,627.44875
80.8total_infected_median,80.8,total_infected_median,2,4,18,43,87,131,176,265,443,888
80.8total_infected_q2.5,80.8,total_infected_q2.5,1,1,1,1,1,1,1,1,1,1
80.8total_infected_q97.5,80.8,total_infected_q97.5,2,5,20,48,95,141,187,279,461,915
81percent_probability_exceeding_10_total_cases,81,percent_probability_exceeding_10_total_cases,,,63.45,68.295,69.09,68.925,69.085,68.77,69.45,69.68
81percent_probability_exceeding_20_total_cases,81,percent_probability_exceeding_20_total_cases,,,,67.695,68.86,68.8,68.965,68.63,69.315,69.57
81percent_probability_exceeding_3_total_cases,81,percent_probability_exceeding_3_total_cases,,64.985,70.74,72.8,72.79,72.795,72.595,72.415,73.09,73.09
81percent_probability_exceeding_50_total_cases,81,percent_probability_exceeding_50_total_cases,,,,,68.8,68.78,68.96,68.625,69.31,69.57
81total_infected_mean,81,total_infected_mean,1.6287,3.42895,11.7105,30.51955,60.9618,91.6439,122.0073,182.0248,306.3337,614.86165
81total_infected_median,81,total_infected_median,2,4,16,43,86,130,173,261,437,876
81total_infected_q2.5,81,total_infected_q2.5,1,1,1,1,1,1,1,1,1,1
81total_infected_q97.5,81,total_infected_q97.5,2,5,19,48,94,140,185,275,456,904
81.2percent_probability_exceeding_10_total_cases,81.2,percent_probability_exceeding_10_total_cases,,,63.45,67.735,68.99,69.03,68.83,68.755,69.29,69.655
81.2percent_probability_exceeding_20_total_cases,81.2,percent_probability_exceeding_20_total_cases,,,,67.12,68.715,68.845,68.635,68.635,69.15,69.575
81.2percent_probability_exceeding_3_total_cases,81.2,percent_probability_exceeding_3_total_cases,,64.985,70.74,72.26,73.02,72.81,72.605,72.59,72.82,73.195
81.2percent_probability_exceeding_50_total_cases,81.2,percent_probability_exceeding_50_total_cases,,,,,68.65,68.835,68.625,68.635,69.14,69.575
81.2total_infected_mean,81.2,total_infected_mean,1.6287,3.42895,11.7105,29.42805,59.9713,90.17515,119.81575,179.59535,301.64095,606.76
81.2total_infected_median,81.2,total_infected_median,2,4,16,42,85,128,171,257,431,865
81.2total_infected_q2.5,81.2,total_infected_q2.5,1,1,1,1,1,1,1,1,1,1
81.2total_infected_q97.5,81.2,total_infected_q97.5,2,5,19,47,93,138,183,272,450,892
81.4percent_probability_exceeding_10_total_cases,81.4,percent_probability_exceeding_10_total_cases,,,63.45,67.735,68.315,68.39,68.665,68.755,68.405,68.725
81.4percent_probability_exceeding_20_total_cases,81.4,percent_probability_exceeding_20_total_cases,,,,67.12,68.095,68.2,68.475,68.59,68.3,68.585
81.4percent_probability_exceeding_3_total_cases,81.4,percent_probability_exceeding_3_total_cases,,64.985,70.74,72.26,72.365,72.23,72.605,72.455,72.31,72.455
81.4percent_probability_exceeding_50_total_cases,81.4,percent_probability_exceeding_50_total_cases,,,,,68,68.19,68.465,68.575,68.295,68.58
81.4total_infected_mean,81.4,total_infected_mean,1.6287,3.42895,11.7105,29.42805,58.6691,88.53735,117.96725,177.07475,293.90485,589.94485
81.4total_infected_median,81.4,total_infected_median,2,4,16,42,83,127,169,254,425,852
81.4total_infected_q2.5,81.4,total_infected_q2.5,1,1,1,1,1,1,1,1,1,1
81.4total_infected_q97.5,81.4,total_infected_q97.5,2,5,19,47,91,137,181,269,444,881
81.5percent_probability_exceeding_10_total_cases,81.5,percent_probability_exceeding_10_total_cases,,,63.45,67.735,68.315,67.96,68.515,68.6,68.555,68.92
81.5percent_probability_exceeding_20_total_cases,81.5,percent_probability_exceeding_20_total_cases,,,,67.12,68.095,67.765,68.345,68.445,68.455,68.79
81.5percent_probability_exceeding_3_total_cases,81.5,percent_probability_exceeding_3_total_cases,,64.985,70.74,72.26,72.365,71.955,72.45,72.45,72.345,72.44
81.5percent_probability_exceeding_50_total_cases,81.5,percent_probability_exceeding_50_total_cases,,,,,68,67.74,68.34,68.445,68.445,68.78
81.5total_infected_mean,81.5,total_infected_mean,1.6287,3.42895,11.7105,29.42805,58.6691,87.14455,116.8477,175.9228,292.86485,587.80745
81.5total_infected_median,81.5,total_infected_median,2,4,16,42,83,125,167,252,422,847
81.5total_infected_q2.5,81.5,total_infected_q2.5,1,1,1,1,1,1,1,1,1,1
81.5total_infected_q97.5,81.5,total_infected_q97.5,2,5,19,47,91,135,179,268,442,876
81.6percent_probability_exceeding_10_total_cases,81.6,percent_probability_exceeding_10_total_cases,,,63.45,66.38,67.11,67.825,68.59,68.09,67.985,68.595
81.6percent_probability_exceeding_20_total_cases,81.6,percent_probability_exceeding_20_total_cases,,,,65.46,66.885,67.64,68.415,67.89,67.795,68.47
81.6percent_probability_exceeding_3_total_cases,81.6,percent_probability_exceeding_3_total_cases,,64.985,70.74,71.36,71.38,72.11,72.41,71.89,71.835,72.29
81.6percent_probability_exceeding_50_total_cases,81.6,percent_probability_exceeding_50_total_cases,,,,,66.74,67.62,68.4,67.88,67.775,68.47
81.6total_infected_mean,81.6,total_infected_mean,1.6287,3.42895,11.7105,28.01875,56.80565,86.17635,116.19645,172.9419,287.78475,581.0839
81.6total_infected_median,81.6,total_infected_median,2,4,16,40,82,124,166,250,419,840
81.6total_infected_q2.5,81.6,total_infected_q2.5,1,1,1,1,1,1,1,1,1,1
81.6total_infected_q97.5,81.6,total_infected_q97.5,2,5,19,46,90,134,178,265,439,870
81.8percent_probability_exceeding_10_total_cases,81.8,percent_probability_exceeding_10_total_cases,,,63.45,66.38,67.495,67.425,67.46,68.255,67.915,67.555
81.8percent_probability_exceeding_20_total_cases,81.8,percent_probability_exceeding_20_total_cases,,,,65.46,67.175,67.205,67.24,68.1,67.8,67.405
81.8percent_probability_exceeding_3_total_cases,81.8,percent_probability_exceeding_3_total_cases,,64.985,70.74,71.36,71.825,71.33,71.525,72.105,72.035,71.215
81.8percent_probability_exceeding_50_total_cases,81.8,percent_probability_exceeding_50_total_cases,,,,,67.095,67.175,67.23,68.1,67.795,67.405
81.8total_infected_mean,81.8,total_infected_mean,1.6287,3.42895,11.7105,28.01875,56.3127,84.84495,112.59145,171.02925,283.77195,564.17595
81.8total_infected_median,81.8,total_infected_median,2,4,16,40,81,123,163,246,412,828
81.8total_infected_q2.5,81.8,total_infected_q2.5,1,1,1,1,1,1,1,1,1,1
81.8total_infected_q97.5,81.8,total_infected_q97.5,2,5,19,46,89,133,176,262,433,859
82percent_probability_exceeding_10_total_cases,82,percent_probability_exceeding_10_total_cases,,,61.07,65.425,67.175,66.94,67.24,66.925,67.945,67.845
82percent_probability_exceeding_20_total_cases,82,percent_probability_exceeding_20_total_cases,,,,64.425,66.865,66.7,67.03,66.745,67.8,67.67
82percent_probability_exceeding_3_total_cases,82,percent_probability_exceeding_3_total_cases,,64.985,69.86,70.69,71.645,71.23,71.25,70.95,71.755,71.78
82percent_probability_exceeding_50_total_cases,82,percent_probability_exceeding_50_total_cases,,,,,66.695,66.65,67,66.73,67.795,67.665
82total_infected_mean,82,total_infected_mean,1.6287,3.42895,10.7268,26.86375,55.23815,82.60665,110.70665,165.23975,279.70365,558.3111
82total_infected_median,82,total_infected_median,2,4,15,39,80,120,161,242,406,816
82total_infected_q2.5,82,total_infected_q2.5,1,1,1,1,1,1,1,1,1,1
82total_infected_q97.5,82,total_infected_q97.5,2,5,18,45,88,131,174,259,428,848
82.1percent_probability_exceeding_10_total_cases,82.1,percent_probability_exceeding_10_total_cases,,,61.07,65.425,67.175,66.94,67.09,67.685,67.43,67.175
82.1percent_probability_exceeding_20_total_cases,82.1,percent_probability_exceeding_20_total_cases,,,,64.425,66.865,66.7,66.895,67.46,67.255,66.99
82.1percent_probability_exceeding_3_total_cases,82.1,percent_probability_exceeding_3_total_cases,,64.985,69.86,70.69,71.645,71.23,71.075,71.98,71.36,71.29
82.1percent_probability_exceeding_50_total_cases,82.1,percent_probability_exceeding_50_total_cases,,,,,66.695,66.65,66.87,67.45,67.245,66.98
82.1total_infected_mean,82.1,total_infected_mean,1.6287,3.42895,10.7268,26.86375,55.23815,82.60665,109.59935,166.18895,275.83195,548.64135
82.1total_infected_median,82.1,total_infected_median,2,4,15,39,80,120,159,241,404,810
82.1total_infected_q2.5,82.1,total_infected_q2.5,1,1,1,1,1,1,1,1,1,1
82.1total_infected_q97.5,82.1,total_infected_q97.5,2,5,18,45,88,131,173,258,425,842
82.2percent_probability_exceeding_10_total_cases,82.2,percent_probability_exceeding_10_total_cases,,,61.07,65.425,66.415,66.52,67.05,66.605,66.9,67.32
82.2percent_probability_exceeding_20_total_cases,82.2,percent_probability_exceeding_20_total_cases,,,,64.425,66.055,66.325,66.845,66.43,66.715,67.105
82.2percent_probability_exceeding_3_total_cases,82.2,percent_probability_exceeding_3_total_cases,,64.985,69.86,70.69,71.165,70.985,71.285,70.745,71.32,71.55
82.2percent_probability_exceeding_50_total_cases,82.2,percent_probability_exceeding_50_total_cases,,,,,65.865,66.305,66.82,66.42,66.705,67.095
82.2total_infected_mean,82.2,total_infected_mean,1.6287,3.42895,10.7268,26.86375,53.7947,81.41855,108.8001,162.1219,271.1343,545.7103
82.2total_infected_median,82.2,total_infected_median,2,4,15,39,78,119,158,239,399,804
82.2total_infected_q2.5,82.2,total_infected_q2.5,1,1,1,1,1,1,1,1,1,1
82.2total_infected_q97.5,82.2,total_infected_q97.5,2,5,18,45,87,130,172,256,422,836
82.4percent_probability_exceeding_10_total_cases,82.4,percent_probability_exceeding_10_total_cases,,,61.07,64.37,66.48,66.41,66.16,66.29,66.75,66.79
82.4percent_probability_exceeding_20_total_cases,82.4,percent_probability_exceeding_20_total_cases,,,,63.365,66.16,66.18,65.96,66.07,66.54,66.63
82.4percent_probability_exceeding_3_total_cases,82.4,percent_probability_exceeding_3_total_cases,,64.985,69.86,69.76,71.185,70.94,70.7,70.78,71.04,70.805
82.4percent_probability_exceeding_50_total_cases,82.4,percent_probability_exceeding_50_total_cases,,,,,65.96,66.145,65.92,66.05,66.53,66.63
82.4total_infected_mean,82.4,total_infected_mean,1.6287,3.42895,10.7268,25.69785,53.03785,79.5309,105.6744,158.8981,266.56295,533.8446
82.4total_infected_median,82.4,total_infected_median,2,4,15,37,77,116,155,235,393,791
82.4total_infected_q2.5,82.4,total_infected_q2.5,1,1,1,1,1,1,1,1,1,1
82.4total_infected_q97.5,82.4,total_infected_q97.5,2,5,18,44,86,128,169,252,416,824
82.6percent_probability_exceeding_10_total_cases,82.6,percent_probability_exceeding_10_total_cases,,,61.07,64.37,66.28,65.505,66.11,66.505,66.39,66.475
82.6percent_probability_exceeding_20_total_cases,82.6,percent_probability_exceeding_20_total_cases,,,,63.365,65.855,65.2,65.89,66.32,66.14,66.23
82.6percent_probability_exceeding_3_total_cases,82.6,percent_probability_exceeding_3_total_cases,,64.985,69.86,69.76,71.045,70.04,70.58,70.79,70.695,70.795
82.6percent_probability_exceeding_50_total_cases,82.6,percent_probability_exceeding_50_total_cases,,,,,65.635,65.16,65.865,66.285,66.12,66.22
82.6total_infected_mean,82.6,total_infected_mean,1.6287,3.42895,10.7268,25.69785,52.0197,77.6698,104.1308,157.0252,260.95995,522.58055
82.6total_infected_median,82.6,total_infected_median,2,4,15,37,75,115,153,231,387,779
82.6total_infected_q2.5,82.6,total_infected_q2.5,1,1,1,1,1,1,1,1,1,1
82.6total_infected_q97.5,82.6,total_infected_q97.5,2,5,18,44,85,127,167,249,411,813
82.8percent_probability_exceeding_10_total_cases,82.8,percent_probability_exceeding_10_total_cases,,,61.07,64.285,64.64,65.1,65.675,65.9,66.57,65.55
82.8percent_probability_exceeding_20_total_cases,82.8,percent_probability_exceeding_20_total_cases,,,,62.93,64.16,64.74,65.365,65.575,66.32,65.335
82.8percent_probability_exceeding_3_total_cases,82.8,percent_probability_exceeding_3_total_cases,,64.985,69.86,69.86,69.815,69.935,70.12,70.52,71.305,69.915
82.8percent_probability_exceeding_50_total_cases,82.8,percent_probability_exceeding_50_total_cases,,,,,63.895,64.69,65.31,65.565,66.295,65.33
82.8total_infected_mean,82.8,total_infected_mean,1.6287,3.42895,10.7268,24.84375,49.98265,75.57585,101.6874,152.96985,257.5597,507.6284
82.8total_infected_median,82.8,total_infected_median,2,4,15,36,74,112,150,227,381,766
82.8total_infected_q2.5,82.8,total_infected_q2.5,1,1,1,1,1,1,1,1,1,1
82.8total_infected_q97.5,82.8,total_infected_q97.5,2,5,18,43,84,125,165,245,404,801
82.9percent_probability_exceeding_10_total_cases,82.9,percent_probability_exceeding_10_total_cases,,,61.07,64.285,64.64,65.1,65.465,65.47,65.41,65.795
82.9percent_probability_exceeding_20_total_cases,82.9,percent_probability_exceeding_20_total_cases,,,,62.93,64.16,64.74,65.18,65.25,65.17,65.535
82.9percent_probability_exceeding_3_total_cases,82.9,percent_probability_exceeding_3_total_cases,,64.985,69.86,69.86,69.815,69.935,70.185,70.32,70.125,70.205
82.9percent_probability_exceeding_50_total_cases,82.9,percent_probability_exceeding_50_total_cases,,,,,63.895,64.69,65.15,65.235,65.145,65.53
82.9total_infected_mean,82.9,total_infected_mean,1.6287,3.42895,10.7268,24.84375,49.98265,75.57585,100.52155,151.4779,251.74615,505.26995
82.9total_infected_median,82.9,total_infected_median,2,4,15,36,74,112,149,226,378,760
82.9total_infected_q2.5,82.9,total_infected_q2.5,1,1,1,1,1,1,1,1,1,1
82.9total_infected_q97.5,82.9,total_infected_q97.5,2,5,18,43,84,125,164,244,402,795
83percent_probability_exceeding_10_total_cases,83,percent_probability_exceeding_10_total_cases,,,56.75,64.285,64.29,65.29,64.95,65.25,65.405,65.405
83percent_probability_exceeding_20_total_cases,83,percent_probability_exceeding_20_total_cases,,,,62.93,63.82,65.03,64.625,64.985,65.17,65.16
83percent_probability_exceeding_3_total_cases,83,percent_probability_exceeding_3_total_cases,,64.985,67.75,69.86,69.4,70.215,69.81,69.81,70.125,69.87
83percent_probability_exceeding_50_total_cases,83,percent_probability_exceeding_50_total_cases,,,,,63.425,64.95,64.555,64.955,65.14,65.135
83total_infected_mean,83,total_infected_mean,1.6287,3.42895,9.60395,24.84375,48.92985,74.967,98.86995,149.1705,249.25005,498.34165
83total_infected_median,83,total_infected_median,2,4,13,36,72,111,147,223,374,754
83total_infected_q2.5,83,total_infected_q2.5,1,1,1,1,1,1,1,1,1,1
83total_infected_q97.5,83,total_infected_q97.5,2,5,17,43,83,123,163,242,399,789
83.2percent_probability_exceeding_10_total_cases,83.2,percent_probability_exceeding_10_total_cases,,,56.75,61.965,63.885,64.25,64.14,64.605,65.175,64.895
83.2percent_probability_exceeding_20_total_cases,83.2,percent_probability_exceeding_20_total_cases,,,,60.425,63.35,63.8,63.705,64.285,64.905,64.665
83.2percent_probability_exceeding_3_total_cases,83.2,percent_probability_exceeding_3_total_cases,,64.985,67.75,68.17,69.195,69.29,69.085,69.425,70.04,69.295
83.2percent_probability_exceeding_50_total_cases,83.2,percent_probability_exceeding_50_total_cases,,,,,62.875,63.685,63.66,64.26,64.88,64.65
83.2total_infected_mean,83.2,total_infected_mean,1.6287,3.42895,9.60395,23.29135,47.75315,72.0837,95.91465,145.27245,244.24005,486.68525
83.2total_infected_median,83.2,total_infected_median,2,4,13,34,71,108,145,219,368,741
83.2total_infected_q2.5,83.2,total_infected_q2.5,1,1,1,1,1,1,1,1,1,1
83.2total_infected_q97.5,83.2,total_infected_q97.5,2,5,17,42,82,121,160,239,393,778
83.3percent_probability_exceeding_10_total_cases,83.3,percent_probability_exceeding_10_total_cases,,,56.75,61.965,63.885,64.25,64.43,64.74,64.21,64.615
83.3percent_probability_exceeding_20_total_cases,83.3,percent_probability_exceeding_20_total_cases,,,,60.425,63.35,63.8,64.095,64.375,63.9,64.39
83.3percent_probability_exceeding_3_total_cases,83.3,percent_probability_exceeding_3_total_cases,,64.985,67.75,68.17,69.195,69.29,69.56,69.48,69.005,69.505
83.3percent_probability_exceeding_50_total_cases,83.3,percent_probability_exceeding_50_total_cases,,,,,62.875,63.685,64.015,64.365,63.86,64.385
83.3total_infected_mean,83.3,total_infected_mean,1.6287,3.42895,9.60395,23.29135,47.75315,72.0837,95.71735,144.6718,238.9181,480.84
83.3total_infected_median,83.3,total_infected_median,2,4,13,34,71,108,143.5,218,365,734
83.3total_infected_q2.5,83.3,total_infected_q2.5,1,1,1,1,1,1,1,1,1,1
83.3total_infected_q97.5,83.3,total_infected_q97.5,2,5,17,42,82,121,159,237,391,772
83.4percent_probability_exceeding_10_total_cases,83.4,percent_probability_exceeding_10_total_cases,,,56.75,61.965,63.305,63.64,64.2,64.055,64.595,64.145
83.4percent_probability_exceeding_20_total_cases,83.4,percent_probability_exceeding_20_total_cases,,,,60.425,62.71,63.215,63.825,63.66,64.33,63.93
83.4percent_probability_exceeding_3_total_cases,83.4,percent_probability_exceeding_3_total_cases,,64.985,67.75,68.17,68.555,68.925,69.525,69.145,69.65,68.815
83.4percent_probability_exceeding_50_total_cases,83.4,percent_probability_exceeding_50_total_cases,,,,,62.12,63.125,63.74,63.645,64.31,63.91
83.4total_infected_mean,83.4,total_infected_mean,1.6287,3.42895,9.60395,23.29135,46.64285,70.68785,94.57485,141.5157,238.31745,473.4103
83.4total_infected_median,83.4,total_infected_median,2,4,13,34,70,106,142,215,361,728
83.4total_infected_q2.5,83.4,total_infected_q2.5,1,1,1,1,1,1,1,1,1,1
83.4total_infected_q97.5,83.4,total_infected_q97.5,2,5,17,42,81,120,158,235,387,766
83.6percent_probability_exceeding_10_total_cases,83.6,percent_probability_exceeding_10_total_cases,,,56.75,61.535,62.6,63.4,63.675,63.965,63.985,64.36
83.6percent_probability_exceeding_20_total_cases,83.6,percent_probability_exceeding_20_total_cases,,,,59.7,61.915,62.98,63.255,63.64,63.675,64.11
83.6percent_probability_exceeding_3_total_cases,83.6,percent_probability_exceeding_3_total_cases,,64.985,67.75,68.185,67.965,68.81,68.965,69.21,68.97,69.325
83.6percent_probability_exceeding_50_total_cases,83.6,percent_probability_exceeding_50_total_cases,,,,,61.115,62.865,63.18,63.6,63.66,64.095
83.6total_infected_mean,83.6,total_infected_mean,1.6287,3.42895,9.60395,22.40745,45.13485,68.83995,92.2743,139.0593,231.976,466.75005
83.6total_infected_median,83.6,total_infected_median,2,4,13,32,68,104,140,211,355,715
83.6total_infected_q2.5,83.6,total_infected_q2.5,1,1,1,1,1,1,1,1,1,1
83.6total_infected_q97.5,83.6,total_infected_q97.5,2,5,17,41,80,118,156,231,382,754
83.7percent_probability_exceeding_10_total_cases,83.7,percent_probability_exceeding_10_total_cases,,,56.75,61.535,62.6,63.4,63.35,63.475,63.935,63.39
83.7percent_probability_exceeding_20_total_cases,83.7,percent_probability_exceeding_20_total_cases,,,,59.7,61.915,62.98,63.01,63.18,63.645,63.105
83.7percent_probability_exceeding_3_total_cases,83.7,percent_probability_exceeding_3_total_cases,,64.985,67.75,68.185,67.965,68.81,68.69,68.75,69.1,68.335
83.7percent_probability_exceeding_50_total_cases,83.7,percent_probability_exceeding_50_total_cases,,,,,61.115,62.865,62.92,63.13,63.625,63.105
83.7total_infected_mean,83.7,total_infected_mean,1.6287,3.42895,9.60395,22.40745,45.13485,68.83995,91.05125,137.32405,230.1148,455.78965
83.7total_infected_median,83.7,total_infected_median,2,4,13,32,68,104,138,210,352,708
83.7total_infected_q2.5,83.7,total_infected_q2.5,1,1,1,1,1,1,1,1,1,1
83.7total_infected_q97.5,83.7,total_infected_q97.5,2,5,17,41,80,118,155,231,379.025,748
83.8percent_probability_exceeding_10_total_cases,83.8,percent_probability_exceeding_10_total_cases,,,56.75,61.535,62.55,63.74,63.865,63.355,63.625,64.14
83.8percent_probability_exceeding_20_total_cases,83.8,percent_probability_exceeding_20_total_cases,,,,59.7,61.775,63.33,63.455,62.945,63.305,63.79
83.8percent_probability_exceeding_3_total_cases,83.8,percent_probability_exceeding_3_total_cases,,64.985,67.75,68.185,68.16,69.11,69.175,68.685,68.63,69.27
83.8percent_probability_exceeding_50_total_cases,83.8,percent_probability_exceeding_50_total_cases,,,,,60.835,63.195,63.4,62.91,63.29,63.775
83.8total_infected_mean,83.8,total_infected_mean,1.6287,3.42895,9.60395,22.40745,44.306,68.37955,90.8477,135.28365,226.71045,456.57805
83.8total_infected_median,83.8,total_infected_median,2,4,13,32,66,102,137,207,348,702
83.8total_infected_q2.5,83.8,total_infected_q2.5,1,1,1,1,1,1,1,1,1,1
83.8total_infected_q97.5,83.8,total_infected_q97.5,2,5,17,41,78,117,153,228,376,742
83.9percent_probability_exceeding_10_total_cases,83.9,percent_probability_exceeding_10_total_cases,,,56.75,61.535,62.55,62.56,63.425,63.57,62.885,62.12
83.9percent_probability_exceeding_20_total_cases,83.9,percent_probability_exceeding_20_total_cases,,,,59.7,61.775,62.13,63.085,63.18,62.57,61.82
83.9percent_probability_exceeding_3_total_cases,83.9,percent_probability_exceeding_3_total_cases,,64.985,67.75,68.185,68.16,68.07,68.855,68.635,68.185,67.545
83.9percent_probability_exceeding_50_total_cases,83.9,percent_probability_exceeding_50_total_cases,,,,,60.835,61.98,62.985,63.145,62.56,61.81
83.9total_infected_mean,83.9,total_infected_mean,1.6287,3.42895,9.60395,22.40745,44.306,66.332,89.57575,134.97285,222.568,438.90545
83.9total_infected_median,83.9,total_infected_median,2,4,13,32,66,101,135,206,345,695
83.9total_infected_q2.5,83.9,total_infected_q2.5,1,1,1,1,1,1,1,1,1,1
83.9total_infected_q97.5,83.9,total_infected_q97.5,2,5,17,41,78,116,152,227,374,737
84percent_probability_exceeding_10_total_cases,84,percent_probability_exceeding_10_total_cases,,,51.76,59.995,61.195,62.35,62.515,62.48,62.73,63.385
84percent_probability_exceeding_20_total_cases,84,percent_probability_exceeding_20_total_cases,,,,57.615,60.53,61.835,62.07,62.08,62.365,63.035
84percent_probability_exceeding_3_total_cases,84,percent_probability_exceeding_3_total_cases,,54.515,65.515,67.375,67.115,68.305,67.93,68.08,67.965,68.735
84percent_probability_exceeding_50_total_cases,84,percent_probability_exceeding_50_total_cases,,,,,59.34,61.69,62.01,62.045,62.345,63.015
84total_infected_mean,84,total_infected_mean,1.6287,2.61925,8.5211,21.05265,42.6526,65.29315,87.3928,131.10865,219.41475,443.2634
84total_infected_median,84,total_infected_median,2,3,10,30,64,99,134,202,341,689
84total_infected_q2.5,84,total_infected_q2.5,1,1,1,1,1,1,1,1,1,1
84total_infected_q97.5,84,total_infected_q97.5,2,4,16,40,77,114,151,225,370,730
84.1percent_probability_exceeding_10_total_cases,84.1,percent_probability_exceeding_10_total_cases,,,51.76,59.995,61.195,62.35,62.085,62.44,62.35,63.04
84.1percent_probability_exceeding_20_total_cases,84.1,percent_probability_exceeding_20_total_cases,,,,57.615,60.53,61.835,61.555,62.01,62,62.665
84.1percent_probability_exceeding_3_total_cases,84.1,percent_probability_exceeding_3_total_cases,,54.515,65.515,67.375,67.115,68.305,67.835,68.095,67.875,68.48
84.1percent_probability_exceeding_50_total_cases,84.1,percent_probability_exceeding_50_total_cases,,,,,59.34,61.69,61.47,61.975,61.945,62.645
84.1total_infected_mean,84.1,total_infected_mean,1.6287,2.61925,8.5211,21.05265,42.6526,65.29315,85.92715,130.2073,216.4696,436.92545
84.1total_infected_median,84.1,total_infected_median,2,3,10,30,64,99,132,201,338,682
84.1total_infected_q2.5,84.1,total_infected_q2.5,1,1,1,1,1,1,1,1,1,1
84.1total_infected_q97.5,84.1,total_infected_q97.5,2,4,16,40,77,114,150,224,368,725
84.2percent_probability_exceeding_10_total_cases,84.2,percent_probability_exceeding_10_total_cases,,,51.76,59.995,61.585,62.545,61.55,62.465,62.35,62.605
84.2percent_probability_exceeding_20_total_cases,84.2,percent_probability_exceeding_20_total_cases,,,,57.615,60.81,62.035,61.145,62.1,61.925,62.265
84.2percent_probability_exceeding_3_total_cases,84.2,percent_probability_exceeding_3_total_cases,,54.515,65.515,67.375,67.75,68.51,67.485,68.105,67.935,68.245
84.2percent_probability_exceeding_50_total_cases,84.2,percent_probability_exceeding_50_total_cases,,,,,59.155,61.835,61.06,62.085,61.885,62.235
84.2total_infected_mean,84.2,total_infected_mean,1.6287,2.61925,8.5211,21.05265,42.0751,64.6811,84.55965,128.8811,213.92305,430.14475
84.2total_infected_median,84.2,total_infected_median,2,3,10,30,63,98,130,199,334,675
84.2total_infected_q2.5,84.2,total_infected_q2.5,1,1,1,1,1,1,1,1,1,1
84.2total_infected_q97.5,84.2,total_infected_q97.5,2,4,16,40,76,113,149,221,364,719
84.4percent_probability_exceeding_10_total_cases,84.4,percent_probability_exceeding_10_total_cases,,,51.76,59.5,59.985,62.1,61.295,62.07,61.775,61.395
84.4percent_probability_exceeding_20_total_cases,84.4,percent_probability_exceeding_20_total_cases,,,,56.78,59.13,61.405,60.81,61.66,61.375,61
84.4percent_probability_exceeding_3_total_cases,84.4,percent_probability_exceeding_3_total_cases,,54.515,65.515,66.745,66.425,67.985,67.355,67.725,67.52,67.14
84.4percent_probability_exceeding_50_total_cases,84.4,percent_probability_exceeding_50_total_cases,,,,,57.64,61.17,60.685,61.555,61.34,60.98
84.4total_infected_mean,84.4,total_infected_mean,1.6287,2.61925,8.5211,20.17555,40.3692,62.4188,82.5275,125.46715,208.21835,413.9985
84.4total_infected_median,84.4,total_infected_median,2,3,10,29,61,95,127,194,327,662
84.4total_infected_q2.5,84.4,total_infected_q2.5,1,1,1,1,1,1,1,1,1,1
84.4total_infected_q97.5,84.4,total_infected_q97.5,2,4,16,38,75,111,147,218,358,706
84.6percent_probability_exceeding_10_total_cases,84.6,percent_probability_exceeding_10_total_cases,,,51.76,59.5,60.53,60.45,61.17,60.92,61.2,61.55
84.6percent_probability_exceeding_20_total_cases,84.6,percent_probability_exceeding_20_total_cases,,,,56.78,59.61,59.83,60.625,60.51,60.81,61.15
84.6percent_probability_exceeding_3_total_cases,84.6,percent_probability_exceeding_3_total_cases,,54.515,65.515,66.745,66.995,66.82,66.925,66.985,67.005,67.325
84.6percent_probability_exceeding_50_total_cases,84.6,percent_probability_exceeding_50_total_cases,,,,,57.55,59.605,60.495,60.455,60.755,61.12
84.6total_infected_mean,84.6,total_infected_mean,1.6287,2.61925,8.5211,20.17555,39.81765,60.1329,80.74275,120.9,202.39105,406.6996
84.6total_infected_median,84.6,total_infected_median,2,3,10,29,60,93,125,189,320,648
84.6total_infected_q2.5,84.6,total_infected_q2.5,1,1,1,1,1,1,1,1,1,1
84.6total_infected_q97.5,84.6,total_infected_q97.5,2,4,16,38,74,110,144,214,352,694
84.7percent_probability_exceeding_10_total_cases,84.7,percent_probability_exceeding_10_total_cases,,,51.76,59.5,60.53,60.14,60.555,60.995,60.675,61.06
84.7percent_probability_exceeding_20_total_cases,84.7,percent_probability_exceeding_20_total_cases,,,,56.78,59.61,59.45,60.015,60.61,60.155,60.625
84.7percent_probability_exceeding_3_total_cases,84.7,percent_probability_exceeding_3_total_cases,,54.515,65.515,66.745,66.995,66.155,66.485,67.115,66.905,66.66
84.7percent_probability_exceeding_50_total_cases,84.7,percent_probability_exceeding_50_total_cases,,,,,57.55,59.22,59.855,60.55,60.115,60.575
84.7total_infected_mean,84.7,total_infected_mean,1.6287,2.61925,8.5211,20.17555,39.81765,59.06585,79.16805,120.27935,198.86245,399.49065
84.7total_infected_median,84.7,total_infected_median,2,3,10,29,60,91,123,188,317,641
84.7total_infected_q2.5,84.7,total_infected_q2.5,1,1,1,1,1,1,1,1,1,1
84.7total_infected_q97.5,84.7,total_infected_q97.5,2,4,16,38,74,109,143,213,350,689
84.8percent_probability_exceeding_10_total_cases,84.8,percent_probability_exceeding_10_total_cases,,,51.76,57.965,59.715,60.78,60.86,60.41,61.175,60.905
84.8percent_probability_exceeding_20_total_cases,84.8,percent_probability_exceeding_20_total_cases,,,,54.87,58.825,59.955,60.285,59.855,60.675,60.5
84.8percent_probability_exceeding_3_total_cases,84.8,percent_probability_exceeding_3_total_cases,,54.515,65.515,65.705,66.43,67.1,66.605,66.675,67.305,66.825
84.8percent_probability_exceeding_50_total_cases,84.8,percent_probability_exceeding_50_total_cases,,,,,56.24,59.605,60.16,59.75,60.63,60.465
84.8total_infected_mean,84.8,total_infected_mean,1.6287,2.61925,8.5211,18.98985,38.56915,58.8002,78.76425,117.22215,198.01755,395.16855
84.8total_infected_median,84.8,total_infected_median,2,3,10,26,58,90,122,185,313,635
84.8total_infected_q2.5,84.8,total_infected_q2.5,1,1,1,1,1,1,1,1,1,1
84.8total_infected_q97.5,84.8,total_infected_q97.5,2,4,16,37,73,108,142,211,346,683
85percent_probability_exceeding_10_total_cases,85,percent_probability_exceeding_10_total_cases,,,47.065,57.965,58.27,60.18,60.285,59.795,60.025,60.415
85percent_probability_exceeding_20_total_cases,85,percent_probability_exceeding_20_total_cases,,,,54.87,57.295,59.545,59.56,59.26,59.545,59.96
85percent_probability_exceeding_3_total_cases,85,percent_probability_exceeding_3_total_cases,,54.515,63.72,65.705,65.275,66.55,66.71,66.41,66.28,66.49
85percent_probability_exceeding_50_total_cases,85,percent_probability_exceeding_50_total_cases,,,,,54.12,59.1,59.39,59.17,59.475,59.925
85total_infected_mean,85,total_infected_mean,1.6287,2.61925,7.646,18.98985,36.87015,57.5593,76.2631,113.8653,190.59635,383.74775
85total_infected_median,85,total_infected_median,2,3,8,26,55,89,119,180,306,621
85total_infected_q2.5,85,total_infected_q2.5,1,1,1,1,1,1,1,1,1,1
85total_infected_q97.5,85,total_infected_q97.5,2,4,15,37,72,106,140,207,340,670
85.1percent_probability_exceeding_10_total_cases,85.1,percent_probability_exceeding_10_total_cases,,,47.065,57.965,58.27,59.44,59.585,59.965,59.865,60.16
85.1percent_probability_exceeding_20_total_cases,85.1,percent_probability_exceeding_20_total_cases,,,,54.87,57.295,58.62,58.865,59.27,59.45,59.67
85.1percent_probability_exceeding_3_total_cases,85.1,percent_probability_exceeding_3_total_cases,,54.515,63.72,65.705,65.275,66.085,66.2,66.215,66.42,66.405
85.1percent_probability_exceeding_50_total_cases,85.1,percent_probability_exceeding_50_total_cases,,,,,54.12,58.18,58.645,59.19,59.4,59.615
85.1total_infected_mean,85.1,total_infected_mean,1.6287,2.61925,7.646,18.98985,36.87015,55.9205,74.67695,113.1955,188.897,378.0331
85.1total_infected_median,85.1,total_infected_median,2,3,8,26,55,86,116,179,303,614
85.1total_infected_q2.5,85.1,total_infected_q2.5,1,1,1,1,1,1,1,1,1,1
85.1total_infected_q97.5,85.1,total_infected_q97.5,2,4,15,37,72,105,139,206,338,664
85.2percent_probability_exceeding_10_total_cases,85.2,percent_probability_exceeding_10_total_cases,,,47.065,56.36,58.14,58.485,59.25,58.94,59.22,59.87
85.2percent_probability_exceeding_20_total_cases,85.2,percent_probability_exceeding_20_total_cases,,,,52.46,57.015,57.69,58.51,58.325,58.74,59.415
85.2percent_probability_exceeding_3_total_cases,85.2,percent_probability_exceeding_3_total_cases,,54.515,63.72,64.77,65.54,65.145,65.93,65.805,65.56,66.23
85.2percent_probability_exceeding_50_total_cases,85.2,percent_probability_exceeding_50_total_cases,,,,,53.12,57.275,58.285,58.185,58.665,59.39
85.2total_infected_mean,85.2,total_infected_mean,1.6287,2.61925,7.646,17.78955,36.0057,54.36585,73.487,109.73175,184.1937,372.6935
85.2total_infected_median,85.2,total_infected_median,2,3,8,23,54,84,115,176,298,607
85.2total_infected_q2.5,85.2,total_infected_q2.5,1,1,1,1,1,1,1,1,1,1
85.2total_infected_q97.5,85.2,total_infected_q97.5,2,4,15,36,71,104,138,204,334,658
85.3percent_probability_exceeding_10_total_cases,85.3,percent_probability_exceeding_10_total_cases,,,47.065,56.36,58.14,58.485,58.755,58.925,59.35,59.24
85.3percent_probability_exceeding_20_total_cases,85.3,percent_probability_exceeding_20_total_cases,,,,52.46,57.015,57.69,58.03,58.3,58.86,58.7
85.3percent_probability_exceeding_3_total_cases,85.3,percent_probability_exceeding_3_total_cases,,54.515,63.72,64.77,65.54,65.145,65.695,65.58,65.86,65.52
85.3percent_probability_exceeding_50_total_cases,85.3,percent_probability_exceeding_50_total_cases,,,,,53.12,57.275,57.755,58.2,58.78,58.635
85.3total_infected_mean,85.3,total_infected_mean,1.6287,2.61925,7.646,17.78955,36.0057,54.36585,72.06455,109.0602,182.9634,364.1666
85.3total_infected_median,85.3,total_infected_median,2,3,8,23,54,84,113,174,295,599
85.3total_infected_q2.5,85.3,total_infected_q2.5,1,1,1,1,1,1,1,1,1,1
85.3total_infected_q97.5,85.3,total_infected_q97.5,2,4,15,36,71,104,136,202,332,652
85.4percent_probability_exceeding_10_total_cases,85.4,percent_probability_exceeding_10_total_cases,,,47.065,56.36,57.455,58.495,58.18,57.78,58.87,59.005
85.4percent_probability_exceeding_20_total_cases,85.4,percent_probability_exceeding_20_total_cases,,,,52.46,56.165,57.72,57.475,57.18,58.285,58.42
85.4percent_probability_exceeding_3_total_cases,85.4,percent_probability_exceeding_3_total_cases,,54.515,63.72,64.77,64.955,65.26,65.235,64.735,65.42,65.28
85.4percent_probability_exceeding_50_total_cases,85.4,percent_probability_exceeding_50_total_cases,,,,,51.415,57.205,57.205,57.035,58.195,58.37
85.4total_infected_mean,85.4,total_infected_mean,1.6287,2.61925,7.646,17.78955,34.77625,53.6254,70.6575,105.46555,178.9363,358.5316
85.4total_infected_median,85.4,total_infected_median,2,3,8,23,51,83,111,170,291,592
85.4total_infected_q2.5,85.4,total_infected_q2.5,1,1,1,1,1,1,1,1,1,1
85.4total_infected_q97.5,85.4,total_infected_q97.5,2,4,15,36,69,103,135,200,328,646
85.6percent_probability_exceeding_10_total_cases,85.6,percent_probability_exceeding_10_total_cases,,,47.065,54.64,56.85,57.27,57.95,57.785,58.175,58.545
85.6percent_probability_exceeding_20_total_cases,85.6,percent_probability_exceeding_20_total_cases,,,,50.085,55.695,56.39,57.08,57.045,57.495,57.885
85.6percent_probability_exceeding_3_total_cases,85.6,percent_probability_exceeding_3_total_cases,,54.515,63.72,63.89,64.805,64.55,64.975,64.535,64.835,65.255
85.6percent_probability_exceeding_50_total_cases,85.6,percent_probability_exceeding_50_total_cases,,,,,49.71,55.795,56.81,56.815,57.42,57.835
85.6total_infected_mean,85.6,total_infected_mean,1.6287,2.61925,7.646,16.70665,33.7605,51.00455,68.6522,102.7388,172.8004,347.90295
85.6total_infected_median,85.6,total_infected_median,2,3,8,20,49,79,108,165,282,577
85.6total_infected_q2.5,85.6,total_infected_q2.5,1,1,1,1,1,1,1,1,1,1
85.6total_infected_q97.5,85.6,total_infected_q97.5,2,4,15,35,68,101,133,197,323,633
85.7percent_probability_exceeding_10_total_cases,85.7,percent_probability_exceeding_10_total_cases,,,47.065,54.64,56.85,57.27,57.75,57.555,57.43,58.705
85.7percent_probability_exceeding_20_total_cases,85.7,percent_probability_exceeding_20_total_cases,,,,50.085,55.695,56.39,56.85,56.94,56.81,58.025
85.7percent_probability_exceeding_3_total_cases,85.7,percent_probability_exceeding_3_total_cases,,54.515,63.72,63.89,64.805,64.55,64.79,64.415,64.145,65.595
85.7percent_probability_exceeding_50_total_cases,85.7,percent_probability_exceeding_50_total_cases,,,,,49.71,55.795,56.53,56.785,56.715,57.955
85.7total_infected_mean,85.7,total_infected_mean,1.6287,2.61925,7.646,16.70665,33.7605,51.00455,67.63455,101.88735,169.23935,344.82655
85.7total_infected_median,85.7,total_infected_median,2,3,8,20,49,79,106,164,279,570
85.7total_infected_q2.5,85.7,total_infected_q2.5,1,1,1,1,1,1,1,1,1,1
85.7total_infected_q97.5,85.7,total_infected_q97.5,2,4,15,35,68,101,132,195,320,628
85.8percent_probability_exceeding_10_total_cases,85.8,percent_probability_exceeding_10_total_cases,,,47.065,54.64,56.37,57.055,57.585,56.765,57.85,57.945
85.8percent_probability_exceeding_20_total_cases,85.8,percent_probability_exceeding_20_total_cases,,,,50.085,54.8,56.05,56.645,55.955,57.245,57.27
85.8percent_probability_exceeding_3_total_cases,85.8,percent_probability_exceeding_3_total_cases,,54.515,63.72,63.89,64.195,64.58,64.855,64.4,64.55,64.7
85.8percent_probability_exceeding_50_total_cases,85.8,percent_probability_exceeding_50_total_cases,,,,,47.45,55.285,56.195,55.805,57.18,57.19
85.8total_infected_mean,85.8,total_infected_mean,1.6287,2.61925,7.646,16.70665,32.49595,49.79275,66.5073,98.7138,168.31425,336.5524
85.8total_infected_median,85.8,total_infected_median,2,3,8,20,46,76,104,159,275,562
85.8total_infected_q2.5,85.8,total_infected_q2.5,1,1,1,1,1,1,1,1,1,1
85.8total_infected_q97.5,85.8,total_infected_q97.5,2,4,15,35,67,100,131,193,317,622
86percent_probability_exceeding_10_total_cases,86,percent_probability_exceeding_10_total_cases,,,40.61,52.47,56.4,55.975,56.315,56.655,56.88,57.395
86percent_probability_exceeding_20_total_cases,86,percent_probability_exceeding_20_total_cases,,,,47.04,54.75,54.875,55.395,55.855,56.165,56.66
86percent_probability_exceeding_3_total_cases,86,percent_probability_exceeding_3_total_cases,,54.515,61.295,62.41,64.42,63.925,63.85,63.83,64.22,64.66
86percent_probability_exceeding_50_total_cases,86,percent_probability_exceeding_50_total_cases,,,,,45.955,53.87,54.945,55.615,56.005,56.57
86total_infected_mean,86,total_infected_mean,1.6287,2.61925,6.7404,15.44235,31.8388,47.32185,63.58375,96.2541,161.21075,325.42965
86total_infected_median,86,total_infected_median,2,3,6,14,44,71,99,155,266,547
86total_infected_q2.5,86,total_infected_q2.5,1,1,1,1,1,1,1,1,1,1
86total_infected_q97.5,86,total_infected_q97.5,2,4,14,34,66,97,128,189,311,609
86.1percent_probability_exceeding_10_total_cases,86.1,percent_probability_exceeding_10_total_cases,,,40.61,52.47,56.4,55.975,56.46,56.115,56.095,56.945
86.1percent_probability_exceeding_20_total_cases,86.1,percent_probability_exceeding_20_total_cases,,,,47.04,54.75,54.875,55.47,55.345,55.365,56.26
86.1percent_probability_exceeding_3_total_cases,86.1,percent_probability_exceeding_3_total_cases,,54.515,61.295,62.41,64.42,63.925,63.865,63.64,63.32,64.26
86.1percent_probability_exceeding_50_total_cases,86.1,percent_probability_exceeding_50_total_cases,,,,,45.955,53.87,55.06,55.115,55.23,56.125
86.1total_infected_mean,86.1,total_infected_mean,1.6287,2.61925,6.7404,15.44235,31.8388,47.32185,63.04555,94.71515,157.56765,318.92615
86.1total_infected_median,86.1,total_infected_median,2,3,6,14,44,71,98,153,262,538
86.1total_infected_q2.5,86.1,total_infected_q2.5,1,1,1,1,1,1,1,1,1,1
86.1total_infected_q97.5,86.1,total_infected_q97.5,2,4,14,34,66,97,127,188,308,602
86.2percent_probability_exceeding_10_total_cases,86.2,percent_probability_exceeding_10_total_cases,,,40.61,52.47,55.16,55.535,56.425,56.205,56.42,56.8
86.2percent_probability_exceeding_20_total_cases,86.2,percent_probability_exceeding_20_total_cases,,,,47.04,53.265,54.485,55.415,55.3,55.6,56
86.2percent_probability_exceeding_3_total_cases,86.2,percent_probability_exceeding_3_total_cases,,54.515,61.295,62.41,63.725,63.345,64.235,63.575,63.53,63.635
86.2percent_probability_exceeding_50_total_cases,86.2,percent_probability_exceeding_50_total_cases,,,,,42.815,53.395,54.94,55.05,55.42,55.875
86.2total_infected_mean,86.2,total_infected_mean,1.6287,2.61925,6.7404,15.44235,30.3066,46.31745,62.21485,93.0541,155.77535,313.8305
86.2total_infected_median,86.2,total_infected_median,2,3,6,14,39,69,96,149,257,530
86.2total_infected_q2.5,86.2,total_infected_q2.5,1,1,1,1,1,1,1,1,1,1
86.2total_infected_q97.5,86.2,total_infected_q97.5,2,4,14,34,65,96,126,186,304,596
86.3percent_probability_exceeding_10_total_cases,86.3,percent_probability_exceeding_10_total_cases,,,40.61,52.47,55.16,55.045,55.65,55.985,56.62,56.365
86.3percent_probability_exceeding_20_total_cases,86.3,percent_probability_exceeding_20_total_cases,,,,47.04,53.265,53.81,54.47,55.05,55.785,55.675
86.3percent_probability_exceeding_3_total_cases,86.3,percent_probability_exceeding_3_total_cases,,54.515,61.295,62.41,63.725,62.735,63.39,63.885,64.17,64.055
86.3percent_probability_exceeding_50_total_cases,86.3,percent_probability_exceeding_50_total_cases,,,,,42.815,52.57,53.985,54.78,55.635,55.525
86.3total_infected_mean,86.3,total_infected_mean,1.6287,2.61925,6.7404,15.44235,30.3066,45.0503,60.3781,91.86365,154.7172,308.04875
86.3total_infected_median,86.3,total_infected_median,2,3,6,14,39,65,92,147,255,521
86.3total_infected_q2.5,86.3,total_infected_q2.5,1,1,1,1,1,1,1,1,1,1
86.3total_infected_q97.5,86.3,total_infected_q97.5,2,4,14,34,65,95,125,185,302,590
86.4percent_probability_exceeding_10_total_cases,86.4,percent_probability_exceeding_10_total_cases,,,40.61,51.42,54.235,54.765,55.02,55.73,55.34,56.495
86.4percent_probability_exceeding_20_total_cases,86.4,percent_probability_exceeding_20_total_cases,,,,44.925,52.355,53.485,53.855,54.755,54.49,55.665
86.4percent_probability_exceeding_3_total_cases,86.4,percent_probability_exceeding_3_total_cases,,54.515,61.295,61.955,63.015,62.96,62.815,63.82,62.895,64.19
86.4percent_probability_exceeding_50_total_cases,86.4,percent_probability_exceeding_50_total_cases,,,,,39.995,52.155,53.245,54.46,54.295,55.545
86.4total_infected_mean,86.4,total_infected_mean,1.6287,2.61925,6.7404,14.5952,29.17085,44.00875,58.95605,89.84555,149.0519,304.4298
86.4total_infected_median,86.4,total_infected_median,2,3,6,12,35,62,89,143,247,516
86.4total_infected_q2.5,86.4,total_infected_q2.5,1,1,1,1,1,1,1,1,1,1
86.4total_infected_q97.5,86.4,total_infected_q97.5,2,4,14,33,64,94,124,182,298,584
86.5percent_probability_exceeding_10_total_cases,86.5,percent_probability_exceeding_10_total_cases,,,40.61,51.42,54.235,54.765,54.72,55.51,54.935,55.695
86.5percent_probability_exceeding_20_total_cases,86.5,percent_probability_exceeding_20_total_cases,,,,44.925,52.355,53.485,53.38,54.49,54.01,54.855
86.5percent_probability_exceeding_3_total_cases,86.5,percent_probability_exceeding_3_total_cases,,54.515,61.295,61.955,63.015,62.96,62.265,63.49,62.72,63.265
86.5percent_probability_exceeding_50_total_cases,86.5,percent_probability_exceeding_50_total_cases,,,,,39.995,52.155,52.795,54.225,53.86,54.73
86.5total_infected_mean,86.5,total_infected_mean,1.6287,2.61925,6.7404,14.5952,29.17085,44.00875,57.75675,88.75315,146.3663,296.14265
86.5total_infected_median,86.5,total_infected_median,2,3,6,12,35,62,85,141,242,505
86.5total_infected_q2.5,86.5,total_infected_q2.5,1,1,1,1,1,1,1,1,1,1
86.5total_infected_q97.5,86.5,total_infected_q97.5,2,4,14,33,64,94,122,181,295,577
86.6percent_probability_exceeding_10_total_cases,86.6,percent_probability_exceeding_10_total_cases,,,40.61,51.42,53,54.325,54.52,54.485,55.395,55.41
86.6percent_probability_exceeding_20_total_cases,86.6,percent_probability_exceeding_20_total_cases,,,,44.925,50.94,53.065,53.195,53.335,54.525,54.595
86.6percent_probability_exceeding_3_total_cases,86.6,percent_probability_exceeding_3_total_cases,,54.515,61.295,61.955,62.095,62.4,62.855,62.355,63.005,62.79
86.6percent_probability_exceeding_50_total_cases,86.6,percent_probability_exceeding_50_total_cases,,,,,36.91,51.415,52.475,52.99,54.3,54.42
86.6total_infected_mean,86.6,total_infected_mean,1.6287,2.61925,6.7404,14.5952,27.89,42.92075,56.8127,85.29075,145.4798,290.6483
86.6total_infected_median,86.6,total_infected_median,2,3,6,12,26,59,83,134,240,496
86.6total_infected_q2.5,86.6,total_infected_q2.5,1,1,1,1,1,1,1,1,1,1
86.6total_infected_q97.5,86.6,total_infected_q97.5,2,4,14,33,62,93,121,178,292,571
86.7percent_probability_exceeding_10_total_cases,86.7,percent_probability_exceeding_10_total_cases,,,40.61,51.42,53,54.09,54.16,54.17,54.935,55.45
86.7percent_probability_exceeding_20_total_cases,86.7,percent_probability_exceeding_20_total_cases,,,,44.925,50.94,52.57,52.925,53.035,53.885,54.59
86.7percent_probability_exceeding_3_total_cases,86.7,percent_probability_exceeding_3_total_cases,,54.515,61.295,61.955,62.095,62.555,62.35,62.25,62.8,63.09
86.7percent_probability_exceeding_50_total_cases,86.7,percent_probability_exceeding_50_total_cases,,,,,36.91,50.915,52.18,52.69,53.645,54.42
86.7total_infected_mean,86.7,total_infected_mean,1.6287,2.61925,6.7404,14.5952,27.89,42.0112,55.85555,84.18455,142.03175,286.80935
86.7total_infected_median,86.7,total_infected_median,2,3,6,12,26,56,80,130.5,233,488
86.7total_infected_q2.5,86.7,total_infected_q2.5,1,1,1,1,1,1,1,1,1,1
86.7total_infected_q97.5,86.7,total_infected_q97.5,2,4,14,33,62,92,120,177,289,564
86.8percent_probability_exceeding_10_total_cases,86.8,percent_probability_exceeding_10_total_cases,,,40.61,49.925,52.53,53.765,53.59,54.09,54.36,54.045
86.8percent_probability_exceeding_20_total_cases,86.8,percent_probability_exceeding_20_total_cases,,,,42.045,50.43,52.17,52.31,53.07,53.265,53.055
86.8percent_probability_exceeding_3_total_cases,86.8,percent_probability_exceeding_3_total_cases,,54.515,61.295,60.97,62.04,62.395,62.37,62.65,62.4,61.97
86.8percent_probability_exceeding_50_total_cases,86.8,percent_probability_exceeding_50_total_cases,,,,,33.41,50.16,51.48,52.675,53.02,52.92
86.8total_infected_mean,86.8,total_infected_mean,1.6287,2.61925,6.7404,13.664,26.90975,40.89355,54.4518,82.8043,138.15985,275.33075
86.8total_infected_median,86.8,total_infected_median,2,3,6,9,22,51,75,128,226,473
86.8total_infected_q2.5,86.8,total_infected_q2.5,1,1,1,1,1,1,1,1,1,1
86.8total_infected_q97.5,86.8,total_infected_q97.5,2,4,14,32,61,90,119,175,286,558
86.9percent_probability_exceeding_10_total_cases,86.9,percent_probability_exceeding_10_total_cases,,,40.61,49.925,52.53,53.765,53.195,54.23,53.625,54.08
86.9percent_probability_exceeding_20_total_cases,86.9,percent_probability_exceeding_20_total_cases,,,,42.045,50.43,52.17,51.735,53.115,52.6,53.175
86.9percent_probability_exceeding_3_total_cases,86.9,percent_probability_exceeding_3_total_cases,,54.515,61.295,60.97,62.04,62.395,61.885,62.3,62.11,62.21
86.9percent_probability_exceeding_50_total_cases,86.9,percent_probability_exceeding_50_total_cases,,,,,33.41,50.16,50.905,52.68,52.32,52.97
86.9total_infected_mean,86.9,total_infected_mean,1.6287,2.61925,6.7404,13.664,26.90975,40.89355,53.1542,82.0108,134.93295,271.9054
86.9total_infected_median,86.9,total_infected_median,2,3,6,9,22,51,68,126,218,467
86.9total_infected_q2.5,86.9,total_infected_q2.5,1,1,1,1,1,1,1,1,1,1
86.9total_infected_q97.5,86.9,total_infected_q97.5,2,4,14,32,61,90,117,174,284,551
87percent_probability_exceeding_10_total_cases,87,percent_probability_exceeding_10_total_cases,,,32.845,49.925,51.76,52.88,53.15,53.615,53.985,53.74
87percent_probability_exceeding_20_total_cases,87,percent_probability_exceeding_20_total_cases,,,,42.045,49.245,51.155,51.58,52.445,52.82,52.805
87percent_probability_exceeding_3_total_cases,87,percent_probability_exceeding_3_total_cases,,54.515,57.88,60.97,61.27,61.555,61.85,61.775,62.3,61.915
87percent_probability_exceeding_50_total_cases,87,percent_probability_exceeding_50_total_cases,,,,,29.655,48.855,50.575,52.005,52.625,52.58
87total_infected_mean,87,total_infected_mean,1.6287,2.61925,5.85695,13.664,25.7023,39.52525,52.3617,79.5643,133.53405,266.26245
87total_infected_median,87,total_infected_median,2,3,4,9,15,39,62,118,216,454
87total_infected_q2.5,87,total_infected_q2.5,1,1,1,1,1,1,1,1,1,1
87total_infected_q97.5,87,total_infected_q97.5,2,4,13,32,60,89,116,171,279,545
87.1percent_probability_exceeding_10_total_cases,87.1,percent_probability_exceeding_10_total_cases,,,32.845,49.925,51.76,52.44,53.445,53.525,53.775,52.92
87.1percent_probability_exceeding_20_total_cases,87.1,percent_probability_exceeding_20_total_cases,,,,42.045,49.245,50.715,51.845,52.255,52.685,52.02
87.1percent_probability_exceeding_3_total_cases,87.1,percent_probability_exceeding_3_total_cases,,54.515,57.88,60.97,61.27,61.275,62.065,61.78,62.3,61.13
87.1percent_probability_exceeding_50_total_cases,87.1,percent_probability_exceeding_50_total_cases,,,,,29.655,48.21,50.735,51.725,52.445,51.87
87.1total_infected_mean,87.1,total_infected_mean,1.6287,2.61925,5.85695,13.664,25.7023,38.5122,51.76415,78.42965,131.78355,259.16285
87.1total_infected_median,87.1,total_infected_median,2,3,4,9,15,31,63,116,212,439
87.1total_infected_q2.5,87.1,total_infected_q2.5,1,1,1,1,1,1,1,1,1,1
87.1total_infected_q97.5,87.1,total_infected_q97.5,2,4,13,32,60,88,115,170,277,539
87.2percent_probability_exceeding_10_total_cases,87.2,percent_probability_exceeding_10_total_cases,,,32.845,47.825,51.19,51.715,52.35,52.93,53.295,53.125
87.2percent_probability_exceeding_20_total_cases,87.2,percent_probability_exceeding_20_total_cases,,,,38.805,48.59,49.775,50.74,51.635,52.045,52.065
87.2percent_probability_exceeding_3_total_cases,87.2,percent_probability_exceeding_3_total_cases,,54.515,57.88,59.61,60.98,61.18,61.25,61.555,61.73,61.49
87.2percent_probability_exceeding_50_total_cases,87.2,percent_probability_exceeding_50_total_cases,,,,,26.81,46.89,49.62,51.155,51.75,51.84
87.2total_infected_mean,87.2,total_infected_mean,1.6287,2.61925,5.85695,12.6733,24.8923,37.05735,50.0484,76.08795,127.81355,255.2828
87.2total_infected_median,87.2,total_infected_median,2,3,4,7,13,18,38,101,199,431
87.2total_infected_q2.5,87.2,total_infected_q2.5,1,1,1,1,1,1,1,1,1,1
87.2total_infected_q97.5,87.2,total_infected_q97.5,2,4,13,31,59,86,114,167,273,533
87.4percent_probability_exceeding_10_total_cases,87.4,percent_probability_exceeding_10_total_cases,,,32.845,47.825,50.38,51.065,51.215,51.4,52.225,52.8
87.4percent_probability_exceeding_20_total_cases,87.4,percent_probability_exceeding_20_total_cases,,,,38.805,47.44,49.245,49.495,49.93,50.965,51.65
87.4percent_probability_exceeding_3_total_cases,87.4,percent_probability_exceeding_3_total_cases,,54.515,57.88,59.61,60.29,60.655,60.57,60.275,60.82,61.3
87.4percent_probability_exceeding_50_total_cases,87.4,percent_probability_exceeding_50_total_cases,,,,,22.69,45.79,48.155,49.21,50.525,51.435
87.4total_infected_mean,87.4,total_infected_mean,1.6287,2.61925,5.85695,12.6733,23.7867,36.04015,47.5378,71.2467,121.0833,245.9233
87.4total_infected_median,87.4,total_infected_median,2,3,4,7,10,14,15,18,160.5,404
87.4total_infected_q2.5,87.4,total_infected_q2.5,1,1,1,1,1,1,1,1,1,1
87.4total_infected_q97.5,87.4,total_infected_q97.5,2,4,13,31,58,85,111,164,266,520
87.5percent_probability_exceeding_10_total_cases,87.5,percent_probability_exceeding_10_total_cases,,,32.845,47.825,50.38,50.25,50.725,51.105,51.66,51.51
87.5percent_probability_exceeding_20_total_cases,87.5,percent_probability_exceeding_20_total_cases,,,,38.805,47.44,48.19,48.96,49.68,50.265,50.355
87.5percent_probability_exceeding_3_total_cases,87.5,percent_probability_exceeding_3_total_cases,,54.515,57.88,59.61,60.29,60.085,60.24,60.375,60.71,60.57
87.5percent_probability_exceeding_50_total_cases,87.5,percent_probability_exceeding_50_total_cases,,,,,22.69,44.505,47.49,49.03,49.85,50.02
87.5total_infected_mean,87.5,total_infected_mean,1.6287,2.61925,5.85695,12.6733,23.7867,34.6229,46.36585,70.3312,118.3878,235.8808
87.5total_infected_median,87.5,total_infected_median,2,3,4,7,10,10,12,15,27,85
87.5total_infected_q2.5,87.5,total_infected_q2.5,1,1,1,1,1,1,1,1,1,1
87.5total_infected_q97.5,87.5,total_infected_q97.5,2,4,13,31,58,84,110,162,265,514
87.6percent_probability_exceeding_10_total_cases,87.6,percent_probability_exceeding_10_total_cases,,,32.845,45.935,49.66,49.45,49.68,51.195,50.775,51.445
87.6percent_probability_exceeding_20_total_cases,87.6,percent_probability_exceeding_20_total_cases,,,,34.875,46.355,47.19,48.025,49.74,49.39,50.33
87.6percent_probability_exceeding_3_total_cases,87.6,percent_probability_exceeding_3_total_cases,,54.515,57.88,58.825,59.88,59.36,59.765,60.51,60.16,60.215
87.6percent_probability_exceeding_50_total_cases,87.6,percent_probability_exceeding_50_total_cases,,,,,19.135,43.31,46.485,48.93,48.94,49.975
87.6total_infected_mean,87.6,total_infected_mean,1.6287,2.61925,5.85695,11.697,22.75095,33.43835,44.7883,69.06595,113.70855,231.4669
87.6total_infected_median,87.6,total_infected_median,2,3,4,6,9,8,9,16,13,41
87.6total_infected_q2.5,87.6,total_infected_q2.5,1,1,1,1,1,1,1,1,1,1
87.6total_infected_q97.5,87.6,total_infected_q97.5,2,4,13,30,57,83,109,160,260,507
87.7percent_probability_exceeding_10_total_cases,87.7,percent_probability_exceeding_10_total_cases,,,32.845,45.935,49.66,49.45,49.975,50.465,51.2,51.215
87.7percent_probability_exceeding_20_total_cases,87.7,percent_probability_exceeding_20_total_cases,,,,34.875,46.355,47.19,47.93,48.86,49.735,49.885
87.7percent_probability_exceeding_3_total_cases,87.7,percent_probability_exceeding_3_total_cases,,54.515,57.88,58.825,59.88,59.36,59.9,59.98,60.3,60.05
87.7percent_probability_exceeding_50_total_cases,87.7,percent_probability_exceeding_50_total_cases,,,,,19.135,43.31,46.285,47.975,49.2,49.545
87.7total_infected_mean,87.7,total_infected_mean,1.6287,2.61925,5.85695,11.697,22.75095,33.43835,44.0556,66.93855,113.08445,226.09055
87.7total_infected_median,87.7,total_infected_median,2,3,4,6,9,8,9,11,16,18
87.7total_infected_q2.5,87.7,total_infected_q2.5,1,1,1,1,1,1,1,1,1,1
87.7total_infected_q97.5,87.7,total_infected_q97.5,2,4,13,30,57,83,108,158,258,501
87.8percent_probability_exceeding_10_total_cases,87.8,percent_probability_exceeding_10_total_cases,,,32.845,45.935,48.305,49.28,49.725,50.595,50.5,50.87
87.8percent_probability_exceeding_20_total_cases,87.8,percent_probability_exceeding_20_total_cases,,,,34.875,44.965,47.01,47.58,48.985,49.02,49.39
87.8percent_probability_exceeding_3_total_cases,87.8,percent_probability_exceeding_3_total_cases,,54.515,57.88,58.825,59.275,59.325,59.67,60.455,59.68,59.88
87.8percent_probability_exceeding_50_total_cases,87.8,percent_probability_exceeding_50_total_cases,,,,,15.435,42.32,45.545,47.995,48.46,49.02
87.8total_infected_mean,87.8,total_infected_mean,1.6287,2.61925,5.85695,11.697,21.63555,32.70085,42.9334,65.70615,109.37585,220.2103
87.8total_infected_median,87.8,total_infected_median,2,3,4,6,7,8,9,12,11,13
87.8total_infected_q2.5,87.8,total_infected_q2.5,1,1,1,1,1,1,1,1,1,1
87.8total_infected_q97.5,87.8,total_infected_q97.5,2,4,13,30,56,82,107,156,254,494
88percent_probability_exceeding_10_total_cases,88,percent_probability_exceeding_10_total_cases,,,24.325,44.51,47.41,48.955,49.265,49.685,49.32,50.3
88percent_probability_exceeding_20_total_cases,88,percent_probability_exceeding_20_total_cases,,,,31.975,43.64,46.44,47.03,48.01,47.615,48.855
88percent_probability_exceeding_3_total_cases,88,percent_probability_exceeding_3_total_cases,,36.04,55.915,58.46,58.765,59.34,59.28,59.255,58.645,59.79
88percent_probability_exceeding_50_total_cases,88,percent_probability_exceeding_50_total_cases,,,,,12.02,40.56,44.52,46.965,47.02,48.355
88total_infected_mean,88,total_infected_mean,1.6287,1.93045,5.143,11.00735,20.60015,30.99285,41.05905,62.26935,102.58245,209.63355
88total_infected_median,88,total_infected_median,2,2,4,5,6,8,8,9,8,10
88total_infected_q2.5,88,total_infected_q2.5,1,1,1,1,1,1,1,1,1,1
88total_infected_q97.5,88,total_infected_q97.5,2,3,12,28,54,79,104,153,247,480
88.1percent_probability_exceeding_10_total_cases,88.1,percent_probability_exceeding_10_total_cases,,,24.325,44.51,47.41,48.955,48.27,48.845,48.66,49.44
88.1percent_probability_exceeding_20_total_cases,88.1,percent_probability_exceeding_20_total_cases,,,,31.975,43.64,46.44,46.005,47,47.095,47.875
88.1percent_probability_exceeding_3_total_cases,88.1,percent_probability_exceeding_3_total_cases,,36.04,55.915,58.46,58.765,59.34,58.525,58.945,58.405,58.83
88.1percent_probability_exceeding_50_total_cases,88.1,percent_probability_exceeding_50_total_cases,,,,,12.02,40.56,43.45,45.915,46.515,47.33
88.1total_infected_mean,88.1,total_infected_mean,1.6287,1.93045,5.143,11.00735,20.60015,30.99285,39.55455,60.43655,99.9895,201.26215
88.1total_infected_median,88.1,total_infected_median,2,2,4,5,6,8,6,7,7,8
88.1total_infected_q2.5,88.1,total_infected_q2.5,1,1,1,1,1,1,1,1,1,1
88.1total_infected_q97.5,88.1,total_infected_q97.5,2,3,12,28,54,79,103,151,245,473
88.2percent_probability_exceeding_10_total_cases,88.2,percent_probability_exceeding_10_total_cases,,,24.325,44.51,46.61,47.27,48.055,48.255,48.515,48.68
88.2percent_probability_exceeding_20_total_cases,88.2,percent_probability_exceeding_20_total_cases,,,,31.975,42.63,44.62,45.55,46.445,46.905,47.1
88.2percent_probability_exceeding_3_total_cases,88.2,percent_probability_exceeding_3_total_cases,,36.04,55.915,58.46,57.775,58.45,58.57,58.555,58.85,58.325
88.2percent_probability_exceeding_50_total_cases,88.2,percent_probability_exceeding_50_total_cases,,,,,8.83,37.955,42.605,45.005,46.19,46.65
88.2total_infected_mean,88.2,total_infected_mean,1.6287,1.93045,5.143,11.00735,19.67145,29.27885,38.53795,58.03675,97.3422,194.63275
88.2total_infected_median,88.2,total_infected_median,2,2,4,5,6,6,6,7,7,7
88.2total_infected_q2.5,88.2,total_infected_q2.5,1,1,1,1,1,1,1,1,1,1
88.2total_infected_q97.5,88.2,total_infected_q97.5,2,3,12,28,53,78,101,149,241,467
88.4percent_probability_exceeding_10_total_cases,88.4,percent_probability_exceeding_10_total_cases,,,24.325,41.735,45.51,46.495,47.42,47.365,47.465,48.01
88.4percent_probability_exceeding_20_total_cases,88.4,percent_probability_exceeding_20_total_cases,,,,27.125,41.17,43.52,44.695,45.285,45.665,46.225
88.4percent_probability_exceeding_3_total_cases,88.4,percent_probability_exceeding_3_total_cases,,36.04,55.915,57.135,57.455,57.985,58.52,58.035,58.015,58.21
88.4percent_probability_exceeding_50_total_cases,88.4,percent_probability_exceeding_50_total_cases,,,,,6.575,35.59,41.46,43.905,44.87,45.705
88.4total_infected_mean,88.4,total_infected_mean,1.6287,1.93045,5.143,10.0144,18.69035,27.5852,36.84415,54.96575,91.57265,183.99335
88.4total_infected_median,88.4,total_infected_median,2,2,4,4,5,5,6,6,6,6
88.4total_infected_q2.5,88.4,total_infected_q2.5,1,1,1,1,1,1,1,1,1,1
88.4total_infected_q97.5,88.4,total_infected_q97.5,2,3,12,27,52,76,99,145,234,453
88.5percent_probability_exceeding_10_total_cases,88.5,percent_probability_exceeding_10_total_cases,,,24.325,41.735,45.51,46.495,46.84,47.555,47.365,47.81
88.5percent_probability_exceeding_20_total_cases,88.5,percent_probability_exceeding_20_total_cases,,,,27.125,41.17,43.52,44.19,45.425,45.41,45.935
88.5percent_probability_exceeding_3_total_cases,88.5,percent_probability_exceeding_3_total_cases,,36.04,55.915,57.135,57.455,57.985,57.975,58.33,57.63,58.215
88.5percent_probability_exceeding_50_total_cases,88.5,percent_probability_exceeding_50_total_cases,,,,,6.575,35.59,40.62,43.83,44.525,45.325
88.5total_infected_mean,88.5,total_infected_mean,1.6287,1.93045,5.143,10.0144,18.69035,27.5852,35.6877,54.3611,89.4447,178.7974
88.5total_infected_median,88.5,total_infected_median,2,2,4,4,5,5,6,6,6,6
88.5total_infected_q2.5,88.5,total_infected_q2.5,1,1,1,1,1,1,1,1,1,1
88.5total_infected_q97.5,88.5,total_infected_q97.5,2,3,12,27,52,76,98,144,232,446
88.6percent_probability_exceeding_10_total_cases,88.6,percent_probability_exceeding_10_total_cases,,,24.325,41.735,43.94,45.045,46.06,46.5,47.15,47.26
88.6percent_probability_exceeding_20_total_cases,88.6,percent_probability_exceeding_20_total_cases,,,,27.125,39.325,42.1,43.21,44.345,45.09,45.455
88.6percent_probability_exceeding_3_total_cases,88.6,percent_probability_exceeding_3_total_cases,,36.04,55.915,57.135,56.605,56.74,57.88,57.475,58.26,57.29
88.6percent_probability_exceeding_50_total_cases,88.6,percent_probability_exceeding_50_total_cases,,,,,4.225,33.4,39.395,42.7,44.255,44.795
88.6total_infected_mean,88.6,total_infected_mean,1.6287,1.93045,5.143,10.0144,17.5534,26.1597,34.40355,51.6558,87.01455,173.3015
88.6total_infected_median,88.6,total_infected_median,2,2,4,4,4,5,5,5,6,5
88.6total_infected_q2.5,88.6,total_infected_q2.5,1,1,1,1,1,1,1,1,1,1
88.6total_infected_q97.5,88.6,total_infected_q97.5,2,3,12,27,51,74,97,141,228,440
88.8percent_probability_exceeding_10_total_cases,88.8,percent_probability_exceeding_10_total_cases,,,24.325,39.39,43.375,44.81,45.715,46.115,45.96,46.215
88.8percent_probability_exceeding_20_total_cases,88.8,percent_probability_exceeding_20_total_cases,,,,22.98,38.19,41.415,42.725,43.63,43.89,44.265
88.8percent_probability_exceeding_3_total_cases,88.8,percent_probability_exceeding_3_total_cases,,36.04,55.915,55.595,56.035,56.835,57.295,57.74,57.385,56.67
88.8percent_probability_exceeding_50_total_cases,88.8,percent_probability_exceeding_50_total_cases,,,,,2.425,30.76,38.055,41.645,42.895,43.52
88.8total_infected_mean,88.8,total_infected_mean,1.6287,1.93045,5.143,9.221,16.7406,24.7847,32.7449,49.02135,81.16895,161.1599
88.8total_infected_median,88.8,total_infected_median,2,2,4,4,4,4,5,5,5,5
88.8total_infected_q2.5,88.8,total_infected_q2.5,1,1,1,1,1,1,1,1,1,1
88.8total_infected_q97.5,88.8,total_infected_q97.5,2,3,12,26,49,72,94,137,222,425
88.9percent_probability_exceeding_10_total_cases,88.9,percent_probability_exceeding_10_total_cases,,,24.325,39.39,43.375,44.81,44.275,45.185,45.645,46.045
88.9percent_probability_exceeding_20_total_cases,88.9,percent_probability_exceeding_20_total_cases,,,,22.98,38.19,41.415,41.215,42.79,43.405,44.12
88.9percent_probability_exceeding_3_total_cases,88.9,percent_probability_exceeding_3_total_cases,,36.04,55.915,55.595,56.035,56.835,56.775,56.925,57.03,56.9
88.9percent_probability_exceeding_50_total_cases,88.9,percent_probability_exceeding_50_total_cases,,,,,2.425,30.76,36.42,40.685,42.215,43.29
88.9total_infected_mean,88.9,total_infected_mean,1.6287,1.93045,5.143,9.221,16.7406,24.7847,31.2634,47.3754,78.6968,157.22635
88.9total_infected_median,88.9,total_infected_median,2,2,4,4,4,4,4,4,5,5
88.9total_infected_q2.5,88.9,total_infected_q2.5,1,1,1,1,1,1,1,1,1,1
88.9total_infected_q97.5,88.9,total_infected_q97.5,2,3,12,26,49,72,93,136,218,419
89percent_probability_exceeding_10_total_cases,89,percent_probability_exceeding_10_total_cases,,,14.73,39.39,42.46,44.415,43.515,44.655,45.085,45.63
89percent_probability_exceeding_20_total_cases,89,percent_probability_exceeding_20_total_cases,,,,22.98,37,40.955,40.38,41.97,42.615,43.55
89percent_probability_exceeding_3_total_cases,89,percent_probability_exceeding_3_total_cases,,36.04,52.145,55.595,55.775,56.735,55.43,56.395,56.515,56.865
89percent_probability_exceeding_50_total_cases,89,percent_probability_exceeding_50_total_cases,,,,,1.425,29.05,35.045,39.725,41.21,42.735
89total_infected_mean,89,total_infected_mean,1.6287,1.93045,4.41915,9.221,15.95215,24.0054,30.0766,45.41715,75.009,151.6445
89total_infected_median,89,total_infected_median,2,2,3,4,4,4,4,4,4,5
89total_infected_q2.5,89,total_infected_q2.5,1,1,1,1,1,1,1,1,1,1
89total_infected_q97.5,89,total_infected_q97.5,2,3,11,26,48,71,91,133,215,411
89.1percent_probability_exceeding_10_total_cases,89.1,percent_probability_exceeding_10_total_cases,,,14.73,39.39,42.46,43.21,43.635,44.115,44.87,44.79
89.1percent_probability_exceeding_20_total_cases,89.1,percent_probability_exceeding_20_total_cases,,,,22.98,37,39.23,40.36,41.59,42.595,42.57
89.1percent_probability_exceeding_3_total_cases,89.1,percent_probability_exceeding_3_total_cases,,36.04,52.145,55.595,55.775,55.69,55.86,56.08,56.46,55.82
89.1percent_probability_exceeding_50_total_cases,89.1,percent_probability_exceeding_50_total_cases,,,,,1.425,26.865,34.705,39.09,41.165,41.675
89.1total_infected_mean,89.1,total_infected_mean,1.6287,1.93045,4.41915,9.221,15.95215,22.7487,29.56425,44.2663,73.5914,144.7986
89.1total_infected_median,89.1,total_infected_median,2,2,3,4,4,4,4,4,4,4
89.1total_infected_q2.5,89.1,total_infected_q2.5,1,1,1,1,1,1,1,1,1,1
89.1total_infected_q97.5,89.1,total_infected_q97.5,2,3,11,26,48,70,90,132,211,405
89.2percent_probability_exceeding_10_total_cases,89.2,percent_probability_exceeding_10_total_cases,,,14.73,36.595,41.29,42.5,42.71,43.34,44.375,44.535
89.2percent_probability_exceeding_20_total_cases,89.2,percent_probability_exceeding_20_total_cases,,,,18.525,35.47,38.335,39.525,40.565,41.93,42.335
89.2percent_probability_exceeding_3_total_cases,89.2,percent_probability_exceeding_3_total_cases,,36.04,52.145,53.57,54.97,55.055,55.245,55.085,56.05,55.5
89.2percent_probability_exceeding_50_total_cases,89.2,percent_probability_exceeding_50_total_cases,,,,,0.61,25.085,33.305,37.845,40.575,41.17
89.2total_infected_mean,89.2,total_infected_mean,1.6287,1.93045,4.41915,8.383,15.08355,21.8425,28.2798,41.89025,70.90655,139.3265
89.2total_infected_median,89.2,total_infected_median,2,2,3,3,4,4,4,4,4,4
89.2total_infected_q2.5,89.2,total_infected_q2.5,1,1,1,1,1,1,1,1,1,1
89.2total_infected_q97.5,89.2,total_infected_q97.5,2,3,11,25,47,68,89,129,208,396
89.3percent_probability_exceeding_10_total_cases,89.3,percent_probability_exceeding_10_total_cases,,,14.73,36.595,41.29,42.5,43.07,42.96,43.775,43.395
89.3percent_probability_exceeding_20_total_cases,89.3,percent_probability_exceeding_20_total_cases,,,,18.525,35.47,38.335,39.39,40.385,41.27,41.215
89.3percent_probability_exceeding_3_total_cases,89.3,percent_probability_exceeding_3_total_cases,,36.04,52.145,53.57,54.97,55.055,55.67,55.145,55.59,55.14
89.3percent_probability_exceeding_50_total_cases,89.3,percent_probability_exceeding_50_total_cases,,,,,0.61,25.085,32.915,37.52,39.695,40.21
89.3total_infected_mean,89.3,total_infected_mean,1.6287,1.93045,4.41915,8.383,15.08355,21.8425,27.87795,41.2041,68.12045,132.83915
89.3total_infected_median,89.3,total_infected_median,2,2,3,3,4,4,4,4,4,4
89.3total_infected_q2.5,89.3,total_infected_q2.5,1,1,1,1,1,1,1,1,1,1
89.3total_infected_q97.5,89.3,total_infected_q97.5,2,3,11,25,47,68,88,128,205,390
89.4percent_probability_exceeding_10_total_cases,89.4,percent_probability_exceeding_10_total_cases,,,14.73,36.595,40.225,41.95,42.12,42.31,42.86,43.105
89.4percent_probability_exceeding_20_total_cases,89.4,percent_probability_exceeding_20_total_cases,,,,18.525,34.13,37.735,38.475,39.185,40.42,40.86
89.4percent_probability_exceeding_3_total_cases,89.4,percent_probability_exceeding_3_total_cases,,36.04,52.145,53.57,54.29,55.155,55.005,54.38,55.165,55.05
89.4percent_probability_exceeding_50_total_cases,89.4,percent_probability_exceeding_50_total_cases,,,,,0.33,23.345,31.51,36.075,38.76,39.79
89.4total_infected_mean,89.4,total_infected_mean,1.6287,1.93045,4.41915,8.383,14.31245,21.05395,26.72075,38.8295,64.9514,127.66165
89.4total_infected_median,89.4,total_infected_median,2,2,3,3,3,4,4,4,4,4
89.4total_infected_q2.5,89.4,total_infected_q2.5,1,1,1,1,1,1,1,1,1,1
89.4total_infected_q97.5,89.4,total_infected_q97.5,2,3,11,25,46,67,86,125,201,382
89.5percent_probability_exceeding_10_total_cases,89.5,percent_probability_exceeding_10_total_cases,,,14.73,36.595,40.225,41.455,41.665,42.135,42.67,42.98
89.5percent_probability_exceeding_20_total_cases,89.5,percent_probability_exceeding_20_total_cases,,,,18.525,34.13,37.175,37.86,38.94,39.945,40.72
89.5percent_probability_exceeding_3_total_cases,89.5,percent_probability_exceeding_3_total_cases,,36.04,52.145,53.57,54.29,54.935,54.81,54.7,54.85,54.94
89.5percent_probability_exceeding_50_total_cases,89.5,percent_probability_exceeding_50_total_cases,,,,,0.33,21.36,30.37,35.535,38.15,39.455
89.5total_infected_mean,89.5,total_infected_mean,1.6287,1.93045,4.41915,8.383,14.31245,20.2973,25.8384,38.0792,62.8054,123.9675
89.5total_infected_median,89.5,total_infected_median,2,2,3,3,3,4,4,4,4,4
89.5total_infected_q2.5,89.5,total_infected_q2.5,1,1,1,1,1,1,1,1,1,1
89.5total_infected_q97.5,89.5,total_infected_q97.5,2,3,11,25,46,66,85,124,199,376
89.6percent_probability_exceeding_10_total_cases,89.6,percent_probability_exceeding_10_total_cases,,,14.73,34.545,39.42,40.3,41.425,41.71,41.985,42.54
89.6percent_probability_exceeding_20_total_cases,89.6,percent_probability_exceeding_20_total_cases,,,,14.655,32.655,35.645,37.515,38.25,39.135,40.02
89.6percent_probability_exceeding_3_total_cases,89.6,percent_probability_exceeding_3_total_cases,,36.04,52.145,52.605,54.105,54.26,54.7,54.725,54.435,54.83
89.6percent_probability_exceeding_50_total_cases,89.6,percent_probability_exceeding_50_total_cases,,,,,0.09,19.375,29.405,34.67,37.245,38.535
89.6total_infected_mean,89.6,total_infected_mean,1.6287,1.93045,4.41915,7.74395,13.6056,19.2704,25.11155,36.38535,59.7155,117.29125
89.6total_infected_median,89.6,total_infected_median,2,2,3,3,3,3,4,4,4,4
89.6total_infected_q2.5,89.6,total_infected_q2.5,1,1,1,1,1,1,1,1,1,1
89.6total_infected_q97.5,89.6,total_infected_q97.5,2,3,11,24,45,64,84,121,193,368
89.7percent_probability_exceeding_10_total_cases,89.7,percent_probability_exceeding_10_total_cases,,,14.73,34.545,39.42,40.3,40.27,41.36,41.68,42.16
89.7percent_probability_exceeding_20_total_cases,89.7,percent_probability_exceeding_20_total_cases,,,,14.655,32.655,35.645,36.19,37.805,38.975,39.66
89.7percent_probability_exceeding_3_total_cases,89.7,percent_probability_exceeding_3_total_cases,,36.04,52.145,52.605,54.105,54.26,54.005,54.33,54.5,54.505
89.7percent_probability_exceeding_50_total_cases,89.7,percent_probability_exceeding_50_total_cases,,,,,0.09,19.375,28.275,34.185,36.96,38.07
89.7total_infected_mean,89.7,total_infected_mean,1.6287,1.93045,4.41915,7.74395,13.6056,19.2704,24.13645,35.53,58.3332,112.9999
89.7total_infected_median,89.7,total_infected_median,2,2,3,3,3,3,3,3,4,4
89.7total_infected_q2.5,89.7,total_infected_q2.5,1,1,1,1,1,1,1,1,1,1
89.7total_infected_q97.5,89.7,total_infected_q97.5,2,3,11,24,45,64,83,120,191,361
89.8percent_probability_exceeding_10_total_cases,89.8,percent_probability_exceeding_10_total_cases,,,14.73,34.545,38.015,39.675,40.175,40.805,40.99,41.52
89.8percent_probability_exceeding_20_total_cases,89.8,percent_probability_exceeding_20_total_cases,,,,14.655,30.87,34.995,36.065,37.175,38.005,38.88
89.8percent_probability_exceeding_3_total_cases,89.8,percent_probability_exceeding_3_total_cases,,36.04,52.145,52.605,53.225,53.87,54.235,54.065,53.83,53.905
89.8percent_probability_exceeding_50_total_cases,89.8,percent_probability_exceeding_50_total_cases,,,,,0.02,17.275,27.305,33.225,35.75,37.19
89.8total_infected_mean,89.8,total_infected_mean,1.6287,1.93045,4.41915,7.74395,12.81475,18.4334,23.49165,34.07365,55.07625,107.70435
89.8total_infected_median,89.8,total_infected_median,2,2,3,3,3,3,3,3,3,3
89.8total_infected_q2.5,89.8,total_infected_q2.5,1,1,1,1,1,1,1,1,1,1
89.8total_infected_q97.5,89.8,total_infected_q97.5,2,3,11,24,43,63,81,117,187,355
89.9percent_probability_exceeding_10_total_cases,89.9,percent_probability_exceeding_10_total_cases,,,14.73,34.545,38.015,38.595,39.935,40.42,40.185,40.575
89.9percent_probability_exceeding_20_total_cases,89.9,percent_probability_exceeding_20_total_cases,,,,14.655,30.87,33.71,35.695,36.725,37.15,37.86
89.9percent_probability_exceeding_3_total_cases,89.9,percent_probability_exceeding_3_total_cases,,36.04,52.145,52.605,53.225,53.07,53.895,53.435,53.29,53.32
89.9percent_probability_exceeding_50_total_cases,89.9,percent_probability_exceeding_50_total_cases,,,,,0.02,15.145,26.285,32.6,34.905,36.335
89.9total_infected_mean,89.9,total_infected_mean,1.6287,1.93045,4.41915,7.74395,12.81475,17.5218,22.87295,33.209,53.07175,101.7483
89.9total_infected_median,89.9,total_infected_median,2,2,3,3,3,3,3,3,3,3
89.9total_infected_q2.5,89.9,total_infected_q2.5,1,1,1,1,1,1,1,1,1,1
89.9total_infected_q97.5,89.9,total_infected_q97.5,2,3,11,24,43,62,80,116,184,346
90percent_probability_exceeding_10_total_cases,90,percent_probability_exceeding_10_total_cases,,,5.86,32.55,37.045,38.05,38.92,39.69,40.13,40.475
90percent_probability_exceeding_20_total_cases,90,percent_probability_exceeding_20_total_cases,,,,10.85,29.81,32.685,34.47,35.835,36.88,37.55
90percent_probability_exceeding_3_total_cases,90,percent_probability_exceeding_3_total_cases,,36.04,48.735,51.65,52.58,52.745,53.16,53.39,53.735,53.26
90percent_probability_exceeding_50_total_cases,90,percent_probability_exceeding_50_total_cases,,,,,,13.45,25.05,31.185,34.445,35.78
90total_infected_mean,90,total_infected_mean,1,1.93045,3.83765,7.16145,12.1789,16.84205,21.8099,31.30515,50.6901,97.30345
90total_infected_median,90,total_infected_median,1,2,2,3,3,3,3,3,3,3
90total_infected_q2.5,90,total_infected_q2.5,1,1,1,1,1,1,1,1,1,1
90total_infected_q97.5,90,total_infected_q97.5,1,3,10,23,42,60,78,113,180,339
90.1percent_probability_exceeding_10_total_cases,90.1,percent_probability_exceeding_10_total_cases,,,5.86,32.55,37.045,38.05,38.92,39.055,39.935,39.985
90.1percent_probability_exceeding_20_total_cases,90.1,percent_probability_exceeding_20_total_cases,,,,10.85,29.81,32.685,34.47,35.31,36.555,36.89
90.1percent_probability_exceeding_3_total_cases,90.1,percent_probability_exceeding_3_total_cases,,36.04,48.735,51.65,52.58,52.745,53.16,53.065,53.495,53.26
90.1percent_probability_exceeding_50_total_cases,90.1,percent_probability_exceeding_50_total_cases,,,,,,13.45,25.05,30.435,34.095,35.16
90.1total_infected_mean,90.1,total_infected_mean,1,1.93045,3.83765,7.16145,12.1789,16.84205,21.8099,30.4503,49.3433,93.2247
90.1total_infected_median,90.1,total_infected_median,1,2,2,3,3,3,3,3,3,3
90.1total_infected_q2.5,90.1,total_infected_q2.5,1,1,1,1,1,1,1,1,1,1
90.1total_infected_q97.5,90.1,total_infected_q97.5,1,3,10,23,42,60,78,112,177,332
90.2percent_probability_exceeding_10_total_cases,90.2,percent_probability_exceeding_10_total_cases,,,5.86,32.55,36.12,37.005,38.115,38.19,39.155,39.36
90.2percent_probability_exceeding_20_total_cases,90.2,percent_probability_exceeding_20_total_cases,,,,10.85,28.11,31.46,33.24,34.53,35.715,35.99
90.2percent_probability_exceeding_3_total_cases,90.2,percent_probability_exceeding_3_total_cases,,36.04,48.735,51.65,51.705,52.04,52.99,52.44,52.805,52.76
90.2percent_probability_exceeding_50_total_cases,90.2,percent_probability_exceeding_50_total_cases,,,,,,11.825,22.095,29.06,32.725,34.1
90.2total_infected_mean,90.2,total_infected_mean,1,1.93045,3.83765,7.16145,11.5197,16.04385,20.26705,28.8101,46.16535,87.4308
90.2total_infected_median,90.2,total_infected_median,1,2,2,3,3,3,3,3,3,3
90.2total_infected_q2.5,90.2,total_infected_q2.5,1,1,1,1,1,1,1,1,1,1
90.2total_infected_q97.5,90.2,total_infected_q97.5,1,3,10,23,41,59,76,109,173,325
90.3percent_probability_exceeding_10_total_cases,90.3,percent_probability_exceeding_10_total_cases,,,5.86,32.55,36.12,36.745,37.195,38.475,38.42,38.885
90.3percent_probability_exceeding_20_total_cases,90.3,percent_probability_exceeding_20_total_cases,,,,10.85,28.11,30.94,32.29,34.43,35.1,35.73
90.3percent_probability_exceeding_3_total_cases,90.3,percent_probability_exceeding_3_total_cases,,36.04,48.735,51.65,51.705,51.785,52.185,52.535,52.18,52.38
90.3percent_probability_exceeding_50_total_cases,90.3,percent_probability_exceeding_50_total_cases,,,,,,10.11,20.71,28.875,31.98,33.835
90.3total_infected_mean,90.3,total_infected_mean,1,1.93045,3.83765,7.16145,11.5197,15.4721,19.3806,28.3408,44.67035,84.09305
90.3total_infected_median,90.3,total_infected_median,1,2,2,3,3,3,3,3,3,3
90.3total_infected_q2.5,90.3,total_infected_q2.5,1,1,1,1,1,1,1,1,1,1
90.3total_infected_q97.5,90.3,total_infected_q97.5,1,3,10,23,41,58,74,107,170,317
90.4percent_probability_exceeding_10_total_cases,90.4,percent_probability_exceeding_10_total_cases,,,5.86,29.455,34.87,35.795,36.295,37.425,37.875,38.465
90.4percent_probability_exceeding_20_total_cases,90.4,percent_probability_exceeding_20_total_cases,,,,7.045,26.285,29.73,31.335,33.505,34.16,35.125
90.4percent_probability_exceeding_3_total_cases,90.4,percent_probability_exceeding_3_total_cases,,36.04,48.735,49.995,51.135,51.71,52.005,52.105,52.155,52.545
90.4percent_probability_exceeding_50_total_cases,90.4,percent_probability_exceeding_50_total_cases,,,,,,8.615,19.375,27.68,30.75,32.885
90.4total_infected_mean,90.4,total_infected_mean,1,1.93045,3.83765,6.49325,10.8201,14.71885,18.6049,26.84605,41.7761,79.10405
90.4total_infected_median,90.4,total_infected_median,1,2,2,2,3,3,3,3,3,3
90.4total_infected_q2.5,90.4,total_infected_q2.5,1,1,1,1,1,1,1,1,1,1
90.4total_infected_q97.5,90.4,total_infected_q97.5,1,3,10,22,40,57,73,105,166,310
90.5percent_probability_exceeding_10_total_cases,90.5,percent_probability_exceeding_10_total_cases,,,5.86,29.455,34.87,35.795,35.7,37.17,36.93,37.36
90.5percent_probability_exceeding_20_total_cases,90.5,percent_probability_exceeding_20_total_cases,,,,7.045,26.285,29.73,30.71,32.88,33.245,34.06
90.5percent_probability_exceeding_3_total_cases,90.5,percent_probability_exceeding_3_total_cases,,36.04,48.735,49.995,51.135,51.71,50.95,51.725,51.695,51.58
90.5percent_probability_exceeding_50_total_cases,90.5,percent_probability_exceeding_50_total_cases,,,,,,8.615,17.98,26.73,29.74,31.655
90.5total_infected_mean,90.5,total_infected_mean,1,1.93045,3.83765,6.49325,10.8201,14.71885,17.8452,25.9397,40.0255,74.0296
90.5total_infected_median,90.5,total_infected_median,1,2,2,2,3,3,3,3,3,3
90.5total_infected_q2.5,90.5,total_infected_q2.5,1,1,1,1,1,1,1,1,1,1
90.5total_infected_q97.5,90.5,total_infected_q97.5,1,3,10,22,40,57,72,103,163,300
90.6percent_probability_exceeding_10_total_cases,90.6,percent_probability_exceeding_10_total_cases,,,5.86,29.455,33.6,35.765,35.515,36.055,36.62,37.3
90.6percent_probability_exceeding_20_total_cases,90.6,percent_probability_exceeding_20_total_cases,,,,7.045,24.735,29.355,30.31,31.605,32.76,33.595
90.6percent_probability_exceeding_3_total_cases,90.6,percent_probability_exceeding_3_total_cases,,36.04,48.735,49.995,50.355,51.57,51.065,51.305,51.655,51.335
90.6percent_probability_exceeding_50_total_cases,90.6,percent_probability_exceeding_50_total_cases,,,,,,7.58,17.075,25.12,29.01,31.245
90.6total_infected_mean,90.6,total_infected_mean,1,1.93045,3.83765,6.49325,10.2284,14.374,17.39585,24.24575,38.0164,70.2376
90.6total_infected_median,90.6,total_infected_median,1,2,2,2,3,3,3,3,3,3
90.6total_infected_q2.5,90.6,total_infected_q2.5,1,1,1,1,1,1,1,1,1,1
90.6total_infected_q97.5,90.6,total_infected_q97.5,1,3,10,22,38,56,70,101,160,293
90.7percent_probability_exceeding_10_total_cases,90.7,percent_probability_exceeding_10_total_cases,,,5.86,29.455,33.6,34.98,34.655,35.255,36.09,36.89
90.7percent_probability_exceeding_20_total_cases,90.7,percent_probability_exceeding_20_total_cases,,,,7.045,24.735,28.475,29.35,30.595,31.89,33.325
90.7percent_probability_exceeding_3_total_cases,90.7,percent_probability_exceeding_3_total_cases,,36.04,48.735,49.995,50.355,51.11,50.72,50.455,50.84,50.66
90.7percent_probability_exceeding_50_total_cases,90.7,percent_probability_exceeding_50_total_cases,,,,,,5.965,15.715,23.565,27.75,30.535
90.7total_infected_mean,90.7,total_infected_mean,1,1.93045,3.83765,6.49325,10.2284,13.65335,16.65155,23.1477,35.8495,67.0366
90.7total_infected_median,90.7,total_infected_median,1,2,2,2,3,3,3,3,3,3
90.7total_infected_q2.5,90.7,total_infected_q2.5,1,1,1,1,1,1,1,1,1,1
90.7total_infected_q97.5,90.7,total_infected_q97.5,1,3,10,22,38,54,69,99,155,287
90.8percent_probability_exceeding_10_total_cases,90.8,percent_probability_exceeding_10_total_cases,,,5.86,27.195,32.31,33.745,34.315,34.87,35.57,36.225
90.8percent_probability_exceeding_20_total_cases,90.8,percent_probability_exceeding_20_total_cases,,,,4.25,23.055,27.14,28.51,30.16,31.615,32.525
90.8percent_probability_exceeding_3_total_cases,90.8,percent_probability_exceeding_3_total_cases,,36.04,48.735,48.795,49.35,50.24,50.32,50.025,49.98,50.605
90.8percent_probability_exceeding_50_total_cases,90.8,percent_probability_exceeding_50_total_cases,,,,,,4.785,14.39,22.9,27.45,29.66
90.8total_infected_mean,90.8,total_infected_mean,1,1.93045,3.83765,6.0065,9.6377,12.9956,15.965,22.1886,34.5266,62.76785
90.8total_infected_median,90.8,total_infected_median,1,2,2,2,2,3,3,3,2,3
90.8total_infected_q2.5,90.8,total_infected_q2.5,1,1,1,1,1,1,1,1,1,1
90.8total_infected_q97.5,90.8,total_infected_q97.5,1,3,10,20,37,53,68,96,152,280
90.9percent_probability_exceeding_10_total_cases,90.9,percent_probability_exceeding_10_total_cases,,,5.86,27.195,32.31,33.745,33.91,34.73,35.14,35.55
90.9percent_probability_exceeding_20_total_cases,90.9,percent_probability_exceeding_20_total_cases,,,,4.25,23.055,27.14,28.04,30.015,31.01,31.82
90.9percent_probability_exceeding_3_total_cases,90.9,percent_probability_exceeding_3_total_cases,,36.04,48.735,48.795,49.35,50.24,49.965,50.365,50.41,50.2
90.9percent_probability_exceeding_50_total_cases,90.9,percent_probability_exceeding_50_total_cases,,,,,,4.785,13.285,22.215,26.64,28.66
90.9total_infected_mean,90.9,total_infected_mean,1,1.93045,3.83765,6.0065,9.6377,12.9956,15.4965,21.70755,32.96695,58.9121
90.9total_infected_median,90.9,total_infected_median,1,2,2,2,2,3,2,3,3,3
90.9total_infected_q2.5,90.9,total_infected_q2.5,1,1,1,1,1,1,1,1,1,1
90.9total_infected_q97.5,90.9,total_infected_q97.5,1,3,10,20,37,53,66,96,148,271
91percent_probability_exceeding_10_total_cases,91,percent_probability_exceeding_10_total_cases,,,,27.195,30.545,32.855,33.21,33.8,34.685,35.545
91percent_probability_exceeding_20_total_cases,91,percent_probability_exceeding_20_total_cases,,,,4.25,20.49,26.06,27.295,28.95,30.32,31.445
91percent_probability_exceeding_3_total_cases,91,percent_probability_exceeding_3_total_cases,,36.04,44.68,48.795,48.435,49.485,49.455,49.505,49.88,50.04
91percent_probability_exceeding_50_total_cases,91,percent_probability_exceeding_50_total_cases,,,,,,3.72,12.28,20.895,25.48,28.12
91total_infected_mean,91,total_infected_mean,1,1.93045,3.2769,6.0065,8.87925,12.31345,14.95015,20.3902,30.9313,56.0767
91total_infected_median,91,total_infected_median,1,2,2,2,2,2,2,2,2,3
91total_infected_q2.5,91,total_infected_q2.5,1,1,1,1,1,1,1,1,1,1
91total_infected_q97.5,91,total_infected_q97.5,1,3,9,20,36,51,65,93,143,262
91.1percent_probability_exceeding_10_total_cases,91.1,percent_probability_exceeding_10_total_cases,,,,27.195,30.545,32.15,33.21,33.46,33.75,34.295
91.1percent_probability_exceeding_20_total_cases,91.1,percent_probability_exceeding_20_total_cases,,,,4.25,20.49,24.89,27.295,28.1,29.01,30.27
91.1percent_probability_exceeding_3_total_cases,91.1,percent_probability_exceeding_3_total_cases,,36.04,44.68,48.795,48.435,49.275,49.455,49.355,49.465,49.44
91.1percent_probability_exceeding_50_total_cases,91.1,percent_probability_exceeding_50_total_cases,,,,,,2.725,12.28,19.675,24.21,27.01
91.1total_infected_mean,91.1,total_infected_mean,1,1.93045,3.2769,6.0065,8.87925,11.73555,14.95015,19.61475,29.1466,51.71675
91.1total_infected_median,91.1,total_infected_median,1,2,2,2,2,2,2,2,2,2
91.1total_infected_q2.5,91.1,total_infected_q2.5,1,1,1,1,1,1,1,1,1,1
91.1total_infected_q97.5,91.1,total_infected_q97.5,1,3,9,20,36,50,65,91,140,254
91.2percent_probability_exceeding_10_total_cases,91.2,percent_probability_exceeding_10_total_cases,,,,24.03,29.61,31.205,32.02,32.74,33.31,33.27
91.2percent_probability_exceeding_20_total_cases,91.2,percent_probability_exceeding_20_total_cases,,,,1.995,19.03,23.535,25.74,27.625,28.445,29.06
91.2percent_probability_exceeding_3_total_cases,91.2,percent_probability_exceeding_3_total_cases,,36.04,44.68,46.78,47.94,48.61,48.695,48.645,48.99,48.475
91.2percent_probability_exceeding_50_total_cases,91.2,percent_probability_exceeding_50_total_cases,,,,,,2.125,10.195,18.5,23.345,25.68
91.2total_infected_mean,91.2,total_infected_mean,1,1.93045,3.2769,5.4353,8.4432,11.10575,13.8432,18.56055,27.55215,48.1571
91.2total_infected_median,91.2,total_infected_median,1,2,2,2,2,2,2,2,2,2
91.2total_infected_q2.5,91.2,total_infected_q2.5,1,1,1,1,1,1,1,1,1,1
91.2total_infected_q97.5,91.2,total_infected_q97.5,1,3,9,19,35,49,63,88,136,249
91.3percent_probability_exceeding_10_total_cases,91.3,percent_probability_exceeding_10_total_cases,,,,24.03,29.61,31.205,31.87,32.36,32.93,32.845
91.3percent_probability_exceeding_20_total_cases,91.3,percent_probability_exceeding_20_total_cases,,,,1.995,19.03,23.535,25.275,27.08,27.875,28.545
91.3percent_probability_exceeding_3_total_cases,91.3,percent_probability_exceeding_3_total_cases,,36.04,44.68,46.78,47.94,48.61,48.62,48.48,48.515,48.795
91.3percent_probability_exceeding_50_total_cases,91.3,percent_probability_exceeding_50_total_cases,,,,,,2.125,8.985,17.71,22.77,24.96
91.3total_infected_mean,91.3,total_infected_mean,1,1.93045,3.2769,5.4353,8.4432,11.10575,13.363,18.008,26.73395,44.9713
91.3total_infected_median,91.3,total_infected_median,1,2,2,2,2,2,2,2,2,2
91.3total_infected_q2.5,91.3,total_infected_q2.5,1,1,1,1,1,1,1,1,1,1
91.3total_infected_q97.5,91.3,total_infected_q97.5,1,3,9,19,35,49,61,87,133.025,238
91.4percent_probability_exceeding_10_total_cases,91.4,percent_probability_exceeding_10_total_cases,,,,24.03,28.31,29.94,30.51,31.38,31.7,32.395
91.4percent_probability_exceeding_20_total_cases,91.4,percent_probability_exceeding_20_total_cases,,,,1.995,17.32,22.5,23.795,25.84,26.835,27.815
91.4percent_probability_exceeding_3_total_cases,91.4,percent_probability_exceeding_3_total_cases,,36.04,44.68,46.78,47.165,47.435,47.765,47.92,47.9,48.44
91.4percent_probability_exceeding_50_total_cases,91.4,percent_probability_exceeding_50_total_cases,,,,,,1.555,8.08,16.325,20.95,23.89
91.4total_infected_mean,91.4,total_infected_mean,1,1.93045,3.2769,5.4353,7.9375,10.56915,12.63075,16.9641,24.4599,41.78185
91.4total_infected_median,91.4,total_infected_median,1,2,2,2,2,2,2,2,2,2
91.4total_infected_q2.5,91.4,total_infected_q2.5,1,1,1,1,1,1,1,1,1,1
91.4total_infected_q97.5,91.4,total_infected_q97.5,1,3,9,19,33,47,60,84,128,229
91.5percent_probability_exceeding_10_total_cases,91.5,percent_probability_exceeding_10_total_cases,,,,24.03,28.31,29.48,30.215,31.09,31.15,31.79
91.5percent_probability_exceeding_20_total_cases,91.5,percent_probability_exceeding_20_total_cases,,,,1.995,17.32,21.655,23,25.36,26.15,27.195
91.5percent_probability_exceeding_3_total_cases,91.5,percent_probability_exceeding_3_total_cases,,36.04,44.68,46.78,47.165,47.015,47.68,47.625,47.58,47.77
91.5percent_probability_exceeding_50_total_cases,91.5,percent_probability_exceeding_50_total_cases,,,,,,1.105,6.93,15.41,20.27,23.185
91.5total_infected_mean,91.5,total_infected_mean,1,1.93045,3.2769,5.4353,7.9375,10.1813,12.05785,16.35115,23.4197,39.34865
91.5total_infected_median,91.5,total_infected_median,1,2,2,2,2,2,2,2,2,2
91.5total_infected_q2.5,91.5,total_infected_q2.5,1,1,1,1,1,1,1,1,1,1
91.5total_infected_q97.5,91.5,total_infected_q97.5,1,3,9,19,33,46,58,83,126,222
91.6percent_probability_exceeding_10_total_cases,91.6,percent_probability_exceeding_10_total_cases,,,,21,26.81,28.735,29.61,30.185,30.93,31.505
91.6percent_probability_exceeding_20_total_cases,91.6,percent_probability_exceeding_20_total_cases,,,,0.745,15.47,20.45,22.83,24.445,25.92,26.755
91.6percent_probability_exceeding_3_total_cases,91.6,percent_probability_exceeding_3_total_cases,,36.04,44.68,44.725,46.305,46.785,47.125,46.815,47.805,47.865
91.6percent_probability_exceeding_50_total_cases,91.6,percent_probability_exceeding_50_total_cases,,,,,,0.695,6.55,14.19,19.4,22.44
91.6total_infected_mean,91.6,total_infected_mean,1,1.93045,3.2769,4.9308,7.40815,9.6698,11.82135,15.4926,22.2927,36.82565
91.6total_infected_median,91.6,total_infected_median,1,2,2,2,2,2,2,2,2,2
91.6total_infected_q2.5,91.6,total_infected_q2.5,1,1,1,1,1,1,1,1,1,1
91.6total_infected_q97.5,91.6,total_infected_q97.5,1,3,9,18,32,45,57,80,121,214
91.7percent_probability_exceeding_10_total_cases,91.7,percent_probability_exceeding_10_total_cases,,,,21,26.81,28.735,28.71,30.09,30.175,30.535
91.7percent_probability_exceeding_20_total_cases,91.7,percent_probability_exceeding_20_total_cases,,,,0.745,15.47,20.45,21.715,24.03,24.815,25.7
91.7percent_probability_exceeding_3_total_cases,91.7,percent_probability_exceeding_3_total_cases,,36.04,44.68,44.725,46.305,46.785,46.77,46.665,47.09,46.445
91.7percent_probability_exceeding_50_total_cases,91.7,percent_probability_exceeding_50_total_cases,,,,,,0.695,5.47,13.535,18.195,21.17
91.7total_infected_mean,91.7,total_infected_mean,1,1.93045,3.2769,4.9308,7.40815,9.6698,11.20835,15.07395,21.0375,33.91205
91.7total_infected_median,91.7,total_infected_median,1,2,2,2,2,2,2,2,2,2
91.7total_infected_q2.5,91.7,total_infected_q2.5,1,1,1,1,1,1,1,1,1,1
91.7total_infected_q97.5,91.7,total_infected_q97.5,1,3,9,18,32,45,56,78,119,206
91.8percent_probability_exceeding_10_total_cases,91.8,percent_probability_exceeding_10_total_cases,,,,21,25.31,28.005,27.68,28.88,29.285,30.175
91.8percent_probability_exceeding_20_total_cases,91.8,percent_probability_exceeding_20_total_cases,,,,0.745,13.65,19.485,20.44,22.505,23.865,25.36
91.8percent_probability_exceeding_3_total_cases,91.8,percent_probability_exceeding_3_total_cases,,36.04,44.68,44.725,44.97,46.42,46.135,46.35,46.315,46.74
91.8percent_probability_exceeding_50_total_cases,91.8,percent_probability_exceeding_50_total_cases,,,,,,0.395,4.235,11.855,17.115,20.575
91.8total_infected_mean,91.8,total_infected_mean,1,1.93045,3.2769,4.9308,6.91075,9.26225,10.5475,13.934,19.57755,32.2953
91.8total_infected_median,91.8,total_infected_median,1,2,2,2,2,2,2,2,2,2
91.8total_infected_q2.5,91.8,total_infected_q2.5,1,1,1,1,1,1,1,1,1,1
91.8total_infected_q97.5,91.8,total_infected_q97.5,1,3,9,18,30.025,44,54,75,115,200
91.9percent_probability_exceeding_10_total_cases,91.9,percent_probability_exceeding_10_total_cases,,,,21,25.31,27.04,27.04,28.39,29.13,29.55
91.9percent_probability_exceeding_20_total_cases,91.9,percent_probability_exceeding_20_total_cases,,,,0.745,13.65,18.31,19.565,22.12,23.535,24.295
91.9percent_probability_exceeding_3_total_cases,91.9,percent_probability_exceeding_3_total_cases,,36.04,44.68,44.725,44.97,45.665,45.39,46.26,46.185,46.33
91.9percent_probability_exceeding_50_total_cases,91.9,percent_probability_exceeding_50_total_cases,,,,,,0.285,3.67,11.13,16.49,19.27
91.9total_infected_mean,91.9,total_infected_mean,1,1.93045,3.2769,4.9308,6.91075,8.81475,10.1199,13.4972,18.83695,29.564
91.9total_infected_median,91.9,total_infected_median,1,2,2,2,2,2,2,2,2,2
91.9total_infected_q2.5,91.9,total_infected_q2.5,1,1,1,1,1,1,1,1,1,1
91.9total_infected_q97.5,91.9,total_infected_q97.5,1,3,9,18,30.025,42,52,74.025,112,190
92percent_probability_exceeding_10_total_cases,92,percent_probability_exceeding_10_total_cases,,,,18.045,24.46,25.82,26.87,27.645,27.79,28.51
92percent_probability_exceeding_20_total_cases,92,percent_probability_exceeding_20_total_cases,,,,0.195,12.2,17.065,19.305,21.135,22.275,23.29
92percent_probability_exceeding_3_total_cases,92,percent_probability_exceeding_3_total_cases,,,39.765,43.225,44.445,45.025,45.415,45.225,45.28,45.62
92percent_probability_exceeding_50_total_cases,92,percent_probability_exceeding_50_total_cases,,,,,,0.165,3.1,9.665,14.955,18.015
92total_infected_mean,92,total_infected_mean,1,1.3901,2.79035,4.50545,6.58325,8.303,9.8876,12.56025,17.36105,26.92635
92total_infected_median,92,total_infected_median,1,1,2,2,2,2,2,2,2,2
92total_infected_q2.5,92,total_infected_q2.5,1,1,1,1,1,1,1,1,1,1
92total_infected_q97.5,92,total_infected_q97.5,1,2,8,17,29,41,51,70,106.025,180
92.1percent_probability_exceeding_10_total_cases,92.1,percent_probability_exceeding_10_total_cases,,,,18.045,24.46,25.82,26.87,27.6,27.69,28.44
92.1percent_probability_exceeding_20_total_cases,92.1,percent_probability_exceeding_20_total_cases,,,,0.195,12.2,17.065,19.305,20.785,21.83,23.15
92.1percent_probability_exceeding_3_total_cases,92.1,percent_probability_exceeding_3_total_cases,,,39.765,43.225,44.445,45.025,45.415,45.355,45.34,45.545
92.1percent_probability_exceeding_50_total_cases,92.1,percent_probability_exceeding_50_total_cases,,,,,,0.165,3.1,9.2,14.025,17.58
92.1total_infected_mean,92.1,total_infected_mean,1,1.3901,2.79035,4.50545,6.58325,8.303,9.8876,12.27885,16.46095,25.6189
92.1total_infected_median,92.1,total_infected_median,1,1,2,2,2,2,2,2,2,2
92.1total_infected_q2.5,92.1,total_infected_q2.5,1,1,1,1,1,1,1,1,1,1
92.1total_infected_q97.5,92.1,total_infected_q97.5,1,2,8,17,29,41,51,69.025,102,174
92.2percent_probability_exceeding_10_total_cases,92.2,percent_probability_exceeding_10_total_cases,,,,18.045,22.9,24.605,25.78,26.84,26.84,27.76
92.2percent_probability_exceeding_20_total_cases,92.2,percent_probability_exceeding_20_total_cases,,,,0.195,10.63,15.67,17.715,19.88,20.73,22.42
92.2percent_probability_exceeding_3_total_cases,92.2,percent_probability_exceeding_3_total_cases,,,39.765,43.225,43.815,43.835,44.74,44.925,44.94,45.415
92.2percent_probability_exceeding_50_total_cases,92.2,percent_probability_exceeding_50_total_cases,,,,,,0.09,2.175,8.035,13,16.525
92.2total_infected_mean,92.2,total_infected_mean,1,1.3901,2.79035,4.50545,6.16585,7.80335,9.1261,11.5956,15.4174,23.88935
92.2total_infected_median,92.2,total_infected_median,1,1,2,2,2,2,2,2,2,2
92.2total_infected_q2.5,92.2,total_infected_q2.5,1,1,1,1,1,1,1,1,1,1
92.2total_infected_q97.5,92.2,total_infected_q97.5,1,2,8,17,28,39,48,67,99,168
92.3percent_probability_exceeding_10_total_cases,92.3,percent_probability_exceeding_10_total_cases,,,,18.045,22.9,23.805,25.055,26.39,26.36,26.435
92.3percent_probability_exceeding_20_total_cases,92.3,percent_probability_exceeding_20_total_cases,,,,0.195,10.63,14.605,16.85,19.09,20.235,20.96
92.3percent_probability_exceeding_3_total_cases,92.3,percent_probability_exceeding_3_total_cases,,,39.765,43.225,43.815,43.53,44.21,44.805,44.615,44.325
92.3percent_probability_exceeding_50_total_cases,92.3,percent_probability_exceeding_50_total_cases,,,,,,0.04,1.815,7.57,12.19,15.27
92.3total_infected_mean,92.3,total_infected_mean,1,1.3901,2.79035,4.50545,6.16585,7.3935,8.74895,11.16855,14.774,21.6621
92.3total_infected_median,92.3,total_infected_median,1,1,2,2,2,2,2,2,2,2
92.3total_infected_q2.5,92.3,total_infected_q2.5,1,1,1,1,1,1,1,1,1,1
92.3total_infected_q97.5,92.3,total_infected_q97.5,1,2,8,17,28,38,47,65,96,158
92.4percent_probability_exceeding_10_total_cases,92.4,percent_probability_exceeding_10_total_cases,,,,15.075,21.54,23.105,24.205,25.1,25.565,26.09
92.4percent_probability_exceeding_20_total_cases,92.4,percent_probability_exceeding_20_total_cases,,,,,9.005,13.495,15.81,17.815,19.39,20.63
92.4percent_probability_exceeding_3_total_cases,92.4,percent_probability_exceeding_3_total_cases,,,39.765,42.035,42.45,42.77,43.61,43.795,43.835,43.98
92.4percent_probability_exceeding_50_total_cases,92.4,percent_probability_exceeding_50_total_cases,,,,,,0.01,1.41,6.325,11.275,14.72
92.4total_infected_mean,92.4,total_infected_mean,1,1.3901,2.79035,4.11875,5.7895,7.04885,8.3329,10.36705,13.762,20.54845
92.4total_infected_median,92.4,total_infected_median,1,1,2,2,2,2,2,2,2,2
92.4total_infected_q2.5,92.4,total_infected_q2.5,1,1,1,1,1,1,1,1,1,1
92.4total_infected_q97.5,92.4,total_infected_q97.5,1,2,8,16,27,36,46,62,91,152
92.5percent_probability_exceeding_10_total_cases,92.5,percent_probability_exceeding_10_total_cases,,,,15.075,21.54,23.105,23.655,24.54,25.18,25.505
92.5percent_probability_exceeding_20_total_cases,92.5,percent_probability_exceeding_20_total_cases,,,,,9.005,13.495,15.13,17.33,18.91,19.67
92.5percent_probability_exceeding_3_total_cases,92.5,percent_probability_exceeding_3_total_cases,,,39.765,42.035,42.45,42.77,43.155,43.49,43.675,43.615
92.5percent_probability_exceeding_50_total_cases,92.5,percent_probability_exceeding_50_total_cases,,,,,,0.01,1.03,5.755,10.555,13.64
92.5total_infected_mean,92.5,total_infected_mean,1,1.3901,2.79035,4.11875,5.7895,7.04885,7.99145,10.01505,13.2326,19.00655
92.5total_infected_median,92.5,total_infected_median,1,1,2,2,2,2,2,2,2,2
92.5total_infected_q2.5,92.5,total_infected_q2.5,1,1,1,1,1,1,1,1,1,1
92.5total_infected_q97.5,92.5,total_infected_q97.5,1,2,8,16,27,36,44,61,89,145
92.6percent_probability_exceeding_10_total_cases,92.6,percent_probability_exceeding_10_total_cases,,,,15.075,20.315,22.59,23.295,23.71,24.305,25.105
92.6percent_probability_exceeding_20_total_cases,92.6,percent_probability_exceeding_20_total_cases,,,,,7.87,13.025,14.67,16.345,17.855,18.94
92.6percent_probability_exceeding_3_total_cases,92.6,percent_probability_exceeding_3_total_cases,,,39.765,42.035,41.885,42.655,42.96,42.56,42.925,43.46
92.6percent_probability_exceeding_50_total_cases,92.6,percent_probability_exceeding_50_total_cases,,,,,,0.005,0.845,4.935,9.415,12.58
92.6total_infected_mean,92.6,total_infected_mean,1,1.3901,2.79035,4.11875,5.4633,6.8665,7.76625,9.42175,12.1588,17.6278
92.6total_infected_median,92.6,total_infected_median,1,1,2,2,2,2,2,2,2,2
92.6total_infected_q2.5,92.6,total_infected_q2.5,1,1,1,1,1,1,1,1,1,1
92.6total_infected_q97.5,92.6,total_infected_q97.5,1,2,8,16,25,35,43,58,84,137
92.7percent_probability_exceeding_10_total_cases,92.7,percent_probability_exceeding_10_total_cases,,,,15.075,20.315,21.76,22.495,23.325,23.515,24.22
92.7percent_probability_exceeding_20_total_cases,92.7,percent_probability_exceeding_20_total_cases,,,,,7.87,11.7,13.875,15.935,16.99,18.225
92.7percent_probability_exceeding_3_total_cases,92.7,percent_probability_exceeding_3_total_cases,,,39.765,42.035,41.885,42.085,42.27,42.43,42.31,42.515
92.7percent_probability_exceeding_50_total_cases,92.7,percent_probability_exceeding_50_total_cases,,,,,,,0.645,4.43,8.705,11.805
92.7total_infected_mean,92.7,total_infected_mean,1,1.3901,2.79035,4.11875,5.4633,6.494,7.43445,9.17255,11.57115,16.2768
92.7total_infected_median,92.7,total_infected_median,1,1,2,2,2,2,2,2,2,2
92.7total_infected_q2.5,92.7,total_infected_q2.5,1,1,1,1,1,1,1,1,1,1
92.7total_infected_q97.5,92.7,total_infected_q97.5,1,2,8,16,25,34,42,57,81,128
92.8percent_probability_exceeding_10_total_cases,92.8,percent_probability_exceeding_10_total_cases,,,,12.225,18.76,20.9,21.495,22.35,23.125,23.695
92.8percent_probability_exceeding_20_total_cases,92.8,percent_probability_exceeding_20_total_cases,,,,,6.4,10.775,12.92,14.805,16.195,17.815
92.8percent_probability_exceeding_3_total_cases,92.8,percent_probability_exceeding_3_total_cases,,,39.765,40.06,41.035,41.21,41.675,41.725,42.09,42.575
92.8percent_probability_exceeding_50_total_cases,92.8,percent_probability_exceeding_50_total_cases,,,,,,,0.505,3.545,7.69,10.94
92.8total_infected_mean,92.8,total_infected_mean,1,1.3901,2.79035,3.7337,5.1197,6.19475,7.08455,8.53785,10.91425,15.2452
92.8total_infected_median,92.8,total_infected_median,1,1,2,2,2,2,2,2,2,2
92.8total_infected_q2.5,92.8,total_infected_q2.5,1,1,1,1,1,1,1,1,1,1
92.8total_infected_q97.5,92.8,total_infected_q97.5,1,2,8,14,24,33,41,55,78,123
92.9percent_probability_exceeding_10_total_cases,92.9,percent_probability_exceeding_10_total_cases,,,,12.225,18.76,20.9,21.175,22.145,22.625,22.74
92.9percent_probability_exceeding_20_total_cases,92.9,percent_probability_exceeding_20_total_cases,,,,,6.4,10.775,12.26,14.6,15.895,16.73
92.9percent_probability_exceeding_3_total_cases,92.9,percent_probability_exceeding_3_total_cases,,,39.765,40.06,41.035,41.21,41.335,41.81,42.155,41.485
92.9percent_probability_exceeding_50_total_cases,92.9,percent_probability_exceeding_50_total_cases,,,,,,,0.345,3.285,7.205,10.015
92.9total_infected_mean,92.9,total_infected_mean,1,1.3901,2.79035,3.7337,5.1197,6.19475,6.8622,8.39075,10.47205,13.933
92.9total_infected_median,92.9,total_infected_median,1,1,2,2,2,2,2,2,2,2
92.9total_infected_q2.5,92.9,total_infected_q2.5,1,1,1,1,1,1,1,1,1,1
92.9total_infected_q97.5,92.9,total_infected_q97.5,1,2,8,14,24,33,39,53,74,115
93percent_probability_exceeding_10_total_cases,93,percent_probability_exceeding_10_total_cases,,,,12.225,17.435,19.76,20.35,21.045,21.255,22.085
93percent_probability_exceeding_20_total_cases,93,percent_probability_exceeding_20_total_cases,,,,,5.095,9.855,11.295,13.43,14.695,15.79
93percent_probability_exceeding_3_total_cases,93,percent_probability_exceeding_3_total_cases,,,34.255,40.06,39.945,40.815,40.635,40.97,41.075,41.465
93percent_probability_exceeding_50_total_cases,93,percent_probability_exceeding_50_total_cases,,,,,,,0.235,2.71,6,9.155
93total_infected_mean,93,total_infected_mean,1,1.3901,2.39205,3.7337,4.7893,5.89495,6.5536,7.83375,9.5543,12.94985
93total_infected_median,93,total_infected_median,1,1,2,2,2,2,2,2,2,2
93total_infected_q2.5,93,total_infected_q2.5,1,1,1,1,1,1,1,1,1,1
93total_infected_q97.5,93,total_infected_q97.5,1,2,7,14,23,32,38,50,69,108
93.1percent_probability_exceeding_10_total_cases,93.1,percent_probability_exceeding_10_total_cases,,,,12.225,17.435,19.02,20.35,20.805,20.985,21.63
93.1percent_probability_exceeding_20_total_cases,93.1,percent_probability_exceeding_20_total_cases,,,,,5.095,9.155,11.295,12.885,14.04,15.23
93.1percent_probability_exceeding_3_total_cases,93.1,percent_probability_exceeding_3_total_cases,,,34.255,40.06,39.945,40.115,40.635,40.785,40.405,40.545
93.1percent_probability_exceeding_50_total_cases,93.1,percent_probability_exceeding_50_total_cases,,,,,,,0.235,2.5,5.515,8.515
93.1total_infected_mean,93.1,total_infected_mean,1,1.3901,2.39205,3.7337,4.7893,5.6826,6.5536,7.5853,9.1396,12.1887
93.1total_infected_median,93.1,total_infected_median,1,1,2,2,2,2,2,2,2,2
93.1total_infected_q2.5,93.1,total_infected_q2.5,1,1,1,1,1,1,1,1,1,1
93.1total_infected_q97.5,93.1,total_infected_q97.5,1,2,7,14,23,31,38,49.025,67,103
93.2percent_probability_exceeding_10_total_cases,93.2,percent_probability_exceeding_10_total_cases,,,,9.445,15.945,17.875,18.98,19.96,20.645,21.285
93.2percent_probability_exceeding_20_total_cases,93.2,percent_probability_exceeding_20_total_cases,,,,,4.225,7.995,10.085,11.89,13.535,14.685
93.2percent_probability_exceeding_3_total_cases,93.2,percent_probability_exceeding_3_total_cases,,,34.255,37.695,38.94,39.49,40.04,40.12,40.51,40.59
93.2percent_probability_exceeding_50_total_cases,93.2,percent_probability_exceeding_50_total_cases,,,,,,,0.095,1.84,4.835,7.805
93.2total_infected_mean,93.2,total_infected_mean,1,1.3901,2.39205,3.3887,4.5237,5.3497,6.0579,7.1113,8.7417,11.5138
93.2total_infected_median,93.2,total_infected_median,1,1,2,2,2,2,2,2,2,2
93.2total_infected_q2.5,93.2,total_infected_q2.5,1,1,1,1,1,1,1,1,1,1
93.2total_infected_q97.5,93.2,total_infected_q97.5,1,2,7,13,22,29,35,46,63.025,97
93.3percent_probability_exceeding_10_total_cases,93.3,percent_probability_exceeding_10_total_cases,,,,9.445,15.945,17.875,18.98,19.465,20.035,20.63
93.3percent_probability_exceeding_20_total_cases,93.3,percent_probability_exceeding_20_total_cases,,,,,4.225,7.995,10.085,11.605,13.045,14.12
93.3percent_probability_exceeding_3_total_cases,93.3,percent_probability_exceeding_3_total_cases,,,34.255,37.695,38.94,39.49,40.04,39.74,39.785,40.54
93.3percent_probability_exceeding_50_total_cases,93.3,percent_probability_exceeding_50_total_cases,,,,,,,0.095,1.625,4.43,6.945
93.3total_infected_mean,93.3,total_infected_mean,1,1.3901,2.39205,3.3887,4.5237,5.3497,6.0579,6.936,8.3605,10.7053
93.3total_infected_median,93.3,total_infected_median,1,1,2,2,2,2,2,2,2,2
93.3total_infected_q2.5,93.3,total_infected_q2.5,1,1,1,1,1,1,1,1,1,1
93.3total_infected_q97.5,93.3,total_infected_q97.5,1,2,7,13,22,29,35,45,61,90
93.4percent_probability_exceeding_10_total_cases,93.4,percent_probability_exceeding_10_total_cases,,,,9.445,14.565,16.86,17.65,18.185,19.81,19.775
93.4percent_probability_exceeding_20_total_cases,93.4,percent_probability_exceeding_20_total_cases,,,,,3.315,7.265,8.68,10.33,12.275,13.075
93.4percent_probability_exceeding_3_total_cases,93.4,percent_probability_exceeding_3_total_cases,,,34.255,37.695,37.79,38.99,39.07,39.13,39.605,39.65
93.4percent_probability_exceeding_50_total_cases,93.4,percent_probability_exceeding_50_total_cases,,,,,,,0.04,1.22,3.845,6.16
93.4total_infected_mean,93.4,total_infected_mean,1,1.3901,2.39205,3.3887,4.2423,5.09515,5.58975,6.42625,7.95925,9.8351
93.4total_infected_median,93.4,total_infected_median,1,1,2,2,2,2,2,2,2,2
93.4total_infected_q2.5,93.4,total_infected_q2.5,1,1,1,1,1,1,1,1,1,1
93.4total_infected_q97.5,93.4,total_infected_q97.5,1,2,7,13,21,28,33,43,57,83
93.5percent_probability_exceeding_10_total_cases,93.5,percent_probability_exceeding_10_total_cases,,,,9.445,14.565,16.01,16.95,17.75,19.035,19.34
93.5percent_probability_exceeding_20_total_cases,93.5,percent_probability_exceeding_20_total_cases,,,,,3.315,6.08,8.025,9.835,11.8,12.47
93.5percent_probability_exceeding_3_total_cases,93.5,percent_probability_exceeding_3_total_cases,,,34.255,37.695,37.79,38.05,38.635,38.615,39.04,39.045
93.5percent_probability_exceeding_50_total_cases,93.5,percent_probability_exceeding_50_total_cases,,,,,,,0.035,0.9,3.445,5.725
93.5total_infected_mean,93.5,total_infected_mean,1,1.3901,2.39205,3.3887,4.2423,4.8066,5.36665,6.1991,7.59635,9.30165
93.5total_infected_median,93.5,total_infected_median,1,1,2,2,2,2,2,2,2,2
93.5total_infected_q2.5,93.5,total_infected_q2.5,1,1,1,1,1,1,1,1,1,1
93.5total_infected_q97.5,93.5,total_infected_q97.5,1,2,7,13,21,26,32,41,55,77
93.6percent_probability_exceeding_10_total_cases,93.6,percent_probability_exceeding_10_total_cases,,,,7.105,13.22,14.945,16.015,17.035,17.78,18.54
93.6percent_probability_exceeding_20_total_cases,93.6,percent_probability_exceeding_20_total_cases,,,,,2.485,5.35,7.225,9.105,10.64,11.71
93.6percent_probability_exceeding_3_total_cases,93.6,percent_probability_exceeding_3_total_cases,,,34.255,35.47,37.22,37.255,38.075,38.34,38.56,38.56
93.6percent_probability_exceeding_50_total_cases,93.6,percent_probability_exceeding_50_total_cases,,,,,,,0.025,0.695,2.725,4.97
93.6total_infected_mean,93.6,total_infected_mean,1,1.3901,2.39205,3.10195,3.9926,4.57615,5.11765,5.905,6.97265,8.6534
93.6total_infected_median,93.6,total_infected_median,1,1,2,1,2,2,2,2,2,2
93.6total_infected_q2.5,93.6,total_infected_q2.5,1,1,1,1,1,1,1,1,1,1
93.6total_infected_q97.5,93.6,total_infected_q97.5,1,2,7,12,19,25,30.025,39,51,73
93.7percent_probability_exceeding_10_total_cases,93.7,percent_probability_exceeding_10_total_cases,,,,7.105,13.22,14.945,15.49,16.46,17.325,17.635
93.7percent_probability_exceeding_20_total_cases,93.7,percent_probability_exceeding_20_total_cases,,,,,2.485,5.35,6.64,8.695,10.04,10.95
93.7percent_probability_exceeding_3_total_cases,93.7,percent_probability_exceeding_3_total_cases,,,34.255,35.47,37.22,37.255,37.21,37.955,38.07,38.065
93.7percent_probability_exceeding_50_total_cases,93.7,percent_probability_exceeding_50_total_cases,,,,,,,0.01,0.56,2.4,4.415
93.7total_infected_mean,93.7,total_infected_mean,1,1.3901,2.39205,3.10195,3.9926,4.57615,4.92565,5.70165,6.6536,8.0713
93.7total_infected_median,93.7,total_infected_median,1,1,2,1,2,2,2,2,2,2
93.7total_infected_q2.5,93.7,total_infected_q2.5,1,1,1,1,1,1,1,1,1,1
93.7total_infected_q97.5,93.7,total_infected_q97.5,1,2,7,12,19,25,30,38,49,67
93.8percent_probability_exceeding_10_total_cases,93.8,percent_probability_exceeding_10_total_cases,,,,7.105,11.5,14.225,14.65,15.78,16.86,17.185
93.8percent_probability_exceeding_20_total_cases,93.8,percent_probability_exceeding_20_total_cases,,,,,1.76,4.78,6.04,7.975,9.43,10.525
93.8percent_probability_exceeding_3_total_cases,93.8,percent_probability_exceeding_3_total_cases,,,34.255,35.47,35.385,36.49,36.57,37.035,37.735,37.57
93.8percent_probability_exceeding_50_total_cases,93.8,percent_probability_exceeding_50_total_cases,,,,,,,0.005,0.38,2.06,3.895
93.8total_infected_mean,93.8,total_infected_mean,1,1.3901,2.39205,3.10195,3.69185,4.3957,4.7157,5.43885,6.3536,7.6207
93.8total_infected_median,93.8,total_infected_median,1,1,2,1,1,2,2,2,2,2
93.8total_infected_q2.5,93.8,total_infected_q2.5,1,1,1,1,1,1,1,1,1,1
93.8total_infected_q97.5,93.8,total_infected_q97.5,1,2,7,12,18,24,28,36,46,62
93.9percent_probability_exceeding_10_total_cases,93.9,percent_probability_exceeding_10_total_cases,,,,7.105,11.5,13.425,13.98,15.39,16.19,16.72
93.9percent_probability_exceeding_20_total_cases,93.9,percent_probability_exceeding_20_total_cases,,,,,1.76,4.255,5.41,7.51,9.085,9.9
93.9percent_probability_exceeding_3_total_cases,93.9,percent_probability_exceeding_3_total_cases,,,34.255,35.47,35.385,35.885,35.89,36.715,36.68,37.28
93.9percent_probability_exceeding_50_total_cases,93.9,percent_probability_exceeding_50_total_cases,,,,,,,0.005,0.32,1.75,3.485
93.9total_infected_mean,93.9,total_infected_mean,1,1.3901,2.39205,3.10195,3.69185,4.21205,4.5197,5.27725,6.09355,7.21715
93.9total_infected_median,93.9,total_infected_median,1,1,2,1,1,2,1,2,2,2
93.9total_infected_q2.5,93.9,total_infected_q2.5,1,1,1,1,1,1,1,1,1,1
93.9total_infected_q97.5,93.9,total_infected_q97.5,1,2,7,12,18,23,27,35,43,58
94percent_probability_exceeding_10_total_cases,94,percent_probability_exceeding_10_total_cases,,,,5.06,10.455,12.57,13.42,14.155,15.215,16.06
94percent_probability_exceeding_20_total_cases,94,percent_probability_exceeding_20_total_cases,,,,,1.32,3.675,4.98,6.375,8.085,9.275
94percent_probability_exceeding_3_total_cases,94,percent_probability_exceeding_3_total_cases,,,27.655,33.18,34.605,35.46,35.43,35.635,36.025,36.38
94percent_probability_exceeding_50_total_cases,94,percent_probability_exceeding_50_total_cases,,,,,,,,0.175,1.395,3.01
94total_infected_mean,94,total_infected_mean,1,1.3901,2.0327,2.824,3.53475,4.0394,4.36215,4.849,5.67955,6.7173
94total_infected_median,94,total_infected_median,1,1,1,1,1,1,1,1,1,1
94total_infected_q2.5,94,total_infected_q2.5,1,1,1,1,1,1,1,1,1,1
94total_infected_q97.5,94,total_infected_q97.5,1,2,6,11,17,22,25,31,41,54
94.1percent_probability_exceeding_10_total_cases,94.1,percent_probability_exceeding_10_total_cases,,,,5.06,10.455,12.57,12.855,13.675,14.61,15.275
94.1percent_probability_exceeding_20_total_cases,94.1,percent_probability_exceeding_20_total_cases,,,,,1.32,3.675,4.685,6.04,7.47,8.575
94.1percent_probability_exceeding_3_total_cases,94.1,percent_probability_exceeding_3_total_cases,,,27.655,33.18,34.605,35.46,35.115,35.17,35.545,36.075
94.1percent_probability_exceeding_50_total_cases,94.1,percent_probability_exceeding_50_total_cases,,,,,,,,0.135,1.15,2.44
94.1total_infected_mean,94.1,total_infected_mean,1,1.3901,2.0327,2.824,3.53475,4.0394,4.23835,4.71895,5.4211,6.2518
94.1total_infected_median,94.1,total_infected_median,1,1,1,1,1,1,1,1,1,1
94.1total_infected_q2.5,94.1,total_infected_q2.5,1,1,1,1,1,1,1,1,1,1
94.1total_infected_q97.5,94.1,total_infected_q97.5,1,2,6,11,17,22,24.025,31,39,49
94.2percent_probability_exceeding_10_total_cases,94.2,percent_probability_exceeding_10_total_cases,,,,5.06,9.39,11.78,12.035,12.97,13.79,14.48
94.2percent_probability_exceeding_20_total_cases,94.2,percent_probability_exceeding_20_total_cases,,,,,0.81,3.17,4.095,5.485,6.765,7.77
94.2percent_probability_exceeding_3_total_cases,94.2,percent_probability_exceeding_3_total_cases,,,27.655,33.18,33.565,34.53,34.29,34.65,34.905,34.96
94.2percent_probability_exceeding_50_total_cases,94.2,percent_probability_exceeding_50_total_cases,,,,,,,,0.105,0.93,2.085
94.2total_infected_mean,94.2,total_infected_mean,1,1.3901,2.0327,2.824,3.351,3.86865,4.0621,4.50685,5.1088,5.83525
94.2total_infected_median,94.2,total_infected_median,1,1,1,1,1,1,1,1,1,1
94.2total_infected_q2.5,94.2,total_infected_q2.5,1,1,1,1,1,1,1,1,1,1
94.2total_infected_q97.5,94.2,total_infected_q97.5,1,2,6,11,16,21,24,29,36,45
94.3percent_probability_exceeding_10_total_cases,94.3,percent_probability_exceeding_10_total_cases,,,,5.06,9.39,10.885,11.505,12.53,13.08,13.965
94.3percent_probability_exceeding_20_total_cases,94.3,percent_probability_exceeding_20_total_cases,,,,,0.81,2.665,3.705,5.185,6.375,7.355
94.3percent_probability_exceeding_3_total_cases,94.3,percent_probability_exceeding_3_total_cases,,,27.655,33.18,33.565,33.615,33.745,34.635,34.345,34.43
94.3percent_probability_exceeding_50_total_cases,94.3,percent_probability_exceeding_50_total_cases,,,,,,,,0.1,0.845,1.8
94.3total_infected_mean,94.3,total_infected_mean,1,1.3901,2.0327,2.824,3.351,3.6965,3.92035,4.3868,4.91865,5.56325
94.3total_infected_median,94.3,total_infected_median,1,1,1,1,1,1,1,1,1,1
94.3total_infected_q2.5,94.3,total_infected_q2.5,1,1,1,1,1,1,1,1,1,1
94.3total_infected_q97.5,94.3,total_infected_q97.5,1,2,6,11,16,20,22,28,35,42
94.4percent_probability_exceeding_10_total_cases,94.4,percent_probability_exceeding_10_total_cases,,,,3.25,8.305,10.185,10.825,11.75,12.36,12.935
94.4percent_probability_exceeding_20_total_cases,94.4,percent_probability_exceeding_20_total_cases,,,,,0.445,2.2,3.245,4.585,5.735,6.465
94.4percent_probability_exceeding_3_total_cases,94.4,percent_probability_exceeding_3_total_cases,,,27.655,31.17,32.465,32.875,33.275,33.875,33.88,33.795
94.4percent_probability_exceeding_50_total_cases,94.4,percent_probability_exceeding_50_total_cases,,,,,,,,0.05,0.54,1.465
94.4total_infected_mean,94.4,total_infected_mean,1,1.3901,2.0327,2.5893,3.17415,3.5405,3.7898,4.17,4.63965,5.20485
94.4total_infected_median,94.4,total_infected_median,1,1,1,1,1,1,1,1,1,1
94.4total_infected_q2.5,94.4,total_infected_q2.5,1,1,1,1,1,1,1,1,1,1
94.4total_infected_q97.5,94.4,total_infected_q97.5,1,2,6,10,15,19,21,26,32,39
94.5percent_probability_exceeding_10_total_cases,94.5,percent_probability_exceeding_10_total_cases,,,,3.25,8.305,10.185,10.255,11.26,11.76,12.135
94.5percent_probability_exceeding_20_total_cases,94.5,percent_probability_exceeding_20_total_cases,,,,,0.445,2.2,2.795,4.375,5.265,6.005
94.5percent_probability_exceeding_3_total_cases,94.5,percent_probability_exceeding_3_total_cases,,,27.655,31.17,32.465,32.875,32.705,33.375,33.585,32.98
94.5percent_probability_exceeding_50_total_cases,94.5,percent_probability_exceeding_50_total_cases,,,,,,,,0.065,0.47,1.19
94.5total_infected_mean,94.5,total_infected_mean,1,1.3901,2.0327,2.5893,3.17415,3.5405,3.6518,4.0565,4.4581,4.9154
94.5total_infected_median,94.5,total_infected_median,1,1,1,1,1,1,1,1,1,1
94.5total_infected_q2.5,94.5,total_infected_q2.5,1,1,1,1,1,1,1,1,1,1
94.5total_infected_q97.5,94.5,total_infected_q97.5,1,2,6,10,15,19,20,25,30,36
94.6percent_probability_exceeding_10_total_cases,94.6,percent_probability_exceeding_10_total_cases,,,,3.25,6.895,9.135,10,10.31,11.255,11.62
94.6percent_probability_exceeding_20_total_cases,94.6,percent_probability_exceeding_20_total_cases,,,,,0.285,1.66,2.53,3.61,4.705,5.465
94.6percent_probability_exceeding_3_total_cases,94.6,percent_probability_exceeding_3_total_cases,,,27.655,31.17,31.225,31.93,32.205,32.235,32.78,32.48
94.6percent_probability_exceeding_50_total_cases,94.6,percent_probability_exceeding_50_total_cases,,,,,,,,0.01,0.335,0.96
94.6total_infected_mean,94.6,total_infected_mean,1,1.3901,2.0327,2.5893,2.97175,3.35885,3.57045,3.78945,4.2418,4.65625
94.6total_infected_median,94.6,total_infected_median,1,1,1,1,1,1,1,1,1,1
94.6total_infected_q2.5,94.6,total_infected_q2.5,1,1,1,1,1,1,1,1,1,1
94.6total_infected_q97.5,94.6,total_infected_q97.5,1,2,6,10,14,18,20,23,28,33
94.7percent_probability_exceeding_10_total_cases,94.7,percent_probability_exceeding_10_total_cases,,,,3.25,6.895,8.515,9.38,9.92,10.68,11.04
94.7percent_probability_exceeding_20_total_cases,94.7,percent_probability_exceeding_20_total_cases,,,,,0.285,1.475,2.26,3.32,4.245,4.93
94.7percent_probability_exceeding_3_total_cases,94.7,percent_probability_exceeding_3_total_cases,,,27.655,31.17,31.225,31.62,31.775,31.72,32.27,32.255
94.7percent_probability_exceeding_50_total_cases,94.7,percent_probability_exceeding_50_total_cases,,,,,,,,0.005,0.21,0.745
94.7total_infected_mean,94.7,total_infected_mean,1,1.3901,2.0327,2.5893,2.97175,3.2592,3.45485,3.6985,4.03725,4.4191
94.7total_infected_median,94.7,total_infected_median,1,1,1,1,1,1,1,1,1,1
94.7total_infected_q2.5,94.7,total_infected_q2.5,1,1,1,1,1,1,1,1,1,1
94.7total_infected_q97.5,94.7,total_infected_q97.5,1,2,6,10,14,17,19,22,26,31
94.8percent_probability_exceeding_10_total_cases,94.8,percent_probability_exceeding_10_total_cases,,,,2.015,6.115,7.59,8.585,9.565,9.965,10.34
94.8percent_probability_exceeding_20_total_cases,94.8,percent_probability_exceeding_20_total_cases,,,,,0.16,1.13,1.89,2.955,3.77,4.505
94.8percent_probability_exceeding_3_total_cases,94.8,percent_probability_exceeding_3_total_cases,,,27.655,28.685,30.4,30.59,31.095,31.265,31.515,31.405
94.8percent_probability_exceeding_50_total_cases,94.8,percent_probability_exceeding_50_total_cases,,,,,,,,,0.15,0.64
94.8total_infected_mean,94.8,total_infected_mean,1,1.3901,2.0327,2.3891,2.8408,3.0947,3.3046,3.58575,3.83345,4.16025
94.8total_infected_median,94.8,total_infected_median,1,1,1,1,1,1,1,1,1,1
94.8total_infected_q2.5,94.8,total_infected_q2.5,1,1,1,1,1,1,1,1,1,1
94.8total_infected_q97.5,94.8,total_infected_q97.5,1,2,6,9,13,16,18,21,24,28
94.9percent_probability_exceeding_10_total_cases,94.9,percent_probability_exceeding_10_total_cases,,,,2.015,6.115,7.59,7.905,9.26,9.7,9.86
94.9percent_probability_exceeding_20_total_cases,94.9,percent_probability_exceeding_20_total_cases,,,,,0.16,1.13,1.59,2.81,3.51,4.135
94.9percent_probability_exceeding_3_total_cases,94.9,percent_probability_exceeding_3_total_cases,,,27.655,28.685,30.4,30.59,30.52,30.97,30.965,31
94.9percent_probability_exceeding_50_total_cases,94.9,percent_probability_exceeding_50_total_cases,,,,,,,,,0.12,0.505
94.9total_infected_mean,94.9,total_infected_mean,1,1.3901,2.0327,2.3891,2.8408,3.0947,3.1791,3.50405,3.7354,3.99635
94.9total_infected_median,94.9,total_infected_median,1,1,1,1,1,1,1,1,1,1
94.9total_infected_q2.5,94.9,total_infected_q2.5,1,1,1,1,1,1,1,1,1,1
94.9total_infected_q97.5,94.9,total_infected_q97.5,1,2,6,9,13,16,17,20,23,26
95percent_probability_exceeding_10_total_cases,95,percent_probability_exceeding_10_total_cases,,,,2.015,5.03,6.915,7.45,8.415,9.12,9.445
95percent_probability_exceeding_20_total_cases,95,percent_probability_exceeding_20_total_cases,,,,,0.075,0.835,1.35,2.315,3.16,3.675
95percent_probability_exceeding_3_total_cases,95,percent_probability_exceeding_3_total_cases,,,20.965,28.685,29.235,29.825,29.925,30.46,30.55,30.63
95percent_probability_exceeding_50_total_cases,95,percent_probability_exceeding_50_total_cases,,,,,,,,0.005,0.065,0.345
95total_infected_mean,95,total_infected_mean,1,1.3901,1.74195,2.3891,2.68725,2.9736,3.08395,3.332,3.5917,3.81475
95total_infected_median,95,total_infected_median,1,1,1,1,1,1,1,1,1,1
95total_infected_q2.5,95,total_infected_q2.5,1,1,1,1,1,1,1,1,1,1
95total_infected_q97.5,95,total_infected_q97.5,1,2,5,9,12,15,16,19,22,24
95.1percent_probability_exceeding_10_total_cases,95.1,percent_probability_exceeding_10_total_cases,,,,2.015,5.03,6.35,6.865,7.985,8.585,8.925
95.1percent_probability_exceeding_20_total_cases,95.1,percent_probability_exceeding_20_total_cases,,,,,0.075,0.625,1.13,2.15,2.835,3.445
95.1percent_probability_exceeding_3_total_cases,95.1,percent_probability_exceeding_3_total_cases,,,20.965,28.685,29.235,29.225,29.41,30.185,29.98,30.19
95.1percent_probability_exceeding_50_total_cases,95.1,percent_probability_exceeding_50_total_cases,,,,,,,,,0.035,0.285
95.1total_infected_mean,95.1,total_infected_mean,1,1.3901,1.74195,2.3891,2.68725,2.85995,2.9768,3.25105,3.45535,3.68745
95.1total_infected_median,95.1,total_infected_median,1,1,1,1,1,1,1,1,1,1
95.1total_infected_q2.5,95.1,total_infected_q2.5,1,1,1,1,1,1,1,1,1,1
95.1total_infected_q97.5,95.1,total_infected_q97.5,1,2,5,9,12,14,16,18,21,24
95.2percent_probability_exceeding_10_total_cases,95.2,percent_probability_exceeding_10_total_cases,,,,1.005,4.35,5.83,6.49,7.145,7.76,8.4
95.2percent_probability_exceeding_20_total_cases,95.2,percent_probability_exceeding_20_total_cases,,,,,0.01,0.495,1.035,1.695,2.36,2.91
95.2percent_probability_exceeding_3_total_cases,95.2,percent_probability_exceeding_3_total_cases,,,20.965,26.04,27.975,28.64,28.745,28.78,29.045,29.295
95.2percent_probability_exceeding_50_total_cases,95.2,percent_probability_exceeding_50_total_cases,,,,,,,,0.005,0.02,0.225
95.2total_infected_mean,95.2,total_infected_mean,1,1.3901,1.74195,2.18435,2.56115,2.77375,2.8948,3.0714,3.25875,3.485
95.2total_infected_median,95.2,total_infected_median,1,1,1,1,1,1,1,1,1,1
95.2total_infected_q2.5,95.2,total_infected_q2.5,1,1,1,1,1,1,1,1,1,1
95.2total_infected_q97.5,95.2,total_infected_q97.5,1,2,5,8,11,14,15,17,19,21
95.3percent_probability_exceeding_10_total_cases,95.3,percent_probability_exceeding_10_total_cases,,,,1.005,4.35,5.83,6.05,6.8,7.19,7.48
95.3percent_probability_exceeding_20_total_cases,95.3,percent_probability_exceeding_20_total_cases,,,,,0.01,0.495,0.885,1.445,2.045,2.53
95.3percent_probability_exceeding_3_total_cases,95.3,percent_probability_exceeding_3_total_cases,,,20.965,26.04,27.975,28.64,28.245,28.545,28.585,28.555
95.3percent_probability_exceeding_50_total_cases,95.3,percent_probability_exceeding_50_total_cases,,,,,,,,0.005,0.02,0.14
95.3total_infected_mean,95.3,total_infected_mean,1,1.3901,1.74195,2.18435,2.56115,2.77375,2.8148,2.99355,3.1387,3.29105
95.3total_infected_median,95.3,total_infected_median,1,1,1,1,1,1,1,1,1,1
95.3total_infected_q2.5,95.3,total_infected_q2.5,1,1,1,1,1,1,1,1,1,1
95.3total_infected_q97.5,95.3,total_infected_q97.5,1,2,5,8,11,14,14,16,18,20
95.4percent_probability_exceeding_10_total_cases,95.4,percent_probability_exceeding_10_total_cases,,,,1.005,3.685,4.955,5.445,6.23,6.715,7.095
95.4percent_probability_exceeding_20_total_cases,95.4,percent_probability_exceeding_20_total_cases,,,,,0.005,0.325,0.705,1.15,1.735,2.24
95.4percent_probability_exceeding_3_total_cases,95.4,percent_probability_exceeding_3_total_cases,,,20.965,26.04,26.655,27.62,27.44,27.92,27.985,27.85
95.4percent_probability_exceeding_50_total_cases,95.4,percent_probability_exceeding_50_total_cases,,,,,,,,,0.01,0.08
95.4total_infected_mean,95.4,total_infected_mean,1,1.3901,1.74195,2.18435,2.4382,2.6436,2.71495,2.8654,3.01565,3.1608
95.4total_infected_median,95.4,total_infected_median,1,1,1,1,1,1,1,1,1,1
95.4total_infected_q2.5,95.4,total_infected_q2.5,1,1,1,1,1,1,1,1,1,1
95.4total_infected_q97.5,95.4,total_infected_q97.5,1,2,5,8,11,13,14,15,17,18
95.5percent_probability_exceeding_10_total_cases,95.5,percent_probability_exceeding_10_total_cases,,,,1.005,3.685,4.57,4.99,5.905,6.36,6.57
95.5percent_probability_exceeding_20_total_cases,95.5,percent_probability_exceeding_20_total_cases,,,,,0.005,0.215,0.535,1.14,1.5,2.035
95.5percent_probability_exceeding_3_total_cases,95.5,percent_probability_exceeding_3_total_cases,,,20.965,26.04,26.655,26.8,26.81,27.565,27.515,27.48
95.5percent_probability_exceeding_50_total_cases,95.5,percent_probability_exceeding_50_total_cases,,,,,,,,,,0.04
95.5total_infected_mean,95.5,total_infected_mean,1,1.3901,1.74195,2.18435,2.4382,2.5543,2.626,2.81685,2.917,3.04805
95.5total_infected_median,95.5,total_infected_median,1,1,1,1,1,1,1,1,1,1
95.5total_infected_q2.5,95.5,total_infected_q2.5,1,1,1,1,1,1,1,1,1,1
95.5total_infected_q97.5,95.5,total_infected_q97.5,1,2,5,8,11,12,13,15,16,17.025
95.6percent_probability_exceeding_10_total_cases,95.6,percent_probability_exceeding_10_total_cases,,,,0.385,2.89,4.145,4.655,5.115,5.855,6.105
95.6percent_probability_exceeding_20_total_cases,95.6,percent_probability_exceeding_20_total_cases,,,,,0.005,0.14,0.37,0.855,1.32,1.65
95.6percent_probability_exceeding_3_total_cases,95.6,percent_probability_exceeding_3_total_cases,,,20.965,23.3,25.05,25.93,26.275,26.47,27.055,26.81
95.6percent_probability_exceeding_50_total_cases,95.6,percent_probability_exceeding_50_total_cases,,,,,,,,,,0.05
95.6total_infected_mean,95.6,total_infected_mean,1,1.3901,1.74195,2.0072,2.2955,2.46035,2.56085,2.6627,2.83005,2.92565
95.6total_infected_median,95.6,total_infected_median,1,1,1,1,1,1,1,1,1,1
95.6total_infected_q2.5,95.6,total_infected_q2.5,1,1,1,1,1,1,1,1,1,1
95.6total_infected_q97.5,95.6,total_infected_q97.5,1,2,5,7,10,11,12,13,15,16
95.7percent_probability_exceeding_10_total_cases,95.7,percent_probability_exceeding_10_total_cases,,,,0.385,2.89,4.145,4.285,4.95,5.455,5.705
95.7percent_probability_exceeding_20_total_cases,95.7,percent_probability_exceeding_20_total_cases,,,,,0.005,0.14,0.3,0.835,1.16,1.48
95.7percent_probability_exceeding_3_total_cases,95.7,percent_probability_exceeding_3_total_cases,,,20.965,23.3,25.05,25.93,25.515,26.215,26.31,26.305
95.7percent_probability_exceeding_50_total_cases,95.7,percent_probability_exceeding_50_total_cases,,,,,,,,,,0.03
95.7total_infected_mean,95.7,total_infected_mean,1,1.3901,1.74195,2.0072,2.2955,2.46035,2.4821,2.6258,2.7386,2.81775
95.7total_infected_median,95.7,total_infected_median,1,1,1,1,1,1,1,1,1,1
95.7total_infected_q2.5,95.7,total_infected_q2.5,1,1,1,1,1,1,1,1,1,1
95.7total_infected_q97.5,95.7,total_infected_q97.5,1,2,5,7,10,11,12,13,14.025,15
95.8percent_probability_exceeding_10_total_cases,95.8,percent_probability_exceeding_10_total_cases,,,,0.385,2.22,3.57,3.87,4.485,4.82,5.11
95.8percent_probability_exceeding_20_total_cases,95.8,percent_probability_exceeding_20_total_cases,,,,,,0.075,0.24,0.615,0.935,1.225
95.8percent_probability_exceeding_3_total_cases,95.8,percent_probability_exceeding_3_total_cases,,,20.965,23.3,23.785,24.895,24.865,25.16,25.46,25.52
95.8percent_probability_exceeding_50_total_cases,95.8,percent_probability_exceeding_50_total_cases,,,,,,,,,,0.015
95.8total_infected_mean,95.8,total_infected_mean,1,1.3901,1.74195,2.0072,2.1831,2.36865,2.41065,2.52365,2.61575,2.69555
95.8total_infected_median,95.8,total_infected_median,1,1,1,1,1,1,1,1,1,1
95.8total_infected_q2.5,95.8,total_infected_q2.5,1,1,1,1,1,1,1,1,1,1
95.8total_infected_q97.5,95.8,total_infected_q97.5,1,2,5,7,9,11,11.025,13,13,14
95.9percent_probability_exceeding_10_total_cases,95.9,percent_probability_exceeding_10_total_cases,,,,0.385,2.22,3.145,3.525,4.235,4.61,4.865
95.9percent_probability_exceeding_20_total_cases,95.9,percent_probability_exceeding_20_total_cases,,,,,,0.04,0.15,0.52,0.865,1.07
95.9percent_probability_exceeding_3_total_cases,95.9,percent_probability_exceeding_3_total_cases,,,20.965,23.3,23.785,24.03,24.045,24.65,24.89,25.025
95.9percent_probability_exceeding_50_total_cases,95.9,percent_probability_exceeding_50_total_cases,,,,,,,,,,0.005
95.9total_infected_mean,95.9,total_infected_mean,1,1.3901,1.74195,2.0072,2.1831,2.28345,2.3361,2.4664,2.5651,2.623
95.9total_infected_median,95.9,total_infected_median,1,1,1,1,1,1,1,1,1,1
95.9total_infected_q2.5,95.9,total_infected_q2.5,1,1,1,1,1,1,1,1,1,1
95.9total_infected_q97.5,95.9,total_infected_q97.5,1,2,5,7,9,10,11,12,13,14
96percent_probability_exceeding_10_total_cases,96,percent_probability_exceeding_10_total_cases,,,,0.07,1.675,2.615,3.27,3.67,4.155,4.435
96percent_probability_exceeding_20_total_cases,96,percent_probability_exceeding_20_total_cases,,,,,,0.02,0.115,0.375,0.65,0.91
96percent_probability_exceeding_3_total_cases,96,percent_probability_exceeding_3_total_cases,,,13.69,20.455,22.47,23.035,23.305,23.675,23.92,24.22
96percent_probability_exceeding_50_total_cases,96,percent_probability_exceeding_50_total_cases,,,,,,,,,,
96total_infected_mean,96,total_infected_mean,1,1,1.5043,1.84955,2.08175,2.19535,2.2731,2.3555,2.44955,2.53235
96total_infected_median,96,total_infected_median,1,1,1,1,1,1,1,1,1,1
96total_infected_q2.5,96,total_infected_q2.5,1,1,1,1,1,1,1,1,1,1
96total_infected_q97.5,96,total_infected_q97.5,1,1,4,6,8,10,11,11,12,13
96.1percent_probability_exceeding_10_total_cases,96.1,percent_probability_exceeding_10_total_cases,,,,0.07,1.675,2.615,2.875,3.565,3.865,4.065
96.1percent_probability_exceeding_20_total_cases,96.1,percent_probability_exceeding_20_total_cases,,,,,,0.02,0.07,0.285,0.56,0.795
96.1percent_probability_exceeding_3_total_cases,96.1,percent_probability_exceeding_3_total_cases,,,13.69,20.455,22.47,23.035,22.685,23.295,23.495,23.53
96.1percent_probability_exceeding_50_total_cases,96.1,percent_probability_exceeding_50_total_cases,,,,,,,,,,
96.1total_infected_mean,96.1,total_infected_mean,1,1,1.5043,1.84955,2.08175,2.19535,2.2092,2.3143,2.3907,2.45035
96.1total_infected_median,96.1,total_infected_median,1,1,1,1,1,1,1,1,1,1
96.1total_infected_q2.5,96.1,total_infected_q2.5,1,1,1,1,1,1,1,1,1,1
96.1total_infected_q97.5,96.1,total_infected_q97.5,1,1,4,6,8,10,10,11,12,12
96.2percent_probability_exceeding_10_total_cases,96.2,percent_probability_exceeding_10_total_cases,,,,0.07,1.185,2.225,2.495,3.12,3.455,3.69
96.2percent_probability_exceeding_20_total_cases,96.2,percent_probability_exceeding_20_total_cases,,,,,,0.015,0.06,0.2,0.41,0.58
96.2percent_probability_exceeding_3_total_cases,96.2,percent_probability_exceeding_3_total_cases,,,13.69,20.455,21.025,22.285,22.23,22.37,22.665,23.03
96.2percent_probability_exceeding_50_total_cases,96.2,percent_probability_exceeding_50_total_cases,,,,,,,,,,
96.2total_infected_mean,96.2,total_infected_mean,1,1,1.5043,1.84955,1.9737,2.12575,2.15665,2.22475,2.2956,2.36285
96.2total_infected_median,96.2,total_infected_median,1,1,1,1,1,1,1,1,1,1
96.2total_infected_q2.5,96.2,total_infected_q2.5,1,1,1,1,1,1,1,1,1,1
96.2total_infected_q97.5,96.2,total_infected_q97.5,1,1,4,6,8,9,9,11,11,12
96.3percent_probability_exceeding_10_total_cases,96.3,percent_probability_exceeding_10_total_cases,,,,0.07,1.185,1.825,2.205,2.81,3.25,3.41
96.3percent_probability_exceeding_20_total_cases,96.3,percent_probability_exceeding_20_total_cases,,,,,,0.01,0.025,0.145,0.355,0.47
96.3percent_probability_exceeding_3_total_cases,96.3,percent_probability_exceeding_3_total_cases,,,13.69,20.455,21.025,21.255,21.295,22.07,22.155,22.385
96.3percent_probability_exceeding_50_total_cases,96.3,percent_probability_exceeding_50_total_cases,,,,,,,,,,
96.3total_infected_mean,96.3,total_infected_mean,1,1,1.5043,1.84955,1.9737,2.0436,2.09045,2.1858,2.24645,2.29885
96.3total_infected_median,96.3,total_infected_median,1,1,1,1,1,1,1,1,1,1
96.3total_infected_q2.5,96.3,total_infected_q2.5,1,1,1,1,1,1,1,1,1,1
96.3total_infected_q97.5,96.3,total_infected_q97.5,1,1,4,6,8,8,9,10,11,11
96.4percent_probability_exceeding_10_total_cases,96.4,percent_probability_exceeding_10_total_cases,,,,,0.985,1.55,1.855,2.385,2.84,3.11
96.4percent_probability_exceeding_20_total_cases,96.4,percent_probability_exceeding_20_total_cases,,,,,,0.005,0.015,0.115,0.26,0.405
96.4percent_probability_exceeding_3_total_cases,96.4,percent_probability_exceeding_3_total_cases,,,13.69,17.525,19.835,20.415,20.785,21.105,21.38,21.465
96.4percent_probability_exceeding_50_total_cases,96.4,percent_probability_exceeding_50_total_cases,,,,,,,,,,
96.4total_infected_mean,96.4,total_infected_mean,1,1,1.5043,1.71265,1.89865,1.97855,2.02935,2.1051,2.1672,2.21615
96.4total_infected_median,96.4,total_infected_median,1,1,1,1,1,1,1,1,1,1
96.4total_infected_q2.5,96.4,total_infected_q2.5,1,1,1,1,1,1,1,1,1,1
96.4total_infected_q97.5,96.4,total_infected_q97.5,1,1,4,6,7,8,8,9,10,11
96.5percent_probability_exceeding_10_total_cases,96.5,percent_probability_exceeding_10_total_cases,,,,,0.985,1.55,1.65,2.125,2.495,2.785
96.5percent_probability_exceeding_20_total_cases,96.5,percent_probability_exceeding_20_total_cases,,,,,,0.005,0.01,0.08,0.195,0.33
96.5percent_probability_exceeding_3_total_cases,96.5,percent_probability_exceeding_3_total_cases,,,13.69,17.525,19.835,20.415,20.215,20.725,20.83,20.825
96.5percent_probability_exceeding_50_total_cases,96.5,percent_probability_exceeding_50_total_cases,,,,,,,,,,
96.5total_infected_mean,96.5,total_infected_mean,1,1,1.5043,1.71265,1.89865,1.97855,1.98115,2.06265,2.10825,2.14865
96.5total_infected_median,96.5,total_infected_median,1,1,1,1,1,1,1,1,1,1
96.5total_infected_q2.5,96.5,total_infected_q2.5,1,1,1,1,1,1,1,1,1,1
96.5total_infected_q97.5,96.5,total_infected_q97.5,1,1,4,6,7,8,8,9,9,10
96.6percent_probability_exceeding_10_total_cases,96.6,percent_probability_exceeding_10_total_cases,,,,,0.655,1.26,1.47,1.72,2.025,2.31
96.6percent_probability_exceeding_20_total_cases,96.6,percent_probability_exceeding_20_total_cases,,,,,,,0.005,0.035,0.125,0.235
96.6percent_probability_exceeding_3_total_cases,96.6,percent_probability_exceeding_3_total_cases,,,13.69,17.525,18.185,19.515,19.58,19.855,20.14,20.2
96.6percent_probability_exceeding_50_total_cases,96.6,percent_probability_exceeding_50_total_cases,,,,,,,,,,
96.6total_infected_mean,96.6,total_infected_mean,1,1,1.5043,1.71265,1.81165,1.91815,1.9393,1.9775,2.0309,2.0725
96.6total_infected_median,96.6,total_infected_median,1,1,1,1,1,1,1,1,1,1
96.6total_infected_q2.5,96.6,total_infected_q2.5,1,1,1,1,1,1,1,1,1,1
96.6total_infected_q97.5,96.6,total_infected_q97.5,1,1,4,6,7,7,8,8,9,9
96.7percent_probability_exceeding_10_total_cases,96.7,percent_probability_exceeding_10_total_cases,,,,,0.655,1.02,1.27,1.62,1.785,2.02
96.7percent_probability_exceeding_20_total_cases,96.7,percent_probability_exceeding_20_total_cases,,,,,,,0.005,0.04,0.095,0.165
96.7percent_probability_exceeding_3_total_cases,96.7,percent_probability_exceeding_3_total_cases,,,13.69,17.525,18.185,18.49,18.67,19.38,19.49,19.58
96.7percent_probability_exceeding_50_total_cases,96.7,percent_probability_exceeding_50_total_cases,,,,,,,,,,
96.7total_infected_mean,96.7,total_infected_mean,1,1,1.5043,1.71265,1.81165,1.854,1.8864,1.9513,1.9768,2.0145
96.7total_infected_median,96.7,total_infected_median,1,1,1,1,1,1,1,1,1,1
96.7total_infected_q2.5,96.7,total_infected_q2.5,1,1,1,1,1,1,1,1,1,1
96.7total_infected_q97.5,96.7,total_infected_q97.5,1,1,4,6,7,7,7,8,8,9
96.8percent_probability_exceeding_10_total_cases,96.8,percent_probability_exceeding_10_total_cases,,,,,0.425,0.88,1.055,1.37,1.65,1.8
96.8percent_probability_exceeding_20_total_cases,96.8,percent_probability_exceeding_20_total_cases,,,,,,,,0.015,0.075,0.135
96.8percent_probability_exceeding_3_total_cases,96.8,percent_probability_exceeding_3_total_cases,,,13.69,14.425,16.72,17.6,17.805,18.195,18.58,18.725
96.8percent_probability_exceeding_50_total_cases,96.8,percent_probability_exceeding_50_total_cases,,,,,,,,,,
96.8total_infected_mean,96.8,total_infected_mean,1,1,1.5043,1.5798,1.73085,1.8064,1.8334,1.8811,1.92805,1.9592
96.8total_infected_median,96.8,total_infected_median,1,1,1,1,1,1,1,1,1,1
96.8total_infected_q2.5,96.8,total_infected_q2.5,1,1,1,1,1,1,1,1,1,1
96.8total_infected_q97.5,96.8,total_infected_q97.5,1,1,4,5,6,7,7,7.025,8,8
96.9percent_probability_exceeding_10_total_cases,96.9,percent_probability_exceeding_10_total_cases,,,,,0.425,0.88,0.915,1.26,1.455,1.62
96.9percent_probability_exceeding_20_total_cases,96.9,percent_probability_exceeding_20_total_cases,,,,,,,,0.01,0.035,0.08
96.9percent_probability_exceeding_3_total_cases,96.9,percent_probability_exceeding_3_total_cases,,,13.69,14.425,16.72,17.6,17.08,17.685,17.895,17.885
96.9percent_probability_exceeding_50_total_cases,96.9,percent_probability_exceeding_50_total_cases,,,,,,,,,,
96.9total_infected_mean,96.9,total_infected_mean,1,1,1.5043,1.5798,1.73085,1.8064,1.7919,1.85055,1.88,1.90105
96.9total_infected_median,96.9,total_infected_median,1,1,1,1,1,1,1,1,1,1
96.9total_infected_q2.5,96.9,total_infected_q2.5,1,1,1,1,1,1,1,1,1,1
96.9total_infected_q97.5,96.9,total_infected_q97.5,1,1,4,5,6,7,7,7,8,8
97percent_probability_exceeding_10_total_cases,97,percent_probability_exceeding_10_total_cases,,,,,0.235,0.715,0.845,0.99,1.28,1.4
97percent_probability_exceeding_20_total_cases,97,percent_probability_exceeding_20_total_cases,,,,,,,0.005,0.005,0.02,0.07
97percent_probability_exceeding_3_total_cases,97,percent_probability_exceeding_3_total_cases,,,6.18,14.425,15.28,16.36,16.34,16.66,16.94,17.165
97percent_probability_exceeding_50_total_cases,97,percent_probability_exceeding_50_total_cases,,,,,,,,,,
97total_infected_mean,97,total_infected_mean,1,1,1.3037,1.5798,1.65825,1.74215,1.75305,1.78345,1.81845,1.85025
97total_infected_median,97,total_infected_median,1,1,1,1,1,1,1,1,1,1
97total_infected_q2.5,97,total_infected_q2.5,1,1,1,1,1,1,1,1,1,1
97total_infected_q97.5,97,total_infected_q97.5,1,1,3,5,6,6,7,7,7,7
97.1percent_probability_exceeding_10_total_cases,97.1,percent_probability_exceeding_10_total_cases,,,,,0.235,0.57,0.69,0.945,1.125,1.23
97.1percent_probability_exceeding_20_total_cases,97.1,percent_probability_exceeding_20_total_cases,,,,,,,0.005,0.005,0.015,0.045
97.1percent_probability_exceeding_3_total_cases,97.1,percent_probability_exceeding_3_total_cases,,,6.18,14.425,15.28,15.365,15.54,16.07,16.37,16.425
97.1percent_probability_exceeding_50_total_cases,97.1,percent_probability_exceeding_50_total_cases,,,,,,,,,,
97.1total_infected_mean,97.1,total_infected_mean,1,1,1.3037,1.5798,1.65825,1.6884,1.70635,1.75485,1.781,1.79635
97.1total_infected_median,97.1,total_infected_median,1,1,1,1,1,1,1,1,1,1
97.1total_infected_q2.5,97.1,total_infected_q2.5,1,1,1,1,1,1,1,1,1,1
97.1total_infected_q97.5,97.1,total_infected_q97.5,1,1,3,5,6,6,6,7,7,7
97.2percent_probability_exceeding_10_total_cases,97.2,percent_probability_exceeding_10_total_cases,,,,,0.14,0.38,0.595,0.8,0.995,1.115
97.2percent_probability_exceeding_20_total_cases,97.2,percent_probability_exceeding_20_total_cases,,,,,,,,0.005,0.01,0.025
97.2percent_probability_exceeding_3_total_cases,97.2,percent_probability_exceeding_3_total_cases,,,6.18,11.705,13.625,14.485,14.82,15.2,15.425,15.51
97.2percent_probability_exceeding_50_total_cases,97.2,percent_probability_exceeding_50_total_cases,,,,,,,,,,
97.2total_infected_mean,97.2,total_infected_mean,1,1,1.3037,1.47245,1.5866,1.64255,1.6735,1.70435,1.73225,1.74805
97.2total_infected_median,97.2,total_infected_median,1,1,1,1,1,1,1,1,1,1
97.2total_infected_q2.5,97.2,total_infected_q2.5,1,1,1,1,1,1,1,1,1,1
97.2total_infected_q97.5,97.2,total_infected_q97.5,1,1,3,4,5,6,6,6,7,7
97.3percent_probability_exceeding_10_total_cases,97.3,percent_probability_exceeding_10_total_cases,,,,,0.14,0.38,0.45,0.68,0.85,0.98
97.3percent_probability_exceeding_20_total_cases,97.3,percent_probability_exceeding_20_total_cases,,,,,,,,0.01,0.015,0.04
97.3percent_probability_exceeding_3_total_cases,97.3,percent_probability_exceeding_3_total_cases,,,6.18,11.705,13.625,14.485,13.965,14.7,14.845,14.88
97.3percent_probability_exceeding_50_total_cases,97.3,percent_probability_exceeding_50_total_cases,,,,,,,,,,
97.3total_infected_mean,97.3,total_infected_mean,1,1,1.3037,1.47245,1.5866,1.64255,1.62615,1.6789,1.69975,1.71305
97.3total_infected_median,97.3,total_infected_median,1,1,1,1,1,1,1,1,1,1
97.3total_infected_q2.5,97.3,total_infected_q2.5,1,1,1,1,1,1,1,1,1,1
97.3total_infected_q97.5,97.3,total_infected_q97.5,1,1,3,4,5,6,6,6,6,6
97.4percent_probability_exceeding_10_total_cases,97.4,percent_probability_exceeding_10_total_cases,,,,,0.03,0.27,0.35,0.54,0.7,0.82
97.4percent_probability_exceeding_20_total_cases,97.4,percent_probability_exceeding_20_total_cases,,,,,,,,0.005,0.02,0.025
97.4percent_probability_exceeding_3_total_cases,97.4,percent_probability_exceeding_3_total_cases,,,6.18,11.705,12.29,13.455,13.345,13.665,13.96,14.22
97.4percent_probability_exceeding_50_total_cases,97.4,percent_probability_exceeding_50_total_cases,,,,,,,,,,
97.4total_infected_mean,97.4,total_infected_mean,1,1,1.3037,1.47245,1.52385,1.5925,1.59715,1.6219,1.6533,1.6761
97.4total_infected_median,97.4,total_infected_median,1,1,1,1,1,1,1,1,1,1
97.4total_infected_q2.5,97.4,total_infected_q2.5,1,1,1,1,1,1,1,1,1,1
97.4total_infected_q97.5,97.4,total_infected_q97.5,1,1,3,4,5,5,5,6,6,6
97.5percent_probability_exceeding_10_total_cases,97.5,percent_probability_exceeding_10_total_cases,,,,,0.03,0.185,0.3,0.48,0.575,0.695
97.5percent_probability_exceeding_20_total_cases,97.5,percent_probability_exceeding_20_total_cases,,,,,,,,0.005,0.015,0.015
97.5percent_probability_exceeding_3_total_cases,97.5,percent_probability_exceeding_3_total_cases,,,6.18,11.705,12.29,12.495,12.605,13.155,13.355,13.405
97.5percent_probability_exceeding_50_total_cases,97.5,percent_probability_exceeding_50_total_cases,,,,,,,,,,
97.5total_infected_mean,97.5,total_infected_mean,1,1,1.3037,1.47245,1.52385,1.54665,1.56235,1.59805,1.6171,1.6304
97.5total_infected_median,97.5,total_infected_median,1,1,1,1,1,1,1,1,1,1
97.5total_infected_q2.5,97.5,total_infected_q2.5,1,1,1,1,1,1,1,1,1,1
97.5total_infected_q97.5,97.5,total_infected_q97.5,1,1,3,4,5,5,5,5,6,6
97.6percent_probability_exceeding_10_total_cases,97.6,percent_probability_exceeding_10_total_cases,,,,,0.015,0.1,0.19,0.31,0.44,0.52
97.6percent_probability_exceeding_20_total_cases,97.6,percent_probability_exceeding_20_total_cases,,,,,,,,0.01,0.01,0.015
97.6percent_probability_exceeding_3_total_cases,97.6,percent_probability_exceeding_3_total_cases,,,6.18,8.66,10.82,11.535,11.94,12.205,12.595,12.675
97.6percent_probability_exceeding_50_total_cases,97.6,percent_probability_exceeding_50_total_cases,,,,,,,,,,
97.6total_infected_mean,97.6,total_infected_mean,1,1,1.3037,1.37015,1.46215,1.4984,1.52475,1.54875,1.57625,1.588
97.6total_infected_median,97.6,total_infected_median,1,1,1,1,1,1,1,1,1,1
97.6total_infected_q2.5,97.6,total_infected_q2.5,1,1,1,1,1,1,1,1,1,1
97.6total_infected_q97.5,97.6,total_infected_q97.5,1,1,3,4,4,5,5,5,5,6
97.7percent_probability_exceeding_10_total_cases,97.7,percent_probability_exceeding_10_total_cases,,,,,0.015,0.1,0.12,0.25,0.33,0.375
97.7percent_probability_exceeding_20_total_cases,97.7,percent_probability_exceeding_20_total_cases,,,,,,,,0.005,0.01,0.01
97.7percent_probability_exceeding_3_total_cases,97.7,percent_probability_exceeding_3_total_cases,,,6.18,8.66,10.82,11.535,11.135,11.74,11.92,11.96
97.7percent_probability_exceeding_50_total_cases,97.7,percent_probability_exceeding_50_total_cases,,,,,,,,,,
97.7total_infected_mean,97.7,total_infected_mean,1,1,1.3037,1.37015,1.46215,1.4984,1.48875,1.5228,1.5397,1.5443
97.7total_infected_median,97.7,total_infected_median,1,1,1,1,1,1,1,1,1,1
97.7total_infected_q2.5,97.7,total_infected_q2.5,1,1,1,1,1,1,1,1,1,1
97.7total_infected_q97.5,97.7,total_infected_q97.5,1,1,3,4,4,5,5,5,5,5
97.8percent_probability_exceeding_10_total_cases,97.8,percent_probability_exceeding_10_total_cases,,,,,,0.055,0.1,0.175,0.24,0.275
97.8percent_probability_exceeding_20_total_cases,97.8,percent_probability_exceeding_20_total_cases,,,,,,,,,,0.01
97.8percent_probability_exceeding_3_total_cases,97.8,percent_probability_exceeding_3_total_cases,,,6.18,8.66,9.455,10.545,10.42,10.785,11.055,11.22
97.8percent_probability_exceeding_50_total_cases,97.8,percent_probability_exceeding_50_total_cases,,,,,,,,,,
97.8total_infected_mean,97.8,total_infected_mean,1,1,1.3037,1.37015,1.40785,1.4596,1.4607,1.4797,1.4979,1.50905
97.8total_infected_median,97.8,total_infected_median,1,1,1,1,1,1,1,1,1,1
97.8total_infected_q2.5,97.8,total_infected_q2.5,1,1,1,1,1,1,1,1,1,1
97.8total_infected_q97.5,97.8,total_infected_q97.5,1,1,3,4,4,5,5,5,5,5
97.9percent_probability_exceeding_10_total_cases,97.9,percent_probability_exceeding_10_total_cases,,,,,,0.035,0.07,0.12,0.195,0.24
97.9percent_probability_exceeding_20_total_cases,97.9,percent_probability_exceeding_20_total_cases,,,,,,,,,,0.005
97.9percent_probability_exceeding_3_total_cases,97.9,percent_probability_exceeding_3_total_cases,,,6.18,8.66,9.455,9.66,9.74,10.34,10.505,10.52
97.9percent_probability_exceeding_50_total_cases,97.9,percent_probability_exceeding_50_total_cases,,,,,,,,,,
97.9total_infected_mean,97.9,total_infected_mean,1,1,1.3037,1.37015,1.40785,1.4223,1.43175,1.4609,1.4735,1.47835
97.9total_infected_median,97.9,total_infected_median,1,1,1,1,1,1,1,1,1,1
97.9total_infected_q2.5,97.9,total_infected_q2.5,1,1,1,1,1,1,1,1,1,1
97.9total_infected_q97.5,97.9,total_infected_q97.5,1,1,3,4,4,4,4,5,5,5
98percent_probability_exceeding_10_total_cases,98,percent_probability_exceeding_10_total_cases,,,,,,0.01,0.045,0.1,0.125,0.175
98percent_probability_exceeding_20_total_cases,98,percent_probability_exceeding_20_total_cases,,,,,,,,,,0.005
98percent_probability_exceeding_3_total_cases,98,percent_probability_exceeding_3_total_cases,,,,5.92,8.11,8.75,9.11,9.39,9.705,9.925
98percent_probability_exceeding_50_total_cases,98,percent_probability_exceeding_50_total_cases,,,,,,,,,,
98total_infected_mean,98,total_infected_mean,1,1,1.1391,1.28225,1.356,1.3861,1.40515,1.42215,1.4398,1.45085
98total_infected_median,98,total_infected_median,1,1,1,1,1,1,1,1,1,1
98total_infected_q2.5,98,total_infected_q2.5,1,1,1,1,1,1,1,1,1,1
98total_infected_q97.5,98,total_infected_q97.5,1,1,2,3,4,4,4,4,5,5
98.1percent_probability_exceeding_10_total_cases,98.1,percent_probability_exceeding_10_total_cases,,,,,,0.01,0.03,0.07,0.095,0.11
98.1percent_probability_exceeding_20_total_cases,98.1,percent_probability_exceeding_20_total_cases,,,,,,,,,,
98.1percent_probability_exceeding_3_total_cases,98.1,percent_probability_exceeding_3_total_cases,,,,5.92,8.11,8.75,8.485,8.975,9.13,9.2
98.1percent_probability_exceeding_50_total_cases,98.1,percent_probability_exceeding_50_total_cases,,,,,,,,,,
98.1total_infected_mean,98.1,total_infected_mean,1,1,1.1391,1.28225,1.356,1.3861,1.3769,1.40425,1.4135,1.42
98.1total_infected_median,98.1,total_infected_median,1,1,1,1,1,1,1,1,1,1
98.1total_infected_q2.5,98.1,total_infected_q2.5,1,1,1,1,1,1,1,1,1,1
98.1total_infected_q97.5,98.1,total_infected_q97.5,1,1,2,3,4,4,4,4,4,4
98.2percent_probability_exceeding_10_total_cases,98.2,percent_probability_exceeding_10_total_cases,,,,,,0.005,0.01,0.025,0.085,0.095
98.2percent_probability_exceeding_20_total_cases,98.2,percent_probability_exceeding_20_total_cases,,,,,,,,,,
98.2percent_probability_exceeding_3_total_cases,98.2,percent_probability_exceeding_3_total_cases,,,,5.92,6.59,7.87,7.71,8.115,8.355,8.58
98.2percent_probability_exceeding_50_total_cases,98.2,percent_probability_exceeding_50_total_cases,,,,,,,,,,
98.2total_infected_mean,98.2,total_infected_mean,1,1,1.1391,1.28225,1.30515,1.3517,1.34775,1.36545,1.38015,1.3902
98.2total_infected_median,98.2,total_infected_median,1,1,1,1,1,1,1,1,1,1
98.2total_infected_q2.5,98.2,total_infected_q2.5,1,1,1,1,1,1,1,1,1,1
98.2total_infected_q97.5,98.2,total_infected_q97.5,1,1,2,3,3,4,4,4,4,4
98.3percent_probability_exceeding_10_total_cases,98.3,percent_probability_exceeding_10_total_cases,,,,,,0.005,0.005,0.025,0.035,0.085
98.3percent_probability_exceeding_20_total_cases,98.3,percent_probability_exceeding_20_total_cases,,,,,,,,,,
98.3percent_probability_exceeding_3_total_cases,98.3,percent_probability_exceeding_3_total_cases,,,,5.92,6.59,6.875,7.02,7.59,7.77,7.845
98.3percent_probability_exceeding_50_total_cases,98.3,percent_probability_exceeding_50_total_cases,,,,,,,,,,
98.3total_infected_mean,98.3,total_infected_mean,1,1,1.1391,1.28225,1.30515,1.31545,1.3212,1.3448,1.3544,1.3606
98.3total_infected_median,98.3,total_infected_median,1,1,1,1,1,1,1,1,1,1
98.3total_infected_q2.5,98.3,total_infected_q2.5,1,1,1,1,1,1,1,1,1,1
98.3total_infected_q97.5,98.3,total_infected_q97.5,1,1,2,3,3,4,4,4,4,4
98.4percent_probability_exceeding_10_total_cases,98.4,percent_probability_exceeding_10_total_cases,,,,,,,0.005,0.01,0.025,0.03
98.4percent_probability_exceeding_20_total_cases,98.4,percent_probability_exceeding_20_total_cases,,,,,,,,,,
98.4percent_probability_exceeding_3_total_cases,98.4,percent_probability_exceeding_3_total_cases,,,,3.37,5.265,5.895,6.25,6.655,6.94,7.145
98.4percent_probability_exceeding_50_total_cases,98.4,percent_probability_exceeding_50_total_cases,,,,,,,,,,
98.4total_infected_mean,98.4,total_infected_mean,1,1,1.1391,1.1991,1.2557,1.27995,1.2937,1.30855,1.3209,1.3286
98.4total_infected_median,98.4,total_infected_median,1,1,1,1,1,1,1,1,1,1
98.4total_infected_q2.5,98.4,total_infected_q2.5,1,1,1,1,1,1,1,1,1,1
98.4total_infected_q97.5,98.4,total_infected_q97.5,1,1,2,3,3,3,3,4,4,4
98.5percent_probability_exceeding_10_total_cases,98.5,percent_probability_exceeding_10_total_cases,,,,,,,0.005,0.005,0.01,0.015
98.5percent_probability_exceeding_20_total_cases,98.5,percent_probability_exceeding_20_total_cases,,,,,,,,,,
98.5percent_probability_exceeding_3_total_cases,98.5,percent_probability_exceeding_3_total_cases,,,,3.37,5.265,5.895,5.615,6.145,6.345,6.44
98.5percent_probability_exceeding_50_total_cases,98.5,percent_probability_exceeding_50_total_cases,,,,,,,,,,
98.5total_infected_mean,98.5,total_infected_mean,1,1,1.1391,1.1991,1.2557,1.27995,1.2682,1.29045,1.2976,1.3016
98.5total_infected_median,98.5,total_infected_median,1,1,1,1,1,1,1,1,1,1
98.5total_infected_q2.5,98.5,total_infected_q2.5,1,1,1,1,1,1,1,1,1,1
98.5total_infected_q97.5,98.5,total_infected_q97.5,1,1,2,3,3,3,3,3,3,3
98.6percent_probability_exceeding_10_total_cases,98.6,percent_probability_exceeding_10_total_cases,,,,,,,,0.005,0.005,0.005
98.6percent_probability_exceeding_20_total_cases,98.6,percent_probability_exceeding_20_total_cases,,,,,,,,,,
98.6percent_probability_exceeding_3_total_cases,98.6,percent_probability_exceeding_3_total_cases,,,,3.37,4,5.055,4.99,5.3,5.58,5.775
98.6percent_probability_exceeding_50_total_cases,98.6,percent_probability_exceeding_50_total_cases,,,,,,,,,,
98.6total_infected_mean,98.6,total_infected_mean,1,1,1.1391,1.1991,1.21325,1.2474,1.24435,1.2558,1.26605,1.274
98.6total_infected_median,98.6,total_infected_median,1,1,1,1,1,1,1,1,1,1
98.6total_infected_q2.5,98.6,total_infected_q2.5,1,1,1,1,1,1,1,1,1,1
98.6total_infected_q97.5,98.6,total_infected_q97.5,1,1,2,3,3,3,3,3,3,3
98.7percent_probability_exceeding_10_total_cases,98.7,percent_probability_exceeding_10_total_cases,,,,,,,,,0.005,0.005
98.7percent_probability_exceeding_20_total_cases,98.7,percent_probability_exceeding_20_total_cases,,,,,,,,,,
98.7percent_probability_exceeding_3_total_cases,98.7,percent_probability_exceeding_3_total_cases,,,,3.37,4,4.19,4.25,4.865,5.045,5.125
98.7percent_probability_exceeding_50_total_cases,98.7,percent_probability_exceeding_50_total_cases,,,,,,,,,,
98.7total_infected_mean,98.7,total_infected_mean,1,1,1.1391,1.1991,1.21325,1.21895,1.2208,1.2411,1.2473,1.24945
98.7total_infected_median,98.7,total_infected_median,1,1,1,1,1,1,1,1,1,1
98.7total_infected_q2.5,98.7,total_infected_q2.5,1,1,1,1,1,1,1,1,1,1
98.7total_infected_q97.5,98.7,total_infected_q97.5,1,1,2,3,3,3,3,3,3,3
98.8percent_probability_exceeding_10_total_cases,98.8,percent_probability_exceeding_10_total_cases,,,,,,,,,,0.005
98.8percent_probability_exceeding_20_total_cases,98.8,percent_probability_exceeding_20_total_cases,,,,,,,,,,
98.8percent_probability_exceeding_3_total_cases,98.8,percent_probability_exceeding_3_total_cases,,,,1.345,2.875,3.455,3.685,3.98,4.21,4.405
98.8percent_probability_exceeding_50_total_cases,98.8,percent_probability_exceeding_50_total_cases,,,,,,,,,,
98.8total_infected_mean,98.8,total_infected_mean,1,1,1.1391,1.127,1.17215,1.1911,1.2002,1.20975,1.2186,1.2263
98.8total_infected_median,98.8,total_infected_median,1,1,1,1,1,1,1,1,1,1
98.8total_infected_q2.5,98.8,total_infected_q2.5,1,1,1,1,1,1,1,1,1,1
98.8total_infected_q97.5,98.8,total_infected_q97.5,1,1,2,2,3,3,3,3,3,3
98.9percent_probability_exceeding_10_total_cases,98.9,percent_probability_exceeding_10_total_cases,,,,,,,,,,
98.9percent_probability_exceeding_20_total_cases,98.9,percent_probability_exceeding_20_total_cases,,,,,,,,,,
98.9percent_probability_exceeding_3_total_cases,98.9,percent_probability_exceeding_3_total_cases,,,,1.345,2.875,3.455,3.16,3.61,3.74,3.805
98.9percent_probability_exceeding_50_total_cases,98.9,percent_probability_exceeding_50_total_cases,,,,,,,,,,
98.9total_infected_mean,98.9,total_infected_mean,1,1,1.1391,1.127,1.17215,1.1911,1.17865,1.19545,1.2005,1.2033
98.9total_infected_median,98.9,total_infected_median,1,1,1,1,1,1,1,1,1,1
98.9total_infected_q2.5,98.9,total_infected_q2.5,1,1,1,1,1,1,1,1,1,1
98.9total_infected_q97.5,98.9,total_infected_q97.5,1,1,2,2,3,3,3,3,3,3
99percent_probability_exceeding_10_total_cases,99,percent_probability_exceeding_10_total_cases,,,,,,,,,,
99percent_probability_exceeding_20_total_cases,99,percent_probability_exceeding_20_total_cases,,,,,,,,,,
99percent_probability_exceeding_3_total_cases,99,percent_probability_exceeding_3_total_cases,,,,1.345,1.89,2.725,2.65,2.945,3.15,3.34
99percent_probability_exceeding_50_total_cases,99,percent_probability_exceeding_50_total_cases,,,,,,,,,,
99total_infected_mean,99,total_infected_mean,1,1,1,1.127,1.13475,1.1632,1.15925,1.1686,1.17585,1.18135
99total_infected_median,99,total_infected_median,1,1,1,1,1,1,1,1,1,1
99total_infected_q2.5,99,total_infected_q2.5,1,1,1,1,1,1,1,1,1,1
99total_infected_q97.5,99,total_infected_q97.5,1,1,1,2,2,3,3,3,3,3
99.1percent_probability_exceeding_10_total_cases,99.1,percent_probability_exceeding_10_total_cases,,,,,,,,,,
99.1percent_probability_exceeding_20_total_cases,99.1,percent_probability_exceeding_20_total_cases,,,,,,,,,,
99.1percent_probability_exceeding_3_total_cases,99.1,percent_probability_exceeding_3_total_cases,,,,1.345,1.89,2.07,2.145,2.585,2.77,2.815
99.1percent_probability_exceeding_50_total_cases,99.1,percent_probability_exceeding_50_total_cases,,,,,,,,,,
99.1total_infected_mean,99.1,total_infected_mean,1,1,1,1.127,1.13475,1.13785,1.1396,1.15485,1.16045,1.1615
99.1total_infected_median,99.1,total_infected_median,1,1,1,1,1,1,1,1,1,1
99.1total_infected_q2.5,99.1,total_infected_q2.5,1,1,1,1,1,1,1,1,1,1
99.1total_infected_q97.5,99.1,total_infected_q97.5,1,1,1,2,2,2,2,3,3,3
99.2percent_probability_exceeding_10_total_cases,99.2,percent_probability_exceeding_10_total_cases,,,,,,,,,,
99.2percent_probability_exceeding_20_total_cases,99.2,percent_probability_exceeding_20_total_cases,,,,,,,,,,
99.2percent_probability_exceeding_3_total_cases,99.2,percent_probability_exceeding_3_total_cases,,,,,1.01,1.43,1.64,1.9,2.095,2.24
99.2percent_probability_exceeding_50_total_cases,99.2,percent_probability_exceeding_50_total_cases,,,,,,,,,,
99.2total_infected_mean,99.2,total_infected_mean,1,1,1,1.06065,1.1011,1.11435,1.1218,1.1285,1.13515,1.1407
99.2total_infected_median,99.2,total_infected_median,1,1,1,1,1,1,1,1,1,1
99.2total_infected_q2.5,99.2,total_infected_q2.5,1,1,1,1,1,1,1,1,1,1
99.2total_infected_q97.5,99.2,total_infected_q97.5,1,1,1,2,2,2,2,2,2,2
99.3percent_probability_exceeding_10_total_cases,99.3,percent_probability_exceeding_10_total_cases,,,,,,,,,,
99.3percent_probability_exceeding_20_total_cases,99.3,percent_probability_exceeding_20_total_cases,,,,,,,,,,
99.3percent_probability_exceeding_3_total_cases,99.3,percent_probability_exceeding_3_total_cases,,,,,1.01,1.43,1.215,1.605,1.7,1.77
99.3percent_probability_exceeding_50_total_cases,99.3,percent_probability_exceeding_50_total_cases,,,,,,,,,,
99.3total_infected_mean,99.3,total_infected_mean,1,1,1,1.06065,1.1011,1.11435,1.1038,1.11715,1.1207,1.12165
99.3total_infected_median,99.3,total_infected_median,1,1,1,1,1,1,1,1,1,1
99.3total_infected_q2.5,99.3,total_infected_q2.5,1,1,1,1,1,1,1,1,1,1
99.3total_infected_q97.5,99.3,total_infected_q97.5,1,1,1,2,2,2,2,2,2,2
99.4percent_probability_exceeding_10_total_cases,99.4,percent_probability_exceeding_10_total_cases,,,,,,,,,,
99.4percent_probability_exceeding_20_total_cases,99.4,percent_probability_exceeding_20_total_cases,,,,,,,,,,
99.4percent_probability_exceeding_3_total_cases,99.4,percent_probability_exceeding_3_total_cases,,,,,0.395,0.865,0.81,0.99,1.155,1.285
99.4percent_probability_exceeding_50_total_cases,99.4,percent_probability_exceeding_50_total_cases,,,,,,,,,,
99.4total_infected_mean,99.4,total_infected_mean,1,1,1,1.06065,1.0655,1.0911,1.0858,1.0932,1.09905,1.10315
99.4total_infected_median,99.4,total_infected_median,1,1,1,1,1,1,1,1,1,1
99.4total_infected_q2.5,99.4,total_infected_q2.5,1,1,1,1,1,1,1,1,1,1
99.4total_infected_q97.5,99.4,total_infected_q97.5,1,1,1,2,2,2,2,2,2,2
99.5percent_probability_exceeding_10_total_cases,99.5,percent_probability_exceeding_10_total_cases,,,,,,,,,,
99.5percent_probability_exceeding_20_total_cases,99.5,percent_probability_exceeding_20_total_cases,,,,,,,,,,
99.5percent_probability_exceeding_3_total_cases,99.5,percent_probability_exceeding_3_total_cases,,,,,0.395,0.51,0.56,0.74,0.845,0.865
99.5percent_probability_exceeding_50_total_cases,99.5,percent_probability_exceeding_50_total_cases,,,,,,,,,,
99.5total_infected_mean,99.5,total_infected_mean,1,1,1,1.06065,1.0655,1.06675,1.06735,1.07995,1.08405,1.08445
99.5total_infected_median,99.5,total_infected_median,1,1,1,1,1,1,1,1,1,1
99.5total_infected_q2.5,99.5,total_infected_q2.5,1,1,1,1,1,1,1,1,1,1
99.5total_infected_q97.5,99.5,total_infected_q97.5,1,1,1,2,2,2,2,2,2,2
99.6percent_probability_exceeding_10_total_cases,99.6,percent_probability_exceeding_10_total_cases,,,,,,,,,,
99.6percent_probability_exceeding_20_total_cases,99.6,percent_probability_exceeding_20_total_cases,,,,,,,,,,
99.6percent_probability_exceeding_3_total_cases,99.6,percent_probability_exceeding_3_total_cases,,,,,,0.175,0.305,0.42,0.525,0.57
99.6percent_probability_exceeding_50_total_cases,99.6,percent_probability_exceeding_50_total_cases,,,,,,,,,,
99.6total_infected_mean,99.6,total_infected_mean,1,1,1,1,1.03175,1.04355,1.04955,1.05625,1.0613,1.0651
99.6total_infected_median,99.6,total_infected_median,1,1,1,1,1,1,1,1,1,1
99.6total_infected_q2.5,99.6,total_infected_q2.5,1,1,1,1,1,1,1,1,1,1
99.6total_infected_q97.5,99.6,total_infected_q97.5,1,1,1,1,2,2,2,2,2,2
99.7percent_probability_exceeding_10_total_cases,99.7,percent_probability_exceeding_10_total_cases,,,,,,,,,,
99.7percent_probability_exceeding_20_total_cases,99.7,percent_probability_exceeding_20_total_cases,,,,,,,,,,
99.7percent_probability_exceeding_3_total_cases,99.7,percent_probability_exceeding_3_total_cases,,,,,,0.175,0.11,0.26,0.31,0.345
99.7percent_probability_exceeding_50_total_cases,99.7,percent_probability_exceeding_50_total_cases,,,,,,,,,,
99.7total_infected_mean,99.7,total_infected_mean,1,1,1,1,1.03175,1.04355,1.03305,1.0444,1.0468,1.0473
99.7total_infected_median,99.7,total_infected_median,1,1,1,1,1,1,1,1,1,1
99.7total_infected_q2.5,99.7,total_infected_q2.5,1,1,1,1,1,1,1,1,1,1
99.7total_infected_q97.5,99.7,total_infected_q97.5,1,1,1,1,2,2,2,2,2,2
99.8percent_probability_exceeding_10_total_cases,99.8,percent_probability_exceeding_10_total_cases,,,,,,,,,,
99.8percent_probability_exceeding_20_total_cases,99.8,percent_probability_exceeding_20_total_cases,,,,,,,,,,
99.8percent_probability_exceeding_3_total_cases,99.8,percent_probability_exceeding_3_total_cases,,,,,,,,0.055,0.1,0.14
99.8percent_probability_exceeding_50_total_cases,99.8,percent_probability_exceeding_50_total_cases,,,,,,,,,,
99.8total_infected_mean,99.8,total_infected_mean,1,1,1,1,1,1.0214,1.0158,1.02205,1.02635,1.0299
99.8total_infected_median,99.8,total_infected_median,1,1,1,1,1,1,1,1,1,1
99.8total_infected_q2.5,99.8,total_infected_q2.5,1,1,1,1,1,1,1,1,1,1
99.8total_infected_q97.5,99.8,total_infected_q97.5,1,1,1,1,1,1,1,1,2,2
99.9percent_probability_exceeding_10_total_cases,99.9,percent_probability_exceeding_10_total_cases,,,,,,,,,,
99.9percent_probability_exceeding_20_total_cases,99.9,percent_probability_exceeding_20_total_cases,,,,,,,,,,
99.9percent_probability_exceeding_3_total_cases,99.9,percent_probability_exceeding_3_total_cases,,,,,,,,,0.015,0.035
99.9percent_probability_exceeding_50_total_cases,99.9,percent_probability_exceeding_50_total_cases,,,,,,,,,,
99.9total_infected_mean,99.9,total_infected_mean,1,1,1,1,1,1,1,1.01085,1.0131,1.0133
99.9total_infected_median,99.9,total_infected_median,1,1,1,1,1,1,1,1,1,1
99.9total_infected_q2.5,99.9,total_infected_q2.5,1,1,1,1,1,1,1,1,1,1
99.9total_infected_q97.5,99.9,total_infected_q97.5,1,1,1,1,1,1,1,1,1,1
100percent_probability_exceeding_10_total_cases,100,percent_probability_exceeding_10_total_cases,,,,,,,,,,
100percent_probability_exceeding_20_total_cases,100,percent_probability_exceeding_20_total_cases,,,,,,,,,,
100percent_probability_exceeding_3_total_cases,100,percent_probability_exceeding_3_total_cases,,,,,,,,,,
100percent_probability_exceeding_50_total_cases,100,percent_probability_exceeding_50_total_cases,,,,,,,,,,
100total_infected_mean,100,total_infected_mean,1,1,1,1,1,1,1,1,1,1
100total_infected_median,100,total_infected_median,1,1,1,1,1,1,1,1,1,1
100total_infected_q2.5,100,total_infected_q2.5,1,1,1,1,1,1,1,1,1,1
100total_infected_q97.5,100,total_infected_q97.5,1,1,1,1,1,1,1,1,1,1
