Facility Number,School Type,School District or Name,Facility Address,County,MMR Vaccination Rate,Age Group
,Public,A J MITCHELL ELEMENTARY SCHOOL,855 N BAUTISTA ST,Santa Cruz,96.8,Kindergarten
,Public,ABIA JUDD ELEMENTARY SCHOOL,1749 WILLIAMSON VALLEY RD,Yavapai,76.1,Kindergarten
,Public,ABRAHAM LINCOLN TRADITIONAL SCHOOL,10444 N 39TH AVE,Maricopa,94.0,Kindergarten
,Public,ACACIA ELEMENTARY SCHOOL - PHOENIX,3021 W EVANS DR,Maricopa,96.4,Kindergarten
,Public,ACACIA ELEMENTARY SCHOOL - VAIL,12955 E COLOSSAL CAVE RD,Pima,93.6,Kindergarten
,Charter,ACADEMY OF MATH AND SCIENCE - DESERT SKY,5701 W MCDOWELL RD,Maricopa,90.3,Kindergarten
,Charter,ACADEMY OF MATH AND SCIENCE - PRINCE RD,1557 W PRINCE RD,Pima,89.1,Kindergarten
,Charter,ACADEMY OF MATH AND SCIENCE AVONDALE,10649 W BUCKEYE ROAD,Maricopa,100.0,Kindergarten
,Charter,ACADEMY OF MATH AND SCIENCE CAMELBACK,6633 W CAMELBACK RD,Maricopa,69.4,Kindergarten
,Charter,ACADEMY OF MATH AND SCIENCE GLENDALE,4520 W GLENDALE AVE,Maricopa,91.6,Kindergarten
,Charter,ACADEMY OF MATH AND SCIENCE PEORIA ADVANCED,7758 W PEORIA AVE,Maricopa,85.8,Kindergarten
,Charter,ACADEMY OF MATH AND SCIENCE SOUTH MOUNTAIN,1445 W BASELINE ROAD,Maricopa,93.0,Kindergarten
,Charter,ACADEMY OF MATHEMATICS AND SCIENCE SOUTH,3335 W FLOWER ST,Maricopa,85.9,Kindergarten
,Charter,ACADEMY OF TUCSON ELEMENTARY SCHOOL,9209 E WRIGHTSTOWN RD,Pima,95.0,Kindergarten
,Charter,ACORN MONTESSORI CHARTER SCHOOL - WEST,7555 LONG LOOK DR,Yavapai,75.6,Kindergarten
,Public,ADAMS ELEMENTARY SCHOOL,738 S LONGMORE,Maricopa,91.8,Kindergarten
,Charter,ADAMS TRADITIONAL ACADEMY,2323 W PARKSIDE LN,Maricopa,85.5,Kindergarten
,Charter,ADVANCE U,449 E SOUTHERN AVE,Maricopa,95.0,Kindergarten
,Public,AGUA CALIENTE SCHOOL,11420 E LIMBERLOST RD,Pima,93.3,Kindergarten
,Public,AGUILAR SCHOOL,5800 S FOREST AVE,Maricopa,93.2,Kindergarten
,Public,AJO ELEMENTARY SCHOOL,111 NORTH WELL RD,Pima,87.8,Kindergarten
,Charter,AKIMEL O''OTHAM PEE POSH,4 MI E OF HWY 87 ON BLACKWAT,Pinal,98.0,Kindergarten
,Public,ALHAMBRA TRADITIONAL SCHOOL,5725 N 27TH AVE,Maricopa,94.2,Kindergarten
,Public,ALICE BYRNE ELEMENTARY SCHOOL,811 W 16TH ST,Yuma,100.0,Kindergarten
,Private,ALL SAINTS EPISCOPAL DAY SCHOOL,6300 N CENTRAL AVE,Maricopa,93.8,Kindergarten
,Public,ALTA E BUTLER SCHOOL,3843 W ROOSEVELT RD,Maricopa,93.0,Kindergarten
,Public,ALTA LOMA SCHOOL,9750 N 87TH AVE,Maricopa,94.9,Kindergarten
,Public,ALTA VISTA ELEMENTARY SCHOOL,8710 N 31ST AVE,Maricopa,98.7,Kindergarten
,Public,AMBERLEA ELEMENTARY SCHOOL,8455 W VIRGINIA AVE,Maricopa,90.9,Kindergarten
,Charter,AMERICAN LEADERSHIP ACADEMY - GILBERT,3155 S SAN TAN VILLAGE PKWY,Maricopa,77.1,Kindergarten
,Charter,AMERICAN LEADERSHIP ACADEMY - IRONWOOD K-6,650 W COMBS RD,Pinal,83.1,Kindergarten
,Charter,AMERICAN LEADERSHIP ACADEMY - MESA,4507 S MOUNTAIN RD,Maricopa,71.2,Kindergarten
,Charter,AMERICAN LEADERSHIP ACADEMY - MESA NORTH K-12,5901 E THOMAS RD.,Maricopa,73.5,Kindergarten
,Charter,AMERICAN LEADERSHIP ACADEMY - QUEEN CREEK,23908 S HAWES RD,Maricopa,70.5,Kindergarten
,Charter,AMERICAN LEADERSHIP ACADEMY - SAN TAN,34969 N VILLAGE LN,Maricopa,80.8,Kindergarten
,Charter,AMERICAN LEADERSHIP ACADEMY - SIERRA VISTA K-12,3039 LEADERSHIP WAY,Cochise,92.9,Kindergarten
,Charter,AMERICAN LEADERSHIP ACADEMY - VISTANCIA,28801 N. EL MIRAGE RD.,Maricopa,74.5,Kindergarten
,Charter,AMERICAN LEADERSHIP ACADEMY ANTHEM SOUTH CAMPUS,4380 N HUNT HWY,Pinal,81.6,Kindergarten
,Charter,AMERICAN LEADERSHIP ACADEMY WEST FOOTHILLS EL,17760 WEST OLIVE AVENUE,Maricopa,74.8,Kindergarten
,Charter,AMERICAN LEADERSHIP ACADEMY- GILBERT NORTH K-6 CAMPUS,1010 S HIGLEY ROAD,Maricopa,69.2,Kindergarten
,Charter,AMERICAN LEADERSHIP ACADEMY- GILBERT SOUTH K-6 CAMPUS,1750 E RIGGS ROAD,Maricopa,76.2,Kindergarten
,Charter,AMERICAN LEADERSHIP ACADEMY- SIGNAL BUTTE K-6 CAMPUS,22512 S SIGNAL BUTTE RD,Maricopa,74.0,Kindergarten
,Charter,AMERISCHOOLS ACADEMY - YUMA NORTH CAMPUS,1220 S 4TH AVE,Yuma,95.2,Kindergarten
,Public,ANASAZI ELEMENTARY,12121 N 124TH ST,Maricopa,89.7,Kindergarten
,Public,ANNA HENRY ELEMENTARY SCHOOL,650 N IGO WAY,Pima,96.8,Kindergarten
,Public,ANNA MARIE JACOBSON ELEMENTARY SCHOOL,1515 NW JACARANDA PKWY,Maricopa,85.4,Kindergarten
,Public,ANNIE KELLOND ELEMENTARY SCHOOL,6606 E LEHIGH DR,Pima,85.4,Kindergarten
,Public,ANTHEM ELEMENTARY SCHOOL,2700 N ANTHEM WAY,Pinal,89.5,Kindergarten
,Public,ANTHEM SCHOOL,41020 N FREEDOM WAY,Maricopa,82.4,Kindergarten
,Public,ANZA TRAIL ELEMENTARY,15490 S RANCHO SAHUARITA BLVD,Pima,92.5,Kindergarten
,Public,APACHE ELEMENTARY SCHOOL,8633 W JOHN CABOT RD,Maricopa,85.4,Kindergarten
,Charter,ARCHWAY CLASSICAL ACADEMY - CHANDLER,1951 N ALMA SCHOOL RD,Maricopa,89.0,Kindergarten
,Charter,ARCHWAY CLASSICAL ACADEMY - SCOTTSDALE,16648 N 94TH STREET,Maricopa,74.5,Kindergarten
,Charter,ARCHWAY CLASSICAL ACADEMY GLENDALE,23276 N 83RD AVE,Maricopa,80.0,Kindergarten
,Charter,ARIZONA AUTISM CHARTER SCHOOL,4433 N 7TH ST,Maricopa,83.3,Kindergarten
,Charter,ARIZONA CHARTER ACADEMY,16011 N DYSART RD,Maricopa,90.4,Kindergarten
,Public,ARIZONA CITY ELEMENTARY SCHOOL,12115 W BENITO DR,Pinal,94.8,Kindergarten
,Charter,ARIZONA CONNECTIONS ACADEMY,5416 E BASELINE RD,Maricopa,80.3,Kindergarten
,Private,ARIZONA CULTURAL ACADEMY,7810 S 42ND PL,Maricopa,92.0,Kindergarten
,Public,ARIZONA DESERT ELEMENTARY SCHOOL - SAN LUIS,1245 N MAIN ST,Yuma,100.0,Kindergarten
,Public,ARIZONA DESERT ELEMENTARY SCHOOL - TOLLESON,8803 W VAN BUREN ST,Maricopa,94.1,Kindergarten
,Public,ARLINGTON ELEMENTARY SCHOOL,9410 S 355TH AVE,Maricopa,77.8,Kindergarten
,Private,ARROWHEAD CHRISTIAN ACADEMY,4030 W YORKSHIRE DR,Maricopa,54.2,Kindergarten
,Public,ARROWHEAD ELEMENTARY SCHOOL-85308,7490 W UNION HILLS DR,Maricopa,96.3,Kindergarten
,Public,ARROYO SCHOOL,4535 W CHOLLA ST,Maricopa,86.7,Kindergarten
,Charter,ARTS ACADEMY AT ESTRELLA MOUNTAIN,2504 S 91ST AVE,Maricopa,92.2,Kindergarten
,Public,ASANTE PREPARATORY ACADEMY,23251 N 166TH DR,Maricopa,91.1,Kindergarten
,Public,ASHLAND ELEMENTARY,1945 S ASHLAND RANCH,Maricopa,89.4,Kindergarten
,Charter,ASU PREP PILGRIM'S REST,1401 EAST JEFFERSON STREET,Maricopa,95.0,Kindergarten
,Public,ASU PREPARATORY ACADEMY - PHOENIX ELEMENTARY,735 E FILLMORE ST,Maricopa,87.5,Kindergarten
,Public,ASU PREPARATORY ACADEMY - POLYTECHNIC ELEMENTARY SCHOOL,6950 E WILLIAMS FIELDS ROAD,Maricopa,90.1,Kindergarten
,Public,AUDREY & ROBERT RYAN ELEMENTARY,4600 S BRIGHT ANGEL WAY,Maricopa,93.8,Kindergarten
,Public,AUGUSTA RANCH ELEMENTARY,9430 E NEVILLE AVE,Maricopa,86.3,Kindergarten
,Public,AUGUSTUS H SHAW JR SCHOOL,123 N 13TH ST,Maricopa,90.7,Kindergarten
,Public,BAGDAD ELEMENTARY SCHOOL,515 BREEZY CIR,Yavapai,85.3,Kindergarten
,Public,BALES ELEMENTARY SCHOOL,25400 W MARICOPA RD,Maricopa,89.7,Kindergarten
,Public,BARBARA B ROBEY ELEMENTARY - 85340,5340 N WIGWAM CREEK BLVD,Maricopa,91.1,Kindergarten
,Public,BARBARA BUSH ELEMENTARY SCHOOL - 85205,4925 E INGRAM ST,Maricopa,94.1,Kindergarten
,Public,BARCELONA ELEMENTARY SCHOOL,6530 N 44TH AVE,Maricopa,95.7,Kindergarten
,Public,BASHA ELEMENTARY,3535 S BASHA RD,Maricopa,88.7,Kindergarten
,Charter,BASIS - FLAGSTAFF,1700 N GEMINI DR,Coconino,92.7,Kindergarten
,Charter,BASIS - MESA,5010 S EASTMARK PKWY,Maricopa,89.2,Kindergarten
,Charter,BASIS - ORO VALLEY PRIMARY,11129 N. ORACLE RD.,Pima,90.0,Kindergarten
,Charter,BASIS - PEORIA PRIMARY,25950 N. LAKE PLEASANT PKWY,Maricopa,91.7,Kindergarten
,Charter,BASIS - PHOENIX PRIMARY,11850 N 32ND ST,Maricopa,89.9,Kindergarten
,Charter,BASIS - SCOTTSDALE PRIMARY WEST CAMPUS,7496 E TIERRA BUENA LANE,Maricopa,82.6,Kindergarten
,Charter,BASIS - TUCSON MIDDLE SCHOOL,3825 E 2ND ST,Pima,93.0,Kindergarten
,Charter,BASIS CHANDLER PRIMARY NORTH CAMPUS,1800 E CHANDLER BLVD,Maricopa,98.1,Kindergarten
,Charter,BASIS CHANDLER PRIMARY SOUTH CAMPUS,204 W CHANDLER HEIGHTS ROAD,Maricopa,95.7,Kindergarten
,Charter,BASIS GOODYEAR,15800 W SHERMAN ST,Maricopa,86.3,Kindergarten
,Charter,BASIS PHOENIX CENTRAL PRIMARY,201 E INDIANOLA AVE,Maricopa,85.5,Kindergarten
,Charter,BASIS PHOENIX NORTH,44111 N 43RD AVE,Maricopa,91.7,Kindergarten
,Charter,BASIS PHOENIX SOUTH PRIMARY SCHOOL,5700 S 19TH AVE,Maricopa,78.7,Kindergarten
,Public,BASIS PRESCOTT,1901 PRESCOTT LAKES PKWY,Yavapai,77.6,Kindergarten
,Charter,BASIS SCOTTSDALE PRIMARY,11440 N 136TH ST,Maricopa,87.9,Kindergarten
,Private,BAYER PRIVATE SCHOOL,23555 N 67TH AVE,Maricopa,95.8,Kindergarten
,Public,BEAVER CREEK SCHOOL,4810 E BEAVER CREEK RD,Yavapai,72.7,Kindergarten
,Public,BELEN SOTO ELEMENTARY SCHOOL,18601 W CAMPBELL AVE,Maricopa,87.4,Kindergarten
,Public,BELLA VISTA ELEMENTARY SCHOOL,801 N LENZNER AVE,Cochise,100.0,Kindergarten
,Public,BELLAIR ELEMENTARY SCHOOL,4701 W GROVERS AVE,Maricopa,86.1,Kindergarten
,Charter,BENCHMARK SCHOOL,4120 E ACOMA DR,Maricopa,53.3,Kindergarten
,Charter,BENJAMIN FRANKLIN CHARTER SCHOOL - CRISMON,22120 E. QUEEN CREEK RD,Maricopa,68.6,Kindergarten
,Charter,BENJAMIN FRANKLIN CHARTER SCHOOL - GILBERT,1475 SOUTH VAL VISTA DRIVE,Maricopa,71.6,Kindergarten
,Charter,BENJAMIN FRANKLIN CHARTER SCHOOL - POWER RD,22951 SOUTH POWER ROAD,Maricopa,69.0,Kindergarten
,Public,BENSON PRIMARY SCHOOL,360 S PATAGONIA ST,Cochise,78.3,Kindergarten
,Public,BERNARD BLACK ELEMENTARY,6550 S 27TH AVE,Maricopa,78.6,Kindergarten
,Public,BICENTENNIAL SOUTH SCHOOL,7240 W COLTER ST,Maricopa,93.1,Kindergarten
,Public,BILTMORE PREPARATORY ACADEMY,4601 N 34TH ST,Maricopa,100.0,Kindergarten
,Public,BLACK MOUNTAIN ELEMENTARY SCHOOL - CAVE CREEK,33016 N 60TH ST,Maricopa,85.5,Kindergarten
,Public,BLACK MOUNTAIN ELEMENTARY SCHOOL - GOLDEN VALLEY,3404 N SANTA MARIA RD,Mohave,67.4,Kindergarten
,Public,BLAKE PRIMARY SCHOOL,701 S NAVAJO AVE,La Paz,83.8,Kindergarten
,Public,BLENMAN ELEMENTARY SCHOOL,1695 N COUNTRY CLUB RD,Pima,95.7,Kindergarten
,Public,BLOOM ELEMENTARY SCHOOL,8310 E PIMA ST,Pima,94.2,Kindergarten
,Public,BLUE RIDGE ELEMENTARY SCHOOL,1200 W WHITE MOUNTAIN BLVD,Navajo,84.3,Kindergarten
,Public,BONILLAS ELEMENTARY BASIC CURRICULUM MAGN,4757 E WINSETT BLVD,Pima,98.3,Kindergarten
,Public,BORMAN ELEMENTARY SCHOOL,6630 LIGHTNING DR (DMAFB),Pima,93.0,Kindergarten
,Public,BORTON PRIMARY MAGNET SCHOOL,700 E 22ND ST,Pima,96.9,Kindergarten
,Public,BOULDER CREEK ELEMENTARY - 85024,22801 N 22ND ST,Maricopa,97.3,Kindergarten
,Public,BOULDER CREEK ELEMENTARY - 85212,8045 E PORTOBELLO AVE,Maricopa,85.7,Kindergarten
,Public,BRAVIE T SOTO ELEMENTARY,1201 MAIN STREET,Yuma,100.0,Kindergarten
,Public,BRET R TARVER ELEMENTARY,4308 N 51ST AVE,Maricopa,95.1,Kindergarten
,Public,BRIDGES ELEMENTARY SCHOOL,5205 S SOBOBA ST,Maricopa,87.6,Kindergarten
,Public,BROADMOR ELEMENTARY SCHOOL,311 E AEPLI DR,Maricopa,88.2,Kindergarten
,Public,BRUNSON-LEE ELEMENTARY SCHOOL,1350 N 48TH ST,Maricopa,100.0,Kindergarten
,Public,BUCKEYE PRIMARY SCHOOL,210 S 6TH ST,Maricopa,94.6,Kindergarten
,Public,BURK ELEMENTARY SCHOOL,545 N BURK ST,Maricopa,88.2,Kindergarten
,Charter,BURKE BASIC SCHOOL,131 E SOUTHERN AVE,Maricopa,94.2,Kindergarten
,Public,BUTTERFIELD ELEMENTARY SCHOOL - MARICOPA,43800 W HONEYCUTT RD,Pinal,86.0,Kindergarten
,Public,BUTTERFIELD ELEMENTARY SCHOOL - TUCSON,3400 W MASSINGALE RD,Pima,85.3,Kindergarten
,Public,C E ROSE ELEMENTARY SCHOOL,710 W MICHIGAN DR,Pima,100.0,Kindergarten
,Public,C I WAGGONER SCHOOL,1050 E CARVER RD,Maricopa,87.8,Kindergarten
,Public,C W MCGRAW ELEMENTARY SCHOOL,2345 S ARIZONA AVE,Yuma,93.2,Kindergarten
,Public,CACTUS VIEW ELEMENTARY SCHOOL,17602 N CENTRAL AVE,Maricopa,75.6,Kindergarten
,Public,CACTUS WREN ELEMENTARY SCHOOL,9650 N 39TH AVE,Maricopa,96.8,Kindergarten
,Public,CALABASAS SCHOOL,131 CAMINO MARICOPA,Santa Cruz,93.9,Kindergarten
,Charter,CALIBRE ACADEMY SURPRISE,15688 W ACOMA DR,Maricopa,75.0,Kindergarten
,Private,CALVARY CHRISTIAN ACADEMY,1605 S MCCULLOCH BLVD,Mohave,46.7,Kindergarten
,Charter,CAMBRIDGE ACADEMY - MESA CAMPUS,9412 E BROWN RD,Maricopa,87.0,Kindergarten
,Public,CAMP VERDE ELEMENTARY SCHOOL,200 CAMP LINCOLN RD,Yavapai,78.0,Kindergarten
,Private,CAMP VERDE UNITED CHRISTIAN SCHOOL,903 W FINNIE FLAT RD,Yavapai,45.0,Kindergarten
,Public,CAMPO BELLO ELEMENTARY SCHOOL,2625 E GROVES AVE,Maricopa,94.1,Kindergarten
,Charter,CANDEO SCHOOLS,9965 W CALLE LEJOS,Maricopa,55.4,Kindergarten
,Public,CANYON BREEZE ELEMENTARY,11675 W ENCANTO BLVD,Maricopa,94.2,Kindergarten
,Public,CANYON DE CHELLY ELEMENTARY SCHOOL,HWY 191,Apache,100.0,Kindergarten
,Public,CANYON ELEMENTARY SCHOOL,5490 W PARADISE LN,Maricopa,84.4,Kindergarten
,Public,CANYON RIDGE ELEMENTARY,17359 WEST SURPRISE FARMS LOOP NORTH,Maricopa,88.9,Kindergarten
,Public,CANYON RIM ELEMENTARY,3045 S CANYON RIM,Maricopa,85.0,Kindergarten
,Public,CANYON SPRINGS,42901 N 45TH AVE,Maricopa,81.8,Kindergarten
,Public,CANYON VIEW ELEMENTARY SCHOOL,5725 N SABINO CANYON RD,Pima,96.2,Kindergarten
,Public,CAPITOL ELEMENTARY SCHOOL,330 N 16TH AVE,Maricopa,89.2,Kindergarten
,Public,CAPPS MIDDLE SCHOOL (GR 4-6),3375 BUCKSKIN CANYON RD,Navajo,59.1,Kindergarten
,Public,CARMICHAEL ELEMENTARY SCHOOL,701 NE CARMICHAEL AVE,Cochise,93.8,Kindergarten
,Public,CAROL G. PECK ELEMENTARY SCHOOL,5810 N 49TH AVE,Maricopa,90.6,Kindergarten
,Public,CAROL RAE RANCH ELEMENTARY,3777 E HOUSTON AVE,Maricopa,88.7,Kindergarten
,Public,CARRILLO INTERMEDIATE MAGNET SCHOOL,440 S MAIN AVE,Pima,100.0,Kindergarten
,Public,CARTWRIGHT ELEMENTARY SCHOOL,5833 W THOMAS RD,Maricopa,98.5,Kindergarten
,Charter,CASA ACADEMY,8047 NORTH 35TH AVENUE,Maricopa,95.1,Kindergarten
,Public,CASA BLANCA COMMUNITY SCHOOL,5297 WEST NELSON ROAD,Pinal,95.2,Kindergarten
,Private,CASAS CHRISTIAN SCHOOL,10801 N LA CHOLLA BLVD,Pima,63.3,Kindergarten
,Public,CATALINA VENTURA SCHOOL,6331 N 39TH AVE,Maricopa,100.0,Kindergarten
,Public,CAVETT ELEMENTARY SCHOOL,2120 E NACO VISTA DR,Pima,93.3,Kindergarten
,Public,CECIL B. SHAMLEY SCHOOL,1500 N SCOVEL ST,Maricopa,93.8,Kindergarten
,Public,CENTENNIAL ELEMENTARY SCHOOL - GILBERT,3507 S RANCH HOUSE PKWY,Maricopa,91.1,Kindergarten
,Public,CENTENNIAL ELEMENTARY SCHOOL - TUCSON,2200 W WETMORE RD,Pima,91.7,Kindergarten
,Public,CENTER FOR ACADEMIC SUCCESS #1 - CARMELITA DR,900 CARMELITA DR,Cochise,74.2,Kindergarten
,Charter,CENTER FOR ACADEMIC SUCCESS #3 - 3RD ST,919 3RD ST,Cochise,88.2,Kindergarten
,Charter,CENTER FOR EDUCATIONAL EXCELLENCE,1700 E ELLIOT RD,Maricopa,70.8,Kindergarten
,Public,CENTER FOR ONLINE AND INNOVATIVE LEARNING (COIL),1000 N. AMARILLO STREET,Pinal,90.5,Kindergarten
,Public,CENTERRA MIRAGE ELEMENTARY,15151 WEST CENTERRA DRIVE SOUTH,Maricopa,85.9,Kindergarten
,Public,CERBAT ELEMENTARY SCHOOL,2689 E JAGERSON AVE,Mohave,71.1,Kindergarten
,Public,CESAR CHAVEZ ELEMENTARY,1130 N 10TH AVE,Yuma,97.9,Kindergarten
,Public,CESAR E CHAVEZ COMMUNITY SCHOOL,4001 S 3RD ST,Maricopa,97.4,Kindergarten
,Charter,CHALLENGE CHARTER SCHOOL,5801 W GREENBRIAR DR,Maricopa,81.6,Kindergarten
,Charter,CHALLENGER BASIC SCHOOL,1315 N GREENFIELD RD,Maricopa,38.2,Kindergarten
,Public,CHALLENGER ELEMENTARY SCHOOL,901 E CALLE MAYER,Santa Cruz,95.7,Kindergarten
,Public,CHALLENGER MIDDLE SCHOOL,6905 W MARYLAND AVE,Maricopa,74.4,Kindergarten
,Charter,CHAMPION CHANDLER,250 S MCQUEEN RD,Maricopa,82.1,Kindergarten
,Charter,CHAMPION SCHOOLS PHOENIX,7900 S JESSE OWENS PKWY,Maricopa,94.7,Kindergarten
,Charter,CHAMPION SCHOOLS SAN TAN VALLEY,1846 E BELLA VISTA RD,Pinal,73.2,Kindergarten
,Public,CHANDLER TRADITIONAL ACADEMY - FREEDOM,6040 SOUTH JOSLYN LANE,Maricopa,91.4,Kindergarten
,Public,CHANDLER TRADITIONAL ACADEMY - GOODMAN CAMPUS,2600 W KNOX RD,Maricopa,92.1,Kindergarten
,Public,CHANDLER TRADITIONAL ACADEMY - INDEPENDENCE,1405 W LAKE DR,Maricopa,95.8,Kindergarten
,Public,CHANDLER TRADITIONAL ACADEMY - LIBERTY CAMPUS,550 N EMMETT DR,Maricopa,93.0,Kindergarten
,Public,CHAPARRAL ELEMENTARY SCHOOL-85029,3808 W JOAN DE ARC,Maricopa,89.3,Kindergarten
,Public,CHAPARRAL ELEMENTARY SCHOOL-85295,3380 E FRYE RD,Maricopa,90.4,Kindergarten
,Public,CHARLES W HARRIS ELEMENTARY SCHOOL,2252 N 55TH AVE,Maricopa,98.8,Kindergarten
,Public,CHARLES W SECHRIST ELEMENTARY SCHOOL,2230 N FT VALLEY RD,Coconino,95.6,Kindergarten
,Public,CHARLOTTE PATTERSON ELEMENTARY,7520 S ADORA BLVD,Maricopa,90.2,Kindergarten
,Public,CHEATHAM ELEMENTARY SCHOOL,4725 W SOUTH MOUNTAIN AVE,Maricopa,87.5,Kindergarten
,Public,CHEROKEE ELEMENTARY SCHOOL,8801 N 56TH ST,Maricopa,89.9,Kindergarten
,Public,CHEYENNE ELEMENTARY SCHOOL - PEORIA,11806 N 87TH AVE,Maricopa,90.0,Kindergarten
,Public,CHEYENNE TRADITIONAL ELEMENTARY SCHOOL - SCOTTSDALE,13636 N 100TH ST,Maricopa,85.7,Kindergarten
,Public,CHINLE ELEMENTARY SCHOOL,HWY 191 & NAVAJO ROUTE 7,Apache,100.0,Kindergarten
,Public,CHOLLA ELEMENTARY SCHOOL,1180 E KORTSEN RD,Pinal,89.6,Kindergarten
,Private,CHRIST LUTHERAN SCHOOL,3901 E INDIAN SCHOOL RD,Maricopa,69.0,Kindergarten
,Private,CHRIST'S GREENFIELD LUTHERAN SCHOOL,425 N GREENFIELD RD,Maricopa,60.3,Kindergarten
,Public,CIRCLE CROSS K-8 STEM ACADEMY,35900 N. CHARBRAY DR,Pinal,89.3,Kindergarten
,Public,CLAWSON SCHOOL,1235 7TH ST,Cochise,91.3,Kindergarten
,Public,CLOVES C CAMPBELL SR ELEMENTARY SCHOOL,2624 E S MOUNTAIN AVE,Maricopa,96.4,Kindergarten
,Public,COCHISE ELEMENTARY SCHOOL - SCOTTSDALE,9451 N 84TH ST,Maricopa,86.6,Kindergarten
,Public,COLLIER ELEMENTARY SCHOOL - AVONDALE,350 S 118TH AVE,Maricopa,94.3,Kindergarten
,Public,COLONEL JOHNSTON ELEMENTARY SCHOOL,47121 H AVENUE,Cochise,92.3,Kindergarten
,Public,COMBS TRADITIONAL SCHOOL,37327 N GANTZEL RD,Pinal,90.9,Kindergarten
,Public,CONSTITUTION ELEMENTARY SCHOOL,18440 N 15TH AVE,Maricopa,93.5,Kindergarten
,Public,CONTINENTAL ELEMENTARY SCHOOL,1991 E WHITE HOUSE CANYON RD,Pima,95.5,Kindergarten
,Public,COPPER BASIN K-8,28682 N MAIN ST,Pinal,86.5,Kindergarten
,Public,COPPER CANYON ELEMENTARY SCHOOL,17650 N 54TH ST,Maricopa,88.9,Kindergarten
,Public,COPPER CREEK ELEMENTARY,7071 W HILLCREST BLVD,Maricopa,88.1,Kindergarten
,Public,COPPER CREEK ELEMENTARY SCHOOL,11620 N COPPER SPRING TRAIL,Pima,91.1,Kindergarten
,Public,COPPER KING ELEMENTARY,10730 W CAMPBELL AVE,Maricopa,90.9,Kindergarten
,Public,COPPER RIDGE ELEMENTARY SCHOOL - 85641,17650 S CANYON EDGE TRAIL,Pima,87.3,Kindergarten
,Public,COPPER RIDGE SCHOOL - 85255,10101 E THOMPSON PEAK PKWY,Maricopa,71.4,Kindergarten
,Public,COPPER RIM ELEMENTARY SCHOOL,1600 MESQUITE,Gila,89.7,Kindergarten
,Public,COPPER TRAILS ELEMENTARY,16875 WEST CANYON TRAILS BLVD,Maricopa,88.9,Kindergarten
,Public,COPPERWOOD SCHOOL,11232 N 65TH AVE,Maricopa,75.0,Kindergarten
,Public,CORDOVA ELEMENTARY SCHOOL,5631 N 35TH AVE,Maricopa,100.0,Kindergarten
,Public,CORONADO ELEMENTARY SCHOOL - APACHE,50 N WATER ST,Apache,53.7,Kindergarten
,Public,CORONADO ELEMENTARY SCHOOL - COCHISE,5148 CORONADO SCHOOL DR,Cochise,63.3,Kindergarten
,Public,CORONADO ELEMENTARY SCHOOL - GILBERT,4333 S DE ANZA BLVD,Maricopa,77.6,Kindergarten
,Public,CORONADO K-8 SCHOOL,3401 E WILDS RD,Pima,88.2,Kindergarten
,Public,CORTE SIERRA ELEMENTARY SCHOOL,3300 N SANTE FE TRAIL,Maricopa,92.0,Kindergarten
,Public,CORTINA ELEMENTARY,19680 S 188TH ST,Maricopa,82.0,Kindergarten
,Public,COTTONWOOD COMMUNITY SCHOOL,500 E MINGUS AVE,Yavapai,82.2,Kindergarten
,Public,COTTONWOOD ELEMENTARY - 86021,185 E UNIVERSITY AVE,Mohave,9.6,Kindergarten
,Public,COTTONWOOD ELEMENTARY SCHOOL - 85222,1667 N KADOTA AVE,Pinal,91.6,Kindergarten
,Public,COTTONWOOD ELEMENTARY SCHOOL - 85641,9950 REES LOOP,Pima,94.2,Kindergarten
,Public,COUNTRY MEADOWS ELEMENTARY SCHOOL,8409 N 111 TH AVE,Maricopa,81.5,Kindergarten
,Public,COUNTRY PLACE ELEMENTARY,10207 W COUNTRY PLACE BLVD,Maricopa,90.6,Kindergarten
,Public,COUNTRYSIDE ELEMENTARY,15034 N PARKVIEW PL,Maricopa,92.7,Kindergarten
,Public,COYOTE HILLS ELEMENTARY SCHOOL,21180 N 87TH AVE,Maricopa,94.1,Kindergarten
,Public,COYOTE SPRINGS ELEMENTARY SCHOOL,8101 E HWY 89A,Yavapai,82.5,Kindergarten
,Public,COYOTE TRAIL ELEMENTARY SCHOOL,8000 N SILVERBELL RD,Pima,92.3,Kindergarten
,Public,CRADLEBOARD SCHOOL,HOLLY GRAPE RD & N POWER LIN,Navajo,97.3,Kindergarten
,Public,CRAGIN ELEMENTARY SCHOOL,2945 N TUCSON BLVD,Pima,93.5,Kindergarten
,Public,CRAYCROFT ELEMENTARY SCHOOL,5455 E LITTLETOWN RD,Pima,100.0,Kindergarten
,Private,CREATIVE CASTLE PRESCHOOL & PLAYTIME,4130 W OPPORTUNITY WAY,Maricopa,75.8,Kindergarten
,Private,CREO SCHOOL,1475 S HIGLEY RD,Maricopa,10.3,Kindergarten
,Public,CRISMON ELEMENTARY SCHOOL,825 W MEDINA AVE,Maricopa,95.4,Kindergarten
,Charter,CROWN CHARTER SCHOOL,12450 W MARYLAND AVE,Maricopa,38.3,Kindergarten
,Public,CURIEL SCHOOL,1000 N CURIEL ST,Pinal,96.8,Kindergarten
,Public,CURRY ELEMENTARY SCHOOL,1974 E MEADOW DR,Maricopa,88.9,Kindergarten
,Public,DAVID CROCKETT SCHOOL,501 N 36TH ST,Maricopa,70.3,Kindergarten
,Public,DAVIDSON ELEMENTARY SCHOOL,3950 E PARADISE FALLS DR,Pima,85.4,Kindergarten
,Public,DAVIS BILINGUAL MAGNET SCHOOL,500 W ST MARY'S RD,Pima,87.0,Kindergarten
,Public,DEBBIE BRAFF ELEMENTARY SCHOOL (KAYENTA INTERMEDIATE),HWY 189,Navajo,98.6,Kindergarten
,Public,DEGRAZIA ELEMENTARY SCHOOL,5051 W OVERTON RD,Pima,95.2,Kindergarten
,Public,DESERT CANYON ELEMENTARY,10203 E MCDOWELL MOUNTAIN RANCH RD,Maricopa,95.7,Kindergarten
,Private,DESERT CHRISTIAN K-6 SCHOOL - E WRIGHTSTOWN RD,9415 E WRIGHTSTOWN RD,Pima,80.0,Kindergarten
,Public,DESERT COVE ELEMENTARY SCHOOL,11020 N 28TH ST,Maricopa,88.9,Kindergarten
,Public,DESERT GARDEN ELEMENTARY SCHOOL,7020 W OCOTILLO RD,Maricopa,97.2,Kindergarten
,Public,DESERT HARBOR ELEMENTARY SCHOOL,15585 N 91ST AVE,Maricopa,87.3,Kindergarten
,Charter,DESERT HEIGHTS ELEMENTARY CHARTER SCHOOL,5821 W BEVERLY LN,Maricopa,92.7,Kindergarten
,Public,DESERT HORIZON ELEMENTARY SCHOOL,8525 W OSBORN RD,Maricopa,94.4,Kindergarten
,Charter,DESERT MARIGOLD SCHOOL,6210 S 28TH ST,Maricopa,40.5,Kindergarten
,Public,DESERT MEADOWS ELEMENTARY SCHOOL,6855 W MEADOWS LOOP E,Maricopa,93.3,Kindergarten
,Public,DESERT MESA ELEMENTARY SCHOOL,2350 S AVENUE 7 1/2 E,Yuma,92.8,Kindergarten
,Public,DESERT MIRAGE ELEMENTARY SCHOOL,8605 W MARYLAND AVE,Maricopa,90.9,Kindergarten
,Public,DESERT MOUNTAIN ELEMENTARY - 85142,22301 S HAWES RD,Maricopa,83.3,Kindergarten
,Public,DESERT MOUNTAIN SCHOOL - 85086,35959 NORTH 7TH AVENUE,Maricopa,72.4,Kindergarten
,Public,DESERT OASIS ELEMENTARY SCHOOL-85037,8802 W MCDOWELL RD,Maricopa,89.3,Kindergarten
,Public,DESERT OASIS ELEMENTARY SCHOOL-85387,17161 W BAJADA RD,Maricopa,79.7,Kindergarten
,Public,DESERT PALMS ELEMENTARY SCHOOL,11441 N 55TH AVE,Maricopa,96.8,Kindergarten
,Public,DESERT SAGE ELEMENTARY SCHOOL,4035 W ALAMEDA,Maricopa,87.3,Kindergarten
,Public,DESERT SHADOWS ELEMENTARY SCHOOL,5902 E SWEETWATER AVE,Maricopa,86.7,Kindergarten
,Public,DESERT SONORA ELEMENTARY SCHOOL,301 N CARLISLE AVE,Yuma,100.0,Kindergarten
,Public,DESERT SPIRIT,7355 W ORANGEWOOD AVE,Maricopa,79.2,Kindergarten
,Charter,DESERT STAR ACADEMY,"5599 S HWY 95, UNIT 2",Mohave,78.7,Kindergarten
,Public,DESERT STAR SCHOOL,2131 S 157TH AVE,Maricopa,90.9,Kindergarten
,Private,DESERT SUN CHILD DEVELOPMENT CENTER,1512 W ELLIOT RD,Maricopa,81.5,Kindergarten
,Public,DESERT SUNSET ELEMENTARY SCHOOL,30919 W WHITE TANK VISTA DR,Maricopa,86.7,Kindergarten
,Public,DESERT THUNDER SCHOOL,16750 W GARFIELD ST,Maricopa,85.9,Kindergarten
,Public,DESERT TRAILS ELEMENTARY SCHOOL,4315 E CASHMAN DR,Maricopa,89.3,Kindergarten
,Public,DESERT VALLEY ELEMENTARY - 86442,1066 MARINA BLVD,Mohave,91.1,Kindergarten
,Public,DESERT VALLEY ELEMENTARY SCHOOL - 85304,12901 N 63RD AVE,Maricopa,88.2,Kindergarten
,Charter,DESERT VIEW ACADEMY,3777 W 16TH ST,Yuma,88.6,Kindergarten
,Public,DESERT VIEW ELEMENTARY - SAN LUIS,1508 N 10TH AVE,Yuma,100.0,Kindergarten
,Public,DESERT VIEW ELEMENTARY SCHOOL - PHOENIX,8621 N 3RD ST,Maricopa,95.8,Kindergarten
,Private,DESERT VIEW LEARNING CENTER,4027 E LINCOLN DR,Maricopa,95.5,Kindergarten
,Public,DESERT VISTA ELEMENTARY SCHOOL,3701 E BROADWAY AVE,Pinal,87.2,Kindergarten
,Public,DESERT WILLOW ELEMENTARY SCHOOL - CASA GRANDE,2172N ARIZOLA RD,Pinal,85.1,Kindergarten
,Public,DESERT WILLOW ELEMENTARY SCHOOL - CAVE CREEK,4322 E DESERT WILLOW PKWY,Maricopa,92.9,Kindergarten
,Public,DESERT WILLOW ELEMENTARY SCHOOL - KINGMAN,3700 PROSPECTOR ST,Mohave,76.4,Kindergarten
,Public,DESERT WILLOW ELEMENTARY SCHOOL - TUCSON,9400 E ESMOND LOOP,Pima,93.8,Kindergarten
,Charter,DESTINY SCHOOL,22 PRICKLY PEAR DR,Gila,95.1,Kindergarten
,Public,DIAMOND CANYON ELEMENTARY,40004 NORTH LIBERTY BELL WAY,Maricopa,71.7,Kindergarten
,Public,DIETZ K-8 SCHOOL,7575 E PALMA ST,Pima,93.3,Kindergarten
,Public,DILWORTH BRINTON ELEMENTARY,11455 E SUNLAND AVE,Maricopa,91.4,Kindergarten
,Public,DISCOVERY SCHOOL,7910 W MARYLAND AVE,Maricopa,95.6,Kindergarten
,Charter,DOBSON ACADEMY A-BALL CHARTER SCHOOL,2207 N DOBSON RD,Maricopa,78.4,Kindergarten
,Public,DON MENSENDICK SCHOOL,5535 N. 67TH AVE,Maricopa,85.7,Kindergarten
,Public,DOROTHY HALL ELEMENTARY,5777 E 45TH PLACE,Yuma,91.9,Kindergarten
,Public,DOROTHY STINSON SCHOOL,2013 S 8TH AVE,Graham,92.2,Kindergarten
,Public,DOS RIOS ELEMENTARY,2150 S 87TH AVE,Maricopa,91.3,Kindergarten
,Public,DOVE MOUNTAIN K-8,5650 W MOORE RD,Pima,95.0,Kindergarten
,Public,DR HOWARD K CONLEY ELEMENTARY SCHOOL,500 S ARROWHEAD DR,Maricopa,89.5,Kindergarten
,Public,DR. CHARLES A. BEJARANO ELEMENTARY SCHOOL,4635 E RAGUS RD B,Gila,70.4,Kindergarten
,Public,DR. GARY AND ANNETTE AUXIER ELEMENTARY SCHOOL,22700 S POWER RD,Maricopa,69.8,Kindergarten
,Public,DRACHMAN PRIMARY MAGNET SCHOOL,1085 S 10TH AVE,Pima,100.0,Kindergarten
,Private,DREAM CITY CHRISTIAN SCHOOLS - GLENDALE,21000 N 75TH AVE,Maricopa,78.6,Kindergarten
,Public,DREAMING SUMMIT ELEMENTARY,13335 W MISSOURI AVE,Maricopa,85.3,Kindergarten
,Public,DREXEL ELEMENTARY SCHOOL,801 E DREXEL RD,Pima,98.4,Kindergarten
,Public,DWIGHT PATTERSON ELEMENTARY,615 S CHESHIRE,Maricopa,83.9,Kindergarten
,Public,E C NASH SCHOOL,515 W KELSO ST,Pima,92.6,Kindergarten
,Charter,EAGLE COLLEGE PREP - MARYVALE,3950 N 53RD AVE,Maricopa,95.7,Kindergarten
,Charter,EAGLE COLLEGE PREP - S MOUNTAIN,2450 W SOUTH MOUNTAIN AVE,Maricopa,96.8,Kindergarten
,Public,EAGLE RIDGE ELEMENTARY SCHOOL - PHONEIX,19801 N 13TH ST,Maricopa,83.3,Kindergarten
,Public,ECHO CANYON K-8 - SCOTTSDALE,4330 NORTH 62ND STREET,Maricopa,72.0,Kindergarten
,Private,ECHO MOUNTAIN PRIMARY SCHOOL,1750 E GROVERS AVE,Maricopa,93.3,Kindergarten
,Public,ED & VERMA PASTOR ELEMENTARY SCHOOL,2101 W ALTA VISTA RD,Maricopa,95.7,Kindergarten
,Public,ED PASTOR ELEMENTARY 4,985 N 6TH AVE,Yuma,98.9,Kindergarten
,Public,EDISON ELEMENTARY SCHOOL,545 N HORNE,Maricopa,95.4,Kindergarten
,Charter,EDISON SCHOOL OF INNOVATION,5136 N 83RD AVE,Maricopa,75.0,Kindergarten
,Charter,EDUPRIZE SCHOOL - GILBERT,580 W MELODY DR,Maricopa,69.0,Kindergarten
,Charter,EDUPRIZE SCHOOL - QUEEN CREEK,4567 W ROBERTS RD,Pinal,80.5,Kindergarten
,Public,EHRENBERG ELEMENTARY SCHOOL,49241 EHRENBERG-PARKER HWY,La Paz,54.2,Kindergarten
,Public,EISENHOWER ELEMENTARY SCHOOL,848 N MESA DR,Maricopa,96.9,Kindergarten
,Public,EL MIRAGE ELEMENTARY SCHOOL,12308 W THUNDERBIRD RD,Maricopa,95.8,Kindergarten
,Public,ELLSWORTH ELEMENTARY,38454 N CAROLINA AVE,Pinal,79.7,Kindergarten
,Public,ELVIRA ELEMENTARY SCHOOL,250 W ELVIRA RD,Pima,98.8,Kindergarten
,Public,EMERSON ELEMENTARY SCHOOL,415 N WESTWOOD RD,Maricopa,91.8,Kindergarten
,Private,EMMANUEL CHRISTIAN ACADEMY,3120 HUALAPAI MOUNTAIN RD,Mohave,64.1,Kindergarten
,Charter,EMPOWER COLLEGE PREP,2411 W COLTER ST,Maricopa,83.3,Kindergarten
,Public,ENCANTO ELEMENTARY SCHOOL,1420 W OSBORN RD,Maricopa,94.6,Kindergarten
,Public,ENTZ ELEMENTARY SCHOOL,4132 E ADOBE ST,Maricopa,78.9,Kindergarten
,Public,ESMOND STATION SCHOOL,9400 S ATTERBURY WASH WAY,Pima,93.0,Kindergarten
,Public,ESPERANZA ELEMENTARY SCHOOL - 85706,2353 E BANTAM,Pima,100.0,Kindergarten
,Public,ESPERANZA ELEMENTARY SCHOOL-85009,3025 W MCDOWELL RD,Maricopa,96.7,Kindergarten
,Public,ESPERANZA ELEMENTARY SCHOOL-85027,251 W MOHAWK LN,Maricopa,85.4,Kindergarten
,Public,ESTRELLA FOOTHILLS GLOBAL ACADEMY,5400 W CARVER ROAD,Maricopa,94.0,Kindergarten
,Public,ESTRELLA MOUNTAIN ELEMENTARY SCHOOL,10301 S SAN MIGUEL,Maricopa,92.0,Kindergarten
,Public,ESTRELLA VISTA ELEMENTARY,11905 W COCOPAH CIR,Maricopa,93.2,Kindergarten
,Public,EVA MARSHALL ELEMENTARY SCHOOL,850 N BONITO ST,Coconino,55.6,Kindergarten
,Charter,EXCALIBUR CHARTER SCHOOL,1045 S SAN MARCOS DR,Pinal,81.5,Kindergarten
,Public,EXCELENCIA SCHOOL,2181 E MCDOWELL RD,Maricopa,94.9,Kindergarten
,Public,FAITH MATHER SOSSAMAN ELEMENTARY,22801 E VIA DEL JARDIN,Maricopa,80.8,Kindergarten
,Public,FALCON HILL ELEMENTARY SCHOOL,1645 N STERLING ST,Maricopa,82.1,Kindergarten
,Public,FIELD ELEMENTARY SCHOOL,2325 E ADOBE ST,Maricopa,100.0,Kindergarten
,Public,FINE ARTS ACADEMY,1700 S. 103RD AVE,Maricopa,95.1,Kindergarten
,Public,FINLEY FARMS ELEMENTARY,375 S COLUMBUS DR,Maricopa,86.2,Kindergarten
,Public,FIRESIDE ELEMENTARY SCHOOL,3725 E LONE CACTUS DR,Maricopa,89.9,Kindergarten
,Private,FLAGSTAFF CHRISTIAN SCHOOL,3500 N 4TH STREET,Coconino,43.5,Kindergarten
,Public,FLAGSTAFF JUNIOR ACADEMY ELEMENTARY CAMPUS,306 W CEDAR AVE,Coconino,80.0,Kindergarten
,Public,FLORA THEW ELEMENTARY SCHOOL,2130 E HOWE AVE,Maricopa,82.3,Kindergarten
,Public,FLORENCE K-8,460 S PARK ST,Pinal,88.2,Kindergarten
,Public,FOOTHILLS ELEMENTARY SCHOOL-85306,15808 N 63RD AVE,Maricopa,92.3,Kindergarten
,Public,FORD ELEMENTARY SCHOOL,8001 E STELLA RD,Pima,85.7,Kindergarten
,Public,FORT MOHAVE ELEMENTARY SCHOOL,1760 JOY LN,Mohave,81.5,Kindergarten
,Public,FORT THOMAS ELEMENTARY SCHOOL,15560 W ELEMENTARY RD,Graham,95.7,Kindergarten
,Public,FOUR PEAKS ELEMENTARY SCHOOL - N IDAHO RD,1755 N IDAHO RD,Pinal,87.3,Kindergarten
,Public,FOWLER ELEMENTARY SCHOOL,6707 W VAN BUREN ST,Maricopa,91.8,Kindergarten
,Public,FRANCES BRANDEN-PICKETT ELEMENTARY,22706 E VILLAGE LOOP,Maricopa,78.6,Kindergarten
,Public,FRANCES J WARREN ELEMENTARY SCHOOL,3505 W MILTON RD,Pima,86.5,Kindergarten
,Public,FRANCES OWEN HOLAWAY ELEMENTARY SCHOOL,3500 N CHERRY AVE,Pima,97.3,Kindergarten
,Public,FRANK BORMAN MIDDLE SCHOOL,3637 N 55TH AVE,Maricopa,98.5,Kindergarten
,Public,FRANK ELEMENTARY SCHOOL,8409 S AVENIDA DEL YAQUI,Maricopa,94.6,Kindergarten
,Public,FRANKLIN ACCELERATED ACADEMY - BRIMHALL CAMPUS,4949 E SOUTHERN RD,Maricopa,85.6,Kindergarten
,Public,FRANKLIN ACCELERATED ACADEMY - DOWNTOWN CAMPUS,236 S SIRRINE,Maricopa,94.0,Kindergarten
,Public,FRANKLIN ACCELERATED ACADEMY - JORDAN CAMPUS,3320 N CARRIAGE LN,Maricopa,96.6,Kindergarten
,Public,FRANKLIN ELEMENTARY SCHOOL,1753 E 8TH AVE,Maricopa,88.1,Kindergarten
,Public,FREEDOM ELEMENTARY SCHOOL - 85326,22150 W. SUNDANCE PKWY S,Maricopa,84.6,Kindergarten
,Public,FREEDOM TRADITIONAL ACADEMY - 85374,16066 N. PARKVIEW PLACE,Maricopa,92.5,Kindergarten
,Public,FRONTIER ELEMENTARY SCHOOL,21258 N 81ST AVE,Maricopa,86.8,Kindergarten
,Public,FRUCHTHENDLER ELEMENTARY SCHOOL,7470 E CLOUD RD,Pima,93.0,Kindergarten
,Public,FRYE ELEMENTARY SCHOOL,801 E FRYE RD,Maricopa,100.0,Kindergarten
,Public,FULLER ELEMENTARY SCHOOL,1975 E CORNELL DR,Maricopa,87.8,Kindergarten
,Public,G FRANK DAVIDSON,6935 W OSBORN RD,Maricopa,100.0,Kindergarten
,Public,GADSDEN ELEMENTARY SCHOOL,18745 GADSDEN ST,Yuma,100.0,Kindergarten
,Public,GALE ELEMENTARY SCHOOL,678 S GOLLOB RD,Pima,97.3,Kindergarten
,Public,GALLEGO BASIC ELEMENTARY SCHOOL,6200 S HEMISPHERE PL,Pima,100.0,Kindergarten
,Public,GALVESTON ELEMENTARY SCHOOL,661 E GALVESTON ST,Maricopa,95.8,Kindergarten
,Public,GARDEN LAKES ELEMENTARY SCHOOL,10825 W GARDEN LAKES PKWY,Maricopa,90.1,Kindergarten
,Public,GATEWAY POINTE ELEMENTARY,2069 S DELATORRE DR,Maricopa,92.6,Kindergarten
,Public,GATEWAY POLYTECHNIC ACADEMY,5149 S SIGNAL BUTTE RD,Maricopa,81.3,Kindergarten
,Public,GATEWAY SCHOOL,1100 N 35TH ST,Maricopa,91.1,Kindergarten
,Public,GAVILAN PEAK ELEMENTARY,2701 W MEMORIAL DR,Maricopa,81.8,Kindergarten
,Charter,GEORGE GERVIN PREP ACADEMY,2801 E SOUTHERN AVE,Maricopa,57.1,Kindergarten
,Public,GEORGE WASHINGTON CARVER ELEMENTARY SCHOOL,1341 5TH ST,Yuma,97.9,Kindergarten
,Public,GILA BEND ELEMENTARY SCHOOL,777 N LOGAN AVE,Maricopa,80.6,Kindergarten
,Public,GILA CROSSING COMMUNITY SCHOOL,4665 W PECOS RD,Maricopa,97.5,Kindergarten
,Private,GILBERT CHRISTIAN ELEMENTARY & MIDDLE SCHOOL,1424 S PROMENADE LN,Maricopa,44.6,Kindergarten
,Private,GILBERT CHRISTIAN SCHOOLS - GREENFIELD,4341 S. GREENFIELD RD,Maricopa,55.0,Kindergarten
,Private,GILBERT CHRISTIAN SCHOOLS - VAL VISTA,22201 S VAL VISTA DR.,Maricopa,47.8,Kindergarten
,Public,GILBERT ELEMENTARY SCHOOL,175 W ELLIOT RD,Maricopa,83.3,Kindergarten
,Public,GLADDEN FARMS ELEMENTARY SCHOOL,11745 W GLADDEN FARMS DR.,Pima,98.8,Kindergarten
,Charter,GLEN CANYON OUTDOOR ACADEMY,835 NEWBURN ROAD,Coconino,90.9,Kindergarten
,Public,GLENDALE AMERICAN SCHOOL,8530 N 55TH AVE,Maricopa,91.4,Kindergarten
,Public,GLENDALE LANDMARK MIDDLE SCHOOL,5730 W MYRTLE AVE,Maricopa,81.6,Kindergarten
,Public,GLENN F BURTON SCHOOL,4801 W MARYLAND AVE,Maricopa,25.0,Kindergarten
,Public,GLENN L DOWNS SCHOOL,3600 N 47TH AVE,Maricopa,100.0,Kindergarten
,Private,GLENVIEW ADVENTIST SCHOOL,6801 N 43RD AVE,Maricopa,50.0,Kindergarten
,Public,GLOBAL ACADEMY OF PHOENIX,4432 W MARYLAND AVE,Maricopa,97.6,Kindergarten
,Public,GOWAN SCIENCE ACADEMY,1020 S AVENUE C,Yuma,92.5,Kindergarten
,Private,GRACE CHRISTIAN ACADEMY,1200 E SOUTHERN AVE,Maricopa,57.1,Kindergarten
,Public,GRANADA PRIMARY SCHOOL,3232 W CAMPBELL AVE,Maricopa,97.7,Kindergarten
,Public,GRANVILLE ELEMENTARY,5350 STOVER DR,Yavapai,73.2,Kindergarten
,Public,GRAYHAWK ELEMENTARY SCHOOL,7525 E GRAYHAWK DR,Maricopa,78.0,Kindergarten
,Charter,GREAT HEART ACADEMIES ARCHWAY CICERO,7205 N PIMA RD,Maricopa,75.9,Kindergarten
,Charter,GREAT HEART ACADEMIES ARCHWAY LINCOLN,2250 S GILBERT RD,Maricopa,88.6,Kindergarten
,Charter,GREAT HEARTS ACADEMIES - ARCHWAY ARETE GILBERT,4525 E BASELINE RD,Maricopa,76.7,Kindergarten
,Charter,GREAT HEARTS ACADEMIES - ARCHWAY CLASSICAL ACADEMY TRIVIUM WEST,2001 N BULLARD AVE,Maricopa,85.7,Kindergarten
,Charter,GREAT HEARTS ACADEMIES - ARCHWAY NORTH PHOENIX,14100 N 32ND ST,Maricopa,87.6,Kindergarten
,Charter,GREAT HEARTS ACADEMIES - ARCHWAY VERITAS,3102 N. 56TH ST,Maricopa,88.9,Kindergarten
,Charter,GREAT HEARTS ANTHEM,3950 WEST ARROYO NORTE DRIVE,Maricopa,69.9,Kindergarten
,Private,GREAT HEARTS CHRISTIAN ACADEMIES - GILBERT CAMPUS,1820 W ELLIOT RD,Maricopa,50.0,Kindergarten
,Charter,GREAT HEARTS ROOSEVELT,555 SOUTH JACKRABBIT TRAIL,Maricopa,86.3,Kindergarten
,Public,GREENBRIER ELEMENTARY SCHOOL,6150 W GREENBRIER DR,Maricopa,97.1,Kindergarten
,Public,GREENFIELD ELEMENTARY SCHOOL,2550 E ELLIOT RD,Maricopa,86.2,Kindergarten
,Public,GRIFFITH ELEMENTARY SCHOOL,4505 E PALM LN,Maricopa,100.0,Kindergarten
,Public,H L SUVERKRUP ELEMENTARY SCHOOL,1590 S AVENUE C,Yuma,100.0,Kindergarten
,Public,HALE ELEMENTARY SCHOOL,1425 N 23RD ST,Maricopa,91.4,Kindergarten
,Public,HALEY ELEMENTARY,3401 S LAYTON LAKES,Maricopa,91.4,Kindergarten
,Charter,HAPPY VALLEY SCHOOL - EAST CAMPUS,266 E WESTBROOKE RD.,Pinal,76.9,Kindergarten
,Charter,HAPPY VALLEY SCHOOL - PEORIA,7140 W HAPPY VALLEY RD,Maricopa,61.7,Kindergarten
,Public,HAROLD STEELE ELEMENTARY SCHOOL,700 S SARNOFF DR,Pima,100.0,Kindergarten
,Public,HAROLD W SMITH SCHOOL,6534 N 63RD AVE,Maricopa,87.1,Kindergarten
,Public,HARRIET JOHNSON PRIMARY SCHOOL,6060 S JOSEPH AVE,Pima,96.4,Kindergarten
,Public,HARRIS ELEMENTARY SCHOOL,1820 S HARRIS DR,Maricopa,88.6,Kindergarten
,Public,HARTFORD SYLVIA ENCINAS ELEMENTARY SCHOOL,700 N HARTFORD ST,Maricopa,92.4,Kindergarten
,Charter,HARVEST PREPARATORY ACADEMY - SAN LUIS,1044 N 10TH AVE,Yuma,95.3,Kindergarten
,Charter,HARVEST PREPARATORY ACADEMY - YUMA,350 E 18TH ST,Yuma,92.6,Kindergarten
,Public,HASSAYAMPA ELEMENTARY SCHOOL,195 E COCONINO ST.,Maricopa,94.9,Kindergarten
,Public,HAVASUPAI ELEMENTARY SCHOOL,880 CASHMERE DR,Mohave,85.4,Kindergarten
,Charter,HEARN ACADEMY,17606 N 7TH AVE,Maricopa,85.7,Kindergarten
,Public,HEARTLAND RANCH ELEMENTARY SCHOOL,1667 W CAROLINE ST,Pinal,87.5,Kindergarten
,Private,HEARTWOOD MONTESSORI,207 NORTH MESA DRIVE,Maricopa,85.0,Kindergarten
,Public,HEATHERBRAE ELEMENTARY SCHOOL,7070 W HEATHERBRAE DR,Maricopa,95.6,Kindergarten
,Public,HELEN KEELING ELEMENTARY SCHOOL,2837 N LOS ALTOS AVE,Pima,97.8,Kindergarten
,Public,HENRY HANK OYAMA,2700 S LA CHOLLA,Pima,94.4,Kindergarten
,Charter,HERITAGE ACADEMY - GATEWAY CAMPUS,8048 EAST GERMANN ROAD,Maricopa,67.0,Kindergarten
,Charter,HERITAGE ELEMENTARY SCHOOL - WEST CAMPUS,6805 N 125TH AVE,Maricopa,95.1,Kindergarten
,Public,HERITAGE SCHOOL,5312 W MOUNTAIN VIEW RD,Maricopa,95.2,Kindergarten
,Charter,HERMOSA MONTESSORI SCHOOL,12051 E FORT LOWELL RD,Pima,86.5,Kindergarten
,Public,HERMOSA VISTA ELEMENTARY SCHOOL,2626 N 24TH ST,Maricopa,90.2,Kindergarten
,Public,HERRERA ELEMENTARY SCHOOL,1350 S 11TH ST,Maricopa,94.9,Kindergarten
,Public,HIDDEN HILLS ELEMENTARY SCHOOL,1919 E SHARON DR,Maricopa,78.8,Kindergarten
,Public,HIGHLAND ELEMENTARY SCHOOL,3042 E ADOBE ST,Maricopa,87.4,Kindergarten
,Public,HIGHLAND LAKES SCHOOL,19000 N 63RD AVE,Maricopa,87.0,Kindergarten
,Public,HIGHLAND PARK ELEMENTARY,230 N COLE DR,Maricopa,79.8,Kindergarten
,Public,HIGHLAND PRIMARY SCHOOL,360 W ROGERS,Navajo,92.6,Kindergarten
,Public,HIGLEY TRADITIONAL ACADEMY,3391 E VEST AVE,Maricopa,86.5,Kindergarten
,Charter,HIRSCH ACADEMY A CHALLENGE FOUNDATION,6535 E OSBORN RD,Maricopa,85.7,Kindergarten
,Public,HOHOKAM ELEMENTARY SCHOOL,8451 E OAK ST,Maricopa,82.3,Kindergarten
,Public,HOLBROOK JUNIOR HIGH SCHOOL,412 W BUFFALO ST,Navajo,92.5,Kindergarten
,Public,HOLDEMAN ELEMENTARY SCHOOL,1326 W 18TH ST,Maricopa,88.2,Kindergarten
,Public,HOLIDAY PARK ELEMENTARY SCHOOL,4417 N 66TH AVE,Maricopa,96.7,Kindergarten
,Public,HOLLADAY INTERMEDIATE MAGNET SCHOOL,1110 E 33RD ST,Pima,100.0,Kindergarten
,Public,HOLLINGER ELEMENTARY SCHOOL,150 W AJO WAY,Pima,86.2,Kindergarten
,Public,HOLMES ELEMENTARY SCHOOL,948 S HORNE,Maricopa,91.5,Kindergarten
,Public,HOMER DAVIS ELEMENTARY SCHOOL,4250 N ROMERO RD,Pima,97.6,Kindergarten
,Public,HOPI ELEMENTARY SCHOOL,5110 E LAFAYETTE BLVD,Maricopa,91.4,Kindergarten
,Charter,HORIZON HONORS ELEMENTARY SCHOOL,16233 S 48TH ST,Maricopa,83.3,Kindergarten
,Public,HORIZON SCHOOL - GLENDALE,8520 N 47TH AVE,Maricopa,92.0,Kindergarten
,Public,HORSESHOE TRAILS ELEMENTARY SCHOOL,5405 E PINNACLE VISTA DR,Maricopa,79.3,Kindergarten
,Public,HOWELL PETER ELEMENTARY SCHOOL,401 N IRVING AVE,Pima,97.0,Kindergarten
,Public,HUACHUCA CITY ELEMENTARY SCHOOL,100 SCHOOL DR,Cochise,100.0,Kindergarten
,Public,HUACHUCA MOUNTAIN ELEMENTARY SCHOOL,3228 SAINT ANDREWS DR,Cochise,100.0,Kindergarten
,Public,HUALAPAI ELEMENTARY SCHOOL,350 EASTERN ST,Mohave,88.6,Kindergarten
,Public,HUMBOLDT ELEMENTARY SCHOOL,2750 S CORRAL ST,Yavapai,67.6,Kindergarten
,Public,HURLEY RANCH ELEMENTARY,8950 W ILLINI ST,Maricopa,78.2,Kindergarten
,Public,IGNACIO CONCHOS ELEMENTARY SCHOOL,1718 W. VINEYARD RD,Maricopa,97.0,Kindergarten
,Charter,IMAGINE CHARTER SCHOOL AT BELL CANYON,18052 N BLACK CANYON HWY,Maricopa,91.3,Kindergarten
,Charter,IMAGINE ELEMENTARY AT AVONDALE,950 N ELISIO C FELIX JR WAY,Maricopa,90.0,Kindergarten
,Charter,IMAGINE ELEMENTARY AT CAMELBACK,5050 N 19TH AVE,Maricopa,90.0,Kindergarten
,Charter,IMAGINE ELEMENTARY AT COOLIDGE,1290 W VAH KI INN RD,Pinal,76.9,Kindergarten
,Charter,IMAGINE ELEMENTARY AT CORTEZ PARK,3535 W DUNLAP AVE,Maricopa,94.2,Kindergarten
,Charter,IMAGINE ELEMENTARY AT DESERT WEST,6738 W MCDOWELL RD,Maricopa,86.5,Kindergarten
,Charter,IMAGINE SCHOOLS AT BUCKEYE,2400 SOUTH 247TH AVENUE,Maricopa,88.9,Kindergarten
,Private,IMMACULATE CONCEPTION ELEMENTARY SCHOOL,501 S AVENUE B,Yuma,100.0,Kindergarten
,Public,INCA ELEMENTARY SCHOOL,236000 W DURANGO ST,Maricopa,92.6,Kindergarten
,Public,INDIAN BEND ELEMENTARY SCHOOL,3820 E NISBET ROAD,Maricopa,94.3,Kindergarten
,Public,INDIAN OASIS PRIMARY SCHOOL - W MAIN ST,111 W MAIN ST,Pima,93.8,Kindergarten
,Public,INDIAN WELLS ELEMENTARY,JUNCTION OF STATE ROUTE 77/15,Navajo,100.0,Kindergarten
,Public,INNOVATION ACADEMY K-5 STEM SCHOOL,825 W. DESERT FAIRWAYS DRIVE,Pima,94.7,Kindergarten
,Public,INSPIRATION MOUNTAIN SCHOOL,5757 WEST INSPIRATION MOUNTAIN PARKWAY,Maricopa,90.0,Kindergarten
,Private,INTERNATIONAL SCHOOL OF ARIZONA,9522 E SAN SALVADOR DR,Maricopa,93.0,Kindergarten
,Private,INTERNATIONAL SCHOOL OF TUCSON,1701 E SENECA ST,Pima,96.8,Kindergarten
,Public,IRA A FULTON ELEMENTARY,4750 S SUNLAND DR,Maricopa,94.9,Kindergarten
,Public,IRA A MURPHY SCHOOL,7231 W NORTH LN,Maricopa,92.7,Kindergarten
,Public,IRENE LOPEZ SCHOOL,4610 S. 12TH ST,Maricopa,94.3,Kindergarten
,Public,IRONWOOD ELEMENTARY SCHOOL - PHOENIX,14850 N 39TH AVE,Maricopa,90.7,Kindergarten
,Public,IRONWOOD ELEMENTARY SCHOOL - TUCSON,3300 W FREER DR,Pima,100.0,Kindergarten
,Public,IRONWOOD SCHOOL,1500 N COLORADO,Pinal,90.2,Kindergarten
,Public,IRVING ELEMENTARY SCHOOL,3220 E PUEBLO AVE,Maricopa,87.5,Kindergarten
,Public,ISHIKAWA ELEMENTARY SCHOOL,2635 N 32ND ST,Maricopa,81.4,Kindergarten
,Public,ISLANDS ELEMENTARY SCHOOL,245 S MCQUEEN RD,Maricopa,84.3,Kindergarten
,Public,J B SUTTON ELEMENTARY SCHOOL,1001 N 31ST AVE,Maricopa,95.5,Kindergarten
,Public,JACK BARNES ELEMENTARY SCHOOL,20750 S 214TH ST,Maricopa,86.7,Kindergarten
,Public,JACK DALEY PRIMARY SCHOOL,3615 W SECOND STREET,Graham,81.5,Kindergarten
,Public,JACK HARMON ELEMENTARY,39315 N CORTONA DR,Pinal,85.7,Kindergarten
,Public,JACK L KUBAN ELEMENTARY SCHOOL,3201 W SHERMAN ST,Maricopa,96.9,Kindergarten
,Public,JAMAICA ELEMENTARY SCHOOL,3427 JAMAICA BLVD,Mohave,82.8,Kindergarten
,Public,JAMES B ROLLE SCHOOL,2711 ENGLER AVE,Yuma,98.9,Kindergarten
,Public,JAMES KENDALL ZAHARIS ELEMENTARY,9410 E MCKELLIPS RD,Maricopa,81.4,Kindergarten
,Public,JANE D. HULL ELEMENTARY,2424 E MAREN DR,Maricopa,89.4,Kindergarten
,Public,JEFFERSON ELEMENTARY SCHOOL - MESA,120 S JEFFERSON AVE,Maricopa,98.3,Kindergarten
,Public,JEFFERSON ELEMENTARY SCHOOL - WINSLOW,100 W MAHONEY ST,Navajo,96.0,Kindergarten
,Public,JOE CARLSON ELEMENTARY SCHOOL,1700 N LOUIS AVE,Cochise,93.9,Kindergarten
,Public,JOHN & CAROL CARLSON ELEMENTARY,5400 S WHITE DR,Maricopa,84.9,Kindergarten
,Public,JOHN E WHITE ELEMENTARY SCHOOL,2315 W CANADA ST,Pima,100.0,Kindergarten
,Public,JOHN F KENNEDY ELEMENTARY SCHOOL,6825 S 10TH ST,Maricopa,92.3,Kindergarten
,Public,JOHN F KENNEDY SCHOOL,1500 SUNSET DR,Pinal,92.0,Kindergarten
,Public,JOHN F LONG SCHOOL,4407 N 55TH AVE,Maricopa,97.1,Kindergarten
,Public,JOHN JACOBS ELEMENTARY SCHOOL,14421 N 23RD AVE,Maricopa,95.2,Kindergarten
,Public,JOHN M ANDERSEN ELEMENTARY SCHOOL,1350 N PENNINGTON ST,Maricopa,91.7,Kindergarten
,Public,JOHN MCCAIN III ELEMENTARY SCHOOL,3170 SOUTH 247TH AVENUE,Maricopa,86.4,Kindergarten
,Public,JOHN Q THOMAS ELEMENTARY SCHOOL,3300 E LOCKETT RD,Coconino,97.7,Kindergarten
,Public,JOHNSON ELEMENTARY SCHOOL,3807 E PUEBLO,Maricopa,92.9,Kindergarten
,Public,JOSEPH CITY ELEMENTARY SCHOOL,8176 N WESTOVER ST,Navajo,71.4,Kindergarten
,Public,JOSEPH P. SPRACALE ELEMENTARY SCHOOL,1325 E MALIBU DR,Maricopa,91.1,Kindergarten
,Public,JOSEPH ZITO ELEMENTARY SCHOOL,4525 W ENCANTO BLVD,Maricopa,94.4,Kindergarten
,Public,JUSTINE SPITALNY ELEMENTARY SCHOOL,3201 N 46TH DR,Maricopa,96.2,Kindergarten
,Public,KACHINA ELEMENTARY SCHOOL,5304 W CROCUS DR,Maricopa,80.0,Kindergarten
,Charter,KALEIDOSCOPE SCHOOL,3434 W GREENWAY RD STE 117,Maricopa,67.6,Kindergarten
,Public,KATHERINE MECHAM BARNEY ELEMENTARY,19684 S. 225TH PL.,Maricopa,78.8,Kindergarten
,Public,KATHRYN SUE SIMONTON ELEMENTARY,40300 N SIMONTON BLVD,Pinal,87.2,Kindergarten
,Public,KELLER ELEMENTARY SCHOOL,1445 E HILTON AVE,Maricopa,88.1,Kindergarten
,Public,KENILWORTH ELEMENTARY SCHOOL,1210 N 5TH AVE,Maricopa,90.5,Kindergarten
,Public,KERR ELEMENTARY SCHOOL,125 E MCLELLAN RD,Maricopa,89.7,Kindergarten
,Charter,KEYSTONE MONTESSORI CHARTER SCHOOL,1025 E LIBERTY LN,Maricopa,79.2,Kindergarten
,Charter,KHALSA MONTESSORI SCHOOL - RIVER RD,3701 E RIVER RD,Pima,95.7,Kindergarten
,Private,KINDERTOTS,1118 W GLENDALE AVE,Maricopa,63.6,Kindergarten
,Charter,KINGMAN ACADEMY OF LEARNING - PRIMARY,3400 N BURBANK ST,Mohave,84.0,Kindergarten
,Public,KINGSWOOD ELEMENTARY SCHOOL,15150 W MONDELL RD,Maricopa,83.8,Kindergarten
,Public,KINSEY INQUIRY AND DISCOVERY SCHOOL,1601 S LONETREE ROAD,Coconino,89.2,Kindergarten
,Public,KIVA ELEMENTARY SCHOOL,6911 E MCDONALD DR,Maricopa,80.0,Kindergarten
,Public,KNOX ELEMENTARY SCHOOL,700 W ORCHID LN,Maricopa,92.0,Kindergarten
,Public,KYRENE DE LA COLINA SCHOOL,13612 S 36TH ST,Maricopa,81.2,Kindergarten
,Public,KYRENE DE LA ESPERANZA SCHOOL,14841 S 41ST PL,Maricopa,87.8,Kindergarten
,Public,KYRENE DE LA ESTRELLA ELEMENTARY SCHOOL,2620 E LIBERTY LN,Maricopa,90.0,Kindergarten
,Public,KYRENE DE LA MARIPOSA SCHOOL,50 E KNOX RD,Maricopa,86.0,Kindergarten
,Public,KYRENE DE LA MIRADA SCHOOL,5500 W GALVESTON ST,Maricopa,91.9,Kindergarten
,Public,KYRENE DE LA PALOMA SCHOOL,5000 W WHITTEN ST,Maricopa,100.0,Kindergarten
,Public,KYRENE DE LA SIERRA SCHOOL,1122 E LIBERTY LN,Maricopa,92.4,Kindergarten
,Public,KYRENE DE LAS BRISAS SCHOOL,777 N DESERT BREEZE BLVD EAST,Maricopa,90.2,Kindergarten
,Public,KYRENE DE LAS LOMAS SCHOOL,11820 S WARNER ELLIOT LOOP,Maricopa,89.6,Kindergarten
,Public,KYRENE DE LAS MANITAS SCHOOL,1201 W COURTNEY LN,Maricopa,100.0,Kindergarten
,Public,KYRENE DE LOS CERRITOS SCHOOL,14620 S DESERT FOOTHILLS PKWY,Maricopa,86.0,Kindergarten
,Public,KYRENE DE LOS LAGOS SCHOOL,17001 S 34TH WAY,Maricopa,92.8,Kindergarten
,Public,KYRENE DE LOS NINOS SCHOOL,1330 E DAVA DR,Maricopa,92.7,Kindergarten
,Public,KYRENE DEL CIELO SCHOOL,1350 N LAKESHORE DR,Maricopa,91.2,Kindergarten
,Public,KYRENE DEL MILENIO,4630 E FRYE RD,Maricopa,86.4,Kindergarten
,Public,KYRENE DEL NORTE SCHOOL,1331 E REDFIELD RD,Maricopa,88.2,Kindergarten
,Public,KYRENE DEL SURENO SCHOOL,3375 W GALVESTON RD,Maricopa,91.2,Kindergarten
,Public,KYRENE MONTE VISTA SCHOOL,15221 S RAY RD,Maricopa,93.8,Kindergarten
,Public,L THOMAS HECK MIDDLE SCHOOL,12448 W BETHANY HOME RD,Maricopa,91.2,Kindergarten
,Charter,LA PALOMA ACADEMY - CENTRAL,2050 N WILMOT RD,Pima,86.5,Kindergarten
,Charter,LA PALOMA ACADEMY - LAKESIDE,8140 E GOLF LINKS RD,Pima,95.9,Kindergarten
,Charter,LA PALOMA ACADEMY - MARANA,13644 NORTH SANDARIO ROAD,Pima,90.9,Kindergarten
,Charter,LA PALOMA ACADEMY SOUTH,5660 S 12TH AVE,Pima,96.0,Kindergarten
,Public,LAFE NELSON SCHOOL,1100 10TH AVE,Graham,91.7,Kindergarten
,Public,LAGUNA ELEMENTARY SCHOOL - SCOTTSDALE,10475 E LAKEVIEW DR,Maricopa,88.9,Kindergarten
,Public,LAKE PLEASANT ELEMENTARY,31501 N WESTLAND RD,Maricopa,73.3,Kindergarten
,Public,LAKE VALLEY ELEMENTARY SCHOOL,3900 N STARLIGHT DR,Yavapai,85.4,Kindergarten
,Public,LAKEVIEW ELEMENTARY SCHOOL,3040 W YUCCA ST,Maricopa,96.1,Kindergarten
,Public,LAKIN PREP ACADEMY,12050 W BROADWAY AVE,Maricopa,94.6,Kindergarten
,Public,LARKSPUR ELEMENTARY SCHOOL,2430 E LARKSPUR DR,Maricopa,88.9,Kindergarten
,Public,LARRY C KENNEDY SCHOOL,2702 E OSBORN RD,Maricopa,86.5,Kindergarten
,Public,LAS BRISAS ACADEMY,18211 W LAS BRISAS DR,Maricopa,90.2,Kindergarten
,Public,LAS BRISAS ELEMENTARY SCHOOL,5805 W ALAMEDA,Maricopa,93.2,Kindergarten
,Public,LAS SENDAS ELEMENTARY SCHOOL,3120 N RED MOUNTAIN RD,Maricopa,87.1,Kindergarten
,Public,LAURA N. BANKS ELEMENTARY,3200 S LEAD FLOWER AVE,Pima,95.7,Kindergarten
,Public,LAVEEN ELEMENTARY SCHOOL,4141 W MCNEIL STREET,Maricopa,81.9,Kindergarten
,Charter,LEADING EDGE ACADEMY - EAST MESA CAMPUS,10115 E UNIVERSITY DR,Maricopa,86.4,Kindergarten
,Charter,LEADING EDGE ACADEMY - GILBERT ELEMENTARY CAMPUS,717 W RAY RD,Maricopa,65.7,Kindergarten
,Charter,LEADING EDGE ACADEMY - MARICOPA CAMPUS,18700 N PORTER RD,Pinal,93.8,Kindergarten
,Charter,LEADING EDGE ACADEMY - MOUNTAIN VIEW CAMPUS,4815 W HUNT HWY,Pinal,85.7,Kindergarten
,Charter,LEARNING FOUNDATION AND PERFORMING ARTS WARNER,3939 E WARNER RD,Maricopa,81.0,Kindergarten
,Charter,LEGACY ONLINE ACADEMY,3125 SOUTH GILBERT ROAD,Maricopa,70.6,Kindergarten
,Charter,LEGACY TRADITIONAL CHARTER SCHOOL - GILBERT,2747 S RECKER RD,Maricopa,80.0,Kindergarten
,Charter,LEGACY TRADITIONAL CHARTER SCHOOL - LAVEEN VILLAGE,7900 S 43RD AVE,Maricopa,83.3,Kindergarten
,Charter,LEGACY TRADITIONAL SCHOOL - AVONDALE,12320 W VAN BUREN ST,Maricopa,91.5,Kindergarten
,Charter,LEGACY TRADITIONAL SCHOOL - CASA GRANDE,1274 E O'NEIL DR,Pinal,93.1,Kindergarten
,Charter,LEGACY TRADITIONAL SCHOOL - CHANDLER,3201 S GILBERT RD,Maricopa,83.5,Kindergarten
,Charter,LEGACY TRADITIONAL SCHOOL - DEER VALLEY,2747 WEST UNION HILLS DRIVE,Maricopa,90.1,Kindergarten
,Charter,LEGACY TRADITIONAL SCHOOL - EAST TUCSON,9290 EAST GOLF LINKS ROAD,Pima,94.2,Kindergarten
,Charter,LEGACY TRADITIONAL SCHOOL - GLENDALE,13091 N 67TH AVE,Maricopa,87.5,Kindergarten
,Charter,LEGACY TRADITIONAL SCHOOL - MARICOPA,17760 REGENT DR,Pinal,71.8,Kindergarten
,Charter,LEGACY TRADITIONAL SCHOOL - MESA,3651 EAST MCKELLIPS ROAD,Maricopa,88.0,Kindergarten
,Charter,LEGACY TRADITIONAL SCHOOL - NORTH CHANDLER,1900 N MCQUEEN RD,Maricopa,90.2,Kindergarten
,Charter,LEGACY TRADITIONAL SCHOOL - NORTHWEST TUCSON,3500 W CORTARO FARMS RD,Pima,88.6,Kindergarten
,Charter,LEGACY TRADITIONAL SCHOOL - PEORIA,7877 W. HILLCREST BLVD,Maricopa,82.0,Kindergarten
,Charter,LEGACY TRADITIONAL SCHOOL - PHOENIX,4545 N 99TH AVE,Maricopa,94.4,Kindergarten
,Charter,LEGACY TRADITIONAL SCHOOL - SAN TAN,1679 WEST EMPIRE BOULEVARD,Pinal,82.5,Kindergarten
,Charter,LEGACY TRADITIONAL SCHOOL - WEST SURPRISE,17300 W CACTUS ROAD,Maricopa,85.6,Kindergarten
,Charter,LEGACY TRADITIONAL SCHOOL SURPRISE,14506 W SWEETWATER AVE,Maricopa,88.7,Kindergarten
,Charter,LEGACY TRADITIONAL SCHOOL- EAST MESA,10707 E GUADALUPE RD,Maricopa,75.8,Kindergarten
,Charter,LEGACY TRADITIONAL SCHOOL- GOODYEAR,16060 W LOWER BUCKEYE PWY,Maricopa,86.0,Kindergarten
,Charter,LEGACY TRADITIONAL SCHOOL-QUEEN CREEK,41800 N. BARNES PKWY,Pinal,82.1,Kindergarten
,Public,LEGEND SPRINGS ELEMENTARY,21150 N ARROWHEAD LOOP,Maricopa,90.6,Kindergarten
,Public,LEHI ELEMENTARY SCHOOL,2555 N STAPLEY DR,Maricopa,97.1,Kindergarten
,Charter,LEMAN ACADEMY OF EXCELLENCE - EAST CAMPUS,10100 E GOLF LINKS RD,Pima,89.7,Kindergarten
,Charter,LEMAN ACADEMY OF EXCELLENCE - MARANA,"7720 N SILVERBELL RD, BLDG 1 & 2",Pima,89.7,Kindergarten
,Charter,LEMAN ACADEMY OF EXCELLENCE - ORO VALLEY,12255 N LA CAÑADA DRIVE,Pima,84.5,Kindergarten
,Charter,LEMAN ACADEMY OF EXCELLENCE - SIERRA VISTA,1000 E. WILCOX DR,Cochise,100.0,Kindergarten
,Charter,LEMAN ACADEMY OF EXCELLENCE CENTRAL TUCSON,6188 E PIMA STREET,Pima,97.4,Kindergarten
,Charter,LIBERTY ARTS ACADEMY,3015 S POWER RD,Maricopa,75.0,Kindergarten
,Public,LIBERTY ELEMENTARY SCHOOL - TUCSON,5495 S LIBERTY AVE,Pima,95.7,Kindergarten
,Public,LIBERTY ELEMENTARY SCHOOL-85254,5125 E MARILYN RD,Maricopa,86.0,Kindergarten
,Public,LIBERTY ELEMENTARY SCHOOL-85326,19818 W HWY 85,Maricopa,77.8,Kindergarten
,Charter,LIBERTY TRADITIONAL CHARTER SCHOOL - SADDLEBACK,3715 N WASHINGTON AVE,Cochise,92.9,Kindergarten
,Public,LIBERTY TRADITIONAL SCHOOL PRESCOTT VALLEY,3300 N LAKE VALLEY RD,Yavapai,82.4,Kindergarten
,Public,LINCOLN ELEMENTARY SCHOOL,652 N TYLER AVE,Santa Cruz,100.0,Kindergarten
,Public,LINCOLN ELEMENTARY SCHOOL,201 PARK AVE,Yavapai,77.0,Kindergarten
,Public,LINCOLN ELEMENTARY SCHOOL,930 S SIRRINE,Maricopa,93.1,Kindergarten
,Public,LINDBERGH ELEMENTARY SCHOOL,930 S LAZONA DR,Maricopa,91.4,Kindergarten
,Public,LINEWEAVER ELEMENTARY SCHOOL,461 S BRYANT AVE,Pima,86.8,Kindergarten
,Public,LITCHFIELD ELEMENTARY SCHOOL,13825 W WIGWAM BLVD,Maricopa,90.4,Kindergarten
,Private,LITTLE SINGER COMMUNITY SCHOOL,PO BOX AQ,Navajo,100.0,Kindergarten
,Public,LITTLETON ELEMENTARY SCHOOL,1252 S 115TH AVE,Maricopa,97.3,Kindergarten
,Public,LOMA LINDA ELEMENTARY SCHOOL,2002 E CLARENDON AVE,Maricopa,87.8,Kindergarten
,Public,LONGFELLOW ELEMENTARY SCHOOL,345 S HALL ST,Maricopa,96.5,Kindergarten
,Public,LONGVIEW ELEMENTARY SCHOOL,1209 E INDIAN SCHOOL RD,Maricopa,96.3,Kindergarten
,Public,LOOKOUT MOUNTAIN SCHOOL,15 W CORAL GABLES DR,Maricopa,85.2,Kindergarten
,Public,LORETTA ZUMBRO,2600 S 183RD AVE,Maricopa,95.5,Kindergarten
,Public,LOS AMIGOS ELEMENTARY SCHOOL,2200 E DREXEL RD,Pima,97.4,Kindergarten
,Public,LOS NINOS ELEMENTARY SCHOOL,5445 S ALVERNON WAY,Pima,98.4,Kindergarten
,Private,LOURDES CATHOLIC ELEMENTARY SCHOOL,555 E PATAGONIA HWY,Santa Cruz,82.1,Kindergarten
,Public,LOWELL ELEMENTARY SCHOOL,920 E BROADWAY RD,Maricopa,98.3,Kindergarten
,Public,LOWELL SCHOOL,1121 S 3RD AVE,Maricopa,89.3,Kindergarten
,Public,LUKE ELEMENTARY SCHOOL,7300 N DYSART RD,Maricopa,87.0,Kindergarten
,Public,LULU WALKER SCHOOL,1750 W ROLLER COASTER RD,Pima,96.3,Kindergarten
,Public,LYNN URQUIDES ELEMENTARY SCHOOL,1573 W AJO WAY,Pima,96.1,Kindergarten
,Public,MABEL PADGETT ELEMENTARY SCHOOL,15430 W TURNEY AVE,Maricopa,91.5,Kindergarten
,Public,MACARTHUR ELEMENTARY SCHOOL,1435 E MCLELLAN RD,Maricopa,84.4,Kindergarten
,Public,MADISON CAMELVIEW ELEMENTARY,2002 E CAMPBELL AVE,Maricopa,92.0,Kindergarten
,Public,MADISON ELEMENTARY SCHOOL,849 S SUNNYVALE,Maricopa,91.7,Kindergarten
,Public,MADISON HEIGHTS ELEMENTARY SCHOOL,7150 N 22ND ST,Maricopa,92.3,Kindergarten
,Public,MADISON RICHARD SIMIS SCHOOL,7302 N 10TH ST,Maricopa,95.0,Kindergarten
,Public,MADISON ROSE LANE SCHOOL,1155 E ROSE LN,Maricopa,92.9,Kindergarten
,Public,MADISON TRADITIONAL ACADEMY,925 E MARYLAND AVE,Maricopa,88.2,Kindergarten
,Public,MADRID NEIGHBORHOOD SCHOOL,3736 W OSBORN RD,Maricopa,98.3,Kindergarten
,Public,MAGMA RANCH K-8 SCHOOL,10980 E DESERT MOUNTAIN BLVD,Pinal,84.2,Kindergarten
,Public,MAGNET TRADITIONAL SCHOOL,2602 N 23RD AVE,Maricopa,92.3,Kindergarten
,Public,MALDONADO AMELIA ELEMENTARY SCHOOL,3535 W MESSALA WAY,Pima,100.0,Kindergarten
,Public,MAMMOTH SAN MANUEL PK-12 ELEMENTARY(K-5),711 N MCNAB PARKWAY,Pinal,94.3,Kindergarten
,Public,MANUEL DEMIGUEL ELEMENTARY SCHOOL,3500 S GILLENWATER DR,Coconino,95.4,Kindergarten
,Public,MANUEL PENA JR. ELEMENTARY SCHOOL,2550 N 79TH AVE,Maricopa,95.7,Kindergarten
,Public,MANY FARMS PUBLIC SCHOOL - 86503,HWY 191,Apache,100.0,Kindergarten
,Public,MANZANITA ELEMENTARY SCHOOL - KINGMAN,2601 DETROIT AVENUE,Mohave,77.9,Kindergarten
,Public,MANZANITA ELEMENTARY SCHOOL - PHOENIX,8430 N 39TH AVE,Maricopa,98.1,Kindergarten
,Public,MANZANITA SCHOOL,3000 E MANZANITA AVE,Pima,98.6,Kindergarten
,Public,MANZO ELEMENTARY SCHOOL,855 N MELROSE AVE,Pima,98.1,Kindergarten
,Public,MARICOPA ELEMENTARY SCHOOL,18150 N. ALTERRA PKWY,Pinal,89.1,Kindergarten
,Public,MARILYN THIELE WILSON SCHOOL - MESA,5619 E GLADE AVE,Maricopa,85.4,Kindergarten
,Public,MARION DONALDSON ELEMENTARY SCHOOL,2040 W OMAR DR,Pima,100.0,Kindergarten
,Public,MARIONNEAUX ELEMENTARY SCHOOL,21455 W ROESER RD,Maricopa,88.9,Kindergarten
,Public,MARJORIE W ESTES ELEMENTARY SCHOOL,11280 W GRIER RD,Pima,90.5,Kindergarten
,Public,MARLEY PARK ELEMENTARY,15042 W SWEETWATER AVE,Maricopa,88.2,Kindergarten
,Public,MARSHALL ELEMENTARY SCHOOL,9066 E 29TH ST,Pima,90.0,Kindergarten
,Public,MARSHALL HUMPHREY II ELEMENTARY SCHOOL,125 S 132ND ST,Maricopa,72.2,Kindergarten
,Public,MARSHALL RANCH ELEMENTARY SCHOOL,12995 N MARSHALL RANCH DR,Maricopa,88.9,Kindergarten
,Public,MARY A OTONDO ELEMENTARY SCHOOL,2251 OTONDO DR,Yuma,93.0,Kindergarten
,Public,MARY BELLE MCCORKLE,4455 S MISSION RD,Pima,95.1,Kindergarten
,Public,MARY L WELTY ELEMENTARY SCHOOL,1050 W CIMARRON ST,Santa Cruz,95.7,Kindergarten
,Public,MARY MCLEOD BETHUNE SCHOOL,1310 S 15TH AVE,Maricopa,88.4,Kindergarten
,Public,MARYLAND ELEMENTARY SCHOOL,6503 N 21ST AVE,Maricopa,82.0,Kindergarten
,Charter,MARYVALE PREPARATORY ACADEMY,4825 W CAMELBACK RD,Maricopa,96.6,Kindergarten
,Charter,MASADA CHARTER SCHOOL,365 W CANNON AVE,Mohave,33.3,Kindergarten
,Charter,MATH AND SCIENCE SUCCESS ACADEMY,434 W LERDO RD,Pima,97.4,Kindergarten
,Public,MAURICE C CASH SCHOOL,3851 W ROESER RD,Maricopa,81.6,Kindergarten
,Public,MAYER ELEMENTARY SCHOOL,12568 E MAIN ST,Yavapai,69.6,Kindergarten
,Public,MCCARTNEY RANCH ELEMENTARY SCHOOL,2631 N BROWN AVE,Pinal,90.7,Kindergarten
,Public,MCDOWELL MOUNTAIN ELEMENTARY SCHOOL,14825 N FAYETTE DR,Maricopa,100.0,Kindergarten
,Public,MENDOZA ELEMENTARY SCHOOL,5831 E MCLELLAN RD,Maricopa,90.2,Kindergarten
,Public,MERCURY MINE ELEMENTARY SCHOOL,9640 N 28TH ST,Maricopa,96.2,Kindergarten
,Public,MERIDIAN ELEMENTARY,3900 S MOUNTAIN RD,Maricopa,86.8,Kindergarten
,Charter,MESA ARTS ACADEMY,221 W SIXTH AVE,Maricopa,75.0,Kindergarten
,Public,MESA VERDE ELEMENTARY SCHOOL,1661 W SAGE ST,Pima,97.1,Kindergarten
,Public,MESA VIEW ELEMENTARY,HWY 191 & NAVAJO ROUTE 7,Apache,100.0,Kindergarten
,Public,MESQUITE ELEMENTARY SCHOOL - CASA GRANDE,129 N ARIZOLA RD,Pinal,85.2,Kindergarten
,Public,MESQUITE ELEMENTARY SCHOOL - GILBERT,1101 E MESQUITE ST,Maricopa,98.3,Kindergarten
,Public,MESQUITE ELEMENTARY SCHOOL - TUCSON,9455 E RITA RD,Pima,95.5,Kindergarten
,Public,METCALF ELEMENTARY SCHOOL,905 FAIRBANKS RD,Greenlee,80.0,Kindergarten
,Charter,MEXICAYOTL CHARTER SCHOOL,2059 N GRAND AVE,Santa Cruz,95.2,Kindergarten
,Public,MEYER MONTESSORI,2615 S DORSEY LN,Maricopa,86.7,Kindergarten
,Public,MICHAEL ANDERSON SCHOOL,45 S 3RD AVE,Maricopa,96.8,Kindergarten
,Public,MICHAEL T. HUGHES ELEMENTARY SCHOOL,630 N HUNT DR,Maricopa,85.5,Kindergarten
,Public,MILES-EXPLORATORY LEARNING CENTER,1400 E BROADWAY BLVD,Pima,100.0,Kindergarten
,Charter,MILESTONES CHARTER SCHOOL,4707 E DESERT CACTUS STREET,Maricopa,91.5,Kindergarten
,Public,MILLER ELEMENTARY SCHOOL,6951 S CAMINO DE LA TIERRA,Pima,98.3,Kindergarten
,Public,MIRAGE ELEMENTARY SCHOOL,3910 W GROVERS AVE,Maricopa,88.5,Kindergarten
,Public,MISSION MANOR ELEMENTARY SCHOOL,600 W SANTA ROSA ST,Pima,92.3,Kindergarten
,Charter,MISSION MONTESSORI ACADEMY,12990 E SHEA BLVD,Maricopa,50.0,Kindergarten
,Public,MISSION VIEW ELEMENTARY SCHOOL,2600 S 8TH AVE,Pima,93.5,Kindergarten
,Public,MITCHELL ELEMENTARY SCHOOL,1700 N 41ST AVE,Maricopa,92.2,Kindergarten
,Charter,MOHAVE ACCELERATED ELEMENTARY SCHOOL,625 MARINA BLVD,Mohave,94.1,Kindergarten
,Public,MONTE VISTA ELEMENTARY SCHOOL,3501 E OSBORN RD,Maricopa,97.8,Kindergarten
,Charter,MONTECITO COMMUNITY SCHOOL,715 E MONTECITO AVE,Maricopa,87.1,Kindergarten
,Charter,MONTESSORI DAY PUBLIC SCHOOLS - MOUNTAINSIDE,9215 N 14TH ST,Maricopa,84.0,Kindergarten
,Charter,MONTESSORI EDUCATION CENTRE CHARTER SCHOOL-85203,815 N GILBERT RD,Maricopa,60.0,Kindergarten
,Charter,MONTESSORI EDUCATION CENTRE CHARTER SCHOOL-85204,2834 E SOUTHERN AVE,Maricopa,72.7,Kindergarten
,Public,MOON MOUNTAIN SCHOOL,13425 N 19TH AVE,Maricopa,88.9,Kindergarten
,Public,MORGAN MAXWELL SCHOOL,2802 W ANKLAM RD,Pima,95.2,Kindergarten
,Public,MOUNT TIPTON SCHOOL,16500 N PIERCE FERRY RD,Mohave,47.6,Kindergarten
,Private,MOUNTAIN CHRISTIAN SCHOOL,3171 SHOW LOW LAKE RD,Navajo,37.0,Kindergarten
,Charter,MOUNTAIN SCHOOL,311 W CATTLE DRIVE TRAIL,Coconino,91.7,Kindergarten
,Public,MOUNTAIN SHADOWS ELEMENTARY SCHOOL,19602 N 45TH AVE,Maricopa,88.5,Kindergarten
,Public,MOUNTAIN TRAIL ACADEMY,5626 S MOUNTAIN RD,Maricopa,84.1,Kindergarten
,Public,MOUNTAIN VIEW ELEMENTARY - RIO RICO,1374 W FRONTAGE RD,Santa Cruz,98.5,Kindergarten
,Public,MOUNTAIN VIEW ELEMENTARY SCHOOL - PHOENIX,801 W PEORIA AVE,Maricopa,98.4,Kindergarten
,Public,MOUNTAIN VIEW ELEMENTARY SCHOOL - PRESCOTT VALLEY,8601 E LOOS DR,Yavapai,84.4,Kindergarten
,Public,MOUNTAIN VIEW PREPARATORY,2939 E DEL RIO DRIVE,Yavapai,83.7,Kindergarten
,Public,MOUNTAIN VIEW SCHOOL,18302 W BURTON AVE,Maricopa,90.4,Kindergarten
,Private,MOUNTAIN VISTA SCHOOL,2618 EL PASEO,Pinal,84.4,Kindergarten
,Public,MYERS-GANOUNG ELEMENTARY SCHOOL,5000 E ANDREW ST,Pima,98.1,Kindergarten
,Public,NADABURG ELEMENTARY SCHOOL,21419 W DOVE VALLEY RD,Maricopa,83.3,Kindergarten
,Public,NAUTILUS ELEMENTARY SCHOOL,1425 PATRICIAN DR,Mohave,81.7,Kindergarten
,Public,NAVAJO ELEMENTARY SCHOOL,7501 E OAK ST,Maricopa,89.5,Kindergarten
,Public,NAVARRETE ELEMENTARY,6490 SOUTH SUN GROVES BOULEVARD,Maricopa,88.6,Kindergarten
,Public,NAYLOR MIDDLE SCHOOL,1701 S COLUMBUS BLVD,Pima,89.6,Kindergarten
,Public,NEELY TRADITIONAL ACADEMY,500 E HOUSTON AVENUE,Maricopa,90.8,Kindergarten
,Public,NEVITT ELEMENTARY SCHOOL,4525 E ST ANNE ST,Maricopa,96.7,Kindergarten
,Private,NEW VISTAS ACADEMY,"670 N ARIZONA AVE, STE 35",Maricopa,92.7,Kindergarten
,Private,NOAH WEBSTER SCHOOLS - MESA,7301 E BASELINE RD,Maricopa,86.8,Kindergarten
,Charter,NOAH WEBSTER SCHOOLS-PIMA,5399 N PIMA RD,Maricopa,85.0,Kindergarten
,Public,NORTERRA CANYON K-8,2200 W MAYA WAY,Maricopa,85.7,Kindergarten
,Public,NORTH RANCH ELEMENTARY SCHOOL,16406 N 61ST PL,Maricopa,79.5,Kindergarten
,Private,NORTH VALLEY CHRISTIAN ACADEMY,33655 N 27TH DR,Maricopa,61.2,Kindergarten
,Private,NORTHWEST CHRISTIAN SCHOOL - MAIN CAMPUS,16615 N 43RD AVE,Maricopa,64.6,Kindergarten
,Public,O C JOHNSON SCHOOL,1201 12TH ST,Yuma,96.4,Kindergarten
,Public,OAK TREE ELEMENTARY,505 W HOUSTON,Maricopa,95.1,Kindergarten
,Public,OAKWOOD ELEMENTARY SCHOOL,12900 N 71ST AVE,Maricopa,86.7,Kindergarten
,Public,OASIS ELEMENTARY SCHOOL,7841 W SWEETWATER AVE,Maricopa,84.3,Kindergarten
,Public,OCHOA ELEMENTARY SCHOOL,101 W 25TH ST,Pima,90.9,Kindergarten
,Public,OCOTILLO RIDGE ELEMENTARY,10170 S WHITE LIGHTNING LN,Pima,95.6,Kindergarten
,Public,OCOTILLO SCHOOL,3225 W OCOTILLO RD,Maricopa,97.1,Kindergarten
,Charter,ODYSSEY PREPERATORY ACADEMY - BUCKEYE APACHE,6500 S APACHE RD,Maricopa,92.1,Kindergarten
,Charter,ODYSSEY PREPERATORY ACADEMY - GOODYEAR,17532 W HARRISON ST,Maricopa,86.9,Kindergarten
,Public,ORANGE GROVE ELEMENTARY SCHOOL,3525 W COUNTY 16 1/2 ST,Yuma,100.0,Kindergarten
,Public,ORANGEWOOD ELEMENTARY SCHOOL,7337 N 19TH AVE,Maricopa,97.3,Kindergarten
,Public,ORO GRANDE ELEMENTARY SCHOOL,1250 PAWNEE DR,Mohave,59.3,Kindergarten
,Private,OUR LADY OF MOUNT CARMEL SCHOOL,2117 S RURAL RD,Maricopa,88.9,Kindergarten
,Private,OUR LADY OF PERPETUAL HELP SCHOOL-85251,3801 N MILLER RD,Maricopa,58.3,Kindergarten
,Private,OUR LADY OF PERPETUAL HELP SCHOOL-85301,5614 W ORANGEWOOD AVE,Maricopa,90.9,Kindergarten
,Private,OUR MOTHER OF SORROWS SCHOOL,1800 S KOLB RD,Pima,100.0,Kindergarten
,Public,PAGE MIDDLE SCHOOL,101 EL MIRAGE,Coconino,93.5,Kindergarten
,Public,PAINTED SKY ELEMENTARY SCHOOL,12620 N WOODBURNE AVE,Pima,93.9,Kindergarten
,Private,PALM CHRISTIAN SCHOOL,17475 W BELL RD,Maricopa,55.0,Kindergarten
,Public,PALM LANE ELEMENTARY SCHOOL,2043 N 64TH DR,Maricopa,93.2,Kindergarten
,Public,PALM VALLEY ELEMENTARY,2801 N 135TH AVE,Maricopa,90.0,Kindergarten
,Public,PALMCROFT ELEMENTARY SCHOOL,901 PALMCROFT DR,Yuma,78.2,Kindergarten
,Public,PALO VERDE ELEMENTARY SCHOOL,10700 S PALO VERDE RD,Maricopa,94.1,Kindergarten
,Public,PALO VERDE SCHOOL,40 N ROOSEVELT AVE,Pinal,91.0,Kindergarten
,Public,PALOMINAS ELEMENTARY SCHOOL,10385 E HWY 92,Cochise,73.9,Kindergarten
,Public,PALOMINO PRIMARY SCHOOL,15833 N 29TH ST,Maricopa,100.0,Kindergarten
,Charter,PAN-AMERICAN ELEMENTARY CHARTER SCHOOL,8305 W THOMAS ROAD,Maricopa,98.7,Kindergarten
,Public,PAPAGO SCHOOL,2013 N 36TH ST,Maricopa,89.3,Kindergarten
,Charter,PARADISE HONORS ELEMENTARY SCHOOL,15533 W PARADISE LN,Maricopa,79.2,Kindergarten
,Private,PARADISE VALLEY CHRISTIAN PREPARATORY,11875 N 24TH ST,Maricopa,62.1,Kindergarten
,Charter,PARAGON SCIENCE ACADEMY,2975 W LINDA LN,Maricopa,87.5,Kindergarten
,Private,PARDES JEWISH DAY SCHOOL,12753 N SCOTTSDALE RD,Maricopa,100.0,Kindergarten
,Public,PARK ELEMENTARY SCHOOL,453 N 7TH ST,Navajo,92.5,Kindergarten
,Public,PARK MEADOWS ELEMENTARY SCHOOL,20012 N 35TH AVE,Maricopa,87.0,Kindergarten
,Public,PARKRIDGE ELEMENTARY,9970 W BEARDSLEY RD,Maricopa,92.8,Kindergarten
,Public,PASEO HILLS ELEMENTARY,3302 W LOUISE DR,Maricopa,88.3,Kindergarten
,Public,PASEO POINTE SCHOOL,8800 S 55TH AVE,Maricopa,95.7,Kindergarten
,Public,PASEO VERDE ELEMENTARY SCHOOL,7880 W GREENWAY RD,Maricopa,79.7,Kindergarten
,Charter,PATHFINDER ACADEMY,2906 N BOULDER CANYON,Maricopa,69.4,Kindergarten
,Public,PATTERSON ELEMENTARY SCHOOL,1211 E GUADALUPE RD,Maricopa,86.4,Kindergarten
,Public,PAYSON ELEMENTARY SCHOOL,500 E RANCHO RD,Gila,73.7,Kindergarten
,Public,PECAN GROVE ELEMENTARY SCHOOL,600 S 21ST AVE,Yuma,100.0,Kindergarten
,Public,PEDRO GUERRERO ELEMENTARY,463 S ALMA SCHOOL RD,Maricopa,91.7,Kindergarten
,Public,PENDERGAST ELEMENTARY SCHOOL,3802 N 91ST AVE,Maricopa,95.7,Kindergarten
,Public,PEORIA ELEMENTARY SCHOOL,11501 N 79TH AVE,Maricopa,92.3,Kindergarten
,Public,PEORIA TRADITIONAL SCHOOL,21180 N 87TH AVE,Maricopa,13.5,Kindergarten
,Public,PERALTA ELEMENTARY SCHOOL,7125 W ENCANTO BLVD,Maricopa,94.9,Kindergarten
,Public,PERALTA TRAIL ELEMENTARY SCHOOL,10965 E PERALTA RD,Pinal,86.5,Kindergarten
,Public,PERCY L JULIAN SCHOOL,2149 E CARVER DR,Maricopa,86.8,Kindergarten
,Private,PHOENIX CHRISTIAN JR/SR HIGH SCHOOL,1751 W INDIAN SCHOOL RD,Maricopa,65.0,Kindergarten
,Private,PHOENIX COUNTRY DAY SCHOOL,3901 E STANFORD DR,Maricopa,94.4,Kindergarten
,Private,PHOENIX HEBREW ACADEMY,515 E BETHANY HOME RD,Maricopa,65.2,Kindergarten
,Public,PICTURE ROCKS ELEMENTARY SCHOOL,5875 N SANDERS RD,Pima,95.2,Kindergarten
,Public,PIMA BUTTE ELEMENTARY SCHOOL,42022 W RANCHO EL DORADO PKW,Pinal,86.3,Kindergarten
,Public,PIMA ELEMENTARY SCHOOL - GRAHAM,101 S MAIN ST,Graham,94.2,Kindergarten
,Public,PIMA ELEMENTARY SCHOOL - SCOTTSDALE,8330 E OSBORN RD,Maricopa,92.1,Kindergarten
,Public,PINNACLE PEAK ELEMENTARY,7690 E WILLIAMS DR,Maricopa,78.4,Kindergarten
,Public,PIONEER ELEMENTARY SCHOOL-85234,1535 N GREENFIELD RD,Maricopa,85.7,Kindergarten
,Public,PIONEER ELEMENTARY SCHOOL-85306,6315 W PORT AU PRINCE LN,Maricopa,81.8,Kindergarten
,Charter,PIONEER PREPARATORY - A CHALLENGE FOUNDATION,6510 W CLARENDON AVE,Maricopa,100.0,Kindergarten
,Public,PLAYA DEL REY ELEMENTARY SCHOOL,550 N HORNE,Maricopa,91.1,Kindergarten
,Public,POMEROY ELEMENTARY SCHOOL,1507 W SHAWNEE DR,Maricopa,86.7,Kindergarten
,Public,PORFIRIO H. GONZALES ELEMENTARY SCHOOL,9401 W GARFIELD ST,Maricopa,84.4,Kindergarten
,Public,PORTER ELEMENTARY SCHOOL,1350 S LINDSAY,Maricopa,80.0,Kindergarten
,Public,POWER RANCH ELEMENTARY,4351 S RANCH HOUSE PARKWAY,Maricopa,87.2,Kindergarten
,Charter,PRESCOTT VALLEY SCHOOL,9500 E. LORNA LN,Yavapai,62.5,Kindergarten
,Charter,PRESIDIO SCHOOL,1695 E FORT LOWELL RD,Pima,83.3,Kindergarten
,Charter,PRIMAVERA - ONLINE,2471 N ARIZONA AVE,Maricopa,62.0,Kindergarten
,Public,PRINCE ELEMENTARY SCHOOL,125 E PRINCE RD,Pima,94.4,Kindergarten
,Public,PUEBLO DEL SOL ELEMENTARY SCHOOL,5130 PASEO LAS PALMAS,Cochise,96.8,Kindergarten
,Public,PUEBLO DEL SOL MIDDLE SCHOOL,3449 N 39TH AVE,Maricopa,90.0,Kindergarten
,Charter,PUEBLO ELEMENTARY SCHOOL - SCOTTSDALE,6320 N 82ND ST,Maricopa,91.1,Kindergarten
,Public,PUEBLO GARDENS ELEMENTARY SCHOOL,2210 E 33RD,Pima,95.5,Kindergarten
,Private,PUSCH RIDGE CHRISTIAN ACADEMY GRAMMAR,6450 NORTH CAMINO MIRAVAL,Pima,75.0,Kindergarten
,Private,PUSCH RIDGE CHRISTIAN ACADEMY SOUTH,5951 SOUTH 12TH AVENUE,Pima,39.4,Kindergarten
,Public,QUAIL RUN ELEMENTARY SCHOOL - PHOENIX,3303 E UTOPIA RD,Maricopa,89.6,Kindergarten
,Public,QUAIL RUN ELEMENTARY SCHOOL - TUCSON,4600 W CORTARO FARMS RD,Pima,96.6,Kindergarten
,Public,QUARTZ HILL ELEMENTARY,3680 S QUARTZ ST,Maricopa,89.3,Kindergarten
,Public,QUEEN CREEK ELEMENTARY SCHOOL,23636 S 204TH ST,Maricopa,83.3,Kindergarten
,Private,QUEEN OF PEACE CATHOLIC SCHOOL,109 N MACDONALD ST,Maricopa,100.0,Kindergarten
,Public,QUENTIN ELEMENTARY,11050 W WHYMAN AVE,Maricopa,100.0,Kindergarten
,Public,RAINBOW VALLEY ELEMENTARY SCHOOL,19716 W NARRAMORE RD,Maricopa,79.7,Kindergarten
,Public,RALPH WALDO EMERSON ELEMENTARY SCHOOL,915 E PALM LN,Maricopa,90.6,Kindergarten
,Public,RANCH ELEMENTARY SCHOOL,43521 N KENWORTHY RD,Pinal,94.4,Kindergarten
,Public,RANCHO GABRIELA ELEMENTARY,15272 W GABRIELA DR,Maricopa,90.4,Kindergarten
,Public,RANCHO SANTA FE ELEMENTARY SCHOOL,2150 RANCHO SANTA FE BLVD,Maricopa,87.9,Kindergarten
,Public,RATTLESNAKE RIDGE ELEMENTARY,8500 N CONTINENTAL LOOP DR,Pima,90.7,Kindergarten
,Public,RAUL GRIJALVA ELEMENTARY SCHOOL,1795 W DREXEL RD,Pima,96.1,Kindergarten
,Public,RAY ELEMENTARY SCHOOL,675 SENATOR CHASTAIN DR,Pinal,84.0,Kindergarten
,Public,RED MOUNTAIN RANCH ELEMENTARY,6650 E RAFTRIVER RD,Maricopa,90.2,Kindergarten
,Public,RED ROCK ELEMENTARY SCHOOL,20854 E HOMESTEAD DR,Pinal,84.8,Kindergarten
,Public,REDBIRD ELEMENTARY SCHOOL,1020 S EXTENSION,Maricopa,88.9,Kindergarten
,Public,REDFIELD ELEMENTARY SCHOOL,9181 E REDFIELD RD,Maricopa,85.7,Kindergarten
,Charter,REID TRADITIONAL SCHOOL PAINTED ROCK ACADEMY,14800 N 25TH DRIVE,Maricopa,80.7,Kindergarten
,Charter,REID TRADITIONAL SCHOOLS - VALLEY ACADEMY,1520 W ROSE GARDEN LN,Maricopa,91.0,Kindergarten
,Public,RICE SCHOOL,SAN CARLOS AVE,Gila,97.6,Kindergarten
,Public,RICHARD B WILSON JR SCHOOL - TUCSON,2330 W GLOVER RD,Pima,96.4,Kindergarten
,Public,RICHARD E MILLER SCHOOL,2021 W ALICE AVE,Maricopa,91.4,Kindergarten
,Charter,RIDGELINE ACADEMY,33625 N NORTH VALLEY PKWY,Maricopa,86.5,Kindergarten
,Public,RIGGS ELEMENTARY,6930 SOUTH SEVILLE BOULEVARD WEST,Maricopa,85.0,Kindergarten
,Public,RIO COLORADO ELEMENTARY SCHOOL,1055 N MAIN ST,Yuma,100.0,Kindergarten
,Public,RIO VISTA ELEMENTARY,10237 W ENCANTO BLVD,Maricopa,90.8,Kindergarten
,Public,RIO VISTA ELEMENTARY SCHOOL,1351 E LIMBERLOST RD,Pima,96.1,Kindergarten
,Public,RIVERA ELEMENTARY,5102 S CHERRY AVE,Pima,98.1,Kindergarten
,Public,RIVERSIDE TRADITIONAL SCHOOL,1414 S 51ST AVE,Maricopa,98.1,Kindergarten
,Public,RIVERVIEW SCHOOL,12701 N MAIN ST,Maricopa,97.4,Kindergarten
,Public,ROADRUNNER ELEMENTARY SCHOOL-85051,7702 N 39TH AVE,Maricopa,90.9,Kindergarten
,Public,ROADRUNNER ELEMENTARY SCHOOL-85653,16651 W CALLE CARMELA,Pima,88.4,Kindergarten
,Public,ROBERT AND DANELL TARWATER ELEMENTARY,2300 SOUTH GARDNER DRIVE,Maricopa,86.0,Kindergarten
,Public,ROBERT BRACKER ELEMENTARY,121 CAMINO DIEZ MANDAMIENTOS,Santa Cruz,100.0,Kindergarten
,Public,ROBERT RICE ELEMENTARY,1290 E. OCOTILLO ROAD,Maricopa,92.7,Kindergarten
,Public,ROBERT RICHARDSON ELEMENTARY SCHOOL,6901 N CAMINO DE LA TIERRA,Pima,93.2,Kindergarten
,Public,ROBINS ELEMENTARY SCHOOL,3939 N MAGNETITE LN,Pima,95.0,Kindergarten
,Public,ROBISON ELEMENTARY SCHOOL,2745 E 18TH ST,Pima,100.0,Kindergarten
,Public,ROBLES ELEMENTARY SCHOOL,9875 S SASABE RD,Pima,92.3,Kindergarten
,Public,ROBSON ELEMENTARY SCHOOL,2122 E PUEBLO AVE,Maricopa,91.7,Kindergarten
,Public,ROGERS RANCH SCHOOL,6735 S 47TH AVE,Maricopa,89.8,Kindergarten
,Public,RONALD REAGAN FUNDAMENTAL SCHOOL,3200 W 16TH ST,Yuma,95.0,Kindergarten
,Public,ROOSEVELT ELEMENTARY SCHOOL,828 S VALENCIA,Maricopa,91.5,Kindergarten
,Public,ROOSEVELT SCHOOL,550 W 5TH ST,Yuma,96.9,Kindergarten
,Public,ROSKRUGE BILINGUAL K-8 SCHOOL,501 E 6TH ST,Pima,95.6,Kindergarten
,Public,ROUND VALLEY INTERMEDIATE SCHOOL,165 S BROWN ST,Apache,67.9,Kindergarten
,Public,ROVER ELEMENTARY SCHOOL,1300 E WATSON DR,Maricopa,89.9,Kindergarten
,Public,RUDY G BOLOGNA ELEMENTARY,1625 E FRY RD,Maricopa,91.7,Kindergarten
,Public,RUTH POWELL ELEMENTARY SCHOOL,1041 S 14TH AVE,Graham,87.5,Kindergarten
,Public,SACATON ELEMENTARY,SKILL CENTER RD,Pinal,100.0,Kindergarten
,Private,SACRED HEART CATHOLIC SCHOOL,207 W OAK ST,Santa Cruz,100.0,Kindergarten
,Public,SADDLEBACK ELEMENTARY SCHOOL,18600 N PORTER RD,Pinal,93.4,Kindergarten
,Public,SAFFORD ELEMENTARY SCHOOL,200 E 13TH ST,Pima,92.6,Kindergarten
,Public,SAGUARO CREEK K-8,8150 S ROCKING K RANCH LOOP,Pima,96.3,Kindergarten
,Public,SAGUARO ELEMENTARY SCHOOL,260 W MCMURRAY BLVD,Pinal,89.5,Kindergarten
,Public,SAHUARITA PRIMARY SCHOOL,350 W SAHUARITA RD,Pima,95.9,Kindergarten
,Public,SAHUARO RANCH ELEMENTARY SCHOOL,10401 N 63RD AVE,Maricopa,91.3,Kindergarten
,Public,SAHUARO SCHOOL,12835 N 33RD AVE,Maricopa,97.0,Kindergarten
,Private,SAINT ANTHONY OF PADUA ELMENTARY SCHOOL,501 E 2ND ST,Pinal,100.0,Kindergarten
,Private,SAINT CYRIL OF ALEXANDRIA SCHOOL,4725 E PIMA ST,Pima,96.4,Kindergarten
,Public,SAINT DAVID ELEMENTARY SCHOOL,70 PATTON HWY,Cochise,76.2,Kindergarten
,Private,SAINT FRANCIS OF ASSISI SCHOOL,700 W 18TH ST,Yuma,100.0,Kindergarten
,Private,SAINT FRANCIS XAVIER SCHOOL,4715 N CENTRAL AVE,Maricopa,95.1,Kindergarten
,Private,SAINT GREGORY SCHOOL,3440 N 18TH AVE,Maricopa,93.5,Kindergarten
,Private,SAINT JOHN THE EVANGELIST SCHOOL,600 W AJO WAY,Pima,100.0,Kindergarten
,Private,SAINT JOHN VIANNEY CATHOLIC SCHOOL,539 LA PASADA BLVD,Maricopa,97.8,Kindergarten
,Private,SAINT JOHN XXIII CATHOLIC SCHOOL,16235 N 60TH ST,Maricopa,90.9,Kindergarten
,Private,SAINT MICHAEL'S PARISH DAY SCHOOL,602 N WILMOT RD,Pima,96.2,Kindergarten
,Private,SAINT THERESA CATHOLIC SCHOOL,5001 E THOMAS RD,Maricopa,97.2,Kindergarten
,Private,SAINT THOMAS AQUINAS GRADE SCHOOL,13720 W THOMAS RD,Maricopa,78.4,Kindergarten
,Private,SAINT THOMAS THE APOSTLE CATHOLIC SCHOOL,4510 N 24TH ST,Maricopa,94.3,Kindergarten
,Private,SAINT TIMOTHY CATHOLIC SCHOOL,2520 S ALMA SCHOOL RD,Maricopa,74.1,Kindergarten
,Private,SAINT VINCENT DE PAUL CATHOLIC SCHOOL,3130 N 51ST AVE,Maricopa,91.8,Kindergarten
,Private,SAINTS PETER & PAUL CATHOLIC SCHOOL,1436 N CAMPBELL AVE,Pima,94.3,Kindergarten
,Private,SAINTS SIMON AND JUDE SCHOOL,6351 N 27TH AVE,Maricopa,93.2,Kindergarten
,Public,SALK ELEMENTARY SCHOOL,7029 E BROWN RD,Maricopa,95.7,Kindergarten
,Public,SAM HUGHES ELEMENTARY SCHOOL,700 N WILSON AVE,Pima,98.5,Kindergarten
,Public,SAN CAYETANO ELEMENTARY SCHOOL,1412 W FRONTAGE RD,Santa Cruz,98.8,Kindergarten
,Private,SAN FRANCISCO DE ASIS CATHOLIC SCHOOL,1600 E RTE 66,Coconino,78.3,Kindergarten
,Public,SAN MARCOS ELEMENTARY SCHOOL,451 W FRYE RD,Maricopa,98.2,Kindergarten
,Charter,SAN TAN CHARTER SCHOOL,3959 E ELLIOT RD,Maricopa,60.2,Kindergarten
,Public,SAN TAN ELEMENTARY,3443 E CALISTOGA DR,Maricopa,88.0,Kindergarten
,Public,SAN TAN HEIGHTS ELEMENTARY,2500 W SAN TAN HEIGHTS BLVD,Pinal,82.3,Kindergarten
,Public,SANBORN ELEMENTARY SCHOOL,7300 N SUPERSTITION BLVD,Maricopa,86.3,Kindergarten
,Public,SANDPIPER ELEMENTARY SCHOOL,6724 E HEARN RD,Maricopa,80.0,Kindergarten
,Public,SANDRA DAY O'CONNOR ELEMENTARY SCHOOL,4840 E. ADOBE ST,Maricopa,97.1,Kindergarten
,Public,SANTA CLARA ELEMENTARY SCHOOL,6910 S SANTA CLARA AVE,Pima,97.4,Kindergarten
,Public,SANTA CRUZ ELEMENTARY,19845 N COSTA DEL SOL,Pinal,88.8,Kindergarten
,Public,SANTA FE ELEMENTARY SCHOOL,9880 N 77TH AVE,Maricopa,89.7,Kindergarten
,Public,SANTA ROSA ELEMENTARY SCHOOL,21400 N SANTA ROSA DR,Pinal,91.5,Kindergarten
,Public,SANTAN ELEMENTARY SCHOOL,1550 E CHANDLER HEIGHTS RD,Maricopa,93.7,Kindergarten
,Public,SARAH MARLEY SCHOOL,735 7TH ST,Cochise,100.0,Kindergarten
,Public,SCALES TECHNOLOGY ACADEMY,1115 W 5TH ST,Maricopa,80.0,Kindergarten
,Public,SCHNEPF ELEMENTARY,26161 SOUTH 231ST STREET,Maricopa,86.5,Kindergarten
,Charter,SCHOLARS ACADEMY SUNNYSLOPE,1055 EAST HEARN ROAD,Maricopa,100.0,Kindergarten
,Public,SCOTT L LIBBY ELEMENTARY SCHOOL,18701 W THOMAS RD,Maricopa,76.7,Kindergarten
,Private,SCOTTSDALE CHRISTIAN ACADEMY,14400 N TATUM BLVD,Maricopa,63.0,Kindergarten
,Charter,SELF DEVELOPMENT ACADEMY PHOENIX,1515 E INDIAN SCHOOL RD,Maricopa,100.0,Kindergarten
,Charter,SELF DEVELOPMENT CHARTER SCHOOL-85202,1709 N GREENFIELD RD,Maricopa,87.0,Kindergarten
,Public,SENITA VALLEY ELEMENTARY SCHOOL,10750 E BILBY RD,Pima,95.7,Kindergarten
,Charter,SEQUOIA CHARTER ELEMENTARY SCHOOL,1460 S HORNE,Maricopa,91.3,Kindergarten
,Charter,SEQUOIA CHOICE SCHOOL ARIZONA DISTANCE LEARNING SCHOOL,1460 S HORNE,Maricopa,60.0,Kindergarten
,Charter,SEQUOIA PATHFINDER ACADEMY AT EASTMARK,4816 S EASTMARK PKWY,Maricopa,74.4,Kindergarten
,Charter,SEQUOIA PATHFINDER ACADEMY AT VERRADO WAY AND I-10,20370 WEST ROOSEVELT STREET,Maricopa,83.7,Kindergarten
,Charter,SEQUOIA PATHWAY ACADEMY,19265 N. PORTER RD,Pinal,70.8,Kindergarten
,Public,SEQUOYA ELEMENTARY SCHOOL,11808 N 64TH ST,Maricopa,83.9,Kindergarten
,Public,SETTLERS POINT ELEMENTARY,423 E SETTLERS POINT,Maricopa,84.1,Kindergarten
,Public,SEVEN MILE SCHOOL,2005 FORT APACHE RD,Navajo,91.8,Kindergarten
,Public,SEVILLA PRIMARY SCHOOL,3801 W MISSOURI AVE,Maricopa,97.6,Kindergarten
,Public,SHAW BUTTE SCHOOL,12202 N 21ST AVE,Maricopa,92.8,Kindergarten
,Public,SHEELY FARMS ELEMENTARY SCHOOL,9450 W ENCANTO BLVD,Maricopa,94.9,Kindergarten
,Public,SHUMWAY ELEMENTARY SCHOOL,1325 N SHUMWAY AVE,Maricopa,83.7,Kindergarten
,Public,SIERRA MIDDLE SCHOOL,5801 S DEL MORAL BLVD,Pima,96.4,Kindergarten
,Public,SIERRA VERDE ELEMENTARY,7241 W ROSE GARDEN LN,Maricopa,86.1,Kindergarten
,Public,SILVER VALLEY ELEMENTARY,9737 E TOLDEO AVE,Maricopa,83.1,Kindergarten
,Public,SIRRINE ELEMENTARY SCHOOL,591 W MESQUITE ST,Maricopa,79.6,Kindergarten
,Public,SKY CROSSING ELEMENTARY SCHOOL,3300 EAST SKY CROSSING WAY,Maricopa,88.1,Kindergarten
,Public,SKY VIEW ELEMENTARY SCHOOL,8624 W SWEETWATER,Maricopa,90.3,Kindergarten
,Public,SKYLINE RANCH ELEMENTARY,1084 W SAN TAN HILLS DR,Pinal,88.2,Kindergarten
,Charter,SKYVIEW SCHOOL,125 S RUSH ST,Yavapai,66.7,Kindergarten
,Public,SMOKETREE ELEMENTARY SCHOOL,2395 SMOKETREE AVE,Mohave,64.0,Kindergarten
,Public,SOLANO SCHOOL,1526 W MISSOURI AVE,Maricopa,83.9,Kindergarten
,Public,SOLENG TOM ELEMENTARY SCHOOL,10520 E CAMINO QUINCE,Pima,100.0,Kindergarten
,Charter,SOMERSET ACADEMY SKYWAY CAMPUS,14900 WEST VAN BUREN STREET,Maricopa,67.6,Kindergarten
,Public,SONOMA RANCH ELEMENTARY SCHOOL,601 N BISCAYNE DR,Maricopa,88.2,Kindergarten
,Public,SONORAN FOOTHILLS SCHOOL,32150 N NORTH FOOTHILLS DR,Maricopa,87.5,Kindergarten
,Charter,SONORAN SCIENCE ACADEMY - TUCSON,2325 E. SUNSET RD,Pima,93.3,Kindergarten
,Charter,SONORAN SCIENCE ACADEMY EAST,7450 E STELLA RD,Pima,95.5,Kindergarten
,Public,SONORAN SKY ELEMENTARY SCHOOL-85260,12990 N 75TH ST,Maricopa,94.5,Kindergarten
,Public,SONORAN SKY ELEMENTARY SCHOOL-85307,10150 W MISSOURI AVE,Maricopa,98.0,Kindergarten
,Public,SOUSA ELEMENTARY SCHOOL,616 N MOUNTAIN RD,Maricopa,91.3,Kindergarten
,Charter,SOUTH PHOENIX PREP AND ARTS ACADEMY,7450 S 40TH ST,Maricopa,96.4,Kindergarten
,Charter,SOUTH POINTE PUBLIC CHARTER ELEMENTARY,2033 E SOUTHERN AVE,Maricopa,81.4,Kindergarten
,Public,SOUTHWEST ELEMENTARY SCHOOL,1111 W DOBBINS RD,Maricopa,95.1,Kindergarten
,Public,SPECTRUM ELEMENTARY,2846 S SPECTRUM WAY,Maricopa,93.7,Kindergarten
,Private,ST ELIZABETH ANN SETON SCHOOL,8650 N SHANNON RD,Pima,92.7,Kindergarten
,Private,ST. MARY BASHA CATHOLIC SCHOOL,200 W GALVESTON ST,Maricopa,91.4,Kindergarten
,Public,STANFIELD ELEMENTARY SCHOOL,515 S STANFIELD RD,Pinal,100.0,Kindergarten
,Public,STARLIGHT PARK SCHOOL,7960 W OSBORN RD,Maricopa,91.3,Kindergarten
,Charter,STEPPING STONES ACADEMY,35812 N 7TH ST,Maricopa,66.7,Kindergarten
,Public,STETSON HILLS ELEMENTARY,25475 N STETSON HILLS LOOP RD,Maricopa,85.7,Kindergarten
,Public,STEVEN R JASINSKI ELEMENTARY SCHOOL,4280 S 246TH AVE,Maricopa,77.1,Kindergarten
,Public,STEVENSON ELEMENTARY SCHOOL - DOUGLAS,2200 11TH ST,Cochise,98.2,Kindergarten
,Public,STEVENSON ELEMENTARY SCHOOL - MESA,638 S 96TH ST,Maricopa,93.2,Kindergarten
,Public,STURGEON CROMER ELEMENTARY SCHOOL,7150 E SILVER SADDLE RD,Coconino,83.3,Kindergarten
,Public,SUMMIT ACADEMY,1560 W SUMMIT PL,Maricopa,89.9,Kindergarten
,Public,SUMMIT VIEW ELEMENTARY,1900 E SUMMIT ST,Pima,100.0,Kindergarten
,Public,SUN CANYON ELEMENTARY SCHOOL,8150 W DURANGO ST,Maricopa,96.6,Kindergarten
,Charter,SUN VALLEY ACADEMY - AVONDALE,1515 N 117TH AVENUE,Maricopa,91.6,Kindergarten
,Charter,SUN VALLEY ACADEMY - GLENDALE,8229 W BETHANY HOME RD,Maricopa,89.7,Kindergarten
,Charter,SUN VALLEY ACADEMY - PHOENIX,2675 W BASELINE RD,Maricopa,81.7,Kindergarten
,Public,SUN VALLEY ELEMENTARY,3667 SAN LUIS LANE,Yuma,97.9,Kindergarten
,Public,SUN VALLEY ELEMENTARY SCHOOL,8361 N 95TH AVE,Maricopa,76.8,Kindergarten
,Public,SUNBURST ELEMENTARY SCHOOL,14218 N 47TH AVE,Maricopa,88.6,Kindergarten
,Public,SUNDANCE ELEMENTARY SCHOOL-85326,23800 W HADLEY ST,Maricopa,90.9,Kindergarten
,Public,SUNDANCE ELEMENTARY SCHOOL-85345,7051 W CHOLLA ST,Maricopa,87.5,Kindergarten
,Public,SUNLAND ELEMENTARY SCHOOL,5401 S 7TH AVE,Maricopa,94.7,Kindergarten
,Public,SUNNYSLOPE ELEMENTARY SCHOOL,245 EAST MOUNTAIN VIEW ROAD,Maricopa,92.5,Kindergarten
,Public,SUNRIDGE ELEMENTARY SCHOOL,6244 W ROOSEVELT ST,Maricopa,98.3,Kindergarten
,Public,SUNRISE DRIVE ELEMENTARY SCHOOL,5301 E SUNRISE DR,Pima,98.6,Kindergarten
,Public,SUNRISE ELEMENTARY - BULLHEAD CITY,2645 LANDON DR,Mohave,93.6,Kindergarten
,Public,SUNRISE ELEMENTARY SCHOOL,9943 S 28TH ST,Yuma,88.8,Kindergarten
,Public,SUNRISE ELEMENTARY SCHOOL - PHOENIX,17624 N 31ST AVE,Maricopa,89.8,Kindergarten
,Public,SUNSET ELEMENTARY SCHOOL-85033,6602 W OSBORN RD,Maricopa,97.3,Kindergarten
,Public,SUNSET HEIGHTS ELEMENTARY SCHOOL-85382,9687 W ADAM AVE,Maricopa,83.3,Kindergarten
,Public,SUNSET HILLS ELEMENTARY-85379,17825 WEST SIERRA MONTANA LOOP,Maricopa,84.0,Kindergarten
,Public,SUNSET RIDGE ELEMENTARY-85086,35707 N 33RD LN,Maricopa,80.4,Kindergarten
,Public,SUNSET RIDGE ELEMENTARY-85305,8490 W MISSOURI AVE,Maricopa,89.8,Kindergarten
,Public,SUNSET SCHOOL-85302,4626 W MOUNTAIN VIEW RD,Maricopa,91.5,Kindergarten
,Public,SUNSET VISTA ELEMENTARY,7775 W ORANGEWOOD AVE,Maricopa,80.3,Kindergarten
,Public,SUPERSTITION MOUNTAIN CLASSICAL ACADEMY,550 S IRONWOOD DR,Pinal,100.0,Kindergarten
,Public,SUPERSTITION SPRINGS ELEMENTARY,7125 E MONTEREY AVE,Maricopa,93.8,Kindergarten
,Public,SURPRISE ELEMENTARY SCHOOL,12907 W GREENWAY RD,Maricopa,87.9,Kindergarten
,Public,SWEETWATER SCHOOL-85304,4602 W SWEETWATER AVE,Maricopa,100.0,Kindergarten
,Public,SYCAMORE ELEMENTARY SCHOOL - CORONA DE TUCSON,16701 S HOUGHTON RD,Pima,94.2,Kindergarten
,Charter,SYNERGY PUBLIC SCHOOL,2701 W BETHANY HOME RD,Maricopa,79.1,Kindergarten
,Public,T DALE HANCOCK ELEMENTARY,2425 S PLEASANT DR,Maricopa,87.3,Kindergarten
,Public,T G BARR SCHOOL,2041 E VINEYARD RD,Maricopa,92.1,Kindergarten
,Public,TAFT ELEMENTARY SCHOOL,9800 E QUARTERLINE RD,Maricopa,95.7,Kindergarten
,Public,TANGERINE FARMS K-8,10300 W MIKE ETTER BLVD,Pima,88.8,Kindergarten
,Public,TANQUE VERDE ELEMENTARY SCHOOL,2600 N FENNIMORE AVE,Pima,95.1,Kindergarten
,Public,TARTESSO ELEMENTARY SCHOOL,29677 W INDIANOLA RD,Maricopa,87.2,Kindergarten
,Public,TAVAN ELEMENTARY SCHOOL,4610 E OSBORN RD,Maricopa,85.3,Kindergarten
,Public,TAYLOR ELEMENTARY SCHOOL,20 S 300 EAST,Navajo,73.3,Kindergarten
,Public,TAYLOR HICKS SCHOOL,1845 CAMPBELL AVE,Yavapai,76.1,Kindergarten
,Public,TERRAMAR ELEMENTARY,7000 W HAPPY VALLEY RD,Maricopa,84.9,Kindergarten
,Public,TERRITORIAL EARLY CHILDHOOD CENTER,1088 MAHAN LANE,Yavapai,93.6,Kindergarten
,Charter,THE PAIDEIA ACADEMY OF SOUTH PHOENIX,7777 S 15TH TER,Maricopa,77.8,Kindergarten
,Public,THOMAS A EDISON SCHOOL,804 N 18TH ST,Maricopa,92.2,Kindergarten
,Public,THOMAS M KNOLES ELEMENTARY SCHOOL,4005 E BUTLER AVE,Coconino,94.2,Kindergarten
,Public,THOMPSON RANCH ELEMENTARY,11800 W THOMPSON RANCH RD,Maricopa,89.9,Kindergarten
,Public,TIERRA DEL SOL ELEMENTARY SCHOOL,16551 S SOMERTON AVE,Yuma,93.1,Kindergarten
,Public,TOLSON ELEMENTARY SCHOOL,1000 S GREASEWOOD RD,Pima,94.3,Kindergarten
,Public,TOLTEC ELEMENTARY SCHOOL,3315 N TOLTEC RD,Pinal,84.2,Kindergarten
,Public,TOMAHAWK ELEMENTARY SCHOOL,7820 W TURNEY AVE,Maricopa,96.1,Kindergarten
,Public,TOWN & COUNTRY ELEMENTARY SCHOOL,1313 S LENZNER AVE,Cochise,100.0,Kindergarten
,Public,TOWNE MEADOWS ELEMENTARY SCHOOL,1101 N RECKER RD,Maricopa,89.5,Kindergarten
,Public,TRAILSIDE POINT ELEMENTARY,7275 W VINEYARD RD,Maricopa,91.7,Kindergarten
,Public,TRES RIOS ELEMENTARY SCHOOL,5025 S 103RD AVE,Maricopa,95.1,Kindergarten
,Private,TRINITY CHRISTIAN SCHOOL - PRESCOTT,1212 WARRIOR WAY,Yavapai,50.0,Kindergarten
,Private,TRINITY LUTHERAN ELEMENTARY SCHOOL - LITCHFIELD PARK,830 PLAZA CIR,Maricopa,66.7,Kindergarten
,Public,TSAILE ELEMENTARY SCHOOL,RTE 12,Apache,100.0,Kindergarten
,Public,TSE HOOTSOOI PRIMARY LEARNING CENTER,NAVAJO ROUTE 12,Apache,100.0,Kindergarten
,Public,TUBA CITY ELEMENTARY SCHOOL,MAPLE STREET,Coconino,95.2,Kindergarten
,Charter,TUCSON COUNTRY DAY SCHOOL,9239 E WRIGHTSTOWN RD,Pima,97.7,Kindergarten
,Private,TUCSON WALDORF SCHOOL,3605 E RIVER RD,Pima,81.4,Kindergarten
,Public,TULLY ELEMENTARY ACCELERATED MAGNET SCHOOL,1701 W EL RIO DR,Pima,82.9,Kindergarten
,Public,TUMBLEWEED ELEMENTARY SCHOOL - 85029,4001 W LAUREL LN,Maricopa,88.7,Kindergarten
,Public,TUSCANO ELEMENTARY SCHOOL,3850 S 79TH AVE,Maricopa,91.5,Kindergarten
,Public,TWIN PEAKS ELEMENTARY SCHOOL,7995 W TWIN PEAKS RD,Pima,87.9,Kindergarten
,Public,UNION ELEMENTARY SCHOOL,3834 S 91ST AVE,Maricopa,86.3,Kindergarten
,Public,UNION PARK SCHOOL,25700 N 21ST AVENUE,Maricopa,90.6,Kindergarten
,Charter,VAIL ACADEMY & HIGH SCHOOL,7762 E SCIENCE PARK DR,Pima,91.4,Kindergarten
,Public,VAL VISTA LAKES ELEMENTARY SCHOOL,1030 N BLUE GROTTO DR,Maricopa,80.0,Kindergarten
,Public,VALLE DEL ENCANTO LEARNING CENTER,400 N CESAR CHAVEZ AVE,Yuma,97.6,Kindergarten
,Private,VALLEY CHRISTIAN SCHOOL,6304 S PRICE RD,Maricopa,71.7,Kindergarten
,Public,VALLEY VIEW SCHOOL,8220 S 7TH AVE,Maricopa,95.1,Kindergarten
,Public,VAN BUSKIRK ELEMENTARY SCHOOL,725 E FAIR ST,Pima,100.0,Kindergarten
,Public,VASQUEZ DE CORONADO FRANCISCO SCHOOL,2301 N AL HARRISON RD,Santa Cruz,92.9,Kindergarten
,Charter,VECTOR PREP AND ARTS ACADEMY,2020 N ARIZONA AVE,Maricopa,87.0,Kindergarten
,Public,VENTANA VISTA ELEMENTARY SCHOOL,6085 N KOLB RD,Pima,98.5,Kindergarten
,Private,VERDE CHRISTIAN ACADEMY,102 S WILLARD ST,Yavapai,56.5,Kindergarten
,Public,VERRADO ELEMENTARY SCHOOL - W SUNRISE LN,20873 W SUNRISE LN,Maricopa,89.2,Kindergarten
,Public,VERRADO HERITAGE ELEMENTARY SCHOOL - W HAMILTON ST,20895 W HAMILTON ST,Maricopa,80.7,Kindergarten
,Public,VESEY ELEMENTARY SCHOOL,5005 S BUTTS RD,Pima,87.8,Kindergarten
,Charter,VICTORY COLLEGIATE COOPERATION,3535 N 63RD AVENUE,Maricopa,56.7,Kindergarten
,Public,VILLA DE PAZ ELEMENTARY SCHOOL,4940 N 103RD AVE,Maricopa,88.3,Kindergarten
,Charter,VILLA MONTESSORI SCHOOL - MEADOWBROOK,2802 E MEADOWBROOK AVE,Maricopa,93.4,Kindergarten
,Public,VILLAGE MEADOWS ELEMENTARY SCHOOL,2020 W MORNINGSIDE DR,Maricopa,86.3,Kindergarten
,Charter,VISTA COLLEGE PREP - MARYVALE,4520 W MCDOWELL RD,Maricopa,100.0,Kindergarten
,Charter,VISTA COLLEGE PREP METRO NORTH ELEMENTARY,2133 WEST PEORIA AVENUE,Maricopa,93.9,Kindergarten
,Charter,VISTA COLLEGE PREPARATORY - 85003,812 S SIXTH AVE,Maricopa,95.3,Kindergarten
,Public,VISTA DEL SUR TRADITIONAL SCHOOL,3908 W SOUTH MOUNTAIN AVE,Maricopa,95.9,Kindergarten
,Public,VISTANCIA ELEMENTARY SCHOOL,30009 N SUNSET POINT,Maricopa,75.0,Kindergarten
,Public,W ARTHUR SEWEL ELEMENTARY SCHOOL,425 N SAHUARA AVE,Pima,95.7,Kindergarten
,Public,W F KILLIP ELEMENTARY SCHOOL,2300 E 6TH AVE,Coconino,91.5,Kindergarten
,Public,W V WHITMORE ELEMENTARY SCHOOL,5330 E GLENN ST,Pima,94.3,Kindergarten
,Public,WALTER DOUGLAS ELEMENTARY SCHOOL,3302 N FLOWING WELLS RD,Pima,98.4,Kindergarten
,Public,WARD TRADITIONAL ACADEMY,1965 E HERMOSA DR,Maricopa,94.0,Kindergarten
,Public,WASHINGTON ELEMENTARY SCHOOL-85051,8033 N 27TH AVE,Maricopa,92.1,Kindergarten
,Public,WASHINGTON ELEMENTARY SCHOOL-85202,2260 W ISABELLA AVE,Maricopa,95.7,Kindergarten
,Public,WEBSTER ELEMENTARY SCHOOL,202 N SYCAMORE,Maricopa,89.6,Kindergarten
,Public,WEINBERG ELEMENTARY SCHOOL,5245 S VAL VISTA DR,Maricopa,100.0,Kindergarten
,Public,WEITZEL'S PUENTE DE HOZHO BILINQUAL SCHOOL,3401 N 4TH ST,Coconino,95.6,Kindergarten
,Public,WEST ELEMENTARY SCHOOL,460 S 7TH ST,Pinal,88.4,Kindergarten
,Public,WEST POINT ELEMENTARY,13700 W GREENWAY RD,Maricopa,90.4,Kindergarten
,Private,WEST VALLEY CHRISTIAN SCHOOL,16260 W VAN BUREN ST,Maricopa,57.6,Kindergarten
,Public,WEST WING SCHOOL,26716 NORTH HIGH DESERT DRIVE,Maricopa,81.8,Kindergarten
,Public,WESTAR ELEMENTARY SCHOOL,17777 W WESTAR DR,Maricopa,82.3,Kindergarten
,Public,WESTERN PEAKS ELEMENTARY,18063 W SURPRISE FARMS LOOP SOUTH,Maricopa,92.8,Kindergarten
,Public,WESTERN VALLEY ELEMENTARY SCHOOL,6250 W DURANGO ST,Maricopa,91.0,Kindergarten
,Charter,WESTLAND SCHOOL BRIGHTON CAMPUS,8632 W NORTHERN AVE,Maricopa,84.0,Kindergarten
,Public,WESTPARK ELEMENTARY SCHOOL,2700 S 257TH DR,Maricopa,82.5,Kindergarten
,Public,WESTWIND PRIMARY-85037,9040 W CAMPBELL AVE,Maricopa,94.6,Kindergarten
,Public,WESTWOOD PRIMARY SCHOOL-85015,4711 N 23RD AVE,Maricopa,97.1,Kindergarten
,Public,WHEELER ELEMENTARY SCHOOL,1818 E AVENIDA DEL SOL,Pima,97.8,Kindergarten
,Public,WHIPPLE RANCH ELEMENTARY SCHOOL,1350 N CENTRAL AVE,Navajo,79.1,Kindergarten
,Public,WHISPERING WIND ACADEMY,15844 N 43RD ST,Maricopa,88.9,Kindergarten
,Public,WHITERIVER ELEMENTARY,422 S 2ND AVE,Navajo,89.4,Kindergarten
,Public,WHITMAN ELEMENTARY SCHOOL,1829 N GRAND,Maricopa,88.0,Kindergarten
,Public,WHITTIER ELEMENTARY SCHOOL-85006,2000 N 16TH ST,Maricopa,87.1,Kindergarten
,Public,WHITTIER ELEMENTARY SCHOOL-85201,733 N LONGMORE,Maricopa,95.7,Kindergarten
,Public,WILDFIRE ELEMENTARY,3997 E LOCKWOOD DR,Maricopa,81.8,Kindergarten
,Public,WILDFLOWER ACCELERATED ACADEMY,325 S WILDFLOWER DR,Maricopa,87.7,Kindergarten
,Public,WILLCOX ELEMENTARY SCHOOL,501 W DELOS ST,Cochise,84.7,Kindergarten
,Public,WILLIAM C JACK SCHOOL,6600 W MISSOURI AVE,Maricopa,93.2,Kindergarten
,Public,WILLIAM R SULLIVAN ELEMENTARY SCHOOL,2 N 31ST AVE,Maricopa,95.3,Kindergarten
,Public,WILLIAM T MACHAN ELEMENTARY SCHOOL,2140 E VIRGINIA AVE,Maricopa,97.0,Kindergarten
,Public,WILLIAMS ELEMENTARY/MIDDLE SCHOOL,601 N 7TH ST,Coconino,83.3,Kindergarten
,Public,WINIFRED HARELSON ELEMENTARY SCHOOL,826 W CHAPALA DR,Pima,93.3,Kindergarten
,Public,WINTERS WELL ELEMENTARY SCHOOL,35220 W BUCKEYE RD,Maricopa,94.3,Kindergarten
,Public,WOOD ELEMENTARY SCHOOL,727 W. CORNELL DR,Maricopa,94.4,Kindergarten
,Public,WRIGHTSON RIDGE SCHOOL,16325 S RANCHO SAHUARITA BLVD,Pima,92.0,Kindergarten
,Public,YAVAPAI ELEMENTARY SCHOOL,701 N MILLER RD,Maricopa,92.4,Kindergarten
,Charter,YOUNG SCHOLARS ACADEMY,1501 E VALENCIA RD,Mohave,92.3,Kindergarten
,Private,YUMA LUTHERAN SCHOOL,2555 ENGLER AVE,Yuma,79.2,Kindergarten
,Public,ZUNI HILLS ELEMENTARY SCHOOL,10851 W WILLIAMS RD,Maricopa,92.1,Kindergarten
,Charter,A+ CHARTER SCHOOLS,41735 W ALAN STEPHENS PARKWAY,Pinal,87.3,6th Grade
,Public,ABRAHAM LINCOLN TRADITIONAL SCHOOL,10444 N 39TH AVE,Maricopa,92.2,6th Grade
,Public,ACACIA ELEMENTARY SCHOOL - PHOENIX,3021 W EVANS DR,Maricopa,94.7,6th Grade
,Charter,ACADEMY OF MATH AND SCIENCE - DESERT SKY,5701 W MCDOWELL RD,Maricopa,96.4,6th Grade
,Charter,ACADEMY OF MATH AND SCIENCE - PRINCE RD,1557 W PRINCE RD,Pima,98.5,6th Grade
,Charter,ACADEMY OF MATH AND SCIENCE AVONDALE,10649 W BUCKEYE ROAD,Maricopa,100.0,6th Grade
,Charter,ACADEMY OF MATH AND SCIENCE CAMELBACK,6633 W CAMELBACK RD,Maricopa,55.8,6th Grade
,Charter,ACADEMY OF MATH AND SCIENCE GLENDALE,4520 W GLENDALE AVE,Maricopa,91.8,6th Grade
,Charter,ACADEMY OF MATH AND SCIENCE PEORIA ADVANCED,7758 W PEORIA AVE,Maricopa,94.3,6th Grade
,Charter,ACADEMY OF MATH AND SCIENCE SOUTH MOUNTAIN,1445 W BASELINE ROAD,Maricopa,93.8,6th Grade
,Charter,ACADEMY OF MATHEMATICS AND SCIENCE SOUTH,3335 W FLOWER ST,Maricopa,96.4,6th Grade
,Charter,ACADEMY OF TUCSON MIDDLE SCHOOL,7310 E 22ND STREET,Pima,98.0,6th Grade
,Charter,ACORN MONTESSORI MIDDLE SCHOOL,8456 E LOOS DR,Yavapai,96.7,6th Grade
,Public,ADAMS ELEMENTARY SCHOOL,738 S LONGMORE,Maricopa,97.9,6th Grade
,Charter,ADAMS TRADITIONAL ACADEMY,2323 W PARKSIDE LN,Maricopa,97.5,6th Grade
,Public,AGUA CALIENTE SCHOOL,11420 E LIMBERLOST RD,Pima,95.2,6th Grade
,Public,ALHAMBRA TRADITIONAL SCHOOL,5725 N 27TH AVE,Maricopa,100.0,6th Grade
,Public,ALICE VAIL MIDDLE SCHOOL,5350 E 16TH ST,Pima,99.5,6th Grade
,Private,ALL SAINTS EPISCOPAL DAY SCHOOL,6300 N CENTRAL AVE,Maricopa,98.6,6th Grade
,Public,ALTA LOMA SCHOOL,9750 N 87TH AVE,Maricopa,97.6,6th Grade
,Public,ALTA VISTA ELEMENTARY SCHOOL,8710 N 31ST AVE,Maricopa,97.3,6th Grade
,Public,ALTAR VALLEY MIDDLE SCHOOL,16350 W AJO RD,Pima,100.0,6th Grade
,Public,AMBERLEA ELEMENTARY SCHOOL,8455 W VIRGINIA AVE,Maricopa,95.3,6th Grade
,Charter,AMERICAN HERITAGE ACADEMY - COTTONWOOD,2030 E CHERRY ST,Yavapai,82.6,6th Grade
,Charter,AMERICAN LEADERSHIP ACADEMY - GILBERT,3155 S SAN TAN VILLAGE PKWY,Maricopa,85.7,6th Grade
,Charter,AMERICAN LEADERSHIP ACADEMY - IRONWOOD K-6,650 W COMBS RD,Pinal,95.2,6th Grade
,Charter,AMERICAN LEADERSHIP ACADEMY - MESA,4507 S MOUNTAIN RD,Maricopa,87.9,6th Grade
,Charter,AMERICAN LEADERSHIP ACADEMY - MESA NORTH K-12,5901 E THOMAS RD.,Maricopa,88.0,6th Grade
,Charter,AMERICAN LEADERSHIP ACADEMY - QUEEN CREEK,23908 S HAWES RD,Maricopa,86.4,6th Grade
,Charter,AMERICAN LEADERSHIP ACADEMY - SAN TAN,34969 N VILLAGE LN,Maricopa,91.9,6th Grade
,Charter,AMERICAN LEADERSHIP ACADEMY - SIERRA VISTA K-12,3039 LEADERSHIP WAY,Cochise,94.3,6th Grade
,Charter,AMERICAN LEADERSHIP ACADEMY - VISTANCIA,28801 N. EL MIRAGE RD.,Maricopa,91.4,6th Grade
,Charter,AMERICAN LEADERSHIP ACADEMY ANTHEM SOUTH CAMPUS,4380 N HUNT HWY,Pinal,91.2,6th Grade
,Charter,AMERICAN LEADERSHIP ACADEMY WEST FOOTHILLS EL,17760 WEST OLIVE AVENUE,Maricopa,87.9,6th Grade
,Charter,AMERICAN LEADERSHIP ACADEMY- GILBERT NORTH K-6 CAMPUS,1010 S HIGLEY ROAD,Maricopa,88.4,6th Grade
,Charter,AMERICAN LEADERSHIP ACADEMY- GILBERT SOUTH K-6 CAMPUS,1750 E RIGGS ROAD,Maricopa,83.7,6th Grade
,Charter,AMERICAN LEADERSHIP ACADEMY- SIGNAL BUTTE K-6 CAMPUS,22512 S SIGNAL BUTTE RD,Maricopa,89.3,6th Grade
,Charter,AMERISCHOOLS ACADEMY - COUNTRY CLUB,1150 N COUNTRY CLUB RD,Pima,92.3,6th Grade
,Charter,AMERISCHOOLS ACADEMY - YUMA NORTH CAMPUS,1220 S 4TH AVE,Yuma,91.3,6th Grade
,Public,AMPHITHEATER MIDDLE SCHOOL,315 E PRINCE RD,Pima,98.5,6th Grade
,Public,ANNA HENRY ELEMENTARY SCHOOL,650 N IGO WAY,Pima,100.0,6th Grade
,Public,ANNA LAWRENCE INTERMEDIATE SCHOOL,4850 W JEFFERY RD,Pima,100.0,6th Grade
,Public,ANNA MARIE JACOBSON ELEMENTARY SCHOOL,1515 NW JACARANDA PKWY,Maricopa,95.2,6th Grade
,Public,ANNIE KELLOND ELEMENTARY SCHOOL,6606 E LEHIGH DR,Pima,93.3,6th Grade
,Public,ANTHEM ELEMENTARY SCHOOL,2700 N ANTHEM WAY,Pinal,94.0,6th Grade
,Public,ANTHEM SCHOOL,41020 N FREEDOM WAY,Maricopa,88.7,6th Grade
,Public,ANZA TRAIL ELEMENTARY,15490 S RANCHO SAHUARITA BLVD,Pima,96.3,6th Grade
,Public,APACHE ELEMENTARY SCHOOL,8633 W JOHN CABOT RD,Maricopa,95.2,6th Grade
,Charter,ARIZONA AUTISM CHARTER SCHOOL,4433 N 7TH ST,Maricopa,92.5,6th Grade
,Charter,ARIZONA CHARTER ACADEMY,16011 N DYSART RD,Maricopa,98.0,6th Grade
,Public,ARIZONA CITY ELEMENTARY SCHOOL,12115 W BENITO DR,Pinal,96.2,6th Grade
,Public,ARIZONA COLLEGE PREP MIDDLE SCHOOL,1150 WEST ERIE STREET,Maricopa,97.2,6th Grade
,Charter,ARIZONA CONNECTIONS ACADEMY,5416 E BASELINE RD,Maricopa,80.7,6th Grade
,Private,ARIZONA CULTURAL ACADEMY,7810 S 42ND PL,Maricopa,86.1,6th Grade
,Public,ARIZONA DESERT ELEMENTARY SCHOOL - SAN LUIS,1245 N MAIN ST,Yuma,100.0,6th Grade
,Public,ARIZONA DESERT ELEMENTARY SCHOOL - TOLLESON,8803 W VAN BUREN ST,Maricopa,95.9,6th Grade
,Public,ARLINGTON ELEMENTARY SCHOOL,9410 S 355TH AVE,Maricopa,73.8,6th Grade
,Private,ARROWHEAD CHRISTIAN ACADEMY,4030 W YORKSHIRE DR,Maricopa,87.0,6th Grade
,Public,ARROWHEAD ELEMENTARY SCHOOL-85308,7490 W UNION HILLS DR,Maricopa,95.9,6th Grade
,Public,ARROYO SCHOOL,4535 W CHOLLA ST,Maricopa,98.1,6th Grade
,Charter,ARTS ACADEMY AT ESTRELLA MOUNTAIN,2504 S 91ST AVE,Maricopa,100.0,6th Grade
,Public,ASH FORK MIDDLE SCHOOL,46999 N 5TH ST,Yavapai,89.3,6th Grade
,Public,ASHLAND ELEMENTARY,1945 S ASHLAND RANCH,Maricopa,95.2,6th Grade
,Public,ASHTON RANCH MIDDLE SCHOOL,14898 W ACOMA DR,Maricopa,96.0,6th Grade
,Public,ASU PREPARATORY ACADEMY - PHOENIX ELEMENTARY,735 E FILLMORE ST,Maricopa,96.9,6th Grade
,Public,ASU PREPARATORY ACADEMY - POLYTECHNIC ELEMENTARY SCHOOL,6950 E WILLIAMS FIELDS ROAD,Maricopa,90.9,6th Grade
,Public,AUDREY & ROBERT RYAN ELEMENTARY,4600 S BRIGHT ANGEL WAY,Maricopa,98.0,6th Grade
,Public,AUGUSTA RANCH ELEMENTARY,9430 E NEVILLE AVE,Maricopa,96.6,6th Grade
,Public,AUGUSTUS H SHAW JR SCHOOL,123 N 13TH ST,Maricopa,93.9,6th Grade
,Public,BAGDAD ELEMENTARY SCHOOL,515 BREEZY CIR,Yavapai,94.7,6th Grade
,Public,BALES ELEMENTARY SCHOOL,25400 W MARICOPA RD,Maricopa,93.4,6th Grade
,Public,BARBARA BUSH ELEMENTARY SCHOOL - 85205,4925 E INGRAM ST,Maricopa,90.3,6th Grade
,Public,BARCELONA ELEMENTARY SCHOOL,6530 N 44TH AVE,Maricopa,98.9,6th Grade
,Public,BASHA ELEMENTARY,3535 S BASHA RD,Maricopa,97.0,6th Grade
,Public,BASHA HIGH SCHOOL,5990 S VAL VISTA DR,Maricopa,100.0,6th Grade
,Charter,BASIS - AHWATUKEE,10210 S 50TH PL,Maricopa,93.3,6th Grade
,Charter,BASIS - CHANDLER,4825 S. ARIZONA AVE,Maricopa,96.8,6th Grade
,Charter,BASIS - FLAGSTAFF,1700 N GEMINI DR,Coconino,98.4,6th Grade
,Charter,BASIS - MESA,5010 S EASTMARK PKWY,Maricopa,94.6,6th Grade
,Charter,BASIS - ORO VALLEY,11155 N. ORACLE RD,Pima,94.9,6th Grade
,Charter,BASIS - PEORIA,9902 W YEARLING ROAD,Maricopa,96.2,6th Grade
,Charter,BASIS - PHOENIX,13231 N 22ND STREET,Maricopa,95.2,6th Grade
,Charter,BASIS - SCOTTSDALE,10400 N. 128TH ST,Maricopa,92.5,6th Grade
,Charter,BASIS - TUCSON NORTH,5740 E RIVER RD,Pima,98.1,6th Grade
,Charter,BASIS GOODYEAR,15800 W SHERMAN ST,Maricopa,89.9,6th Grade
,Charter,BASIS PHOENIX NORTH,44111 N 43RD AVE,Maricopa,92.3,6th Grade
,Charter,BASIS PHOENIX SOUTH PRIMARY SCHOOL,5700 S 19TH AVE,Maricopa,94.0,6th Grade
,Public,BASIS PRESCOTT,1901 PRESCOTT LAKES PKWY,Yavapai,91.8,6th Grade
,Public,BEAVER CREEK SCHOOL,4810 E BEAVER CREEK RD,Yavapai,96.7,6th Grade
,Public,BELEN SOTO ELEMENTARY SCHOOL,18601 W CAMPBELL AVE,Maricopa,96.2,6th Grade
,Public,BELLA VISTA ELEMENTARY SCHOOL,801 N LENZNER AVE,Cochise,97.4,6th Grade
,Public,BELLAIR ELEMENTARY SCHOOL,4701 W GROVERS AVE,Maricopa,100.0,6th Grade
,Charter,BENCHMARK SCHOOL,4120 E ACOMA DR,Maricopa,78.6,6th Grade
,Charter,BENJAMIN FRANKLIN CHARTER SCHOOL - CRISMON,22120 E. QUEEN CREEK RD,Maricopa,90.0,6th Grade
,Charter,BENJAMIN FRANKLIN CHARTER SCHOOL - GILBERT,1475 SOUTH VAL VISTA DRIVE,Maricopa,90.1,6th Grade
,Charter,BENJAMIN FRANKLIN CHARTER SCHOOL - POWER RD,22951 SOUTH POWER ROAD,Maricopa,93.7,6th Grade
,Public,BENSON PRIMARY SCHOOL,360 S PATAGONIA ST,Cochise,92.3,6th Grade
,Charter,BEREAN ACADEMY,1169 NORTH COLOMBO AVE,Cochise,86.1,6th Grade
,Public,BERNARD BLACK ELEMENTARY,6550 S 27TH AVE,Maricopa,89.2,6th Grade
,Public,BICENTENNIAL SOUTH SCHOOL,7240 W COLTER ST,Maricopa,96.5,6th Grade
,Public,BILLY LANE LAUFFER MIDDLE SCHOOL,5385 E LITTLETOWN RD,Pima,99.3,6th Grade
,Public,BILTMORE PREPARATORY ACADEMY,4601 N 34TH ST,Maricopa,98.5,6th Grade
,Public,BLACK MOUNTAIN ELEMENTARY SCHOOL - GOLDEN VALLEY,3404 N SANTA MARIA RD,Mohave,93.2,6th Grade
,Public,BLUE RIDGE ELEMENTARY SCHOOL,1200 W WHITE MOUNTAIN BLVD,Navajo,93.8,6th Grade
,Public,BOOTH-FICKETT MATH/SCIENCE K-8 MAGNET SCHOOL,450 S MONTEGO DR,Pima,100.0,6th Grade
,Public,BORMAN ELEMENTARY SCHOOL,6630 LIGHTNING DR (DMAFB),Pima,100.0,6th Grade
,Public,BOULDER CREEK ELEMENTARY - 85024,22801 N 22ND ST,Maricopa,95.5,6th Grade
,Public,BOULDER CREEK ELEMENTARY - 85212,8045 E PORTOBELLO AVE,Maricopa,95.2,6th Grade
,Public,BRADSHAW MOUNTAIN MIDDLE SCHOOL,12255 TURQUOISE CIR,Yavapai,90.1,6th Grade
,Public,BRAVIE T SOTO ELEMENTARY,1201 MAIN STREET,Yuma,100.0,6th Grade
,Public,BRET R TARVER ELEMENTARY,4308 N 51ST AVE,Maricopa,97.7,6th Grade
,Public,BRIDGES ELEMENTARY SCHOOL,5205 S SOBOBA ST,Maricopa,93.6,6th Grade
,Public,BRUNSON-LEE ELEMENTARY SCHOOL,1350 N 48TH ST,Maricopa,91.0,6th Grade
,Public,BUCKEYE PRIMARY SCHOOL,210 S 6TH ST,Maricopa,94.1,6th Grade
,Public,BULLHEAD CITY JR HIGH SCHOOL,1062 HANCOCK RD,Mohave,96.5,6th Grade
,Public,BURK ELEMENTARY SCHOOL,545 N BURK ST,Maricopa,100.0,6th Grade
,Charter,BURKE BASIC SCHOOL,131 E SOUTHERN AVE,Maricopa,98.9,6th Grade
,Public,BUTTERFIELD ELEMENTARY SCHOOL - TUCSON,3400 W MASSINGALE RD,Pima,95.1,6th Grade
,Public,C E ROSE ELEMENTARY SCHOOL,710 W MICHIGAN DR,Pima,100.0,6th Grade
,Public,C O GREENFIELD SCHOOL,7009 S 10TH ST,Maricopa,97.3,6th Grade
,Public,CACTUS CANYON JUNIOR HIGH SCHOOL,801 WEST SOUTHERN AVENUE,Pinal,97.1,6th Grade
,Public,CACTUS MIDDLE SCHOOL,1220 E KORTSEN RD,Pinal,97.1,6th Grade
,Public,CACTUS VIEW ELEMENTARY SCHOOL,17602 N CENTRAL AVE,Maricopa,93.9,6th Grade
,Public,CACTUS WREN ELEMENTARY SCHOOL,9650 N 39TH AVE,Maricopa,100.0,6th Grade
,Public,CALABASAS SCHOOL,131 CAMINO MARICOPA,Santa Cruz,100.0,6th Grade
,Charter,CALIBRE ACADEMY SURPRISE,15688 W ACOMA DR,Maricopa,94.1,6th Grade
,Charter,CAMBRIDGE ACADEMY - MESA CAMPUS,9412 E BROWN RD,Maricopa,95.7,6th Grade
,Public,CAMP VERDE MIDDLE SCHOOL,370 CAMP LINCOLN RD,Yavapai,93.4,6th Grade
,Public,CAMPO BELLO ELEMENTARY SCHOOL,2625 E GROVES AVE,Maricopa,93.3,6th Grade
,Public,CANYON BREEZE ELEMENTARY,11675 W ENCANTO BLVD,Maricopa,96.5,6th Grade
,Public,CANYON DAY JUNIOR HIGH SCHOOL,4621 SOUTH 9TH STREET,Navajo,97.7,6th Grade
,Public,CANYON DE CHELLY ELEMENTARY SCHOOL,HWY 191,Apache,100.0,6th Grade
,Public,CANYON ELEMENTARY SCHOOL,5490 W PARADISE LN,Maricopa,90.3,6th Grade
,Public,CANYON RIDGE ELEMENTARY,17359 WEST SURPRISE FARMS LOOP NORTH,Maricopa,89.6,6th Grade
,Public,CANYON RIM ELEMENTARY,3045 S CANYON RIM,Maricopa,92.6,6th Grade
,Public,CANYON SPRINGS,42901 N 45TH AVE,Maricopa,91.1,6th Grade
,Public,CAPITOL ELEMENTARY SCHOOL,330 N 16TH AVE,Maricopa,100.0,6th Grade
,Public,CAPPS MIDDLE SCHOOL (GR 4-6),3375 BUCKSKIN CANYON RD,Navajo,91.4,6th Grade
,Public,CARMICHAEL ELEMENTARY SCHOOL,701 NE CARMICHAEL AVE,Cochise,96.7,6th Grade
,Public,CAROL G. PECK ELEMENTARY SCHOOL,5810 N 49TH AVE,Maricopa,96.2,6th Grade
,Public,CAROL RAE RANCH ELEMENTARY,3777 E HOUSTON AVE,Maricopa,96.4,6th Grade
,Public,CARTWRIGHT ELEMENTARY SCHOOL,5833 W THOMAS RD,Maricopa,100.0,6th Grade
,Charter,CASA ACADEMY,8047 NORTH 35TH AVENUE,Maricopa,94.4,6th Grade
,Public,CASA GRANDE MIDDLE SCHOOL,260 W MCMURRAY BLVD,Pinal,99.5,6th Grade
,Private,CASAS CHRISTIAN SCHOOL,10801 N LA CHOLLA BLVD,Pima,88.4,6th Grade
,Public,CASTLE DOME MIDDLE SCHOOL,2353 S OTONDO DR,Yuma,96.9,6th Grade
,Public,CATALINA VENTURA SCHOOL,6331 N 39TH AVE,Maricopa,100.0,6th Grade
,Public,CECIL B. SHAMLEY SCHOOL,1500 N SCOVEL ST,Maricopa,94.5,6th Grade
,Public,CENTENNIAL ELEMENTARY SCHOOL - GILBERT,3507 S RANCH HOUSE PKWY,Maricopa,95.7,6th Grade
,Public,CENTENNIAL ELEMENTARY SCHOOL - TUCSON,2200 W WETMORE RD,Pima,98.1,6th Grade
,Public,CENTER FOR ACADEMIC SUCCESS #1 - CARMELITA DR,900 CARMELITA DR,Cochise,83.3,6th Grade
,Charter,CENTER FOR ACADEMIC SUCCESS #4 - F AVE,1415 F AVE,Cochise,92.5,6th Grade
,Charter,CENTER FOR EDUCATIONAL EXCELLENCE,1700 E ELLIOT RD,Maricopa,96.3,6th Grade
,Public,CENTER FOR ONLINE AND INNOVATIVE LEARNING (COIL),1000 N. AMARILLO STREET,Pinal,89.6,6th Grade
,Public,CENTERRA MIRAGE ELEMENTARY,15151 WEST CENTERRA DRIVE SOUTH,Maricopa,95.5,6th Grade
,Public,CESAR CHAVEZ ELEMENTARY,1130 N 10TH AVE,Yuma,100.0,6th Grade
,Public,CESAR E CHAVEZ COMMUNITY SCHOOL,4001 S 3RD ST,Maricopa,100.0,6th Grade
,Charter,CHALLENGE CHARTER SCHOOL,5801 W GREENBRIAR DR,Maricopa,95.9,6th Grade
,Charter,CHALLENGER BASIC SCHOOL,1315 N GREENFIELD RD,Maricopa,80.5,6th Grade
,Public,CHALLENGER MIDDLE SCHOOL,6905 W MARYLAND AVE,Maricopa,94.9,6th Grade
,Charter,CHAMPION CHANDLER,250 S MCQUEEN RD,Maricopa,89.8,6th Grade
,Charter,CHAMPION SCHOOLS PHOENIX,7900 S JESSE OWENS PKWY,Maricopa,93.5,6th Grade
,Charter,CHAMPION SCHOOLS SAN TAN VALLEY,1846 E BELLA VISTA RD,Pinal,81.1,6th Grade
,Charter,CHANDLER PREPARATORY ACADEMY,1951 N ALMA SCHOOL RD,Maricopa,95.6,6th Grade
,Public,CHANDLER TRADITIONAL ACADEMY - FREEDOM,6040 SOUTH JOSLYN LANE,Maricopa,100.0,6th Grade
,Public,CHANDLER TRADITIONAL ACADEMY - GOODMAN CAMPUS,2600 W KNOX RD,Maricopa,94.7,6th Grade
,Public,CHANDLER TRADITIONAL ACADEMY - INDEPENDENCE,1405 W LAKE DR,Maricopa,95.5,6th Grade
,Public,CHANDLER TRADITIONAL ACADEMY - LIBERTY CAMPUS,550 N EMMETT DR,Maricopa,96.7,6th Grade
,Public,CHAPARRAL ELEMENTARY SCHOOL-85029,3808 W JOAN DE ARC,Maricopa,97.1,6th Grade
,Public,CHAPARRAL ELEMENTARY SCHOOL-85295,3380 E FRYE RD,Maricopa,94.2,6th Grade
,Public,CHARLES W HARRIS ELEMENTARY SCHOOL,2252 N 55TH AVE,Maricopa,100.0,6th Grade
,Public,CHARLOTTE PATTERSON ELEMENTARY,7520 S ADORA BLVD,Maricopa,95.6,6th Grade
,Public,CHEATHAM ELEMENTARY SCHOOL,4725 W SOUTH MOUNTAIN AVE,Maricopa,94.9,6th Grade
,Public,CHEYENNE ELEMENTARY SCHOOL - PEORIA,11806 N 87TH AVE,Maricopa,96.7,6th Grade
,Public,CHEYENNE TRADITIONAL ELEMENTARY SCHOOL - SCOTTSDALE,13636 N 100TH ST,Maricopa,97.8,6th Grade
,Public,CHINLE ELEMENTARY SCHOOL,HWY 191 & NAVAJO ROUTE 7,Apache,100.0,6th Grade
,Public,CHOICE LEARNING ACADEMY,5330 N 23RD AVE,Maricopa,98.0,6th Grade
,Private,CHRIST LUTHERAN SCHOOL,3901 E INDIAN SCHOOL RD,Maricopa,91.5,6th Grade
,Private,CHRIST THE KING CATHOLIC SCHOOL,1551 E DANA AVE,Maricopa,100.0,6th Grade
,Private,CHRIST'S GREENFIELD LUTHERAN SCHOOL,425 N GREENFIELD RD,Maricopa,88.5,6th Grade
,Public,CIMARRON SPRINGS ELEMENTARY,17032 W SUPRISE FARMS LOOP S,Maricopa,94.3,6th Grade
,Public,CIRCLE CROSS K-8 STEM ACADEMY,35900 N. CHARBRAY DR,Pinal,94.6,6th Grade
,Public,CLARENDON SCHOOL,1225 W CLARENDON AVE,Maricopa,87.8,6th Grade
,Public,CLOVES C CAMPBELL SR ELEMENTARY SCHOOL,2624 E S MOUNTAIN AVE,Maricopa,90.9,6th Grade
,Public,COATIMUNDI MIDDLE SCHOOL,450 AVENIDA COATIMUNDI,Santa Cruz,98.8,6th Grade
,Public,COCOPAH MIDDLE SCHOOL,6615 E CHOLLA ST,Maricopa,92.3,6th Grade
,Public,COLLIER ELEMENTARY SCHOOL - AVONDALE,350 S 118TH AVE,Maricopa,94.3,6th Grade
,Public,COLONEL SMITH MIDDLE SCHOOL,5651 E SMITH AVE,Cochise,99.1,6th Grade
,Public,COMBS TRADITIONAL SCHOOL,37327 N GANTZEL RD,Pinal,97.6,6th Grade
,Public,CONNOLLY MIDDLE SCHOOL,2002 E CONCORDA DR,Maricopa,93.2,6th Grade
,Public,CONSTITUTION ELEMENTARY SCHOOL,18440 N 15TH AVE,Maricopa,95.3,6th Grade
,Public,CONTINENTAL ELEMENTARY SCHOOL,1991 E WHITE HOUSE CANYON RD,Pima,100.0,6th Grade
,Public,COOLIDGE JUNIOR HIGH SCHOOL,800 N. 9TH STREET,Pinal,94.0,6th Grade
,Public,COPPER BASIN K-8,28682 N MAIN ST,Pinal,97.7,6th Grade
,Public,COPPER CANYON ELEMENTARY SCHOOL,17650 N 54TH ST,Maricopa,95.3,6th Grade
,Public,COPPER CREEK ELEMENTARY,7071 W HILLCREST BLVD,Maricopa,96.9,6th Grade
,Public,COPPER KING ELEMENTARY,10730 W CAMPBELL AVE,Maricopa,98.9,6th Grade
,Public,COPPER RIDGE SCHOOL - 85255,10101 E THOMPSON PEAK PKWY,Maricopa,88.5,6th Grade
,Public,COPPER TRAILS ELEMENTARY,16875 WEST CANYON TRAILS BLVD,Maricopa,95.0,6th Grade
,Public,COPPERWOOD SCHOOL,11232 N 65TH AVE,Maricopa,95.6,6th Grade
,Public,CORDOVA ELEMENTARY SCHOOL,5631 N 35TH AVE,Maricopa,98.6,6th Grade
,Public,CORONA FOOTHILLS MIDDLE SCHOOL,16705 S HOUGHTON RD,Pima,94.0,6th Grade
,Public,CORONADO ELEMENTARY SCHOOL - COCHISE,5148 CORONADO SCHOOL DR,Cochise,88.9,6th Grade
,Public,CORONADO ELEMENTARY SCHOOL - GILBERT,4333 S DE ANZA BLVD,Maricopa,90.5,6th Grade
,Public,CORONADO K-8 SCHOOL,3401 E WILDS RD,Pima,100.0,6th Grade
,Public,CORTINA ELEMENTARY,19680 S 188TH ST,Maricopa,93.2,6th Grade
,Public,COTTONWOOD COMMUNITY SCHOOL,500 E MINGUS AVE,Yavapai,83.0,6th Grade
,Public,COTTONWOOD ELEMENTARY - 86021,185 E UNIVERSITY AVE,Mohave,44.0,6th Grade
,Charter,COUNTRY GARDENS CHARTER SCHOOL,6313 W SOUTHERN AVE,Maricopa,81.8,6th Grade
,Public,COUNTRY MEADOWS ELEMENTARY SCHOOL,8409 N 111 TH AVE,Maricopa,88.6,6th Grade
,Public,COUNTRY PLACE ELEMENTARY,10207 W COUNTRY PLACE BLVD,Maricopa,95.9,6th Grade
,Public,COYOTE HILLS ELEMENTARY SCHOOL,21180 N 87TH AVE,Maricopa,93.8,6th Grade
,Public,COYOTE TRAIL ELEMENTARY SCHOOL,8000 N SILVERBELL RD,Pima,100.0,6th Grade
,Public,CRISMON ELEMENTARY SCHOOL,825 W MEDINA AVE,Maricopa,98.2,6th Grade
,Public,DAVIDSON ELEMENTARY SCHOOL,3950 E PARADISE FALLS DR,Pima,91.2,6th Grade
,Public,DEGRAZIA ELEMENTARY SCHOOL,5051 W OVERTON RD,Pima,94.8,6th Grade
,Public,DESERT CANYON MIDDLE SCHOOL,10203 E MCDOWELL MOUNTAIN RANCH RD,Maricopa,92.7,6th Grade
,Private,DESERT CHRISTIAN K-6 SCHOOL - E WRIGHTSTOWN RD,9415 E WRIGHTSTOWN RD,Pima,92.7,6th Grade
,Public,DESERT COVE ELEMENTARY SCHOOL,11020 N 28TH ST,Maricopa,98.6,6th Grade
,Public,DESERT HARBOR ELEMENTARY SCHOOL,15585 N 91ST AVE,Maricopa,93.4,6th Grade
,Charter,DESERT HEIGHTS PREPARATORY ACADEMY,3540 W UNION HILLS DR,Maricopa,94.9,6th Grade
,Public,DESERT HORIZON ELEMENTARY SCHOOL,8525 W OSBORN RD,Maricopa,100.0,6th Grade
,Public,DESERT MEADOWS ELEMENTARY SCHOOL,6855 W MEADOWS LOOP E,Maricopa,90.2,6th Grade
,Public,DESERT MIRAGE ELEMENTARY SCHOOL,8605 W MARYLAND AVE,Maricopa,96.3,6th Grade
,Public,DESERT MOUNTAIN ELEMENTARY - 85142,22301 S HAWES RD,Maricopa,95.3,6th Grade
,Public,DESERT MOUNTAIN SCHOOL - 85086,35959 NORTH 7TH AVENUE,Maricopa,94.3,6th Grade
,Public,DESERT OASIS ELEMENTARY SCHOOL-85037,8802 W MCDOWELL RD,Maricopa,93.3,6th Grade
,Public,DESERT OASIS ELEMENTARY SCHOOL-85387,17161 W BAJADA RD,Maricopa,90.1,6th Grade
,Public,DESERT PALMS ELEMENTARY SCHOOL,11441 N 55TH AVE,Maricopa,95.9,6th Grade
,Public,DESERT SAGE ELEMENTARY SCHOOL,4035 W ALAMEDA,Maricopa,96.7,6th Grade
,Public,DESERT SHADOWS ELEMENTARY SCHOOL,5902 E SWEETWATER AVE,Maricopa,94.6,6th Grade
,Public,DESERT SHADOWS MIDDLE SCHOOL,340 BLVD DEL REY DAVID,Santa Cruz,98.5,6th Grade
,Public,DESERT SKY MIDDLE SCHOOL,9850 E RANKIN LOOP,Pima,96.5,6th Grade
,Public,DESERT SONORA ELEMENTARY SCHOOL,301 N CARLISLE AVE,Yuma,100.0,6th Grade
,Public,DESERT SPIRIT,7355 W ORANGEWOOD AVE,Maricopa,89.7,6th Grade
,Charter,DESERT STAR ACADEMY,"5599 S HWY 95, UNIT 2",Mohave,94.7,6th Grade
,Public,DESERT STAR SCHOOL,2131 S 157TH AVE,Maricopa,94.6,6th Grade
,Public,DESERT THUNDER SCHOOL,16750 W GARFIELD ST,Maricopa,98.2,6th Grade
,Public,DESERT TRAILS ELEMENTARY SCHOOL,4315 E CASHMAN DR,Maricopa,98.8,6th Grade
,Public,DESERT VALLEY ELEMENTARY SCHOOL - 85304,12901 N 63RD AVE,Maricopa,98.0,6th Grade
,Public,DESERT VIEW ELEMENTARY - SAN LUIS,1508 N 10TH AVE,Yuma,100.0,6th Grade
,Public,DESERT VIEW ELEMENTARY SCHOOL - PHOENIX,8621 N 3RD ST,Maricopa,96.8,6th Grade
,Charter,DESERT VIEW MIDDLE SCHOOL,3777 W 22ND LANE,Yuma,100.0,6th Grade
,Public,DESERT WIND MIDDLE SCHOOL,35565 W HONEYCUTT RD,Pinal,94.0,6th Grade
,Charter,DESTINY SCHOOL,22 PRICKLY PEAR DR,Gila,97.6,6th Grade
,Public,DIAMOND CANYON ELEMENTARY,40004 NORTH LIBERTY BELL WAY,Maricopa,96.2,6th Grade
,Public,DIETZ K-8 SCHOOL,7575 E PALMA ST,Pima,100.0,6th Grade
,Public,DILWORTH BRINTON ELEMENTARY,11455 E SUNLAND AVE,Maricopa,92.1,6th Grade
,Public,DISCOVERY SCHOOL,7910 W MARYLAND AVE,Maricopa,89.7,6th Grade
,Charter,DOBSON ACADEMY A-BALL CHARTER SCHOOL,2207 N DOBSON RD,Maricopa,87.0,6th Grade
,Public,DODGE TRADITIONAL MAGNET MIDDLE SCHOOL,5831 E PIMA ST,Pima,97.1,6th Grade
,Public,DON MENSENDICK SCHOOL,5535 N. 67TH AVE,Maricopa,92.3,6th Grade
,Public,DOOLEN MIDDLE SCHOOL,2400 N COUNTRY CLUB RD,Pima,97.4,6th Grade
,Public,DOROTHY STINSON SCHOOL,2013 S 8TH AVE,Graham,96.2,6th Grade
,Public,DOS RIOS ELEMENTARY,2150 S 87TH AVE,Maricopa,96.3,6th Grade
,Public,DOVE MOUNTAIN K-8,5650 W MOORE RD,Pima,97.5,6th Grade
,Public,DR HOWARD K CONLEY ELEMENTARY SCHOOL,500 S ARROWHEAD DR,Maricopa,94.9,6th Grade
,Public,DR. GARY AND ANNETTE AUXIER ELEMENTARY SCHOOL,22700 S POWER RD,Maricopa,96.0,6th Grade
,Public,DRACHMAN PRIMARY MAGNET SCHOOL,1085 S 10TH AVE,Pima,100.0,6th Grade
,Private,DREAM CITY CHRISTIAN SCHOOLS - GLENDALE,21000 N 75TH AVE,Maricopa,76.0,6th Grade
,Public,DREXEL ELEMENTARY SCHOOL,801 E DREXEL RD,Pima,97.5,6th Grade
,Public,DWIGHT PATTERSON ELEMENTARY,615 S CHESHIRE,Maricopa,98.0,6th Grade
,Public,DYSART MIDDLE SCHOOL,12950 W VARNEY RD,Maricopa,94.3,6th Grade
,Charter,EAGLE COLLEGE PREP - MARYVALE,3950 N 53RD AVE,Maricopa,96.7,6th Grade
,Charter,EAGLE COLLEGE PREP - S MOUNTAIN,2450 W SOUTH MOUNTAIN AVE,Maricopa,98.0,6th Grade
,Public,EAGLE RIDGE ELEMENTARY SCHOOL - PHONEIX,19801 N 13TH ST,Maricopa,94.6,6th Grade
,Public,ECHO CANYON K-8 - SCOTTSDALE,4330 NORTH 62ND STREET,Maricopa,100.0,6th Grade
,Public,ECHO MOUNTAIN INTERMEDIATE SCHOOL - PHOENIX,1811 E MICHIGAN AVE,Maricopa,94.9,6th Grade
,Public,ED & VERMA PASTOR ELEMENTARY SCHOOL,2101 W ALTA VISTA RD,Maricopa,95.9,6th Grade
,Public,ED PASTOR ELEMENTARY 4,985 N 6TH AVE,Yuma,100.0,6th Grade
,Public,EDISON ELEMENTARY SCHOOL,545 N HORNE,Maricopa,98.5,6th Grade
,Charter,EDISON SCHOOL OF INNOVATION,5136 N 83RD AVE,Maricopa,83.9,6th Grade
,Charter,EDUPRIZE SCHOOL - GILBERT,580 W MELODY DR,Maricopa,90.4,6th Grade
,Charter,EDUPRIZE SCHOOL - QUEEN CREEK,4567 W ROBERTS RD,Pinal,93.0,6th Grade
,Public,EISENHOWER ELEMENTARY SCHOOL,848 N MESA DR,Maricopa,97.0,6th Grade
,Public,ELLSWORTH ELEMENTARY,38454 N CAROLINA AVE,Pinal,96.3,6th Grade
,Public,ELOY JUNIOR HIGH SCHOOL - E PHOENIX AVE,404 E PHOENIX AVE,Pinal,98.8,6th Grade
,Public,ELVIRA ELEMENTARY SCHOOL,250 W ELVIRA RD,Pima,99.0,6th Grade
,Public,EMERSON ELEMENTARY SCHOOL,415 N WESTWOOD RD,Maricopa,99.1,6th Grade
,Charter,EMPOWER COLLEGE PREP,2411 W COLTER ST,Maricopa,97.3,6th Grade
,Public,ENTZ ELEMENTARY SCHOOL,4132 E ADOBE ST,Maricopa,97.2,6th Grade
,Public,ESMOND STATION SCHOOL,9400 S ATTERBURY WASH WAY,Pima,95.7,6th Grade
,Public,ESPERANZA ELEMENTARY SCHOOL - 85706,2353 E BANTAM,Pima,100.0,6th Grade
,Public,ESPERANZA ELEMENTARY SCHOOL-85027,251 W MOHAWK LN,Maricopa,95.6,6th Grade
,Public,ESPERERO CANYON MIDDLE SCHOOL,5801 N SABINO CANYON RD,Pima,98.3,6th Grade
,Public,ESTRELLA FOOTHILLS GLOBAL ACADEMY,5400 W CARVER ROAD,Maricopa,93.9,6th Grade
,Public,ESTRELLA MOUNTAIN ELEMENTARY SCHOOL,10301 S SAN MIGUEL,Maricopa,92.0,6th Grade
,Public,ESTRELLA VISTA ELEMENTARY,11905 W COCOPAH CIR,Maricopa,95.7,6th Grade
,Charter,EXCALIBUR CHARTER SCHOOL,1045 S SAN MARCOS DR,Pinal,96.7,6th Grade
,Public,EXCELENCIA SCHOOL,2181 E MCDOWELL RD,Maricopa,100.0,6th Grade
,Public,FAIRBANKS MIDDLE SCHOOL,1056 FAIRBANKS RD,Greenlee,98.4,6th Grade
,Public,FAITH MATHER SOSSAMAN ELEMENTARY,22801 E VIA DEL JARDIN,Maricopa,96.6,6th Grade
,Public,FALCON HILL ELEMENTARY SCHOOL,1645 N STERLING ST,Maricopa,93.4,6th Grade
,Public,FEES MIDDLE SCHOOL,1600 E WATSON DR,Maricopa,98.8,6th Grade
,Public,FESTIVAL FOOTHILLS ELEMENTARY SCHOOL-85396,26252 W DESERT VISTA BLVD,Maricopa,96.3,6th Grade
,Public,FIELD ELEMENTARY SCHOOL,2325 E ADOBE ST,Maricopa,97.5,6th Grade
,Public,FINE ARTS ACADEMY,1700 S. 103RD AVE,Maricopa,94.6,6th Grade
,Public,FINLEY FARMS ELEMENTARY,375 S COLUMBUS DR,Maricopa,93.1,6th Grade
,Public,FIRESIDE ELEMENTARY SCHOOL,3725 E LONE CACTUS DR,Maricopa,92.9,6th Grade
,Private,FLAGSTAFF CHRISTIAN SCHOOL,3500 N 4TH STREET,Coconino,92.3,6th Grade
,Public,FLAGSTAFF JUNIOR ACADEMY ELEMENTARY CAMPUS,306 W CEDAR AVE,Coconino,86.9,6th Grade
,Public,FLORENCE K-8,460 S PARK ST,Pinal,90.4,6th Grade
,Public,FOOTHILLS ELEMENTARY SCHOOL-85306,15808 N 63RD AVE,Maricopa,94.7,6th Grade
,Public,FORT THOMAS ELEMENTARY SCHOOL,15560 W ELEMENTARY RD,Graham,100.0,6th Grade
,Public,FOUNTAIN HILLS MIDDLE SCHOOL,16000 E PALISADES BLVD.,Maricopa,95.1,6th Grade
,Public,FOURTH AVENUE JUNIOR HIGH SCHOOL,450 4TH AVE,Yuma,99.1,6th Grade
,Public,FRANCES BRANDEN-PICKETT ELEMENTARY,22706 E VILLAGE LOOP,Maricopa,94.3,6th Grade
,Public,FRANK BORMAN MIDDLE SCHOOL,3637 N 55TH AVE,Maricopa,99.2,6th Grade
,Public,FRANKLIN ACCELERATED ACADEMY - BRIMHALL CAMPUS,4949 E SOUTHERN RD,Maricopa,93.4,6th Grade
,Public,FRANKLIN ACCELERATED ACADEMY - DOWNTOWN CAMPUS,236 S SIRRINE,Maricopa,93.0,6th Grade
,Public,FRANKLIN ACCELERATED ACADEMY - JORDAN CAMPUS,3320 N CARRIAGE LN,Maricopa,100.0,6th Grade
,Public,FRANKLIN ELEMENTARY SCHOOL,1753 E 8TH AVE,Maricopa,96.5,6th Grade
,Charter,FREEDOM ACADEMY - E PARADISE LN,3916 E PARADISE LN,Maricopa,82.8,6th Grade
,Public,FREEDOM ELEMENTARY SCHOOL - 85326,22150 W. SUNDANCE PKWY S,Maricopa,98.4,6th Grade
,Public,FREEDOM TRADITIONAL ACADEMY - 85374,16066 N. PARKVIEW PLACE,Maricopa,89.8,6th Grade
,Charter,FRIENDLY HOUSE ACADEMIA DEL PUEBLO ELEMENTARY SCHOOL,201 E DURANGO ST,Maricopa,96.4,6th Grade
,Public,FRONTIER ELEMENTARY SCHOOL,21258 N 81ST AVE,Maricopa,91.4,6th Grade
,Public,FRYE ELEMENTARY SCHOOL,801 E FRYE RD,Maricopa,98.8,6th Grade
,Public,G FRANK DAVIDSON,6935 W OSBORN RD,Maricopa,100.0,6th Grade
,Public,GADSDEN ELEMENTARY SCHOOL,18745 GADSDEN ST,Yuma,100.0,6th Grade
,Public,GALLEGO INTERMEDIATE FINE ARTS MAGNET SCHOOL,3700 E ALVORD RD,Pima,98.7,6th Grade
,Public,GALVESTON ELEMENTARY SCHOOL,661 E GALVESTON ST,Maricopa,100.0,6th Grade
,Public,GANADO MIDDLE SCHOOL,HWY 264,Apache,100.0,6th Grade
,Public,GARDEN LAKES ELEMENTARY SCHOOL,10825 W GARDEN LAKES PKWY,Maricopa,96.0,6th Grade
,Public,GARFIELD SCHOOL,811 N 13TH ST,Maricopa,97.3,6th Grade
,Public,GATEWAY POINTE ELEMENTARY,2069 S DELATORRE DR,Maricopa,94.5,6th Grade
,Public,GATEWAY POLYTECHNIC ACADEMY,5149 S SIGNAL BUTTE RD,Maricopa,96.5,6th Grade
,Public,GATEWAY SCHOOL,1100 N 35TH ST,Maricopa,93.4,6th Grade
,Public,GAVILAN PEAK ELEMENTARY,2701 W MEMORIAL DR,Maricopa,97.6,6th Grade
,Public,GENEVA EPPS MOSLEY MIDDLE SCHOOL,1025 S BECK AVE,Maricopa,92.4,6th Grade
,Charter,GEORGE GERVIN PREP ACADEMY,2801 E SOUTHERN AVE,Maricopa,84.0,6th Grade
,Public,GILA BEND ELEMENTARY SCHOOL,777 N LOGAN AVE,Maricopa,97.3,6th Grade
,Public,GILA CROSSING COMMUNITY SCHOOL,4665 W PECOS RD,Maricopa,100.0,6th Grade
,Public,GILA VISTA JR HIGH SCHOOL,2245 ARIZONA AVE,Yuma,98.1,6th Grade
,Private,GILBERT CHRISTIAN ELEMENTARY & MIDDLE SCHOOL,1424 S PROMENADE LN,Maricopa,76.7,6th Grade
,Private,GILBERT CHRISTIAN SCHOOLS - GREENFIELD,4341 S. GREENFIELD RD,Maricopa,81.5,6th Grade
,Private,GILBERT CHRISTIAN SCHOOLS - VAL VISTA,22201 S VAL VISTA DR.,Maricopa,74.6,6th Grade
,Public,GILBERT ELEMENTARY SCHOOL,175 W ELLIOT RD,Maricopa,96.8,6th Grade
,Public,GLADDEN FARMS ELEMENTARY SCHOOL,11745 W GLADDEN FARMS DR.,Pima,97.5,6th Grade
,Public,GLENDALE AMERICAN SCHOOL,8530 N 55TH AVE,Maricopa,96.6,6th Grade
,Public,GLENDALE LANDMARK MIDDLE SCHOOL,5730 W MYRTLE AVE,Maricopa,94.8,6th Grade
,Charter,GLENDALE PREPARATORY ACADEMY,23276 N. 83RD AVE,Maricopa,92.0,6th Grade
,Public,GLENN F BURTON SCHOOL,4801 W MARYLAND AVE,Maricopa,88.0,6th Grade
,Public,GLENN L DOWNS SCHOOL,3600 N 47TH AVE,Maricopa,100.0,6th Grade
,Private,GLENVIEW ADVENTIST SCHOOL,6801 N 43RD AVE,Maricopa,70.0,6th Grade
,Public,GLOBAL ACADEMY OF PHOENIX,4432 W MARYLAND AVE,Maricopa,98.4,6th Grade
,Public,GOWAN SCIENCE ACADEMY,1020 S AVENUE C,Yuma,98.0,6th Grade
,Private,GRACE CHRISTIAN ACADEMY,1200 E SOUTHERN AVE,Maricopa,95.0,6th Grade
,Public,GRANADA ELEMENTARY EAST CAMPUS,3022 W CAMPBELL AVE,Maricopa,97.7,6th Grade
,Public,GRAND CANYON ELEMENTARY,1 BOULDER ST,Coconino,95.0,6th Grade
,Public,GRANITE MOUNTAIN UPPER ELEMENTARY SCHOOL,1800 WILLIAMSON VALLEY RD,Yavapai,89.3,6th Grade
,Public,GRAYHAWK ELEMENTARY SCHOOL,7525 E GRAYHAWK DR,Maricopa,88.5,6th Grade
,Charter,GREAT HEART ACADEMIES ARCHWAY CICERO,7205 N PIMA RD,Maricopa,80.4,6th Grade
,Charter,GREAT HEART ACADEMIES ARCHWAY LINCOLN,2250 S GILBERT RD,Maricopa,96.1,6th Grade
,Charter,GREAT HEARTS ACADEMIES - ARCHWAY NORTH PHOENIX,14100 N 32ND ST,Maricopa,92.9,6th Grade
,Charter,GREAT HEARTS ACADEMIES - ARETE PREPARATORY ACADEMY,4525 E BASELINE RD,Maricopa,90.6,6th Grade
,Charter,GREAT HEARTS ANTHEM,3950 WEST ARROYO NORTE DRIVE,Maricopa,90.0,6th Grade
,Charter,GREAT HEARTS ROOSEVELT,555 SOUTH JACKRABBIT TRAIL,Maricopa,95.7,6th Grade
,Public,GREENBRIER ELEMENTARY SCHOOL,6150 W GREENBRIER DR,Maricopa,95.0,6th Grade
,Public,GREENFIELD ELEMENTARY SCHOOL,2550 E ELLIOT RD,Maricopa,93.3,6th Grade
,Public,GRIDLEY MIDDLE SCHOOL,350 S HARRISON RD,Pima,100.0,6th Grade
,Public,H L SUVERKRUP ELEMENTARY SCHOOL,1590 S AVENUE C,Yuma,100.0,6th Grade
,Public,HALE ELEMENTARY SCHOOL,1425 N 23RD ST,Maricopa,93.8,6th Grade
,Public,HALEY ELEMENTARY,3401 S LAYTON LAKES,Maricopa,97.1,6th Grade
,Charter,HAPPY VALLEY SCHOOL - EAST CAMPUS,266 E WESTBROOKE RD.,Pinal,90.3,6th Grade
,Charter,HAPPY VALLEY SCHOOL - PEORIA,7140 W HAPPY VALLEY RD,Maricopa,83.3,6th Grade
,Public,HAROLD W SMITH SCHOOL,6534 N 63RD AVE,Maricopa,97.7,6th Grade
,Public,HARRIS ELEMENTARY SCHOOL,1820 S HARRIS DR,Maricopa,95.4,6th Grade
,Public,HARTFORD SYLVIA ENCINAS ELEMENTARY SCHOOL,700 N HARTFORD ST,Maricopa,98.0,6th Grade
,Charter,HARVEST PREPARATORY ACADEMY - SAN LUIS,1044 N 10TH AVE,Yuma,100.0,6th Grade
,Charter,HARVEST PREPARATORY ACADEMY - YUMA,350 E 18TH ST,Yuma,99.0,6th Grade
,Public,HAVASUPAI ELEMENTARY SCHOOL,880 CASHMERE DR,Mohave,97.9,6th Grade
,Charter,HEARN ACADEMY,17606 N 7TH AVE,Maricopa,91.4,6th Grade
,Private,HEARTWOOD MONTESSORI,207 NORTH MESA DRIVE,Maricopa,81.0,6th Grade
,Public,HEATHERBRAE ELEMENTARY SCHOOL,7070 W HEATHERBRAE DR,Maricopa,95.6,6th Grade
,Charter,HERITAGE ACADEMY - GATEWAY CAMPUS,8048 EAST GERMANN ROAD,Maricopa,89.1,6th Grade
,Charter,HERITAGE ACADEMY LAVEEN-85339,4275 W BASELINE RD,Maricopa,95.8,6th Grade
,Charter,HERITAGE ACADEMY MARICOPA,14000 W HEROES WAY,Pinal,92.9,6th Grade
,Charter,HERITAGE ELEMENTARY SCHOOL - WEST CAMPUS,6805 N 125TH AVE,Maricopa,93.6,6th Grade
,Public,HERITAGE MIDDLE SCHOOL,1076 NORTH ROAD 1 WEST,Yavapai,89.6,6th Grade
,Public,HERITAGE SCHOOL,5312 W MOUNTAIN VIEW RD,Maricopa,98.0,6th Grade
,Charter,HERMOSA MONTESSORI SCHOOL,12051 E FORT LOWELL RD,Pima,75.0,6th Grade
,Public,HERMOSA VISTA ELEMENTARY SCHOOL,2626 N 24TH ST,Maricopa,95.9,6th Grade
,Public,HERRERA ELEMENTARY SCHOOL,1350 S 11TH ST,Maricopa,100.0,6th Grade
,Public,HIDDEN HILLS ELEMENTARY SCHOOL,1919 E SHARON DR,Maricopa,89.1,6th Grade
,Public,HIGH DESERT MIDDLE SCHOOL,4000 HIGH DESERT,Gila,95.0,6th Grade
,Public,HIGHLAND ELEMENTARY SCHOOL,3042 E ADOBE ST,Maricopa,93.8,6th Grade
,Public,HIGHLAND LAKES SCHOOL,19000 N 63RD AVE,Maricopa,88.6,6th Grade
,Public,HIGHLAND PARK ELEMENTARY,230 N COLE DR,Maricopa,92.6,6th Grade
,Public,HIGLEY TRADITIONAL ACADEMY,3391 E VEST AVE,Maricopa,97.1,6th Grade
,Charter,HIRSCH ACADEMY A CHALLENGE FOUNDATION,6535 E OSBORN RD,Maricopa,90.5,6th Grade
,Public,HOLBROOK JUNIOR HIGH SCHOOL,412 W BUFFALO ST,Navajo,95.4,6th Grade
,Public,HOLIDAY PARK ELEMENTARY SCHOOL,4417 N 66TH AVE,Maricopa,98.8,6th Grade
,Public,HOLLINGER ELEMENTARY SCHOOL,150 W AJO WAY,Pima,100.0,6th Grade
,Public,HOLMES ELEMENTARY SCHOOL,948 S HORNE,Maricopa,98.7,6th Grade
,Public,HOMER DAVIS ELEMENTARY SCHOOL,4250 N ROMERO RD,Pima,100.0,6th Grade
,Charter,HORIZON HONORS ELEMENTARY SCHOOL,16233 S 48TH ST,Maricopa,93.4,6th Grade
,Public,HORIZON SCHOOL - GLENDALE,8520 N 47TH AVE,Maricopa,94.8,6th Grade
,Public,HUACHUCA CITY ELEMENTARY SCHOOL,100 SCHOOL DR,Cochise,100.0,6th Grade
,Public,HUACHUCA MOUNTAIN ELEMENTARY SCHOOL,3228 SAINT ANDREWS DR,Cochise,100.0,6th Grade
,Public,HURLEY RANCH ELEMENTARY,8950 W ILLINI ST,Maricopa,98.5,6th Grade
,Public,IGNACIO CONCHOS ELEMENTARY SCHOOL,1718 W. VINEYARD RD,Maricopa,100.0,6th Grade
,Charter,IMAGINE CHARTER SCHOOL AT BELL CANYON,18052 N BLACK CANYON HWY,Maricopa,87.5,6th Grade
,Charter,IMAGINE ELEMENTARY AT AVONDALE,950 N ELISIO C FELIX JR WAY,Maricopa,96.4,6th Grade
,Charter,IMAGINE ELEMENTARY AT CAMELBACK,5050 N 19TH AVE,Maricopa,94.1,6th Grade
,Charter,IMAGINE MIDDLE AT DESERT WEST,6800 W MCDOWELL RD,Maricopa,100.0,6th Grade
,Charter,IMAGINE MIDDLE AT SUPERSTITION,1843 W 16TH AVE,Pinal,84.6,6th Grade
,Charter,IMAGINE MIDDLE SCHOOL AT CORTEZ PARK,3535 W DUNLAP AVE,Maricopa,97.4,6th Grade
,Charter,IMAGINE SCHOOLS AT BUCKEYE,2400 SOUTH 247TH AVENUE,Maricopa,96.3,6th Grade
,Private,IMAGO DEI MIDDLE SCHOOL,55 N 6TH AVE,Pima,100.0,6th Grade
,Private,IMMACULATE CONCEPTION ELEMENTARY SCHOOL,501 S AVENUE B,Yuma,100.0,6th Grade
,Public,INCA ELEMENTARY SCHOOL,236000 W DURANGO ST,Maricopa,97.7,6th Grade
,Public,INDIAN BEND ELEMENTARY SCHOOL,3820 E NISBET ROAD,Maricopa,98.8,6th Grade
,Public,INDIAN OASIS PRIMARY SCHOOL - W MAIN ST,111 W MAIN ST,Pima,100.0,6th Grade
,Public,INDIAN WELLS ELEMENTARY,JUNCTION OF STATE ROUTE 77/15,Navajo,100.0,6th Grade
,Public,INGLESIDE MIDDLE SCHOOL,5402 E OSBORN RD,Maricopa,95.7,6th Grade
,Public,INSPIRATION MOUNTAIN SCHOOL,5757 WEST INSPIRATION MOUNTAIN PARKWAY,Maricopa,92.8,6th Grade
,Private,INTERNATIONAL SCHOOL OF ARIZONA,9522 E SAN SALVADOR DR,Maricopa,80.0,6th Grade
,Public,IRA A FULTON ELEMENTARY,4750 S SUNLAND DR,Maricopa,97.5,6th Grade
,Public,IRA A MURPHY SCHOOL,7231 W NORTH LN,Maricopa,94.6,6th Grade
,Public,IRENE LOPEZ SCHOOL,4610 S. 12TH ST,Maricopa,100.0,6th Grade
,Public,IRONWOOD ELEMENTARY SCHOOL - PHOENIX,14850 N 39TH AVE,Maricopa,93.9,6th Grade
,Public,IRONWOOD ELEMENTARY SCHOOL - TUCSON,3300 W FREER DR,Pima,97.1,6th Grade
,Public,IRVING ELEMENTARY SCHOOL,3220 E PUEBLO AVE,Maricopa,95.9,6th Grade
,Public,ISAAC MIDDLE SCHOOL,3402 W MCDOWELL RD,Maricopa,95.7,6th Grade
,Public,ISHIKAWA ELEMENTARY SCHOOL,2635 N 32ND ST,Maricopa,94.8,6th Grade
,Public,ISLANDS ELEMENTARY SCHOOL,245 S MCQUEEN RD,Maricopa,95.6,6th Grade
,Public,JACK BARNES ELEMENTARY SCHOOL,20750 S 214TH ST,Maricopa,95.6,6th Grade
,Public,JACK HARMON ELEMENTARY,39315 N CORTONA DR,Pinal,94.1,6th Grade
,Public,JACK L KUBAN ELEMENTARY SCHOOL,3201 W SHERMAN ST,Maricopa,98.0,6th Grade
,Public,JAMAICA ELEMENTARY SCHOOL,3427 JAMAICA BLVD,Mohave,98.3,6th Grade
,Public,JAMES KENDALL ZAHARIS ELEMENTARY,9410 E MCKELLIPS RD,Maricopa,93.6,6th Grade
,Public,JANE D. HULL ELEMENTARY,2424 E MAREN DR,Maricopa,94.5,6th Grade
,Public,JEFFERSON ELEMENTARY SCHOOL - MESA,120 S JEFFERSON AVE,Maricopa,95.4,6th Grade
,Public,JOHN & CAROL CARLSON ELEMENTARY,5400 S WHITE DR,Maricopa,97.6,6th Grade
,Public,JOHN F KENNEDY SCHOOL,1500 SUNSET DR,Pinal,95.0,6th Grade
,Public,JOHN F LONG SCHOOL,4407 N 55TH AVE,Maricopa,96.9,6th Grade
,Public,JOHN JACOBS ELEMENTARY SCHOOL,14421 N 23RD AVE,Maricopa,97.9,6th Grade
,Public,JOHN M ANDERSEN JR HIGH SCHOOL,1255 N DOBSON RD,Maricopa,97.1,6th Grade
,Public,JOHN MCCAIN III ELEMENTARY SCHOOL,3170 SOUTH 247TH AVENUE,Maricopa,98.9,6th Grade
,Public,JOHNSON ELEMENTARY SCHOOL,3807 E PUEBLO,Maricopa,94.8,6th Grade
,Public,JUSTINE SPITALNY ELEMENTARY SCHOOL,3201 N 46TH DR,Maricopa,98.8,6th Grade
,Public,KACHINA ELEMENTARY SCHOOL,5304 W CROCUS DR,Maricopa,96.0,6th Grade
,Public,KATHERINE MECHAM BARNEY ELEMENTARY,19684 S. 225TH PL.,Maricopa,94.6,6th Grade
,Public,KATHRYN SUE SIMONTON ELEMENTARY,40300 N SIMONTON BLVD,Pinal,91.1,6th Grade
,Public,KELLER ELEMENTARY SCHOOL,1445 E HILTON AVE,Maricopa,96.6,6th Grade
,Public,KENILWORTH ELEMENTARY SCHOOL,1210 N 5TH AVE,Maricopa,98.0,6th Grade
,Public,KERR ELEMENTARY SCHOOL,125 E MCLELLAN RD,Maricopa,89.9,6th Grade
,Charter,KEYSTONE MONTESSORI CHARTER SCHOOL,1025 E LIBERTY LN,Maricopa,90.0,6th Grade
,Charter,KHALSA MONTESSORI SCHOOL - RIVER RD,3701 E RIVER RD,Pima,87.5,6th Grade
,Private,KINDERTOTS,1118 W GLENDALE AVE,Maricopa,75.0,6th Grade
,Charter,KINGMAN ACADEMY OF LEARNING - MIDDLE SCHOOL,3269 N HARRISON ST,Mohave,93.7,6th Grade
,Public,KINGMAN MIDDLE SCHOOL,1969 DETROIT AVE,Mohave,88.0,6th Grade
,Public,KINGS RIDGE PREPARATORY ACADEMY,3650 S 64TH LN,Maricopa,82.8,6th Grade
,Public,KINGSWOOD ELEMENTARY SCHOOL,15150 W MONDELL RD,Maricopa,89.5,6th Grade
,Public,KNOX ELEMENTARY SCHOOL,700 W ORCHID LN,Maricopa,93.0,6th Grade
,Public,KYRENE AKIMEL A-AL MIDDLE SCHOOL,2720 E LIBERTY LN,Maricopa,91.5,6th Grade
,Public,KYRENE ALTADENA MIDDLE SCHOOL,14620 S DESERT FOOTHILLS PKWY,Maricopa,98.4,6th Grade
,Public,KYRENE APRENDE MIDDLE SCHOOL,777 N DESERT BREEZE BLVD EAST,Maricopa,95.6,6th Grade
,Public,KYRENE CENTENNIAL MIDDLE SCHOOL,13808 S 36TH ST,Maricopa,94.9,6th Grade
,Public,KYRENE DE LAS MANITAS SCHOOL,1201 W COURTNEY LN,Maricopa,96.7,6th Grade
,Public,KYRENE DEL PUEBLO MIDDLE SCHOOL,360 S TWELVE OAKS BLVD,Maricopa,97.8,6th Grade
,Public,KYRENE DEL SURENO SCHOOL,3375 W GALVESTON RD,Maricopa,95.5,6th Grade
,Public,KYRENE MIDDLE SCHOOL,1050 E CARVER RD,Maricopa,97.4,6th Grade
,Public,L THOMAS HECK MIDDLE SCHOOL,12448 W BETHANY HOME RD,Maricopa,90.9,6th Grade
,Public,LA CIMA MIDDLE SCHOOL,5600 N LA CANADA RD,Pima,97.1,6th Grade
,Charter,LA PALOMA ACADEMY - CENTRAL,2050 N WILMOT RD,Pima,98.7,6th Grade
,Charter,LA PALOMA ACADEMY - LAKESIDE,8140 E GOLF LINKS RD,Pima,96.5,6th Grade
,Charter,LA PALOMA ACADEMY SOUTH,5660 S 12TH AVE,Pima,98.3,6th Grade
,Public,LAFE NELSON SCHOOL,1100 10TH AVE,Graham,100.0,6th Grade
,Public,LAKE PLEASANT ELEMENTARY,31501 N WESTLAND RD,Maricopa,94.5,6th Grade
,Public,LAKEVIEW ELEMENTARY SCHOOL,3040 W YUCCA ST,Maricopa,96.7,6th Grade
,Public,LAKIN PREP ACADEMY,12050 W BROADWAY AVE,Maricopa,96.9,6th Grade
,Public,LARKSPUR ELEMENTARY SCHOOL,2430 E LARKSPUR DR,Maricopa,94.1,6th Grade
,Public,LARRY C KENNEDY SCHOOL,2702 E OSBORN RD,Maricopa,84.8,6th Grade
,Public,LAS BRISAS ACADEMY,18211 W LAS BRISAS DR,Maricopa,95.8,6th Grade
,Public,LAS BRISAS ELEMENTARY SCHOOL,5805 W ALAMEDA,Maricopa,92.3,6th Grade
,Public,LAS SENDAS ELEMENTARY SCHOOL,3120 N RED MOUNTAIN RD,Maricopa,96.3,6th Grade
,Public,LAURA N. BANKS ELEMENTARY,3200 S LEAD FLOWER AVE,Pima,97.5,6th Grade
,Public,LAVEEN ELEMENTARY SCHOOL,4141 W MCNEIL STREET,Maricopa,93.5,6th Grade
,Public,LAWRENCE W CROSS MIDDLE SCHOOL,1000 W CHAPALA DR,Pima,98.6,6th Grade
,Public,LE PERA ELEMENTARY SCHOOL,TAHBO RD AND MOHAVE RD,La Paz,100.0,6th Grade
,Charter,LEADING EDGE ACADEMY - EAST MESA CAMPUS,10115 E UNIVERSITY DR,Maricopa,100.0,6th Grade
,Charter,LEADING EDGE ACADEMY - GILBERT ELEMENTARY CAMPUS,717 W RAY RD,Maricopa,78.0,6th Grade
,Charter,LEADING EDGE ACADEMY - MARICOPA CAMPUS,18700 N PORTER RD,Pinal,92.0,6th Grade
,Charter,LEADING EDGE ACADEMY - MOUNTAIN VIEW CAMPUS,4815 W HUNT HWY,Pinal,95.5,6th Grade
,Charter,LEARNING FOUNDATION AND PERFORMING ARTS WARNER,3939 E WARNER RD,Maricopa,89.1,6th Grade
,Public,LEE KORNEGAY INTERMEDIATE SCHOOL,PO BOX 2070,Gila,93.3,6th Grade
,Charter,LEGACY ONLINE ACADEMY,3125 SOUTH GILBERT ROAD,Maricopa,77.8,6th Grade
,Charter,LEGACY TRADITIONAL CHARTER SCHOOL - GILBERT,2747 S RECKER RD,Maricopa,87.9,6th Grade
,Charter,LEGACY TRADITIONAL CHARTER SCHOOL - LAVEEN VILLAGE,7900 S 43RD AVE,Maricopa,93.4,6th Grade
,Charter,LEGACY TRADITIONAL SCHOOL - AVONDALE,12320 W VAN BUREN ST,Maricopa,95.3,6th Grade
,Charter,LEGACY TRADITIONAL SCHOOL - CASA GRANDE,1274 E O'NEIL DR,Pinal,97.5,6th Grade
,Charter,LEGACY TRADITIONAL SCHOOL - CHANDLER,3201 S GILBERT RD,Maricopa,93.5,6th Grade
,Charter,LEGACY TRADITIONAL SCHOOL - DEER VALLEY,2747 WEST UNION HILLS DRIVE,Maricopa,89.3,6th Grade
,Charter,LEGACY TRADITIONAL SCHOOL - EAST TUCSON,9290 EAST GOLF LINKS ROAD,Pima,94.4,6th Grade
,Charter,LEGACY TRADITIONAL SCHOOL - GLENDALE,13091 N 67TH AVE,Maricopa,91.6,6th Grade
,Charter,LEGACY TRADITIONAL SCHOOL - MARICOPA,17760 REGENT DR,Pinal,88.7,6th Grade
,Charter,LEGACY TRADITIONAL SCHOOL - NORTH CHANDLER,1900 N MCQUEEN RD,Maricopa,90.5,6th Grade
,Charter,LEGACY TRADITIONAL SCHOOL - NORTH PHOENIX,4545 N 99TH AVENUE,Maricopa,93.1,6th Grade
,Charter,LEGACY TRADITIONAL SCHOOL - NORTHWEST TUCSON,3500 W CORTARO FARMS RD,Pima,94.4,6th Grade
,Charter,LEGACY TRADITIONAL SCHOOL - PEORIA,7877 W. HILLCREST BLVD,Maricopa,89.6,6th Grade
,Charter,LEGACY TRADITIONAL SCHOOL - SAN TAN,1679 WEST EMPIRE BOULEVARD,Pinal,89.7,6th Grade
,Charter,LEGACY TRADITIONAL SCHOOL - WEST SURPRISE,17300 W CACTUS ROAD,Maricopa,95.5,6th Grade
,Charter,LEGACY TRADITIONAL SCHOOL SURPRISE,14506 W SWEETWATER AVE,Maricopa,97.0,6th Grade
,Charter,LEGACY TRADITIONAL SCHOOL- EAST MESA,10707 E GUADALUPE RD,Maricopa,94.5,6th Grade
,Charter,LEGACY TRADITIONAL SCHOOL- GOODYEAR,16060 W LOWER BUCKEYE PWY,Maricopa,96.9,6th Grade
,Charter,LEGACY TRADITIONAL SCHOOL-QUEEN CREEK,41800 N. BARNES PKWY,Pinal,93.1,6th Grade
,Public,LEGEND SPRINGS ELEMENTARY,21150 N ARROWHEAD LOOP,Maricopa,95.6,6th Grade
,Public,LEHI ELEMENTARY SCHOOL,2555 N STAPLEY DR,Maricopa,93.6,6th Grade
,Charter,LEMAN ACADEMY OF EXCELLENCE - EAST CAMPUS,10100 E GOLF LINKS RD,Pima,96.9,6th Grade
,Charter,LEMAN ACADEMY OF EXCELLENCE - MARANA,"7720 N SILVERBELL RD, BLDG 1 & 2",Pima,96.9,6th Grade
,Charter,LEMAN ACADEMY OF EXCELLENCE - ORO VALLEY,12255 N LA CAÑADA DRIVE,Pima,95.0,6th Grade
,Charter,LEMAN ACADEMY OF EXCELLENCE - SIERRA VISTA,1000 E. WILCOX DR,Cochise,100.0,6th Grade
,Charter,LEMAN ACADEMY OF EXCELLENCE CENTRAL TUCSON,6188 E PIMA STREET,Pima,93.8,6th Grade
,Public,LEONOR HAMBLY K-8,824 THORNE AVE,Gila,100.0,6th Grade
,Charter,LIBERTY ARTS ACADEMY,3015 S POWER RD,Maricopa,81.8,6th Grade
,Public,LIBERTY ELEMENTARY SCHOOL - TUCSON,5495 S LIBERTY AVE,Pima,100.0,6th Grade
,Public,LIBERTY ELEMENTARY SCHOOL-85254,5125 E MARILYN RD,Maricopa,92.3,6th Grade
,Public,LIBERTY ELEMENTARY SCHOOL-85326,19818 W HWY 85,Maricopa,97.3,6th Grade
,Charter,LIBERTY TRADITIONAL CHARTER SCHOOL - SADDLEBACK,3715 N WASHINGTON AVE,Cochise,100.0,6th Grade
,Public,LIBERTY TRADITIONAL SCHOOL PRESCOTT VALLEY,3300 N LAKE VALLEY RD,Yavapai,95.7,6th Grade
,Public,LINCOLN ELEMENTARY SCHOOL,930 S SIRRINE,Maricopa,96.2,6th Grade
,Public,LINDBERGH ELEMENTARY SCHOOL,930 S LAZONA DR,Maricopa,96.6,6th Grade
,Public,LITTLETON ELEMENTARY SCHOOL,1252 S 115TH AVE,Maricopa,97.6,6th Grade
,Public,LOMA LINDA ELEMENTARY SCHOOL,2002 E CLARENDON AVE,Maricopa,98.6,6th Grade
,Public,LONGFELLOW ELEMENTARY SCHOOL,345 S HALL ST,Maricopa,98.2,6th Grade
,Public,LONGVIEW ELEMENTARY SCHOOL,1209 E INDIAN SCHOOL RD,Maricopa,100.0,6th Grade
,Public,LOOKOUT MOUNTAIN SCHOOL,15 W CORAL GABLES DR,Maricopa,94.9,6th Grade
,Public,LORETTA ZUMBRO,2600 S 183RD AVE,Maricopa,94.6,6th Grade
,Private,LORETTO CATHOLIC SCHOOL,1200 14TH ST,Cochise,100.0,6th Grade
,Public,LOS AMIGOS ELEMENTARY SCHOOL,2200 E DREXEL RD,Pima,100.0,6th Grade
,Public,LOS NINOS ELEMENTARY SCHOOL,5445 S ALVERNON WAY,Pima,98.5,6th Grade
,Private,LOURDES CATHOLIC ELEMENTARY SCHOOL,555 E PATAGONIA HWY,Santa Cruz,97.2,6th Grade
,Public,LOWELL ELEMENTARY SCHOOL,920 E BROADWAY RD,Maricopa,100.0,6th Grade
,Public,LOWELL SCHOOL,1121 S 3RD AVE,Maricopa,87.5,6th Grade
,Public,LUKE ELEMENTARY SCHOOL,7300 N DYSART RD,Maricopa,97.6,6th Grade
,Public,LYNN URQUIDES ELEMENTARY SCHOOL,1573 W AJO WAY,Pima,100.0,6th Grade
,Public,MACARTHUR ELEMENTARY SCHOOL,1435 E MCLELLAN RD,Maricopa,90.2,6th Grade
,Public,MADISON #1 ELEMENTARY SCHOOL,5525 N 16TH ST,Maricopa,93.2,6th Grade
,Public,MADISON ELEMENTARY SCHOOL,849 S SUNNYVALE,Maricopa,96.0,6th Grade
,Public,MADISON MEADOWS SCHOOL,225 W OCOTILLO RD,Maricopa,92.1,6th Grade
,Public,MADISON PARK SCHOOL,1431 E CAMPBELL AVE,Maricopa,96.8,6th Grade
,Public,MADISON TRADITIONAL ACADEMY,925 E MARYLAND AVE,Maricopa,95.2,6th Grade
,Public,MADRID NEIGHBORHOOD SCHOOL,3736 W OSBORN RD,Maricopa,97.1,6th Grade
,Public,MAGEE MIDDLE SCHOOL,8300 E SPEEDWAY BLVD,Pima,98.6,6th Grade
,Public,MAGMA RANCH K-8 SCHOOL,10980 E DESERT MOUNTAIN BLVD,Pinal,97.2,6th Grade
,Public,MAGNET TRADITIONAL SCHOOL,2602 N 23RD AVE,Maricopa,100.0,6th Grade
,Public,MAMMOTH SAN MANUEL PK-12- JR/SR HIGH (6-12),711 MCNAB PARKWAY,Pinal,100.0,6th Grade
,Public,MANSFELD MIDDLE SCHOOL,1300 E 6TH ST,Pima,97.4,6th Grade
,Public,MANUEL PENA JR. ELEMENTARY SCHOOL,2550 N 79TH AVE,Maricopa,95.1,6th Grade
,Public,MANY FARMS PUBLIC SCHOOL - 86503,HWY 191,Apache,100.0,6th Grade
,Public,MANZANITA ELEMENTARY SCHOOL - PHOENIX,8430 N 39TH AVE,Maricopa,100.0,6th Grade
,Public,MARICOPA WELLS MIDDLE SCHOOL,45012 W HONEYCUTT AVE,Pinal,96.0,6th Grade
,Public,MARILYN THIELE WILSON SCHOOL - MESA,5619 E GLADE AVE,Maricopa,96.9,6th Grade
,Public,MARIONNEAUX ELEMENTARY SCHOOL,21455 W ROESER RD,Maricopa,96.7,6th Grade
,Public,MARJORIE W ESTES ELEMENTARY SCHOOL,11280 W GRIER RD,Pima,100.0,6th Grade
,Public,MARLEY PARK ELEMENTARY,15042 W SWEETWATER AVE,Maricopa,97.4,6th Grade
,Public,MARSHALL HUMPHREY II ELEMENTARY SCHOOL,125 S 132ND ST,Maricopa,90.0,6th Grade
,Public,MARSHALL RANCH ELEMENTARY SCHOOL,12995 N MARSHALL RANCH DR,Maricopa,96.6,6th Grade
,Public,MARY BELLE MCCORKLE,4455 S MISSION RD,Pima,100.0,6th Grade
,Public,MARY MCLEOD BETHUNE SCHOOL,1310 S 15TH AVE,Maricopa,93.8,6th Grade
,Public,MARYLAND ELEMENTARY SCHOOL,6503 N 21ST AVE,Maricopa,91.1,6th Grade
,Charter,MARYVALE PREPARATORY ACADEMY,4825 W CAMELBACK RD,Maricopa,94.9,6th Grade
,Charter,MASADA CHARTER SCHOOL,365 W CANNON AVE,Mohave,51.7,6th Grade
,Charter,MATH AND SCIENCE SUCCESS ACADEMY,434 W LERDO RD,Pima,100.0,6th Grade
,Public,MAURICE C CASH SCHOOL,3851 W ROESER RD,Maricopa,87.4,6th Grade
,Public,MAYER ELEMENTARY SCHOOL,12568 E MAIN ST,Yavapai,85.2,6th Grade
,Public,MCKEMY ACADEMY OF INTERNATIONAL STUDIES,2250 S COLLEGE AVE,Maricopa,95.8,6th Grade
,Public,MENDOZA ELEMENTARY SCHOOL,5831 E MCLELLAN RD,Maricopa,93.5,6th Grade
,Public,MERCURY MINE ELEMENTARY SCHOOL,9640 N 28TH ST,Maricopa,95.8,6th Grade
,Public,MERIDIAN ELEMENTARY,3900 S MOUNTAIN RD,Maricopa,95.8,6th Grade
,Public,MESA ACADEMY FOR ADVANCED STUDIES,6919 E BROWN RD,Maricopa,97.2,6th Grade
,Charter,MESA ARTS ACADEMY,221 W SIXTH AVE,Maricopa,90.5,6th Grade
,Public,MESA VIEW ELEMENTARY,HWY 191 & NAVAJO ROUTE 7,Apache,100.0,6th Grade
,Public,MESQUITE ELEMENTARY SCHOOL - GILBERT,1101 E MESQUITE ST,Maricopa,92.5,6th Grade
,Public,MICHAEL ANDERSON SCHOOL,45 S 3RD AVE,Maricopa,98.8,6th Grade
,Public,MICHAEL T. HUGHES ELEMENTARY SCHOOL,630 N HUNT DR,Maricopa,94.4,6th Grade
,Public,MILES-EXPLORATORY LEARNING CENTER,1400 E BROADWAY BLVD,Pima,100.0,6th Grade
,Charter,MINGUS SPRINGS CHARTER SCHOOL,3600 N SUNSET DR,Yavapai,76.2,6th Grade
,Public,MIRAGE ELEMENTARY SCHOOL,3910 W GROVERS AVE,Maricopa,97.7,6th Grade
,Public,MISSION MANOR ELEMENTARY SCHOOL,600 W SANTA ROSA ST,Pima,100.0,6th Grade
,Charter,MOHAVE ACCELERATED ELEMENTARY SCHOOL,625 MARINA BLVD,Mohave,100.0,6th Grade
,Public,MOHAVE MIDDLE SCHOOL,8490 E JACKRABBIT ROAD,Maricopa,92.1,6th Grade
,Public,MOHAVE VALLEY JUNIOR HIGH SCHOOL,6565 GIRARD AVE,Mohave,98.6,6th Grade
,Public,MONTE VISTA ELEMENTARY SCHOOL,3501 E OSBORN RD,Maricopa,100.0,6th Grade
,Charter,MONTESSORI EDUCATION CENTRE CHARTER SCHOOL-85204,2834 E SOUTHERN AVE,Maricopa,80.0,6th Grade
,Public,MOON MOUNTAIN SCHOOL,13425 N 19TH AVE,Maricopa,95.2,6th Grade
,Public,MORGAN MAXWELL SCHOOL,2802 W ANKLAM RD,Pima,100.0,6th Grade
,Public,MORRIS K. UDALL ESCUELA DE BELLAS ARTES,3715 W ROOSEVELT ST,Maricopa,98.7,6th Grade
,Public,MOUNT ELDEN MIDDLE SCHOOL,3323 N 4TH ST,Coconino,97.7,6th Grade
,Public,MOUNTAIN SHADOWS ELEMENTARY SCHOOL,19602 N 45TH AVE,Maricopa,98.2,6th Grade
,Public,MOUNTAIN TRAIL ACADEMY,5626 S MOUNTAIN RD,Maricopa,87.0,6th Grade
,Public,MOUNTAIN VIEW ELEMENTARY SCHOOL - PHOENIX,801 W PEORIA AVE,Maricopa,99.2,6th Grade
,Public,MOUNTAIN VIEW PREPARATORY,2939 E DEL RIO DRIVE,Yavapai,92.5,6th Grade
,Public,MOUNTAIN VIEW SCHOOL,18302 W BURTON AVE,Maricopa,97.7,6th Grade
,Private,MOUNTAIN VISTA SCHOOL,2618 EL PASEO,Pinal,100.0,6th Grade
,Public,MOUNTAINSIDE MIDDLE SCHOOL,11256 N 128TH ST,Maricopa,94.7,6th Grade
,Public,NACO ELEMENTARY SCHOOL,1911 W VALENZUELA ST,Cochise,100.0,6th Grade
,Public,NADABURG ELEMENTARY SCHOOL,21419 W DOVE VALLEY RD,Maricopa,96.4,6th Grade
,Public,NAUTILUS ELEMENTARY SCHOOL,1425 PATRICIAN DR,Mohave,96.2,6th Grade
,Public,NAVARRETE ELEMENTARY,6490 SOUTH SUN GROVES BOULEVARD,Maricopa,97.1,6th Grade
,Public,NAYLOR MIDDLE SCHOOL,1701 S COLUMBUS BLVD,Pima,100.0,6th Grade
,Public,NEELY TRADITIONAL ACADEMY,500 E HOUSTON AVENUE,Maricopa,95.7,6th Grade
,Public,NEW RIVER ELEMENTARY SCHOOL,48827 N BLACK CANYON HWY,Maricopa,91.3,6th Grade
,Charter,NEW SCHOOL FOR THE ARTS MIDDLE SCHOOL,1216 E APACHE BLVD,Maricopa,68.2,6th Grade
,Private,NEW VISTAS ACADEMY,"670 N ARIZONA AVE, STE 35",Maricopa,95.7,6th Grade
,Private,NEW WAY ACADEMY,5048 E OAK ST,Maricopa,95.7,6th Grade
,Private,NOAH WEBSTER SCHOOLS - MESA,7301 E BASELINE RD,Maricopa,96.7,6th Grade
,Charter,NOAH WEBSTER SCHOOLS-PIMA,5399 N PIMA RD,Maricopa,96.2,6th Grade
,Public,NORTERRA CANYON K-8,2200 W MAYA WAY,Maricopa,87.5,6th Grade
,Public,NORTH RANCH ELEMENTARY SCHOOL,16406 N 61ST PL,Maricopa,94.2,6th Grade
,Private,NORTH VALLEY CHRISTIAN ACADEMY,33655 N 27TH DR,Maricopa,72.4,6th Grade
,Charter,NORTHLAND PREPARATORY ACADEMY,3300 E SPARROW AVE,Coconino,93.4,6th Grade
,Private,NORTHWEST CHRISTIAN SCHOOL - MAIN CAMPUS,16615 N 43RD AVE,Maricopa,74.4,6th Grade
,Charter,NOSOTROS ACADEMY,440 N GRANDE AVE,Pima,92.9,6th Grade
,Public,OAK CREEK SCHOOL,11490 PURPLE SAGE DR,Yavapai,80.0,6th Grade
,Public,OAK TREE ELEMENTARY,505 W HOUSTON,Maricopa,98.4,6th Grade
,Public,OAKWOOD ELEMENTARY SCHOOL,12900 N 71ST AVE,Maricopa,90.3,6th Grade
,Public,OASIS ELEMENTARY SCHOOL,7841 W SWEETWATER AVE,Maricopa,98.6,6th Grade
,Public,OCOTILLO SCHOOL,3225 W OCOTILLO RD,Maricopa,98.7,6th Grade
,Charter,ODYSSEY INSTITUTE FOR ADVANDED STUDIES,1495 S AIRPORT RD,Maricopa,94.5,6th Grade
,Public,OLD VAIL MIDDLE SCHOOL,13299 E COLOSSAL CAVE RD,Pima,92.9,6th Grade
,Public,ORANGE GROVE ELEMENTARY SCHOOL,3525 W COUNTY 16 1/2 ST,Yuma,100.0,6th Grade
,Public,ORANGE GROVE MIDDLE SCHOOL,1911 E ORANGE GROVE RD,Pima,97.7,6th Grade
,Public,ORANGEWOOD ELEMENTARY SCHOOL,7337 N 19TH AVE,Maricopa,97.6,6th Grade
,Public,ORO GRANDE ELEMENTARY SCHOOL,1250 PAWNEE DR,Mohave,89.7,6th Grade
,Private,OUR LADY OF MOUNT CARMEL SCHOOL,2117 S RURAL RD,Maricopa,90.7,6th Grade
,Private,OUR LADY OF PERPETUAL HELP SCHOOL-85251,3801 N MILLER RD,Maricopa,96.0,6th Grade
,Private,OUR LADY OF PERPETUAL HELP SCHOOL-85301,5614 W ORANGEWOOD AVE,Maricopa,100.0,6th Grade
,Public,PAGE MIDDLE SCHOOL,101 EL MIRAGE,Coconino,88.4,6th Grade
,Public,PALM LANE ELEMENTARY SCHOOL,2043 N 64TH DR,Maricopa,100.0,6th Grade
,Public,PALM VALLEY ELEMENTARY,2801 N 135TH AVE,Maricopa,96.2,6th Grade
,Public,PALO VERDE ELEMENTARY SCHOOL,10700 S PALO VERDE RD,Maricopa,95.2,6th Grade
,Public,PALOMINAS ELEMENTARY SCHOOL,10385 E HWY 92,Cochise,89.3,6th Grade
,Public,PALOMINO INTERMEDIATE SCHOOL,15815 N 29TH ST,Maricopa,98.4,6th Grade
,Charter,PAN-AMERICAN ELEMENTARY CHARTER SCHOOL,8305 W THOMAS ROAD,Maricopa,98.1,6th Grade
,Public,PAPAGO SCHOOL,2013 N 36TH ST,Maricopa,98.6,6th Grade
,Charter,PARADISE HONORS MIDDLE SCHOOL,12805 N 175TH AVE,Maricopa,91.1,6th Grade
,Private,PARADISE VALLEY CHRISTIAN PREPARATORY,11875 N 24TH ST,Maricopa,59.3,6th Grade
,Charter,PARAGON SCIENCE ACADEMY,2975 W LINDA LN,Maricopa,95.9,6th Grade
,Private,PARDES JEWISH DAY SCHOOL,12753 N SCOTTSDALE RD,Maricopa,81.0,6th Grade
,Public,PARK MEADOWS ELEMENTARY SCHOOL,20012 N 35TH AVE,Maricopa,98.7,6th Grade
,Public,PARKRIDGE ELEMENTARY,9970 W BEARDSLEY RD,Maricopa,98.9,6th Grade
,Public,PASEO HILLS ELEMENTARY,3302 W LOUISE DR,Maricopa,98.8,6th Grade
,Public,PASEO POINTE SCHOOL,8800 S 55TH AVE,Maricopa,96.9,6th Grade
,Public,PASEO VERDE ELEMENTARY SCHOOL,7880 W GREENWAY RD,Maricopa,94.9,6th Grade
,Public,PAT TILLMAN MIDDLE SCHOOL,4309 E BELLEVIEW ST,Maricopa,91.0,6th Grade
,Charter,PATHFINDER ACADEMY,2906 N BOULDER CANYON,Maricopa,79.3,6th Grade
,Public,PATTERSON ELEMENTARY SCHOOL,1211 E GUADALUPE RD,Maricopa,93.1,6th Grade
,Public,PAUL H HUBER JR HIGH SCHOOL,1650 WASHINGTON AVE,Cochise,100.0,6th Grade
,Public,PEDRO GUERRERO ELEMENTARY,463 S ALMA SCHOOL RD,Maricopa,96.9,6th Grade
,Public,PENDERGAST ELEMENTARY SCHOOL,3802 N 91ST AVE,Maricopa,97.2,6th Grade
,Charter,PENSAR ACADEMY,6135 N BLACK CANYON HIGHWAY,Maricopa,97.7,6th Grade
,Public,PEORIA ELEMENTARY SCHOOL,11501 N 79TH AVE,Maricopa,97.9,6th Grade
,Public,PEORIA TRADITIONAL SCHOOL,21180 N 87TH AVE,Maricopa,92.7,6th Grade
,Public,PERALTA ELEMENTARY SCHOOL,7125 W ENCANTO BLVD,Maricopa,100.0,6th Grade
,Public,PERCY L JULIAN SCHOOL,2149 E CARVER DR,Maricopa,98.0,6th Grade
,Private,PHOENIX CHRISTIAN PREPARATORY ELEMENTARY,4002 N 18TH AVE,Maricopa,94.0,6th Grade
,Private,PHOENIX COUNTRY DAY SCHOOL,3901 E STANFORD DR,Maricopa,93.8,6th Grade
,Public,PICTURE ROCKS ELEMENTARY SCHOOL,5875 N SANDERS RD,Pima,98.5,6th Grade
,Public,PIMA ELEMENTARY SCHOOL - GRAHAM,101 S MAIN ST,Graham,96.8,6th Grade
,Public,PINNACLE PEAK ELEMENTARY,7690 E WILLIAMS DR,Maricopa,92.2,6th Grade
,Public,PINON MIDDLE SCHOOL,NAVAJO HWY 41,Navajo,100.0,6th Grade
,Public,PIONEER ELEMENTARY SCHOOL-85234,1535 N GREENFIELD RD,Maricopa,96.0,6th Grade
,Public,PIONEER ELEMENTARY SCHOOL-85306,6315 W PORT AU PRINCE LN,Maricopa,96.2,6th Grade
,Charter,PIONEER PREPARATORY - A CHALLENGE FOUNDATION,6510 W CLARENDON AVE,Maricopa,96.2,6th Grade
,Public,PISTOR MIDDLE SCHOOL,5455 S CARDINAL AVE,Pima,97.0,6th Grade
,Public,PLAYA DEL REY ELEMENTARY SCHOOL,550 N HORNE,Maricopa,95.0,6th Grade
,Public,POMEROY ELEMENTARY SCHOOL,1507 W SHAWNEE DR,Maricopa,97.2,6th Grade
,Public,PORFIRIO H. GONZALES ELEMENTARY SCHOOL,9401 W GARFIELD ST,Maricopa,98.6,6th Grade
,Public,PORTER ELEMENTARY SCHOOL,1350 S LINDSAY,Maricopa,94.4,6th Grade
,Public,POWER RANCH ELEMENTARY,4351 S RANCH HOUSE PARKWAY,Maricopa,90.0,6th Grade
,Charter,PRESCOTT VALLEY SCHOOL,9500 E. LORNA LN,Yavapai,96.4,6th Grade
,Charter,PRESIDIO SCHOOL,1695 E FORT LOWELL RD,Pima,97.1,6th Grade
,Charter,PRIMAVERA - ONLINE,2471 N ARIZONA AVE,Maricopa,84.3,6th Grade
,Public,PRONGHORN RIDGE MIDDLE SCHOOL,6411 N ROBERT ROAD,Yavapai,92.6,6th Grade
,Public,PUEBLO DEL SOL ELEMENTARY SCHOOL,5130 PASEO LAS PALMAS,Cochise,97.9,6th Grade
,Public,PUEBLO DEL SOL MIDDLE SCHOOL,3449 N 39TH AVE,Maricopa,97.5,6th Grade
,Public,PUEBLO GARDENS ELEMENTARY SCHOOL,2210 E 33RD,Pima,100.0,6th Grade
,Private,PUSCH RIDGE CHRISTIAN ACADEMY UPPER SCHOOL,9500 N ORACLE RD,Pima,94.5,6th Grade
,Public,QUAIL RUN ELEMENTARY SCHOOL - PHOENIX,3303 E UTOPIA RD,Maricopa,88.8,6th Grade
,Public,QUAIL RUN ELEMENTARY SCHOOL - TUCSON,4600 W CORTARO FARMS RD,Pima,98.8,6th Grade
,Public,QUARTZ HILL ELEMENTARY,3680 S QUARTZ ST,Maricopa,91.0,6th Grade
,Public,QUEEN CREEK ELEMENTARY SCHOOL,23636 S 204TH ST,Maricopa,97.1,6th Grade
,Private,QUEEN OF PEACE CATHOLIC SCHOOL,109 N MACDONALD ST,Maricopa,100.0,6th Grade
,Public,QUENTIN ELEMENTARY,11050 W WHYMAN AVE,Maricopa,100.0,6th Grade
,Public,R PETE WOODARD JR HIGH SCHOOL,2250 S 8TH AVE,Yuma,97.8,6th Grade
,Public,RAINBOW VALLEY ELEMENTARY SCHOOL,19716 W NARRAMORE RD,Maricopa,67.7,6th Grade
,Public,RANCH ELEMENTARY SCHOOL,43521 N KENWORTHY RD,Pinal,100.0,6th Grade
,Private,RANCHO SOLANO PREPARATORY SCHOOL - VENTURA,9180 E VIA DE VENTURA,Maricopa,89.6,6th Grade
,Public,RATTLESNAKE RIDGE ELEMENTARY,8500 N CONTINENTAL LOOP DR,Pima,93.2,6th Grade
,Public,RAY BORANE MIDDLE SCHOOL,840 E 12TH ST,Cochise,99.1,6th Grade
,Public,RED MOUNTAIN RANCH ELEMENTARY,6650 E RAFTRIVER RD,Maricopa,98.4,6th Grade
,Public,RED ROCK ELEMENTARY SCHOOL,20854 E HOMESTEAD DR,Pinal,90.2,6th Grade
,Public,REDBIRD ELEMENTARY SCHOOL,1020 S EXTENSION,Maricopa,98.3,6th Grade
,Charter,REID TRADITIONAL SCHOOL PAINTED ROCK ACADEMY,14800 N 25TH DRIVE,Maricopa,93.5,6th Grade
,Charter,REID TRADITIONAL SCHOOLS - VALLEY ACADEMY,1520 W ROSE GARDEN LN,Maricopa,97.0,6th Grade
,Public,RICHARD B WILSON JR SCHOOL - TUCSON,2330 W GLOVER RD,Pima,99.4,6th Grade
,Charter,RIDGELINE ACADEMY,33625 N NORTH VALLEY PKWY,Maricopa,94.7,6th Grade
,Public,RIGGS ELEMENTARY,6930 SOUTH SEVILLE BOULEVARD WEST,Maricopa,94.7,6th Grade
,Public,RIM COUNTRY MIDDLE SCHOOL,304 S MEADOW LN,Gila,89.2,6th Grade
,Public,RINCON VISTA MIDDLE SCHOOL,10770 E BILBY RD,Pima,98.3,6th Grade
,Public,RIO COLORADO ELEMENTARY SCHOOL,1055 N MAIN ST,Yuma,100.0,6th Grade
,Public,RIO VISTA ELEMENTARY,10237 W ENCANTO BLVD,Maricopa,97.3,6th Grade
,Public,RIVERA ELEMENTARY,5102 S CHERRY AVE,Pima,100.0,6th Grade
,Charter,RIVERBEND PREP,5625 S 51ST AVE,Maricopa,92.9,6th Grade
,Public,RIVERVIEW SCHOOL,12701 N MAIN ST,Maricopa,96.1,6th Grade
,Public,ROADRUNNER ELEMENTARY SCHOOL-85051,7702 N 39TH AVE,Maricopa,95.4,6th Grade
,Public,ROADRUNNER ELEMENTARY SCHOOL-85653,16651 W CALLE CARMELA,Pima,92.3,6th Grade
,Public,ROBERT AND DANELL TARWATER ELEMENTARY,2300 SOUTH GARDNER DRIVE,Maricopa,93.9,6th Grade
,Public,ROBERT RICE ELEMENTARY,1290 E. OCOTILLO ROAD,Maricopa,98.0,6th Grade
,Public,ROBERT RICHARDSON ELEMENTARY SCHOOL,6901 N CAMINO DE LA TIERRA,Pima,93.6,6th Grade
,Public,ROBINS ELEMENTARY SCHOOL,3939 N MAGNETITE LN,Pima,94.4,6th Grade
,Public,ROBSON ELEMENTARY SCHOOL,2122 E PUEBLO AVE,Maricopa,100.0,6th Grade
,Public,ROGERS RANCH SCHOOL,6735 S 47TH AVE,Maricopa,92.6,6th Grade
,Public,RON WATSON MIDDLE SCHOOL,9851 E 28TH ST,Yuma,100.0,6th Grade
,Public,RONALD REAGAN FUNDAMENTAL SCHOOL,3200 W 16TH ST,Yuma,100.0,6th Grade
,Public,ROOSEVELT ELEMENTARY SCHOOL,828 S VALENCIA,Maricopa,92.5,6th Grade
,Public,ROSKRUGE BILINGUAL K-8 SCHOOL,501 E 6TH ST,Pima,99.0,6th Grade
,Public,ROUND VALLEY INTERMEDIATE SCHOOL,165 S BROWN ST,Apache,98.7,6th Grade
,Public,ROYAL PALM MIDDLE SCHOOL,8520 N 19TH AVE,Maricopa,92.8,6th Grade
,Public,RUDY G BOLOGNA ELEMENTARY,1625 E FRY RD,Maricopa,85.1,6th Grade
,Public,RUTH FISHER ELEMENTARY SCHOOL,38201 W INDIAN SCHOOL RD,Maricopa,95.2,6th Grade
,Public,RUTH POWELL ELEMENTARY SCHOOL,1041 S 14TH AVE,Graham,94.7,6th Grade
,Public,SACATON MIDDLE SCHOOL,SKILL CENTER RD,Pinal,100.0,6th Grade
,Public,SAFFORD ELEMENTARY SCHOOL,200 E 13TH ST,Pima,91.8,6th Grade
,Public,SAGUARO CREEK K-8,8150 S ROCKING K RANCH LOOP,Pima,95.1,6th Grade
,Public,SAHUARITA MIDDLE SCHOOL,350 W SAHUARITA RD,Pima,96.9,6th Grade
,Public,SAHUARO RANCH ELEMENTARY SCHOOL,10401 N 63RD AVE,Maricopa,92.9,6th Grade
,Public,SAHUARO SCHOOL,12835 N 33RD AVE,Maricopa,96.1,6th Grade
,Private,SAINT AMBROSE SCHOOL,300 S TUCSON BLVD,Pima,100.0,6th Grade
,Private,SAINT CYRIL OF ALEXANDRIA SCHOOL,4725 E PIMA ST,Pima,100.0,6th Grade
,Public,SAINT DAVID ELEMENTARY SCHOOL,70 PATTON HWY,Cochise,92.1,6th Grade
,Private,SAINT FRANCIS OF ASSISI SCHOOL,700 W 18TH ST,Yuma,100.0,6th Grade
,Private,SAINT FRANCIS XAVIER SCHOOL,4715 N CENTRAL AVE,Maricopa,98.6,6th Grade
,Private,SAINT GREGORY SCHOOL,3440 N 18TH AVE,Maricopa,97.8,6th Grade
,Private,SAINT JEROME CATHOLIC SCHOOL,10815 N 35TH AVE,Maricopa,100.0,6th Grade
,Private,SAINT JOHN THE EVANGELIST SCHOOL,600 W AJO WAY,Pima,97.5,6th Grade
,Private,SAINT JOHN VIANNEY CATHOLIC SCHOOL,539 LA PASADA BLVD,Maricopa,100.0,6th Grade
,Private,SAINT JOHN XXIII CATHOLIC SCHOOL,16235 N 60TH ST,Maricopa,95.6,6th Grade
,Public,SAINT JOHNS MIDDLE SCHOOL,555 W 7TH SOUTH,Apache,92.5,6th Grade
,Private,SAINT LOUIS THE KING SCHOOL,4331 W MARYLAND AVE,Maricopa,100.0,6th Grade
,Private,SAINT MICHAEL'S PARISH DAY SCHOOL,602 N WILMOT RD,Pima,87.9,6th Grade
,Private,SAINT PETER INDIAN MISSION SCHOOL,1500 N ST PETER RD,Pinal,100.0,6th Grade
,Private,SAINT THERESA CATHOLIC SCHOOL,5001 E THOMAS RD,Maricopa,96.3,6th Grade
,Private,SAINT THOMAS AQUINAS GRADE SCHOOL,13720 W THOMAS RD,Maricopa,92.6,6th Grade
,Private,SAINT THOMAS THE APOSTLE CATHOLIC SCHOOL,4510 N 24TH ST,Maricopa,98.3,6th Grade
,Private,SAINT TIMOTHY CATHOLIC SCHOOL,2520 S ALMA SCHOOL RD,Maricopa,87.5,6th Grade
,Private,SAINT VINCENT DE PAUL CATHOLIC SCHOOL,3130 N 51ST AVE,Maricopa,46.5,6th Grade
,Private,SAINTS PETER & PAUL CATHOLIC SCHOOL,1436 N CAMPBELL AVE,Pima,100.0,6th Grade
,Private,SAINTS SIMON AND JUDE SCHOOL,6351 N 27TH AVE,Maricopa,96.2,6th Grade
,Public,SALIDA DEL SOL ELEMENTARY,910 S AVENUE C,Yuma,100.0,6th Grade
,Public,SALK ELEMENTARY SCHOOL,7029 E BROWN RD,Maricopa,96.8,6th Grade
,Public,SAN CARLOS JUNIOR HIGH SCHOOL,RTE 6 NEAR SKILL CENTER,Gila,99.1,6th Grade
,Public,SAN MARCOS ELEMENTARY SCHOOL,451 W FRYE RD,Maricopa,94.4,6th Grade
,Charter,SAN TAN CHARTER SCHOOL,3959 E ELLIOT RD,Maricopa,75.0,6th Grade
,Public,SAN TAN ELEMENTARY,3443 E CALISTOGA DR,Maricopa,97.9,6th Grade
,Public,SAN TAN HEIGHTS ELEMENTARY,2500 W SAN TAN HEIGHTS BLVD,Pinal,98.2,6th Grade
,Public,SANBORN ELEMENTARY SCHOOL,7300 N SUPERSTITION BLVD,Maricopa,96.2,6th Grade
,Public,SANDPIPER ELEMENTARY SCHOOL,6724 E HEARN RD,Maricopa,88.6,6th Grade
,Public,SANDRA DAY O'CONNOR ELEMENTARY SCHOOL,4840 E. ADOBE ST,Maricopa,95.7,6th Grade
,Public,SANTA CLARA ELEMENTARY SCHOOL,6910 S SANTA CLARA AVE,Pima,98.4,6th Grade
,Private,SANTA CRUZ CATHOLIC SCHOOL,29 W 22ND ST,Pima,100.0,6th Grade
,Public,SANTA FE ELEMENTARY SCHOOL,9880 N 77TH AVE,Maricopa,94.0,6th Grade
,Public,SANTA MARIA MIDDLE SCHOOL,7250 W LOWER BUCKEYE RD,Maricopa,98.9,6th Grade
,Public,SANTAN ELEMENTARY SCHOOL,1550 E CHANDLER HEIGHTS RD,Maricopa,97.9,6th Grade
,Public,SCHNEPF ELEMENTARY,26161 SOUTH 231ST STREET,Maricopa,93.2,6th Grade
,Charter,SCHOLARS ACADEMY SUNNYSLOPE,1055 EAST HEARN ROAD,Maricopa,100.0,6th Grade
,Private,SCOTTSDALE CHRISTIAN ACADEMY,14400 N TATUM BLVD,Maricopa,76.0,6th Grade
,Charter,SCOTTSDALE PREPARATORY ACADEMY,16537 N 92ND ST,Maricopa,90.7,6th Grade
,Public,SECRIST MIDDLE SCHOOL,3400 S HOUGHTON RD,Pima,98.4,6th Grade
,Charter,SELF DEVELOPMENT ACADEMY PHOENIX,1515 E INDIAN SCHOOL RD,Maricopa,96.6,6th Grade
,Charter,SELF DEVELOPMENT CHARTER SCHOOL-85202,1709 N GREENFIELD RD,Maricopa,90.0,6th Grade
,Charter,SEQUOIA CHARTER ELEMENTARY SCHOOL,1460 S HORNE,Maricopa,90.2,6th Grade
,Charter,SEQUOIA CHOICE SCHOOL ARIZONA DISTANCE LEARNING SCHOOL,1460 S HORNE,Maricopa,75.7,6th Grade
,Charter,SEQUOIA PATHFINDER ACADEMY AT EASTMARK,4816 S EASTMARK PKWY,Maricopa,94.4,6th Grade
,Charter,SEQUOIA PATHFINDER ACADEMY AT VERRADO WAY AND I-10,20370 WEST ROOSEVELT STREET,Maricopa,91.2,6th Grade
,Charter,SEQUOIA PATHWAY ACADEMY,19265 N. PORTER RD,Pinal,96.2,6th Grade
,Public,SETTLERS POINT ELEMENTARY,423 E SETTLERS POINT,Maricopa,93.9,6th Grade
,Public,SEVILLA WEST SCHOOL,3851 W MISSOURI AVE,Maricopa,98.7,6th Grade
,Public,SHAW BUTTE SCHOOL,12202 N 21ST AVE,Maricopa,98.5,6th Grade
,Public,SHEELY FARMS ELEMENTARY SCHOOL,9450 W ENCANTO BLVD,Maricopa,100.0,6th Grade
,Public,SHOW LOW JUNIOR HIGH SCHOOL,500 W OLD LINDEN RD,Navajo,84.4,6th Grade
,Public,SHUMWAY ELEMENTARY SCHOOL,1325 N SHUMWAY AVE,Maricopa,100.0,6th Grade
,Public,SIERRA MIDDLE SCHOOL,5801 S DEL MORAL BLVD,Pima,100.0,6th Grade
,Public,SIERRA VERDE ELEMENTARY,7241 W ROSE GARDEN LN,Maricopa,92.8,6th Grade
,Public,SILVER VALLEY ELEMENTARY,9737 E TOLDEO AVE,Maricopa,90.1,6th Grade
,Public,SINAGUA MIDDLE SCHOOL,3950 E BUTLER AVE,Coconino,96.5,6th Grade
,Public,SIRRINE ELEMENTARY SCHOOL,591 W MESQUITE ST,Maricopa,84.4,6th Grade
,Public,SKY CROSSING ELEMENTARY SCHOOL,3300 EAST SKY CROSSING WAY,Maricopa,96.5,6th Grade
,Public,SKY VIEW ELEMENTARY SCHOOL,8624 W SWEETWATER,Maricopa,91.5,6th Grade
,Charter,SKYLINE GILA RIVER,CASA BLANCA & PRESCHOOL RD,Pinal,100.0,6th Grade
,Public,SKYLINE RANCH ELEMENTARY,1084 W SAN TAN HILLS DR,Pinal,93.8,6th Grade
,Charter,SKYVIEW SCHOOL,125 S RUSH ST,Yavapai,91.7,6th Grade
,Public,SMOKETREE ELEMENTARY SCHOOL,2395 SMOKETREE AVE,Mohave,92.0,6th Grade
,Public,SNOWFLAKE INTERMEDIATE SCHOOL,62 WEST 2ND SOUTH,Navajo,95.9,6th Grade
,Public,SOLANO SCHOOL,1526 W MISSOURI AVE,Maricopa,81.6,6th Grade
,Public,SOLENG TOM ELEMENTARY SCHOOL,10520 E CAMINO QUINCE,Pima,100.0,6th Grade
,Public,SONOMA RANCH ELEMENTARY SCHOOL,601 N BISCAYNE DR,Maricopa,96.7,6th Grade
,Public,SONORAN FOOTHILLS SCHOOL,32150 N NORTH FOOTHILLS DR,Maricopa,94.9,6th Grade
,Public,SONORAN HEIGHTS MIDDLE SCHOOL,11405 N GREER RANCH PKWY,Maricopa,98.6,6th Grade
,Charter,SONORAN SCIENCE ACADEMY - PHOENIX,3535 E MCDOWELL ROAD,Maricopa,93.8,6th Grade
,Charter,SONORAN SCIENCE ACADEMY - TUCSON,2325 E. SUNSET RD,Pima,100.0,6th Grade
,Charter,SONORAN SCIENCE ACADEMY EAST,7450 E STELLA RD,Pima,100.0,6th Grade
,Public,SONORAN SKY ELEMENTARY SCHOOL-85260,12990 N 75TH ST,Maricopa,91.2,6th Grade
,Public,SONORAN SKY ELEMENTARY SCHOOL-85307,10150 W MISSOURI AVE,Maricopa,96.0,6th Grade
,Public,SONORAN TRAILS MIDDLE SCHOOL,5555 E PINNACLE VISTA,Maricopa,94.0,6th Grade
,Public,SOUSA ELEMENTARY SCHOOL,616 N MOUNTAIN RD,Maricopa,98.0,6th Grade
,Charter,SOUTH POINTE PUBLIC CHARTER ELEMENTARY,2033 E SOUTHERN AVE,Maricopa,85.7,6th Grade
,Charter,SOUTH VALLEY PREP AND ARTS SCHOOL,7450 S 40TH ST,Maricopa,96.2,6th Grade
,Public,SOUTHWEST ELEMENTARY SCHOOL,1111 W DOBBINS RD,Maricopa,98.2,6th Grade
,Public,SPECTRUM ELEMENTARY,2846 S SPECTRUM WAY,Maricopa,93.4,6th Grade
,Private,ST ELIZABETH ANN SETON SCHOOL,8650 N SHANNON RD,Pima,100.0,6th Grade
,Private,ST. MARY BASHA CATHOLIC SCHOOL,200 W GALVESTON ST,Maricopa,98.0,6th Grade
,Public,STANFIELD ELEMENTARY SCHOOL,515 S STANFIELD RD,Pinal,100.0,6th Grade
,Public,STARLIGHT PARK SCHOOL,7960 W OSBORN RD,Maricopa,99.1,6th Grade
,Charter,STEPPING STONES ACADEMY,35812 N 7TH ST,Maricopa,66.7,6th Grade
,Public,STETSON HILLS ELEMENTARY,25475 N STETSON HILLS LOOP RD,Maricopa,90.6,6th Grade
,Public,STEVEN R JASINSKI ELEMENTARY SCHOOL,4280 S 246TH AVE,Maricopa,93.7,6th Grade
,Public,STEVENSON ELEMENTARY SCHOOL - MESA,638 S 96TH ST,Maricopa,93.8,6th Grade
,Public,SUMMIT ACADEMY,1560 W SUMMIT PL,Maricopa,91.7,6th Grade
,Public,SUMMIT VIEW ELEMENTARY,1900 E SUMMIT ST,Pima,100.0,6th Grade
,Charter,SUN VALLEY ACADEMY - AVONDALE,1515 N 117TH AVENUE,Maricopa,90.3,6th Grade
,Charter,SUN VALLEY ACADEMY - GLENDALE,8229 W BETHANY HOME RD,Maricopa,93.8,6th Grade
,Charter,SUN VALLEY ACADEMY - PHOENIX,2675 W BASELINE RD,Maricopa,92.5,6th Grade
,Public,SUN VALLEY ELEMENTARY,3667 SAN LUIS LANE,Yuma,100.0,6th Grade
,Public,SUN VALLEY ELEMENTARY SCHOOL,8361 N 95TH AVE,Maricopa,94.9,6th Grade
,Public,SUNBURST ELEMENTARY SCHOOL,14218 N 47TH AVE,Maricopa,98.9,6th Grade
,Public,SUNDANCE ELEMENTARY SCHOOL-85326,23800 W HADLEY ST,Maricopa,96.4,6th Grade
,Public,SUNDANCE ELEMENTARY SCHOOL-85345,7051 W CHOLLA ST,Maricopa,93.0,6th Grade
,Public,SUNLAND ELEMENTARY SCHOOL,5401 S 7TH AVE,Maricopa,98.2,6th Grade
,Public,SUNNYSLOPE ELEMENTARY SCHOOL,245 EAST MOUNTAIN VIEW ROAD,Maricopa,96.2,6th Grade
,Public,SUNRISE ELEMENTARY SCHOOL - PHOENIX,17624 N 31ST AVE,Maricopa,96.0,6th Grade
,Public,SUNSET ELEMENTARY SCHOOL-85033,6602 W OSBORN RD,Maricopa,99.1,6th Grade
,Public,SUNSET HEIGHTS ELEMENTARY SCHOOL-85382,9687 W ADAM AVE,Maricopa,98.4,6th Grade
,Public,SUNSET HILLS ELEMENTARY-85379,17825 WEST SIERRA MONTANA LOOP,Maricopa,94.6,6th Grade
,Public,SUNSET RIDGE ELEMENTARY-85086,35707 N 33RD LN,Maricopa,95.2,6th Grade
,Public,SUNSET RIDGE ELEMENTARY-85305,8490 W MISSOURI AVE,Maricopa,96.7,6th Grade
,Public,SUNSET SCHOOL-85302,4626 W MOUNTAIN VIEW RD,Maricopa,100.0,6th Grade
,Public,SUNSET VISTA ELEMENTARY,7775 W ORANGEWOOD AVE,Maricopa,90.0,6th Grade
,Public,SUPERSTITION SPRINGS ELEMENTARY,7125 E MONTEREY AVE,Maricopa,96.8,6th Grade
,Public,SURPRISE ELEMENTARY SCHOOL,12907 W GREENWAY RD,Maricopa,97.6,6th Grade
,Public,SWEETWATER SCHOOL-85304,4602 W SWEETWATER AVE,Maricopa,100.0,6th Grade
,Charter,SYNERGY PUBLIC SCHOOL,2701 W BETHANY HOME RD,Maricopa,90.5,6th Grade
,Public,T DALE HANCOCK ELEMENTARY,2425 S PLEASANT DR,Maricopa,95.8,6th Grade
,Public,T G BARR SCHOOL,2041 E VINEYARD RD,Maricopa,100.0,6th Grade
,Public,TAFT ELEMENTARY SCHOOL,9800 E QUARTERLINE RD,Maricopa,97.1,6th Grade
,Public,TANGERINE FARMS K-8,10300 W MIKE ETTER BLVD,Pima,98.9,6th Grade
,Public,TANQUE VERDE ELEMENTARY SCHOOL,2600 N FENNIMORE AVE,Pima,97.8,6th Grade
,Public,TAYLOR INTERMEDIATE SCHOOL,207 N 500 WEST,Navajo,86.6,6th Grade
,Charter,TELESIS PREPARATORY ACADEMY,2598 STARLITE LN,Mohave,81.8,6th Grade
,Charter,TEMPE PREPARATORY ACADEMY,1251 E SOUTHERN AVE,Maricopa,92.5,6th Grade
,Public,TERRAMAR ELEMENTARY,7000 W HAPPY VALLEY RD,Maricopa,97.0,6th Grade
,Public,THATCHER ELEMENTARY SCHOOL,1350 N 4TH AVE,Graham,94.9,6th Grade
,Private,THE GREGORY SCHOOL,3231 N CRAYCROFT RD,Pima,97.8,6th Grade
,Private,THE JONES GORDON SCHOOL,4800 E. DOUBLETREE RANCH RD,Maricopa,91.3,6th Grade
,Charter,THE PAIDEIA ACADEMY OF SOUTH PHOENIX,7777 S 15TH TER,Maricopa,96.7,6th Grade
,Public,THOMPSON RANCH ELEMENTARY,11800 W THOMPSON RANCH RD,Maricopa,97.1,6th Grade
,Public,TIERRA DEL SOL ELEMENTARY SCHOOL,16551 S SOMERTON AVE,Yuma,99.0,6th Grade
,Public,TOLTEC ELEMENTARY SCHOOL,3315 N TOLTEC RD,Pinal,98.4,6th Grade
,Public,TOMAHAWK ELEMENTARY SCHOOL,7820 W TURNEY AVE,Maricopa,100.0,6th Grade
,Public,TONALEA MIDDLE SCHOOL,6720 E CONTINENTAL DR,Maricopa,95.6,6th Grade
,Public,TOWN & COUNTRY ELEMENTARY SCHOOL,1313 S LENZNER AVE,Cochise,96.2,6th Grade
,Public,TOWNE MEADOWS ELEMENTARY SCHOOL,1101 N RECKER RD,Maricopa,94.8,6th Grade
,Public,TRAILSIDE POINT ELEMENTARY,7275 W VINEYARD RD,Maricopa,93.5,6th Grade
,Public,TRES RIOS ELEMENTARY SCHOOL,5025 S 103RD AVE,Maricopa,97.0,6th Grade
,Private,TRI-CITY CHRISTIAN ACADEMY,2211 W GERMANN RD,Maricopa,70.0,6th Grade
,Private,TRINITY CHRISTIAN SCHOOL - PRESCOTT,1212 WARRIOR WAY,Yavapai,72.3,6th Grade
,Private,TRINITY LUTHERAN ELEMENTARY SCHOOL - LITCHFIELD PARK,830 PLAZA CIR,Maricopa,95.2,6th Grade
,Charter,TRIVIUM PREPARATORY ACADEMY,2001 N BULLARD AVE,Maricopa,91.9,6th Grade
,Public,TSAILE ELEMENTARY SCHOOL,RTE 12,Apache,100.0,6th Grade
,Public,TSEHOOTSOOI INTERMEDIATE LEARNING CENTER,NAVAJO ROUTE 7,Apache,99.1,6th Grade
,Public,TUBA CITY JUNIOR HIGH SCHOOL,EAST FIR STREET,Coconino,100.0,6th Grade
,Charter,TUCSON COUNTRY DAY SCHOOL,9239 E WRIGHTSTOWN RD,Pima,93.8,6th Grade
,Public,TUCSON UNIFIED VIRTUAL ACADEMY,3645 E PIMA ST,Pima,98.4,6th Grade
,Private,TUCSON WALDORF SCHOOL,3605 E RIVER RD,Pima,95.2,6th Grade
,Public,TUMBLEWEED ELEMENTARY SCHOOL - 85029,4001 W LAUREL LN,Maricopa,98.4,6th Grade
,Public,TWIN PEAKS ELEMENTARY SCHOOL,7995 W TWIN PEAKS RD,Pima,98.2,6th Grade
,Public,UNION ELEMENTARY SCHOOL,3834 S 91ST AVE,Maricopa,93.9,6th Grade
,Public,UNION PARK SCHOOL,25700 N 21ST AVENUE,Maricopa,97.7,6th Grade
,Public,UTTERBACK MIDDLE SCHOOL,3233 S PINAL VISTA,Pima,100.0,6th Grade
,Charter,VAIL ACADEMY & HIGH SCHOOL,7762 E SCIENCE PARK DR,Pima,100.0,6th Grade
,Public,VAIL BLENDED LEARNING,10775 E MARY ANN CLEVELAND WAY,Pima,95.5,6th Grade
,Public,VAL VISTA LAKES ELEMENTARY SCHOOL,1030 N BLUE GROTTO DR,Maricopa,97.0,6th Grade
,Public,VALENCIA MIDDLE SCHOOL,4400 W IRVINGTON RD,Pima,100.0,6th Grade
,Public,VALLE DEL ENCANTO LEARNING CENTER,400 N CESAR CHAVEZ AVE,Yuma,100.0,6th Grade
,Private,VALLEY CHRISTIAN SCHOOL,6304 S PRICE RD,Maricopa,87.3,6th Grade
,Public,VALLEY VIEW SCHOOL,8220 S 7TH AVE,Maricopa,97.3,6th Grade
,Charter,VECTOR PREP AND ARTS ACADEMY,2020 N ARIZONA AVE,Maricopa,98.0,6th Grade
,Private,VERDE CHRISTIAN ACADEMY,102 S WILLARD ST,Yavapai,96.0,6th Grade
,Charter,VERITAS PREPARATORY ACADEMY,3102 N 56TH ST,Maricopa,96.0,6th Grade
,Public,VERRADO HERITAGE ELEMENTARY SCHOOL - W HAMILTON ST,20895 W HAMILTON ST,Maricopa,91.9,6th Grade
,Public,VERRADO MIDDLE SCHOOL,20880 W MAIN ST,Maricopa,93.9,6th Grade
,Public,VESEY ELEMENTARY SCHOOL,5005 S BUTTS RD,Pima,96.5,6th Grade
,Charter,VICTORY COLLEGIATE COOPERATION,3535 N 63RD AVENUE,Maricopa,91.7,6th Grade
,Public,VILLA DE PAZ ELEMENTARY SCHOOL,4940 N 103RD AVE,Maricopa,94.4,6th Grade
,Charter,VILLA MONTESSORI SCHOOL - MEADOWBROOK,2802 E MEADOWBROOK AVE,Maricopa,93.0,6th Grade
,Public,VILLAGE MEADOWS ELEMENTARY SCHOOL,2020 W MORNINGSIDE DR,Maricopa,98.1,6th Grade
,Public,VILLAGO MIDDLE SCHOOL,574 E LAKESIDE PKWY,Pinal,96.2,6th Grade
,Charter,VISTA COLLEGE PREP - SUNEO PARK,1720 NORTH 45TH AVENUE,Maricopa,99.3,6th Grade
,Charter,VISTA COLLEGE PREP METRO NORTH MIDDLE SCHOOL,2133 WEST PEORIA AVENUE,Maricopa,96.4,6th Grade
,Public,VISTA DEL SUR TRADITIONAL SCHOOL,3908 W SOUTH MOUNTAIN AVE,Maricopa,94.9,6th Grade
,Public,VISTANCIA ELEMENTARY SCHOOL,30009 N SUNSET POINT,Maricopa,92.0,6th Grade
,Public,VULTURE PEAK MIDDLE SCHOOL,920 S VULTURE MINE RD,Maricopa,88.6,6th Grade
,Public,W V WHITMORE ELEMENTARY SCHOOL,5330 E GLENN ST,Pima,100.0,6th Grade
,Public,WADE CARPENTER MIDDLE SCHOOL,595 W KINO ST,Santa Cruz,98.6,6th Grade
,Public,WAKEFIELD MIDDLE SCHOOL,101 W 44TH STREET,Pima,99.2,6th Grade
,Public,WALLACE JR HIGH SCHOOL,1320 18TH ST,La Paz,99.1,6th Grade
,Public,WALTER DOUGLAS ELEMENTARY SCHOOL,3302 N FLOWING WELLS RD,Pima,97.4,6th Grade
,Public,WALTER J MEYER SCHOOL,411 N 9TH ST,Cochise,95.0,6th Grade
,Public,WARD TRADITIONAL ACADEMY,1965 E HERMOSA DR,Maricopa,88.0,6th Grade
,Public,WASHINGTON ELEMENTARY SCHOOL-85051,8033 N 27TH AVE,Maricopa,99.0,6th Grade
,Public,WASHINGTON ELEMENTARY SCHOOL-85202,2260 W ISABELLA AVE,Maricopa,100.0,6th Grade
,Public,WASHINGTON SCHOOL,300 W OAK ST,Navajo,98.4,6th Grade
,Public,WEBSTER ELEMENTARY SCHOOL,202 N SYCAMORE,Maricopa,95.1,6th Grade
,Public,WEINBERG ELEMENTARY SCHOOL,5245 S VAL VISTA DR,Maricopa,94.2,6th Grade
,Public,WEST POINT ELEMENTARY,13700 W GREENWAY RD,Maricopa,96.8,6th Grade
,Private,WEST VALLEY CHRISTIAN SCHOOL,16260 W VAN BUREN ST,Maricopa,77.1,6th Grade
,Public,WEST WING SCHOOL,26716 NORTH HIGH DESERT DRIVE,Maricopa,93.9,6th Grade
,Public,WESTAR ELEMENTARY SCHOOL,17777 W WESTAR DR,Maricopa,100.0,6th Grade
,Public,WESTERN SKY MIDDLE SCHOOL,4095 N 144TH AVE,Maricopa,96.7,6th Grade
,Charter,WESTERN VALLEY MIDDLE SCHOOL,6250 W DURANGO ST,Maricopa,96.3,6th Grade
,Charter,WESTLAND SCHOOL BRIGHTON CAMPUS,8632 W NORTHERN AVE,Maricopa,96.7,6th Grade
,Public,WESTPARK ELEMENTARY SCHOOL,2700 S 257TH DR,Maricopa,96.5,6th Grade
,Public,WESTWIND PRIMARY-85037,9040 W CAMPBELL AVE,Maricopa,100.0,6th Grade
,Public,WHISPERING WIND ACADEMY,15844 N 43RD ST,Maricopa,90.8,6th Grade
,Public,WHITE CLIFFS MIDDLE SCHOOL,3550 PROSPECTOR ST,Mohave,91.4,6th Grade
,Public,WHITMAN ELEMENTARY SCHOOL,1829 N GRAND,Maricopa,97.1,6th Grade
,Public,WHITTIER ELEMENTARY SCHOOL-85006,2000 N 16TH ST,Maricopa,93.9,6th Grade
,Public,WHITTIER ELEMENTARY SCHOOL-85201,733 N LONGMORE,Maricopa,96.2,6th Grade
,Public,WIGWAM CREEK MIDDLE SCHOOL,4510 N 127TH AVE,Maricopa,93.6,6th Grade
,Public,WILDFIRE ELEMENTARY,3997 E LOCKWOOD DR,Maricopa,88.3,6th Grade
,Public,WILDFLOWER ACCELERATED ACADEMY,325 S WILDFLOWER DR,Maricopa,100.0,6th Grade
,Public,WILLCOX MIDDLE SCHOOL,360 N BISBEE AVE,Cochise,95.8,6th Grade
,Public,WILLIAM C JACK SCHOOL,6600 W MISSOURI AVE,Maricopa,96.2,6th Grade
,Public,WILLIAM R SULLIVAN ELEMENTARY SCHOOL,2 N 31ST AVE,Maricopa,98.3,6th Grade
,Public,WILLIAM T MACHAN ELEMENTARY SCHOOL,2140 E VIRGINIA AVE,Maricopa,94.1,6th Grade
,Public,WILLIAMS ELEMENTARY/MIDDLE SCHOOL,601 N 7TH ST,Coconino,88.0,6th Grade
,Public,WRIGHTSON RIDGE SCHOOL,16325 S RANCHO SAHUARITA BLVD,Pima,99.1,6th Grade
,Charter,YOUNG SCHOLARS ACADEMY,1501 E VALENCIA RD,Mohave,96.0,6th Grade
,Private,YUMA LUTHERAN SCHOOL,2555 ENGLER AVE,Yuma,95.8,6th Grade
,Public,ZUNI HILLS ELEMENTARY SCHOOL,10851 W WILLIAMS RD,Maricopa,90.4,6th Grade
