Facility Number,School Type,School District or Name,Facility Address,County,MMR Vaccination Rate,Age Group
9419,Public School,Kipp Northeast Denver Middle School,,Denver,90.4,All ages
9420,Public School,Kipp Northeast Elementary,,Denver,42.0,Kindergarten
9420,Public School,Kipp Northeast Elementary,,Denver,80.6,All ages
9421,Public School,Kipp Northeast Denver Leadership Academy,,Denver,93.4,All ages
9422,Public School,Kipp Sunshine Peak Academy,,Denver,94.0,All ages
9423,Public School,Kit Carson K-12 Schools,,Cheyenne,87.5,Kindergarten
9423,Public School,Kit Carson K-12 Schools,,Cheyenne,97.7,All ages
9424,Public School,Knapp Elementary School,,Denver,100.0,Kindergarten
9424,Public School,Knapp Elementary School,,Denver,99.1,All ages
9426,Public School,Knowledge Quest Academy,,Weld,92.0,Kindergarten
9426,Public School,Knowledge Quest Academy,,Weld,98.4,All ages
9427,Public School,Kohl Elementary School,,Boulder,96.1,Kindergarten
9427,Public School,Kohl Elementary School,,Boulder,96.5,All ages
9429,Public School,Kruse Elementary School,,Larimer,95.5,Kindergarten
9429,Public School,Kruse Elementary School,,Larimer,95.5,All ages
9431,Public School,Kunsmiller Creative Arts Academy,,Denver,93.6,All ages
9432,Public School,Kyffin Elementary School,,Jefferson,97.1,Kindergarten
9432,Public School,Kyffin Elementary School,,Jefferson,99.0,All ages
9433,Private School,Flatirons Academy,,Adams,74.4,Kindergarten
9433,Private School,Flatirons Academy,,Adams,87.6,All ages
9434,Public School,La Jara Elementary School,,Conejos,95.5,Kindergarten
9434,Public School,La Jara Elementary School,,Conejos,95.9,All ages
9435,Public School,La Junta Intermediate School,,Otero,96.0,All ages
9436,Public School,La Junta Jr/Sr High School,,Otero,96.3,All ages
9437,Public School,La Junta Primary School,,Otero,82.1,Kindergarten
9437,Public School,La Junta Primary School,,Otero,86.0,All ages
9438,Public School,La Veta Elementary School,,Huerfano,100.0,Kindergarten
9438,Public School,La Veta Elementary School,,Huerfano,95.6,All ages
9439,Public School,La Veta Junior-Senior High School,,Huerfano,90.4,All ages
9440,Public School,Lafayette Elementary School,,Boulder,96.9,Kindergarten
9440,Public School,Lafayette Elementary School,,Boulder,97.3,All ages
9441,Public School,Lake City Community School,,Hinsdale,75.0,Kindergarten
9441,Public School,Lake City Community School,,Hinsdale,93.5,All ages
9442,Public School,Lake County High School,,Lake,92.6,All ages
9443,Public School,Lake County Intermediate School,,Lake,88.3,All ages
9444,Public School,Lake George Charter School,,Park,64.7,Kindergarten
9444,Public School,Lake George Charter School,,Park,77.4,All ages
9445,Public School,Lake International School,,Denver,92.9,All ages
9446,Public School,Lakewood High School,,Jefferson,96.6,All ages
9447,Public School,Lamar High School,,Prowers,97.7,All ages
9448,Public School,Lamar Middle School,,Prowers,97.4,All ages
9449,Public School,Landmark Academy At Reunion,,Adams,94.7,Kindergarten
9449,Public School,Landmark Academy At Reunion,,Adams,97.2,All ages
9450,Public School,Lansing Elementary Community School,,Arapahoe,91.7,Kindergarten
9450,Public School,Lansing Elementary Community School,,Arapahoe,93.4,All ages
9451,Public School,Laredo Elementary School,,Arapahoe,91.4,Kindergarten
9451,Public School,Laredo Elementary School,,Arapahoe,93.6,All ages
9452,Public School,Laredo Middle School,,Arapahoe,94.9,All ages
9453,Public School,Larkspur Elementary School,,Douglas,84.0,Kindergarten
9453,Public School,Larkspur Elementary School,,Douglas,90.8,All ages
9457,Public School,Lasley Elementary School,,Jefferson,79.1,Kindergarten
9457,Public School,Lasley Elementary School,,Jefferson,90.6,All ages
9459,Public School,Laurel Elementary School,,Larimer,87.0,Kindergarten
9459,Public School,Laurel Elementary School,,Larimer,89.7,All ages
9460,Public School,Laurene Edmondson Elementary School,,Larimer,88.5,Kindergarten
9460,Public School,Laurene Edmondson Elementary School,,Larimer,94.8,All ages
9461,Public School,Lawrence Elementary School,,Jefferson,88.9,Kindergarten
9461,Public School,Lawrence Elementary School,,Jefferson,89.7,All ages
9462,Public School,Leap School,,Larimer,63.2,Kindergarten
9462,Public School,Leap School,,Larimer,67.8,All ages
9463,Public School,Leawood Elementary School,,Jefferson,93.3,Kindergarten
9463,Public School,Leawood Elementary School,,Jefferson,96.8,All ages
9464,Public School,Legacy Academy,,Elbert,75.8,Kindergarten
9464,Public School,Legacy Academy,,Elbert,79.7,All ages
9465,Public School,Legacy Elementary School,,Boulder,92.5,Kindergarten
9465,Public School,Legacy Elementary School,,Boulder,93.7,All ages
9466,Public School,Legacy High School,,Adams,98.3,All ages
9467,Public School,Legacy Options High School,,Denver,95.8,All ages
9468,Public School,Legacy Point Elementary School,,Douglas,92.4,Kindergarten
9468,Public School,Legacy Point Elementary School,,Douglas,92.6,All ages
9469,Public School,Legend High School,,Douglas,97.9,All ages
9470,Public School,Lena Archuleta Elementary School,,Denver,91.2,All ages
9471,Public School,Leo William Butler Elementary School,,Weld,91.9,Kindergarten
9471,Public School,Leo William Butler Elementary School,,Weld,97.2,All ages
9472,Public School,Leroy Drive Elementary School,,Adams,94.6,Kindergarten
9472,Public School,Leroy Drive Elementary School,,Adams,95.5,All ages
9473,Public School,Lesher Middle School,,Larimer,97.5,All ages
9474,Public School,Lester R Arnold High School,,Adams,95.2,All ages
9476,Public School,Lewis-Arriola Elementary School,,Montezuma,78.9,Kindergarten
9476,Public School,Lewis-Arriola Elementary School,,Montezuma,85.2,All ages
9477,Public School,Lewis-Palmer Elementary School,,El Paso,86.1,Kindergarten
9477,Public School,Lewis-Palmer Elementary School,,El Paso,94.4,All ages
9478,Public School,Lewis-Palmer High School,,El Paso,94.8,All ages
9479,Public School,Lewis-Palmer Middle School,,El Paso,95.6,All ages
9481,Public School,Liberty High School,,El Paso,94.4,All ages
9482,Public School,Liberty Middle School,,Arapahoe,95.3,All ages
9483,Public School,Liberty Point Elementary School,,Pueblo,96.8,Kindergarten
9483,Public School,Liberty Point Elementary School,,Pueblo,94.1,All ages
9484,Public School,Liberty Point International School,,Pueblo,93.7,All ages
9485,Public School,Liberty K-12 Schools,,Yuma,75.0,Kindergarten
9485,Public School,Liberty K-12 Schools,,Yuma,91.2,All ages
9486,Public School,Eastlake High School,,El Paso,95.6,All ages
9487,Private School,Cedarwood Christian Academy,,Adams,100.0,Kindergarten
9487,Private School,Cedarwood Christian Academy,,Adams,93.3,All ages
9488,Private School,Christ Our Redeemer Lutheran,,Arapahoe,81.8,Kindergarten
9488,Private School,Christ Our Redeemer Lutheran,,Arapahoe,88.3,All ages
9489,Public School,Limon Elementary School,,Lincoln,85.4,Kindergarten
9489,Public School,Limon Elementary School,,Lincoln,92.1,All ages
9490,Public School,Limon Junior-Senior High School,,Lincoln,97.8,All ages
9491,Public School,Lincoln Charter Academy,,Jefferson,88.0,Kindergarten
9491,Public School,Lincoln Charter Academy,,Jefferson,92.7,All ages
9492,Public School,Lincoln Elementary School,,Delta,83.3,Kindergarten
9492,Public School,Lincoln Elementary School,,Delta,88.2,All ages
9493,Public School,Lincoln Elementary School,,Larimer,87.5,Kindergarten
9493,Public School,Lincoln Elementary School,,Larimer,92.8,All ages
9494,Public School,Lincoln Elementary School,,Denver,43.3,Kindergarten
9494,Public School,Lincoln Elementary School,,Denver,82.4,All ages
9495,Public School,Lincoln High School,,Morgan,100.0,All ages
9496,Public School,Lincoln Middle School,,Larimer,95.8,All ages
9497,Public School,Lincoln Orchard Mesa Elementary School,,Mesa,94.0,Kindergarten
9497,Public School,Lincoln Orchard Mesa Elementary School,,Mesa,92.0,All ages
9498,Public School,Lincoln School Of Science And Technology,,Fremont,89.5,Kindergarten
9498,Public School,Lincoln School Of Science And Technology,,Fremont,94.7,All ages
9499,Public School,Linton Elementary School,,Larimer,90.3,Kindergarten
9499,Public School,Linton Elementary School,,Larimer,96.4,All ages
9500,Public School,Little Elementary School,,Jefferson,83.3,Kindergarten
9500,Public School,Little Elementary School,,Jefferson,92.0,All ages
9501,Private School,Our Savior Lutheran School,,Archuleta,87.5,Kindergarten
9501,Private School,Our Savior Lutheran School,,Archuleta,72.2,All ages
9502,Private School,Our Lady Help Of Christians Academy,,Adams,30.0,Kindergarten
9502,Private School,Our Lady Help Of Christians Academy,,Adams,35.7,All ages
9503,Public School,Littleton Academy,,Arapahoe,87.5,Kindergarten
9503,Public School,Littleton Academy,,Arapahoe,95.4,All ages
9504,Public School,Littleton High School,,Arapahoe,97.6,All ages
9505,Public School,Littleton Prep Charter School,,Arapahoe,96.2,Kindergarten
9505,Public School,Littleton Prep Charter School,,Arapahoe,97.4,All ages
9506,Public School,PSD Mountain Schools,,Larimer,94.4,Kindergarten
9506,Public School,PSD Mountain Schools,,Larimer,93.4,All ages
9507,Public School,Lochbuie Elementary School,,Weld,99.1,All ages
9508,Public School,Lois Lenski Elementary School,,Arapahoe,89.7,Kindergarten
9508,Public School,Lois Lenski Elementary School,,Arapahoe,96.0,All ages
9509,Public School,Loma Elementary School,,Mesa,75.0,Kindergarten
9509,Public School,Loma Elementary School,,Mesa,89.7,All ages
9511,Public School,Lone Tree Elementary,,Douglas,96.5,Kindergarten
9511,Public School,Lone Tree Elementary,,Douglas,98.1,All ages
9512,Public School,Longfellow Elementary School,,Chaffee,92.0,Kindergarten
9512,Public School,Longfellow Elementary School,,Chaffee,91.9,All ages
9514,Public School,Longmont Estates Elementary School,,Boulder,87.9,Kindergarten
9514,Public School,Longmont Estates Elementary School,,Boulder,94.7,All ages
9515,Public School,Longmont High School,,Boulder,96.7,All ages
9516,Public School,Longs Peak Middle School,,Boulder,97.0,All ages
9517,Public School,Longview High School,,Jefferson,100.0,All ages
9518,Public School,Lopez Elementary School,,Larimer,94.7,Kindergarten
9518,Public School,Lopez Elementary School,,Larimer,95.4,All ages
9519,Public School,Lotus School For Excellence,,Arapahoe,97.1,Kindergarten
9519,Public School,Lotus School For Excellence,,Arapahoe,97.1,All ages
9520,Public School,Louisville Elementary School,,Boulder,93.5,Kindergarten
9520,Public School,Louisville Elementary School,,Boulder,96.6,All ages
9521,Public School,Louisville Middle School,,Boulder,97.0,All ages
9522,Public School,Loveland Classical School,,Larimer,82.4,Kindergarten
9522,Public School,Loveland Classical School,,Larimer,87.5,All ages
9523,Public School,Loveland High School,,Larimer,96.5,All ages
9524,Public School,Lowry Elementary School,,Denver,81.5,Kindergarten
9524,Public School,Lowry Elementary School,,Denver,84.3,All ages
9525,Public School,Lucile Erwin Middle School,,Larimer,97.3,All ages
9526,Public School,Lukas Elementary,,Jefferson,95.3,Kindergarten
9526,Public School,Lukas Elementary,,Jefferson,97.8,All ages
9527,Public School,Lumberg Elementary School,,Jefferson,82.6,Kindergarten
9527,Public School,Lumberg Elementary School,,Jefferson,89.1,All ages
9529,Public School,Lyons Elementary School,,Boulder,97.1,Kindergarten
9529,Public School,Lyons Elementary School,,Boulder,88.7,All ages
9530,Public School,Lyons Middle/Senior High School,,Boulder,91.0,All ages
9531,Public School,Colorado Sports Leadership Academy,,Adams,92.9,Kindergarten
9531,Public School,Colorado Sports Leadership Academy,,Adams,97.7,All ages
9532,Private School,Mackintosh Academy - Littleton,,Arapahoe,100.0,Kindergarten
9532,Private School,Mackintosh Academy - Littleton,,Arapahoe,100.0,All ages
9533,Public School,Madison Elementary School,,El Paso,65.0,Kindergarten
9533,Public School,Madison Elementary School,,El Paso,84.1,All ages
9534,Public School,James Madison Elementary School,,Weld,97.3,Kindergarten
9534,Public School,James Madison Elementary School,,Weld,98.4,All ages
9535,Public School,Malley Drive Elementary School,,Adams,98.4,Kindergarten
9535,Public School,Malley Drive Elementary School,,Adams,98.9,All ages
9536,Public School,Mammoth Heights Elementary,,Douglas,70.0,Kindergarten
9536,Public School,Mammoth Heights Elementary,,Douglas,90.2,All ages
9537,Public School,Manassa Elementary School,,Conejos,90.5,Kindergarten
9537,Public School,Manassa Elementary School,,Conejos,95.9,All ages
9539,Public School,Mancos Elementary School,,Montezuma,87.1,Kindergarten
9539,Public School,Mancos Elementary School,,Montezuma,86.7,All ages
9540,Public School,Mancos High School,,Montezuma,93.0,All ages
9541,Public School,Mancos Middle School,,Montezuma,91.9,All ages
9542,Public School,Mandalay Middle School,,Jefferson,97.5,All ages
9543,Public School,Manhattan Middle School Of The Arts And Academics,,Boulder,93.6,All ages
9544,Public School,Manitou Springs Elementary School,,El Paso,80.0,Kindergarten
9544,Public School,Manitou Springs Elementary School,,El Paso,88.2,All ages
9545,Public School,Manitou Springs High School,,El Paso,84.3,All ages
9546,Public School,Manitou Springs Middle School,,El Paso,93.4,All ages
9547,Public School,Mann Middle School,,El Paso,86.9,All ages
9548,Public School,Manning Options School,,Jefferson,97.6,All ages
9549,Public School,Manual High School,,Denver,94.8,All ages
9550,Public School,Manzanola K-12 Schools,,Otero,100.0,Kindergarten
9550,Public School,Manzanola K-12 Schools,,Otero,96.0,All ages
9552,Public School,Maple Grove Elementary School,,Jefferson,95.3,Kindergarten
9552,Public School,Maple Grove Elementary School,,Jefferson,96.7,All ages
9553,Public School,Mapleton Early College High School,,Adams,98.7,All ages
9554,Public School,Mapleton Expeditionary School Of The Arts,,Adams,99.2,All ages
9555,Public School,Maplewood Elementary School,,Weld,96.5,Kindergarten
9555,Public School,Maplewood Elementary School,,Weld,97.6,All ages
9556,Public School,Marble Charter School,,Gunnison,50.0,Kindergarten
9556,Public School,Marble Charter School,,Gunnison,68.6,All ages
9557,Public School,Marie L. Greenwood Academy,,Denver,95.7,Kindergarten
9557,Public School,Marie L. Greenwood Academy,,Denver,96.1,All ages
9558,Public School,Marrama Elementary School,,Denver,54.7,Kindergarten
9558,Public School,Marrama Elementary School,,Denver,85.6,All ages
9559,Public School,Marsh Elementary School,,Rio Grande,94.9,Kindergarten
9559,Public School,Marsh Elementary School,,Rio Grande,95.7,All ages
9560,Public School,Marshdale Elementary School,,Jefferson,95.7,Kindergarten
9560,Public School,Marshdale Elementary School,,Jefferson,95.8,All ages
9561,Public School,King Elementary School,,El Paso,87.8,Kindergarten
9561,Public School,King Elementary School,,El Paso,88.7,All ages
9562,Public School,Martin Luther King Jr. Early College,,Denver,86.1,All ages
9563,Public School,Martinez Elementary School,,Weld,94.6,Kindergarten
9563,Public School,Martinez Elementary School,,Weld,98.0,All ages
9564,Public School,Martinez Elementary School,,El Paso,68.1,Kindergarten
9564,Public School,Martinez Elementary School,,El Paso,79.9,All ages
9566,Public School,Mary E Pennock Elementary School,,Adams,88.6,Kindergarten
9566,Public School,Mary E Pennock Elementary School,,Adams,95.3,All ages
9568,Public School,Maxwell Elementary School,,Denver,49.2,Kindergarten
9568,Public School,Maxwell Elementary School,,Denver,82.6,All ages
9569,Public School,Maybell School,,Moffat,70.0,All ages
9570,Public School,Mc Clave Elementary School,,Bent,86.7,Kindergarten
9570,Public School,Mc Clave Elementary School,,Bent,93.6,All ages
9571,Public School,Mc Clave Undivided High School,,Bent,99.1,All ages
9572,Public School,Mc Elwain Elementary School,,Adams,92.9,Kindergarten
9572,Public School,Mc Elwain Elementary School,,Adams,97.3,All ages
9573,Public School,Mc Kinley-Thatcher Elementary School,,Denver,93.6,Kindergarten
9573,Public School,Mc Kinley-Thatcher Elementary School,,Denver,94.8,All ages
9575,Public School,McLain Community High School,,Jefferson,96.4,All ages
9576,Public School,Mc Meen Elementary School,,Denver,83.0,Kindergarten
9576,Public School,Mc Meen Elementary School,,Denver,84.6,All ages
9577,Public School,Mcauliffe Elementary,,El Paso,83.7,Kindergarten
9577,Public School,Mcauliffe Elementary,,El Paso,89.0,All ages
9578,Public School,Mcauliffe International School,,Denver,97.0,All ages
9579,Public School,Manual Middle School,,Denver,93.1,All ages
9580,Public School,Mcglone Academy,,Denver,87.0,Kindergarten
9580,Public School,Mcglone Academy,,Denver,89.7,All ages
9581,Public School,Mcgraw Elementary School,,Larimer,91.5,Kindergarten
9581,Public School,Mcgraw Elementary School,,Larimer,94.0,All ages
9582,Public School,Mckinley Elementary School,,Fremont,90.3,Kindergarten
9582,Public School,Mckinley Elementary School,,Fremont,90.4,All ages
9583,Public School,Mead Elementary School,,Boulder,98.3,Kindergarten
9583,Public School,Mead Elementary School,,Boulder,96.4,All ages
9584,Public School,Mead High School,,Boulder,96.9,All ages
9585,Public School,Mead Middle School,,Boulder,96.8,All ages
9586,Public School,Meadow Community School,,Adams,100.0,Kindergarten
9586,Public School,Meadow Community School,,Adams,98.5,All ages
9587,Public School,Meadow Point Elementary School,,Arapahoe,86.0,Kindergarten
9587,Public School,Meadow Point Elementary School,,Arapahoe,91.3,All ages
9588,Public School,Meadow View Elementary School,,Douglas,85.7,Kindergarten
9588,Public School,Meadow View Elementary School,,Douglas,93.8,All ages
9589,Public School,Meeker Elementary School,,Rio Blanco,86.5,Kindergarten
9589,Public School,Meeker Elementary School,,Rio Blanco,92.9,All ages
9590,Public School,Meeker Elementary School,,Weld,93.8,Kindergarten
9590,Public School,Meeker Elementary School,,Weld,96.9,All ages
9591,Public School,Meeker High School,,Rio Blanco,94.6,All ages
9592,Public School,Meiklejohn Elementary,,Jefferson,95.6,Kindergarten
9592,Public School,Meiklejohn Elementary,,Jefferson,98.2,All ages
9593,Public School,Meridian Elementary School,,Adams,93.1,Kindergarten
9593,Public School,Meridian Elementary School,,Adams,96.3,All ages
9594,Public School,Meridian Ranch Elementary School,,El Paso,93.8,Kindergarten
9594,Public School,Meridian Ranch Elementary School,,El Paso,93.5,All ages
9595,Public School,Merino Elementary School,,Logan,85.7,Kindergarten
9595,Public School,Merino Elementary School,,Logan,95.6,All ages
9596,Public School,Merino Junior Senior High School,,Logan,95.2,All ages
9597,Public School,Merrill Middle School,,Denver,91.0,All ages
9598,Public School,Mesa Elementary School,,Boulder,96.4,Kindergarten
9598,Public School,Mesa Elementary School,,Boulder,96.9,All ages
9599,Public School,Mesa Elementary School,,El Paso,82.1,Kindergarten
9599,Public School,Mesa Elementary School,,El Paso,89.8,All ages
9600,Public School,Mesa Elementary School,,Montezuma,85.7,Kindergarten
9600,Public School,Mesa Elementary School,,Montezuma,92.5,All ages
9601,Public School,Mesa Elementary School,,Adams,89.5,Kindergarten
9601,Public School,Mesa Elementary School,,Adams,95.8,All ages
9602,Public School,Mesa Middle School,,Douglas,95.6,All ages
9603,Public School,Mesa Ridge High School,,El Paso,93.7,All ages
9604,Public School,Mesa Valley Community School,,Mesa,47.8,Kindergarten
9604,Public School,Mesa Valley Community School,,Mesa,73.8,All ages
9605,Public School,Mesa View Elementary School,,Mesa,80.0,Kindergarten
9605,Public School,Mesa View Elementary School,,Mesa,90.8,All ages
9606,Public School,Miami/Yoder Elementary School,,El Paso,35.7,Kindergarten
9606,Public School,Miami/Yoder Elementary School,,El Paso,52.0,All ages
9607,Public School,Miami-Yoder Middle/high School,,El Paso,75.5,All ages
9608,Public School,Middle Park High School,,Grand,86.8,All ages
9609,Public School,Midland Elementary School,,El Paso,87.5,Kindergarten
9609,Public School,Midland Elementary School,,El Paso,84.8,All ages
9610,Private School,Mile High Aventist Academy,,Douglas,84.2,Kindergarten
9610,Private School,Mile High Aventist Academy,,Douglas,86.5,All ages
9611,Public School,Miller Middle School,,La Plata,94.7,All ages
9612,Public School,Miller Special Education,,Jefferson,100.0,Kindergarten
9612,Public School,Miller Special Education,,Jefferson,90.7,All ages
9613,Public School,Milliken Elementary School,,Weld,93.0,Kindergarten
9613,Public School,Milliken Elementary School,,Weld,93.8,All ages
9614,Public School,Milliken Intermediate School,,Weld,96.3,All ages
9615,Public School,Minnequa Elementary School,,Pueblo,86.0,Kindergarten
9615,Public School,Minnequa Elementary School,,Pueblo,85.5,All ages
9616,Public School,Mission Viejo Elementary School,,Arapahoe,91.1,Kindergarten
9616,Public School,Mission Viejo Elementary School,,Arapahoe,94.9,All ages
9617,Public School,Mitchell Elementary School,,Jefferson,96.7,Kindergarten
9617,Public School,Mitchell Elementary School,,Jefferson,98.5,All ages
9618,Public School,Mitchell High School,,El Paso,85.0,All ages
9619,Public School,Moffat County High School,,Moffat,96.0,All ages
9620,Public School,Moffat K-12 Schools,,Saguache,57.1,Kindergarten
9620,Public School,Moffat K-12 Schools,,Saguache,68.0,All ages
9622,Public School,Monaco Elementary School,,Adams,92.2,Kindergarten
9622,Public School,Monaco Elementary School,,Adams,95.9,All ages
9623,Public School,Monarch High School,,Boulder,97.4,All ages
9624,Public School,Monarch K-8 School,,Boulder,100.0,Kindergarten
9624,Public School,Monarch K-8 School,,Boulder,97.2,All ages
9625,Public School,Monarch Montessori,,Denver,91.1,Kindergarten
9625,Public School,Monarch Montessori,,Denver,90.1,All ages
9626,Public School,Monfort Elementary School,,Weld,86.2,Kindergarten
9626,Public School,Monfort Elementary School,,Weld,91.2,All ages
9628,Public School,Monroe Elementary School,,El Paso,80.0,Kindergarten
9628,Public School,Monroe Elementary School,,El Paso,85.1,All ages
9629,Public School,Montclair Elementary School,,Denver,90.2,Kindergarten
9629,Public School,Montclair Elementary School,,Denver,90.0,All ages
9630,Public School,Monte Vista Middle School,,Rio Grande,98.6,All ages
9632,Public School,Monte Vista Senior High School,,Rio Grande,97.3,All ages
9633,Public School,Monterey Community School,,Adams,94.6,Kindergarten
9633,Public School,Monterey Community School,,Adams,94.9,All ages
9634,Public School,Monterey Elementary School,,El Paso,52.1,Kindergarten
9634,Public School,Monterey Elementary School,,El Paso,75.9,All ages
9635,Public School,Montessori Del Mundo Charter School,,Arapahoe,92.9,Kindergarten
9635,Public School,Montessori Del Mundo Charter School,,Arapahoe,97.4,All ages
9636,Public School,Montessori Peaks Charter Academy,,Jefferson,75.0,Kindergarten
9636,Public School,Montessori Peaks Charter Academy,,Jefferson,87.3,All ages
9638,Private School,Montessori School Of Denver,,Denver,90.9,Kindergarten
9638,Private School,Montessori School Of Denver,,Denver,95.7,All ages
9639,Private School,Montessori School Of Evergreen,,Jefferson,91.7,All ages
9641,Public School,Montezuma-Cortez High School,,Montezuma,94.5,All ages
9642,Public School,Montrose High School,,Montrose,94.9,All ages
9643,Public School,Montview Math & Health Sciences,,Arapahoe,95.5,Kindergarten
9643,Public School,Montview Math & Health Sciences,,Arapahoe,97.5,All ages
9645,Public School,Monument Charter Academy - West Campus,,El Paso,72.2,Kindergarten
9645,Public School,Monument Charter Academy - West Campus,,El Paso,79.0,All ages
9646,Public School,Little Raven Elementary School,,Arapahoe,91.5,Kindergarten
9646,Public School,Little Raven Elementary School,,Arapahoe,96.6,All ages
9648,Public School,Morey Middle School,,Denver,94.9,All ages
9650,Public School,Mortensen Elementary School,,Jefferson,93.5,Kindergarten
9650,Public School,Mortensen Elementary School,,Jefferson,97.1,All ages
9651,Public School,Morton Elementary School,,Pueblo,80.0,Kindergarten
9651,Public School,Morton Elementary School,,Pueblo,88.0,All ages
9652,Private School,Most Precious Blood Catholic,,Denver,94.4,Kindergarten
9652,Private School,Most Precious Blood Catholic,,Denver,98.5,All ages
9653,Public School,Mount Carbon Elementary School,,Jefferson,97.8,Kindergarten
9653,Public School,Mount Carbon Elementary School,,Jefferson,97.9,All ages
9654,Public School,Mount Garfield Middle School,,Mesa,96.1,All ages
9655,Public School,Mountain Middle School,,La Plata,94.4,All ages
9656,Public School,Mountain Phoenix Community School,,Jefferson,72.6,Kindergarten
9656,Public School,Mountain Phoenix Community School,,Jefferson,78.2,All ages
9657,Public School,Mountain Range High School,,Adams,98.6,All ages
9658,Public School,Mountain Ridge Middle School,,Douglas,98.4,All ages
9659,Public School,Mountain Ridge Middle School,,El Paso,87.3,All ages
9660,Public School,Mountain Sage Community School,,Larimer,61.1,Kindergarten
9660,Public School,Mountain Sage Community School,,Larimer,72.6,All ages
9661,Private School,Mountain Shadows Montessori School,,Boulder,73.3,All ages
9662,Public School,Mountain Song Community School,,El Paso,69.4,Kindergarten
9662,Public School,Mountain Song Community School,,El Paso,62.8,All ages
9663,Public School,Mountain Valley K-12 Schools,,Saguache,100.0,Kindergarten
9663,Public School,Mountain Valley K-12 Schools,,Saguache,93.8,All ages
9664,Private School,Mountain View Core Knowledge School,,Fremont,73.1,Kindergarten
9664,Private School,Mountain View Core Knowledge School,,Fremont,87.3,All ages
9665,Public School,Mountain View Elementary School,,El Paso,86.7,Kindergarten
9665,Public School,Mountain View Elementary School,,El Paso,91.3,All ages
9666,Public School,Mountain View Elementary School,,Broomfield,98.4,Kindergarten
9666,Public School,Mountain View Elementary School,,Broomfield,96.1,All ages
9667,Public School,Mountain View Elementary School,,Boulder,87.0,Kindergarten
9667,Public School,Mountain View Elementary School,,Boulder,93.6,All ages
9668,Public School,Mountain View Elementary School,,Weld,96.5,All ages
9669,Public School,Mountain View Elementary School,,Douglas,93.2,Kindergarten
9669,Public School,Mountain View Elementary School,,Douglas,95.8,All ages
9670,Public School,Mountain View High School,,Larimer,97.0,All ages
9672,Public School,Steamboat Montessori,,Routt,84.6,Kindergarten
9672,Public School,Steamboat Montessori,,Routt,88.7,All ages
9673,Public School,Mountain Vista Community School,,El Paso,74.1,Kindergarten
9673,Public School,Mountain Vista Community School,,El Paso,84.7,All ages
9674,Public School,Mountain Vista Elementary School,,Arapahoe,88.0,Kindergarten
9674,Public School,Mountain Vista Elementary School,,Arapahoe,92.2,All ages
9675,Public School,Mountain Vista High School,,Douglas,97.5,All ages
9677,Public School,Mountainside Elementary School,,El Paso,32.9,Kindergarten
9677,Public School,Mountainside Elementary School,,El Paso,57.4,All ages
9678,Public School,Mrachek Middle School,,Arapahoe,95.0,All ages
9679,Public School,Munroe Elementary School,,Denver,34.6,Kindergarten
9679,Public School,Munroe Elementary School,,Denver,80.9,All ages
9680,Public School,Murphy Creek K-8 School,,Arapahoe,93.1,Kindergarten
9680,Public School,Murphy Creek K-8 School,,Arapahoe,96.7,All ages
9681,Public School,Namaqua Elementary School,,Larimer,86.2,Kindergarten
9681,Public School,Namaqua Elementary School,,Larimer,93.0,All ages
9683,Public School,Nucla Elementary School,,Montrose,78.9,Kindergarten
9683,Public School,Nucla Elementary School,,Montrose,87.3,All ages
9684,Public School,Nederland Elementary School,,Boulder,92.0,Kindergarten
9684,Public School,Nederland Elementary School,,Boulder,87.2,All ages
9685,Public School,Nederland Middle-senior High School,,Boulder,81.7,All ages
9686,Public School,Needham Elementary School,,La Plata,85.4,Kindergarten
9686,Public School,Needham Elementary School,,La Plata,92.1,All ages
9687,Public School,Nevin Platt Middle School,,Boulder,95.5,All ages
9688,Public School,New America School - Lakewood,,Jefferson,81.4,All ages
9689,Public School,New America School - Aurora,,Arapahoe,88.1,All ages
9690,Public School,New America School - Thornton,,Adams,89.1,All ages
9691,Public School,New Emerson School At Columbus,,Mesa,95.7,Kindergarten
9691,Public School,New Emerson School At Columbus,,Mesa,96.9,All ages
9692,Public School,New Legacy Charter School,,Adams,96.1,All ages
9694,Public School,New Vision Charter School,,Larimer,93.9,Kindergarten
9694,Public School,New Vision Charter School,,Larimer,95.3,All ages
9695,Public School,New Vista High School,,Boulder,87.1,All ages
9696,Public School,Newlon Elementary School,,Denver,81.4,Kindergarten
9696,Public School,Newlon Elementary School,,Denver,92.5,All ages
9697,Public School,Newton Middle School,,Arapahoe,98.2,All ages
9699,Public School,Niwot Elementary School,,Boulder,92.5,Kindergarten
9699,Public School,Niwot Elementary School,,Boulder,96.2,All ages
9700,Public School,Niwot High School,,Boulder,95.3,All ages
9702,Public School,Normandy Elementary School,,Jefferson,92.6,Kindergarten
9702,Public School,Normandy Elementary School,,Jefferson,97.6,All ages
9703,Public School,North Arvada Middle School,,Jefferson,92.5,All ages
9704,Public School,North Conejos Alternative Program,,Conejos,67.6,All ages
9707,Public School,North Fork School Of Integrated Studies,,Delta,31.3,Kindergarten
9707,Public School,North Fork School Of Integrated Studies,,Delta,33.0,All ages
9708,Public School,North High School,,Denver,96.0,All ages
9709,Public School,North High School Engagement Center,,Denver,97.3,All ages
9710,Public School,North Mesa Elementary,,Pueblo,95.7,Kindergarten
9710,Public School,North Mesa Elementary,,Pueblo,93.6,All ages
9711,Public School,North Middle School,,El Paso,88.8,All ages
9712,Public School,North Middle School Health Sciences And Technology,,Arapahoe,99.0,All ages
9713,Public School,North Mor Elementary School,,Adams,93.3,Kindergarten
9713,Public School,North Mor Elementary School,,Adams,97.0,All ages
9714,Public School,North Park K-12 Schools,,Jackson,100.0,Kindergarten
9714,Public School,North Park K-12 Schools,,Jackson,93.9,All ages
9715,Public School,North Routt Charter School,,Routt,75.0,Kindergarten
9715,Public School,North Routt Charter School,,Routt,89.0,All ages
9716,Public School,North Star Academy,,Douglas,90.5,Kindergarten
9716,Public School,North Star Academy,,Douglas,95.0,All ages
9717,Public School,North Star Elementary School,,Adams,97.7,Kindergarten
9717,Public School,North Star Elementary School,,Adams,98.2,All ages
9718,Public School,North Valley Middle School,,Weld,98.4,All ages
9719,Public School,North Valley School For Young Adults,,Adams,96.7,All ages
9720,Public School,Northeast Elementary School,,Adams,84.3,Kindergarten
9720,Public School,Northeast Elementary School,,Adams,93.4,All ages
9721,Public School,Northeast Elementary School,,Douglas,96.6,All ages
9722,Public School,Northfield High School,,Denver,96.8,All ages
9723,Public School,Northglenn High School,,Adams,98.2,All ages
9724,Public School,Northglenn Middle School,,Adams,96.0,All ages
9725,Public School,Northridge Elementary School,,Boulder,95.7,Kindergarten
9725,Public School,Northridge Elementary School,,Boulder,96.7,All ages
9726,Public School,Northridge Elementary School,,Douglas,95.1,Kindergarten
9726,Public School,Northridge Elementary School,,Douglas,95.6,All ages
9727,Public School,Northridge High School,,Weld,97.5,All ages
9728,Public School,Northside Elementary School,,Montrose,84.5,Kindergarten
9728,Public School,Northside Elementary School,,Montrose,90.1,All ages
9729,Public School,Norwood K-12 Schools,,San Miguel,100.0,Kindergarten
9729,Public School,Norwood K-12 Schools,,San Miguel,92.6,All ages
9730,Private School,Notre Dame Catholic School,,Denver,94.4,Kindergarten
9730,Private School,Notre Dame Catholic School,,Denver,93.3,All ages
9731,Public School,Nucla High School,,Montrose,90.0,All ages
9732,Public School,Oak Creek Elementary School,,El Paso,5.7,Kindergarten
9732,Public School,Oak Creek Elementary School,,El Paso,49.6,All ages
9733,Public School,Oak Grove Elementary School,,Montrose,87.5,Kindergarten
9733,Public School,Oak Grove Elementary School,,Montrose,91.9,All ages
9734,Public School,Oakland Elementary,,Denver,85.7,Kindergarten
9734,Public School,Oakland Elementary,,Denver,90.3,All ages
9735,Public School,Oberon Junior High School,,Jefferson,97.7,All ages
9736,Public School,Odea Elementary School,,Larimer,88.1,Kindergarten
9736,Public School,Odea Elementary School,,Larimer,91.9,All ages
9737,Public School,Odyssey Elementary School,,El Paso,93.8,Kindergarten
9737,Public School,Odyssey Elementary School,,El Paso,94.0,All ages
9738,Public School,Odyssey School Of Denver,,Denver,55.3,Kindergarten
9738,Public School,Odyssey School Of Denver,,Denver,90.6,All ages
9739,Public School,Olander Elementary School,,Larimer,97.4,Kindergarten
9739,Public School,Olander Elementary School,,Larimer,94.4,All ages
9740,Public School,Olathe Elementary School,,Montrose,80.0,Kindergarten
9740,Public School,Olathe Elementary School,,Montrose,91.4,All ages
9741,Public School,Olathe Middle/High Schools,,Montrose,93.3,All ages
9743,Public School,New Meridian,,Boulder,99.2,All ages
9744,Public School,Omar D Blair Charter School,,Denver,76.7,Kindergarten
9744,Public School,Omar D Blair Charter School,,Denver,86.3,All ages
9745,Public School,Options School,,Arapahoe,30.9,Kindergarten
9745,Public School,Options School,,Arapahoe,49.2,All ages
9746,Public School,Options School,,Adams,72.3,Kindergarten
9746,Public School,Options School,,Adams,78.6,All ages
9747,Public School,Orchard Avenue Elementary School,,Mesa,83.0,Kindergarten
9747,Public School,Orchard Avenue Elementary School,,Mesa,91.8,All ages
9748,Public School,Orchard Mesa Middle School,,Mesa,96.6,All ages
9750,Public School,Ortega Middle School,,Alamosa,92.8,All ages
9751,Public School,Otero Elementary School,,El Paso,5.7,Kindergarten
9751,Public School,Otero Elementary School,,El Paso,62.8,All ages
9752,Public School,Otho E Stuart Middle School,,Adams,96.9,All ages
9754,Private School,Our Lady Of Fatima Catholic,,Jefferson,96.6,Kindergarten
9754,Private School,Our Lady Of Fatima Catholic,,Jefferson,96.3,All ages
9755,Private School,Our Lady Of Loreto Catholic School,,Arapahoe,89.8,Kindergarten
9755,Private School,Our Lady Of Loreto Catholic School,,Arapahoe,95.1,All ages
9756,Private School,Our Lady Of Lourdes Catholic Classical - North Cam,,Denver,57.1,Kindergarten
9756,Private School,Our Lady Of Lourdes Catholic Classical - North Cam,,Denver,71.9,All ages
9757,Public School,Ouray K-12 Schools,,Ouray,100.0,Kindergarten
9757,Public School,Ouray K-12 Schools,,Ouray,89.9,All ages
9758,Public School,Overland High School,,Arapahoe,87.2,All ages
9759,Public School,Overland Trail Middle School,,Adams,97.9,All ages
9760,Public School,P.R.E.P. (Positive Refocus Education Program),,Denver,97.0,All ages
9761,Public School,Montbello Career and Technical HS,,Denver,96.0,All ages
9762,Public School,Pagosa Springs Elementary School,,Archuleta,86.4,Kindergarten
9762,Public School,Pagosa Springs Elementary School,,Archuleta,83.9,All ages
9763,Public School,Pagosa Springs High School,,Archuleta,90.5,All ages
9764,Public School,Pagosa Springs Middle School,,Archuleta,89.4,All ages
9765,Public School,Palisade High School,,Mesa,94.9,All ages
9767,Public School,Palmer High School,,El Paso,91.3,All ages
9768,Public School,Palmer Lake Elementary School,,El Paso,84.4,Kindergarten
9768,Public School,Palmer Lake Elementary School,,El Paso,87.7,All ages
9769,Public School,Palmer Ridge High School,,El Paso,94.4,All ages
9770,Public School,Panorama Middle School,,El Paso,86.5,All ages
9771,Public School,Paonia K-8,,Delta,75.0,Kindergarten
9771,Public School,Paonia K-8,,Delta,73.1,All ages
9775,Public School,Park Elementary School,,La Plata,93.8,Kindergarten
9775,Public School,Park Elementary School,,La Plata,93.8,All ages
9776,Public School,Park Hill School,,Denver,32.7,Kindergarten
9776,Public School,Park Hill School,,Denver,85.0,All ages
9777,Public School,Park Lane Elementary School,,Adams,84.6,Kindergarten
9777,Public School,Park Lane Elementary School,,Adams,82.3,All ages
9778,Public School,Park View Elementary School,,Pueblo,70.5,Kindergarten
9778,Public School,Park View Elementary School,,Pueblo,86.9,All ages
9779,Public School,Parker Core Knowledge Charter School,,Douglas,93.8,Kindergarten
9779,Public School,Parker Core Knowledge Charter School,,Douglas,98.7,All ages
9781,Public School,Parker Performing Arts School,,Douglas,70.7,Kindergarten
9781,Public School,Parker Performing Arts School,,Douglas,88.6,All ages
9782,Public School,Parkview Elementary School,,Prowers,97.6,All ages
9783,Public School,Parkview Elementary School,,Rio Blanco,81.0,Kindergarten
9783,Public School,Parkview Elementary School,,Rio Blanco,90.3,All ages
9784,Public School,Parmalee Elementary School,,Jefferson,86.5,Kindergarten
9784,Public School,Parmalee Elementary School,,Jefferson,93.6,All ages
9787,Public School,Pathways Future Center,,Adams,98.3,All ages
9788,Public School,Patriot Elementary School,,El Paso,91.1,Kindergarten
9788,Public School,Patriot Elementary School,,El Paso,94.5,All ages
9789,Public School,Patriot High School,,El Paso,96.8,All ages
9790,Public School,Patterson International School,,Jefferson,97.7,Kindergarten
9790,Public School,Patterson International School,,Jefferson,95.8,All ages
9791,Public School,Pawnee K-12 Schools,,Weld,100.0,Kindergarten
9791,Public School,Pawnee K-12 Schools,,Weld,83.9,All ages
9793,Public School,Peak To Peak Charter School,,Boulder,98.6,Kindergarten
9793,Public School,Peak To Peak Charter School,,Boulder,98.3,All ages
9794,Public School,Peak Virtual Academy,,Montrose,55.6,Kindergarten
9794,Public School,Peak Virtual Academy,,Montrose,85.2,All ages
9795,Public School,Peakview Elementary School,,Arapahoe,88.9,Kindergarten
9795,Public School,Peakview Elementary School,,Arapahoe,94.1,All ages
9796,Public School,Peakview School,,Huerfano,100.0,Kindergarten
9796,Public School,Peakview School,,Huerfano,93.7,All ages
9797,Public School,Pear Park Elementary School,,Mesa,94.7,Kindergarten
9797,Public School,Pear Park Elementary School,,Mesa,96.4,All ages
9799,Public School,Peetz K-12 Schools,,Logan,91.7,Kindergarten
9799,Public School,Peetz K-12 Schools,,Logan,90.2,All ages
9802,Public School,Pennington Elementary School,,Jefferson,93.9,Kindergarten
9802,Public School,Pennington Elementary School,,Jefferson,91.3,All ages
9803,Public School,Penrose Elementary School,,Fremont,92.7,Kindergarten
9803,Public School,Penrose Elementary School,,Fremont,90.7,All ages
9804,Public School,Penrose Elementary School,,El Paso,91.3,Kindergarten
9804,Public School,Penrose Elementary School,,El Paso,96.6,All ages
9806,Public School,Pete Mirich Elementary School,,Weld,91.7,Kindergarten
9806,Public School,Pete Mirich Elementary School,,Weld,96.2,All ages
9807,Public School,Peyton Elementary School,,El Paso,91.2,Kindergarten
9807,Public School,Peyton Elementary School,,El Paso,91.9,All ages
9808,Public School,Peyton Junior High School,,El Paso,95.2,All ages
9809,Public School,Peyton Online Academy,,El Paso,77.3,All ages
9810,Public School,Peyton Senior High School,,El Paso,88.9,All ages
9812,Private School,Pikes Peak Christian School,,El Paso,77.4,Kindergarten
9812,Private School,Pikes Peak Christian School,,El Paso,85.1,All ages
9813,Public School,Pikes Peak Early College,,El Paso,93.7,All ages
9815,Public School,Pikes Peak Online School,,Unknown,94.3,All ages
9817,Public School,Pikes Peak School Expeditionary Learning,,El Paso,92.3,Kindergarten
9817,Public School,Pikes Peak School Expeditionary Learning,,El Paso,96.0,All ages
9818,Public School,Pine Creek High School,,El Paso,95.9,All ages
9819,Public School,Pine Grove Elementary School,,Douglas,90.0,Kindergarten
9819,Public School,Pine Grove Elementary School,,Douglas,96.7,All ages
9820,Public School,Pine Lane Elementary,,Douglas,93.6,Kindergarten
9820,Public School,Pine Lane Elementary,,Douglas,96.3,All ages
9821,Public School,Pine Ridge Elementary School,,Arapahoe,91.4,Kindergarten
9821,Public School,Pine Ridge Elementary School,,Arapahoe,92.9,All ages
9822,Public School,Pinello Elementary School,,El Paso,72.7,Kindergarten
9822,Public School,Pinello Elementary School,,El Paso,84.7,All ages
9823,Public School,Pinon Valley Elementary School,,El Paso,82.5,Kindergarten
9823,Public School,Pinon Valley Elementary School,,El Paso,93.5,All ages
9824,Public School,Pioneer Bilingual Elementary School,,Boulder,96.8,Kindergarten
9824,Public School,Pioneer Bilingual Elementary School,,Boulder,98.9,All ages
9825,Public School,Pioneer Elementary School,,Douglas,90.0,Kindergarten
9825,Public School,Pioneer Elementary School,,Douglas,92.1,All ages
9826,Public School,Pioneer Elementary School,,El Paso,76.1,Kindergarten
9826,Public School,Pioneer Elementary School,,El Paso,86.0,All ages
9827,Public School,Pioneer Elementary School,,Morgan,94.0,All ages
9828,Public School,Pioneer Ridge Elementary School,,Weld,88.9,Kindergarten
9828,Public School,Pioneer Ridge Elementary School,,Weld,94.4,All ages
9829,Public School,Place Bridge Academy,,Denver,70.6,Kindergarten
9829,Public School,Place Bridge Academy,,Denver,77.9,All ages
9831,Public School,Plainview Junior-Senior High School,,Kiowa,50.0,Kindergarten
9831,Public School,Plainview Junior-Senior High School,,Kiowa,95.2,All ages
9832,Public School,Plateau Valley Elementary School,,Mesa,69.2,Kindergarten
9832,Public School,Plateau Valley Elementary School,,Mesa,94.0,All ages
9833,Public School,Plateau Valley High School,,Mesa,69.2,Kindergarten
9833,Public School,Plateau Valley High School,,Mesa,94.0,All ages
9834,Public School,Plateau Valley Middle School,,Mesa,69.2,Kindergarten
9834,Public School,Plateau Valley Middle School,,Mesa,94.0,All ages
9835,Public School,Platte Canyon Middle/High School,,Park,92.1,All ages
9836,Public School,Platte River Charter Academy,,Douglas,75.3,Kindergarten
9836,Public School,Platte River Charter Academy,,Douglas,84.3,All ages
9837,Public School,Platte Valley Elementary School,,Weld,97.1,Kindergarten
9837,Public School,Platte Valley Elementary School,,Weld,97.5,All ages
9838,Public School,Platte Valley High School,,Weld,94.5,All ages
9839,Public School,Platte Valley Middle School,,Weld,90.5,All ages
9840,Public School,Platteville Elementary School,,Weld,94.1,Kindergarten
9840,Public School,Platteville Elementary School,,Weld,95.7,All ages
9843,Public School,Pleasant View Middle School,,Pueblo,97.5,All ages
9844,Public School,Plum Creek Academy,,Douglas,97.4,All ages
9845,Public School,Polaris At Ebert Elementary School,,Denver,99.7,All ages
9846,Public School,Polaris Expeditionary Learning School,,Larimer,85.0,Kindergarten
9846,Public School,Polaris Expeditionary Learning School,,Larimer,93.8,All ages
9847,Public School,Polton Community Elementary School,,Arapahoe,84.6,Kindergarten
9847,Public School,Polton Community Elementary School,,Arapahoe,91.5,All ages
9848,Public School,Pomona Elementary School,,Montrose,90.2,Kindergarten
9848,Public School,Pomona Elementary School,,Montrose,90.4,All ages
9849,Public School,Pomona Elementary School,,Mesa,87.8,Kindergarten
9849,Public School,Pomona Elementary School,,Mesa,94.3,All ages
9850,Public School,Pomona High School,,Jefferson,97.6,All ages
9851,Public School,Ponderosa Elementary,,Larimer,97.1,Kindergarten
9851,Public School,Ponderosa Elementary,,Larimer,97.2,All ages
9852,Public School,Ponderosa Elementary School,,Arapahoe,90.0,Kindergarten
9852,Public School,Ponderosa Elementary School,,Arapahoe,87.5,All ages
9853,Public School,Ponderosa High School,,Douglas,97.2,All ages
9854,Private School,Pope John Paul Academy,,Montrose,37.5,Kindergarten
9854,Private School,Pope John Paul Academy,,Montrose,44.8,All ages
9855,Public School,Poudre Community Academy,,Larimer,93.9,All ages
9856,Public School,Poudre High School,,Larimer,94.8,All ages
9857,Public School,Powderhorn Elementary School,,Jefferson,96.1,Kindergarten
9857,Public School,Powderhorn Elementary School,,Jefferson,97.4,All ages
9858,Public School,Prairie Creeks Charter School,,Adams,100.0,All ages
9859,Public School,Prairie Crossing Elementary School,,Douglas,94.5,Kindergarten
9859,Public School,Prairie Crossing Elementary School,,Douglas,96.6,All ages
9860,Public School,Prairie Elementary School,,Weld,83.3,Kindergarten
9860,Public School,Prairie Elementary School,,Weld,91.9,All ages
9861,Public School,Prairie Heights Elementary School,,El Paso,83.3,Kindergarten
9861,Public School,Prairie Heights Elementary School,,El Paso,86.2,All ages
9862,Public School,Prairie Heights Middle School,,Weld,96.6,All ages
9863,Public School,Prairie Hills Elementary School,,Adams,100.0,Kindergarten
9863,Public School,Prairie Hills Elementary School,,Adams,98.3,All ages
9864,Public School,Prairie Hills Elementary School,,El Paso,86.2,Kindergarten
9864,Public School,Prairie Hills Elementary School,,El Paso,88.6,All ages
9865,Public School,Prairie Junior-Senior High School,,Weld,95.3,All ages
9866,Public School,Prairie Middle School,,Arapahoe,88.1,All ages
9867,Public School,Prairie Ridge Elementary School,,Boulder,98.3,Kindergarten
9867,Public School,Prairie Ridge Elementary School,,Boulder,97.3,All ages
9868,Public School,Prairie View High School,,Adams,97.3,All ages
9869,Public School,Prairie View Middle School,,Adams,95.4,All ages
9870,Public School,Prairie Winds Elementary School,,Pueblo,82.8,Kindergarten
9870,Public School,Prairie Winds Elementary School,,Pueblo,88.0,All ages
9871,Public School,Prairie Winds Elementary School,,El Paso,83.3,Kindergarten
9871,Public School,Prairie Winds Elementary School,,El Paso,95.0,All ages
9872,Public School,Preston Middle School,,Larimer,96.8,All ages
9873,Public School,Primero K-12 Schools,,Las Animas,62.5,Kindergarten
9873,Public School,Primero K-12 Schools,,Las Animas,92.9,All ages
9875,Private School,Watershed School,,Boulder,87.2,All ages
9881,Public School,Pritchett K-12 Schools,,Baca,83.3,Kindergarten
9881,Public School,Pritchett K-12 Schools,,Baca,90.7,All ages
9882,Public School,Prospect Ridge Academy,,Adams,96.6,Kindergarten
9882,Public School,Prospect Ridge Academy,,Adams,96.0,All ages
9883,Public School,Prospect Valley Elementary School,,Jefferson,89.1,Kindergarten
9883,Public School,Prospect Valley Elementary School,,Jefferson,94.4,All ages
9884,Public School,PSD Global Academy,,Larimer,100.0,Kindergarten
9884,Public School,PSD Global Academy,,Larimer,94.0,All ages
9885,Public School,PSD Options School,,Larimer,81.8,Kindergarten
9885,Public School,PSD Options School,,Larimer,84.7,All ages
9887,Public School,Power Technical Early College,,El Paso,92.6,All ages
9888,Public School,Pueblo Academy Of Arts,,Pueblo,93.7,All ages
9890,Public School,Pueblo County High School,,Pueblo,95.8,All ages
9891,Public School,Pueblo West High School,,Pueblo,97.7,All ages
9892,Public School,Putnam Elementary School,,Larimer,96.6,Kindergarten
9892,Public School,Putnam Elementary School,,Larimer,96.1,All ages
9893,Public School,Queen Palmer Elementary School,,El Paso,82.5,Kindergarten
9893,Public School,Queen Palmer Elementary School,,El Paso,87.8,All ages
9895,Public School,R-5 High School,,Mesa,96.6,All ages
9896,Public School,Ralston Elementary School,,Jefferson,92.9,Kindergarten
9896,Public School,Ralston Elementary School,,Jefferson,97.6,All ages
9897,Public School,Ralston Valley Senior High School,,Jefferson,97.8,All ages
9898,Public School,Rampart High School,,El Paso,92.4,All ages
9899,Public School,Ranch Creek Elementary,,El Paso,94.6,Kindergarten
9899,Public School,Ranch Creek Elementary,,El Paso,93.6,All ages
9900,Public School,Ranch View Middle School,,Douglas,96.4,All ages
9901,Public School,Range View Elementary,,Weld,92.0,Kindergarten
9901,Public School,Range View Elementary,,Weld,95.6,All ages
9902,Public School,Rangely Junior/Senior High School,,Rio Blanco,97.9,All ages
9903,Public School,Rangeview High School,,Arapahoe,95.0,All ages
9904,Public School,Ray E Kilmer Elementary School,,El Paso,88.9,Kindergarten
9904,Public School,Ray E Kilmer Elementary School,,El Paso,92.6,All ages
9906,Public School,Red Canyon High School,,Eagle,98.0,All ages
9908,Public School,Red Hawk Elementary,,Boulder,98.7,Kindergarten
9908,Public School,Red Hawk Elementary,,Boulder,98.3,All ages
9909,Public School,Red Hawk Ridge Elementary School,,Arapahoe,75.7,Kindergarten
9909,Public School,Red Hawk Ridge Elementary School,,Arapahoe,85.3,All ages
9910,Public School,Red Hill Elementary School,,Eagle,97.2,Kindergarten
9910,Public School,Red Hill Elementary School,,Eagle,95.4,All ages
9911,Public School,Red Rocks Elementary School,,Jefferson,100.0,Kindergarten
9911,Public School,Red Rocks Elementary School,,Jefferson,97.2,All ages
9912,Public School,Red Sandstone Elementary School,,Eagle,88.6,Kindergarten
9912,Public School,Red Sandstone Elementary School,,Eagle,97.5,All ages
9913,Public School,Redlands Middle School,,Mesa,95.1,All ages
9914,Public School,Redstone Elementary School,,Douglas,94.1,Kindergarten
9914,Public School,Redstone Elementary School,,Douglas,97.4,All ages
9916,Private School,Regis Jesuit High School,,Arapahoe,99.1,All ages
9918,Public School,Remington Elementary School,,El Paso,87.8,Kindergarten
9918,Public School,Remington Elementary School,,El Paso,94.3,All ages
9919,Public School,Renaissance Expedition Learn Outward Bound School,,Douglas,83.3,Kindergarten
9919,Public School,Renaissance Expedition Learn Outward Bound School,,Douglas,92.4,All ages
9920,Public School,Respect Academy At Lincoln,,Denver,84.5,All ages
9921,Private School,Resurrection Christian School,,Larimer,61.7,Kindergarten
9921,Private School,Resurrection Christian School,,Larimer,85.6,All ages
9922,Public School,Revere Elementary,,Sedgwick,100.0,Kindergarten
9922,Public School,Revere Elementary,,Sedgwick,98.6,All ages
9923,Public School,Revere Junior-Senior High School,,Sedgwick,100.0,All ages
9924,Public School,Ricardo Flores Magon Academy,,Adams,65.0,Kindergarten
9924,Public School,Ricardo Flores Magon Academy,,Adams,86.2,All ages
9925,Public School,Rice Elementary School,,Larimer,90.3,Kindergarten
9925,Public School,Rice Elementary School,,Larimer,96.1,All ages
9927,Public School,Ridgeview Classical Charter Schools,,Larimer,77.0,Kindergarten
9927,Public School,Ridgeview Classical Charter Schools,,Larimer,86.2,All ages
9928,Public School,Ridgeview Elementary School,,El Paso,89.1,Kindergarten
9928,Public School,Ridgeview Elementary School,,El Paso,93.1,All ages
9929,Public School,Ridgeview Elementary School,,Moffat,85.7,Kindergarten
9929,Public School,Ridgeview Elementary School,,Moffat,94.7,All ages
9930,Public School,Ridgway Elementary School,,Ouray,80.0,Kindergarten
9930,Public School,Ridgway Elementary School,,Ouray,88.8,All ages
9931,Public School,Ridgway High School,,Ouray,98.8,All ages
9932,Public School,Ridgway Middle School,,Ouray,94.4,All ages
9933,Public School,Riffenburgh Elementary School,,Larimer,97.1,Kindergarten
9933,Public School,Riffenburgh Elementary School,,Larimer,98.3,All ages
9934,Public School,Rifle High School,,Garfield,95.2,All ages
9935,Public School,Rifle Middle School,,Garfield,96.1,All ages
9936,Public School,Rim Rock Elementary School,,Mesa,75.0,Kindergarten
9936,Public School,Rim Rock Elementary School,,Mesa,87.8,All ages
9937,Public School,Riseup Community School,,Denver,96.3,All ages
9938,Public School,Risley International Academy Of Innovation,,Pueblo,93.9,All ages
9939,Public School,Riverdale Elementary School,,Adams,92.9,Kindergarten
9939,Public School,Riverdale Elementary School,,Adams,96.7,All ages
9940,Public School,Riverside School,,Garfield,92.9,All ages
9942,Public School,Riverview Elementary School,,La Plata,87.8,Kindergarten
9942,Public School,Riverview Elementary School,,La Plata,93.1,All ages
9943,Public School,Roaring Fork High School,,Garfield,95.7,All ages
9944,Public School,Rock Canyon High School,,Douglas,97.2,All ages
9945,Public School,Rock Ridge Elementary School,,Douglas,95.2,Kindergarten
9945,Public School,Rock Ridge Elementary School,,Douglas,94.3,All ages
9947,Public School,Rockrimmon Elementary School,,El Paso,88.6,Kindergarten
9947,Public School,Rockrimmon Elementary School,,El Paso,89.1,All ages
9948,Public School,Rocky Ford Junior/Senior High School,,Otero,99.2,All ages
9949,Public School,Rocky Heights Middle School,,Douglas,96.5,All ages
9950,Public School,Rocky Mountain Academy Of Evergreen,,Jefferson,10.0,Kindergarten
9950,Public School,Rocky Mountain Academy Of Evergreen,,Jefferson,79.2,All ages
9951,Private School,Rocky Mountain Christian Academy,,Boulder,70.0,Kindergarten
9951,Private School,Rocky Mountain Christian Academy,,Boulder,80.4,All ages
9952,Public School,Rocky Mountain Classical Academy,,El Paso,89.9,Kindergarten
9952,Public School,Rocky Mountain Classical Academy,,El Paso,93.3,All ages
9953,Public School,Rocky Mountain Deaf School,,Jefferson,80.0,Kindergarten
9953,Public School,Rocky Mountain Deaf School,,Jefferson,88.8,All ages
9955,Public School,Rocky Mountain Elementary School,,Mesa,91.0,Kindergarten
9955,Public School,Rocky Mountain Elementary School,,Mesa,96.0,All ages
9956,Public School,Rocky Mountain Elementary School,,Adams,97.4,Kindergarten
9956,Public School,Rocky Mountain Elementary School,,Adams,94.4,All ages
9957,Public School,Rocky Mountain Elementary School,,Boulder,93.5,Kindergarten
9957,Public School,Rocky Mountain Elementary School,,Boulder,96.8,All ages
9958,Public School,Rocky Mountain High School,,Larimer,95.1,All ages
9959,Private School,Peace With Christ Christian School,,Arapahoe,76.5,Kindergarten
9959,Private School,Peace With Christ Christian School,,Arapahoe,93.6,All ages
9960,Public School,Rocky Mountain Prep - Creekside,,Denver,78.9,Kindergarten
9960,Public School,Rocky Mountain Prep - Creekside,,Denver,84.0,All ages
9961,Public School,Rocky Mountain Prep - Fletcher,,Arapahoe,94.1,Kindergarten
9961,Public School,Rocky Mountain Prep - Fletcher,,Arapahoe,93.1,All ages
9962,Public School,Rocky Mountain Prep - Southwest,,Denver,80.7,Kindergarten
9962,Public School,Rocky Mountain Prep - Southwest,,Denver,87.9,All ages
9963,Public School,Rocky Mountain School Of Expeditionary Learning,,Denver,13.0,Kindergarten
9963,Public School,Rocky Mountain School Of Expeditionary Learning,,Denver,85.7,All ages
9964,Public School,Rocky Top Middle School,,Adams,96.7,All ages
9965,Public School,Rogers Elementary School,,El Paso,80.0,Kindergarten
9965,Public School,Rogers Elementary School,,El Paso,91.7,All ages
9966,Public School,Rolling Hills Elementary School,,Arapahoe,94.1,Kindergarten
9966,Public School,Rolling Hills Elementary School,,Arapahoe,96.8,All ages
9968,Public School,Rooney Ranch Elementary School,,Jefferson,98.8,Kindergarten
9968,Public School,Rooney Ranch Elementary School,,Jefferson,98.1,All ages
9969,Public School,Roosevelt Charter Academy,,El Paso,65.2,Kindergarten
9969,Public School,Roosevelt Charter Academy,,El Paso,77.3,All ages
9970,Public School,Roosevelt High School,,Weld,97.1,All ages
9972,Public School,Rose Hill Elementary School,,Adams,95.5,Kindergarten
9972,Public School,Rose Hill Elementary School,,Adams,97.2,All ages
9974,Public School,Roxborough Elementary School,,Douglas,96.5,Kindergarten
9974,Public School,Roxborough Elementary School,,Douglas,93.6,All ages
9975,Public School,Roxborough Intermediate,,Douglas,96.0,All ages
9976,Public School,Rudy Elementary School,,El Paso,86.5,Kindergarten
9976,Public School,Rudy Elementary School,,El Paso,94.0,All ages
9977,Public School,Running Creek Elementary School,,Elbert,90.0,Kindergarten
9977,Public School,Running Creek Elementary School,,Elbert,91.8,All ages
9978,Public School,Runyon Elementary School,,Arapahoe,95.1,Kindergarten
9978,Public School,Runyon Elementary School,,Arapahoe,98.1,All ages
9979,Public School,Russell Middle School,,El Paso,94.2,All ages
9980,Public School,Ryan Elementary,,Jefferson,95.1,Kindergarten
9980,Public School,Ryan Elementary,,Jefferson,95.9,All ages
9981,Public School,Ryan Elementary School,,Boulder,87.7,Kindergarten
9981,Public School,Ryan Elementary School,,Boulder,94.2,All ages
9982,Public School,Rye Elementary School,,Pueblo,85.3,Kindergarten
9982,Public School,Rye Elementary School,,Pueblo,94.6,All ages
9983,Public School,Rye High School,,Pueblo,97.7,All ages
9984,Public School,Sabin Middle School,,El Paso,89.0,All ages
9985,Public School,Sabin World School,,Denver,96.3,Kindergarten
9985,Public School,Sabin World School,,Denver,97.1,All ages
9987,Private School,Sacred Heart Of Jesus,,Boulder,90.0,Kindergarten
9987,Private School,Sacred Heart Of Jesus,,Boulder,77.0,All ages
9988,Public School,Saddle Ranch Elementary School,,Douglas,96.3,Kindergarten
9988,Public School,Saddle Ranch Elementary School,,Douglas,94.4,All ages
9989,Public School,Sage Canyon Elementary,,Douglas,97.8,Kindergarten
9989,Public School,Sage Canyon Elementary,,Douglas,96.1,All ages
9990,Public School,Sagebrush Elementary School,,Arapahoe,94.7,Kindergarten
9990,Public School,Sagebrush Elementary School,,Arapahoe,93.2,All ages
9991,Public School,Sagewood Middle School,,Douglas,97.6,All ages
9994,Public School,Salida Del Sol Academy,,Weld,98.7,Kindergarten
9994,Public School,Salida Del Sol Academy,,Weld,99.3,All ages
9995,Public School,Salida High School,,Chaffee,89.8,All ages
9996,Public School,Salida Middle School,,Chaffee,90.6,All ages
9997,Public School,Salida Montessori Charter School,,Chaffee,89.6,All ages
9998,Public School,Samuels Elementary School,,Denver,75.0,Kindergarten
9998,Public School,Samuels Elementary School,,Denver,78.0,All ages
9999,Public School,Sanborn Elementary School,,Boulder,100.0,Kindergarten
9999,Public School,Sanborn Elementary School,,Boulder,93.2,All ages
10000,Public School,Sand Creek Elementary School,,El Paso,91.1,Kindergarten
10000,Public School,Sand Creek Elementary School,,El Paso,95.6,All ages
10001,Public School,Sand Creek Elementary School,,Douglas,95.1,Kindergarten
10001,Public School,Sand Creek Elementary School,,Douglas,96.0,All ages
10002,Public School,Sand Creek High School,,El Paso,95.7,All ages
10003,Public School,Sandburg Elementary School,,Arapahoe,95.7,Kindergarten
10003,Public School,Sandburg Elementary School,,Arapahoe,97.3,All ages
10004,Public School,Sandrock Elementary School,,Moffat,88.9,Kindergarten
10004,Public School,Sandrock Elementary School,,Moffat,93.4,All ages
10005,Public School,Sanford Elementary School,,Conejos,85.7,Kindergarten
10005,Public School,Sanford Elementary School,,Conejos,90.3,All ages
10006,Public School,Sanford Junior/Senior High School,,Conejos,92.5,All ages
10007,Public School,Sangre De Cristo K-12 Schools,,Alamosa,60.0,Kindergarten
10007,Public School,Sangre De Cristo K-12 Schools,,Alamosa,93.5,All ages
10008,Public School,Sarah Milner Elementary School,,Larimer,96.8,Kindergarten
10008,Public School,Sarah Milner Elementary School,,Larimer,94.2,All ages
10009,Public School,Sargent K-12 Schools,,Rio Grande,88.0,Kindergarten
10009,Public School,Sargent K-12 Schools,,Rio Grande,96.6,All ages
10015,Public School,Scott Elementary School,,Weld,97.7,Kindergarten
10015,Public School,Scott Elementary School,,Weld,96.7,All ages
10016,Public School,Scott Elementary School,,El Paso,73.7,Kindergarten
10016,Public School,Scott Elementary School,,El Paso,88.4,All ages
10017,Public School,Second Creek Elementary School,,Adams,89.8,Kindergarten
10017,Public School,Second Creek Elementary School,,Adams,93.8,All ages
10018,Public School,Secrest Elementary School,,Jefferson,68.3,Kindergarten
10018,Public School,Secrest Elementary School,,Jefferson,86.8,All ages
10019,Public School,Sedalia Elementary School,,Douglas,80.8,Kindergarten
10019,Public School,Sedalia Elementary School,,Douglas,91.1,All ages
10020,Public School,Semper Elementary School,,Jefferson,95.2,Kindergarten
10020,Public School,Semper Elementary School,,Jefferson,97.1,All ages
10022,Public School,Dove Creek Elementary School,,Dolores,73.3,Kindergarten
10022,Public School,Dove Creek Elementary School,,Dolores,90.6,All ages
10023,Public School,Severance Middle School,,Weld,97.5,All ages
10024,Public School,Shadow Ridge Middle School,,Adams,98.0,All ages
10025,Public School,Shaffer Elementary School,,Jefferson,97.3,Kindergarten
10025,Public School,Shaffer Elementary School,,Jefferson,96.7,All ages
10026,Public School,Shaw Heights Middle School,,Adams,98.2,All ages
10027,Public School,Shawsheen Elementary School,,Weld,93.8,Kindergarten
10027,Public School,Shawsheen Elementary School,,Weld,98.1,All ages
10028,Public School,Shelledy Elementary School,,Mesa,84.4,Kindergarten
10028,Public School,Shelledy Elementary School,,Mesa,93.0,All ages
10029,Public School,Shelton Elementary School,,Jefferson,96.3,Kindergarten
10029,Public School,Shelton Elementary School,,Jefferson,96.2,All ages
10030,Public School,Shepardson Elementary School,,Larimer,100.0,Kindergarten
10030,Public School,Shepardson Elementary School,,Larimer,96.5,All ages
10031,Private School,Denver Jewish Day School,,Arapahoe,100.0,Kindergarten
10031,Private School,Denver Jewish Day School,,Arapahoe,98.2,All ages
10034,Public School,Sheridan High School,,Arapahoe,85.9,All ages
10036,Public School,Sherrelwood Elementary School,,Adams,96.7,Kindergarten
10036,Public School,Sherrelwood Elementary School,,Adams,97.3,All ages
10038,Public School,Side Creek Elementary School APS,,Arapahoe,83.6,Kindergarten
10038,Public School,Side Creek Elementary School APS,,Arapahoe,90.4,All ages
10039,Public School,Sierra Elementary School,,Jefferson,97.6,Kindergarten
10039,Public School,Sierra Elementary School,,Jefferson,97.3,All ages
10040,Public School,Sierra Grande K-12 Schools,,Costilla,100.0,Kindergarten
10040,Public School,Sierra Grande K-12 Schools,,Costilla,96.3,All ages
10041,Public School,Sierra High School,,El Paso,93.1,All ages
10042,Public School,Sierra Middle School,,Douglas,96.9,All ages
10043,Public School,Sierra Vista Elementary School,,Pueblo,85.1,Kindergarten
10043,Public School,Sierra Vista Elementary School,,Pueblo,90.9,All ages
10044,Public School,Silver Creek Elementary School,,Adams,98.8,Kindergarten
10044,Public School,Silver Creek Elementary School,,Adams,96.6,All ages
10045,Public School,Silver Creek High School,,Boulder,96.9,All ages
10046,Public School,Silver Hills Middle School,,Adams,98.3,All ages
10047,Public School,Silverthorne Elementary School,,Summit,89.1,Kindergarten
10047,Public School,Silverthorne Elementary School,,Summit,94.5,All ages
10048,Public School,Silverton K-12 Schools,,San Juan,100.0,Kindergarten
10048,Public School,Silverton K-12 Schools,,San Juan,88.9,All ages
10051,Public School,Simla Elementary School,,Elbert,73.9,Kindergarten
10051,Public School,Simla Elementary School,,Elbert,85.4,All ages
10052,Public School,Simla High School,,Elbert,92.6,All ages
10053,Public School,Simla Junior High School,,Elbert,95.5,All ages
10054,Public School,Singing Hills Elementary School,,Elbert,87.8,Kindergarten
10054,Public School,Singing Hills Elementary School,,Elbert,91.2,All ages
10055,Public School,Sixth Avenue Elementary School,,Arapahoe,70.0,Kindergarten
10055,Public School,Sixth Avenue Elementary School,,Arapahoe,81.7,All ages
10056,Public School,Skinner Middle School,,Denver,97.6,All ages
10057,Public School,Skoglund Middle School,,Saguache,98.2,All ages
10058,Public School,Sky View Middle School,,Pueblo,96.0,All ages
10059,Public School,Sky Vista Middle School,,Arapahoe,95.4,All ages
10060,Public School,Skyline High School,,Boulder,96.3,All ages
10061,Public School,Orchard Park Academy,,Adams,94.9,Kindergarten
10061,Public School,Orchard Park Academy,,Adams,97.6,All ages
10062,Public School,Skyview Academy,,Douglas,93.2,Kindergarten
10062,Public School,Skyview Academy,,Douglas,92.1,All ages
10063,Public School,Skyview Elementary School,,Weld,93.5,Kindergarten
10063,Public School,Skyview Elementary School,,Weld,94.7,All ages
10064,Public School,Skyview Elementary School,,Adams,87.0,Kindergarten
10064,Public School,Skyview Elementary School,,Adams,96.9,All ages
10065,Public School,Skyview Middle School,,El Paso,96.3,All ages
10066,Public School,Skyway Park Elementary School,,El Paso,87.5,Kindergarten
10066,Public School,Skyway Park Elementary School,,El Paso,91.9,All ages
10067,Public School,Slater Elementary School,,Jefferson,94.3,Kindergarten
10067,Public School,Slater Elementary School,,Jefferson,94.2,All ages
10068,Public School,Slavens K-8 School,,Denver,98.7,Kindergarten
10068,Public School,Slavens K-8 School,,Denver,98.8,All ages
10069,Public School,Smith Elementary,,Denver,22.6,Kindergarten
10069,Public School,Smith Elementary,,Denver,79.2,All ages
10070,Public School,Smoky Hill High School,,Arapahoe,96.6,All ages
10071,Public School,Snowy Peaks High School,,Summit,93.5,All ages
10072,Public School,Soar Academy,,Arapahoe,93.1,All ages
10073,Public School,Soar At Green Valley Ranch,,Denver,85.9,Kindergarten
10073,Public School,Soar At Green Valley Ranch,,Denver,87.9,All ages
10074,Public School,Soaring Eagles Elementary School,,El Paso,86.5,Kindergarten
10074,Public School,Soaring Eagles Elementary School,,El Paso,91.8,All ages
10075,Public School,Soaring Hawk Elementary School,,Douglas,97.2,Kindergarten
10075,Public School,Soaring Hawk Elementary School,,Douglas,96.2,All ages
10076,Public School,Sobesky Academy,,Jefferson,100.0,All ages
10077,Public School,Soda Creek Elementary School,,Routt,93.9,Kindergarten
10077,Public School,Soda Creek Elementary School,,Routt,90.6,All ages
10078,Public School,Sopris Elementary School,,Garfield,92.0,Kindergarten
10078,Public School,Sopris Elementary School,,Garfield,96.7,All ages
10079,Public School,Soroco High School,,Routt,92.2,All ages
10080,Public School,Soroco Middle School,,Routt,93.2,All ages
10081,Public School,South Elementary School,,Adams,94.8,Kindergarten
10081,Public School,South Elementary School,,Adams,96.5,All ages
10082,Public School,South High School,,Denver,93.0,All ages
10083,Public School,South High School,,Pueblo,98.1,All ages
10084,Public School,South Lakewood Elementary School,,Jefferson,82.3,Kindergarten
10084,Public School,South Lakewood Elementary School,,Jefferson,92.6,All ages
10085,Public School,South Mesa Elementary School,,Pueblo,93.2,Kindergarten
10085,Public School,South Mesa Elementary School,,Pueblo,96.3,All ages
10087,Public School,South Park Elementary School,,Pueblo,74.4,Kindergarten
10087,Public School,South Park Elementary School,,Pueblo,94.8,All ages
10088,Public School,South Park High School,,Park,95.1,All ages
10089,Public School,South Park Middle School,,Park,96.3,All ages
10090,Public School,South Ridge Elementary - An IB World School,,Douglas,83.3,Kindergarten
10090,Public School,South Ridge Elementary - An IB World School,,Douglas,93.3,All ages
10091,Public School,South Routt Elementary School,,Routt,100.0,Kindergarten
10091,Public School,South Routt Elementary School,,Routt,94.1,All ages
10094,Public School,Southeast Elementary School,,Adams,92.6,Kindergarten
10094,Public School,Southeast Elementary School,,Adams,95.0,All ages
10095,Public School,Southern Hills Middle School,,Boulder,95.4,All ages
10097,Public School,Southmoor Elementary School,,Denver,98.6,Kindergarten
10097,Public School,Southmoor Elementary School,,Denver,96.1,All ages
10098,Private School,St. Paul Catholic School,,El Paso,87.5,Kindergarten
10098,Private School,St. Paul Catholic School,,El Paso,83.7,All ages
10101,Public School,Southwest Open Charter School,,Montezuma,92.4,All ages
10102,Public School,Springfield K-12 Schools,,Baca,79.2,Kindergarten
10102,Public School,Springfield K-12 Schools,,Baca,88.7,All ages
10104,Private School,Springs Adventist Academy,,El Paso,22.2,All ages
10107,Public School,Springs Ranch Elementary School,,El Paso,95.5,Kindergarten
10107,Public School,Springs Ranch Elementary School,,El Paso,95.8,All ages
10108,Public School,Springs Studio For Academic Excellence,,El Paso,92.3,All ages
10109,Public School,Sproul Junior High School,,El Paso,92.2,All ages
10112,Private School,St James School,,Denver,59.1,Kindergarten
10112,Private School,St James School,,Denver,83.4,All ages
10113,Private School,St John The Evangelist Catholic School,,Larimer,91.7,Kindergarten
10113,Private School,St John The Evangelist Catholic School,,Larimer,92.2,All ages
10114,Private School,St Louis Catholic School,,Boulder,72.7,Kindergarten
10114,Private School,St Louis Catholic School,,Boulder,83.1,All ages
10115,Private School,St Mary Catholic School,,Arapahoe,82.7,Kindergarten
10115,Private School,St Mary Catholic School,,Arapahoe,88.0,All ages
10116,Private School,St Marys High School,,El Paso,97.3,All ages
10117,Private School,St Rose Of Lima Catholic Academy,,Denver,100.0,Kindergarten
10117,Private School,St Rose Of Lima Catholic Academy,,Denver,99.4,All ages
10118,Private School,St Vincent De Paul School,,Denver,93.9,Kindergarten
10118,Private School,St Vincent De Paul School,,Denver,94.7,All ages
10120,Private School,St. John Neumann Catholic School,,Pueblo,93.3,Kindergarten
10120,Private School,St. John Neumann Catholic School,,Pueblo,92.0,All ages
10121,Private School,St. John The Baptist Catholic School,,Boulder,85.7,Kindergarten
10121,Private School,St. John The Baptist Catholic School,,Boulder,91.5,All ages
10122,Private School,St. Mary Catholic School - Greeley,,Weld,95.0,Kindergarten
10122,Private School,St. Mary Catholic School - Greeley,,Weld,95.4,All ages
10123,Private School,St. Marys Academy,,Arapahoe,96.9,Kindergarten
10123,Private School,St. Marys Academy,,Arapahoe,96.6,All ages
10124,Private School,St. Therese Catholic School,,Arapahoe,94.1,Kindergarten
10124,Private School,St. Therese Catholic School,,Arapahoe,95.8,All ages
10125,Private School,St. Thomas More Catholic School,,Arapahoe,97.3,Kindergarten
10125,Private School,St. Thomas More Catholic School,,Arapahoe,99.2,All ages
10126,Public School,St. Vrain Community Montessori School,,Boulder,88.2,Kindergarten
10126,Public School,St. Vrain Community Montessori School,,Boulder,90.8,All ages
10127,Public School,St. Vrain Global Online Academy,,Boulder,95.6,All ages
10129,Public School,Standley Lake High School,,Jefferson,97.8,All ages
10130,Private School,Stanley British Primary School,,Denver,98.0,Kindergarten
10130,Private School,Stanley British Primary School,,Denver,99.4,All ages
10132,Public School,Stargate Charter School,,Adams,93.7,Kindergarten
10132,Public School,Stargate Charter School,,Adams,98.0,All ages
10133,Public School,Steamboat Springs High School,,Routt,96.0,All ages
10134,Public School,Steamboat Springs Middle School,,Routt,97.4,All ages
10135,Public School,Steck Elementary School,,Denver,96.1,Kindergarten
10135,Public School,Steck Elementary School,,Denver,95.7,All ages
10136,Public School,Stedman Elementary School,,Denver,31.0,Kindergarten
10136,Public School,Stedman Elementary School,,Denver,82.2,All ages
10137,Public School,Steele Elementary School,,El Paso,91.3,Kindergarten
10137,Public School,Steele Elementary School,,El Paso,91.3,All ages
10138,Public School,Steele Elementary School,,Denver,94.6,Kindergarten
10138,Public School,Steele Elementary School,,Denver,97.5,All ages
10139,Public School,Stein Elementary School,,Jefferson,81.1,Kindergarten
10139,Public School,Stein Elementary School,,Jefferson,89.7,All ages
10140,Public School,Stellar Elementary School,,Adams,90.7,Kindergarten
10140,Public School,Stellar Elementary School,,Adams,94.6,All ages
10141,Public School,Stem Lab,,Adams,95.9,Kindergarten
10141,Public School,Stem Lab,,Adams,97.0,All ages
10142,Public School,Stem Launch,,Adams,95.3,Kindergarten
10142,Public School,Stem Launch,,Adams,98.5,All ages
10143,Public School,Stem School,,Douglas,96.6,Kindergarten
10143,Public School,Stem School,,Douglas,96.4,All ages
10145,Public School,Sterling High School,,Logan,97.0,All ages
10146,Public School,Sterling Middle School,,Logan,96.9,All ages
10147,Public School,Stetson Elementary School,,El Paso,94.1,Kindergarten
10147,Public School,Stetson Elementary School,,El Paso,95.5,All ages
10148,Public School,Stevens Elementary School,,Jefferson,88.3,Kindergarten
10148,Public School,Stevens Elementary School,,Jefferson,90.5,All ages
10149,Public School,Stober Elementary School,,Jefferson,89.2,Kindergarten
10149,Public School,Stober Elementary School,,Jefferson,91.9,All ages
10150,Public School,Stone Creek School,,Eagle,75.0,Kindergarten
10150,Public School,Stone Creek School,,Eagle,86.0,All ages
10151,Public School,Stone Mountain Elementary,,Douglas,98.5,Kindergarten
10151,Public School,Stone Mountain Elementary,,Douglas,96.2,All ages
10152,Public School,Stony Creek Elementary School,,Jefferson,94.1,Kindergarten
10152,Public School,Stony Creek Elementary School,,Jefferson,96.6,All ages
10153,Public School,Stott Elementary School,,Jefferson,100.0,Kindergarten
10153,Public School,Stott Elementary School,,Jefferson,98.0,All ages
10155,Public School,Strasburg Elementary School,,Adams,93.1,Kindergarten
10155,Public School,Strasburg Elementary School,,Adams,96.4,All ages
10156,Public School,Strasburg High School,,Adams,95.8,All ages
10158,Public School,Stratton Elementary School,,El Paso,85.3,Kindergarten
10158,Public School,Stratton Elementary School,,El Paso,83.3,All ages
10159,Public School,Stratton Elementary School,,Kit Carson,91.7,Kindergarten
10159,Public School,Stratton Elementary School,,Kit Carson,91.1,All ages
10160,Public School,Stratton Meadows Elementary School,,El Paso,77.1,Kindergarten
10160,Public School,Stratton Meadows Elementary School,,El Paso,83.1,All ages
10161,Public School,Stratton Middle School,,Kit Carson,96.2,All ages
10162,Public School,Stratton Senior High School,,Kit Carson,91.4,All ages
10163,Public School,Strawberry Park Elementary School,,Routt,100.0,Kindergarten
10163,Public School,Strawberry Park Elementary School,,Routt,98.7,All ages
10165,Public School,Strive Prep - Federal,,Denver,92.7,All ages
10166,Public School,Strive Prep - Green Valley Ranch,,Denver,91.1,All ages
10169,Public School,Strive Prep - Ruby Hill,,Denver,81.8,Kindergarten
10169,Public School,Strive Prep - Ruby Hill,,Denver,91.5,All ages
10170,Public School,Strive Prep - Smart Academy,,Denver,98.7,All ages
10172,Public School,Strive Prep - Westwood,,Denver,97.0,All ages
10173,Public School,Rocky Mountain Prep Noel,,Denver,90.5,All ages
10174,Public School,Strive Prep - Rise,,Denver,93.5,All ages
10175,Private School,Sts Peter And Paul School,,Jefferson,100.0,Kindergarten
10175,Private School,Sts Peter And Paul School,,Jefferson,91.5,All ages
10176,Public School,Stukey Elementary School,,Adams,93.9,Kindergarten
10176,Public School,Stukey Elementary School,,Adams,96.9,All ages
10177,Public School,Summit at Castro,,Denver,93.7,All ages
10178,Public School,Summit Cove Elementary School,,Summit,88.9,Kindergarten
10178,Public School,Summit Cove Elementary School,,Summit,94.7,All ages
10179,Public School,Summit Elementary School,,Arapahoe,90.9,Kindergarten
10179,Public School,Summit Elementary School,,Arapahoe,96.6,All ages
10180,Public School,Summit Elementary School,,Teller,76.3,Kindergarten
10180,Public School,Summit Elementary School,,Teller,81.0,All ages
10181,Public School,Summit High School,,Summit,95.2,All ages
10182,Public School,Summit Middle Charter School,,Boulder,98.4,All ages
10183,Public School,Summit Middle School,,Summit,97.3,All ages
10184,Public School,Summit Ridge Middle School,,Jefferson,96.5,All ages
10185,Public School,Summit View Elementary School,,Douglas,97.0,Kindergarten
10185,Public School,Summit View Elementary School,,Douglas,96.0,All ages
10186,Public School,Sunnyside Elementary School,,La Plata,94.1,Kindergarten
10186,Public School,Sunnyside Elementary School,,La Plata,91.9,All ages
10187,Public School,Sunrise Elementary School,,Arapahoe,93.2,Kindergarten
10187,Public School,Sunrise Elementary School,,Arapahoe,94.8,All ages
10188,Public School,Sunrise Elementary School,,El Paso,77.4,Kindergarten
10188,Public School,Sunrise Elementary School,,El Paso,85.0,All ages
10189,Public School,Sunset Elementary School,,Moffat,89.7,Kindergarten
10189,Public School,Sunset Elementary School,,Moffat,93.5,All ages
10190,Public School,Sunset Middle School,,Boulder,99.0,All ages
10191,Public School,Sunset Park Elementary School,,Pueblo,81.2,Kindergarten
10191,Public School,Sunset Park Elementary School,,Pueblo,90.9,All ages
10192,Public School,Sunset Ridge Elementary School,,Adams,100.0,Kindergarten
10192,Public School,Sunset Ridge Elementary School,,Adams,99.3,All ages
10194,Public School,Superior Elementary School,,Boulder,96.2,Kindergarten
10194,Public School,Superior Elementary School,,Boulder,97.9,All ages
10196,Public School,Swallows Charter Academy,,Pueblo,89.7,Kindergarten
10196,Public School,Swallows Charter Academy,,Pueblo,92.2,All ages
10197,Public School,Swansea Elementary School,,Denver,96.1,Kindergarten
10197,Public School,Swansea Elementary School,,Denver,99.4,All ages
10198,Public School,Swanson Elementary School,,Jefferson,78.0,Kindergarten
10198,Public School,Swanson Elementary School,,Jefferson,87.6,All ages
10199,Public School,Swigert International School,,Denver,90.7,Kindergarten
10199,Public School,Swigert International School,,Denver,92.8,All ages
10200,Public School,Swink Elementary School,,Otero,82.1,Kindergarten
10200,Public School,Swink Elementary School,,Otero,93.1,All ages
10201,Public School,Swink Junior-Senior High School,,Otero,97.4,All ages
10203,Public School,Talbott Steam Innovation School,,El Paso,87.8,Kindergarten
10203,Public School,Talbott Steam Innovation School,,El Paso,91.4,All ages
10204,Public School,Tarver Elementary School,,Adams,96.8,Kindergarten
10204,Public School,Tarver Elementary School,,Adams,97.6,All ages
10205,Public School,Tavelli Elementary School,,Larimer,98.6,Kindergarten
10205,Public School,Tavelli Elementary School,,Larimer,96.9,All ages
10206,Public School,Taylor Elementary School,,Mesa,84.8,Kindergarten
10206,Public School,Taylor Elementary School,,Mesa,90.6,All ages
10207,Public School,Taylor Elementary School,,El Paso,61.9,Kindergarten
10207,Public School,Taylor Elementary School,,El Paso,80.1,All ages
10208,Public School,Teller Elementary School,,Denver,100.0,Kindergarten
10208,Public School,Teller Elementary School,,Denver,98.6,All ages
10209,Public School,Telluride Elementary School,,San Miguel,92.9,Kindergarten
10209,Public School,Telluride Elementary School,,San Miguel,88.4,All ages
10210,Public School,Telluride High School,,San Miguel,90.5,All ages
10211,Public School,Telluride Intermediate School,,San Miguel,94.1,All ages
10212,Public School,Telluride Middle School,,San Miguel,92.7,All ages
10213,Private School,Temple Grandin School,,Boulder,100.0,All ages
10214,Public School,Tennyson Knolls Preparatory School,,Adams,96.8,Kindergarten
10214,Public School,Tennyson Knolls Preparatory School,,Adams,97.3,All ages
10215,Public School,Tesla Nikola Educational Opportunity School,,El Paso,92.5,All ages
10218,Public School,The Classical Academy High School,,El Paso,92.1,All ages
10219,Private School,The Colorado Springs School,,El Paso,85.7,Kindergarten
10219,Private School,The Colorado Springs School,,El Paso,92.4,All ages
10220,Public School,The Connect Charter School,,Pueblo,97.9,All ages
10221,Public School,The Da Vinci Academy School,,El Paso,83.9,Kindergarten
10221,Public School,The Da Vinci Academy School,,El Paso,88.3,All ages
10222,Private School,The Denver Waldorf School,,Denver,80.8,Kindergarten
10222,Private School,The Denver Waldorf School,,Denver,84.2,All ages
10223,Public School,The International School At Thornton Middle School,,Adams,95.4,All ages
10226,Private School,The Mcclelland School,,Pueblo,93.3,Kindergarten
10226,Private School,The Mcclelland School,,Pueblo,89.4,All ages
10227,Public School,The Pinnacle Charter School Elementary,,Denver,94.5,Kindergarten
10227,Public School,The Pinnacle Charter School Elementary,,Denver,97.8,All ages
10228,Public School,The Pinnacle Charter School High,,Denver,99.0,All ages
10229,Public School,The Pinnacle Charter School Middle,,Denver,97.7,All ages
10230,Public School,The Studio School,,Adams,92.9,Kindergarten
10230,Public School,The Studio School,,Adams,94.9,All ages
10234,Public School,Thomas Jefferson High School,,Denver,89.4,All ages
10236,Public School,Thompson Valley High School,,Larimer,96.0,All ages
10238,Public School,Thomson Primary School,,Morgan,95.6,Kindergarten
10238,Public School,Thomson Primary School,,Morgan,96.1,All ages
10240,Public School,Thornton Elementary School,,Adams,93.0,Kindergarten
10240,Public School,Thornton Elementary School,,Adams,95.1,All ages
10241,Public School,Thornton High School,,Adams,96.0,All ages
10242,Public School,Thunder Mountain Elementary School,,Mesa,75.4,Kindergarten
10242,Public School,Thunder Mountain Elementary School,,Mesa,86.3,All ages
10243,Public School,Thunder Ridge Middle School,,Arapahoe,97.6,All ages
10244,Public School,Thunder Valley Pk-8,,Boulder,88.8,Kindergarten
10244,Public School,Thunder Valley Pk-8,,Boulder,95.1,All ages
10245,Public School,Thunderridge High School,,Douglas,97.5,All ages
10246,Public School,Timber Trail Elementary School,,Douglas,95.9,Kindergarten
10246,Public School,Timber Trail Elementary School,,Douglas,96.6,All ages
10247,Public School,Timberline Elementary School,,Arapahoe,96.9,Kindergarten
10247,Public School,Timberline Elementary School,,Arapahoe,96.4,All ages
10248,Public School,Timberline Pk-8,,Boulder,96.4,Kindergarten
10248,Public School,Timberline Pk-8,,Boulder,94.0,All ages
10249,Public School,Timberview Middle School,,El Paso,91.1,All ages
10250,Public School,Timnath Elementary School,,Larimer,95.0,Kindergarten
10250,Public School,Timnath Elementary School,,Larimer,97.0,All ages
10251,Public School,Tollgate Elementary School Of Expeditionary Learni,,Arapahoe,88.9,Kindergarten
10251,Public School,Tollgate Elementary School Of Expeditionary Learni,,Arapahoe,92.9,All ages
10252,Public School,Tope Elementary School,,Mesa,76.7,Kindergarten
10252,Public School,Tope Elementary School,,Mesa,90.6,All ages
10253,Public School,Tozer Elementary School,,Weld,96.9,Kindergarten
10253,Public School,Tozer Elementary School,,Weld,95.1,All ages
10254,Public School,Trail Ridge Middle School,,Boulder,97.5,All ages
10255,Public School,Trailblazer Elementary School,,El Paso,80.0,Kindergarten
10255,Public School,Trailblazer Elementary School,,El Paso,87.9,All ages
10256,Public School,Trailblazer Elementary School,,Douglas,92.4,Kindergarten
10256,Public School,Trailblazer Elementary School,,Douglas,95.5,All ages
10257,Public School,Trails West Elementary School,,Arapahoe,94.5,Kindergarten
10257,Public School,Trails West Elementary School,,Arapahoe,95.4,All ages
10258,Public School,Traut Core Elementary School,,Larimer,95.8,Kindergarten
10258,Public School,Traut Core Elementary School,,Larimer,94.1,All ages
10259,Public School,Traylor Academy,,Denver,91.7,Kindergarten
10259,Public School,Traylor Academy,,Denver,92.9,All ages
10260,Public School,Trevista At Horace Mann,,Denver,97.5,Kindergarten
10260,Public School,Trevista At Horace Mann,,Denver,95.3,All ages
10261,Public School,Trinidad High School,,Las Animas,96.9,All ages
10262,Public School,Trinidad Middle School,,Las Animas,96.3,All ages
10264,Public School,Truscott Elementary School,,Larimer,97.4,Kindergarten
10264,Public School,Truscott Elementary School,,Larimer,98.0,All ages
10265,Public School,Turman Elementary School,,El Paso,34.6,Kindergarten
10265,Public School,Turman Elementary School,,El Paso,63.3,All ages
10266,Public School,Turnberry Elementary,,Adams,91.3,Kindergarten
10266,Public School,Turnberry Elementary,,Adams,95.0,All ages
10267,Public School,Turner Middle School,,Larimer,95.9,All ages
10268,Public School,Twain Elementary School,,El Paso,83.8,Kindergarten
10268,Public School,Twain Elementary School,,El Paso,89.9,All ages
10270,Public School,Twin Peaks Charter Academy,,Boulder,75.3,Kindergarten
10270,Public School,Twin Peaks Charter Academy,,Boulder,84.9,All ages
10271,Public School,Two Rivers Community School,,Garfield,88.6,Kindergarten
10271,Public School,Two Rivers Community School,,Garfield,91.0,All ages
10272,Public School,Two Roads Charter School,,Jefferson,70.7,Kindergarten
10272,Public School,Two Roads Charter School,,Jefferson,84.3,All ages
10273,Public School,Twombly Elementary School,,Weld,87.5,Kindergarten
10273,Public School,Twombly Elementary School,,Weld,94.5,All ages
10275,Public School,Union Colony Elementary School,,Weld,98.0,Kindergarten
10275,Public School,Union Colony Elementary School,,Weld,98.2,All ages
10276,Public School,Union Colony Preparatory School,,Weld,99.7,All ages
10277,Public School,University Hill Elementary School,,Boulder,95.0,Kindergarten
10277,Public School,University Hill Elementary School,,Boulder,96.8,All ages
10278,Public School,University Park Elementary School,,Denver,94.8,Kindergarten
10278,Public School,University Park Elementary School,,Denver,95.7,All ages
10279,Public School,University Prep - Arapaho,,Denver,76.6,Kindergarten
10279,Public School,University Prep - Arapaho,,Denver,82.3,All ages
10280,Public School,University Prep - Steele,,Denver,70.7,Kindergarten
10280,Public School,University Prep - Steele,,Denver,86.4,All ages
10281,Public School,University Schools,,Weld,100.0,Kindergarten
10281,Public School,University Schools,,Weld,99.6,All ages
10282,Public School,Upper Blue Elementary School,,Summit,92.3,Kindergarten
10282,Public School,Upper Blue Elementary School,,Summit,96.4,All ages
10283,Public School,Ute Meadows Elementary School,,Jefferson,100.0,Kindergarten
10283,Public School,Ute Meadows Elementary School,,Jefferson,98.1,All ages
10284,Public School,Ute Pass Elementary School,,El Paso,100.0,Kindergarten
10284,Public School,Ute Pass Elementary School,,El Paso,87.6,All ages
10285,Public School,Vail Ski And Snowboard Academy,,Eagle,98.4,All ages
10286,Public School,Valdez Elementary School,,Denver,85.5,Kindergarten
10286,Public School,Valdez Elementary School,,Denver,93.9,All ages
10289,Public School,Valley High School,,Weld,99.3,All ages
10290,Public School,Valley View Innovation School K-2,,Adams,92.0,Kindergarten
10290,Public School,Valley View Innovation School K-2,,Adams,95.8,All ages
10291,Private School,Valor Christian School,,Douglas,90.4,All ages
10292,Public School,Valverde Elementary School,,Denver,32.1,Kindergarten
10292,Public School,Valverde Elementary School,,Denver,78.9,All ages
10293,Public School,Van Arsdale Elementary School,,Jefferson,93.8,Kindergarten
10293,Public School,Van Arsdale Elementary School,,Jefferson,97.1,All ages
10295,Public School,Vanderhoof Elementary School,,Jefferson,86.0,Kindergarten
10295,Public School,Vanderhoof Elementary School,,Jefferson,93.1,All ages
10296,Public School,Vanguard Classical School - East Campus,,Arapahoe,95.9,Kindergarten
10296,Public School,Vanguard Classical School - East Campus,,Arapahoe,96.6,All ages
10297,Public School,Vanguard Classical School - West,,Arapahoe,89.3,Kindergarten
10297,Public School,Vanguard Classical School - West,,Arapahoe,97.1,All ages
10298,Public School,Vantage Point,,Adams,98.4,All ages
10299,Public School,Vassar Elementary School,,Arapahoe,97.3,Kindergarten
10299,Public School,Vassar Elementary School,,Arapahoe,96.5,All ages
10300,Public School,Vaughn Elementary School,,Arapahoe,85.0,Kindergarten
10300,Public School,Vaughn Elementary School,,Arapahoe,91.3,All ages
10301,Public School,Venetucci Elementary School,,El Paso,72.1,Kindergarten
10301,Public School,Venetucci Elementary School,,El Paso,81.3,All ages
10303,Private School,Vertical Skills Academy,,Jefferson,88.5,All ages
10304,Public School,Victory Preparatory Academy High State Charter Sch,,Adams,99.2,All ages
10305,Public School,Victory Preparatory Academy Middle State Charter S,,Adams,100.0,All ages
10306,Public School,Vikan Middle School,,Adams,94.6,All ages
10307,Public School,Vilas K-12 Schools,,Baca,100.0,Kindergarten
10307,Public School,Vilas K-12 Schools,,Baca,97.1,All ages
10308,Public School,Village East Community Elementary School,,Arapahoe,90.9,Kindergarten
10308,Public School,Village East Community Elementary School,,Arapahoe,89.2,All ages
10309,Public School,Vineland Elementary School,,Pueblo,89.5,Kindergarten
10309,Public School,Vineland Elementary School,,Pueblo,93.5,All ages
10310,Public School,Vineland Middle School,,Pueblo,95.8,All ages
10311,Public School,Virginia Court Elementary School,,Arapahoe,94.2,Kindergarten
10311,Public School,Virginia Court Elementary School,,Arapahoe,95.3,All ages
10312,Public School,Vista Academy,,Denver,90.2,All ages
10313,Public School,Vista Charter School,,Montrose,92.1,All ages
10314,Public School,Vista Peak 9-12 Preparatory,,Arapahoe,95.2,All ages
10315,Public School,Vista Peak Exploratory,,Arapahoe,87.4,Kindergarten
10315,Public School,Vista Peak Exploratory,,Arapahoe,92.9,All ages
10316,Private School,Vista Ridge Academy,,Weld,100.0,Kindergarten
10316,Private School,Vista Ridge Academy,,Weld,91.8,All ages
10317,Public School,Vista Ridge High School,,El Paso,94.7,All ages
10319,Public School,W H Heaton Middle School,,Pueblo,94.4,All ages
10321,Public School,Walnut Hills Community Elementary School,,Arapahoe,86.1,Kindergarten
10321,Public School,Walnut Hills Community Elementary School,,Arapahoe,90.8,All ages
10322,Public School,Walsh Elementary School,,Baca,92.9,Kindergarten
10322,Public School,Walsh Elementary School,,Baca,95.7,All ages
10323,Public School,Walsh High School,,Baca,92.0,All ages
10324,Public School,Walt Clark Middle School,,Larimer,95.8,All ages
10326,Public School,Warder Elementary School,,Jefferson,94.9,Kindergarten
10326,Public School,Warder Elementary School,,Jefferson,97.8,All ages
10327,Public School,Warren Tech Central,,Jefferson,38.9,All ages
10329,Public School,Washington Elementary School,,Prowers,95.9,Kindergarten
10329,Public School,Washington Elementary School,,Prowers,98.6,All ages
10330,Public School,Washington Elementary School,,Fremont,97.5,Kindergarten
10330,Public School,Washington Elementary School,,Fremont,97.3,All ages
10331,Public School,Washington Primary School,,Otero,97.2,Kindergarten
10331,Public School,Washington Primary School,,Otero,95.6,All ages
10332,Public School,Watson Junior High School,,El Paso,91.1,All ages
10334,Public School,Wayne Carle Middle School,,Jefferson,98.2,All ages
10335,Public School,Webber Middle School,,Larimer,97.0,All ages
10336,Public School,Weber Elementary School,,Jefferson,92.7,Kindergarten
10336,Public School,Weber Elementary School,,Jefferson,95.7,All ages
10337,Public School,Webster Elementary School,,El Paso,71.0,Kindergarten
10337,Public School,Webster Elementary School,,El Paso,85.0,All ages
10338,Public School,Weikel Elementary School,,El Paso,80.2,Kindergarten
10338,Public School,Weikel Elementary School,,El Paso,89.8,All ages
10339,Public School,Welby Community School,,Adams,97.4,Kindergarten
10339,Public School,Welby Community School,,Adams,94.9,All ages
10340,Public School,Welchester Elementary School,,Jefferson,86.0,Kindergarten
10340,Public School,Welchester Elementary School,,Jefferson,88.2,All ages
10341,Public School,Weld Central Middle School,,Weld,99.3,All ages
10342,Public School,Weld Central Senior High School,,Weld,98.4,All ages
10343,Public School,Weldon Valley K-12 Schools,,Morgan,92.3,Kindergarten
10343,Public School,Weldon Valley K-12 Schools,,Morgan,93.9,All ages
10345,Public School,Welte Education Center,,El Paso,91.5,All ages
10346,Public School,Werner Elementary School,,Larimer,95.0,Kindergarten
10346,Public School,Werner Elementary School,,Larimer,96.5,All ages
10349,Public School,West Elementary School,,El Paso,64.7,Kindergarten
10349,Public School,West Elementary School,,El Paso,83.1,All ages
10350,Public School,West Grand K-12 Schools,,Grand,88.5,Kindergarten
10350,Public School,West Grand K-12 Schools,,Grand,90.7,All ages
10351,Public School,West Jefferson Elementary School,,Jefferson,96.7,Kindergarten
10351,Public School,West Jefferson Elementary School,,Jefferson,95.6,All ages
10352,Public School,West Jefferson Middle School,,Jefferson,92.9,All ages
10353,Public School,West Leadership Academy,,Denver,92.7,All ages
10354,Public School,West Middle School,,Mesa,94.1,All ages
10355,Public School,West Middle School,,El Paso,90.0,All ages
10356,Public School,West Middle School,,Arapahoe,97.6,All ages
10357,Public School,West Ridge Academy,,Weld,96.9,Kindergarten
10357,Public School,West Ridge Academy,,Weld,98.4,All ages
10358,Public School,West Ridge Elementary,,Adams,88.5,Kindergarten
10358,Public School,West Ridge Elementary,,Adams,95.7,All ages
10359,Public School,West Woods Elementary School,,Jefferson,96.7,Kindergarten
10359,Public School,West Woods Elementary School,,Jefferson,98.2,All ages
10360,Private School,Humanex Academy,,Arapahoe,100.0,All ages
10361,Public School,Westerly Creek Elementary,,Denver,96.9,Kindergarten
10361,Public School,Westerly Creek Elementary,,Denver,97.2,All ages
10362,Public School,Westgate Community School,,Adams,97.6,Kindergarten
10362,Public School,Westgate Community School,,Adams,95.6,All ages
10363,Public School,Westgate Elementary School,,Jefferson,85.3,Kindergarten
10363,Public School,Westgate Elementary School,,Jefferson,88.4,All ages
10364,Public School,Westlake Middle School,,Adams,98.1,All ages
10365,Public School,Westminster Academy For International Studies,,Adams,95.0,Kindergarten
10365,Public School,Westminster Academy For International Studies,,Adams,98.1,All ages
10366,Public School,Westminster High School,,Adams,97.7,All ages
10367,Public School,Westpark Elementary School,,Lake,82.7,Kindergarten
10367,Public School,Westpark Elementary School,,Lake,84.9,All ages
10368,Public School,Westridge Elementary School,,Jefferson,98.5,Kindergarten
10368,Public School,Westridge Elementary School,,Jefferson,97.1,All ages
10369,Public School,Westview Elementary School,,Adams,94.9,Kindergarten
10369,Public School,Westview Elementary School,,Adams,97.4,All ages
10371,Public School,70 Online,,Pueblo,100.0,Kindergarten
10371,Public School,70 Online,,Pueblo,97.7,All ages
10372,Public School,Abraham Lincoln High School,,Denver,81.0,All ages
10373,Public School,Abrams Elementary School,,El Paso,92.1,Kindergarten
10373,Public School,Abrams Elementary School,,El Paso,90.8,All ages
10374,Public School,Academia Ana Marie Sandoval,,Denver,96.8,Kindergarten
10374,Public School,Academia Ana Marie Sandoval,,Denver,96.4,All ages
10375,Public School,Academy 360,,Denver,68.3,Kindergarten
10375,Public School,Academy 360,,Denver,76.8,All ages
10376,Public School,Village Middle School,,El Paso,91.9,All ages
10377,Public School,Academy Charter School,,Douglas,81.1,Kindergarten
10377,Public School,Academy Charter School,,Douglas,90.5,All ages
10378,Public School,Academy Endeavour Elementary School,,El Paso,95.3,Kindergarten
10378,Public School,Academy Endeavour Elementary School,,El Paso,95.3,All ages
10380,Public School,Academy High School,,Adams,97.8,All ages
10381,Public School,Academy International Elementary School,,El Paso,80.4,Kindergarten
10381,Public School,Academy International Elementary School,,El Paso,87.8,All ages
10382,Public School,Academy Of Charter Schools,,Adams,80.3,Kindergarten
10382,Public School,Academy Of Charter Schools,,Adams,84.6,All ages
10383,Public School,Academy Of Urban Learning,,Denver,98.4,All ages
10384,Public School,Village High School,,El Paso,92.1,All ages
10385,Private School,Accelerated Schools Found #1,,Denver,87.5,All ages
10388,Public School,Achieve Academy,,Adams,100.0,Kindergarten
10388,Public School,Achieve Academy,,Adams,98.6,All ages
10389,Public School,Acres Green Elementary School,,Douglas,89.2,Kindergarten
10389,Public School,Acres Green Elementary School,,Douglas,94.3,All ages
10390,Public School,Adams City High School,,Adams,97.1,All ages
10391,Public School,Adams City Middle School,,Adams,96.8,All ages
10392,Public School,Adams Elementary,,El Paso,76.9,Kindergarten
10392,Public School,Adams Elementary,,El Paso,67.3,All ages
10393,Public School,Adams Elementary School,,Jefferson,90.5,Kindergarten
10393,Public School,Adams Elementary School,,Jefferson,95.1,All ages
10394,Public School,Addenbrooke Classical Academy,,Jefferson,89.7,All ages
10395,Public School,Adventure Elementary,,Adams,93.8,Kindergarten
10395,Public School,Adventure Elementary,,Adams,95.3,All ages
10396,Public School,Aguilar K-12 Schools,,Las Animas,100.0,Kindergarten
10396,Public School,Aguilar K-12 Schools,,Las Animas,87.6,All ages
10398,Public School,Air Academy High School,,El Paso,95.0,All ages
10399,Public School,Akron K-12 Schools,,Washington,93.1,Kindergarten
10399,Public School,Akron K-12 Schools,,Washington,95.5,All ages
10400,Public School,Alameda International High School,,Jefferson,87.5,All ages
10401,Public School,Alamosa Elementary School,,Alamosa,81.2,Kindergarten
10401,Public School,Alamosa Elementary School,,Alamosa,88.8,All ages
10402,Public School,Alamosa High School,,Alamosa,91.6,All ages
10404,Public School,Alice Terry Elementary School,,Arapahoe,97.1,Kindergarten
10404,Public School,Alice Terry Elementary School,,Arapahoe,93.4,All ages
10405,Public School,Alicia Sanchez International School,,Boulder,97.2,Kindergarten
10405,Public School,Alicia Sanchez International School,,Boulder,98.5,All ages
10406,Private School,All Souls Catholic School,,Arapahoe,93.0,Kindergarten
10406,Private School,All Souls Catholic School,,Arapahoe,97.8,All ages
10408,Public School,Alpine Elementary School,,Boulder,93.3,Kindergarten
10408,Public School,Alpine Elementary School,,Boulder,97.2,All ages
10409,Public School,Alsup Elementary School,,Adams,96.4,Kindergarten
10409,Public School,Alsup Elementary School,,Adams,97.5,All ages
10410,Public School,Alta Vista Charter School,,Prowers,90.0,Kindergarten
10410,Public School,Alta Vista Charter School,,Prowers,95.5,All ages
10411,Public School,Altona Middle School,,Boulder,96.4,All ages
10412,Public School,Altura Elementary School,,Arapahoe,94.5,Kindergarten
10412,Public School,Altura Elementary School,,Arapahoe,97.5,All ages
10415,Public School,Amesse Elementary School,,Denver,82.1,Kindergarten
10415,Public School,Amesse Elementary School,,Denver,90.5,All ages
10417,Public School,Angevine Middle School,,Boulder,97.1,All ages
10418,Public School,Animas High School,,La Plata,93.2,All ages
10419,Public School,Animas Valley Elementary School,,La Plata,96.8,Kindergarten
10419,Public School,Animas Valley Elementary School,,La Plata,95.9,All ages
10420,Private School,Annunciation Catholic School,,Denver,100.0,Kindergarten
10420,Private School,Annunciation Catholic School,,Denver,53.7,All ages
10421,Public School,Antelope Ridge Elementary School,,Arapahoe,95.0,Kindergarten
10421,Public School,Antelope Ridge Elementary School,,Arapahoe,94.1,All ages
10422,Public School,Antelope Trails Elementary School,,El Paso,84.1,Kindergarten
10422,Public School,Antelope Trails Elementary School,,El Paso,85.6,All ages
10423,Public School,Antonito High School,,Conejos,96.7,All ages
10424,Public School,Antonito Middle School,,Conejos,91.4,All ages
10425,Public School,Apex Home School Enrichment Program,,Boulder,60.0,Kindergarten
10425,Public School,Apex Home School Enrichment Program,,Boulder,76.7,All ages
10426,Public School,Appleton Elementary School,,Mesa,80.0,Kindergarten
10426,Public School,Appleton Elementary School,,Mesa,92.2,All ages
10428,Public School,Aragon Elementary School,,El Paso,86.2,Kindergarten
10428,Public School,Aragon Elementary School,,El Paso,90.4,All ages
10429,Public School,Arapahoe High School,,Arapahoe,98.3,All ages
10430,Public School,Arapahoe Ridge Elementary School,,Adams,96.2,Kindergarten
10430,Public School,Arapahoe Ridge Elementary School,,Adams,96.9,All ages
10431,Public School,Arapahoe Ridge High School,,Boulder,89.9,All ages
10432,Public School,Arickaree Elementary School,,Washington,33.3,Kindergarten
10432,Public School,Arickaree Elementary School,,Washington,90.2,All ages
10433,Public School,Arickaree Undivided High School,,Washington,95.2,All ages
10434,Public School,Arkansas Elementary School,,Arapahoe,85.7,Kindergarten
10434,Public School,Arkansas Elementary School,,Arapahoe,92.8,All ages
10435,Private School,Arma Dei Academy,,Douglas,81.6,Kindergarten
10435,Private School,Arma Dei Academy,,Douglas,88.5,All ages
10436,Public School,Arrowhead Elementary School,,Arapahoe,92.3,Kindergarten
10436,Public School,Arrowhead Elementary School,,Arapahoe,93.3,All ages
10437,Public School,Arrowwood Elementary School,,Douglas,97.4,Kindergarten
10437,Public School,Arrowwood Elementary School,,Douglas,95.3,All ages
10439,Public School,Arvada High School,,Jefferson,94.7,All ages
10441,Public School,Arvada West High School,,Jefferson,96.8,All ages
10442,Public School,Asbury Elementary School,,Denver,98.2,Kindergarten
10442,Public School,Asbury Elementary School,,Denver,98.2,All ages
10443,Public School,Ashley Elementary School,,Denver,77.8,Kindergarten
10443,Public School,Ashley Elementary School,,Denver,82.9,All ages
10444,Public School,Aspen Community Charter School,,Pitkin,100.0,Kindergarten
10444,Public School,Aspen Community Charter School,,Pitkin,90.9,All ages
10445,Private School,Aspen Country Day School,,Pitkin,92.6,Kindergarten
10445,Private School,Aspen Country Day School,,Pitkin,95.2,All ages
10446,Public School,Aspen Creek K-8 School,,Boulder,97.0,Kindergarten
10446,Public School,Aspen Creek K-8 School,,Boulder,97.4,All ages
10447,Public School,Aspen Crossing Elementary School,,Arapahoe,98.4,Kindergarten
10447,Public School,Aspen Crossing Elementary School,,Arapahoe,95.8,All ages
10448,Public School,Aspen Elementary School,,Pitkin,93.9,Kindergarten
10448,Public School,Aspen Elementary School,,Pitkin,94.4,All ages
10449,Public School,Aspen High School,,Pitkin,95.0,All ages
10450,Public School,Aspen Middle School,,Pitkin,94.8,All ages
10451,Public School,Aspen Ridge Preparatory School,,Boulder,84.1,Kindergarten
10451,Public School,Aspen Ridge Preparatory School,,Boulder,91.6,All ages
10452,Public School,Aspen Valley Campus,,El Paso,87.1,All ages
10453,Public School,Aspen View Academy,,Douglas,94.6,Kindergarten
10453,Public School,Aspen View Academy,,Douglas,93.6,All ages
10454,Private School,Assumption Catholic School,,Adams,100.0,Kindergarten
10454,Private School,Assumption Catholic School,,Adams,93.8,All ages
10455,Public School,Atlas Preparatory High School,,El Paso,95.3,All ages
10456,Public School,Audubon Elementary School,,El Paso,72.5,Kindergarten
10456,Public School,Audubon Elementary School,,El Paso,82.7,All ages
10457,Private School,Augustine Classical Academy,,Jefferson,81.5,Kindergarten
10457,Private School,Augustine Classical Academy,,Jefferson,86.0,All ages
10458,Public School,Aurora Academy Charter School,,Arapahoe,87.8,Kindergarten
10458,Public School,Aurora Academy Charter School,,Arapahoe,95.9,All ages
10459,Public School,Aurora Central High School,,Arapahoe,80.5,Kindergarten
10459,Public School,Aurora Central High School,,Arapahoe,90.9,All ages
10460,Public School,Aurora Frontier K-8,,Arapahoe,80.0,Kindergarten
10460,Public School,Aurora Frontier K-8,,Arapahoe,92.5,All ages
10461,Public School,Aurora Hills Middle School,,Arapahoe,91.9,All ages
10462,Public School,Aurora Quest K-8,,Arapahoe,100.0,Kindergarten
10462,Public School,Aurora Quest K-8,,Arapahoe,98.4,All ages
10463,Public School,Aurora West College Preparatory Academy,,Arapahoe,95.2,All ages
10464,Private School,Ave Maria Catholic School,,Douglas,96.0,Kindergarten
10464,Private School,Ave Maria Catholic School,,Douglas,96.8,All ages
10465,Public School,Avery/Parsons Elementary School,,Chaffee,75.0,Kindergarten
10465,Public School,Avery/Parsons Elementary School,,Chaffee,88.5,All ages
10466,Public School,Avon Elementary School,,Eagle,97.3,Kindergarten
10466,Public School,Avon Elementary School,,Eagle,97.3,All ages
10467,Public School,Avondale Elementary School,,Pueblo,94.7,Kindergarten
10467,Public School,Avondale Elementary School,,Pueblo,92.4,All ages
10468,Public School,Axl Academy,,Arapahoe,84.6,Kindergarten
10468,Public School,Axl Academy,,Arapahoe,93.1,All ages
10469,Public School,Ayres Elementary School,,Logan,95.2,Kindergarten
10469,Public School,Ayres Elementary School,,Logan,97.2,All ages
10470,Public School,B F Kitchen Elementary School,,Larimer,77.8,Kindergarten
10470,Public School,B F Kitchen Elementary School,,Larimer,93.9,All ages
10471,Public School,Bacon Elementary School,,Larimer,98.1,Kindergarten
10471,Public School,Bacon Elementary School,,Larimer,97.6,All ages
10472,Public School,Baker Elementary School,,Morgan,96.3,All ages
10473,Public School,Banning Lewis Ranch Academy,,El Paso,86.5,Kindergarten
10473,Public School,Banning Lewis Ranch Academy,,El Paso,92.3,All ages
10474,Public School,Barnum Elementary School,,Denver,93.0,Kindergarten
10474,Public School,Barnum Elementary School,,Denver,97.8,All ages
10475,Public School,Barone Middle School,,Rio Blanco,94.0,All ages
10476,Public School,Basalt Elementary School,,Garfield,97.8,Kindergarten
10476,Public School,Basalt Elementary School,,Garfield,98.2,All ages
10477,Public School,Basalt High School,,Garfield,98.2,All ages
10478,Public School,Basalt Middle School,,Garfield,97.9,All ages
10479,Public School,Battle Mountain High School,,Eagle,97.1,All ages
10481,Public School,Bauder Elementary School,,Larimer,93.2,Kindergarten
10481,Public School,Bauder Elementary School,,Larimer,94.7,All ages
10485,Public School,Bea Underwood Elementary School,,Garfield,94.5,All ages
10486,Public School,Beach Court Elementary School,,Denver,97.2,Kindergarten
10486,Public School,Beach Court Elementary School,,Denver,97.5,All ages
10488,Public School,Bear Canyon Elementary School,,Douglas,93.3,Kindergarten
10488,Public School,Bear Canyon Elementary School,,Douglas,95.9,All ages
10489,Public School,Bear Creek Elementary School,,El Paso,94.6,Kindergarten
10489,Public School,Bear Creek Elementary School,,El Paso,95.2,All ages
10490,Public School,Bear Creek Elementary School,,Boulder,100.0,Kindergarten
10490,Public School,Bear Creek Elementary School,,Boulder,96.8,All ages
10491,Public School,Bear Creek High School,,Jefferson,97.1,All ages
10492,Public School,Bear Creek K-8 School,,Jefferson,92.2,Kindergarten
10492,Public School,Bear Creek K-8 School,,Jefferson,96.7,All ages
10493,Public School,Bear Valley Middle School,,Denver,92.9,All ages
10494,Public School,Beattie Elementary School,,Larimer,95.2,Kindergarten
10494,Public School,Beattie Elementary School,,Larimer,94.9,All ages
10496,Public School,Beaver Valley Elementary School,,Morgan,98.6,All ages
10498,Public School,Bell Middle School,,Jefferson,98.0,All ages
10499,Public School,Bella Romero Academy Of Applied Technology,,Weld,98.4,Kindergarten
10499,Public School,Bella Romero Academy Of Applied Technology,,Weld,98.5,All ages
10500,Public School,Belle Creek Charter School,,Adams,75.8,Kindergarten
10500,Public School,Belle Creek Charter School,,Adams,93.4,All ages
10501,Public School,Belleview Elementary School,,Arapahoe,91.6,Kindergarten
10501,Public School,Belleview Elementary School,,Arapahoe,96.7,All ages
10502,Public School,Belmar Elementary School,,Jefferson,100.0,Kindergarten
10502,Public School,Belmar Elementary School,,Jefferson,94.2,All ages
10503,Public School,Belmont Elementary School,,Pueblo,95.6,Kindergarten
10503,Public School,Belmont Elementary School,,Pueblo,93.4,All ages
10504,Public School,Ben Franklin Academy,,Douglas,87.9,Kindergarten
10504,Public School,Ben Franklin Academy,,Douglas,93.9,All ages
10505,Public School,Benjamin Eaton Elementary School,,Weld,90.2,Kindergarten
10505,Public School,Benjamin Eaton Elementary School,,Weld,96.1,All ages
10506,Public School,Benjamin Franklin Elementary School,,Pueblo,87.7,Kindergarten
10506,Public School,Benjamin Franklin Elementary School,,Pueblo,92.7,All ages
10507,Public School,Bennett Elementary School,,Adams,84.6,Kindergarten
10507,Public School,Bennett Elementary School,,Adams,85.9,All ages
10508,Public School,Bennett Elementary School,,Larimer,97.7,Kindergarten
10508,Public School,Bennett Elementary School,,Larimer,94.5,All ages
10509,Public School,Bennett High School,,Adams,85.8,All ages
10510,Public School,Bennett Middle School,,Adams,91.9,All ages
10512,Public School,Bergen Elementary School,,Jefferson,96.4,Kindergarten
10512,Public School,Bergen Elementary School,,Jefferson,96.0,All ages
10513,Public School,Berry Creek Middle School,,Eagle,99.5,All ages
10514,Public School,Berthoud Elementary School,,Larimer,90.8,Kindergarten
10514,Public School,Berthoud Elementary School,,Larimer,94.1,All ages
10515,Public School,Berthoud High School,,Larimer,96.8,All ages
10516,Public School,Bessemer Elementary School,,Pueblo,81.3,Kindergarten
10516,Public School,Bessemer Elementary School,,Pueblo,90.6,All ages
10518,Public School,Bethke Elementary School,,Larimer,95.2,Kindergarten
10518,Public School,Bethke Elementary School,,Larimer,96.6,All ages
10520,Public School,Bethune K-12 Schools,,Kit Carson,75.0,Kindergarten
10520,Public School,Bethune K-12 Schools,,Kit Carson,95.7,All ages
10521,Public School,Beulah Elementary School,,Pueblo,81.8,Kindergarten
10521,Public School,Beulah Elementary School,,Pueblo,79.6,All ages
10522,Public School,Beulah Heights Elementary School,,Pueblo,94.1,Kindergarten
10522,Public School,Beulah Heights Elementary School,,Pueblo,92.7,All ages
10523,Public School,Beulah Middle School,,Pueblo,93.6,All ages
10525,Public School,Big Thompson Elementary School,,Larimer,76.9,Kindergarten
10525,Public School,Big Thompson Elementary School,,Larimer,94.5,All ages
10526,Public School,Bill Metz Elementary School,,Rio Grande,93.6,All ages
10527,Public School,Bill Reed Middle School,,Larimer,94.5,All ages
10528,Public School,Birch Elementary School,,Boulder,92.1,Kindergarten
10528,Public School,Birch Elementary School,,Boulder,97.3,All ages
10530,Private School,Bixby School,,Boulder,75.0,Kindergarten
10530,Private School,Bixby School,,Boulder,87.9,All ages
10531,Public School,Black Forest Hills Elementary School,,Arapahoe,97.2,Kindergarten
10531,Public School,Black Forest Hills Elementary School,,Arapahoe,95.8,All ages
10532,Public School,Black Rock Elementary,,Boulder,92.9,Kindergarten
10532,Public School,Black Rock Elementary,,Boulder,96.6,All ages
10533,Private School,Blessed Sacrament Catholic School,,Denver,95.5,Kindergarten
10533,Private School,Blessed Sacrament Catholic School,,Denver,98.8,All ages
10534,Public School,Blevins Middle School,,Larimer,96.4,All ages
10535,Public School,Blue Heron Elementary School,,Jefferson,94.2,Kindergarten
10535,Public School,Blue Heron Elementary School,,Jefferson,95.9,All ages
10536,Public School,Blue Mountain Elementary,,Boulder,93.2,Kindergarten
10536,Public School,Blue Mountain Elementary,,Boulder,95.5,All ages
10539,Public School,Boltz Middle School,,Larimer,97.4,All ages
10540,Public School,Bookcliff Middle School,,Mesa,96.6,All ages
10541,Public School,Boston K-8 School,,Arapahoe,100.0,Kindergarten
10541,Public School,Boston K-8 School,,Arapahoe,97.7,All ages
10542,Public School,Boulder Community School/integrated Studies,,Boulder,75.7,Kindergarten
10542,Public School,Boulder Community School/integrated Studies,,Boulder,81.9,All ages
10543,Private School,Boulder Country Day School,,Boulder,88.9,Kindergarten
10543,Private School,Boulder Country Day School,,Boulder,91.2,All ages
10545,Public School,Boulder High School,,Boulder,94.9,All ages
10546,Public School,Boulder Prep Charter High School,,Boulder,92.5,All ages
10547,Public School,Boulder Universal,,Boulder,89.4,All ages
10548,Public School,Bradford Elementary School,,Pueblo,87.5,Kindergarten
10548,Public School,Bradford Elementary School,,Pueblo,92.9,All ages
10549,Public School,Bradford Intermediate School,,Jefferson,96.1,All ages
10550,Public School,Bradford Primary School,,Jefferson,89.7,Kindergarten
10550,Public School,Bradford Primary School,,Jefferson,97.1,All ages
10551,Public School,Bradley International School,,Denver,70.7,Kindergarten
10551,Public School,Bradley International School,,Denver,89.7,All ages
10552,Public School,Brady Exploration School,,Jefferson,92.4,All ages
10553,Public School,Branson K-12 Schools,,Las Animas,100.0,Kindergarten
10553,Public School,Branson K-12 Schools,,Las Animas,67.7,All ages
10554,Public School,Branson School Online,,Las Animas,69.2,Kindergarten
10554,Public School,Branson School Online,,Las Animas,72.8,All ages
10555,Public School,Brantner Elementary School,,Adams,96.6,Kindergarten
10555,Public School,Brantner Elementary School,,Adams,97.2,All ages
10556,Public School,Breckenridge Elementary School,,Summit,100.0,Kindergarten
10556,Public School,Breckenridge Elementary School,,Summit,95.5,All ages
10557,Public School,Brentwood Middle School,,Weld,99.1,All ages
10558,Public School,Bricker Elementary School,,El Paso,42.1,Kindergarten
10558,Public School,Bricker Elementary School,,El Paso,73.9,All ages
10559,Public School,Bridges,,Garfield,90.0,All ages
10560,Public School,Briggsdale Elementary School,,Weld,92.3,Kindergarten
10560,Public School,Briggsdale Elementary School,,Weld,86.8,All ages
10561,Public School,Briggsdale Undivided High School,,Weld,83.1,All ages
10564,Public School,Brighton High School,,Adams,97.1,All ages
10566,Public School,Bristol Elementary School,,El Paso,74.4,Kindergarten
10566,Public School,Bristol Elementary School,,El Paso,87.1,All ages
10567,Public School,Broadmoor Elementary School,,El Paso,92.5,Kindergarten
10567,Public School,Broadmoor Elementary School,,El Paso,95.8,All ages
10568,Public School,Broadway Elementary School,,Mesa,94.4,Kindergarten
10568,Public School,Broadway Elementary School,,Mesa,92.7,All ages
10569,Public School,Bromley East Charter School,,Adams,87.8,Kindergarten
10569,Public School,Bromley East Charter School,,Adams,95.9,All ages
10570,Public School,Bromwell Elementary School,,Denver,92.0,Kindergarten
10570,Public School,Bromwell Elementary School,,Denver,96.6,All ages
10571,Public School,Broomfield Heights Middle School,,Boulder,96.3,All ages
10572,Public School,Broomfield High School,,Boulder,97.5,All ages
10573,Public School,Brown International Academy,,Denver,92.0,Kindergarten
10573,Public School,Brown International Academy,,Denver,95.4,All ages
10574,Public School,Bruce Randolph School,,Denver,100.0,All ages
10575,Public School,Brush Creek Elementary School,,Eagle,90.9,Kindergarten
10575,Public School,Brush Creek Elementary School,,Eagle,95.7,All ages
10576,Public School,Brush High School,,Morgan,96.8,All ages
10577,Public School,Brush Middle School,,Morgan,95.6,All ages
10578,Public School,Bryant Webster Dual Language ECE-8 School,,Denver,100.0,Kindergarten
10578,Public School,Bryant Webster Dual Language ECE-8 School,,Denver,99.2,All ages
10579,Public School,Buena Vista Elementary School,,El Paso,75.6,Kindergarten
10579,Public School,Buena Vista Elementary School,,El Paso,85.0,All ages
10580,Public School,Buena Vista High School,,Chaffee,91.2,All ages
10581,Public School,Buffalo Ridge Elementary School,,Douglas,95.1,Kindergarten
10581,Public School,Buffalo Ridge Elementary School,,Douglas,96.2,All ages
10582,Public School,Buffalo Trail Elementary School,,Arapahoe,93.9,Kindergarten
10582,Public School,Buffalo Trail Elementary School,,Arapahoe,96.9,All ages
10583,Public School,Burlington Elementary School,,Boulder,88.9,Kindergarten
10583,Public School,Burlington Elementary School,,Boulder,95.7,All ages
10584,Public School,Burlington Elementary School,,Kit Carson,93.6,Kindergarten
10584,Public School,Burlington Elementary School,,Kit Carson,94.1,All ages
10585,Public School,Burlington High School,,Kit Carson,94.1,All ages
10586,Public School,Burlington Middle School,,Kit Carson,90.5,All ages
10587,Public School,Byers Elementary School,,Arapahoe,86.1,Kindergarten
10587,Public School,Byers Elementary School,,Arapahoe,94.0,All ages
10588,Public School,Byers Junior-Senior High School,,Arapahoe,98.3,All ages
10589,Public School,Byron Syring Delta Center,,Rio Grande,98.1,All ages
10590,Public School,Cache La Poudre Elementary School,,Larimer,93.3,Kindergarten
10590,Public School,Cache La Poudre Elementary School,,Larimer,92.9,All ages
10591,Public School,Cache La Poudre Middle School,,Larimer,94.7,All ages
10592,Public School,Cactus Valley Elementary School,,Garfield,80.9,Kindergarten
10592,Public School,Cactus Valley Elementary School,,Garfield,91.7,All ages
10593,Public School,Calhan Elementary School,,El Paso,84.2,Kindergarten
10593,Public School,Calhan Elementary School,,El Paso,90.8,All ages
10594,Public School,Calhan High School,,El Paso,94.0,All ages
10595,Public School,Calhan Middle School,,El Paso,96.5,All ages
10596,Public School,Caliche Elementary School,,Logan,84.2,Kindergarten
10596,Public School,Caliche Elementary School,,Logan,94.0,All ages
10597,Public School,Caliche Junior-senior High School,,Logan,97.1,All ages
10599,Public School,Campbell Elementary School,,Logan,97.4,All ages
10600,Private School,Campion Academy,,Larimer,82.5,All ages
10601,Public School,Campo Elementary School,,Baca,100.0,Kindergarten
10601,Public School,Campo Elementary School,,Baca,92.6,All ages
10602,Public School,Campo Undivided High School,,Baca,96.2,All ages
10603,Public School,Campus Middle School,,Arapahoe,96.6,All ages
10604,Public School,Canon City High School,,Fremont,94.5,All ages
10605,Public School,Canon City Middle School,,Fremont,95.7,All ages
10607,Public School,Canon Exploratory School,,Fremont,94.4,Kindergarten
10607,Public School,Canon Exploratory School,,Fremont,88.2,All ages
10609,Public School,Canyon Creek Elementary School,,Arapahoe,94.9,Kindergarten
10609,Public School,Canyon Creek Elementary School,,Arapahoe,94.3,All ages
10610,Public School,Caprock Academy,,Mesa,83.3,Kindergarten
10610,Public School,Caprock Academy,,Mesa,84.7,All ages
10611,Public School,Carbon Valley Academy,,Boulder,100.0,Kindergarten
10611,Public School,Carbon Valley Academy,,Boulder,90.1,All ages
10612,Public School,Carbondale Middle School,,Garfield,95.7,All ages
10613,Public School,Cardinal Community Academy Charter School,,Weld,70.0,Kindergarten
10613,Public School,Cardinal Community Academy Charter School,,Weld,88.8,All ages
10615,Public School,Career Education Center Early College,,Denver,99.8,All ages
10617,Public School,Carlson Elementary School,,Clear Creek,64.7,Kindergarten
10617,Public School,Carlson Elementary School,,Clear Creek,82.2,All ages
10618,Public School,Carmel Community School,,El Paso,69.6,Kindergarten
10618,Public School,Carmel Community School,,El Paso,86.5,All ages
10619,Public School,Carmody Middle School,,Jefferson,95.1,All ages
10620,Public School,Carrie Martin Elementary School,,Larimer,87.5,Kindergarten
10620,Public School,Carrie Martin Elementary School,,Larimer,93.0,All ages
10621,Public School,Carson Elementary School,,Denver,96.9,Kindergarten
10621,Public School,Carson Elementary School,,Denver,97.5,All ages
10622,Public School,Carson Middle School,,El Paso,85.6,All ages
10623,Public School,Carver Elementary School,,El Paso,73.7,Kindergarten
10623,Public School,Carver Elementary School,,El Paso,85.7,All ages
10624,Public School,Casey Middle School,,Boulder,96.0,All ages
10625,Public School,Castle Rock Elementary School,,Douglas,90.2,Kindergarten
10625,Public School,Castle Rock Elementary School,,Douglas,95.6,All ages
10626,Public School,Castle Rock Middle School,,Douglas,97.3,All ages
10627,Public School,Castle View High School,,Douglas,95.4,All ages
10630,Public School,Cedar Ridge Elementary School,,Pueblo,94.8,Kindergarten
10630,Public School,Cedar Ridge Elementary School,,Pueblo,94.7,All ages
10631,Public School,Cedaredge Elementary School,,Delta,74.4,Kindergarten
10631,Public School,Cedaredge Elementary School,,Delta,82.1,All ages
10632,Public School,Cedaredge High School,,Delta,83.5,All ages
10633,Public School,Cedaredge Middle School,,Delta,84.7,All ages
10635,Public School,Centauri High School,,Conejos,90.5,All ages
10636,Public School,Centauri Middle School,,Conejos,90.0,All ages
10637,Public School,Centaurus High School,,Boulder,96.7,All ages
10638,Public School,Centennial A School For Expeditionary Learning,,Denver,96.0,Kindergarten
10638,Public School,Centennial A School For Expeditionary Learning,,Denver,96.2,All ages
10639,Public School,Centennial Academy Of Fine Arts Education,,Arapahoe,82.9,Kindergarten
10639,Public School,Centennial Academy Of Fine Arts Education,,Arapahoe,94.6,All ages
10641,Public School,Centennial Elementary,,Boulder,83.8,Kindergarten
10641,Public School,Centennial Elementary,,Boulder,92.9,All ages
10642,Public School,Centennial Elementary School,,Adams,92.1,Kindergarten
10642,Public School,Centennial Elementary School,,Adams,96.3,All ages
10643,Public School,Centennial Elementary School,,Weld,87.0,Kindergarten
10643,Public School,Centennial Elementary School,,Weld,93.4,All ages
10644,Public School,Centennial Elementary School,,Larimer,93.3,Kindergarten
10644,Public School,Centennial Elementary School,,Larimer,96.1,All ages
10645,Public School,Centennial Elementary School,,El Paso,70.8,Kindergarten
10645,Public School,Centennial Elementary School,,El Paso,80.7,All ages
10646,Public School,Centennial High School,,Pueblo,95.0,All ages
10647,Public School,Centennial High School,,Larimer,95.8,All ages
10648,Public School,Centennial Middle School,,Montrose,96.4,All ages
10649,Public School,Centennial Middle School,,Boulder,97.1,All ages
10650,Public School,Centennial K-12 Schools,,Costilla,100.0,Kindergarten
10650,Public School,Centennial K-12 Schools,,Costilla,97.6,All ages
10651,Public School,Center High School,,Saguache,98.7,All ages
10653,Public School,Central Elementary School,,Boulder,91.9,Kindergarten
10653,Public School,Central Elementary School,,Boulder,94.7,All ages
10654,Public School,Central Elementary School,,Adams,91.5,Kindergarten
10654,Public School,Central Elementary School,,Adams,97.2,All ages
10655,Public School,Central High School,,Pueblo,97.5,All ages
10656,Public School,Central High School,,Mesa,97.4,All ages
10658,Public School,Century Middle School,,Adams,96.7,All ages
10659,Public School,Rocky Mountain Prep Berkeley,,Denver,47.9,Kindergarten
10659,Public School,Rocky Mountain Prep Berkeley,,Denver,82.5,All ages
10660,Public School,Chaffee County High School,,Chaffee,70.0,All ages
10661,Public School,Challenge School,,Arapahoe,100.0,Kindergarten
10661,Public School,Challenge School,,Arapahoe,98.2,All ages
10662,Public School,Challenge To Excellence Charter School,,Douglas,98.6,Kindergarten
10662,Public School,Challenge To Excellence Charter School,,Douglas,98.2,All ages
10663,Public School,Challenger Middle School,,El Paso,94.6,All ages
10664,Public School,Chaparral High School,,Douglas,96.8,All ages
10665,Public School,Chappelow K-8 Magnet School,,Weld,97.2,Kindergarten
10665,Public School,Chappelow K-8 Magnet School,,Weld,99.0,All ages
10666,Public School,Charles Hay World School,,Arapahoe,88.9,Kindergarten
10666,Public School,Charles Hay World School,,Arapahoe,94.2,All ages
10667,Public School,Charles M. Schenck Community School,,Denver,100.0,Kindergarten
10667,Public School,Charles M. Schenck Community School,,Denver,98.9,All ages
10668,Public School,Chatfield Elementary School,,Mesa,93.6,Kindergarten
10668,Public School,Chatfield Elementary School,,Mesa,97.4,All ages
10669,Public School,Chatfield High School,,Jefferson,96.9,All ages
10671,Public School,Cheltenham Elementary School,,Denver,98.0,Kindergarten
10671,Public School,Cheltenham Elementary School,,Denver,97.6,All ages
10672,Public School,Cheraw K-12 Schools,,Otero,83.3,Kindergarten
10672,Public School,Cheraw K-12 Schools,,Otero,94.0,All ages
10673,Public School,Cherokee Trail Elementary School,,Douglas,86.5,Kindergarten
10673,Public School,Cherokee Trail Elementary School,,Douglas,93.5,All ages
10674,Public School,Cherokee Trail High School,,Arapahoe,97.7,All ages
10675,Public School,Cherrelyn Elementary School,,Arapahoe,90.9,Kindergarten
10675,Public School,Cherrelyn Elementary School,,Arapahoe,92.1,All ages
10676,Public School,Cherry Creek Charter Academy,,Arapahoe,92.2,Kindergarten
10676,Public School,Cherry Creek Charter Academy,,Arapahoe,97.9,All ages
10677,Public School,Cherry Creek High School,,Arapahoe,95.0,All ages
10678,Public School,Cherry Drive Elementary School,,Adams,91.3,Kindergarten
10678,Public School,Cherry Drive Elementary School,,Adams,95.4,All ages
10679,Public School,Cherry Hills Village Elementary School,,Arapahoe,93.2,Kindergarten
10679,Public School,Cherry Hills Village Elementary School,,Arapahoe,97.7,All ages
10680,Public School,Cherry Valley Elementary School,,Douglas,85.7,Kindergarten
10680,Public School,Cherry Valley Elementary School,,Douglas,87.9,All ages
10682,Public School,Cheyenne Mountain High School,,El Paso,95.5,All ages
10683,Public School,Cheyenne Mountain Junior High School,,El Paso,96.7,All ages
10684,Public School,Cheyenne Wells K-12 Schools,,Cheyenne,100.0,Kindergarten
10684,Public School,Cheyenne Wells K-12 Schools,,Cheyenne,83.4,All ages
10685,Public School,Childrens Kiva Montessori School,,Montezuma,73.3,Kindergarten
10685,Public School,Childrens Kiva Montessori School,,Montezuma,100.0,All ages
10686,Public School,Chinook Trail Elementary School,,El Paso,93.7,Kindergarten
10686,Public School,Chinook Trail Elementary School,,El Paso,95.1,All ages
10687,Public School,Chipeta Elementary School,,El Paso,87.9,Kindergarten
10687,Public School,Chipeta Elementary School,,El Paso,87.8,All ages
10688,Public School,Chipeta Elementary School,,Mesa,91.9,Kindergarten
10688,Public School,Chipeta Elementary School,,Mesa,94.9,All ages
10690,Private School,Christ The King Roman Catholic,,Denver,73.3,Kindergarten
10690,Private School,Christ The King Roman Catholic,,Denver,88.2,All ages
10691,Public School,Christa Mcauliffe Stem Academy,,Weld,98.9,Kindergarten
10691,Public School,Christa Mcauliffe Stem Academy,,Weld,99.2,All ages
10692,Public School,Cimarron Elementary School,,Arapahoe,80.4,Kindergarten
10692,Public School,Cimarron Elementary School,,Arapahoe,92.0,All ages
10693,Public School,Cimarron Middle,,Douglas,97.3,All ages
10694,Public School,Civa Charter Academy,,El Paso,97.6,All ages
10695,Public School,Metropolitan Arts Academy,,Adams,100.0,Kindergarten
10695,Public School,Metropolitan Arts Academy,,Adams,98.6,All ages
10696,Public School,Clayton Elementary School,,Arapahoe,90.3,Kindergarten
10696,Public School,Clayton Elementary School,,Arapahoe,92.6,All ages
10697,Public School,Clayton Partnership School,,Adams,100.0,Kindergarten
10697,Public School,Clayton Partnership School,,Adams,99.0,All ages
10698,Public School,Clear Creek High School,,Clear Creek,92.8,All ages
10699,Public School,Clear Creek Middle School,,Clear Creek,89.9,All ages
10700,Public School,Clear Sky Elementary,,Douglas,95.3,Kindergarten
10700,Public School,Clear Sky Elementary,,Douglas,93.7,All ages
10702,Public School,Cloverleaf Home Education,,Douglas,76.7,Kindergarten
10702,Public School,Cloverleaf Home Education,,Douglas,79.0,All ages
10703,Public School,Clyde Miller K-8,,Adams,92.1,Kindergarten
10703,Public School,Clyde Miller K-8,,Adams,92.4,All ages
10704,Public School,Coal Creek Canyon K-8 Elementary School,,Jefferson,85.7,Kindergarten
10704,Public School,Coal Creek Canyon K-8 Elementary School,,Jefferson,79.3,All ages
10705,Public School,Coal Creek Elementary School,,Boulder,87.2,Kindergarten
10705,Public School,Coal Creek Elementary School,,Boulder,94.8,All ages
10706,Public School,Coal Ridge High School,,Garfield,96.3,All ages
10707,Public School,Coal Ridge Middle School,,Boulder,96.9,All ages
10708,Public School,Cole Arts And Science Academy,,Denver,84.2,Kindergarten
10708,Public School,Cole Arts And Science Academy,,Denver,89.1,All ages
10709,Public School,Colfax Elementary School,,Denver,85.1,Kindergarten
10709,Public School,Colfax Elementary School,,Denver,87.6,All ages
10710,Public School,College View Elementary School,,Denver,73.3,Kindergarten
10710,Public School,College View Elementary School,,Denver,85.9,All ages
10711,Public School,Collegiate Academy Of Colorado,,Jefferson,70.6,Kindergarten
10711,Public School,Collegiate Academy Of Colorado,,Jefferson,87.8,All ages
10713,Private School,Colo Springs Christian School - Main Campus,,El Paso,65.0,Kindergarten
10713,Private School,Colo Springs Christian School - Main Campus,,El Paso,84.9,All ages
10714,Private School,Colorado Academy,,Jefferson,100.0,Kindergarten
10714,Private School,Colorado Academy,,Jefferson,99.4,All ages
10719,Public School,Colorado Early College Fort Collins,,Larimer,81.8,All ages
10721,Public School,Colorado High School Charter - Osage,,Denver,96.0,All ages
10723,Public School,Colorado Preparatory Academy High School,,Unknown,94.5,All ages
10724,Public School,Colorado School For The Deaf And Blind,,El Paso,100.0,Kindergarten
10724,Public School,Colorado School For The Deaf And Blind,,El Paso,91.3,All ages
10725,Public School,Colorado Springs Charter Academy Elementary,,El Paso,85.7,Kindergarten
10725,Public School,Colorado Springs Charter Academy Elementary,,El Paso,85.9,All ages
10726,Public School,Colorado Early Colleges - Colorado Springs,,El Paso,25.0,Kindergarten
10726,Public School,Colorado Early Colleges - Colorado Springs,,El Paso,87.6,All ages
10727,Public School,Colorado Stem Academy,,Adams,97.6,Kindergarten
10727,Public School,Colorado Stem Academy,,Adams,97.9,All ages
10728,Private School,Dayspring Christian School,,Weld,80.0,Kindergarten
10728,Private School,Dayspring Christian School,,Weld,90.2,All ages
10730,Private School,Colorado West Christian School,,Montrose,60.0,Kindergarten
10730,Private School,Colorado West Christian School,,Montrose,73.6,All ages
10731,Public School,Colorados Finest Alternative High School,,Arapahoe,97.5,All ages
10733,Public School,Columbia Elementary School,,El Paso,67.4,Kindergarten
10733,Public School,Columbia Elementary School,,El Paso,79.7,All ages
10734,Public School,Columbia Middle School,,Arapahoe,97.1,All ages
10735,Public School,Columbian Elementary School,,Pueblo,85.2,Kindergarten
10735,Public School,Columbian Elementary School,,Pueblo,93.8,All ages
10737,Public School,Columbine Elementary School,,Boulder,97.0,Kindergarten
10737,Public School,Columbine Elementary School,,Boulder,95.3,All ages
10738,Public School,Columbine Elementary School,,Teller,80.6,Kindergarten
10738,Public School,Columbine Elementary School,,Teller,92.6,All ages
10739,Public School,Columbine Elementary School,,Denver,88.1,Kindergarten
10739,Public School,Columbine Elementary School,,Denver,95.8,All ages
10741,Public School,Columbine Elementary School,,Morgan,95.4,All ages
10742,Public School,Columbine High School,,Jefferson,97.8,All ages
10743,Public School,Columbine Hills Elementary School,,Jefferson,100.0,Kindergarten
10743,Public School,Columbine Hills Elementary School,,Jefferson,98.4,All ages
10744,Public School,Columbine Middle School,,Montrose,92.1,All ages
10745,Public School,Community Leadership Academy,,Adams,96.1,Kindergarten
10745,Public School,Community Leadership Academy,,Adams,97.3,All ages
10746,Public School,Community Montessori School,,Boulder,84.4,Kindergarten
10746,Public School,Community Montessori School,,Boulder,88.5,All ages
10748,Public School,Compass Academy,,Denver,83.9,All ages
10749,Public School,Compass Montessori - Golden Charter School,,Jefferson,95.0,Kindergarten
10749,Public School,Compass Montessori - Golden Charter School,,Jefferson,92.0,All ages
10750,Public School,Compass Montessori - Wheat Ridge Charter School,,Jefferson,97.1,Kindergarten
10750,Public School,Compass Montessori - Wheat Ridge Charter School,,Jefferson,96.1,All ages
10751,Public School,Compassion Road Academy,,Denver,91.2,All ages
10753,Public School,Conifer Senior High School,,Jefferson,95.2,All ages
10754,Public School,Connections Learning Center On The Earle Johnson C,,Jefferson,93.3,All ages
10755,Public School,Conrad Ball Middle School,,Larimer,93.9,Kindergarten
10755,Public School,Conrad Ball Middle School,,Larimer,96.7,All ages
10756,Public School,Contemporary Learning Academy,,Denver,95.8,All ages
10757,Public School,Copper Mesa Elementary School,,Douglas,93.5,Kindergarten
10757,Public School,Copper Mesa Elementary School,,Douglas,97.4,All ages
10758,Private School,Southern Ute Indian Montessori Academy,,La Plata,100.0,Kindergarten
10758,Private School,Southern Ute Indian Montessori Academy,,La Plata,100.0,All ages
10760,Public School,Coronado Elementary School,,Jefferson,91.7,Kindergarten
10760,Public School,Coronado Elementary School,,Jefferson,96.9,All ages
10761,Public School,Coronado High School,,El Paso,87.3,All ages
10762,Public School,Coronado Hills Elementary School,,Adams,98.0,Kindergarten
10762,Public School,Coronado Hills Elementary School,,Adams,98.1,All ages
10763,Private School,Corpus Christi Catholic School,,El Paso,73.3,Kindergarten
10763,Private School,Corpus Christi Catholic School,,El Paso,91.1,All ages
10764,Public School,Cortez Middle School,,Montezuma,94.3,All ages
10765,Public School,Corwin International Magnet School,,Pueblo,97.2,All ages
10766,Public School,Cory Elementary School,,Denver,96.3,All ages
10767,Public School,Cotopaxi Elementary School,,Fremont,90.0,Kindergarten
10767,Public School,Cotopaxi Elementary School,,Fremont,80.3,All ages
10768,Public School,Cotopaxi Junior-Senior High School,,Fremont,93.8,All ages
10769,Public School,Cotton Creek Elementary School,,Adams,94.2,Kindergarten
10769,Public School,Cotton Creek Elementary School,,Adams,95.5,All ages
10770,Public School,Cottonwood Creek Elementary School,,Arapahoe,89.3,Kindergarten
10770,Public School,Cottonwood Creek Elementary School,,Arapahoe,95.8,All ages
10771,Public School,Cottonwood Elementary School,,Montrose,78.6,Kindergarten
10771,Public School,Cottonwood Elementary School,,Montrose,86.8,All ages
10772,Public School,Cottonwood Plains Elementary School,,Larimer,100.0,Kindergarten
10772,Public School,Cottonwood Plains Elementary School,,Larimer,95.9,All ages
10773,Public School,Cougar Run Elementary School,,Douglas,95.7,Kindergarten
10773,Public School,Cougar Run Elementary School,,Douglas,96.8,All ages
10774,Public School,Cowell Elementary School,,Denver,92.6,Kindergarten
10774,Public School,Cowell Elementary School,,Denver,94.1,All ages
10775,Public School,Coyote Creek Elementary School,,Douglas,92.7,Kindergarten
10775,Public School,Coyote Creek Elementary School,,Douglas,96.2,All ages
10776,Public School,Coyote Hills Elementary School,,Arapahoe,84.7,Kindergarten
10776,Public School,Coyote Hills Elementary School,,Arapahoe,93.5,All ages
10777,Public School,Coyote Ridge Elementary School,,Adams,93.9,Kindergarten
10777,Public School,Coyote Ridge Elementary School,,Adams,95.3,All ages
10778,Public School,Coyote Ridge Elementary School,,Larimer,88.1,Kindergarten
10778,Public School,Coyote Ridge Elementary School,,Larimer,93.9,All ages
10779,Public School,Craig Middle School,,Moffat,95.0,All ages
10780,Public School,Craver Middle School,,Pueblo,97.9,All ages
10781,Public School,Crawford Elementary School,,Arapahoe,89.7,Kindergarten
10781,Public School,Crawford Elementary School,,Arapahoe,89.1,All ages
10782,Public School,Creativity Challenge Community,,Denver,92.2,Kindergarten
10782,Public School,Creativity Challenge Community,,Denver,95.0,All ages
10783,Public School,Creede K-12 Schools,,Mineral,100.0,Kindergarten
10783,Public School,Creede K-12 Schools,,Mineral,100.0,All ages
10784,Public School,Creekside Elementary School,,Arapahoe,97.4,Kindergarten
10784,Public School,Creekside Elementary School,,Arapahoe,96.9,All ages
10785,Public School,Creekside Elementary School At Martin Park,,Boulder,91.2,Kindergarten
10785,Public School,Creekside Elementary School At Martin Park,,Boulder,96.1,All ages
10786,Public School,Creighton Middle School,,Jefferson,95.1,All ages
10787,Private School,Crescent View Academy,,Arapahoe,66.7,Kindergarten
10787,Private School,Crescent View Academy,,Arapahoe,80.9,All ages
10788,Public School,Crest Academy,,Chaffee,89.7,All ages
10789,Public School,Crest View Elementary School,,Boulder,95.9,Kindergarten
10789,Public School,Crest View Elementary School,,Boulder,97.3,All ages
10790,Public School,Crested Butte Elementary School,,Gunnison,93.2,Kindergarten
10790,Public School,Crested Butte Elementary School,,Gunnison,91.7,All ages
10791,Public School,Crested Butte Secondary School,,Gunnison,92.0,All ages
10792,Public School,Cresthill Middle School,,Douglas,97.0,All ages
10793,Public School,Crestone Charter School,,Saguache,37.5,Kindergarten
10793,Public School,Crestone Charter School,,Saguache,30.0,All ages
10794,Public School,Cripple Creek-Victor K-12 Schools,,Teller,91.3,Kindergarten
10794,Public School,Cripple Creek-Victor K-12 Schools,,Teller,87.8,All ages
10795,Private School,Crossroads Middle School,,Adams,97.0,All ages
10796,Public School,Crowley County Middle/High School,,Crowley,95.6,All ages
10797,Public School,Crowley County Primary,,Crowley,93.3,Kindergarten
10797,Public School,Crowley County Primary,,Crowley,92.7,All ages
10799,Public School,Crown Pointe Charter Academy,,Adams,92.7,Kindergarten
10799,Public School,Crown Pointe Charter Academy,,Adams,98.0,All ages
10800,Public School,Crystal River Elementary School,,Garfield,94.3,Kindergarten
10800,Public School,Crystal River Elementary School,,Garfield,97.3,All ages
10801,Public School,Custer County Elementary School,,Custer,73.1,Kindergarten
10801,Public School,Custer County Elementary School,,Custer,85.2,All ages
10802,Public School,Custer County High School,,Custer,73.1,Kindergarten
10802,Public School,Custer County High School,,Custer,85.2,All ages
10803,Public School,Custer Middle School,,Custer,73.1,Kindergarten
10803,Public School,Custer Middle School,,Custer,85.2,All ages
10804,Public School,Dakota Ridge Senior High School,,Jefferson,97.8,All ages
10805,Public School,Dakota Valley Elementary School,,Arapahoe,96.0,Kindergarten
10805,Public School,Dakota Valley Elementary School,,Arapahoe,95.9,All ages
10806,Public School,Dalton Elementary School,,Arapahoe,95.5,Kindergarten
10806,Public School,Dalton Elementary School,,Arapahoe,94.9,All ages
10807,Public School,Daniel C Oakes High School,,Douglas,95.5,All ages
10808,Private School,Darren Patterson Christian,,Chaffee,60.0,Kindergarten
10808,Private School,Darren Patterson Christian,,Chaffee,77.1,All ages
10809,Public School,Dartmouth Elementary School,,Arapahoe,95.2,Kindergarten
10809,Public School,Dartmouth Elementary School,,Arapahoe,95.1,All ages
10810,Public School,Dc Montessori Charter School,,Douglas,87.5,Kindergarten
10810,Public School,Dc Montessori Charter School,,Douglas,90.5,All ages
10811,Public School,DCIS At Ford,,Denver,95.0,Kindergarten
10811,Public School,DCIS At Ford,,Denver,92.1,All ages
10814,Public School,De Beque K-12 Schools,,Mesa,81.8,Kindergarten
10814,Public School,De Beque K-12 Schools,,Mesa,93.0,All ages
10815,Public School,Deane Elementary School,,Jefferson,93.3,Kindergarten
10815,Public School,Deane Elementary School,,Jefferson,93.4,All ages
10816,Public School,Fitzsimmons Elementary School,,Park,83.7,Kindergarten
10816,Public School,Fitzsimmons Elementary School,,Park,89.3,All ages
10817,Public School,Deer Creek Middle School,,Jefferson,98.8,All ages
10818,Public School,Deer Trail K-12 Schools,,Arapahoe,87.5,Kindergarten
10818,Public School,Deer Trail K-12 Schools,,Arapahoe,98.4,All ages
10820,Public School,Upper Rio Grande K-12 Schools,,Rio Grande,89.5,Kindergarten
10820,Public School,Upper Rio Grande K-12 Schools,,Rio Grande,94.8,All ages
10823,Public School,Grand Mesa Choice Academy,,Delta,95.3,All ages
10824,Public School,Delta High School,,Delta,96.4,All ages
10825,Public School,Delta Middle School,,Delta,93.9,All ages
10826,Public School,Vision Charter Academy,,Delta,48.5,Kindergarten
10826,Public School,Vision Charter Academy,,Delta,68.5,All ages
10827,Public School,Denison Montessori School,,Denver,90.6,Kindergarten
10827,Public School,Denison Montessori School,,Denver,93.6,All ages
10828,Public School,Dennison Elementary School,,Jefferson,93.7,Kindergarten
10828,Public School,Dennison Elementary School,,Jefferson,97.2,All ages
10829,Private School,Denver Academy,,Denver,99.3,All ages
10830,Private School,Tara Performing Arts High School,,Boulder,36.4,All ages
10831,Public School,Denver Center For 21st Learning At Wyman,,Denver,93.8,All ages
10832,Public School,Denver Center For International Studies,,Denver,90.3,All ages
10833,Public School,Denver Center For International Studies At Fairmon,,Denver,100.0,Kindergarten
10833,Public School,Denver Center For International Studies At Fairmon,,Denver,93.2,All ages
10834,Private School,Denver Christian School,,Jefferson,82.2,Kindergarten
10834,Private School,Denver Christian School,,Jefferson,90.6,All ages
10836,Public School,Denver Green School Southeast,,Denver,72.7,Kindergarten
10836,Public School,Denver Green School Southeast,,Denver,80.9,All ages
10838,Public School,Denver Language School - Whiteman,,Denver,92.0,Kindergarten
10838,Public School,Denver Language School - Whiteman,,Denver,96.6,All ages
10839,Public School,Denver Online School,,Denver,91.0,All ages
10840,Public School,Denver Public Montessori Junior/Senior High School,,Denver,96.8,All ages
10842,Public School,Denver School Of The Arts,,Denver,96.4,All ages
10844,Public School,Desert Sage Elementary School,,Pueblo,89.6,Kindergarten
10844,Public School,Desert Sage Elementary School,,Pueblo,91.5,All ages
10846,Public School,Develyn Junior/Senior High School,,Jefferson,98.5,All ages
10847,Public School,Devinny Elementary School,,Jefferson,100.0,Kindergarten
10847,Public School,Devinny Elementary School,,Jefferson,97.5,All ages
10848,Public School,Dillon Valley Elementary School,,Summit,97.2,Kindergarten
10848,Public School,Dillon Valley Elementary School,,Summit,95.8,All ages
10849,Public School,Discovery Canyon Campus Elementary School,,El Paso,92.6,Kindergarten
10849,Public School,Discovery Canyon Campus Elementary School,,El Paso,95.2,All ages
10850,Public School,Discovery Canyon Campus High School,,El Paso,95.8,All ages
10851,Public School,Discovery Canyon Campus Middle School,,El Paso,93.5,All ages
10852,Public School,Discovery High School,,El Paso,83.8,All ages
10853,Public School,Durango 9-R Shared School,,La Plata,46.2,Kindergarten
10853,Public School,Durango 9-R Shared School,,La Plata,58.6,All ages
10855,Public School,Doherty High School,,El Paso,92.3,All ages
10857,Public School,Dora Moore Elementary,,Denver,91.8,Kindergarten
10857,Public School,Dora Moore Elementary,,Denver,87.5,All ages
10858,Public School,Doral Academy Of Colorado,,Jefferson,90.9,Kindergarten
10858,Public School,Doral Academy Of Colorado,,Jefferson,91.4,All ages
10859,Public School,Dos Rios Elementary School,,Weld,97.8,Kindergarten
10859,Public School,Dos Rios Elementary School,,Weld,99.6,All ages
10860,Public School,Dos Rios Elementary School,,Mesa,85.7,Kindergarten
10860,Public School,Dos Rios Elementary School,,Mesa,94.3,All ages
10861,Public School,Douglas County High School,,Douglas,96.4,All ages
10862,Public School,Douglass Elementary School,,Boulder,95.6,Kindergarten
10862,Public School,Douglass Elementary School,,Boulder,95.7,All ages
10863,Public School,Douglass Valley Elementary School,,El Paso,78.2,Kindergarten
10863,Public School,Douglass Valley Elementary School,,El Paso,89.4,All ages
10864,Public School,Doull Elementary School,,Denver,97.8,Kindergarten
10864,Public School,Doull Elementary School,,Denver,97.2,All ages
10865,Public School,Dove Creek High School,,Dolores,85.5,All ages
10866,Public School,Downtown Denver Expeditionary School,,Denver,92.5,Kindergarten
10866,Public School,Downtown Denver Expeditionary School,,Denver,95.7,All ages
10867,Public School,Drake Junior High School,,Jefferson,97.5,All ages
10868,Public School,Dry Creek Elementary School,,Arapahoe,94.7,Kindergarten
10868,Public School,Dry Creek Elementary School,,Arapahoe,96.9,All ages
10869,Public School,DSST: Cedar High School,,Denver,96.4,All ages
10870,Public School,DSST: Cedar Middle School,,Denver,96.9,All ages
10871,Public School,DSST: Cole High School,,Denver,94.8,All ages
10872,Public School,DSST: Cole Middle School,,Denver,86.7,All ages
10873,Public School,DSST: College View High School,,Denver,96.6,All ages
10874,Public School,DSST: College View Middle School,,Denver,94.0,All ages
10875,Public School,DSST: Conservatory Green Middle School,,Denver,94.4,All ages
10876,Public School,DSST: Green Valley Ranch High School,,Denver,98.6,All ages
10877,Public School,DSST: Green Valley Ranch Middle School,,Denver,95.0,All ages
10879,Public School,DSST: Montview High School,,Denver,95.6,All ages
10880,Public School,DSST: Montview Middle School,,Denver,93.8,All ages
10881,Public School,Dual Immersion Academy School,,Mesa,97.9,Kindergarten
10881,Public School,Dual Immersion Academy School,,Mesa,97.5,All ages
10882,Public School,Dunn Elementary School,,Larimer,95.7,Kindergarten
10882,Public School,Dunn Elementary School,,Larimer,95.1,All ages
10883,Public School,Dunstan Middle School,,Jefferson,95.5,All ages
10884,Public School,Dupont Elementary School,,Adams,96.1,Kindergarten
10884,Public School,Dupont Elementary School,,Adams,84.6,All ages
10885,Public School,Durango Big Picture High School,,La Plata,93.4,All ages
10886,Public School,Durango High School,,La Plata,95.4,All ages
10887,Public School,Dutch Creek Elementary School,,Jefferson,96.3,Kindergarten
10887,Public School,Dutch Creek Elementary School,,Jefferson,97.4,All ages
10888,Public School,Eads Elementary School,,Kiowa,92.3,Kindergarten
10888,Public School,Eads Elementary School,,Kiowa,97.7,All ages
10889,Public School,Eads High School,,Kiowa,98.0,All ages
10890,Public School,Eads Middle School,,Kiowa,97.5,All ages
10891,Public School,Eagle Academy High School,,Douglas,94.9,All ages
10892,Public School,Eagle County Charter Academy,,Eagle,95.0,Kindergarten
10892,Public School,Eagle County Charter Academy,,Eagle,96.4,All ages
10893,Public School,Eagle Crest Elementary School,,Boulder,92.2,Kindergarten
10893,Public School,Eagle Crest Elementary School,,Boulder,96.0,All ages
10894,Public School,Eagle Ridge Academy,,Adams,96.9,All ages
10895,Public School,Eagle Ridge Elementary School,,Douglas,85.9,Kindergarten
10895,Public School,Eagle Ridge Elementary School,,Douglas,94.5,All ages
10896,Public School,Eagle Valley Elementary School,,Eagle,97.6,Kindergarten
10896,Public School,Eagle Valley Elementary School,,Eagle,96.7,All ages
10897,Public School,Eagle Valley High School,,Eagle,97.9,All ages
10898,Public School,Eagle Valley Middle School,,Eagle,97.9,All ages
10899,Public School,Eaglecrest High School,,Arapahoe,96.8,All ages
10900,Public School,Eagleside Elementary School,,El Paso,72.7,Kindergarten
10900,Public School,Eagleside Elementary School,,El Paso,85.1,All ages
10901,Public School,Eagleton Elementary School,,Denver,92.7,Kindergarten
10901,Public School,Eagleton Elementary School,,Denver,92.4,All ages
10902,Public School,Eagleview Elementary School,,Adams,90.5,Kindergarten
10902,Public School,Eagleview Elementary School,,Adams,94.7,All ages
10903,Public School,Eagleview Middle School,,El Paso,87.7,All ages
10904,Public School,Early College Academy,,Weld,97.2,All ages
10909,Public School,East Grand Middle School,,Grand,96.3,All ages
10910,Public School,East High School,,Denver,97.1,All ages
10911,Public School,East High School,,Pueblo,96.9,All ages
10912,Public School,East Middle School,,Arapahoe,95.1,All ages
10914,Public School,Eastridge Community Elementary School,,Arapahoe,80.4,Kindergarten
10914,Public School,Eastridge Community Elementary School,,Arapahoe,82.9,All ages
10915,Public School,Eaton Elementary School,,Weld,82.3,Kindergarten
10915,Public School,Eaton Elementary School,,Weld,94.4,All ages
10916,Public School,Eaton High School,,Weld,97.7,All ages
10917,Public School,Eaton Middle School,,Weld,97.2,All ages
10919,Public School,eDCSD: Colorado Cyber School,,Douglas,100.0,Kindergarten
10919,Public School,eDCSD: Colorado Cyber School,,Douglas,96.4,All ages
10920,Public School,Edgewater Elementary School,,Jefferson,97.6,Kindergarten
10920,Public School,Edgewater Elementary School,,Jefferson,89.0,All ages
10921,Public School,Edison Elementary School,,El Paso,100.0,Kindergarten
10921,Public School,Edison Elementary School,,El Paso,100.0,All ages
10923,Public School,Edison Elementary School,,Denver,97.9,Kindergarten
10923,Public School,Edison Elementary School,,Denver,98.0,All ages
10924,Public School,Edison Junior-Senior High School,,El Paso,90.0,All ages
10926,Public School,Edith Teter Elementary School,,Park,95.7,Kindergarten
10926,Public School,Edith Teter Elementary School,,Park,96.1,All ages
10927,Public School,Edith Wolford Elementary School,,El Paso,86.1,Kindergarten
10927,Public School,Edith Wolford Elementary School,,El Paso,90.3,All ages
10928,Public School,Edna And John W. Mosley P-8,,Arapahoe,84.4,Kindergarten
10928,Public School,Edna And John W. Mosley P-8,,Arapahoe,92.0,All ages
10929,Public School,Edwards Elementary School,,Eagle,97.5,Kindergarten
10929,Public School,Edwards Elementary School,,Eagle,96.1,All ages
10930,Public School,Eiber Elementary School,,Jefferson,67.4,Kindergarten
10930,Public School,Eiber Elementary School,,Jefferson,82.9,All ages
10931,Public School,Eisenhower Elementary School,,Boulder,95.1,Kindergarten
10931,Public School,Eisenhower Elementary School,,Boulder,95.1,All ages
10932,Public School,Elbert Elementary School,,Elbert,23.5,Kindergarten
10932,Public School,Elbert Elementary School,,Elbert,53.3,All ages
10933,Public School,Elbert Junior-Senior High School,,Elbert,82.5,All ages
10934,Public School,Eldorado Elementary School,,Douglas,98.5,Kindergarten
10934,Public School,Eldorado Elementary School,,Douglas,97.6,All ages
10935,Public School,Eldorado K-8 School,,Boulder,90.0,Kindergarten
10935,Public School,Eldorado K-8 School,,Boulder,95.7,All ages
10937,Public School,Elizabeth High School,,Elbert,95.4,All ages
10938,Public School,Elizabeth Middle School,,Elbert,96.8,All ages
10939,Public School,Elk Creek Elementary,,Garfield,86.8,Kindergarten
10939,Public School,Elk Creek Elementary,,Garfield,94.0,All ages
10940,Public School,Elk Creek Elementary School,,Jefferson,88.9,Kindergarten
10940,Public School,Elk Creek Elementary School,,Jefferson,93.3,All ages
10941,Public School,Elkhart Elementary School,,Arapahoe,85.5,Kindergarten
10941,Public School,Elkhart Elementary School,,Arapahoe,91.1,All ages
10942,Private School,Hope Community Christian Academy,,La Plata,26.7,Kindergarten
10942,Private School,Hope Community Christian Academy,,La Plata,57.1,All ages
10943,Public School,Ellicott Elementary School,,El Paso,85.4,Kindergarten
10943,Public School,Ellicott Elementary School,,El Paso,92.0,All ages
10944,Public School,Ellicott Middle School,,El Paso,91.2,All ages
10946,Public School,Ellis Elementary School,,Denver,84.1,Kindergarten
10946,Public School,Ellis Elementary School,,Denver,83.1,All ages
10948,Public School,Emerald Elementary School,,Boulder,87.5,Kindergarten
10948,Public School,Emerald Elementary School,,Boulder,93.8,All ages
10950,Public School,Emily Griffith High School,,Denver,81.7,All ages
10951,Public School,Endeavor Academy,,Arapahoe,97.9,All ages
10953,Child Care/Preschool,Englewood Early Childhood Education Center At Madd,,Arapahoe,98.4,Child Care/Preschool
10954,Public School,Englewood High School,,Arapahoe,92.4,All ages
10956,Public School,Englewood Middle School,,Arapahoe,94.6,All ages
10957,Public School,Erie Elementary School,,Boulder,98.5,Kindergarten
10957,Public School,Erie Elementary School,,Boulder,96.3,All ages
10958,Public School,Erie High School,,Boulder,97.9,All ages
10959,Public School,Erie Middle School,,Boulder,96.8,All ages
10960,Public School,Escalante Middle School,,La Plata,96.3,All ages
10961,Private School,Escuela De Guadalupe,,Denver,89.5,Kindergarten
10961,Private School,Escuela De Guadalupe,,Denver,95.7,All ages
10962,Public School,Estes Park High School,,Larimer,80.6,Kindergarten
10962,Public School,Estes Park High School,,Larimer,69.9,All ages
10963,Public School,Estes Park K-5 School,,Larimer,80.6,Kindergarten
10963,Public School,Estes Park K-5 School,,Larimer,71.5,All ages
10964,Public School,Estes Park Middle School,,Larimer,85.7,All ages
10965,Public School,Estes Park Options School,,Larimer,42.0,All ages
10966,Public School,Euclid Middle School,,Arapahoe,97.7,All ages
10967,Public School,Eva R Baca Elementary School,,Pueblo,84.2,Kindergarten
10967,Public School,Eva R Baca Elementary School,,Pueblo,88.7,All ages
10968,Public School,Evans International Elementary School,,El Paso,93.2,Kindergarten
10968,Public School,Evans International Elementary School,,El Paso,95.9,All ages
10969,Private School,Evergreen Country Day School,,Jefferson,100.0,Kindergarten
10969,Private School,Evergreen Country Day School,,Jefferson,96.7,All ages
10970,Public School,Evergreen High School,,Jefferson,96.9,All ages
10971,Public School,Evergreen Middle School,,Jefferson,96.6,All ages
10972,Public School,Everitt Middle School,,Jefferson,93.9,All ages
10973,Public School,Excel Academy,,Denver,94.8,All ages
10974,Public School,Excel Academy Charter School,,Jefferson,93.3,Kindergarten
10974,Public School,Excel Academy Charter School,,Jefferson,96.1,All ages
10975,Public School,Explore Elementary,,Adams,100.0,Kindergarten
10975,Public School,Explore Elementary,,Adams,97.4,All ages
10976,Public School,Explorer Elementary School,,El Paso,92.6,Kindergarten
10976,Public School,Explorer Elementary School,,El Paso,93.9,All ages
10977,Public School,Eyestone Elementary School,,Larimer,83.8,Kindergarten
10977,Public School,Eyestone Elementary School,,Larimer,93.7,All ages
10978,Public School,Fairmount Elementary School,,Jefferson,96.4,Kindergarten
10978,Public School,Fairmount Elementary School,,Jefferson,97.6,All ages
10980,Public School,Fairview Elementary School,,Adams,89.5,Kindergarten
10980,Public School,Fairview Elementary School,,Adams,95.5,All ages
10981,Public School,Fairview High School,,Boulder,96.2,All ages
10983,Private School,Faith Christian Academy,,Jefferson,72.5,Kindergarten
10983,Private School,Faith Christian Academy,,Jefferson,80.2,All ages
10984,Public School,Falcon Bluffs Middle School,,Jefferson,97.0,All ages
10985,Public School,Falcon Creek Middle School,,Arapahoe,98.1,All ages
10986,Public School,Falcon Elementary School,,El Paso,90.3,Kindergarten
10986,Public School,Falcon Elementary School,,El Paso,93.8,All ages
10987,Public School,Falcon High School,,El Paso,94.6,All ages
10988,Private School,Falcon Home School Program,,El Paso,44.0,Kindergarten
10988,Private School,Falcon Home School Program,,El Paso,59.6,All ages
10989,Public School,Falcon Middle School,,El Paso,96.3,All ages
10990,Public School,Fall River Elementary School,,Boulder,95.3,Kindergarten
10990,Public School,Fall River Elementary School,,Boulder,96.1,All ages
10991,Private School,Ziji Early Elementary School,,Boulder,100.0,Kindergarten
10991,Private School,Ziji Early Elementary School,,Boulder,100.0,All ages
10993,Public School,Farrell B. Howell ECE-8 School,,Denver,37.2,Kindergarten
10993,Public School,Farrell B. Howell ECE-8 School,,Denver,83.8,All ages
10994,Public School,Federal Heights Elementary School,,Adams,96.6,Kindergarten
10994,Public School,Federal Heights Elementary School,,Adams,97.3,All ages
10995,Public School,Field Elementary School,,Arapahoe,79.1,Kindergarten
10995,Public School,Field Elementary School,,Arapahoe,90.0,All ages
10997,Public School,Fireside Elementary School,,Boulder,100.0,Kindergarten
10997,Public School,Fireside Elementary School,,Boulder,97.1,All ages
10998,Public School,Fishers Peak Elementary School,,Las Animas,94.7,Kindergarten
10998,Public School,Fishers Peak Elementary School,,Las Animas,96.2,All ages
11001,Public School,Flagler K-12 Schools,,Kit Carson,81.3,Kindergarten
11001,Public School,Flagler K-12 Schools,,Kit Carson,92.1,All ages
11002,Public School,Flagstaff Charter Academy,,Boulder,97.1,Kindergarten
11002,Public School,Flagstaff Charter Academy,,Boulder,94.9,All ages
11003,Public School,Flagstone Elementary School,,Douglas,90.9,Kindergarten
11003,Public School,Flagstone Elementary School,,Douglas,96.4,All ages
11004,Public School,Flatirons Elementary School,,Boulder,92.3,Kindergarten
11004,Public School,Flatirons Elementary School,,Boulder,94.8,All ages
11005,Public School,Fleming K-12 Schools,,Logan,84.2,Kindergarten
11005,Public School,Fleming K-12 Schools,,Logan,97.0,All ages
11008,Public School,Florence Crittenton High School,,Denver,77.8,All ages
11009,Public School,Florence Jr/Sr High School,,Fremont,93.4,All ages
11010,Public School,Florida Mesa Elementary School,,La Plata,90.2,Kindergarten
11010,Public School,Florida Mesa Elementary School,,La Plata,93.1,All ages
11011,Public School,Florida Pitt Waller ECE-8 School,,Denver,78.5,Kindergarten
11011,Public School,Florida Pitt Waller ECE-8 School,,Denver,87.4,All ages
11012,Public School,Flynn Elementary School,,Adams,92.7,Kindergarten
11012,Public School,Flynn Elementary School,,Adams,97.0,All ages
11013,Public School,Foothill Elementary School,,Boulder,98.5,Kindergarten
11013,Public School,Foothill Elementary School,,Boulder,96.6,All ages
11014,Public School,Foothills Elementary School,,Jefferson,78.7,Kindergarten
11014,Public School,Foothills Elementary School,,Jefferson,88.0,All ages
11015,Public School,Foothills Elementary School,,El Paso,88.2,Kindergarten
11015,Public School,Foothills Elementary School,,El Paso,94.0,All ages
11016,Public School,Force Elementary School,,Denver,94.4,Kindergarten
11016,Public School,Force Elementary School,,Denver,97.7,All ages
11017,Public School,Fort Collins High School,,Larimer,95.4,All ages
11018,Public School,Fort Collins Montessori School,,Larimer,86.0,Kindergarten
11018,Public School,Fort Collins Montessori School,,Larimer,90.1,All ages
11019,Public School,Fort Lewis Mesa Elementary School,,La Plata,88.2,Kindergarten
11019,Public School,Fort Lewis Mesa Elementary School,,La Plata,84.5,All ages
11020,Public School,Fort Logan Northgate,,Arapahoe,89.8,All ages
11021,Public School,Fort Lupton High School,,Weld,93.6,All ages
11022,Public School,Fort Lupton Middle School,,Weld,97.7,All ages
11023,Public School,Fort Morgan High School,,Morgan,95.4,All ages
11024,Public School,Fort Morgan Middle School,,Morgan,97.2,All ages
11025,Public School,Fossil Ridge High School,,Larimer,97.1,All ages
11026,Public School,Foster Elementary School,,Jefferson,98.1,Kindergarten
11026,Public School,Foster Elementary School,,Jefferson,98.2,All ages
11027,Public School,Foundations Academy,,Adams,97.3,Kindergarten
11027,Public School,Foundations Academy,,Adams,94.7,All ages
11028,Public School,Fountain International Magnet School,,Pueblo,87.1,Kindergarten
11028,Public School,Fountain International Magnet School,,Pueblo,95.3,All ages
11029,Public School,Fountain Middle School,,El Paso,92.1,All ages
11030,Private School,Fountain Valley School Of Colorado,,El Paso,92.9,All ages
11031,Public School,Fountain-Fort Carson High School,,El Paso,90.2,All ages
11032,Public School,Fowler Elementary School,,Otero,79.2,Kindergarten
11032,Public School,Fowler Elementary School,,Otero,92.2,All ages
11033,Public School,Fowler High School,,Otero,99.0,All ages
11034,Public School,Fowler Junior High School,,Otero,94.8,All ages
11035,Public School,Fox Creek Elementary School,,Douglas,89.2,Kindergarten
11035,Public School,Fox Creek Elementary School,,Douglas,96.5,All ages
11036,Public School,Fox Hollow Elementary School,,Arapahoe,96.8,Kindergarten
11036,Public School,Fox Hollow Elementary School,,Arapahoe,97.5,All ages
11037,Public School,Fox Meadow Middle School,,El Paso,86.3,All ages
11038,Public School,Fox Ridge Middle School,,Arapahoe,95.5,All ages
11041,Public School,Franklin Middle School,,Weld,97.2,All ages
11042,Public School,Franktown Elementary School,,Douglas,84.4,Kindergarten
11042,Public School,Franktown Elementary School,,Douglas,93.1,All ages
11043,Public School,Fraser Valley Elementary School,,Grand,79.5,Kindergarten
11043,Public School,Fraser Valley Elementary School,,Grand,89.2,All ages
11044,Public School,Frederick Senior High School,,Boulder,95.9,All ages
11045,Public School,Free Horizon Montessori Charter School,,Jefferson,96.1,Kindergarten
11045,Public School,Free Horizon Montessori Charter School,,Jefferson,95.1,All ages
11046,Public School,Freedom Elementary School,,El Paso,87.0,Kindergarten
11046,Public School,Freedom Elementary School,,El Paso,89.8,All ages
11047,Public School,Fremont Elementary School,,Fremont,87.3,Kindergarten
11047,Public School,Fremont Elementary School,,Fremont,92.0,All ages
11048,Public School,Fremont Elementary School,,El Paso,74.0,Kindergarten
11048,Public School,Fremont Elementary School,,El Paso,86.6,All ages
11049,Public School,Fremont Elementary School,,Jefferson,90.7,Kindergarten
11049,Public School,Fremont Elementary School,,Jefferson,95.3,All ages
11051,Public School,French Elementary School,,El Paso,79.5,Kindergarten
11051,Public School,French Elementary School,,El Paso,85.8,All ages
11052,Private School,Friends School - South Campus: Elementary School,,Boulder,71.4,Kindergarten
11052,Private School,Friends School - South Campus: Elementary School,,Boulder,88.9,All ages
11053,Public School,Frisco Elementary School,,Summit,93.5,Kindergarten
11053,Public School,Frisco Elementary School,,Summit,95.9,All ages
11054,Private School,Front Range Baptist Academy,,Larimer,50.0,Kindergarten
11054,Private School,Front Range Baptist Academy,,Larimer,70.5,All ages
11055,Public School,Frontier Charter Academy,,Weld,100.0,Kindergarten
11055,Public School,Frontier Charter Academy,,Weld,99.6,All ages
11056,Public School,BOCES East,,El Paso,91.7,All ages
11057,Public School,Frontier Elementary School,,El Paso,88.9,Kindergarten
11057,Public School,Frontier Elementary School,,El Paso,83.0,All ages
11059,Public School,Frontier Valley Elementary School,,Douglas,94.6,Kindergarten
11059,Public School,Frontier Valley Elementary School,,Douglas,93.9,All ages
11061,Public School,Fruita Middle School,,Mesa,94.9,All ages
11062,Public School,Fruita Monument High School,,Mesa,96.5,All ages
11063,Public School,Fruitvale Elementary School,,Mesa,64.5,Kindergarten
11063,Public School,Fruitvale Elementary School,,Mesa,88.8,All ages
11065,Public School,Fulton Academy Of Excellence,,Arapahoe,90.6,Kindergarten
11065,Public School,Fulton Academy Of Excellence,,Arapahoe,96.5,All ages
11066,Public School,Galeton Elementary School,,Weld,85.7,Kindergarten
11066,Public School,Galeton Elementary School,,Weld,97.1,All ages
11067,Public School,Galileo School Of Math And Science,,El Paso,92.3,All ages
11068,Private School,Greeley Alternative Program (GAP),,Weld,94.0,All ages
11069,Public School,Garden Place Elementary School,,Denver,93.8,Kindergarten
11069,Public School,Garden Place Elementary School,,Denver,95.6,All ages
11070,Public School,Gardner Valley School,,Huerfano,100.0,Kindergarten
11070,Public School,Gardner Valley School,,Huerfano,88.5,All ages
11071,Public School,Garfield Elementary School,,Larimer,94.6,Kindergarten
11071,Public School,Garfield Elementary School,,Larimer,96.5,All ages
11072,Public School,Garnet Mesa Elementary School,,Delta,90.4,Kindergarten
11072,Public School,Garnet Mesa Elementary School,,Delta,92.7,All ages
11074,Public School,Gateway High School,,Arapahoe,91.0,All ages
11075,Public School,Gateway School,,Mesa,80.0,All ages
11076,Public School,Genoa-Hugo K-12 Schools,,Lincoln,83.3,Kindergarten
11076,Public School,Genoa-Hugo K-12 Schools,,Lincoln,92.0,All ages
11077,Public School,George Washington High School,,Denver,89.5,All ages
11078,Public School,Georgetown Community School,,Clear Creek,85.7,Kindergarten
11078,Public School,Georgetown Community School,,Clear Creek,91.5,All ages
11080,Public School,Giberson Elementary School,,El Paso,86.7,Kindergarten
11080,Public School,Giberson Elementary School,,El Paso,89.1,All ages
11081,Public School,Gilcrest Elementary School,,Weld,100.0,Kindergarten
11081,Public School,Gilcrest Elementary School,,Weld,100.0,All ages
11082,Private School,Gilliam Youth Services Center,,Denver,72.2,All ages
11084,Public School,Gilpin County K-12 Schools,,Gilpin,72.0,Kindergarten
11084,Public School,Gilpin County K-12 Schools,,Gilpin,90.9,All ages
11087,Public School,Girls Athletic Leadership School Middle School,,Denver,97.9,All ages
11088,Public School,Glacier Peak Elementary School,,Adams,93.9,Kindergarten
11088,Public School,Glacier Peak Elementary School,,Adams,95.1,All ages
11090,Public School,Glenwood Springs Elementary School,,Garfield,100.0,Kindergarten
11090,Public School,Glenwood Springs Elementary School,,Garfield,99.5,All ages
11091,Public School,Glenwood Springs High School,,Garfield,97.3,All ages
11092,Public School,Glenwood Springs Middle School,,Garfield,97.7,All ages
11093,Public School,Global Leadership Academy,,Adams,99.7,All ages
11094,Public School,Global Village Academy - Aurora,,Arapahoe,83.2,Kindergarten
11094,Public School,Global Village Academy - Aurora,,Arapahoe,92.1,All ages
11095,Public School,Colorado International Language Academy,,El Paso,65.8,Kindergarten
11095,Public School,Colorado International Language Academy,,El Paso,80.7,All ages
11097,Public School,Global Village Academy Parker,,Douglas,86.2,Kindergarten
11097,Public School,Global Village Academy Parker,,Douglas,77.8,All ages
11098,Public School,Global Village Academy-North,,Adams,92.9,Kindergarten
11098,Public School,Global Village Academy-North,,Adams,93.3,All ages
11100,Public School,Goal Academy,,El Paso,94.1,All ages
11101,Public School,Goddard Middle School,,Arapahoe,98.1,All ages
11102,Public School,Godsman Elementary School,,Denver,89.8,Kindergarten
11102,Public School,Godsman Elementary School,,Denver,95.3,All ages
11103,Public School,Gold Camp Elementary School,,El Paso,84.8,Kindergarten
11103,Public School,Gold Camp Elementary School,,El Paso,91.4,All ages
11104,Public School,Gold Hill Elementary School,,Boulder,100.0,Kindergarten
11104,Public School,Gold Hill Elementary School,,Boulder,81.8,All ages
11105,Public School,Gold Rush Elementary,,Douglas,95.5,Kindergarten
11105,Public School,Gold Rush Elementary,,Douglas,97.6,All ages
11106,Public School,Golden High School,,Jefferson,97.1,All ages
11107,Public School,Golden View Classical Academy,,Jefferson,83.0,Kindergarten
11107,Public School,Golden View Classical Academy,,Jefferson,84.5,All ages
11108,Public School,Goldrick Elementary School,,Denver,98.4,Kindergarten
11108,Public School,Goldrick Elementary School,,Denver,96.6,All ages
11109,Private School,Good Shepherd Catholic School,,Denver,90.0,Kindergarten
11109,Private School,Good Shepherd Catholic School,,Denver,94.3,All ages
11110,Public School,Goodnight School,,Pueblo,85.7,Kindergarten
11110,Public School,Goodnight School,,Pueblo,96.1,All ages
11111,Public School,Governors Ranch Elementary School,,Jefferson,100.0,Kindergarten
11111,Public School,Governors Ranch Elementary School,,Jefferson,97.8,All ages
11112,Public School,Graham Mesa Elementary School,,Garfield,93.2,Kindergarten
11112,Public School,Graham Mesa Elementary School,,Garfield,96.0,All ages
11113,Private School,Graland Country Day School,,Denver,98.6,Kindergarten
11113,Private School,Graland Country Day School,,Denver,97.7,All ages
11114,Public School,Granada Elementary School,,Prowers,92.3,Kindergarten
11114,Public School,Granada Elementary School,,Prowers,98.1,All ages
11115,Public School,Granada Undivided High School,,Prowers,97.3,All ages
11116,Public School,Granby Elementary School,,Grand,88.2,Kindergarten
11116,Public School,Granby Elementary School,,Grand,92.7,All ages
11117,Public School,Grand Junction High School,,Mesa,95.9,All ages
11118,Public School,Grand Mesa High School,,Mesa,96.7,All ages
11119,Public School,Grand Mesa Middle School,,Mesa,96.4,All ages
11120,Public School,Grand Valley Center For Family Learning,,Garfield,84.1,Kindergarten
11120,Public School,Grand Valley Center For Family Learning,,Garfield,89.6,All ages
11121,Public School,Grand Valley High School,,Garfield,97.2,All ages
11122,Public School,Grand Valley Middle School,,Garfield,94.2,All ages
11123,Public School,Grand River Academy,,Mesa,75.0,Kindergarten
11123,Public School,Grand River Academy,,Mesa,90.6,All ages
11124,Public School,Grandview Elementary School,,Weld,90.1,Kindergarten
11124,Public School,Grandview Elementary School,,Weld,94.8,All ages
11125,Public School,Grandview High School,,Arapahoe,97.3,All ages
11126,Public School,Grant Beacon Middle School,,Denver,91.9,All ages
11127,Public School,Grant Elementary School,,El Paso,56.3,Kindergarten
11127,Public School,Grant Elementary School,,El Paso,75.5,All ages
11128,Public School,Grant Ranch ECE-8 School,,Denver,92.0,Kindergarten
11128,Public School,Grant Ranch ECE-8 School,,Denver,94.7,All ages
11129,Public School,Greeley Central High School,,Weld,97.5,All ages
11130,Public School,Greeley West High School,,Weld,97.4,All ages
11131,Public School,Green Acres Elementary School,,Morgan,98.9,All ages
11132,Public School,Green Gables Elementary School,,Jefferson,90.9,Kindergarten
11132,Public School,Green Gables Elementary School,,Jefferson,95.0,All ages
11134,Public School,Green Mountain High School,,Jefferson,97.8,All ages
11135,Public School,Green Valley Elementary School,,Denver,85.3,Kindergarten
11135,Public School,Green Valley Elementary School,,Denver,91.8,All ages
11136,Public School,Center for Talent Development at Greenlee,,Denver,95.2,Kindergarten
11136,Public School,Center for Talent Development at Greenlee,,Denver,95.0,All ages
11137,Public School,Greenwood Elementary School,,Arapahoe,98.2,Kindergarten
11137,Public School,Greenwood Elementary School,,Arapahoe,97.4,All ages
11138,Public School,Guadalupe Elementary School,,Conejos,100.0,Kindergarten
11138,Public School,Guadalupe Elementary School,,Conejos,88.9,All ages
11140,Public School,Guffey Charter School,,Park,66.7,All ages
11141,Public School,Gunnison Elementary School,,Gunnison,84.0,Kindergarten
11141,Public School,Gunnison Elementary School,,Gunnison,88.2,All ages
11142,Public School,Gunnison High School,,Gunnison,86.5,All ages
11143,Public School,Gunnison Middle School,,Gunnison,86.6,All ages
11144,Public School,Gust Elementary School,,Denver,95.7,Kindergarten
11144,Public School,Gust Elementary School,,Denver,97.2,All ages
11145,Public School,Gypsum Creek Middle School,,Eagle,98.8,All ages
11146,Public School,Gypsum Elementary School,,Eagle,90.6,Kindergarten
11146,Public School,Gypsum Elementary School,,Eagle,96.9,All ages
11147,Public School,Haaff Elementary School,,Pueblo,93.8,Kindergarten
11147,Public School,Haaff Elementary School,,Pueblo,94.9,All ages
11148,Public School,Hackberry Hill Elementary School,,Jefferson,91.5,Kindergarten
11148,Public School,Hackberry Hill Elementary School,,Jefferson,95.5,All ages
11150,Public School,Hallett Fundamental Academy,,Denver,75.0,Kindergarten
11150,Public School,Hallett Fundamental Academy,,Denver,89.3,All ages
11151,Public School,Hamilton Middle School,,Denver,89.3,All ages
11152,Public School,Hanover Junior-Senior High School,,El Paso,92.7,All ages
11154,Public School,Harold Ferguson High School,,Larimer,97.3,All ages
11155,Public School,Harris Bilingual Elementary School,,Larimer,100.0,Kindergarten
11155,Public School,Harris Bilingual Elementary School,,Larimer,99.0,All ages
11156,Public School,Harris Park Elementary School,,Adams,100.0,Kindergarten
11156,Public School,Harris Park Elementary School,,Adams,99.0,All ages
11157,Public School,Harrison High School,,El Paso,93.3,All ages
11158,Public School,Harrison School,,Fremont,92.5,Kindergarten
11158,Public School,Harrison School,,Fremont,93.9,All ages
11159,Public School,Harry L McGinnis Middle School,,Chaffee,93.9,All ages
11160,Public School,Haskin Elementary School,,Saguache,97.2,Kindergarten
11160,Public School,Haskin Elementary School,,Saguache,98.4,All ages
11161,Public School,Haxtun Elementary School,,Phillips,100.0,Kindergarten
11161,Public School,Haxtun Elementary School,,Phillips,99.2,All ages
11162,Public School,Haxtun High School,,Phillips,97.8,All ages
11165,Public School,Hayden Valley Schools,,Routt,89.3,Kindergarten
11165,Public School,Hayden Valley Schools,,Routt,93.3,All ages
11166,Public School,Heath Middle School,,Weld,97.9,All ages
11167,Public School,Heatherwood Elementary School,,Boulder,100.0,Kindergarten
11167,Public School,Heatherwood Elementary School,,Boulder,98.7,All ages
11168,Public School,Heiman Elementary School,,Weld,90.4,Kindergarten
11168,Public School,Heiman Elementary School,,Weld,97.9,All ages
11169,Public School,Hemphill Middle School,,Adams,97.2,All ages
11170,Public School,Henderson Elementary School,,Adams,92.6,Kindergarten
11170,Public School,Henderson Elementary School,,Adams,92.1,All ages
11171,Public School,Henry Elementary School,,El Paso,85.2,Kindergarten
11171,Public School,Henry Elementary School,,El Paso,91.2,All ages
11173,Private School,Heritage Christian Academy,,Larimer,72.2,Kindergarten
11173,Private School,Heritage Christian Academy,,Larimer,82.8,All ages
11174,Public School,Heritage Elementary School,,Douglas,92.3,Kindergarten
11174,Public School,Heritage Elementary School,,Douglas,92.6,All ages
11175,Public School,Heritage Elementary School,,Pueblo,91.2,Kindergarten
11175,Public School,Heritage Elementary School,,Pueblo,97.1,All ages
11176,Public School,Heritage Elementary School,,Arapahoe,92.3,Kindergarten
11176,Public School,Heritage Elementary School,,Arapahoe,95.6,All ages
11177,Public School,Heritage Heights Academy,,Arapahoe,89.7,Kindergarten
11177,Public School,Heritage Heights Academy,,Arapahoe,85.5,All ages
11178,Public School,Heritage High School,,Arapahoe,97.9,All ages
11181,Public School,Hidden Lake High School,,Adams,97.8,All ages
11182,Public School,High Peaks Elementary School,,Boulder,95.7,Kindergarten
11182,Public School,High Peaks Elementary School,,Boulder,98.2,All ages
11183,Public School,High Plains Elementary School,,El Paso,58.6,Kindergarten
11183,Public School,High Plains Elementary School,,El Paso,81.2,All ages
11184,Public School,High Plains Elementary School,,Arapahoe,98.2,Kindergarten
11184,Public School,High Plains Elementary School,,Arapahoe,97.3,All ages
11185,Public School,High Plains School,,Larimer,89.6,Kindergarten
11185,Public School,High Plains School,,Larimer,94.1,All ages
11188,Public School,High Tech Early College,,Denver,93.5,All ages
11189,Public School,Willow Elementary,,Denver,44.4,Kindergarten
11189,Public School,Willow Elementary,,Denver,86.6,All ages
11190,Public School,Highland Elementary School,,Weld,93.0,Kindergarten
11190,Public School,Highland Elementary School,,Weld,94.9,All ages
11192,Public School,Highland Elementary School,,Garfield,100.0,Kindergarten
11192,Public School,Highland Elementary School,,Garfield,96.3,All ages
11193,Public School,Highland High School,,Weld,97.6,All ages
11194,Public School,Highland Middle School,,Weld,98.3,All ages
11195,Public School,Highland Park Elementary School,,Pueblo,84.1,Kindergarten
11195,Public School,Highland Park Elementary School,,Pueblo,93.3,All ages
11196,Public School,Highlands Ranch High School,,Douglas,97.3,All ages
11197,Public School,Highline Academy Northeast,,Denver,88.3,Kindergarten
11197,Public School,Highline Academy Northeast,,Denver,95.7,All ages
11198,Public School,Highline Academy Southeast,,Denver,72.1,Kindergarten
11198,Public School,Highline Academy Southeast,,Denver,88.0,All ages
11199,Public School,Highline Community Elementary School,,Arapahoe,90.3,Kindergarten
11199,Public School,Highline Community Elementary School,,Arapahoe,90.2,All ages
11200,Public School,Hill Campus Of Arts And Sciences,,Denver,84.5,All ages
11201,Public School,Hillcrest Elementary School,,Adams,89.1,Kindergarten
11201,Public School,Hillcrest Elementary School,,Adams,95.3,All ages
11202,Public School,Hinkley High School,,Arapahoe,93.0,All ages
11203,Public School,Hi-Plains K-12 Schools,,Kit Carson,100.0,Kindergarten
11203,Public School,Hi-Plains K-12 Schools,,Kit Carson,93.4,All ages
11204,Public School,Hoehne K-12 Schools,,Las Animas,93.3,Kindergarten
11204,Public School,Hoehne K-12 Schools,,Las Animas,97.0,All ages
11205,Public School,Hoff Elementary School,,Weld,95.0,Kindergarten
11205,Public School,Hoff Elementary School,,Weld,93.4,All ages
11206,Public School,Holly Hills Elementary School,,Arapahoe,80.0,Kindergarten
11206,Public School,Holly Hills Elementary School,,Arapahoe,86.7,All ages
11208,Public School,Holly K-12 Schools,,Prowers,91.7,Kindergarten
11208,Public School,Holly K-12 Schools,,Prowers,96.3,All ages
11209,Public School,Holm Elementary School,,Denver,85.9,Kindergarten
11209,Public School,Holm Elementary School,,Denver,86.8,All ages
11210,Public School,Holmes Middle School,,El Paso,88.9,All ages
11211,Private School,Holy Family Catholic School,,Mesa,92.5,Kindergarten
11211,Private School,Holy Family Catholic School,,Mesa,96.2,All ages
11212,Private School,Holy Family High School,,Broomfield,96.3,All ages
11215,Private School,Blessed Miguel Pro Catholic Academy,,Adams,92.9,Kindergarten
11215,Private School,Blessed Miguel Pro Catholic Academy,,Adams,93.7,All ages
11216,Public School,Holyoke Alternative School,,Phillips,83.3,All ages
11217,Public School,Holyoke Senior High School,,Phillips,96.8,All ages
11218,Public School,Holyoke Elementary School,,Phillips,88.6,Kindergarten
11218,Public School,Holyoke Elementary School,,Phillips,92.8,All ages
11220,Private School,Home School Enrichment Academy,,El Paso,66.7,Kindergarten
11220,Private School,Home School Enrichment Academy,,El Paso,79.4,All ages
11221,Public School,Homestake Peak School,,Eagle,100.0,Kindergarten
11221,Public School,Homestake Peak School,,Eagle,98.7,All ages
11222,Public School,Homestead Elementary School,,Arapahoe,95.3,Kindergarten
11222,Public School,Homestead Elementary School,,Arapahoe,97.5,All ages
11228,Public School,Hope Online Learning Academy High School,,Douglas,94.5,All ages
11230,Public School,Hopkins Elementary School,,Arapahoe,93.2,Kindergarten
11230,Public School,Hopkins Elementary School,,Arapahoe,95.1,All ages
11231,Public School,Horizon High School,,Adams,98.4,All ages
11232,Public School,Horizon Middle School,,El Paso,96.7,All ages
11233,Public School,Horizon Middle School,,Arapahoe,95.3,All ages
11234,Public School,Horizons Exploratory Academy,,Chaffee,76.7,All ages
11235,Public School,Horizons K-8 School,,Boulder,86.8,Kindergarten
11235,Public School,Horizons K-8 School,,Boulder,87.8,All ages
11236,Public School,Hotchkiss K-8,,Delta,63.0,Kindergarten
11236,Public School,Hotchkiss K-8,,Delta,75.6,All ages
11238,Public School,Howbert Elementary School,,El Paso,81.8,Kindergarten
11238,Public School,Howbert Elementary School,,El Paso,85.8,All ages
11239,Public School,Hudson Academy Of Arts And Sciences,,Weld,86.5,Kindergarten
11239,Public School,Hudson Academy Of Arts And Sciences,,Weld,93.9,All ages
11240,Public School,Hulstrom Options K-8 School,,Adams,98.6,Kindergarten
11240,Public School,Hulstrom Options K-8 School,,Adams,97.8,All ages
11241,Public School,Hunters Glen Elementary School,,Adams,89.9,Kindergarten
11241,Public School,Hunters Glen Elementary School,,Adams,96.1,All ages
11242,Public School,Hutchinson Elementary School,,Jefferson,100.0,Kindergarten
11242,Public School,Hutchinson Elementary School,,Jefferson,96.2,All ages
11243,Public School,Hygiene Elementary School,,Boulder,97.1,Kindergarten
11243,Public School,Hygiene Elementary School,,Boulder,96.5,All ages
11244,Public School,Idalia Elementary School,,Yuma,90.0,Kindergarten
11244,Public School,Idalia Elementary School,,Yuma,90.3,All ages
11245,Public School,Idalia Junior-Senior High School,,Yuma,93.4,All ages
11246,Public School,Ignacio K-12 Schools,,La Plata,89.5,Kindergarten
11246,Public School,Ignacio K-12 Schools,,La Plata,96.7,All ages
11251,Public School,Grand Peak Academy,,El Paso,86.4,Kindergarten
11251,Public School,Grand Peak Academy,,El Paso,90.5,All ages
11253,Private School,Immanuel Lutheran School,,Larimer,100.0,Kindergarten
11253,Private School,Immanuel Lutheran School,,Larimer,80.3,All ages
11255,Public School,Independence Academy,,Mesa,95.8,Kindergarten
11255,Public School,Independence Academy,,Mesa,93.2,All ages
11256,Private School,Independence Academy,,Adams,93.1,All ages
11257,Public School,Independence Elementary School,,Arapahoe,87.5,Kindergarten
11257,Public School,Independence Elementary School,,Arapahoe,93.3,All ages
11259,Public School,Indian Peaks Elementary School,,Boulder,93.9,Kindergarten
11259,Public School,Indian Peaks Elementary School,,Boulder,96.2,All ages
11260,Public School,Indian Ridge Elementary School,,Arapahoe,96.9,Kindergarten
11260,Public School,Indian Ridge Elementary School,,Arapahoe,97.9,All ages
11262,Private School,Instructional Services Center,,Adams,100.0,All ages
11264,Private School,International School Of Denver,,Denver,98.9,Kindergarten
11264,Private School,International School Of Denver,,Denver,98.2,All ages
11265,Public School,Iowa Elementary School,,Arapahoe,92.2,Kindergarten
11265,Public School,Iowa Elementary School,,Arapahoe,96.6,All ages
11266,Public School,Irish Elementary School,,Larimer,91.4,Kindergarten
11266,Public School,Irish Elementary School,,Larimer,92.9,All ages
11267,Public School,Iron Horse Elementary School,,Douglas,88.1,Kindergarten
11267,Public School,Iron Horse Elementary School,,Douglas,91.2,All ages
11268,Public School,Irving Elementary School,,Pueblo,79.2,Kindergarten
11268,Public School,Irving Elementary School,,Pueblo,89.8,All ages
11269,Public School,Isabella Bird Community School,,Denver,91.1,Kindergarten
11269,Public School,Isabella Bird Community School,,Denver,96.6,All ages
11271,Public School,Ivy Stockwell Elementary School,,Larimer,94.3,Kindergarten
11271,Public School,Ivy Stockwell Elementary School,,Larimer,95.8,All ages
11272,Public School,Jack Swigert Aerospace Academy,,El Paso,87.9,All ages
11273,Public School,Jackson Elementary School,,Weld,95.9,Kindergarten
11273,Public School,Jackson Elementary School,,Weld,98.3,All ages
11274,Public School,Jackson Elementary School,,El Paso,70.7,Kindergarten
11274,Public School,Jackson Elementary School,,El Paso,79.7,All ages
11275,Public School,James Irwin Charter Academy - Howard Campus,,El Paso,91.3,Kindergarten
11275,Public School,James Irwin Charter Academy - Howard Campus,,El Paso,90.3,All ages
11276,Public School,James Irwin Charter Elementary School - Astrozon,,El Paso,91.4,Kindergarten
11276,Public School,James Irwin Charter Elementary School - Astrozon,,El Paso,95.5,All ages
11277,Public School,James Irwin Charter High School,,El Paso,98.6,All ages
11278,Public School,James Irwin Charter Middle School,,El Paso,97.8,All ages
11279,Public School,James Madison Charter Academy School,,El Paso,45.5,Kindergarten
11279,Public School,James Madison Charter Academy School,,El Paso,79.2,All ages
11280,Public School,Jamestown Elementary School,,Boulder,50.0,Kindergarten
11280,Public School,Jamestown Elementary School,,Boulder,64.7,All ages
11281,Public School,Janitell Junior High School,,El Paso,93.0,All ages
11282,Private School,Jarrow Montessori School,,Boulder,100.0,Kindergarten
11282,Private School,Jarrow Montessori School,,Boulder,94.6,All ages
11283,Public School,Jeffcos 21st Century Virtual Academy,,Jefferson,96.0,All ages
11284,Public School,Jefferson Academy High School,,Jefferson,97.1,All ages
11286,Public School,Jefferson Academy,,Jefferson,47.5,Kindergarten
11286,Public School,Jefferson Academy,,Jefferson,72.3,All ages
11287,Public School,Jefferson County Open Elementary School,,Jefferson,92.6,Kindergarten
11287,Public School,Jefferson County Open Elementary School,,Jefferson,90.7,All ages
11288,Public School,Jefferson County Open Secondary,,Jefferson,89.7,All ages
11289,Public School,Jefferson High School,,Jefferson,86.6,All ages
11290,Public School,Jefferson Intermediate School,,Otero,97.8,All ages
11291,Public School,Jefferson Junior/Senior High School,,Weld,94.9,All ages
11292,Public School,Jenkins Middle School,,El Paso,95.2,All ages
11293,Public School,Jewell Elementary School,,Arapahoe,88.0,Kindergarten
11293,Public School,Jewell Elementary School,,Arapahoe,92.5,All ages
11294,Public School,Joe Shoemaker School,,Denver,82.3,Kindergarten
11294,Public School,Joe Shoemaker School,,Denver,77.2,All ages
11295,Public School,John F Kennedy High School,,Denver,96.9,All ages
11296,Public School,John Mall High School,,Huerfano,92.2,All ages
11297,Public School,John W Thimmig Elementary School,,Adams,96.9,Kindergarten
11297,Public School,John W Thimmig Elementary School,,Adams,94.5,All ages
11298,Public School,John Wesley Powell Middle School,,Arapahoe,98.2,All ages
11299,Public School,Johnson Elementary School,,Montrose,88.7,Kindergarten
11299,Public School,Johnson Elementary School,,Montrose,93.1,All ages
11300,Public School,Johnson Elementary School,,Denver,83.6,Kindergarten
11300,Public School,Johnson Elementary School,,Denver,91.6,All ages
11301,Public School,Johnson Elementary School,,Larimer,88.2,Kindergarten
11301,Public School,Johnson Elementary School,,Larimer,96.8,All ages
11302,Public School,Jordahl Elementary School,,El Paso,89.5,Kindergarten
11302,Public School,Jordahl Elementary School,,El Paso,92.3,All ages
11303,Public School,Josephine Hodgkins Elementary School,,Adams,100.0,Kindergarten
11303,Public School,Josephine Hodgkins Elementary School,,Adams,99.8,All ages
11304,Public School,Journey Program,,Larimer,100.0,All ages
11305,Public School,Julesburg Elementary School,,Sedgwick,90.9,Kindergarten
11305,Public School,Julesburg Elementary School,,Sedgwick,95.9,All ages
11306,Public School,Julesburg High School,,Sedgwick,98.6,All ages
11308,Public School,Juniper Ridge Community School,,Mesa,72.9,Kindergarten
11308,Public School,Juniper Ridge Community School,,Mesa,83.8,All ages
11309,Public School,Justice High Charter School,,Boulder,87.5,All ages
11310,Public School,Justice High School Denver,,Denver,91.4,All ages
11311,Public School,Kaiser Elementary School,,Denver,90.0,Kindergarten
11311,Public School,Kaiser Elementary School,,Denver,94.2,All ages
11312,Public School,Karval Elementary School,,Lincoln,100.0,Kindergarten
11312,Public School,Karval Elementary School,,Lincoln,100.0,All ages
11313,Public School,Karval Junior-Senior High School,,Lincoln,100.0,Kindergarten
11313,Public School,Karval Junior-Senior High School,,Lincoln,100.0,All ages
11314,Public School,Kathryn Senor Elementary School,,Garfield,100.0,Kindergarten
11314,Public School,Kathryn Senor Elementary School,,Garfield,94.3,All ages
11315,Public School,Kearney Middle School,,Adams,98.3,All ages
11316,Public School,Keller Elementary School,,El Paso,84.2,Kindergarten
11316,Public School,Keller Elementary School,,El Paso,88.9,All ages
11317,Public School,Kemp Elementary School,,Adams,94.6,Kindergarten
11317,Public School,Kemp Elementary School,,Adams,98.4,All ages
11318,Public School,Kemper Elementary School,,Montezuma,93.8,Kindergarten
11318,Public School,Kemper Elementary School,,Montezuma,93.2,All ages
11319,Public School,Ken Caryl Middle School,,Jefferson,97.5,All ages
11320,Public School,Kendallvue Elementary School,,Jefferson,94.6,Kindergarten
11320,Public School,Kendallvue Elementary School,,Jefferson,95.3,All ages
11321,Public School,Kendrick Lakes Elementary School,,Jefferson,94.1,Kindergarten
11321,Public School,Kendrick Lakes Elementary School,,Jefferson,95.8,All ages
11322,Public School,Kenneth P Morris Elementary School,,Yuma,95.5,Kindergarten
11322,Public School,Kenneth P Morris Elementary School,,Yuma,96.2,All ages
11323,Public School,Kenton Elementary School,,Arapahoe,80.3,Kindergarten
11323,Public School,Kenton Elementary School,,Arapahoe,90.9,All ages
11324,Public School,Kepner Beacon Middle School,,Denver,88.9,All ages
11326,Public School,Kim K-12 Schools,,Las Animas,100.0,Kindergarten
11326,Public School,Kim K-12 Schools,,Las Animas,85.7,All ages
11327,Public School,Kinard Core Knowledge Middle School,,Larimer,98.2,All ages
11329,Public School,King-Murphy Elementary School,,Clear Creek,62.5,Kindergarten
11329,Public School,King-Murphy Elementary School,,Clear Creek,85.0,All ages
11330,Public School,Kiowa Elementary School,,Elbert,90.5,Kindergarten
11330,Public School,Kiowa Elementary School,,Elbert,95.7,All ages
11331,Public School,Kiowa High School,,Elbert,90.5,Kindergarten
11331,Public School,Kiowa High School,,Elbert,95.7,All ages
11332,Public School,Kiowa Middle School,,Elbert,90.5,Kindergarten
11332,Public School,Kiowa Middle School,,Elbert,95.7,All ages
11333,Public School,Kipp Denver Collegiate High School,,Denver,95.7,All ages
11334,Public School,Westview Middle School,,Boulder,97.0,All ages
11335,Public School,Wheat Ridge High School,,Jefferson,93.1,All ages
11336,Public School,Clara Brown Entrepreneurial Academy,,Arapahoe,93.2,Kindergarten
11336,Public School,Clara Brown Entrepreneurial Academy,,Arapahoe,94.8,All ages
11337,Public School,Whittier Elementary School,,Boulder,92.1,Kindergarten
11337,Public School,Whittier Elementary School,,Boulder,95.3,All ages
11338,Public School,Whittier K-8 School,,Denver,95.0,Kindergarten
11338,Public School,Whittier K-8 School,,Denver,89.7,All ages
11339,Public School,Widefield Elementary School of The Arts,,El Paso,79.7,Kindergarten
11339,Public School,Widefield Elementary School of The Arts,,El Paso,89.9,All ages
11340,Public School,Widefield High School,,El Paso,93.0,All ages
11341,Public School,Wiggins K-12 Schools,,Morgan,93.3,Kindergarten
11341,Public School,Wiggins K-12 Schools,,Morgan,95.7,All ages
11342,Public School,Wildcat Mountain Elementary School,,Douglas,95.9,Kindergarten
11342,Public School,Wildcat Mountain Elementary School,,Douglas,96.4,All ages
11343,Public School,Wilder Elementary School,,Arapahoe,97.0,Kindergarten
11343,Public School,Wilder Elementary School,,Arapahoe,97.5,All ages
11344,Public School,Wildflower Elementary School,,El Paso,61.1,Kindergarten
11344,Public School,Wildflower Elementary School,,El Paso,80.6,All ages
11345,Public School,Wiley K-12 Schools,,Prowers,100.0,Kindergarten
11345,Public School,Wiley K-12 Schools,,Prowers,98.5,All ages
11346,Public School,William Roberts K-8 School,,Denver,99.0,Kindergarten
11346,Public School,William Roberts K-8 School,,Denver,99.3,All ages
11347,Public School,William Smith High School,,Arapahoe,99.3,All ages
11348,Public School,Willow Creek Elementary School,,Arapahoe,89.6,Kindergarten
11348,Public School,Willow Creek Elementary School,,Arapahoe,96.1,All ages
11350,Private School,Kent Denver School,,Arapahoe,99.4,All ages
11352,Public School,Wilmot Elementary School,,Jefferson,95.3,Kindergarten
11352,Public School,Wilmot Elementary School,,Jefferson,96.3,All ages
11353,Public School,Wilson Elementary School,,El Paso,81.6,Kindergarten
11353,Public School,Wilson Elementary School,,El Paso,84.0,All ages
11354,Public School,Windsor Charter Academy - Elementary,,Weld,90.0,Kindergarten
11354,Public School,Windsor Charter Academy - Elementary,,Weld,95.0,All ages
11355,Public School,Windsor Charter Academy Middle School,,Weld,97.1,All ages
11356,Public School,Windsor High School,,Weld,95.8,All ages
11357,Public School,Windsor Middle School,,Weld,96.4,All ages
11358,Public School,Wingate Elementary School,,Mesa,91.7,Kindergarten
11358,Public School,Wingate Elementary School,,Mesa,94.5,All ages
11359,Public School,Winograd K-8 Elementary School,,Weld,100.0,Kindergarten
11359,Public School,Winograd K-8 Elementary School,,Weld,99.0,All ages
11360,Public School,Winona Elementary School,,Larimer,95.0,Kindergarten
11360,Public School,Winona Elementary School,,Larimer,93.7,All ages
11362,Public School,Bishop Elementary School,,Arapahoe,76.5,Kindergarten
11362,Public School,Bishop Elementary School,,Arapahoe,87.3,All ages
11363,Public School,Woodglen Elementary School,,Adams,94.2,Kindergarten
11363,Public School,Woodglen Elementary School,,Adams,96.4,All ages
11366,Public School,Woodlin Elementary School,,Washington,33.3,Kindergarten
11366,Public School,Woodlin Elementary School,,Washington,80.0,All ages
11367,Public School,Woodlin Undivided High School,,Washington,100.0,All ages
11368,Public School,Woodmen Hills Elementary School,,El Paso,94.9,Kindergarten
11368,Public School,Woodmen Hills Elementary School,,El Paso,96.3,All ages
11369,Public School,Woodmen-Roberts Elementary School,,El Paso,87.5,Kindergarten
11369,Public School,Woodmen-Roberts Elementary School,,El Paso,91.4,All ages
11370,Public School,Woodrow Wilson Charter Academy,,Jefferson,72.2,Kindergarten
11370,Public School,Woodrow Wilson Charter Academy,,Jefferson,83.7,All ages
11372,Public School,World Compass Academy,,Douglas,91.7,Kindergarten
11372,Public School,World Compass Academy,,Douglas,92.4,All ages
11373,Public School,Wray K-12 Schools,,Yuma,100.0,Kindergarten
11373,Public School,Wray K-12 Schools,,Yuma,97.4,All ages
11374,Public School,Wyatt Academy,,Denver,53.7,Kindergarten
11374,Public School,Wyatt Academy,,Denver,78.1,All ages
11375,Public School,Yale Elementary School,,Arapahoe,87.0,Kindergarten
11375,Public School,Yale Elementary School,,Arapahoe,95.0,All ages
11376,Public School,Yampa Valley High School,,Routt,100.0,All ages
11378,Public School,York International,,Adams,95.7,Kindergarten
11378,Public School,York International,,Adams,98.1,All ages
11380,Public School,Yuma High School,,Yuma,99.1,All ages
11381,Public School,Yuma Middle School,,Yuma,98.2,All ages
11382,Public School,Zach Elementary School,,Larimer,95.6,Kindergarten
11382,Public School,Zach Elementary School,,Larimer,97.5,All ages
11384,Private School,Zion Lutheran School,,Adams,92.0,Kindergarten
11384,Private School,Zion Lutheran School,,Adams,93.0,All ages
11387,Private School,Evangelical Christian Academy - Secondary Campus,,El Paso,85.1,All ages
11393,Private School,Redeemer Lutheran School,,Delta,92.9,Kindergarten
11393,Private School,Redeemer Lutheran School,,Delta,92.9,All ages
11398,Private School,Mullen High School,,Denver,97.7,All ages
11399,Private School,St Annes Episcopal,,Denver,100.0,Kindergarten
11399,Private School,St Annes Episcopal,,Denver,98.2,All ages
11400,Private School,St Johns Lutheran,,Denver,93.3,Kindergarten
11400,Private School,St Johns Lutheran,,Denver,95.1,All ages
11402,Private School,The Logan School For Creative Learning,,Denver,100.0,Kindergarten
11402,Private School,The Logan School For Creative Learning,,Denver,98.2,All ages
11407,Private School,Denver Academy Of Torah,,Denver,81.8,Kindergarten
11407,Private School,Denver Academy Of Torah,,Denver,83.4,All ages
11410,Private School,Hillel Academy,,Denver,71.9,Kindergarten
11410,Private School,Hillel Academy,,Denver,89.1,All ages
11416,Private School,Southeast Christian School,,Douglas,83.3,Kindergarten
11416,Private School,Southeast Christian School,,Douglas,87.4,All ages
11418,Private School,Cherry Hills Christian,,Douglas,75.4,Kindergarten
11418,Private School,Cherry Hills Christian,,Douglas,90.3,All ages
11423,Private School,Durango Montessori School,,La Plata,80.7,All ages
11424,Private School,Vail Christian Academy,,Eagle,38.5,Kindergarten
11424,Private School,Vail Christian Academy,,Eagle,70.1,All ages
11425,Private School,Vail Christian High School,,Eagle,83.3,All ages
11426,Private School,Vail Mountain School,,Eagle,100.0,Kindergarten
11426,Private School,Vail Mountain School,,Eagle,98.0,All ages
11432,Private School,Shepherd Of The Valley Lutheran School,,Jefferson,100.0,Kindergarten
11432,Private School,Shepherd Of The Valley Lutheran School,,Jefferson,88.0,All ages
11437,Private School,Alpine Valley School,,Jefferson,66.7,Kindergarten
11437,Private School,Alpine Valley School,,Jefferson,82.4,All ages
11439,Private School,Bethlehem Lutheran School,,Jefferson,90.0,Kindergarten
11439,Private School,Bethlehem Lutheran School,,Jefferson,95.9,All ages
11444,Private School,Front Range Christian School,,Jefferson,85.5,All ages
11445,Private School,Havern School,,Jefferson,100.0,Kindergarten
11445,Private School,Havern School,,Jefferson,98.7,All ages
11454,Private School,St. Peter Catholic School,,El Paso,93.3,Kindergarten
11454,Private School,St. Peter Catholic School,,El Paso,93.4,All ages
11455,Private School,Rock Solid Christian Academy,,Denver,100.0,Kindergarten
11455,Private School,Rock Solid Christian Academy,,Denver,73.4,All ages
11457,Private School,Ambleside School,,Arapahoe,93.8,Kindergarten
11457,Private School,Ambleside School,,Arapahoe,86.2,All ages
11458,Private School,Aspen Academy,,Arapahoe,95.8,Kindergarten
11458,Private School,Aspen Academy,,Arapahoe,97.4,All ages
11464,Private School,Intermountain Adventist Acadamy,,Mesa,100.0,Kindergarten
11464,Private School,Intermountain Adventist Acadamy,,Mesa,81.3,All ages
11470,Private School,Rivendell School,,Larimer,93.5,Kindergarten
11470,Private School,Rivendell School,,Larimer,95.6,All ages
11476,Private School,St Stephen Catholic School,,Garfield,66.7,Kindergarten
11476,Private School,St Stephen Catholic School,,Garfield,91.1,All ages
11477,Private School,Colorado Rocky Mountain School,,Garfield,88.2,All ages
11478,Private School,Cornerstone Classical School,,Eagle,44.4,Kindergarten
11478,Private School,Cornerstone Classical School,,Eagle,57.6,All ages
11481,Private School,Rocky Mountain Lutheran High School,,Adams,91.5,All ages
11483,Private School,Elmwood Baptist School,,Adams,30.0,Kindergarten
11483,Private School,Elmwood Baptist School,,Adams,31.1,All ages
11491,Private School,Boulder Valley Waldorf School,,Boulder,75.0,Kindergarten
11491,Private School,Boulder Valley Waldorf School,,Boulder,63.1,All ages
11496,Private School,Steamboat Mountain School,,Routt,71.4,Kindergarten
11496,Private School,Steamboat Mountain School,,Routt,94.2,All ages
11498,Private School,The Peak School,,Summit,97.6,All ages
11499,Private School,Telluride Mountain School,,San Miguel,66.7,Kindergarten
11499,Private School,Telluride Mountain School,,San Miguel,76.0,All ages
11500,Private School,Protestant Reformed Christian,,Larimer,75.0,Kindergarten
11500,Private School,Protestant Reformed Christian,,Larimer,91.3,All ages
11502,Private School,H.M.S. Richards Adventist,,Larimer,33.3,Kindergarten
11502,Private School,H.M.S. Richards Adventist,,Larimer,65.0,All ages
11503,Private School,Holy Trinity Academy,,Las Animas,90.0,All ages
11505,Private School,Belleview Christian School,,Adams,54.5,Kindergarten
11505,Private School,Belleview Christian School,,Adams,83.0,All ages
11507,Child Care/Preschool,St Louis Early Learning Center,,Boulder,93.8,Child Care/Preschool
11508,Child Care/Preschool,St Lukes Episcopal Preschool,,Larimer,100.0,Child Care/Preschool
11509,Child Care/Preschool,St Lukes Little School,,Douglas,95.6,Child Care/Preschool
11511,Child Care/Preschool,St Mary Catholic Preschool,,Arapahoe,83.5,Child Care/Preschool
11513,Child Care/Preschool,St Michael Archangel Preschool,,Arapahoe,100.0,Child Care/Preschool
11515,Child Care/Preschool,St Peter And Paul,,Jefferson,93.3,Child Care/Preschool
11516,Child Care/Preschool,St Philip Early Learning Center,,Jefferson,82.4,Child Care/Preschool
11519,Child Care/Preschool,St. Andrew Preschool,,Douglas,97.0,Child Care/Preschool
11523,Child Care/Preschool,St. Johns Early Learning Center,,Adams,100.0,Child Care/Preschool
11524,Child Care/Preschool,St. Mary Preschool,,Weld,96.8,Child Care/Preschool
11525,Child Care/Preschool,St. Peters Early Childhood Education Center,,El Paso,87.2,Child Care/Preschool
11526,Child Care/Preschool,St. Marys Academy Junior Kindergarten,,Arapahoe,95.1,Child Care/Preschool
11526,Child Care/Preschool,St. Marys Academy Junior Kindergarten,,Arapahoe,96.9,Kindergarten
11527,Child Care/Preschool,St. Rose Of Lima Preschool,,Denver,95.5,Child Care/Preschool
11529,Child Care/Preschool,St Therese Preschool,,Arapahoe,100.0,Child Care/Preschool
11530,Child Care/Preschool,St. Thomas More Preschool,,Arapahoe,95.3,Child Care/Preschool
11531,Child Care/Preschool,St. Vrain Community Montessori,,Boulder,100.0,Child Care/Preschool
11535,Child Care/Preschool,Stars Early Learning Center,,Adams,89.0,Child Care/Preschool
11537,Child Care/Preschool,Soda Creek Preschool,,Routt,92.0,Child Care/Preschool
11539,Child Care/Preschool,Steele School For Early Learning,,Jefferson,100.0,Child Care/Preschool
11541,Child Care/Preschool,Step By Step Child Development Center,,Adams,92.5,Child Care/Preschool
11542,Child Care/Preschool,Step By Step Learning Center,,Denver,100.0,Child Care/Preschool
11544,Child Care/Preschool,Stepping Stones,,Gunnison,98.2,Child Care/Preschool
11546,Child Care/Preschool,Sunflower Hill Child Care - Virginia Village,,Denver,100.0,Child Care/Preschool
11547,Child Care/Preschool,Stepping Stones Academy & Family Center,,Arapahoe,94.7,Child Care/Preschool
11548,Child Care/Preschool,Stepping Stones Day School Inc.,,Pueblo,100.0,Child Care/Preschool
11551,Child Care/Preschool,Cornerstone Kids Preschool,,Weld,68.2,Child Care/Preschool
11553,Child Care/Preschool,Stetson Hills Preschool Program,,El Paso,94.3,Child Care/Preschool
11554,Child Care/Preschool,Stevens Preschool,,Jefferson,91.2,Child Care/Preschool
11555,Child Care/Preschool,Stony Creek Preschool,,Jefferson,100.0,Child Care/Preschool
11556,Child Care/Preschool,Stott Preschool,,Jefferson,97.1,Child Care/Preschool
11557,Child Care/Preschool,Stove Prairie Alphabest Preschool,,Larimer,100.0,Child Care/Preschool
11558,Child Care/Preschool,Strasburg Elementary Preschool,,Adams,96.3,Child Care/Preschool
11560,Child Care/Preschool,Stratton Meadows Elementary Preschool (Cpcd),,El Paso,92.3,Child Care/Preschool
11561,Child Care/Preschool,Stratton R 4 Preschool,,Kit Carson,100.0,Child Care/Preschool
11562,Child Care/Preschool,Summer Valley City Of Aurora Preschool,,Arapahoe,100.0,Child Care/Preschool
11563,Child Care/Preschool,Summit County Preschool,,Summit,100.0,Child Care/Preschool
11564,Child Care/Preschool,Summit Cove Elementary Preschool,,Summit,100.0,Child Care/Preschool
11566,Child Care/Preschool,Summit Preschool,,Arapahoe,100.0,Child Care/Preschool
11568,Child Care/Preschool,Sunflower Montessori School Llc,,Jefferson,95.9,Child Care/Preschool
11569,Child Care/Preschool,Sunflower Preschool,,Boulder,100.0,Child Care/Preschool
11570,Child Care/Preschool,Sunnyside Preschool,,La Plata,92.9,Child Care/Preschool
11571,Child Care/Preschool,Sunrise Daycare & Preschool,,Arapahoe,92.0,Child Care/Preschool
11572,Child Care/Preschool,Sunrise Early Learning Center,,Boulder,100.0,Child Care/Preschool
11573,Child Care/Preschool,Sunrise Elementary Preschool,,Arapahoe,97.6,Child Care/Preschool
11574,Child Care/Preschool,Sunrise United Methodist Church Preschool,,El Paso,90.3,Child Care/Preschool
11575,Child Care/Preschool,Sunset Academy,,Boulder,100.0,Child Care/Preschool
11579,Child Care/Preschool,Sunshine Academy Llc,,Denver,100.0,Child Care/Preschool
11580,Child Care/Preschool,Sunshine House - Centerra,,Larimer,96.5,Child Care/Preschool
11581,Child Care/Preschool,Sunshine House - Mckee,,Larimer,100.0,Child Care/Preschool
11584,Child Care/Preschool,Superior Child Care Inc.,,Weld,100.0,Child Care/Preschool
11586,Child Care/Preschool,Sweet Pea Center For Early Learning,,Adams,91.2,Child Care/Preschool
11587,Child Care/Preschool,T.o.r. Child Development Center,,El Paso,100.0,Child Care/Preschool
11588,Child Care/Preschool,Take A Break,,Boulder,98.2,Child Care/Preschool
11588,Child Care/Preschool,Take A Break,,Boulder,88.9,Kindergarten
11589,Child Care/Preschool,Tatum Cpcd Preschool,,El Paso,88.2,Child Care/Preschool
11590,Child Care/Preschool,Susan M Duncan Family Ymca Child Care,,Jefferson,100.0,Child Care/Preschool
11591,Child Care/Preschool,Taylor Elementary Preschool,,Mesa,96.4,Child Care/Preschool
11592,Child Care/Preschool,Teaching Tree Early Childhood Learning Center - Lo,,Larimer,99.3,Child Care/Preschool
11593,Child Care/Preschool,Teaching Tree Early Childhood Learning Center - Fo,,Larimer,100.0,Child Care/Preschool
11594,Child Care/Preschool,Teddy Bear Preschool,,Montezuma,91.4,Child Care/Preschool
11595,Child Care/Preschool,Telluride Early Childhood Center,,San Miguel,96.2,Child Care/Preschool
11596,Child Care/Preschool,Telluride Preschool,,San Miguel,100.0,Child Care/Preschool
11597,Child Care/Preschool,Son Shine Inn,,Chaffee,81.8,Child Care/Preschool
11598,Child Care/Preschool,Temple Sinai Preschool,,Denver,100.0,Child Care/Preschool
11600,Child Care/Preschool,Tenderfoot Child & Family Dvlpmnt Ctr,,Gunnison,91.7,Child Care/Preschool
11601,Child Care/Preschool,Tennyson Knolls Preparatory Preschool,,Adams,100.0,Child Care/Preschool
11605,Child Care/Preschool,The Academy Ece Of Westminster,,Adams,100.0,Child Care/Preschool
11606,Child Care/Preschool,The Academy Pre-k,,Adams,92.5,Child Care/Preschool
11607,Child Care/Preschool,The Acorn School For Early Childhood Dev.,,Boulder,99.0,Child Care/Preschool
11611,Child Care/Preschool,The Center,,Lake,94.7,Child Care/Preschool
11612,Child Care/Preschool,The Childrens Academy & Child Care Center,,Arapahoe,100.0,Child Care/Preschool
11613,Child Care/Preschool,The Childrens Center Inc.,,Broomfield,95.1,Child Care/Preschool
11616,Child Care/Preschool,The Childrens Workshop @ Grant Street,,Larimer,93.8,Child Care/Preschool
11619,Child Care/Preschool,The Colorado Springs School Preschool,,El Paso,93.0,Child Care/Preschool
11620,Child Care/Preschool,Young Scholars Academy,,El Paso,80.1,Child Care/Preschool
11621,Child Care/Preschool,The Cottage Preschool,,Arapahoe,96.6,Child Care/Preschool
11624,Child Care/Preschool,The Cottage School North,,Boulder,100.0,Child Care/Preschool
11625,Child Care/Preschool,The Cubs Den,,Yuma,100.0,Child Care/Preschool
11626,Child Care/Preschool,The Da Vinci Academy Preschool,,El Paso,92.0,Child Care/Preschool
11627,Child Care/Preschool,The Denver Waldorf Preschool,,Denver,79.3,Child Care/Preschool
11627,Child Care/Preschool,The Denver Waldorf Preschool,,Denver,80.8,Kindergarten
11628,Child Care/Preschool,The Dragons Wagon,,Phillips,91.4,Child Care/Preschool
11629,Child Care/Preschool,The Early Learning Center,,El Paso,100.0,Child Care/Preschool
11632,Child Care/Preschool,The Family Learning Center,,Eagle,97.9,Child Care/Preschool
11633,Child Care/Preschool,Clayton Early Learning,,Denver,91.1,Child Care/Preschool
11634,Child Care/Preschool,The Garden Preschool of Lone Tree,,Douglas,92.5,Child Care/Preschool
11636,Child Care/Preschool,The Giving Tree Child Care Center & Preschool,,Fremont,91.4,Child Care/Preschool
11637,Child Care/Preschool,The Goddard School-COS.,,El Paso,100.0,Child Care/Preschool
11638,Child Care/Preschool,The Goddard School -14325 Orchard Parkway,,Broomfield,95.0,Child Care/Preschool
11639,Child Care/Preschool,The Goddard School - 6477 S Lima Street,,Arapahoe,100.0,Child Care/Preschool
11640,Child Care/Preschool,The Goddard School - 23905 East Arapahoe Road,,Arapahoe,99.2,Child Care/Preschool
11641,Child Care/Preschool,The Goddard School - 6427 Carmichael Street,,Larimer,96.6,Child Care/Preschool
11642,Child Care/Preschool,The Goddard School - 21805 East Quincy Avenue,,Arapahoe,98.7,Child Care/Preschool
11642,Child Care/Preschool,The Goddard School - 21805 East Quincy Avenue,,Arapahoe,100.0,Kindergarten
11643,Child Care/Preschool,The Goddard School of Lakewood - 12850 West Alamed,,Jefferson,100.0,Child Care/Preschool
11644,Child Care/Preschool,The Goddard School - 1400 South Emerson Street,,Denver,99.3,Child Care/Preschool
11645,Child Care/Preschool,The Goddard School of Centennial,,Arapahoe,100.0,Child Care/Preschool
11647,Child Care/Preschool,The Goddard School of Highlands Ranch,,Douglas,100.0,Child Care/Preschool
11648,Child Care/Preschool,The Goddard School - 380 Centennial Parkway,,Boulder,100.0,Child Care/Preschool
11650,Child Care/Preschool,The Goddard School Annex,,Douglas,96.1,Child Care/Preschool
11652,Child Care/Preschool,The Goddard School In Parker,,Douglas,94.8,Child Care/Preschool
11653,Child Care/Preschool,The Goddard School Of Arvada,,Jefferson,99.2,Child Care/Preschool
11654,Child Care/Preschool,The Goddard School Of Castle Rock,,Douglas,99.1,Child Care/Preschool
11656,Child Care/Preschool,1080 Learning Center,,Denver,100.0,Child Care/Preschool
11657,Child Care/Preschool,The Great Escape,,Jefferson,93.4,Child Care/Preschool
11658,Child Care/Preschool,The Growing Place,,La Plata,91.7,Child Care/Preschool
11660,Child Care/Preschool,The Lawton-Taylor Academy,,Arapahoe,96.8,Child Care/Preschool
11660,Child Care/Preschool,The Lawton-Taylor Academy,,Arapahoe,100.0,Kindergarten
11663,Child Care/Preschool,The Learning Experience - 4775 Boardwalk Drive,,Larimer,5.8,Child Care/Preschool
11665,Child Care/Preschool,The Learning Experience - Westminster,,Jefferson,99.3,Child Care/Preschool
11668,Child Care/Preschool,The Mcclelland School Preschool,,Pueblo,95.2,Child Care/Preschool
11671,Child Care/Preschool,The Ohana School Of Early Childhood,,Arapahoe,96.0,Child Care/Preschool
11672,Child Care/Preschool,The Patchwork School - 1428 Main Street,,Boulder,90.5,Child Care/Preschool
11674,Child Care/Preschool,The Rise School Of Denver,,Denver,100.0,Child Care/Preschool
11675,Child Care/Preschool,The Preschool Program At St Paul Catholic School,,El Paso,93.5,Child Care/Preschool
11678,Child Care/Preschool,The Springs Comm. Church Preschool,,El Paso,84.5,Child Care/Preschool
11681,Child Care/Preschool,The Sunshine House #27 - Ncmc,,Weld,95.6,Child Care/Preschool
11682,Child Care/Preschool,The Sunshine House Of Colorado State Univ,,Larimer,96.9,Child Care/Preschool
11684,Child Care/Preschool,The Vail Child Development Center,,Eagle,95.8,Child Care/Preschool
11685,Child Care/Preschool,The Village for Early Childhood Ed at Highland,,Arapahoe,97.2,Child Care/Preschool
11686,Child Care/Preschool,The Village Child Development Center,,Arapahoe,100.0,Child Care/Preschool
11686,Child Care/Preschool,The Village Child Development Center,,Arapahoe,100.0,Kindergarten
11688,Child Care/Preschool,Laurene Edmondson Elementary Preschool,,Larimer,96.3,Child Care/Preschool
11689,Child Care/Preschool,Sarah Milner Elementary Preschool,,Larimer,97.8,Child Care/Preschool
11690,Child Care/Preschool,Carrie Martin Elementary Preschool,,Larimer,93.8,Child Care/Preschool
11691,Child Care/Preschool,Berthoud Early Childhood,,Larimer,85.7,Child Care/Preschool
11693,Child Care/Preschool,Thompson Valley Preschool Inc.,,Larimer,94.5,Child Care/Preschool
11694,Child Care/Preschool,Thornton Community Center Preschool,,Adams,95.1,Child Care/Preschool
11695,Child Care/Preschool,Thornton Elementary Preschool,,Adams,100.0,Child Care/Preschool
11696,Child Care/Preschool,Three Bears Learning Center #1 Inc,,Arapahoe,98.6,Child Care/Preschool
11696,Child Care/Preschool,Three Bears Learning Center #1 Inc,,Arapahoe,100.0,Kindergarten
11697,Child Care/Preschool,Thunder Mountain Preschool,,Mesa,87.9,Child Care/Preschool
11700,Child Care/Preschool,Timberline Elementary Preschool,,Arapahoe,100.0,Child Care/Preschool
11701,Child Care/Preschool,Timberline Learning Center,,Summit,77.4,Child Care/Preschool
11702,Child Care/Preschool,Timberline Pk-8 Preschool,,Boulder,90.6,Child Care/Preschool
11703,Child Care/Preschool,Tiny Hands Daycare Center Inc.,,Costilla,82.4,Child Care/Preschool
11704,Child Care/Preschool,Tiny Hearts Academy - Edgewater,,Jefferson,95.2,Child Care/Preschool
11706,Child Care/Preschool,Tiny Minders Daycare Preschool,,Boulder,100.0,Child Care/Preschool
11708,Child Care/Preschool,Tiny Tots And Tumblers Preschool,,Adams,95.2,Child Care/Preschool
11709,Child Care/Preschool,Tiny Tots Meadowood Of Aurora,,Arapahoe,100.0,Child Care/Preschool
11710,Child Care/Preschool,Colorado Childrens Academy - 1840 E Boulder St,,El Paso,96.8,Child Care/Preschool
11711,Child Care/Preschool,Tope-prs,,Mesa,97.3,Child Care/Preschool
11712,Child Care/Preschool,Trailblazer Preschool,,Douglas,96.4,Child Care/Preschool
11714,Child Care/Preschool,Trails West Preschool,,Arapahoe,86.8,Child Care/Preschool
11715,Child Care/Preschool,Treasureland Preschool,,Denver,92.6,Child Care/Preschool
11717,Child Care/Preschool,Treehouse Learning,,Boulder,90.7,Child Care/Preschool
11717,Child Care/Preschool,Treehouse Learning,,Boulder,100.0,Kindergarten
11718,Child Care/Preschool,Treehouse Montessori,,Larimer,93.3,Child Care/Preschool
11719,Child Care/Preschool,Tri Lakes Community Preschool,,El Paso,92.5,Child Care/Preschool
11720,Child Care/Preschool,Trinidad High School Day Care,,Las Animas,85.7,Child Care/Preschool
11721,Child Care/Preschool,Trinity Lutheran Church (tlc) Preschool,,Larimer,90.0,Child Care/Preschool
11723,Child Care/Preschool,Trinity Lutheran Preschool - 732 Clark Street,,Logan,96.9,Child Care/Preschool
11724,Child Care/Preschool,Trinity Lutheran Preschool - 3333 North Duffield A,,Larimer,85.6,Child Care/Preschool
11726,Child Care/Preschool,Trinity Lutheran Preschool/daycare,,Pueblo,86.2,Child Care/Preschool
11728,Child Care/Preschool,Trinity Lutheran School Preschool - Franktown,,Douglas,70.3,Child Care/Preschool
11729,Child Care/Preschool,Trinity Lutheran Preschool,,Weld,84.0,Child Care/Preschool
11732,Child Care/Preschool,Turman Elementary Preschool (Cpcd),,El Paso,98.7,Child Care/Preschool
11734,Child Care/Preschool,Childrens Discovery Ranch,,Chaffee,82.9,Child Care/Preschool
11739,Child Care/Preschool,University of Colorado Family Housing Childrens C,,Boulder,100.0,Child Care/Preschool
11740,Child Care/Preschool,Fremont County Head Start,,Fremont,95.6,Child Care/Preschool
11741,Child Care/Preschool,Upper Blue Elementary Preschool,,Summit,92.7,Child Care/Preschool
11742,Child Care/Preschool,USAA Child Development Center,,El Paso,97.1,Child Care/Preschool
11743,Child Care/Preschool,Ute Pass Community Preschool,,El Paso,80.0,Child Care/Preschool
11744,Child Care/Preschool,Vail Child Care/Eagle Valley Child Care Assoc,,Eagle,96.2,Child Care/Preschool
11747,Child Care/Preschool,Van Arsdale Preschool,,Jefferson,93.1,Child Care/Preschool
11748,Child Care/Preschool,Vassar Elementary Preschool,,Arapahoe,100.0,Child Care/Preschool
11749,Child Care/Preschool,Vaughn Elementary Preschool,,Arapahoe,100.0,Child Care/Preschool
11750,Child Care/Preschool,Venture For Success,,Denver,100.0,Child Care/Preschool
11753,Child Care/Preschool,Victory Montessori And Childcare,,Jefferson,98.7,Child Care/Preschool
11753,Child Care/Preschool,Victory Montessori And Childcare,,Jefferson,100.0,Kindergarten
11756,Child Care/Preschool,Village Green Preschool,,Arapahoe,100.0,Child Care/Preschool
11757,Child Care/Preschool,Waterstone Preschool,,Jefferson,97.5,Child Care/Preschool
11758,Child Care/Preschool,We Kare-a-lot Preschool,,Mesa,93.6,Child Care/Preschool
11759,Child Care/Preschool,Creative Play Centers & Adventure Clubs,,El Paso,100.0,Child Care/Preschool
11761,Child Care/Preschool,Vine Street Preschool Inc,,Denver,100.0,Child Care/Preschool
11762,Child Care/Preschool,Vineland Elementary Preschool,,Pueblo,96.6,Child Care/Preschool
11763,Child Care/Preschool,Virginia Court Elementary Preschool,,Arapahoe,95.8,Child Care/Preschool
11764,Child Care/Preschool,Vista Kids Preschool,,El Paso,81.8,Child Care/Preschool
11765,Child Care/Preschool,Vista Peak Preschool,,Arapahoe,96.7,Child Care/Preschool
11766,Child Care/Preschool,Vista Ridge Academy Preschool,,Weld,88.2,Child Care/Preschool
11770,Child Care/Preschool,North Park Preschool,,Jackson,85.7,Child Care/Preschool
11771,Child Care/Preschool,Waldorf School on The Roaring Fork Preschool,,Garfield,68.1,Child Care/Preschool
11771,Child Care/Preschool,Waldorf School on The Roaring Fork Preschool,,Garfield,78.4,Kindergarten
11772,Child Care/Preschool,Whee Preschool - Walnut Hills Early Education,,Arapahoe,94.6,Child Care/Preschool
11773,Child Care/Preschool,Walnut Hills Elementary Preschool,,Arapahoe,92.3,Child Care/Preschool
11774,Child Care/Preschool,Walsh Re 1 Preschool,,Baca,88.9,Child Care/Preschool
11775,Child Care/Preschool,Warder Preschool,,Jefferson,98.1,Child Care/Preschool
11776,Child Care/Preschool,Warren Village Learning Center I,,Denver,95.9,Child Care/Preschool
11778,Child Care/Preschool,Washington Park Early Learning Center,,Denver,98.5,Child Care/Preschool
11780,Child Care/Preschool,Washington Street Community Center,,Denver,100.0,Child Care/Preschool
11782,Child Care/Preschool,Wee Blew Inn,,Kit Carson,89.5,Child Care/Preschool
11783,Child Care/Preschool,Wee Care In Lake City,,Hinsdale,77.8,Child Care/Preschool
11785,Child Care/Preschool,Wee Love Preschool,,Weld,100.0,Child Care/Preschool
11787,Child Care/Preschool,Weikel Elementary Preschool,,El Paso,95.0,Child Care/Preschool
11788,Child Care/Preschool,Welby Community Preschool,,Adams,96.0,Child Care/Preschool
11789,Child Care/Preschool,Welchester Preschool,,Jefferson,96.9,Child Care/Preschool
11790,Child Care/Preschool,Welcome Home Child & Family Dev Center,,Prowers,96.4,Child Care/Preschool
11792,Child Care/Preschool,Weldon Valley Preschool,,Morgan,94.4,Child Care/Preschool
11793,Child Care/Preschool,Wellshire Parents Day Out,,Denver,100.0,Child Care/Preschool
11794,Child Care/Preschool,West Elementary Preschool,,El Paso,56.3,Child Care/Preschool
11795,Child Care/Preschool,West Jefferson Preschool,,Jefferson,86.7,Child Care/Preschool
11796,Child Care/Preschool,Westgate Preschool,,Jefferson,90.3,Child Care/Preschool
11797,Child Care/Preschool,Westminster Academy for International Studies - Pr,,Adams,92.9,Child Care/Preschool
11798,Child Care/Preschool,Thomas Learning Centers - Westminster Learning Cen,,Adams,96.8,Child Care/Preschool
11799,Child Care/Preschool,Westminster Swim & Fitness Center Preschool,,Adams,92.3,Child Care/Preschool
11800,Child Care/Preschool,Westminster Pr&l - 10455 North Sheridan Boulevard,,Jefferson,100.0,Child Care/Preschool
11803,Child Care/Preschool,Westview Elementary Preschool,,Adams,97.8,Child Care/Preschool
11807,Child Care/Preschool,11th Avenue Head Start,,Jefferson,95.7,Child Care/Preschool
11808,Child Care/Preschool,Brantner Elementary Preschool,,Adams,90.7,Child Care/Preschool
11809,Child Care/Preschool,4 Seasons Early Learning Center,,Adams,95.8,Child Care/Preschool
11811,Child Care/Preschool,The Applewood School,,Jefferson,98.1,Child Care/Preschool
11813,Child Care/Preschool,ABC West Child Development Center,,Weld,90.3,Child Care/Preschool
11815,Child Care/Preschool,A Childs Place In Edgewater,,Jefferson,95.1,Child Care/Preschool
11816,Child Care/Preschool,A Childs Touch,,Adams,96.6,Child Care/Preschool
11816,Child Care/Preschool,A Childs Touch,,Adams,100.0,Kindergarten
11818,Child Care/Preschool,A New Generation Childcare Preschool,,Broomfield,95.0,Child Care/Preschool
11820,Child Care/Preschool,A Plus Learning Center Dba Imagination Plus,,Arapahoe,91.9,Child Care/Preschool
11823,Child Care/Preschool,ABC Central Child Development Center,,Weld,84.7,Child Care/Preschool
11828,Child Care/Preschool,Abcs East Cpp,,Weld,52.0,Child Care/Preschool
11829,Child Care/Preschool,Scott Preschool,,Weld,96.2,Child Care/Preschool
11830,Child Care/Preschool,Abiding Hope Preschool Inc,,Jefferson,94.0,Child Care/Preschool
11830,Child Care/Preschool,Abiding Hope Preschool Inc,,Jefferson,66.7,Kindergarten
11833,Child Care/Preschool,Academy 360,,Denver,89.2,Child Care/Preschool
11836,Child Care/Preschool,Active Learners Academy,,Arapahoe,96.8,Child Care/Preschool
11837,Child Care/Preschool,Active Learning Center,,Denver,100.0,Child Care/Preschool
11838,Child Care/Preschool,Active Louisville Kids Llc,,Boulder,98.0,Child Care/Preschool
11840,Child Care/Preschool,Adams 12 Five Star Schools Riverdale Preschool,,Adams,100.0,Child Care/Preschool
11841,Child Care/Preschool,Mountain View Elem Deaf and Hard of Hearing Presch,,Broomfield,95.7,Child Care/Preschool
11842,Child Care/Preschool,Harris Park Elementary Preschool,,Adams,100.0,Child Care/Preschool
11843,Child Care/Preschool,Creekside Head Start,,Adams,100.0,Child Care/Preschool
11844,Child Care/Preschool,Rainbow Head Start,,Adams,100.0,Child Care/Preschool
11845,Child Care/Preschool,Mesa Elementary Preschool,,Adams,100.0,Child Care/Preschool
11846,Child Care/Preschool,Sunshine Head Start,,Adams,100.0,Child Care/Preschool
11847,Child Care/Preschool,North Mor Elementary Preschool,,Adams,100.0,Child Care/Preschool
11848,Child Care/Preschool,Addenbrooke Classical Academy Preschool,,Jefferson,91.8,Child Care/Preschool
11849,Child Care/Preschool,Advantage Learning Center,,Jefferson,97.3,Child Care/Preschool
11851,Child Care/Preschool,Adventure Elementary Preschool,,Adams,96.2,Child Care/Preschool
11852,Child Care/Preschool,Adventure Montessori Learning Preschool,,Boulder,82.2,Child Care/Preschool
11852,Child Care/Preschool,Adventure Montessori Learning Preschool,,Boulder,100.0,Kindergarten
11856,Child Care/Preschool,Aguilar Preschool,,Las Animas,70.0,Child Care/Preschool
11856,Child Care/Preschool,Aguilar Preschool,,Las Animas,80.0,Kindergarten
11858,Child Care/Preschool,Akron Preschool,,Washington,100.0,Child Care/Preschool
11858,Child Care/Preschool,Akron Preschool,,Washington,100.0,Kindergarten
11859,Child Care/Preschool,Akron United Methodist Church Head Start,,Washington,94.6,Child Care/Preschool
11860,Child Care/Preschool,Alaya Preschool Kindergarten,,Boulder,80.4,Child Care/Preschool
11862,Child Care/Preschool,All Souls Early Learning Center,,Arapahoe,96.1,Child Care/Preschool
11865,Child Care/Preschool,Alpine Elementary Preschool,,Boulder,92.0,Child Care/Preschool
11866,Child Care/Preschool,Altura Elementary Preschool,,Adams,98.3,Child Care/Preschool
11867,Child Care/Preschool,American Academy Kindie Prep - All Campuses,,Douglas,99.1,Child Care/Preschool
11868,Child Care/Preschool,Anchor Center For Blind Children,,Denver,100.0,Child Care/Preschool
11871,Child Care/Preschool,Animas Valley Preschool,,La Plata,92.3,Child Care/Preschool
11872,Child Care/Preschool,Apple Tree Christian Preschool & Kindergarten,,Broomfield,92.6,Child Care/Preschool
11872,Child Care/Preschool,Apple Tree Christian Preschool & Kindergarten,,Broomfield,81.8,Kindergarten
11873,Child Care/Preschool,Appleton - Elp,,Mesa,96.4,Child Care/Preschool
11874,Child Care/Preschool,Aps Early Beginnings Zoom Site,,Arapahoe,91.3,Child Care/Preschool
11876,Child Care/Preschool,Arickaree Preschool,,Washington,88.9,Child Care/Preschool
11877,Child Care/Preschool,Arkansas Elementary Preschool,,Arapahoe,96.8,Child Care/Preschool
11878,Child Care/Preschool,Arriba Flagler Csd 20 Preschool,,Kit Carson,94.3,Child Care/Preschool
11879,Child Care/Preschool,Arrowhead Preschool,,Douglas,93.0,Child Care/Preschool
11880,Child Care/Preschool,Arts And Imagination,,Larimer,100.0,Child Care/Preschool
11881,Child Care/Preschool,Ascension Childrens Learning Center,,El Paso,83.3,Child Care/Preschool
11882,Child Care/Preschool,Ascension Lutheran Extended Day Preschool,,Arapahoe,85.7,Child Care/Preschool
11883,Child Care/Preschool,Ascension Preschool,,Pueblo,97.8,Child Care/Preschool
11884,Child Care/Preschool,Aspen Academy Preschool,,Arapahoe,93.8,Child Care/Preschool
11886,Child Care/Preschool,Aspen Country Day Prekindergarten,,Pitkin,97.7,Child Care/Preschool
11887,Child Care/Preschool,Authentic Life Early Learning Center,,Jefferson,97.1,Child Care/Preschool
11888,Child Care/Preschool,Aspen Creek Preschool,,Broomfield,96.8,Child Care/Preschool
11889,Child Care/Preschool,Aspen Crossing Preschool,,Arapahoe,92.3,Child Care/Preschool
11890,Child Care/Preschool,New Explorers Learning Center,,Boulder,84.6,Child Care/Preschool
11892,Child Care/Preschool,Aspen Ridge Preparatory Preschool,,Weld,93.5,Child Care/Preschool
11893,Child Care/Preschool,Aspen School District Preschool,,Pitkin,88.0,Child Care/Preschool
11895,Child Care/Preschool,Aspen View Academy,,Douglas,93.2,Child Care/Preschool
11896,Child Care/Preschool,Assumption Catholic Preschool,,Adams,100.0,Child Care/Preschool
11896,Child Care/Preschool,Assumption Catholic Preschool,,Adams,81.3,Kindergarten
11899,Child Care/Preschool,Augustana Early Learning Center,,Denver,100.0,Child Care/Preschool
11901,Child Care/Preschool,Augustine Classical Preschool - 480 South Kipling,,Jefferson,76.4,Child Care/Preschool
11902,Child Care/Preschool,Auraria Early Learning Center,,Denver,97.6,Child Care/Preschool
11902,Child Care/Preschool,Auraria Early Learning Center,,Denver,100.0,Kindergarten
11903,Child Care/Preschool,Aurora Frontier K-8 Preschool,,Arapahoe,93.3,Child Care/Preschool
11904,Child Care/Preschool,Aurora Kids Learning Center,,Arapahoe,100.0,Child Care/Preschool
11905,Child Care/Preschool,Ave Maria Catholic Preschool,,Douglas,94.2,Child Care/Preschool
11911,Child Care/Preschool,Avondale Elementary Preschool,,Pueblo,100.0,Child Care/Preschool
11914,Child Care/Preschool,Back To Basics Child Care Center,,Boulder,93.0,Child Care/Preschool
11915,Child Care/Preschool,Backpack Early Learning Academy @ Hotchkiss K-8,,Delta,90.9,Child Care/Preschool
11916,Child Care/Preschool,Bal Swan Childrens Center Preschool,,Broomfield,97.2,Child Care/Preschool
11917,Child Care/Preschool,Bayfield Early Education Programs,,La Plata,81.4,Child Care/Preschool
11918,Child Care/Preschool,Bear Creek Early Child Hood Center,,El Paso,98.6,Child Care/Preschool
11922,Child Care/Preschool,Beech Street Preschool,,Montezuma,85.5,Child Care/Preschool
11923,Child Care/Preschool,Bela Family Learning Center,,Delta,86.2,Child Care/Preschool
11925,Child Care/Preschool,Belleview Christian Child Care Center,,Adams,82.2,Child Care/Preschool
11926,Child Care/Preschool,Belmont Preschool,,Pueblo,93.3,Child Care/Preschool
11927,Child Care/Preschool,Ben Franklin Academy Preschool,,Douglas,84.1,Child Care/Preschool
11929,Child Care/Preschool,Bennett School District 29J Preschool,,Adams,96.4,Child Care/Preschool
11931,Child Care/Preschool,Bergen Meadow Preschool,,Jefferson,98.2,Child Care/Preschool
11932,Child Care/Preschool,Berthoud Elementary Preschool,,Larimer,93.1,Child Care/Preschool
11933,Child Care/Preschool,Bessemer Preschool,,Pueblo,92.9,Child Care/Preschool
11934,Child Care/Preschool,Bethany Busy Bee Preschool,,Arapahoe,80.2,Child Care/Preschool
11934,Child Care/Preschool,Bethany Busy Bee Preschool,,Arapahoe,77.8,Kindergarten
11935,Child Care/Preschool,Bethany Early Childhood Center,,Arapahoe,95.7,Child Care/Preschool
11938,Child Care/Preschool,Bethlehem Lutheran Preschool,,Jefferson,92.2,Child Care/Preschool
11939,Child Care/Preschool,Bethune Preschool,,Kit Carson,80.0,Child Care/Preschool
11940,Child Care/Preschool,Betty Adams Preschool,,Jefferson,96.8,Child Care/Preschool
11941,Child Care/Preschool,Beulah Heights Elementary Preschool,,Pueblo,100.0,Child Care/Preschool
11942,Child Care/Preschool,Bevs Little Tots Learning Center,,Adams,80.8,Child Care/Preschool
11943,Child Care/Preschool,Big Sandy Preschool,,Elbert,96.6,Child Care/Preschool
11944,Child Care/Preschool,Bixby Preschool,,Boulder,100.0,Child Care/Preschool
11945,Child Care/Preschool,Black Forest Hills Preschool,,Arapahoe,97.7,Child Care/Preschool
11946,Child Care/Preschool,Black Rock Elementary Preschool,,Weld,97.0,Child Care/Preschool
11947,Child Care/Preschool,Blessed Sacrament Catholic Preschool,,Denver,97.9,Child Care/Preschool
11948,Child Care/Preschool,Blooming Littles Learning Center,,Weld,91.4,Child Care/Preschool
11949,Child Care/Preschool,Blue Heron Preschool,,Jefferson,100.0,Child Care/Preschool
11950,Child Care/Preschool,Blue Lake Preschool,,Eagle,96.0,Child Care/Preschool
11952,Child Care/Preschool,Blue Mountain Elementary Preschool,,Boulder,96.4,Child Care/Preschool
11954,Child Care/Preschool,Blue Skies Exploration Academy,,El Paso,100.0,Child Care/Preschool
11955,Child Care/Preschool,The Goddard School of Littleton,,Jefferson,94.3,Child Care/Preschool
11957,Child Care/Preschool,Bmh-bj Preschool,,Denver,98.8,Child Care/Preschool
11958,Child Care/Preschool,Golden Mountain Montessori Preschool,,El Paso,100.0,Child Care/Preschool
11959,Child Care/Preschool,Boston K-8 Preschool,,Arapahoe,100.0,Child Care/Preschool
11961,Child Care/Preschool,Boulder Country Day Preschool,,Boulder,95.7,Child Care/Preschool
11962,Child Care/Preschool,Boulder County Head Start - 2800 Dagny Way,,Boulder,28.9,Child Care/Preschool
11963,Child Care/Preschool,Boulder County Head Start - 2675 Mapleton Avenue,,Boulder,18.8,Child Care/Preschool
11965,Child Care/Preschool,Boulder Day Nursery,,Boulder,95.3,Child Care/Preschool
11966,Child Care/Preschool,Boulder Journey School,,Boulder,96.8,Child Care/Preschool
11967,Child Care/Preschool,Boulder Montessori School,,Boulder,96.4,Child Care/Preschool
11969,Child Care/Preschool,BVSD Alicia Sanchez International Preschool,,Boulder,96.9,Child Care/Preschool
11970,Child Care/Preschool,Boulder Valley Waldorf Preschool,,Boulder,76.9,Child Care/Preschool
11971,Child Care/Preschool,Boulder Waldorf Kindergarten,,Boulder,81.0,Child Care/Preschool
11972,Child Care/Preschool,Bradford Preschool,,Pueblo,96.7,Child Care/Preschool
11973,Child Care/Preschool,Breckenridge Montessori,,Summit,100.0,Child Care/Preschool
11975,Child Care/Preschool,Briggsdale Preschool,,Weld,87.5,Child Care/Preschool
11976,Child Care/Preschool,Bright Academy,,Arapahoe,97.6,Child Care/Preschool
11978,Child Care/Preschool,Bright Beginnings Learning Center,,Arapahoe,86.1,Child Care/Preschool
11980,Child Care/Preschool,Bright Horizons At The Ranch Reserve Llc,,Adams,100.0,Child Care/Preschool
11981,Child Care/Preschool,Bright Horizons Childrens Centers Llc - 3513 Rich,,Larimer,100.0,Child Care/Preschool
11982,Child Care/Preschool,Bright Horizons Childrens Centers Llc - 3507 Rich,,Larimer,100.0,Child Care/Preschool
11983,Child Care/Preschool,Bright Horizons Childrens Centers Inc.,,Larimer,100.0,Child Care/Preschool
11984,Child Care/Preschool,Bright Horizons Childrens Centers Llc - 2815 Iow,,Larimer,98.9,Child Care/Preschool
11988,Child Care/Preschool,Bright Horizons Montessori @ Fiddlers Green,,Arapahoe,95.2,Child Care/Preschool
11989,Child Care/Preschool,Bright Horizons Montessori At Greenwood Plaza,,Arapahoe,94.4,Child Care/Preschool
11990,Child Care/Preschool,Bright Horizons/montessori @ Interlocken,,Broomfield,100.0,Child Care/Preschool
11992,Child Care/Preschool,Bright Horizons/montessori On The Mall,,Denver,100.0,Child Care/Preschool
11994,Child Care/Preschool,Bright Stars Child Care And Preschool,,Arapahoe,100.0,Child Care/Preschool
11996,Child Care/Preschool,Adams County Head Start - Brighton Head Start,,Adams,100.0,Child Care/Preschool
11999,Child Care/Preschool,Broadway Preschool,,Mesa,91.3,Child Care/Preschool
12003,Child Care/Preschool,Brush Creek Elementary Preschool,,Eagle,100.0,Child Care/Preschool
12004,Child Care/Preschool,Brush Preschool,,Morgan,95.9,Child Care/Preschool
12004,Child Care/Preschool,Brush Preschool,,Morgan,95.6,Kindergarten
12005,Child Care/Preschool,Buena Vista Elementary Preschool,,El Paso,80.6,Child Care/Preschool
12006,Child Care/Preschool,Buffalo Ridge Elementary Preschool,,Douglas,88.9,Child Care/Preschool
12008,Child Care/Preschool,Building Blocks - 34 Montebello Road,,Pueblo,97.8,Child Care/Preschool
12010,Child Care/Preschool,Bullpup Preschool,,Phillips,100.0,Child Care/Preschool
12011,Child Care/Preschool,Bundles Of Babies,,Adams,100.0,Child Care/Preschool
12012,Child Care/Preschool,Bundles Of Babies II,,Adams,100.0,Child Care/Preschool
12013,Child Care/Preschool,Burlington Elementary Preschool,,Kit Carson,98.4,Child Care/Preschool
12014,Child Care/Preschool,Burlington Elementary Preschool,,Boulder,100.0,Child Care/Preschool
12017,Child Care/Preschool,Busy Little Hands Early Learning Center,,Arapahoe,98.7,Child Care/Preschool
12019,Child Care/Preschool,Bvsd Birch Preschool,,Broomfield,100.0,Child Care/Preschool
12020,Child Care/Preschool,Nederland Elementary Preschool,,Boulder,92.9,Child Care/Preschool
12022,Child Care/Preschool,Lafayette Elementary Preschool,,Boulder,100.0,Child Care/Preschool
12023,Child Care/Preschool,Bvsd Emerald Preschool,,Broomfield,98.1,Child Care/Preschool
12024,Child Care/Preschool,Bvsd Heatherwood Preshool,,Boulder,96.2,Child Care/Preschool
12025,Child Care/Preschool,Bvsd Preschool @ Douglass,,Boulder,95.8,Child Care/Preschool
12026,Child Care/Preschool,Bvsd Preschool @ Monarch K-8,,Boulder,91.9,Child Care/Preschool
12028,Child Care/Preschool,Bvsd Preschool At Creekside,,Boulder,96.6,Child Care/Preschool
12029,Child Care/Preschool,Bvsd Preschool At University Hill,,Boulder,96.3,Child Care/Preschool
12030,Child Care/Preschool,Byers Sch Dst 32 J Early Childhood,,Arapahoe,97.4,Child Care/Preschool
12031,Child Care/Preschool,Cactus Valley Elementary Preschool,,Garfield,94.2,Child Care/Preschool
12033,Child Care/Preschool,Calhan Rjt 1 Preschool,,El Paso,82.4,Child Care/Preschool
12034,Child Care/Preschool,Caliche Little Buffs Day Care,,Logan,90.9,Child Care/Preschool
12037,Child Care/Preschool,Calvary Preschool,,El Paso,100.0,Child Care/Preschool
12038,Child Care/Preschool,Campbell Child And Family Center,,La Plata,100.0,Child Care/Preschool
12039,Child Care/Preschool,Campbell Cottage #5,,Jefferson,100.0,Child Care/Preschool
12040,Child Care/Preschool,Campo Child Care Center & Preschool,,Baca,87.5,Child Care/Preschool
12044,Child Care/Preschool,Canon Preschool,,El Paso,96.8,Child Care/Preschool
12050,Child Care/Preschool,Carlson Early Childhood Program,,Clear Creek,85.7,Child Care/Preschool
12051,Child Care/Preschool,Carriage House Preschool,,Summit,98.3,Child Care/Preschool
12052,Child Care/Preschool,Carver Elementary Preschool (Cpcd),,El Paso,100.0,Child Care/Preschool
12055,Child Care/Preschool,High Pointe Academy at Castle Pines,,Douglas,95.2,Child Care/Preschool
12056,Child Care/Preschool,Castle Rock Adventure Club,,Douglas,96.0,Child Care/Preschool
12058,Child Care/Preschool,Annunciation Catholic Preschool,,Denver,100.0,Child Care/Preschool
12058,Child Care/Preschool,Annunciation Catholic Preschool,,Denver,100.0,Kindergarten
12059,Child Care/Preschool,Catholic Charities Ece At Cdc,,Denver,87.7,Child Care/Preschool
12064,Child Care/Preschool,Cedar Ridge Elementary Preschool,,Pueblo,92.9,Child Care/Preschool
12065,Child Care/Preschool,Ceen 23rd Ave,,Weld,100.0,Child Care/Preschool
12066,Child Care/Preschool,Ceen Billie Martinez,,Weld,100.0,Child Care/Preschool
12067,Child Care/Preschool,Ceen Centennial,,Weld,100.0,Child Care/Preschool
12068,Child Care/Preschool,Ceen Dos Rios,,Weld,100.0,Child Care/Preschool
12069,Child Care/Preschool,Ceen Jefferson Ehs-cc,,Weld,100.0,Child Care/Preschool
12071,Child Care/Preschool,Ceen- Lasalle,,Weld,86.7,Child Care/Preschool
12072,Child Care/Preschool,Ceen Madison,,Weld,100.0,Child Care/Preschool
12074,Child Care/Preschool,Ceen Plaza Del Milagro,,Weld,100.0,Child Care/Preschool
12075,Child Care/Preschool,Centennial Early Childhood,,Larimer,100.0,Child Care/Preschool
12076,Child Care/Preschool,Centennial Montessori,,Arapahoe,100.0,Child Care/Preschool
12076,Child Care/Preschool,Centennial Montessori,,Arapahoe,100.0,Kindergarten
12077,Child Care/Preschool,Centennial Preschool - 14644 Highway 159,,Costilla,94.7,Child Care/Preschool
12078,Child Care/Preschool,Centennial Preschool - 13200 Westlake Drive,,Broomfield,100.0,Child Care/Preschool
12084,Child Care/Preschool,Central Elementary Preschool,,Boulder,97.7,Child Care/Preschool
12087,Child Care/Preschool,Chamberlin Cpcd Child Care Center,,El Paso,97.0,Child Care/Preschool
12091,Child Care/Preschool,Cheraw Preschool,,Otero,90.0,Child Care/Preschool
12092,Child Care/Preschool,Centennial Christian Learning Center,,Arapahoe,73.1,Child Care/Preschool
12093,Child Care/Preschool,Cherry Creek Presbyterian Preschool,,Arapahoe,88.1,Child Care/Preschool
12094,Child Care/Preschool,Cherry Hill Learning Center,,Arapahoe,91.4,Child Care/Preschool
12095,Child Care/Preschool,Cherry Hills Christian Preschool,,Douglas,90.7,Child Care/Preschool
12096,Child Care/Preschool,Cheyenne Wells Preschools,,Cheyenne,100.0,Child Care/Preschool
12096,Child Care/Preschool,Cheyenne Wells Preschools,,Cheyenne,100.0,Kindergarten
12097,Child Care/Preschool,Stout Street Childrens Center,,Denver,20.4,Child Care/Preschool
12098,Child Care/Preschool,University Childrens Center,,Denver,30.0,Child Care/Preschool
12099,Child Care/Preschool,Child Development Services Migrant Head Start,,Saguache,100.0,Child Care/Preschool
12100,Child Care/Preschool,Child Dev Serv Migrant Headstart,,Alamosa,97.7,Child Care/Preschool
12101,Child Care/Preschool,Laredo Child Development Center,,Arapahoe,98.2,Child Care/Preschool
12102,Child Care/Preschool,Child Discovery Time @ Goodson,,Arapahoe,90.5,Child Care/Preschool
12103,Child Care/Preschool,Child Discovery Time @ Lone Tree,,Douglas,100.0,Child Care/Preschool
12104,Child Care/Preschool,Child Learning Center,,Boulder,100.0,Child Care/Preschool
12105,Child Care/Preschool,Child Priority Preschool Inc,,Jefferson,95.5,Child Care/Preschool
12110,Child Care/Preschool,KinderCare Learning Center at UCAR,,Boulder,98.6,Child Care/Preschool
12111,Child Care/Preschool,Childrens Ctr At Red Rocks Comm College,,Jefferson,94.1,Child Care/Preschool
12113,Child Care/Preschool,Childrens Garden Early Learning Center,,Alamosa,91.4,Child Care/Preschool
12117,Child Care/Preschool,Childrens Garden Montessori School Denver,,Denver,97.6,Child Care/Preschool
12117,Child Care/Preschool,Childrens Garden Montessori School Denver,,Denver,100.0,Kindergarten
12118,Child Care/Preschool,Childrens Garden Of Learning Early Childhood,,Eagle,98.7,Child Care/Preschool
12119,Child Care/Preschool,Childrens Haven Child Care Center,,Denver,94.8,Child Care/Preschool
12122,Child Care/Preschool,Childrens House Of Durango Llc,,La Plata,76.5,Child Care/Preschool
12124,Child Care/Preschool,Childrens Kiva Preschool,,Montezuma,71.4,Child Care/Preschool
12130,Child Care/Preschool,Childrens Learning Center - 2817 Zenobia Street,,Denver,100.0,Child Care/Preschool
12134,Child Care/Preschool,Childrens Rocky Mountain School Inc,,Garfield,91.7,Child Care/Preschool
12140,Child Care/Preschool,Cornerstone Classical Preschool,,Eagle,73.3,Child Care/Preschool
12141,Child Care/Preschool,Christ Fellowship Church Child Dev Center,,Larimer,94.3,Child Care/Preschool
12142,Child Care/Preschool,Christ Lutheran Church D/b/a Open Arms,,Summit,93.8,Child Care/Preschool
12144,Child Care/Preschool,Christ Lutheran Preschool/kindergtn,,Denver,94.1,Child Care/Preschool
12145,Child Care/Preschool,Christ The King Roman Catholic Preschool,,Denver,86.2,Child Care/Preschool
12146,Child Care/Preschool,Christ United Methodist Church Preschool,,Larimer,89.2,Child Care/Preschool
12150,Child Care/Preschool,City Of Northglenn Tiny Tots Teeny Tots,,Adams,93.8,Child Care/Preschool
12151,Child Care/Preschool,Westview Recreation Center Preschool,,Jefferson,95.6,Child Care/Preschool
12153,Child Care/Preschool,Clear Sky Elementary Preschool,,Douglas,100.0,Child Care/Preschool
12154,Child Care/Preschool,Clever Kids Learning Center Inc,,Jefferson,100.0,Child Care/Preschool
12158,Child Care/Preschool,Clyde Miller Elementary Preschool,,Adams,100.0,Child Care/Preschool
12159,Child Care/Preschool,Colonnade Childrens Center,,Denver,16.7,Child Care/Preschool
12160,Child Care/Preschool,Colorado Academy Employee Child Care Ctr,,Jefferson,100.0,Child Care/Preschool
12165,Child Care/Preschool,Colorado Kids Academy,,Jefferson,100.0,Child Care/Preschool
12166,Child Care/Preschool,Colorado College Csb Childrens Center,,El Paso,96.3,Child Care/Preschool
12167,Child Care/Preschool,Colorado School For The Deaf And The Blind - Prek,,El Paso,92.3,Child Care/Preschool
12169,Child Care/Preschool,Columbian Preschool,,Pueblo,100.0,Child Care/Preschool
12170,Child Care/Preschool,Columbine Area Preschool,,Jefferson,97.7,Child Care/Preschool
12171,Child Care/Preschool,Sonflower Christian Preschool,,La Plata,82.4,Child Care/Preschool
12172,Child Care/Preschool,Columbine Elementary Preschool,,Boulder,100.0,Child Care/Preschool
12174,Child Care/Preschool,Commerce Childrens Center,,Boulder,100.0,Child Care/Preschool
12177,Child Care/Preschool,Community Montessori Of Boulder Valley,,Boulder,87.7,Child Care/Preschool
12178,Child Care/Preschool,Community Preschool Inc,,Larimer,88.9,Child Care/Preschool
12179,Child Care/Preschool,Compass Montessori School,,Jefferson,98.2,Child Care/Preschool
12180,Child Care/Preschool,Compass Montessori School Golden Campus,,Jefferson,95.0,Child Care/Preschool
12181,Child Care/Preschool,Concordia Lutheran Preschool,,Jefferson,93.0,Child Care/Preschool
12181,Child Care/Preschool,Concordia Lutheran Preschool,,Jefferson,100.0,Kindergarten
12182,Child Care/Preschool,Congregation Rodef Shalom Preschool,,Denver,100.0,Child Care/Preschool
12183,Child Care/Preschool,Conrad Early Learning Center (Cpcd),,El Paso,62.5,Child Care/Preschool
12185,Child Care/Preschool,Cornerstone Montessori Preschool,,Jefferson,98.9,Child Care/Preschool
12185,Child Care/Preschool,Cornerstone Montessori Preschool,,Jefferson,100.0,Kindergarten
12187,Child Care/Preschool,Coronado Hills Tyke Preschool,,Adams,100.0,Child Care/Preschool
12188,Child Care/Preschool,Coronado Preschool,,Jefferson,93.5,Child Care/Preschool
12189,Child Care/Preschool,Corpus Christi Catholic Preschool,,El Paso,84.0,Child Care/Preschool
12190,Child Care/Preschool,Cotopaxi Early Learning Center,,Fremont,90.9,Child Care/Preschool
12191,Child Care/Preschool,Cottonwood Plains Early Learning Childhood,,Larimer,92.3,Child Care/Preschool
12194,Child Care/Preschool,Council Of Governments Childrens Center,,Las Animas,88.8,Child Care/Preschool
12201,Child Care/Preschool,Cpcd Head Start Fort Carson Center,,El Paso,100.0,Child Care/Preschool
12202,Child Care/Preschool,Cradle To Crayons,,Jefferson,100.0,Child Care/Preschool
12203,Child Care/Preschool,Crawford Elementary Preschool,,Adams,97.7,Child Care/Preschool
12204,Child Care/Preschool,Creative Avenues Preschool And Learning Ctr,,Mesa,80.0,Child Care/Preschool
12205,Child Care/Preschool,Balance Early Learning Academy,,Arapahoe,98.6,Child Care/Preschool
12207,Child Care/Preschool,Creative Kids Corner,,Larimer,100.0,Child Care/Preschool
12208,Child Care/Preschool,Creative Learning Preschool,,Adams,100.0,Child Care/Preschool
12212,Child Care/Preschool,Creative Options - Jamaica Center,,Arapahoe,96.8,Child Care/Preschool
12215,Child Care/Preschool,Creative Options - Kyle Fisher Center,,Denver,98.9,Child Care/Preschool
12216,Child Care/Preschool,Creede Early Learning Center,,Mineral,100.0,Child Care/Preschool
12217,Child Care/Preschool,Creekside Kids Inc.,,El Paso,100.0,Child Care/Preschool
12218,Child Care/Preschool,Creekside Preschool,,Arapahoe,96.3,Child Care/Preschool
12220,Child Care/Preschool,Crescent View Academy Preschool,,Arapahoe,97.3,Child Care/Preschool
12221,Child Care/Preschool,Crestmoor Learning Center,,Denver,49.2,Child Care/Preschool
12222,Child Care/Preschool,Cross Of Christ Lutheran Preschool,,Broomfield,92.6,Child Care/Preschool
12222,Child Care/Preschool,Cross Of Christ Lutheran Preschool,,Broomfield,83.3,Kindergarten
12224,Child Care/Preschool,Crystal River Elementary Early Childhood Center,,Garfield,98.1,Child Care/Preschool
12225,Child Care/Preschool,Csu Early Childhood Center,,Larimer,98.2,Child Care/Preschool
12226,Child Care/Preschool,Custer County District C1 Preschool,,Custer,71.4,Child Care/Preschool
12228,Child Care/Preschool,Dalton Elementary Preschool,,Arapahoe,95.5,Child Care/Preschool
12231,Child Care/Preschool,Darthmouth Elementary Preschool,,Arapahoe,97.5,Child Care/Preschool
12233,Child Care/Preschool,Dayspring Christian Academy,,Weld,89.0,Child Care/Preschool
12234,Child Care/Preschool,Dcs Montessori Charter School,,Douglas,95.6,Child Care/Preschool
12235,Child Care/Preschool,Debeque Preschool,,Mesa,100.0,Child Care/Preschool
12237,Child Care/Preschool,Platte Canyon Early Learning Center,,Park,74.5,Child Care/Preschool
12238,Child Care/Preschool,Deer Trail School Dist 26j Preschool,,Arapahoe,87.5,Child Care/Preschool
12240,Child Care/Preschool,Del Norte Head Start,,Rio Grande,88.6,Child Care/Preschool
12241,Child Care/Preschool,Denver Athletic Club Childrens Center,,Denver,100.0,Child Care/Preschool
12242,Child Care/Preschool,Denver Child Care Center - 3151 West Florida Avenu,,Denver,96.9,Child Care/Preschool
12243,Child Care/Preschool,Denver Child Care Center - 3155 West Florida Avenu,,Denver,100.0,Child Care/Preschool
12244,Child Care/Preschool,Denver Christian Preschool,,Jefferson,95.8,Child Care/Preschool
12245,Child Care/Preschool,Denver Cooperative Preschool,,Denver,98.6,Child Care/Preschool
12246,Child Care/Preschool,Denver International Schoolhouse,,Arapahoe,100.0,Child Care/Preschool
12248,Child Care/Preschool,Desert Sage Elementary Preschool,,Pueblo,93.1,Child Care/Preschool
12249,Child Care/Preschool,Dia Preschool,,Mesa,93.1,Child Care/Preschool
12250,Child Care/Preschool,Dillon Valley Elementary Preschool,,Summit,100.0,Child Care/Preschool
12250,Child Care/Preschool,Dillon Valley Elementary Preschool,,Summit,97.2,Kindergarten
12251,Child Care/Preschool,Discovery Canyon Preschool,,El Paso,100.0,Child Care/Preschool
12253,Child Care/Preschool,Discovery Kids Learning Center II,,Mesa,98.1,Child Care/Preschool
12254,Child Care/Preschool,Discovery Kids Learning Center Inc.,,Mesa,93.4,Child Care/Preschool
12255,Child Care/Preschool,Discovery Learning Center,,Routt,98.0,Child Care/Preschool
12257,Child Care/Preschool,Discovery Time Kids Early Learning Center,,Adams,91.3,Child Care/Preschool
12258,Child Care/Preschool,Discovery Trails Early Learning Academy,,El Paso,76.0,Child Care/Preschool
12259,Child Care/Preschool,Dist 51 Young Parent Child Care Center,,Mesa,100.0,Child Care/Preschool
12260,Child Care/Preschool,Antelope Trails Elementary Preschool,,El Paso,89.5,Child Care/Preschool
12264,Child Care/Preschool,Dos Rios Preschool,,Mesa,88.0,Child Care/Preschool
12265,Child Care/Preschool,Dotties Daycare And Preschool Christian Center,,Adams,10.6,Child Care/Preschool
12266,Child Care/Preschool,Acres Green Elementary Preschool,,Douglas,100.0,Child Care/Preschool
12267,Child Care/Preschool,Arrowwood Elementary Preschool,,Douglas,92.6,Child Care/Preschool
12268,Child Care/Preschool,Bear Canyon Preschool,,Douglas,100.0,Child Care/Preschool
12270,Child Care/Preschool,Castle Rock Elementary Preschool,,Douglas,100.0,Child Care/Preschool
12271,Child Care/Preschool,Cherokee Trail Preschool,,Douglas,93.3,Child Care/Preschool
12272,Child Care/Preschool,Copper Mesa Elementary Preschool,,Douglas,100.0,Child Care/Preschool
12273,Child Care/Preschool,Coyote Creek Pups,,Douglas,86.7,Child Care/Preschool
12274,Child Care/Preschool,ECC South Preschool,,Douglas,97.2,Child Care/Preschool
12275,Child Care/Preschool,Eldorado Preschool,,Douglas,100.0,Child Care/Preschool
12276,Child Care/Preschool,Flagstone Preschool,,Douglas,94.1,Child Care/Preschool
12277,Child Care/Preschool,Franktown Preschool,,Douglas,100.0,Child Care/Preschool
12278,Child Care/Preschool,Frontier Valley Preschool,,Douglas,92.9,Child Care/Preschool
12279,Child Care/Preschool,Heritage Elementary Preschool,,Douglas,100.0,Child Care/Preschool
12281,Child Care/Preschool,Iron Horse Preschool,,Douglas,96.4,Child Care/Preschool
12282,Child Care/Preschool,Legacy Point Preschool,,Douglas,100.0,Child Care/Preschool
12283,Child Care/Preschool,Lone Tree Preschool,,Douglas,100.0,Child Care/Preschool
12284,Child Care/Preschool,Mammoth Heights Preschool,,Douglas,96.6,Child Care/Preschool
12285,Child Care/Preschool,Meadowview Preschool,,Douglas,100.0,Child Care/Preschool
12286,Child Care/Preschool,Mountain View Preschool,,Douglas,98.2,Child Care/Preschool
12287,Child Care/Preschool,Pine Lane Preschool,,Douglas,93.1,Child Care/Preschool
12288,Child Care/Preschool,Pioneer Preschool,,Douglas,100.0,Child Care/Preschool
12289,Child Care/Preschool,Prairie Crossing Preschool,,Douglas,100.0,Child Care/Preschool
12290,Child Care/Preschool,Redstone Preschool,,Douglas,100.0,Child Care/Preschool
12292,Child Care/Preschool,Rock Ridge Elementary Preschool,,Douglas,93.5,Child Care/Preschool
12293,Child Care/Preschool,Roxborough Preschool,,Douglas,97.1,Child Care/Preschool
12294,Child Care/Preschool,Saddle Ranch Preschool,,Douglas,100.0,Child Care/Preschool
12295,Child Care/Preschool,Sage Canyon Preschool,,Douglas,87.0,Child Care/Preschool
12296,Child Care/Preschool,Sand Creek Preschool,,Douglas,95.7,Child Care/Preschool
12297,Child Care/Preschool,Soaring Hawk Preschool,,Douglas,95.0,Child Care/Preschool
12298,Child Care/Preschool,Stone Mountain Preschool,,Douglas,100.0,Child Care/Preschool
12299,Child Care/Preschool,Summit View Elementary Preschool,,Douglas,88.9,Child Care/Preschool
12300,Child Care/Preschool,Wildcat Mountain Preschool,,Douglas,93.3,Child Care/Preschool
12301,Child Care/Preschool,Doves Nest Early Education,,Dolores,82.4,Child Care/Preschool
12312,Child Care/Preschool,Dps Ece Academia Ana Marie Sandoval,,Denver,95.9,Child Care/Preschool
12313,Child Care/Preschool,Dps Ece Ashley,,Denver,94.7,Child Care/Preschool
12314,Child Care/Preschool,Dps Ece Barnum,,Denver,100.0,Child Care/Preschool
12315,Child Care/Preschool,Dps Ece Beach Ct Elementary,,Denver,97.3,Child Care/Preschool
12316,Child Care/Preschool,Dps Ece Bradley School,,Denver,84.3,Child Care/Preschool
12318,Child Care/Preschool,Dps Ece Bryant Webster School,,Denver,100.0,Child Care/Preschool
12319,Child Care/Preschool,Dps Ece Cee @ Knight Academy,,Denver,99.2,Child Care/Preschool
12320,Child Care/Preschool,Dps Ece Centennial,,Denver,93.9,Child Care/Preschool
12321,Child Care/Preschool,Dps Ece Cheltenham Elementary School,,Denver,98.4,Child Care/Preschool
12322,Child Care/Preschool,Dps Ece Cole Arts & Science Academy,,Denver,93.8,Child Care/Preschool
12323,Child Care/Preschool,Dps Ece Colfax Elementary School,,Denver,93.2,Child Care/Preschool
12324,Child Care/Preschool,Dps Ece College View Elementary,,Denver,100.0,Child Care/Preschool
12326,Child Care/Preschool,Dps Ece Columbine Elementary School,,Denver,92.3,Child Care/Preschool
12327,Child Care/Preschool,Dps Ece Cowell School,,Denver,95.9,Child Care/Preschool
12329,Child Care/Preschool,Dps Ece Dcis At Fairmont Elementary School,,Denver,96.3,Child Care/Preschool
12330,Child Care/Preschool,Dps Ece Denison Montessori School,,Denver,97.7,Child Care/Preschool
12333,Child Care/Preschool,Dps Ece Doull School,,Denver,100.0,Child Care/Preschool
12334,Child Care/Preschool,Dps Ece Eagleton School,,Denver,97.5,Child Care/Preschool
12335,Child Care/Preschool,Dps Ece Edison,,Denver,97.4,Child Care/Preschool
12336,Child Care/Preschool,Dps Ece Ellis School,,Denver,96.6,Child Care/Preschool
12337,Child Care/Preschool,Dps Ece Escalante Biggs Academy,,Denver,95.7,Child Care/Preschool
12339,Child Care/Preschool,Dps Ece Farrell B. Howell School,,Denver,94.7,Child Care/Preschool
12340,Child Care/Preschool,Dps Ece Florida Pitt Waller K-8 School,,Denver,95.5,Child Care/Preschool
12341,Child Care/Preschool,Dps Ece Force Elementary School,,Denver,100.0,Child Care/Preschool
12342,Child Care/Preschool,Dps Ece Garden Place Academy,,Denver,94.4,Child Care/Preschool
12343,Child Care/Preschool,Dps Ece Godsman Elementary,,Denver,97.1,Child Care/Preschool
12344,Child Care/Preschool,Dps Ece Goldrick Elementary School,,Denver,100.0,Child Care/Preschool
12345,Child Care/Preschool,Dps Ece Grant Ranch School,,Denver,96.6,Child Care/Preschool
12346,Child Care/Preschool,Dps Ece Green Valley Elementary,,Denver,100.0,Child Care/Preschool
12347,Child Care/Preschool,Center for Talent Development at Greenlee Preschoo,,Denver,97.5,Child Care/Preschool
12348,Child Care/Preschool,Dps Ece Gust Elementary School,,Denver,100.0,Child Care/Preschool
12349,Child Care/Preschool,Dps Ece Hallett Fundamental Academy,,Denver,93.6,Child Care/Preschool
12351,Child Care/Preschool,Dps Ece Willow Elementary,,Denver,77.5,Child Care/Preschool
12352,Child Care/Preschool,Dps Ece Holm Elementary School,,Denver,91.4,Child Care/Preschool
12353,Child Care/Preschool,Dps Ece Isabella Bird Community School,,Denver,100.0,Child Care/Preschool
12354,Child Care/Preschool,Dps Ece John H Amesse Elementary,,Denver,86.8,Child Care/Preschool
12355,Child Care/Preschool,Dps Ece Johnson Elementary School,,Denver,100.0,Child Care/Preschool
12356,Child Care/Preschool,Dps Ece Kaiser Elementary School,,Denver,97.4,Child Care/Preschool
12357,Child Care/Preschool,Dps Ece Knapp Elementary School,,Denver,97.3,Child Care/Preschool
12358,Child Care/Preschool,Dps Ece Lincoln Montessori,,Denver,53.5,Child Care/Preschool
12359,Child Care/Preschool,Dps Ece Lowry Elementary School,,Denver,86.5,Child Care/Preschool
12360,Child Care/Preschool,Dps Ece Marrama Elementary,,Denver,92.1,Child Care/Preschool
12361,Child Care/Preschool,Dps Ece Maxwell Elementary School,,Denver,70.4,Child Care/Preschool
12362,Child Care/Preschool,Dps Ece Mcglone Elementary,,Denver,97.2,Child Care/Preschool
12363,Child Care/Preschool,Dps Ece Mckinley Thatcher School,,Denver,97.5,Child Care/Preschool
12364,Child Care/Preschool,Dps Ece Mcmeen Elementary School,,Denver,98.2,Child Care/Preschool
12365,Child Care/Preschool,Dps Ece Montclair Elementary School,,Denver,100.0,Child Care/Preschool
12366,Child Care/Preschool,Dps Ece Munroe Elementary School,,Denver,30.8,Child Care/Preschool
12367,Child Care/Preschool,Dps Ece Newlon Elementary,,Denver,97.1,Child Care/Preschool
12368,Child Care/Preschool,Dps Ece Oakland Elementary,,Denver,92.1,Child Care/Preschool
12369,Child Care/Preschool,Dps Ece Palmer Elementary School,,Denver,98.7,Child Care/Preschool
12370,Child Care/Preschool,Dps Ece Park Hill Elementary,,Denver,15.8,Child Care/Preschool
12371,Child Care/Preschool,Dps Ece Pascual Le Doux Academy,,Denver,99.6,Child Care/Preschool
12372,Child Care/Preschool,Dps Ece Place Bridge Academy,,Denver,94.3,Child Care/Preschool
12373,Child Care/Preschool,Dps Ece Sabin Elementary School,,Denver,97.4,Child Care/Preschool
12374,Child Care/Preschool,Dps Ece Samuels Elementary School,,Denver,96.1,Child Care/Preschool
12376,Child Care/Preschool,Dps Ece Smith Elementary School,,Denver,94.3,Child Care/Preschool
12377,Child Care/Preschool,Dps Ece Southmoor Elementary School,,Denver,100.0,Child Care/Preschool
12378,Child Care/Preschool,Dps Ece Steck Elementary,,Denver,100.0,Child Care/Preschool
12379,Child Care/Preschool,Dps Ece Stedman Elementary School,,Denver,36.8,Child Care/Preschool
12380,Child Care/Preschool,Dps Ece Swansea Elementary,,Denver,100.0,Child Care/Preschool
12381,Child Care/Preschool,Dps Ece Swigert International School,,Denver,98.3,Child Care/Preschool
12382,Child Care/Preschool,Dps Ece Teller Elementary School,,Denver,97.5,Child Care/Preschool
12383,Child Care/Preschool,Dps Ece Traylor Fundamental Academy,,Denver,98.2,Child Care/Preschool
12384,Child Care/Preschool,Dps Ece Trevista @ Horace Mann,,Denver,97.9,Child Care/Preschool
12385,Child Care/Preschool,Dps Ece Valverde Elementary,,Denver,62.5,Child Care/Preschool
12386,Child Care/Preschool,Dps Ece Westerly Creek Elementary,,Denver,96.3,Child Care/Preschool
12387,Child Care/Preschool,Dps Ece Whittier Elementary,,Denver,94.7,Child Care/Preschool
12389,Child Care/Preschool,Dps/ece Bromwell Elementary,,Denver,100.0,Child Care/Preschool
12390,Child Care/Preschool,Dps/ece Joe Shoemaker School,,Denver,92.5,Child Care/Preschool
12391,Child Care/Preschool,Dps/ece Sandra Todd-williams Academy,,Denver,96.1,Child Care/Preschool
12392,Child Care/Preschool,Dps/ece Valdez Montessori,,Denver,99.0,Child Care/Preschool
12394,Child Care/Preschool,Dream Makers,,Boulder,93.3,Child Care/Preschool
12395,Child Care/Preschool,Dry Creek Early Learning Center,,Arapahoe,100.0,Child Care/Preschool
12396,Child Care/Preschool,Durango Early Learning Center,,La Plata,100.0,Child Care/Preschool
12397,Child Care/Preschool,Red Hill Elementary Preschool,,Eagle,100.0,Child Care/Preschool
12398,Child Care/Preschool,Eagle Crest Elementary Preschool,,Boulder,94.1,Child Care/Preschool
12399,Child Care/Preschool,Eagle Ridge Elementary Preschool,,Douglas,100.0,Child Care/Preschool
12400,Child Care/Preschool,Eagle Rocky Mountain School Of Discovery,,Eagle,81.0,Child Care/Preschool
12401,Child Care/Preschool,The Learning Tree,,Eagle,100.0,Child Care/Preschool
12402,Child Care/Preschool,Eagle Valley Preschool,,Eagle,97.5,Child Care/Preschool
12403,Child Care/Preschool,Eagle View Learning Center,,Mesa,78.7,Child Care/Preschool
12404,Child Care/Preschool,Eaglecrest High School Child Development,,Arapahoe,94.4,Child Care/Preschool
12406,Child Care/Preschool,Eagles Nest Preschool (academy),,Moffat,82.4,Child Care/Preschool
12407,Child Care/Preschool,Montrose Early Childhood Center,,Montrose,85.1,Child Care/Preschool
12408,Child Care/Preschool,Early Childhood Center At Gregory Hill,,Adams,99.3,Child Care/Preschool
12409,Child Care/Preschool,Howbert Elementary Preschool,,El Paso,80.0,Child Care/Preschool
12411,Child Care/Preschool,Henry Elementary Preschool,,El Paso,84.1,Child Care/Preschool
12412,Child Care/Preschool,Stratton Elementary Preschool,,El Paso,80.6,Child Care/Preschool
12412,Child Care/Preschool,Stratton Elementary Preschool,,El Paso,85.3,Kindergarten
12413,Child Care/Preschool,Early Childhood Education Edison Elementary Presch,,El Paso,84.0,Child Care/Preschool
12414,Child Care/Preschool,Madison Elementary Preschool,,El Paso,51.0,Child Care/Preschool
12417,Child Care/Preschool,Penrose Elementary Preschool,,El Paso,94.3,Child Care/Preschool
12418,Child Care/Preschool,Jackson Elementary Preschool,,El Paso,69.4,Child Care/Preschool
12418,Child Care/Preschool,Jackson Elementary Preschool,,El Paso,70.7,Kindergarten
12419,Child Care/Preschool,Scott Elementary Preschool,,El Paso,87.3,Child Care/Preschool
12421,Child Care/Preschool,McAuliffe Elementary Preschool,,El Paso,96.3,Child Care/Preschool
12422,Child Care/Preschool,John J. Audubon Elementary Preschool,,El Paso,53.1,Child Care/Preschool
12423,Child Care/Preschool,Freedom Elementary Preschool,,El Paso,74.0,Child Care/Preschool
12423,Child Care/Preschool,Freedom Elementary Preschool,,El Paso,87.0,Kindergarten
12425,Child Care/Preschool,Monroe Elementary Preschool,,El Paso,80.0,Child Care/Preschool
12426,Child Care/Preschool,Rudy Elementary Preschool,,El Paso,82.1,Child Care/Preschool
12427,Child Care/Preschool,Twain Elementary Preschool,,El Paso,80.8,Child Care/Preschool
12429,Child Care/Preschool,John Adams Elementary Preschool,,El Paso,52.5,Child Care/Preschool
12430,Child Care/Preschool,Trailblazer Elementary Preschool,,El Paso,95.2,Child Care/Preschool
12431,Child Care/Preschool,Early Childhood University,,Weld,100.0,Child Care/Preschool
12433,Child Care/Preschool,Early Connections @ Antlers Place,,El Paso,94.2,Child Care/Preschool
12435,Child Care/Preschool,Early Connections @ Day Nursery,,El Paso,95.4,Child Care/Preschool
12436,Child Care/Preschool,Sand Creek Cpcd,,El Paso,100.0,Child Care/Preschool
12437,Child Care/Preschool,Early Connections @ South Chelton,,El Paso,97.9,Child Care/Preschool
12439,Child Care/Preschool,Early Education Center,,Grand,12.5,Child Care/Preschool
12442,Child Care/Preschool,Early Learning Center,,Pitkin,96.3,Child Care/Preschool
12443,Child Care/Preschool,Early Learning Center Of Ouray,,Ouray,93.3,Child Care/Preschool
12444,Child Care/Preschool,Early Learning Program @ Broomfield Rec,,Broomfield,93.6,Child Care/Preschool
12446,Child Care/Preschool,Granby Elementary Preschool,,Grand,84.4,Child Care/Preschool
12447,Child Care/Preschool,Eastlake Montessori Preschool,,Adams,87.5,Child Care/Preschool
12447,Child Care/Preschool,Eastlake Montessori Preschool,,Adams,50.0,Kindergarten
12449,Child Care/Preschool,East Side Child Care Center,,Pueblo,97.6,Child Care/Preschool
12450,Child Care/Preschool,Eastern Hills Community Church Preschool,,Arapahoe,93.9,Child Care/Preschool
12451,Child Care/Preschool,Eastridge Preschool,,Arapahoe,93.9,Child Care/Preschool
12453,Child Care/Preschool,Eaton Early Learning Center,,Weld,93.6,Child Care/Preschool
12454,Child Care/Preschool,Ecems @ Csu - Pueblo Child Care Center,,Pueblo,89.8,Child Care/Preschool
12455,Child Care/Preschool,Home Stake Peak Preschool,,Eagle,95.0,Child Care/Preschool
12457,Child Care/Preschool,Edgewater Preschool,,Jefferson,97.1,Child Care/Preschool
12459,Child Care/Preschool,Edith Teter Elementary Preschool,,Park,89.2,Child Care/Preschool
12460,Child Care/Preschool,Edith Wolford Preschool,,El Paso,100.0,Child Care/Preschool
12461,Child Care/Preschool,Edna And John W. Mosley P-8,,Arapahoe,98.4,Child Care/Preschool
12462,Child Care/Preschool,Mile High Early Learning - Anna Joe Garcia Haynes,,Denver,90.7,Child Care/Preschool
12464,Child Care/Preschool,El Nidito At The Family Center,,Larimer,100.0,Child Care/Preschool
12466,Child Care/Preschool,Elbert Preschool Dist 200,,Elbert,21.4,Child Care/Preschool
12467,Child Care/Preschool,Growing Hearts and Minds,,Jefferson,100.0,Child Care/Preschool
12468,Child Care/Preschool,Elk Creek Elementary Preschool,,Garfield,91.8,Child Care/Preschool
12469,Child Care/Preschool,Elk Creek Preschool,,Jefferson,97.4,Child Care/Preschool
12470,Child Care/Preschool,Ellicott Preschool,,El Paso,92.7,Child Care/Preschool
12473,Child Care/Preschool,Emmanuel Lutheran Preschool & Kindergarten,,Garfield,90.6,Child Care/Preschool
12473,Child Care/Preschool,Emmanuel Lutheran Preschool & Kindergarten,,Garfield,100.0,Kindergarten
12476,Child Care/Preschool,Episcopal Day School Of Evergreen,,Jefferson,100.0,Child Care/Preschool
12477,Child Care/Preschool,Erie Elementary Preschool,,Boulder,100.0,Child Care/Preschool
12478,Child Care/Preschool,Escuela De Guadalupe Preschool,,Denver,85.0,Child Care/Preschool
12479,Child Care/Preschool,Espree Child Learning Center,,Douglas,96.2,Child Care/Preschool
12480,Child Care/Preschool,Eternal Hills Christian Preschool,,Grand,100.0,Child Care/Preschool
12481,Child Care/Preschool,Eva Baca Preschool,,Pueblo,100.0,Child Care/Preschool
12482,Child Care/Preschool,Evans CPCD Preschool,,El Paso,100.0,Child Care/Preschool
12483,Child Care/Preschool,Evergreen Academy,,Jefferson,96.1,Child Care/Preschool
12484,Child Care/Preschool,Evergreen Country Day School,,Jefferson,94.6,Child Care/Preschool
12489,Child Care/Preschool,Preschool on Poze,,Adams,97.1,Child Care/Preschool
12490,Child Care/Preschool,Explorer Elementary Preschool,,El Paso,94.9,Child Care/Preschool
12491,Child Care/Preschool,Exploring Minds Academy,,Boulder,94.6,Child Care/Preschool
12493,Child Care/Preschool,Early Learning Center at F.M. Day,,Adams,97.9,Child Care/Preschool
12494,Child Care/Preschool,Fairview Elementary,,Adams,100.0,Child Care/Preschool
12495,Child Care/Preschool,Fairview Montessori School,,Boulder,100.0,Child Care/Preschool
12495,Child Care/Preschool,Fairview Montessori School,,Boulder,100.0,Kindergarten
12498,Child Care/Preschool,Faith Lutheran Childcare Center,,Garfield,97.3,Child Care/Preschool
12499,Child Care/Preschool,Faith Lutheran Preschool,,Douglas,88.3,Child Care/Preschool
12500,Child Care/Preschool,Faith Steps Christian Preschool,,Weld,96.5,Child Care/Preschool
12501,Child Care/Preschool,Falcon Elementary Preschool (Cpcd),,El Paso,91.3,Child Care/Preschool
12503,Child Care/Preschool,Falcons Nest,,Mesa,91.4,Child Care/Preschool
12504,Child Care/Preschool,Fall River Elementary Preschool,,Boulder,96.9,Child Care/Preschool
12505,Child Care/Preschool,Family Center For Learning,,El Paso,100.0,Child Care/Preschool
12508,Child Care/Preschool,Family Of Christ Child Development Center,,El Paso,86.4,Child Care/Preschool
12509,Child Care/Preschool,Family Star - 2246 Federal Boulevard,,Denver,98.7,Child Care/Preschool
12510,Child Care/Preschool,Family Star Montessori - Northeast,,Denver,98.1,Child Care/Preschool
12510,Child Care/Preschool,Family Star Montessori - Northeast,,Denver,100.0,Kindergarten
12511,Child Care/Preschool,Fellowship Of The Rockies Preschool,,El Paso,79.2,Child Care/Preschool
12513,Child Care/Preschool,Fireside Preschool,,Boulder,96.7,Child Care/Preschool
12517,Child Care/Preschool,First Impressions Learning Center,,Otero,96.4,Child Care/Preschool
12518,Child Care/Preschool,First Plymouth Learning Center,,Arapahoe,100.0,Child Care/Preschool
12519,Child Care/Preschool,First Presbyterian Church Preschool Programs: Firs,,El Paso,74.0,Child Care/Preschool
12521,Child Care/Preschool,First Preschool & Pre-k,,Pueblo,88.0,Child Care/Preschool
12522,Child Care/Preschool,First Step Infant And Toddler Center,,Arapahoe,82.9,Child Care/Preschool
12526,Child Care/Preschool,First United Methodist Coop Preschool,,Larimer,98.5,Child Care/Preschool
12527,Child Care/Preschool,First United Methodist Wee Care Center,,Alamosa,97.5,Child Care/Preschool
12528,Child Care/Preschool,Firstart Preschool,,Adams,88.9,Child Care/Preschool
12529,Child Care/Preschool,First United Methodist Churchs Preschool,,El Paso,94.2,Child Care/Preschool
12530,Child Care/Preschool,Fisher Early Learning Center,,Denver,98.1,Child Care/Preschool
12531,Child Care/Preschool,Fitzmorris Preschool,,Jefferson,95.0,Child Care/Preschool
12533,Child Care/Preschool,Fitzsimons Early Learning Center,,Adams,100.0,Child Care/Preschool
12535,Child Care/Preschool,Fleming Preschool,,Logan,92.9,Child Care/Preschool
12536,Child Care/Preschool,Fletcher Miller School For Disable Child Preschool,,Jefferson,89.7,Child Care/Preschool
12537,Child Care/Preschool,Florence Crittenton Ece Center,,Denver,71.7,Child Care/Preschool
12539,Child Care/Preschool,Florida Mesa Preschool,,La Plata,96.6,Child Care/Preschool
12540,Child Care/Preschool,Flynn Elementary Preschool,,Adams,100.0,Child Care/Preschool
12541,Child Care/Preschool,Foothills Christian Preschool,,Jefferson,83.9,Child Care/Preschool
12542,Child Care/Preschool,The Ridge Recreation Center Preschool,,Jefferson,100.0,Child Care/Preschool
12543,Child Care/Preschool,Foothills Preschool,,Jefferson,91.9,Child Care/Preschool
12546,Child Care/Preschool,Forest Park Montessori School,,Boulder,100.0,Child Care/Preschool
12546,Child Care/Preschool,Forest Park Montessori School,,Boulder,100.0,Kindergarten
12547,Child Care/Preschool,Fort Collins Montessori Preschool,,Larimer,90.7,Child Care/Preschool
12548,Child Care/Preschool,Fort Collins Preschool Association,,Larimer,100.0,Child Care/Preschool
12549,Child Care/Preschool,Fort Lewis Mesa Preschool,,La Plata,100.0,Child Care/Preschool
12550,Child Care/Preschool,Fort Lupton Recreation Center Preschool,,Weld,100.0,Child Care/Preschool
12551,Child Care/Preschool,Foster Preschool,,Jefferson,100.0,Child Care/Preschool
12552,Child Care/Preschool,Foundations Ece,,Jefferson,95.7,Child Care/Preschool
12553,Child Care/Preschool,Fountain Ft Carson Conrad Elc,,El Paso,88.9,Child Care/Preschool
12555,Child Care/Preschool,Fox Creek Preschool,,Douglas,100.0,Child Care/Preschool
12556,Child Care/Preschool,Fox Hollow Preschool,,Arapahoe,98.1,Child Care/Preschool
12558,Child Care/Preschool,Grand Kids Learning Center - Eastom,,Grand,91.3,Child Care/Preschool
12559,Child Care/Preschool,Fraser Valley Elementary Preschool,,Grand,68.4,Child Care/Preschool
12560,Child Care/Preschool,Free Horizon Montessori,,Jefferson,97.8,Child Care/Preschool
12561,Child Care/Preschool,Friends N Fun Childrens Center,,Boulder,100.0,Child Care/Preschool
12562,Child Care/Preschool,Friends School Preschool,,Boulder,100.0,Child Care/Preschool
12563,Child Care/Preschool,Frisco Elementary Preschool,,Summit,88.9,Child Care/Preschool
12564,Child Care/Preschool,Front Range Christian Preschool,,Jefferson,68.6,Child Care/Preschool
12564,Child Care/Preschool,Front Range Christian Preschool,,Jefferson,78.6,Kindergarten
12566,Child Care/Preschool,Frontier Elementary Preschool,,El Paso,97.6,Child Care/Preschool
12568,Child Care/Preschool,Fulton Elementary Preschool,,Arapahoe,100.0,Child Care/Preschool
12572,Child Care/Preschool,Gateway Academy Broomfield,,Broomfield,100.0,Child Care/Preschool
12576,Child Care/Preschool,Gateway Montessori Preschool,,Boulder,88.5,Child Care/Preschool
12576,Child Care/Preschool,Gateway Montessori Preschool,,Boulder,100.0,Kindergarten
12577,Child Care/Preschool,Gateway Preschool And Child Care,,El Paso,98.2,Child Care/Preschool
12578,Child Care/Preschool,Genoa Hugo Special Needs Preschool,,Lincoln,87.5,Child Care/Preschool
12582,Child Care/Preschool,Giant Step Preschool & Child Care Ctr,,Rio Blanco,100.0,Child Care/Preschool
12583,Child Care/Preschool,Giberson Elementary Preschool (Cpcd),,El Paso,95.1,Child Care/Preschool
12585,Child Care/Preschool,Gilpin County Preschool,,Gilpin,91.2,Child Care/Preschool
12586,Child Care/Preschool,Gingerbread House Day Care Center,,Alamosa,97.8,Child Care/Preschool
12589,Child Care/Preschool,Global Primary Academy Preschool,,Adams,92.7,Child Care/Preschool
12590,Child Care/Preschool,Global Village International,,Arapahoe,49.4,Child Care/Preschool
12591,Child Care/Preschool,Parker Early Learning Academy,,Douglas,100.0,Child Care/Preschool
12596,Child Care/Preschool,Goddard School Highlands,,Denver,100.0,Child Care/Preschool
12598,Child Care/Preschool,Gold Rush Elementary Preschool,,Douglas,90.0,Child Care/Preschool
12600,Child Care/Preschool,Good Shepherd Catholic Preschool,,Denver,100.0,Child Care/Preschool
12602,Child Care/Preschool,Goodnight Preschool,,Pueblo,100.0,Child Care/Preschool
12603,Child Care/Preschool,Gore Range Montessori - Edwards,,Eagle,92.9,Child Care/Preschool
12604,Child Care/Preschool,Graham Mesa Preschool,,Garfield,91.1,Child Care/Preschool
12605,Child Care/Preschool,Tiny Toes Academy,,Arapahoe,94.8,Child Care/Preschool
12606,Child Care/Preschool,Graland Country Day Preschool,,Denver,98.4,Child Care/Preschool
12607,Child Care/Preschool,Granada Preschool,,Prowers,93.3,Child Care/Preschool
12608,Child Care/Preschool,Granby Play Days Preschool,,Grand,93.8,Child Care/Preschool
12609,Child Care/Preschool,Grand Kids Learning Center - Willow,,Grand,86.4,Child Care/Preschool
12610,Child Care/Preschool,Grand Kids Day Care Center,,Routt,100.0,Child Care/Preschool
12611,Child Care/Preschool,Grand Valley Center For Family Learning Preschool,,Garfield,96.8,Child Care/Preschool
12613,Child Care/Preschool,Grandview Elementary Preschool,,Weld,97.9,Child Care/Preschool
12614,Child Care/Preschool,Grant Elementary Preschool (Cpcd),,El Paso,86.7,Child Care/Preschool
12615,Child Care/Preschool,Great Beginnings Early Childhood Center,,Delta,88.6,Child Care/Preschool
12619,Child Care/Preschool,Green Mountain Village Preschool,,Jefferson,92.1,Child Care/Preschool
12621,Child Care/Preschool,Greenshade Schools Inc,,El Paso,100.0,Child Care/Preschool
12621,Child Care/Preschool,Greenshade Schools Inc,,El Paso,100.0,Kindergarten
12625,Child Care/Preschool,Lake Preschool,,Gunnison,94.6,Child Care/Preschool
12626,Child Care/Preschool,Gypsum Christian Academy Llc,,Eagle,97.0,Child Care/Preschool
12627,Child Care/Preschool,Gypsum Elementary Preschool,,Eagle,100.0,Child Care/Preschool
12628,Child Care/Preschool,The Goddard School - Longmont,,Boulder,97.7,Child Care/Preschool
12628,Child Care/Preschool,The Goddard School - Longmont,,Boulder,100.0,Kindergarten
12629,Child Care/Preschool,Haaff Preschool,,Pueblo,96.6,Child Care/Preschool
12630,Child Care/Preschool,Hagen Early Education Center,,Logan,97.3,Child Care/Preschool
12631,Child Care/Preschool,Handprints Early Education Center,,El Paso,73.8,Child Care/Preschool
12635,Child Care/Preschool,Happy Hearts Development Center Inc.,,Boulder,97.9,Child Care/Preschool
12637,Child Care/Preschool,Happy Valley Childrens Ranch,,Jefferson,94.3,Child Care/Preschool
12639,Child Care/Preschool,Har Shalom Preschool & Kindergarten,,Larimer,95.5,Child Care/Preschool
12642,Child Care/Preschool,Haskin Elementary Preschool,,Saguache,95.4,Child Care/Preschool
12644,Child Care/Preschool,Hayden Preschool,,Routt,88.0,Child Care/Preschool
12646,Child Care/Preschool,Head Start Salida Early Childhood,,Chaffee,89.7,Child Care/Preschool
12649,Child Care/Preschool,Heavens Little Steps Day Care,,Mesa,85.1,Child Care/Preschool
12652,Child Care/Preschool,Heritage Christian Academy Preschool,,Larimer,71.4,Child Care/Preschool
12653,Child Care/Preschool,Heritage Elementary Preschool,,Arapahoe,100.0,Child Care/Preschool
12654,Child Care/Preschool,Heritage Park Preschool,,Routt,100.0,Child Care/Preschool
12655,Child Care/Preschool,Heritage Preschool,,Pueblo,92.9,Child Care/Preschool
12656,Child Care/Preschool,Hi Plains Preschool,,Kit Carson,60.0,Child Care/Preschool
12657,Child Care/Preschool,Mesa View Head Start,,Montezuma,98.1,Child Care/Preschool
12658,Child Care/Preschool,High Plains Early Childhood Center,,Larimer,100.0,Child Care/Preschool
12659,Child Care/Preschool,High Plains Elementary Preschool,,El Paso,84.2,Child Care/Preschool
12660,Child Care/Preschool,High Point Academy Preschool,,Adams,98.3,Child Care/Preschool
12661,Child Care/Preschool,ABC Ault,,Weld,96.6,Child Care/Preschool
12663,Child Care/Preschool,Highland Preschool,,Garfield,100.0,Child Care/Preschool
12664,Child Care/Preschool,Highlands Academy,,Denver,99.5,Child Care/Preschool
12665,Child Care/Preschool,Highlands Montessori,,Denver,100.0,Child Care/Preschool
12666,Child Care/Preschool,Highlands Ranch Community Association - Eastridge,,Douglas,97.4,Child Care/Preschool
12668,Child Care/Preschool,Highline Academy Northeast,,Denver,95.5,Child Care/Preschool
12670,Child Care/Preschool,Highpointe Academy - 4721 North Industrial Way,,Douglas,91.1,Child Care/Preschool
12673,Child Care/Preschool,Lake City Community Preschool,,Hinsdale,100.0,Child Care/Preschool
12675,Child Care/Preschool,Josephine Hodgkins Elementary Preschool,,Adams,100.0,Child Care/Preschool
12676,Child Care/Preschool,Hoff Elementary Preschool,,Weld,82.1,Child Care/Preschool
12677,Child Care/Preschool,Holly Preschool / Daycare Center,,Prowers,95.0,Child Care/Preschool
12679,Child Care/Preschool,Holy Apostles Preschool,,El Paso,93.8,Child Care/Preschool
12681,Child Care/Preschool,Holy Cross Lutheran Preschool,,El Paso,100.0,Child Care/Preschool
12682,Child Care/Preschool,Holy Love Preschool,,Arapahoe,36.2,Child Care/Preschool
12684,Child Care/Preschool,Holy Trinity Lutheran Preschool - 6322 S Lakeview,,Arapahoe,89.4,Child Care/Preschool
12685,Child Care/Preschool,Blessed Miguel Pro Catholic Preschool,,Adams,100.0,Child Care/Preschool
12690,Child Care/Preschool,Hope Center Inc,,Denver,100.0,Child Care/Preschool
12690,Child Care/Preschool,Hope Center Inc,,Denver,100.0,Kindergarten
12691,Child Care/Preschool,Hope Montessori Academy - 2041 Chuckwagon Road,,El Paso,93.4,Child Care/Preschool
12691,Child Care/Preschool,Hope Montessori Academy - 2041 Chuckwagon Road,,El Paso,100.0,Kindergarten
12692,Child Care/Preschool,Hope Montessori Academy - 6353 Stetson Hills Boule,,El Paso,94.5,Child Care/Preschool
12692,Child Care/Preschool,Hope Montessori Academy - 6353 Stetson Hills Boule,,El Paso,100.0,Kindergarten
12693,Child Care/Preschool,Hope Montessori Academy - 18075 Minglewood Trail,,El Paso,17.4,Child Care/Preschool
12694,Child Care/Preschool,Hope Montessori Academy - 7312 McLaughlin Road,,El Paso,97.3,Child Care/Preschool
12694,Child Care/Preschool,Hope Montessori Academy - 7312 McLaughlin Road,,El Paso,100.0,Kindergarten
12695,Child Care/Preschool,Hope Montessori Academy - 4401 Main Street,,Adams,94.9,Child Care/Preschool
12696,Child Care/Preschool,Hope Montessori Academy - 12121 Pennsylvania Stree,,Adams,96.2,Child Care/Preschool
12696,Child Care/Preschool,Hope Montessori Academy - 12121 Pennsylvania Stree,,Adams,100.0,Kindergarten
12697,Child Care/Preschool,Hope Montessori Academy - 12290 Pennsylvania Stree,,Adams,96.0,Child Care/Preschool
12698,Child Care/Preschool,Hope Montessori Academy - 13785 Huron Street,,Broomfield,100.0,Child Care/Preschool
12699,Child Care/Preschool,Hope Parents Day Out Preschool,,Arapahoe,92.6,Child Care/Preschool
12701,Child Care/Preschool,Hudson Elementary Preschool,,Weld,91.7,Child Care/Preschool
12702,Child Care/Preschool,Hunters Glen Preschool,,Adams,98.0,Child Care/Preschool
12703,Child Care/Preschool,Hygiene Elementary Preschool,,Boulder,100.0,Child Care/Preschool
12705,Child Care/Preschool,Ikid Academy - Aurora,,Arapahoe,100.0,Child Care/Preschool
12706,Child Care/Preschool,Iliff Community Center Inc,,Logan,100.0,Child Care/Preschool
12707,Child Care/Preschool,Iliff Preschool,,Denver,98.6,Child Care/Preschool
12707,Child Care/Preschool,Iliff Preschool,,Denver,100.0,Kindergarten
12711,Child Care/Preschool,Imagine Charter Preschool at Firestone,,Weld,97.1,Child Care/Preschool
12712,Child Care/Preschool,Immanuel Lutheran Preschool,,Larimer,82.6,Child Care/Preschool
12713,Child Care/Preschool,Independence Academy Preschool,,Mesa,93.3,Child Care/Preschool
12715,Child Care/Preschool,Indian Ridge Preschool,,Arapahoe,100.0,Child Care/Preschool
12718,Child Care/Preschool,Inspire Preschool,,Denver,66.7,Child Care/Preschool
12719,Child Care/Preschool,International Learning Center,,Arapahoe,91.3,Child Care/Preschool
12721,Child Care/Preschool,Iowa Elementary Preschool,,Arapahoe,100.0,Child Care/Preschool
12722,Child Care/Preschool,Irving Elementary Preschool,,Pueblo,100.0,Child Care/Preschool
12725,Child Care/Preschool,Jacob Academy - 10790 West Jewell Avenue,,Jefferson,93.3,Child Care/Preschool
12726,Child Care/Preschool,Jacob Academy - 1139 South Alkire Street,,Jefferson,94.5,Child Care/Preschool
12727,Child Care/Preschool,Jamaica Child Development Center,,Arapahoe,98.1,Child Care/Preschool
12731,Child Care/Preschool,Jarrow Montessori Preschool,,Boulder,97.2,Child Care/Preschool
12732,Child Care/Preschool,Jay & Rose Phillips Ecc @ The Boulder Jcc,,Boulder,98.8,Child Care/Preschool
12733,Child Care/Preschool,Jefferson County Head Start - 12725 West 42nd Aven,,Jefferson,93.8,Child Care/Preschool
12734,Child Care/Preschool,Jefferson County Head Start - 5150 Allison Street,,Jefferson,98.5,Child Care/Preschool
12735,Child Care/Preschool,Jefferson County Open School Preschool,,Jefferson,95.0,Child Care/Preschool
12736,Child Care/Preschool,Jefferson Street Preschool,,Boulder,100.0,Child Care/Preschool
12737,Child Care/Preschool,Jewell Elementary Preschool,,Arapahoe,100.0,Child Care/Preschool
12738,Child Care/Preschool,JCC Early Learning School,,Denver,100.0,Child Care/Preschool
12740,Child Care/Preschool,John Neumann Preschool,,Pueblo,83.3,Child Care/Preschool
12745,Child Care/Preschool,Johnstown United Methodist Preschool,,Weld,98.1,Child Care/Preschool
12746,Child Care/Preschool,Stepping Stones Learning Center of Littleton,,Jefferson,100.0,Child Care/Preschool
12748,Child Care/Preschool,Joyful Journey Preschool,,Mesa,96.3,Child Care/Preschool
12749,Child Care/Preschool,Joyful Mission Preschool,,Douglas,91.4,Child Care/Preschool
12750,Child Care/Preschool,Julesburg Early Education Center,,Sedgwick,90.9,Child Care/Preschool
12752,Child Care/Preschool,Jump Start Learning Center,,Bent,33.9,Child Care/Preschool
12753,Child Care/Preschool,Edwards Early Learning Center,,Eagle,100.0,Child Care/Preschool
12756,Child Care/Preschool,Junior Academy Small Wonders,,El Paso,95.2,Child Care/Preschool
12757,Child Care/Preschool,Junior Jets Child Development Center,,Boulder,100.0,Child Care/Preschool
12761,Child Care/Preschool,Kathryn Senor Preschool,,Garfield,96.9,Child Care/Preschool
12763,Child Care/Preschool,Ken-caryl Ranch Metropolitan District - Club Drive,,Jefferson,88.2,Child Care/Preschool
12764,Child Care/Preschool,Ken-caryl Ranch Metropolitan District - Continenta,,Jefferson,91.7,Child Care/Preschool
12765,Child Care/Preschool,Kendallvue Preschool,,Jefferson,95.8,Child Care/Preschool
12766,Child Care/Preschool,Kendrick Lakes Preschool,,Jefferson,97.5,Child Care/Preschool
12767,Child Care/Preschool,Kent Denver Preschool,,Arapahoe,100.0,Child Care/Preschool
12768,Child Care/Preschool,Kenton Elementary School Preschool,,Arapahoe,100.0,Child Care/Preschool
12769,Child Care/Preschool,Kid Central Llc,,Jefferson,88.9,Child Care/Preschool
12770,Child Care/Preschool,Kiddie Academy Of Erie,,Weld,99.3,Child Care/Preschool
12774,Child Care/Preschool,Kids 4 Real Inc.,,Denver,90.9,Child Care/Preschool
12779,Child Care/Preschool,Kids Campus/crowley Co Child Care Ctr,,Crowley,92.9,Child Care/Preschool
12781,Child Care/Preschool,Kids Discovery Day,,Jefferson,98.7,Child Care/Preschool
12782,Child Care/Preschool,Kids Haven - South,,Weld,91.9,Child Care/Preschool
12784,Child Care/Preschool,Kids Of The Kingdom Christian Day Sch,,Mesa,79.3,Child Care/Preschool
12789,Child Care/Preschool,Kids Tech Child Care Lab Center - 500 Airport Boul,,Arapahoe,100.0,Child Care/Preschool
12797,Child Care/Preschool,Kilmer Pre-school,,El Paso,91.7,Child Care/Preschool
12798,Child Care/Preschool,Kim Preschool,,Las Animas,60.0,Child Care/Preschool
12803,Child Care/Preschool,East Thornton KinderCare - 4200 East 128th,,Adams,100.0,Child Care/Preschool
12805,Child Care/Preschool,Cheyenne Meadows KinderCare,,El Paso,100.0,Child Care/Preschool
12807,Child Care/Preschool,Canyon Point KinderCare - 107 North Rubey Drive,,Jefferson,87.6,Child Care/Preschool
12808,Child Care/Preschool,Mountain Shadows KinderCare,,El Paso,79.8,Child Care/Preschool
12815,Child Care/Preschool,Vickers KinderCare,,El Paso,63.5,Child Care/Preschool
12818,Child Care/Preschool,Northwoods KinderCare - 7035 Lexington Drive,,El Paso,76.7,Child Care/Preschool
12819,Child Care/Preschool,Mesa KinderCare - 1204 Mesa Road,,El Paso,98.7,Child Care/Preschool
12820,Child Care/Preschool,Longmont Kindercare - 851 Crisman Drive,,Boulder,100.0,Child Care/Preschool
12821,Child Care/Preschool,Eagle Ridge KinderCare - 18601 Eagle Ridge Drive,,Jefferson,91.3,Child Care/Preschool
12822,Child Care/Preschool,Rooney Ranch Kindercare - 13990 West Bates Avenue,,Jefferson,97.6,Child Care/Preschool
12823,Child Care/Preschool,Stetson Hills KinderCare - 5797 Jackpot Drive,,El Paso,97.7,Child Care/Preschool
12824,Child Care/Preschool,Arvada West KinderCare - 6255 Simms Street,,Jefferson,79.6,Child Care/Preschool
12826,Child Care/Preschool,Knowledge Beginnings - 10325 East 31st Avenue,,Denver,100.0,Child Care/Preschool
12830,Child Care/Preschool,King Baptist Church Child Care & Preschool,,Denver,96.7,Child Care/Preschool
12831,Child Care/Preschool,King Murphy Preschool,,Clear Creek,90.6,Child Care/Preschool
12833,Child Care/Preschool,Plainview Preschool,,Kiowa,85.7,Child Care/Preschool
12834,Child Care/Preschool,Kiowa Preschool And Learning Center,,Elbert,87.0,Child Care/Preschool
12836,Child Care/Preschool,Knowledge Universe/Littleton Knowledge Beginnings,,Jefferson,78.7,Child Care/Preschool
12837,Child Care/Preschool,Englewood Knowledge Beginnings,,Douglas,94.3,Child Care/Preschool
12838,Child Care/Preschool,Kohl Elementary Preschool,,Broomfield,100.0,Child Care/Preschool
12839,Child Care/Preschool,Kohl Street Kids Preschool And Base Program,,Broomfield,92.3,Child Care/Preschool
12841,Child Care/Preschool,Kremmling Preschool,,Grand,97.0,Child Care/Preschool
12845,Child Care/Preschool,La Petite Academy - 380 South McCaslin Boulevard,,Boulder,100.0,Child Care/Preschool
12846,Child Care/Preschool,Kyffin Preschool (pleasant View Preschool),,Jefferson,94.9,Child Care/Preschool
12848,Child Care/Preschool,La Petite Academy of Lakewood - 348 South Owens St,,Jefferson,61.5,Child Care/Preschool
12852,Child Care/Preschool,La Petite Academy - 11180 Eaton Street,,Jefferson,100.0,Child Care/Preschool
12853,Child Care/Preschool,La Petite Academy - 17001 East Iliff Avenue,,Arapahoe,97.0,Child Care/Preschool
12854,Child Care/Preschool,La Petite Academy - 17391 East Wagon Trail Parkway,,Arapahoe,25.0,Child Care/Preschool
12855,Child Care/Preschool,La Petite Academy of Parker,,Douglas,59.4,Child Care/Preschool
12857,Child Care/Preschool,La Petite Academy of Littleton - 11550 West Burgan,,Jefferson,97.1,Child Care/Preschool
12861,Child Care/Preschool,La Veta Public School Preschool,,Huerfano,85.0,Child Care/Preschool
12863,Child Care/Preschool,Lake Arbor Center,,Jefferson,94.7,Child Care/Preschool
12864,Child Care/Preschool,Lake George Preschool,,Park,71.4,Child Care/Preschool
12866,Child Care/Preschool,Lil Tots Child Care Center Inc.,,Denver,100.0,Child Care/Preschool
12867,Child Care/Preschool,Lakewood United Methodist Pdo + Preschool,,Jefferson,98.7,Child Care/Preschool
12868,Child Care/Preschool,Landmark Christian Preschool,,Mesa,78.8,Child Care/Preschool
12869,Child Care/Preschool,Lansing Elementary Preschool,,Arapahoe,100.0,Child Care/Preschool
12870,Child Care/Preschool,Larks Preschool,,Denver,85.7,Child Care/Preschool
12874,Child Care/Preschool,Learn Play Move Preschool @dsg,,Jefferson,100.0,Child Care/Preschool
12875,Child Care/Preschool,Learn Thru Play Childrens Kiddieland,,Otero,82.4,Child Care/Preschool
12876,Child Care/Preschool,Leawood Preschool,,Jefferson,96.2,Child Care/Preschool
12878,Child Care/Preschool,Lewis Palmer Elementary Preschool,,El Paso,91.7,Child Care/Preschool
12879,Child Care/Preschool,Liberty Preschool,,Yuma,100.0,Child Care/Preschool
12880,Child Care/Preschool,Liberty Point Elementary Preschool,,Pueblo,100.0,Child Care/Preschool
12881,Child Care/Preschool,Life Center Academy,,Pueblo,100.0,Child Care/Preschool
12884,Child Care/Preschool,Lightway At Sloans,,Jefferson,100.0,Child Care/Preschool
12885,Child Care/Preschool,Lil Peoples Learning Center,,Denver,96.7,Child Care/Preschool
12889,Child Care/Preschool,Lilley Gulch Recreation Center Preschool,,Jefferson,93.8,Child Care/Preschool
12890,Child Care/Preschool,Limon Child Development Center,,Lincoln,91.4,Child Care/Preschool
12891,Child Care/Preschool,Lincoln Academy Preschool,,Jefferson,91.7,Child Care/Preschool
12892,Child Care/Preschool,Lincoln Elementary Preschool,,Larimer,97.7,Child Care/Preschool
12893,Child Care/Preschool,Lincoln Orchard Mesa Elementary Prs,,Mesa,100.0,Child Care/Preschool
12895,Child Care/Preschool,Little Angels Christian Pre-school,,Weld,100.0,Child Care/Preschool
12900,Child Care/Preschool,Little Bears Preschool Inc.,,Douglas,85.2,Child Care/Preschool
12901,Child Care/Preschool,Little Blessings,,Douglas,92.4,Child Care/Preschool
12903,Child Care/Preschool,Little Boots Early Learning Center,,Adams,100.0,Child Care/Preschool
12905,Child Care/Preschool,Little Einsteins Academy,,Denver,100.0,Child Care/Preschool
12906,Child Care/Preschool,Little Folks,,Logan,95.2,Child Care/Preschool
12909,Child Care/Preschool,Little Giants Learning Center,,Adams,97.5,Child Care/Preschool
12910,Child Care/Preschool,Little Harvard Academy,,Jefferson,11.5,Child Care/Preschool
12914,Child Care/Preschool,Little Lambs Trinity Lutheran School Preschool,,Morgan,85.0,Child Care/Preschool
12917,Child Care/Preschool,Little Lights Christian Early Learning Center,,Adams,81.0,Child Care/Preschool
12928,Child Care/Preschool,Little Peoples Landing Learning - Fort Collins,,Larimer,100.0,Child Care/Preschool
12933,Child Care/Preschool,Little Red School House,,Pitkin,97.1,Child Care/Preschool
12934,Child Care/Preschool,Little Red Schoolhouse - ctsd bte,,Gunnison,100.0,Child Care/Preschool
12937,Child Care/Preschool,Little Sprouts Community Preschool,,Delta,90.0,Child Care/Preschool
12938,Child Care/Preschool,Grand Kids Learning Center,,Grand,87.5,Child Care/Preschool
12939,Child Care/Preschool,Little Sprouts Learning Center,,El Paso,95.8,Child Care/Preschool
12941,Child Care/Preschool,Little Star Head Start,,Adams,100.0,Child Care/Preschool
12942,Child Care/Preschool,Little Star Learning Center,,Arapahoe,100.0,Child Care/Preschool
12946,Child Care/Preschool,Little Treasures Preschool,,Conejos,96.8,Child Care/Preschool
12947,Child Care/Preschool,Little Tykes Learning Center,,El Paso,100.0,Child Care/Preschool
12950,Child Care/Preschool,Littleton Montessori,,Jefferson,92.5,Child Care/Preschool
12950,Child Care/Preschool,Littleton Montessori,,Jefferson,100.0,Kindergarten
12951,Child Care/Preschool,Little Red Schoolhouse,,Summit,92.3,Child Care/Preschool
12952,Child Care/Preschool,Littleton Preparatory Charter School Preschool,,Arapahoe,93.5,Child Care/Preschool
12953,Child Care/Preschool,Living Church Adventures In Learning - 2431 South,,Denver,95.8,Child Care/Preschool
12955,Child Care/Preschool,Living Stone Calvary - Royal Gorge Christian,,Fremont,75.0,Child Care/Preschool
12956,Child Care/Preschool,Living Way Christian Preschool,,Douglas,87.2,Child Care/Preschool
12957,Child Care/Preschool,Living Word Lutheran Preschool,,Montrose,87.0,Child Care/Preschool
12959,Child Care/Preschool,Loma Preschool,,Mesa,81.3,Child Care/Preschool
12960,Child Care/Preschool,Longmont Christian Preschool,,Boulder,92.9,Child Care/Preschool
12961,Child Care/Preschool,Longmont Estates Preschool,,Boulder,100.0,Child Care/Preschool
12962,Child Care/Preschool,Lookout Mountain Preschool,,Jefferson,96.1,Child Care/Preschool
12963,Child Care/Preschool,Lord Of Life Preschool,,Adams,97.6,Child Care/Preschool
12966,Child Care/Preschool,Louisville Preschool Inc,,Boulder,100.0,Child Care/Preschool
12967,Child Care/Preschool,Lousiville Recreation / Senior Center Preschool,,Boulder,96.9,Child Care/Preschool
12969,Child Care/Preschool,Loveland Preschool Inc,,Larimer,92.6,Child Care/Preschool
12971,Child Care/Preschool,Lowry Intergenerational Center,,Arapahoe,90.3,Child Care/Preschool
12972,Child Care/Preschool,Mile High Early Learning - Lowry,,Denver,91.7,Child Care/Preschool
12973,Child Care/Preschool,Lumberg Preschool,,Jefferson,91.9,Child Care/Preschool
12974,Child Care/Preschool,Del Mar Academy,,Arapahoe,87.0,Child Care/Preschool
12975,Child Care/Preschool,Lyons Elementary Preschool,,Boulder,100.0,Child Care/Preschool
12976,Child Care/Preschool,Lyons Valley Preschool,,Boulder,90.0,Child Care/Preschool
12977,Child Care/Preschool,Mackintosh Academy Preschool,,Arapahoe,100.0,Child Care/Preschool
12978,Child Care/Preschool,Malley Drive Elementary Preschool,,Adams,97.0,Child Care/Preschool
12979,Child Care/Preschool,Mancos Early Learning Center,,Montezuma,100.0,Child Care/Preschool
12980,Child Care/Preschool,Manitou Springs Dist 14 Preschool,,El Paso,85.0,Child Care/Preschool
12981,Child Care/Preschool,Many Blessings Child Care,,Weld,100.0,Child Care/Preschool
12982,Child Care/Preschool,Mapleton Early Childcare Center,,Boulder,94.5,Child Care/Preschool
12983,Child Care/Preschool,Mapleton Montessori School,,Boulder,95.8,Child Care/Preschool
12983,Child Care/Preschool,Mapleton Montessori School,,Boulder,100.0,Kindergarten
12984,Child Care/Preschool,Pagosa Springs Head Start,,Archuleta,83.3,Child Care/Preschool
12986,Child Care/Preschool,Margaret W. Carpenter Recreation Center,,Adams,100.0,Child Care/Preschool
12988,Child Care/Preschool,Mark Twain Elementary Preschool (Cpcd),,El Paso,100.0,Child Care/Preschool
12991,Child Care/Preschool,Maslow Academy Preschool,,Montrose,88.4,Child Care/Preschool
12991,Child Care/Preschool,Maslow Academy Preschool,,Montrose,88.9,Kindergarten
12992,Child Care/Preschool,Mcclave Preschool And Day Care Center,,Bent,100.0,Child Care/Preschool
12993,Child Care/Preschool,Mccoy & Little John Center,,El Paso,100.0,Child Care/Preschool
12994,Child Care/Preschool,Mchs Childcare Center,,Jefferson,100.0,Child Care/Preschool
12995,Child Care/Preschool,Mead Elementary Preschool,,Weld,96.9,Child Care/Preschool
12996,Child Care/Preschool,Meadow Community Preschool,,Adams,100.0,Child Care/Preschool
12997,Child Care/Preschool,Meadow Lark Montessori School,,Adams,93.8,Child Care/Preschool
12998,Child Care/Preschool,Meadow Point Elementary Preschool,,Arapahoe,87.3,Child Care/Preschool
13000,Child Care/Preschool,Meadowood Child Development Center,,Arapahoe,90.3,Child Care/Preschool
13002,Child Care/Preschool,Meeker Neighborhood Center,,Boulder,100.0,Child Care/Preschool
13003,Child Care/Preschool,Meeker Preschool,,Rio Blanco,93.3,Child Care/Preschool
13005,Child Care/Preschool,Melvin Hendrickson Developmental Ctr,,Prowers,96.2,Child Care/Preschool
13006,Child Care/Preschool,Mercy Employee Childcare,,La Plata,94.6,Child Care/Preschool
13007,Child Care/Preschool,Meridian Ranch Preschool,,El Paso,96.7,Child Care/Preschool
13013,Child Care/Preschool,Mesa View Preschool,,Mesa,93.9,Child Care/Preschool
13015,Child Care/Preschool,Miami-Yoder Preschool,,El Paso,77.4,Child Care/Preschool
13016,Child Care/Preschool,Mile Hi Childrens Enrichment Center,,Jefferson,95.7,Child Care/Preschool
13018,Child Care/Preschool,Mile High Early Learning - Westwood,,Denver,100.0,Child Care/Preschool
13019,Child Care/Preschool,Miller Ranch Child Care Center,,Eagle,100.0,Child Care/Preschool
13020,Child Care/Preschool,Minnequa Elementary Preschool,,Pueblo,93.1,Child Care/Preschool
13021,Child Care/Preschool,Genesis Preschool - Miramont South,,Larimer,93.0,Child Care/Preschool
13024,Child Care/Preschool,Mission Hills Early Learning Center,,Arapahoe,87.4,Child Care/Preschool
13025,Child Care/Preschool,Mission Viejo Preschool,,Arapahoe,97.1,Child Care/Preschool
13026,Child Care/Preschool,Moffat Preschool,,Saguache,42.9,Child Care/Preschool
13027,Child Care/Preschool,Moffat County Early Childhood Center,,Moffat,94.8,Child Care/Preschool
13029,Child Care/Preschool,Monarch Montessori First Steps,,Denver,96.5,Child Care/Preschool
13030,Child Care/Preschool,Monroe Cpcd Preschool,,El Paso,91.7,Child Care/Preschool
13032,Child Care/Preschool,Monte Vista Headstart,,Rio Grande,94.7,Child Care/Preschool
13033,Child Care/Preschool,Marsh School Preschool,,Rio Grande,97.6,Child Care/Preschool
13035,Child Care/Preschool,Monterey Elementary Preschool (Cpcd),,El Paso,96.4,Child Care/Preschool
13036,Child Care/Preschool,Montessori Academy Of Colorado Preschool,,Denver,100.0,Child Care/Preschool
13037,Child Care/Preschool,Montessori Academy Of Northern Colorado,,Weld,89.7,Child Care/Preschool
13037,Child Care/Preschool,Montessori Academy Of Northern Colorado,,Weld,100.0,Kindergarten
13038,Child Care/Preschool,Montessori Academy Llc,,Boulder,100.0,Child Care/Preschool
13039,Child Care/Preschool,Montessori At Mountain School,,San Miguel,93.8,Child Care/Preschool
13040,Child Care/Preschool,Montessori Casa International,,Denver,100.0,Child Care/Preschool
13041,Child Care/Preschool,Montessori Childrens House Of Denver - Central Pa,,Denver,98.9,Child Care/Preschool
13041,Child Care/Preschool,Montessori Childrens House Of Denver - Central Pa,,Denver,100.0,Kindergarten
13042,Child Care/Preschool,Montessori Childrens House Of Denver Park Hill,,Denver,100.0,Child Care/Preschool
13042,Child Care/Preschool,Montessori Childrens House Of Denver Park Hill,,Denver,100.0,Kindergarten
13043,Child Care/Preschool,Montessori Childrens House Of Denver - Mayfair,,Denver,97.9,Child Care/Preschool
13043,Child Care/Preschool,Montessori Childrens House Of Denver - Mayfair,,Denver,100.0,Kindergarten
13044,Child Care/Preschool,Montessori Del Mundo Preschool,,Arapahoe,97.7,Child Care/Preschool
13045,Child Care/Preschool,Montessori Peaks Academy,,Jefferson,96.6,Child Care/Preschool
13047,Child Care/Preschool,Montessori School At Lone Tree,,Douglas,89.2,Child Care/Preschool
13049,Child Care/Preschool,Montessori School Of Castle Rock,,Douglas,94.4,Child Care/Preschool
13050,Child Care/Preschool,Cherry Creek Montessori Academy,,Arapahoe,100.0,Child Care/Preschool
13051,Child Care/Preschool,Montessori School Of Denver Child Care,,Denver,99.3,Child Care/Preschool
13052,Child Care/Preschool,Montessori School Of Evergreen - 29740 Troutdale S,,Jefferson,95.0,Child Care/Preschool
13052,Child Care/Preschool,Montessori School Of Evergreen - 29740 Troutdale S,,Jefferson,100.0,Kindergarten
13053,Child Care/Preschool,Montessori School Of Evergreen - 6979 Highway 73,,Jefferson,91.7,Child Care/Preschool
13053,Child Care/Preschool,Montessori School Of Evergreen - 6979 Highway 73,,Jefferson,88.9,Kindergarten
13057,Child Care/Preschool,Montview Community Preschool,,Denver,95.8,Child Care/Preschool
13057,Child Care/Preschool,Montview Community Preschool,,Denver,95.5,Kindergarten
13058,Child Care/Preschool,Montview Elementary Preschool,,Adams,100.0,Child Care/Preschool
13059,Child Care/Preschool,Monument Academy Preschool,,El Paso,86.9,Child Care/Preschool
13060,Child Care/Preschool,Monument Preschool,,Mesa,97.1,Child Care/Preschool
13063,Child Care/Preschool,Mortensen Preschool,,Jefferson,100.0,Child Care/Preschool
13065,Child Care/Preschool,Most Precious Blood Early Learning,,Denver,100.0,Child Care/Preschool
13068,Child Care/Preschool,Mountain Montessori Avon,,Eagle,100.0,Child Care/Preschool
13069,Child Care/Preschool,Mountain Munchkins/town Of Mountain Village,,San Miguel,100.0,Child Care/Preschool
13071,Child Care/Preschool,Mountain Phoenix Community Preschool,,Jefferson,91.0,Child Care/Preschool
13072,Child Care/Preschool,Mountain Shadows Montessori Preschool,,Boulder,96.7,Child Care/Preschool
13072,Child Care/Preschool,Mountain Shadows Montessori Preschool,,Boulder,83.3,Kindergarten
13073,Child Care/Preschool,Mountain Sprouts Preschool,,San Miguel,84.6,Child Care/Preschool
13075,Child Care/Preschool,Mountain Tots Preschool,,Eagle,94.1,Child Care/Preschool
13076,Child Care/Preschool,Mountain Valley Lutheran Preschool,,Eagle,72.0,Child Care/Preschool
13079,Child Care/Preschool,Mountain View Core Knowledge Preschool,,Fremont,96.7,Child Care/Preschool
13080,Child Care/Preschool,Mountain View Preschool - 1415 14th Avenue,,Boulder,96.1,Child Care/Preschool
13082,Child Care/Preschool,Steamboat Montessori Preschool,,Routt,92.3,Child Care/Preschool
13083,Child Care/Preschool,Mountain Vista Elementary Preschool,,Arapahoe,97.1,Child Care/Preschool
13086,Child Care/Preschool,Mt Olive Lutheran Church Early Child Ed,,Arapahoe,86.1,Child Care/Preschool
13087,Child Care/Preschool,Mt Sopris Montessori School,,Garfield,100.0,Child Care/Preschool
13088,Child Care/Preschool,Mt Zion Lutheran Preschool,,Boulder,95.2,Child Care/Preschool
13089,Child Care/Preschool,Mt. Carbon Preschool,,Jefferson,98.5,Child Care/Preschool
13090,Child Care/Preschool,Murphy Creek P-8 Preschool,,Arapahoe,91.8,Child Care/Preschool
13093,Child Care/Preschool,My Second Home - 300 West Baseline Road,,Boulder,100.0,Child Care/Preschool
13096,Child Care/Preschool,Needham Preschool,,La Plata,95.1,Child Care/Preschool
13098,Child Care/Preschool,New Child Montessori School,,Fremont,95.0,Child Care/Preschool
13100,Child Care/Preschool,New Creation Preschool,,Garfield,100.0,Child Care/Preschool
13101,Child Care/Preschool,New Horizons Academy Preschool - 33 S Harding,,Weld,91.3,Child Care/Preschool
13102,Child Care/Preschool,New Horizons Cooperative Preschool,,Boulder,71.0,Child Care/Preschool
13104,Child Care/Preschool,New Legacy Early Learning Center,,Adams,96.6,Child Care/Preschool
13105,Child Care/Preschool,Nina Bees Nature Explorers Elc,,Denver,96.8,Child Care/Preschool
13106,Child Care/Preschool,D51 Early Childhood Center,,Mesa,96.1,Child Care/Preschool
13107,Child Care/Preschool,Niwot Elementary Preschool,,Boulder,95.2,Child Care/Preschool
13110,Child Care/Preschool,Noahs Ark Learning Center,,Adams,100.0,Child Care/Preschool
13111,Child Care/Preschool,Norma Anderson Preschool,,Jefferson,97.8,Child Care/Preschool
13112,Child Care/Preschool,North CPCD Child Care Center,,El Paso,94.7,Child Care/Preschool
13113,Child Care/Preschool,North Fork Montessori @ Crawford Preschool,,Delta,68.0,Child Care/Preschool
13114,Child Care/Preschool,North Mesa Elementary Preschool,,Pueblo,100.0,Child Care/Preschool
13115,Child Care/Preschool,Widefield District Preschool,,El Paso,95.1,Child Care/Preschool
13116,Child Care/Preschool,North Routt Preschool & Early Learning Center,,Routt,84.2,Child Care/Preschool
13117,Child Care/Preschool,North Star Elementary Preschool,,Adams,100.0,Child Care/Preschool
13119,Child Care/Preschool,Wheeling Elementary Preschool,,Arapahoe,100.0,Child Care/Preschool
13122,Child Care/Preschool,Widefield Parks And Recreation ECE,,El Paso,84.1,Child Care/Preschool
13123,Child Care/Preschool,Wiggins Preschool,,Morgan,96.8,Child Care/Preschool
13124,Child Care/Preschool,Wild Plum Center,,Boulder,97.6,Child Care/Preschool
13125,Child Care/Preschool,Wild Plum Center Powell,,Boulder,91.1,Child Care/Preschool
13128,Child Care/Preschool,Wildwood School,,Pitkin,83.3,Child Care/Preschool
13130,Child Care/Preschool,Willows Child Learning at Arapaho Hills,,Arapahoe,97.6,Child Care/Preschool
13131,Child Care/Preschool,Willows Child Learning Center at Quebec,,Arapahoe,98.6,Child Care/Preschool
13133,Child Care/Preschool,Wilmot Preschool,,Jefferson,89.5,Child Care/Preschool
13134,Child Care/Preschool,Wilson Christian Preschool,,El Paso,77.4,Child Care/Preschool
13135,Child Care/Preschool,Wilson Elementary Preschool,,El Paso,87.2,Child Care/Preschool
13138,Child Care/Preschool,Winona Elementary Preschool,,Larimer,100.0,Child Care/Preschool
13141,Child Care/Preschool,Woodglen Elementary Preschool,,Adams,100.0,Child Care/Preschool
13144,Child Care/Preschool,Wooden Shoe Preschool & Kindergarden,,Jefferson,98.2,Child Care/Preschool
13145,Child Care/Preschool,Woodlin Preschool,,Washington,83.3,Child Care/Preschool
13147,Child Care/Preschool,Woodmen Hills Elementary Preschool,,El Paso,96.3,Child Care/Preschool
13148,Child Care/Preschool,Woodmen Roberts Special Needs Preschool,,El Paso,96.7,Child Care/Preschool
13149,Child Care/Preschool,Woodrow Wilson Prekindergarten,,Jefferson,87.5,Child Care/Preschool
13150,Child Care/Preschool,Woody Creek Kids,,Pitkin,88.9,Child Care/Preschool
13151,Child Care/Preschool,Word Of Life Christian Center,,Douglas,89.6,Child Care/Preschool
13151,Child Care/Preschool,Word Of Life Christian Center,,Douglas,70.6,Kindergarten
13152,Child Care/Preschool,World Compass Academy Preschool,,Douglas,92.5,Child Care/Preschool
13153,Child Care/Preschool,Wray Community Learning Center,,Yuma,94.1,Child Care/Preschool
13154,Child Care/Preschool,Wray Elementary Preschool,,Yuma,100.0,Child Care/Preschool
13155,Child Care/Preschool,Yale Elementary Preschool,,Arapahoe,100.0,Child Care/Preschool
13156,Child Care/Preschool,Yampah Mountain High School Nursery,,Garfield,100.0,Child Care/Preschool
13160,Child Care/Preschool,Young Peoples Learning Center - Matthews,,Larimer,95.8,Child Care/Preschool
13161,Child Care/Preschool,Young Peoples Learning Center - Plum,,Larimer,100.0,Child Care/Preschool
13162,Child Care/Preschool,Open Door Childcare Center,,Denver,100.0,Child Care/Preschool
13163,Child Care/Preschool,OPENair Academy,,Adams,100.0,Child Care/Preschool
13167,Child Care/Preschool,Yuma Childrens Academy,,Yuma,97.6,Child Care/Preschool
13169,Child Care/Preschool,Persimmon Early Learning of the YWCA,,Boulder,100.0,Child Care/Preschool
13170,Child Care/Preschool,Zachs Place,,El Paso,87.5,Child Care/Preschool
13171,Child Care/Preschool,Zion Lutheran School,,Adams,91.5,Child Care/Preschool
13172,Child Care/Preschool,Lake Dillon Preschool,,Summit,100.0,Child Care/Preschool
13173,Child Care/Preschool,Northglenn United Methodist Preschool,,Adams,96.2,Child Care/Preschool
13174,Child Care/Preschool,Northridge Elementary Preschool,,Boulder,97.9,Child Care/Preschool
13176,Child Care/Preschool,Norwood Preschool,,San Miguel,92.9,Child Care/Preschool
13178,Child Care/Preschool,Oak Creek Elementary Preschool (CPCD),,El Paso,97.6,Child Care/Preschool
13181,Child Care/Preschool,Odyssey Preschool,,El Paso,92.3,Child Care/Preschool
13186,Child Care/Preschool,Open Arms Christian Preschool,,Larimer,86.7,Child Care/Preschool
13188,Child Care/Preschool,Orchard Valley Learning Center,,Arapahoe,99.3,Child Care/Preschool
13188,Child Care/Preschool,Orchard Valley Learning Center,,Arapahoe,93.8,Kindergarten
13190,Child Care/Preschool,La Junta Head Start,,Otero,100.0,Child Care/Preschool
13193,Child Care/Preschool,OJC-CDS HS RF,,Otero,100.0,Child Care/Preschool
13194,Child Care/Preschool,Otis School District R3 Preschool,,Washington,100.0,Child Care/Preschool
13196,Child Care/Preschool,Our Father Lutheran Preschool,,Arapahoe,92.2,Child Care/Preschool
13197,Child Care/Preschool,Our Lady Of Fatima Early Learning Center,,Jefferson,100.0,Child Care/Preschool
13198,Child Care/Preschool,Our Lady Of Lourdes Catholic Classical Preschool,,Denver,47.8,Child Care/Preschool
13198,Child Care/Preschool,Our Lady Of Lourdes Catholic Classical Preschool,,Denver,75.0,Kindergarten
13199,Child Care/Preschool,Our Savior Lutheran Preschool,,Archuleta,92.3,Child Care/Preschool
13200,Child Care/Preschool,Our Saviors Lutheran Early Childhood Ctr,,Weld,91.2,Child Care/Preschool
13201,Child Care/Preschool,Our Saviours Lutheran Preschool,,Larimer,87.5,Child Care/Preschool
13202,Child Care/Preschool,Our School Inc,,Garfield,100.0,Child Care/Preschool
13204,Child Care/Preschool,The Outback Preschool,,Arapahoe,100.0,Child Care/Preschool
13206,Child Care/Preschool,Paddington Station Inc,,Denver,97.5,Child Care/Preschool
13207,Child Care/Preschool,Palmer Lake Early Childhood Center,,El Paso,90.5,Child Care/Preschool
13208,Child Care/Preschool,Paonia Preschool,,Delta,66.7,Child Care/Preschool
13209,Child Care/Preschool,Paradise Place,,Gunnison,85.7,Child Care/Preschool
13214,Child Care/Preschool,Park Hill United Methodist Childrens Center,,Denver,100.0,Child Care/Preschool
13216,Child Care/Preschool,Park Preschool,,La Plata,96.8,Child Care/Preschool
13217,Child Care/Preschool,Parker Core Knowledge Preschool,,Douglas,100.0,Child Care/Preschool
13218,Child Care/Preschool,Parker Landing Child Development Center,,Douglas,96.7,Child Care/Preschool
13219,Child Care/Preschool,Parker Learning Center,,Arapahoe,100.0,Child Care/Preschool
13220,Child Care/Preschool,Parker Learning Center - Infant Toddler Discovery,,Arapahoe,100.0,Child Care/Preschool
13221,Child Care/Preschool,Parker Montessori Educational Institute,,Douglas,93.9,Child Care/Preschool
13221,Child Care/Preschool,Parker Montessori Educational Institute,,Douglas,100.0,Kindergarten
13222,Child Care/Preschool,Parker United Methodist Church Preschool,,Douglas,92.7,Child Care/Preschool
13223,Child Care/Preschool,Parklane Elementary Preschool,,Adams,100.0,Child Care/Preschool
13227,Child Care/Preschool,Patience Montessori,,Boulder,87.5,Child Care/Preschool
13229,Child Care/Preschool,Patterson Head Start - Yarrow,,Jefferson,100.0,Child Care/Preschool
13230,Child Care/Preschool,Patterson Preschool,,Jefferson,92.5,Child Care/Preschool
13231,Child Care/Preschool,Paul Derda Early Learning Program,,Broomfield,98.2,Child Care/Preschool
13232,Child Care/Preschool,Pawnee Preschool,,Weld,100.0,Child Care/Preschool
13234,Child Care/Preschool,Peace Lutheran Early Learning Center,,Jefferson,93.7,Child Care/Preschool
13234,Child Care/Preschool,Peace Lutheran Early Learning Center,,Jefferson,80.0,Kindergarten
13235,Child Care/Preschool,Peace With Christ Early Learning Center,,Arapahoe,83.3,Child Care/Preschool
13236,Child Care/Preschool,Peak Center Of Excellence,,Jefferson,98.3,Child Care/Preschool
13238,Child Care/Preschool,Peakview Preschool,,Huerfano,100.0,Child Care/Preschool
13239,Child Care/Preschool,Peakview Elementary Preschool,,Arapahoe,90.9,Child Care/Preschool
13240,Child Care/Preschool,Pearpark Preschool,,Mesa,97.4,Child Care/Preschool
13242,Child Care/Preschool,Peetz Litttle Bulldogs Preschool,,Logan,94.4,Child Care/Preschool
13244,Child Care/Preschool,Pennington Preschool,,Jefferson,90.0,Child Care/Preschool
13245,Child Care/Preschool,Charles Burrell,,Arapahoe,93.8,Child Care/Preschool
13246,Child Care/Preschool,PEPC Early Learning Center,,Douglas,89.1,Child Care/Preschool
13247,Child Care/Preschool,Pete Mirich Elementary Preschool,,Weld,97.3,Child Care/Preschool
13248,Child Care/Preschool,Peyton Elementary Pre-school Program,,El Paso,100.0,Child Care/Preschool
13249,Child Care/Preschool,Pikes Peak Christian Preschool,,El Paso,87.6,Child Care/Preschool
13250,Child Care/Preschool,Pikes Peak Elementary Preschool (Cpcd),,El Paso,98.2,Child Care/Preschool
13251,Child Care/Preschool,Pikes Peak Comm Coll cpcd Child Dev Ctr,,El Paso,97.7,Child Care/Preschool
13254,Child Care/Preschool,Pikes Peak School Of Expeditionary Learning Presch,,El Paso,100.0,Child Care/Preschool
13255,Child Care/Preschool,Pine Grove Preschool,,Douglas,100.0,Child Care/Preschool
13256,Child Care/Preschool,Pioneer Preschool - 412 North C Street,,Teller,94.9,Child Care/Preschool
13257,Child Care/Preschool,Pioneer Preschool - 101 Baseline Road,,Boulder,100.0,Child Care/Preschool
13258,Child Care/Preschool,Plateau Valley Preschool,,Mesa,82.6,Child Care/Preschool
13259,Child Care/Preschool,Platt Park Childrens Center,,Denver,87.7,Child Care/Preschool
13260,Child Care/Preschool,Platte Valley Early Learning Center,,Weld,96.7,Child Care/Preschool
13261,Child Care/Preschool,Platteville Elementary Preschool,,Weld,97.2,Child Care/Preschool
13263,Child Care/Preschool,Play-n-learn Child Care,,Denver,63.0,Child Care/Preschool
13264,Child Care/Preschool,Pleasant Valley Baptist Church Preschool,,El Paso,71.0,Child Care/Preschool
13265,Child Care/Preschool,Polton Elementary Preschool,,Arapahoe,95.9,Child Care/Preschool
13266,Child Care/Preschool,Ponderosa Early Childhood Center,,Larimer,96.0,Child Care/Preschool
13268,Child Care/Preschool,Por Dia Preschool And Daycare,,Montezuma,75.9,Child Care/Preschool
13269,Child Care/Preschool,Porter Care Child Development Center,,Denver,26.6,Child Care/Preschool
13271,Child Care/Preschool,Psd Early Childhood - Bauder Elementary,,Larimer,100.0,Child Care/Preschool
13272,Child Care/Preschool,Psd Early Childhood - Olander Elementary,,Larimer,93.8,Child Care/Preschool
13274,Child Care/Preschool,Psd Early Childhood - Eyestone Elementary,,Larimer,97.0,Child Care/Preschool
13276,Child Care/Preschool,Cache de la Poudre Elementary Preschool,,Larimer,100.0,Child Care/Preschool
13277,Child Care/Preschool,Psd Early Childhood - Traut Elementary,,Larimer,91.1,Child Care/Preschool
13280,Child Care/Preschool,Prairie Preschool - 42315 Weld County Road 133,,Weld,83.3,Child Care/Preschool
13282,Child Care/Preschool,Prairie Winds Elementary Preschool,,Pueblo,96.5,Child Care/Preschool
13283,Child Care/Preschool,Prater Lane Play School,,Eagle,97.1,Child Care/Preschool
13285,Child Care/Preschool,Precious Angels Preschool,,Jefferson,98.0,Child Care/Preschool
13291,Child Care/Preschool,EA dba The Childrens Courtyard,,Adams,90.2,Child Care/Preschool
13293,Child Care/Preschool,Primero Puppyland Preschool,,Las Animas,100.0,Child Care/Preschool
13294,Child Care/Preschool,Primrose School At The Denver Tech Center,,Arapahoe,100.0,Child Care/Preschool
13295,Child Care/Preschool,Primrose School @ Lowry,,Denver,100.0,Child Care/Preschool
13296,Child Care/Preschool,Primrose School At Centennial,,Arapahoe,98.7,Child Care/Preschool
13296,Child Care/Preschool,Primrose School At Centennial,,Arapahoe,100.0,Kindergarten
13297,Child Care/Preschool,Primrose School At Colorado Station,,Denver,100.0,Child Care/Preschool
13299,Child Care/Preschool,Primrose School At Shadow Canyon,,Douglas,100.0,Child Care/Preschool
13300,Child Care/Preschool,Primrose School At Standley Lake,,Jefferson,99.2,Child Care/Preschool
13300,Child Care/Preschool,Primrose School At Standley Lake,,Jefferson,100.0,Kindergarten
13301,Child Care/Preschool,Primrose School At Stapleton,,Denver,97.3,Child Care/Preschool
13302,Child Care/Preschool,Primrose School At The Flatirons,,Broomfield,99.1,Child Care/Preschool
13304,Child Care/Preschool,Primrose School Of Castle Rock,,Douglas,98.9,Child Care/Preschool
13305,Child Care/Preschool,Primrose School Of Cottonwood Creek,,El Paso,47.1,Child Care/Preschool
13306,Child Care/Preschool,Primrose School Of Erie At Vista Ridge,,Weld,99.3,Child Care/Preschool
13306,Child Care/Preschool,Primrose School Of Erie At Vista Ridge,,Weld,85.0,Kindergarten
13307,Child Care/Preschool,Primrose School Of Fort Collins,,Larimer,86.8,Child Care/Preschool
13308,Child Care/Preschool,Primrose School Of Highlands Ranch,,Douglas,91.9,Child Care/Preschool
13309,Child Care/Preschool,Primrose School Of Ken Caryl,,Jefferson,100.0,Child Care/Preschool
13310,Child Care/Preschool,Primrose School Of Littleton,,Arapahoe,100.0,Child Care/Preschool
13311,Child Care/Preschool,Primrose School Of Lone Tree,,Douglas,94.7,Child Care/Preschool
13312,Child Care/Preschool,Primrose School Of Longmont,,Boulder,100.0,Child Care/Preschool
13312,Child Care/Preschool,Primrose School Of Longmont,,Boulder,90.0,Kindergarten
13313,Child Care/Preschool,Primrose School Of Parker,,Douglas,95.1,Child Care/Preschool
13313,Child Care/Preschool,Primrose School Of Parker,,Douglas,100.0,Kindergarten
13314,Child Care/Preschool,Primrose School Of Saddle Rock,,Arapahoe,100.0,Child Care/Preschool
13316,Child Care/Preschool,Primrose School Of Tallgrass,,Arapahoe,93.1,Child Care/Preschool
13317,Child Care/Preschool,Primrose School Of Thornton,,Adams,100.0,Child Care/Preschool
13318,Child Care/Preschool,Primrose School Of Torrey Peaks,,Jefferson,100.0,Child Care/Preschool
13320,Child Care/Preschool,Pritchett School District Preschool,,Baca,100.0,Child Care/Preschool
13321,Child Care/Preschool,Psd Early Childhood - Beattie Elementary,,Larimer,98.3,Child Care/Preschool
13322,Child Care/Preschool,Psd Early Childhood - Irish Elementary Escuela,,Larimer,96.4,Child Care/Preschool
13323,Child Care/Preschool,Psd Early Childhood - Putnam School of Science,,Larimer,98.6,Child Care/Preschool
13324,Child Care/Preschool,Psd Early Childhood - 501 East Elizabeth Street,,Larimer,100.0,Child Care/Preschool
13325,Child Care/Preschool,Psd Early Childhood - 5844 South Timberline Road,,Larimer,100.0,Child Care/Preschool
13327,Child Care/Preschool,Psd Early Childhood - 4101 Seneca Street,,Larimer,100.0,Child Care/Preschool
13328,Child Care/Preschool,Psd Early Childhood @ Lopez Elementary,,Larimer,93.2,Child Care/Preschool
13329,Child Care/Preschool,Psd Early Childhood Ed @ Kruse Elementary,,Larimer,97.9,Child Care/Preschool
13330,Child Care/Preschool,Psd Early Childhood Ed @ Laurel Elementary,,Larimer,100.0,Child Care/Preschool
13331,Child Care/Preschool,Psd Early Childhood Ed @ Tavelli Elementary,,Larimer,100.0,Child Care/Preschool
13332,Child Care/Preschool,Psd Early Childhood Ed @ Timnath,,Larimer,96.8,Child Care/Preschool
13333,Child Care/Preschool,Psd Early Childhood Program @ Linton Elementary,,Larimer,100.0,Child Care/Preschool
13336,Child Care/Preschool,Queen Palmer Elementary Preschool (Cpcd),,El Paso,100.0,Child Care/Preschool
13337,Child Care/Preschool,Rabbi Steven Foster Elc @ Temple Emanuel,,Denver,98.7,Child Care/Preschool
13339,Child Care/Preschool,Bookcliff Christian Preschool,,Mesa,64.9,Child Care/Preschool
13341,Child Care/Preschool,Rainbow Preschool,,San Miguel,82.4,Child Care/Preschool
13343,Child Care/Preschool,Raising Daisies Daycare Inc.,,Larimer,94.0,Child Care/Preschool
13345,Child Care/Preschool,Ranch Creek Elementary Preschool,,El Paso,81.0,Child Care/Preschool
13347,Child Care/Preschool,Rangely Preschool,,Rio Blanco,100.0,Child Care/Preschool
13351,Child Care/Preschool,Red Feather Lakes Alphabest Preschool,,Larimer,100.0,Child Care/Preschool
13352,Child Care/Preschool,Red Hawk Elementary Preschool,,Boulder,97.9,Child Care/Preschool
13353,Child Care/Preschool,Red Hawk Ridge Preschool,,Arapahoe,84.6,Child Care/Preschool
13354,Child Care/Preschool,Red Rocks Christian Preschool,,Jefferson,90.5,Child Care/Preschool
13354,Child Care/Preschool,Red Rocks Christian Preschool,,Jefferson,80.0,Kindergarten
13355,Child Care/Preschool,Redeemer Early Childhood Center,,Larimer,79.6,Child Care/Preschool
13356,Child Care/Preschool,Redeemer Lutheran Tiny Treasures,,Delta,94.3,Child Care/Preschool
13357,Child Care/Preschool,Red Sandstone Elementary Preschool,,Eagle,100.0,Child Care/Preschool
13358,Child Care/Preschool,Remington Preschool,,El Paso,96.3,Child Care/Preschool
13359,Child Care/Preschool,Renaissance Childrens Center,,Jefferson,88.6,Child Care/Preschool
13360,Child Care/Preschool,Renaissance Montessori Academy,,Douglas,95.3,Child Care/Preschool
13360,Child Care/Preschool,Renaissance Montessori Academy,,Douglas,75.0,Kindergarten
13361,Child Care/Preschool,Respite Care Inc,,Larimer,94.7,Child Care/Preschool
13362,Child Care/Preschool,Restoration Christian Academy,,Arapahoe,100.0,Child Care/Preschool
13363,Child Care/Preschool,Revere Lil Raiders,,Sedgwick,69.2,Child Care/Preschool
13364,Child Care/Preschool,Ricks Center For Gifted Children Preschool,,Denver,97.7,Child Care/Preschool
13364,Child Care/Preschool,Ricks Center For Gifted Children Preschool,,Denver,100.0,Kindergarten
13367,Child Care/Preschool,Ridgway Elementary Preschool,,Ouray,83.9,Child Care/Preschool
13368,Child Care/Preschool,Rim Rock Elementary Preschool,,Mesa,92.9,Child Care/Preschool
13369,Child Care/Preschool,Rising Star Early Learning Center,,Arapahoe,93.6,Child Care/Preschool
13372,Child Care/Preschool,Rivendell Preschool Of Northern Colorado,,Larimer,96.6,Child Care/Preschool
13373,Child Care/Preschool,River Canyon School,,Mesa,73.5,Child Care/Preschool
13374,Child Care/Preschool,River Mist,,La Plata,81.3,Child Care/Preschool
13375,Child Care/Preschool,River Song Waldorf School,,Larimer,71.1,Child Care/Preschool
13378,Child Care/Preschool,Riverview Preschool,,La Plata,92.6,Child Care/Preschool
13390,Child Care/Preschool,Glenwood Springs Elementary Preschool,,Garfield,100.0,Child Care/Preschool
13391,Child Care/Preschool,Durango North Head Start,,La Plata,98.4,Child Care/Preschool
13392,Child Care/Preschool,Rock Of Ages Lutheran Child Care Ctr,,El Paso,75.0,Child Care/Preschool
13392,Child Care/Preschool,Rock Of Ages Lutheran Child Care Ctr,,El Paso,100.0,Kindergarten
13393,Child Care/Preschool,Rockrimmon Christian Preschool,,El Paso,86.4,Child Care/Preschool
13395,Child Care/Preschool,Rocky Mountain Childrens Discovery,,Fremont,89.8,Child Care/Preschool
13396,Child Care/Preschool,Rocky Mountain Christian Academy Preschool,,Boulder,80.0,Child Care/Preschool
13397,Child Care/Preschool,Rocky Mountain Deaf Preschool,,Jefferson,92.9,Child Care/Preschool
13398,Child Care/Preschool,Rocky Mountain Elementary Preschool,,Boulder,100.0,Child Care/Preschool
13399,Child Care/Preschool,Rocky Mountain Montessori Inc.,,Summit,95.8,Child Care/Preschool
13400,Child Care/Preschool,Rocky Mountain Prep @ Kepner Middle School,,Denver,92.1,Child Care/Preschool
13401,Child Care/Preschool,Rocky Mountain Prep - Fletcher Campus,,Adams,100.0,Child Care/Preschool
13402,Child Care/Preschool,Rocky Mountain Preparatory School - Creekside,,Denver,87.2,Child Care/Preschool
13403,Child Care/Preschool,Rocky Mountain Preschool,,Mesa,100.0,Child Care/Preschool
13405,Child Care/Preschool,Rocky Mountain School Of Discovery,,Eagle,81.6,Child Care/Preschool
13408,Child Care/Preschool,Rogers Elementary Preschool,,El Paso,83.3,Child Care/Preschool
13410,Child Care/Preschool,Rose Stein Preschool,,Jefferson,90.6,Child Care/Preschool
13412,Child Care/Preschool,Rumpelstiltskin Preschool,,Eagle,95.3,Child Care/Preschool
13413,Child Care/Preschool,Running Creek Preschool,,Elbert,87.0,Child Care/Preschool
13414,Child Care/Preschool,Ruth Washburn Coop Nursery School,,El Paso,91.0,Child Care/Preschool
13415,Child Care/Preschool,Ryan Elementary Preschool,,Boulder,81.8,Child Care/Preschool
13416,Child Care/Preschool,Rye Elementary Preschool,,Pueblo,96.4,Child Care/Preschool
13417,Child Care/Preschool,Shepherd of the Hills Christian Preschool,,Arapahoe,96.9,Child Care/Preschool
13418,Child Care/Preschool,Sable Elementary Preschool,,Adams,95.9,Child Care/Preschool
13419,Child Care/Preschool,Sacred Heart Of Jesus Preschool,,Boulder,100.0,Child Care/Preschool
13420,Child Care/Preschool,Saint James Catholic School Preschool,,Denver,92.0,Child Care/Preschool
13421,Child Care/Preschool,St. John The Baptist Preschool,,Boulder,92.3,Child Care/Preschool
13422,Child Care/Preschool,Saint Joseph Catholic Preschool,,Larimer,93.3,Child Care/Preschool
13425,Child Care/Preschool,Saint Vincent De Paul School,,Denver,92.5,Child Care/Preschool
13426,Child Care/Preschool,Salida Montessori Charter School,,Chaffee,90.0,Child Care/Preschool
13426,Child Care/Preschool,Salida Montessori Charter School,,Chaffee,83.3,Kindergarten
13431,Child Care/Preschool,Sanford Preschool,,Conejos,94.1,Child Care/Preschool
13434,Child Care/Preschool,Sanville Preschool,,Adams,82.4,Child Care/Preschool
13435,Child Care/Preschool,Sargent Early Learning Center,,Rio Grande,82.9,Child Care/Preschool
13437,Child Care/Preschool,Schlessman Family Ymca Child Center,,Denver,100.0,Child Care/Preschool
13438,Child Care/Preschool,Tarver Elementary Preschool,,Adams,98.7,Child Care/Preschool
13439,Child Care/Preschool,27J Preschool - Brighton Learning And Resource Cen,,Adams,95.4,Child Care/Preschool
13441,Child Care/Preschool,Second Creek Elementary Preschool,,Adams,95.6,Child Care/Preschool
13442,Child Care/Preschool,Turnberry Elementary Preschool,,Adams,94.6,Child Care/Preschool
13443,Child Care/Preschool,Westridge Elementary Preschool,,Adams,90.6,Child Care/Preschool
13444,Child Care/Preschool,Henderson Elementary Preschool,,Adams,94.9,Child Care/Preschool
13446,Child Care/Preschool,Thimmig Elementary Preschool,,Adams,93.4,Child Care/Preschool
13448,Child Care/Preschool,Secrest Preschool,,Jefferson,88.9,Child Care/Preschool
13449,Child Care/Preschool,Seeds Of Learning,,Archuleta,92.5,Child Care/Preschool
13450,Child Care/Preschool,Semper Preschool,,Jefferson,93.2,Child Care/Preschool
13451,Child Care/Preschool,Serendipity Preschool,,Adams,75.0,Child Care/Preschool
13452,Child Care/Preschool,Dove Creek Preschool,,Dolores,70.0,Child Care/Preschool
13458,Child Care/Preschool,Sewall Child Development,,Denver,96.2,Child Care/Preschool
13461,Child Care/Preschool,Shaffer Preschool,,Jefferson,95.0,Child Care/Preschool
13462,Child Care/Preschool,Shelledy Preschool Colorado Prs Project,,Mesa,92.5,Child Care/Preschool
13463,Child Care/Preschool,Shepherd Of The Hills Lutheran Preschool,,Weld,50.0,Child Care/Preschool
13464,Child Care/Preschool,Shepherd Of The Valley Lutheran Preschool,,Jefferson,90.9,Child Care/Preschool
13465,Child Care/Preschool,Sheridan Early Childhood Center Preschool,,Arapahoe,98.2,Child Care/Preschool
13467,Child Care/Preschool,Sherman Early Childhood Center,,Morgan,98.6,Child Care/Preschool
13467,Child Care/Preschool,Sherman Early Childhood Center,,Morgan,93.6,Kindergarten
13468,Child Care/Preschool,Sherrel Wood Elementary,,Adams,100.0,Child Care/Preschool
13469,Child Care/Preschool,Shining Mountain Waldorf Preschool,,Boulder,73.9,Child Care/Preschool
13469,Child Care/Preschool,Shining Mountain Waldorf Preschool,,Boulder,58.8,Kindergarten
13472,Child Care/Preschool,Sidewalks End Montessori School,,El Paso,98.5,Child Care/Preschool
13472,Child Care/Preschool,Sidewalks End Montessori School,,El Paso,100.0,Kindergarten
13473,Child Care/Preschool,Sierra Grande Preschool And Child Care,,Costilla,100.0,Child Care/Preschool
13474,Child Care/Preschool,Sierra Vista Elementary Preschool,,Pueblo,87.0,Child Care/Preschool
13476,Child Care/Preschool,Silverthorne Elementary Preschool,,Summit,97.7,Child Care/Preschool
13477,Child Care/Preschool,Silverton Family Learning Center,,San Juan,93.8,Child Care/Preschool
13478,Child Care/Preschool,Singing Hills Elementary Preschool,,Elbert,88.3,Child Care/Preschool
13479,Child Care/Preschool,Sky View Academy Preschool,,Douglas,97.0,Child Care/Preschool
13480,Child Care/Preschool,Orchard Park Academy Preschool,,Adams,100.0,Child Care/Preschool
13481,Child Care/Preschool,Skyview Elementary Preschool,,Weld,95.9,Child Care/Preschool
13482,Child Care/Preschool,Slater Preschool,,Jefferson,97.4,Child Care/Preschool
13483,Child Care/Preschool,Small Fries Program City Of Loveland,,Larimer,97.1,Child Care/Preschool
13486,Child Care/Preschool,Small Oaks Christian Preschool,,Larimer,93.1,Child Care/Preschool
13488,Child Care/Preschool,Smart Bear Learning,,Douglas,90.6,Child Care/Preschool
13489,Child Care/Preschool,Smarty Pants Academy Inc,,Denver,100.0,Child Care/Preschool
13493,Child Care/Preschool,Snow Lion Preschool,,Boulder,88.2,Child Care/Preschool
13497,Child Care/Preschool,Sonshine Patch,,Montrose,75.8,Child Care/Preschool
13498,Child Care/Preschool,Sonshine Preschool / Greeley First Assembly Of God,,Weld,95.8,Child Care/Preschool
13499,Child Care/Preschool,Sopris Elementary Preschool Program,,Garfield,95.0,Child Care/Preschool
13501,Child Care/Preschool,South Fellowship Early Learning Center,,Arapahoe,100.0,Child Care/Preschool
13502,Child Care/Preschool,South Mesa Elementary Preschool,,Pueblo,90.0,Child Care/Preschool
13503,Child Care/Preschool,South Park Preschool,,Pueblo,96.8,Child Care/Preschool
13505,Child Care/Preschool,South Table Mountain Preschool,,Jefferson,93.4,Child Care/Preschool
13506,Child Care/Preschool,South West Ymca,,Denver,50.0,Child Care/Preschool
13507,Child Care/Preschool,Southeast Christian Preschool,,Douglas,82.0,Child Care/Preschool
13508,Child Care/Preschool,Southside Building Blocks Learning Center,,Pueblo,100.0,Child Care/Preschool
13509,Child Care/Preschool,Southside Childrens Center 1,,Pueblo,100.0,Child Care/Preschool
13511,Child Care/Preschool,Spark! Discovery Preschool,,Weld,95.1,Child Care/Preschool
13512,Child Care/Preschool,Spin Early Childhood Care And Education Ctr,,Fremont,91.2,Child Care/Preschool
13514,Child Care/Preschool,Springfield Child Care Center,,Baca,92.6,Child Care/Preschool
13516,Child Care/Preschool,Springs Of Life - Academy,,El Paso,90.8,Child Care/Preschool
13517,Child Care/Preschool,Springs Of Life Childrens Center,,El Paso,27.9,Child Care/Preschool
13518,Child Care/Preschool,Springs Ranch Preschool Program,,El Paso,97.7,Child Care/Preschool
13519,Child Care/Preschool,St Annes Episcopal School,,Denver,100.0,Child Care/Preschool
13521,Child Care/Preschool,St James Preschool,,Arapahoe,96.1,Child Care/Preschool
13522,Child Care/Preschool,St Joan Of Arc Early Learning Center,,Jefferson,89.2,Child Care/Preschool
13522,Child Care/Preschool,St Joan Of Arc Early Learning Center,,Jefferson,100.0,Kindergarten
13523,Child Care/Preschool,St John The Evangelist Preschool,,Larimer,91.7,Child Care/Preschool
13524,Child Care/Preschool,St Johns Lutheran Church Preschool,,Denver,97.7,Child Care/Preschool
13525,Public School,Infinity Middle School,,Arapahoe,97.3,All ages
13526,Public School,Reunion Elementary,,Adams,96.0,Kindergarten
13526,Public School,Reunion Elementary,,Adams,97.6,All ages
13531,Public School,Montessori Childrens House Of Denver - Central Pa,,Denver,78.6,All ages
13533,Child Care/Preschool,Tiny Hearts Academy - Lakewood,,Jefferson,100.0,Child Care/Preschool
13534,Private School,Colorado Military Academy,,El Paso,93.4,Kindergarten
13534,Private School,Colorado Military Academy,,El Paso,92.1,All ages
13535,Child Care/Preschool,Hunt CPCD,,El Paso,93.5,Child Care/Preschool
13537,Private School,Frassati Catholic Academy,,Adams,89.2,Kindergarten
13537,Private School,Frassati Catholic Academy,,Adams,94.2,All ages
13538,Child Care/Preschool,King Elementary Preschool,,El Paso,89.2,Child Care/Preschool
13539,Child Care/Preschool,Helen Keller Preschool,,El Paso,95.2,Child Care/Preschool
13540,Child Care/Preschool,Martinez Elementary Preschool,,El Paso,56.4,Child Care/Preschool
13541,Child Care/Preschool,Metropolitan Arts Academy Preschool,,Adams,100.0,Child Care/Preschool
13542,Child Care/Preschool,School in the Woods,,Denver,100.0,Child Care/Preschool
13544,Private School,Mackintosh Academy - Boulder,,Boulder,100.0,Kindergarten
13544,Private School,Mackintosh Academy - Boulder,,Boulder,93.0,All ages
13545,Child Care/Preschool,Grand Peak Academy Preschool,,El Paso,96.6,Child Care/Preschool
13547,Child Care/Preschool,Elkhart Elementary Preschool,,Arapahoe,85.7,Child Care/Preschool
13548,Child Care/Preschool,Kipp Northeast Elementary Preschool,,Denver,92.9,Child Care/Preschool
13550,Public School,DSST: Conservatory Green High School,,Denver,97.8,All ages
13551,Public School,Inspire Elementary,,Denver,94.6,Kindergarten
13551,Public School,Inspire Elementary,,Denver,95.7,All ages
13552,Child Care/Preschool,Shining Stars Learning Center,,El Paso,88.9,Child Care/Preschool
13555,Public School,Banning Lewis Preparatory Academy,,El Paso,93.8,All ages
13556,Child Care/Preschool,Brown International Academy Preschool,,Denver,94.7,Child Care/Preschool
13557,Child Care/Preschool,Northeast Elementary Preschool,,Adams,98.1,Child Care/Preschool
13558,Child Care/Preschool,Eads Preschool,,Kiowa,94.7,Child Care/Preschool
13560,Child Care/Preschool,Longs Peak Learning Center,,Boulder,100.0,Child Care/Preschool
13561,Child Care/Preschool,Columbia Elementary Preschool,,El Paso,51.9,Child Care/Preschool
13562,Child Care/Preschool,Pennock Elementary Preschool,,Adams,100.0,Child Care/Preschool
13563,Child Care/Preschool,Ridgeview Preschool,,El Paso,89.6,Child Care/Preschool
13566,Child Care/Preschool,Shawsheen Elementary Preschool,,Weld,98.4,Child Care/Preschool
13583,Child Care/Preschool,Grand Junction Migrant Head Start,,Mesa,87.1,Child Care/Preschool
13587,Child Care/Preschool,NJS Kinder Cottage,,Pitkin,100.0,Child Care/Preschool
13589,Child Care/Preschool,Chipeta Elementary Preschool,,El Paso,53.7,Child Care/Preschool
13589,Child Care/Preschool,Chipeta Elementary Preschool,,El Paso,87.9,Kindergarten
13590,Child Care/Preschool,Idalia Preschool,,Yuma,93.3,Child Care/Preschool
13592,Public School,Colorado Early Colleges - Aurora,,Arapahoe,95.1,All ages
13595,Public School,Cheyenne Mountain Elementary,,El Paso,93.2,Kindergarten
13595,Public School,Cheyenne Mountain Elementary,,El Paso,97.9,All ages
13597,Child Care/Preschool,Denver Child Care Academy,,Denver,88.5,Child Care/Preschool
13598,Child Care/Preschool,Frassati Catholic Academy Preschool,,Adams,88.9,Child Care/Preschool
13599,Child Care/Preschool,Federal Heights Preschool,,Adams,100.0,Child Care/Preschool
13602,Public School,The Juniper School,,La Plata,81.8,Kindergarten
13602,Public School,The Juniper School,,La Plata,88.2,All ages
13606,Public School,Renaissance Secondary School,,Douglas,96.1,All ages
13607,Child Care/Preschool,Little Blue Preschool,,Garfield,98.5,Child Care/Preschool
13608,Child Care/Preschool,Tozer Preschool,,Weld,98.1,Child Care/Preschool
13609,Child Care/Preschool,The Learning Experience - Brighton,,Adams,95.9,Child Care/Preschool
13610,Public School,Riverview School,,Garfield,97.1,Kindergarten
13610,Public School,Riverview School,,Garfield,99.3,All ages
13611,Child Care/Preschool,Riverview ECE,,Garfield,98.1,Child Care/Preschool
13612,Child Care/Preschool,South Elementary Preschool,,Adams,93.8,Child Care/Preschool
13615,Child Care/Preschool,Cedaredge Preschool,,Delta,80.0,Child Care/Preschool
13616,Private School,Trinity Lutheran School - Franktown,,Douglas,85.7,Kindergarten
13616,Private School,Trinity Lutheran School - Franktown,,Douglas,74.0,All ages
13617,Public School,PSAS Jones,,Pueblo,73.7,Kindergarten
13617,Public School,PSAS Jones,,Pueblo,92.1,All ages
13618,Public School,PSAS Fulton,,Pueblo,63.6,Kindergarten
13618,Public School,PSAS Fulton,,Pueblo,90.0,All ages
13619,Child Care/Preschool,OJC-CDS MSHS Manzy,,Otero,97.1,Child Care/Preschool
13621,Child Care/Preschool,Otero Child Development Services HS Lam,,Prowers,98.2,Child Care/Preschool
13622,Private School,Shining Mountain Waldorf,,Boulder,58.8,Kindergarten
13622,Private School,Shining Mountain Waldorf,,Boulder,62.9,All ages
13623,Public School,Meadowlark School,,Boulder,98.8,Kindergarten
13623,Public School,Meadowlark School,,Boulder,97.6,All ages
13624,Public School,Carbondale Community Charter School,,Garfield,100.0,Kindergarten
13624,Public School,Carbondale Community Charter School,,Garfield,97.2,All ages
13626,Private School,Montessori Academy Of Colorado,,Denver,100.0,Kindergarten
13626,Private School,Montessori Academy Of Colorado,,Denver,98.8,All ages
13628,Public School,Dolores Elementary,,Montezuma,81.4,Kindergarten
13628,Public School,Dolores Elementary,,Montezuma,90.4,All ages
13629,Public School,Dolores Middle School,,Montezuma,97.3,All ages
13630,Public School,Dolores High School,,Montezuma,94.1,All ages
13632,Child Care/Preschool,Monument View Montessori Charter Preschool,,Mesa,90.0,Child Care/Preschool
13633,Child Care/Preschool,Meadowlark Preschool,,Boulder,94.7,Child Care/Preschool
13636,Public School,Academy ACL Charter School,,El Paso,76.5,Kindergarten
13636,Public School,Academy ACL Charter School,,El Paso,75.3,All ages
13637,Child Care/Preschool,The Learning Center of Evergreen,,Jefferson,91.1,Child Care/Preschool
13651,Child Care/Preschool,Growing Minds Learning Academy,,Boulder,97.6,Child Care/Preschool
13653,Private School,Evangelical Christian Academy - Elementary Campus,,El Paso,80.0,Kindergarten
13653,Private School,Evangelical Christian Academy - Elementary Campus,,El Paso,77.4,All ages
13662,Public School,American Academy - All Campuses,,Douglas,94.4,Kindergarten
13662,Public School,American Academy - All Campuses,,Douglas,96.2,All ages
13667,Child Care/Preschool,CEEN - John Evans Head Start,,Weld,100.0,Child Care/Preschool
13669,Child Care/Preschool,Elaines Place,,San Miguel,86.7,Child Care/Preschool
13670,Child Care/Preschool,Evans Early Childhood Center,,Morgan,94.4,Child Care/Preschool
13671,Private School,Fort Collins Christian School,,Larimer,100.0,Kindergarten
13671,Private School,Fort Collins Christian School,,Larimer,73.3,All ages
13673,Child Care/Preschool,Lightway at the Ridge,,Jefferson,76.5,Child Care/Preschool
13682,Public School,Altitude Elementary School,,Arapahoe,92.6,Kindergarten
13682,Public School,Altitude Elementary School,,Arapahoe,96.2,All ages
13683,Child Care/Preschool,Altitude Elementary Preschool,,Arapahoe,91.3,Child Care/Preschool
13684,Child Care/Preschool,Sophia Montessori Academy,,Denver,65.2,Child Care/Preschool
13689,Child Care/Preschool,Wild Plum Center - Longs Peak,,Boulder,97.8,Child Care/Preschool
13691,Child Care/Preschool,Wildflower Preschool,,Boulder,91.2,Child Care/Preschool
13692,Child Care/Preschool,Foothill Preschool,,Boulder,92.3,Child Care/Preschool
13693,Child Care/Preschool,Fremont Elementary Preschool,,El Paso,97.3,Child Care/Preschool
13696,Child Care/Preschool,Little Trappers Preschool,,Weld,97.5,Child Care/Preschool
13698,Private School,Beth Eden Baptist School,,Jefferson,83.3,Kindergarten
13698,Private School,Beth Eden Baptist School,,Jefferson,77.5,All ages
13699,Private School,Alexander Dawson School,,Boulder,94.4,Kindergarten
13699,Private School,Alexander Dawson School,,Boulder,94.9,All ages
13703,Public School,Academy of Advanced Learning,,Arapahoe,50.7,Kindergarten
13703,Public School,Academy of Advanced Learning,,Arapahoe,58.6,All ages
13704,Public School,Agate Elementary School,,Elbert,50.0,Kindergarten
13704,Public School,Agate Elementary School,,Elbert,79.4,All ages
13705,Public School,Agate Junior Senior High School,,Elbert,50.0,Kindergarten
13705,Public School,Agate Junior Senior High School,,Elbert,70.6,All ages
13707,Public School,ALLIES,,El Paso,94.5,All ages
13711,Public School,Colorado High School Charter - GES,,Denver,92.3,All ages
13712,Private School,Colo Springs Christian School - Woodland Park,,Teller,33.3,Kindergarten
13712,Private School,Colo Springs Christian School - Woodland Park,,Teller,57.3,All ages
13713,Private School,Crossroads School,,Boulder,92.1,All ages
13716,Public School,Fred Tjardes School of Innovation,,Weld,100.0,Kindergarten
13716,Public School,Fred Tjardes School of Innovation,,Weld,98.4,All ages
13718,Public School,Jefferson Academy Elementary School,,Jefferson,92.1,Kindergarten
13718,Public School,Jefferson Academy Elementary School,,Jefferson,97.3,All ages
13719,Private School,Lutheran High School,,Douglas,87.7,All ages
13722,Private School,Northern Colorado Christian Academy,,Weld,90.0,Kindergarten
13722,Private School,Northern Colorado Christian Academy,,Weld,86.7,All ages
13724,Public School,Pagosa Peak Open School,,Archuleta,77.8,Kindergarten
13724,Public School,Pagosa Peak Open School,,Archuleta,76.4,All ages
13725,Public School,Paragon Learning Center,,Pueblo,97.0,All ages
13732,Public School,Three Creeks K-8,,Jefferson,93.5,Kindergarten
13732,Public School,Three Creeks K-8,,Jefferson,96.8,All ages
13733,Private School,Trinity Lutheran,,Alamosa,73.3,Kindergarten
13733,Private School,Trinity Lutheran,,Alamosa,82.8,All ages
13734,Private School,Trinity Lutheran - Pueblo,,Pueblo,100.0,Kindergarten
13734,Private School,Trinity Lutheran - Pueblo,,Pueblo,100.0,All ages
13735,Public School,Vega Collegiate Academy,,Arapahoe,81.8,Kindergarten
13735,Public School,Vega Collegiate Academy,,Arapahoe,90.1,All ages
13737,Child Care/Preschool,Hiatt Farms Montessori School,,Larimer,97.9,Child Care/Preschool
13738,Child Care/Preschool,Kipp Sunshine Peak Elementary,,Denver,100.0,Child Care/Preschool
13743,Child Care/Preschool,Once Upon a Childcare - Garden of The Gods,,El Paso,98.8,Child Care/Preschool
13744,Child Care/Preschool,Plum Hill Preschool,,Denver,97.8,Child Care/Preschool
13745,Child Care/Preschool,Purple Moon Early Learning Center,,Adams,100.0,Child Care/Preschool
13746,Child Care/Preschool,Rocky Mountain Classical Academy Preschool,,El Paso,90.8,Child Care/Preschool
13749,Child Care/Preschool,The Goddard School - Commerce City,,Adams,100.0,Child Care/Preschool
13752,Child Care/Preschool,27J Preschool - Southeast Elementary,,Adams,96.7,Child Care/Preschool
13753,Child Care/Preschool,Arapahoe Ridge Preschool,,Broomfield,100.0,Child Care/Preschool
13754,Child Care/Preschool,Bennett Ranch Preschool,,El Paso,91.5,Child Care/Preschool
13755,Child Care/Preschool,Cherry Drive Preschool,,Adams,100.0,Child Care/Preschool
13756,Child Care/Preschool,Earthkeeper Nature Preschool - Beulah,,Pueblo,80.0,Child Care/Preschool
13757,Child Care/Preschool,Earthkeeper Nature Preschool - Pueblo,,Pueblo,80.0,Child Care/Preschool
13758,Child Care/Preschool,Soaring Heights Preschool,,Weld,97.9,Child Care/Preschool
13759,Public School,Soaring Heights K-8,,Weld,93.3,Kindergarten
13759,Public School,Soaring Heights K-8,,Weld,96.2,All ages
13760,Child Care/Preschool,Grandview Elementary Preschool - Aggregrate Boulev,,Weld,98.0,Child Care/Preschool
13761,Public School,Grand View Elementary,,Weld,90.1,Kindergarten
13761,Public School,Grand View Elementary,,Weld,94.0,All ages
13762,Child Care/Preschool,Highland Park Preschool,,Pueblo,87.1,Child Care/Preschool
13763,Child Care/Preschool,Our Lady of Loreto Preschool,,Arapahoe,91.6,Child Care/Preschool
13764,Child Care/Preschool,Kenneth Homyak Preschool,,Weld,86.7,Child Care/Preschool
13765,Public School,Kenneth Homyak K-8,,Weld,89.2,Kindergarten
13765,Public School,Kenneth Homyak K-8,,Weld,90.2,All ages
13766,Public School,Legacy Peak Elementary School,,El Paso,90.5,Kindergarten
13766,Public School,Legacy Peak Elementary School,,El Paso,91.4,All ages
13767,Child Care/Preschool,Legacy Peak Elementary Preschool,,El Paso,100.0,Child Care/Preschool
13769,Child Care/Preschool,Nativity Faith and Reason Catholic Preschool,,Broomfield,91.1,Child Care/Preschool
13770,Child Care/Preschool,Shelton Preschool,,Jefferson,100.0,Child Care/Preschool
13771,Public School,Thunder Vista K-8,,Broomfield,93.5,Kindergarten
13771,Public School,Thunder Vista K-8,,Broomfield,98.0,All ages
13772,Child Care/Preschool,Thunder Vista Preschool,,Broomfield,100.0,Child Care/Preschool
13773,Child Care/Preschool,Timber Trail Preschool,,Douglas,94.7,Child Care/Preschool
13775,Public School,Bennett Ranch Elementary School,,El Paso,96.2,Kindergarten
13775,Public School,Bennett Ranch Elementary School,,El Paso,96.9,All ages
13776,Public School,Compass Community Collaborative School,,Larimer,94.1,All ages
13777,Public School,DSST: Elevate Northeast Middle School,,Denver,94.5,All ages
13778,Public School,5280 High School,,Denver,85.0,All ages
13779,Public School,Liberty Tree Academy,,El Paso,79.4,Kindergarten
13779,Public School,Liberty Tree Academy,,El Paso,90.2,All ages
13780,Public School,Leman Classical Academy,,Douglas,82.7,Kindergarten
13780,Public School,Leman Classical Academy,,Douglas,89.5,All ages
13781,Public School,Roger Quist Middle School,,Adams,96.7,All ages
13783,Public School,New Summit Charter Academy,,El Paso,84.1,Kindergarten
13783,Public School,New Summit Charter Academy,,El Paso,83.9,All ages
13784,Child Care/Preschool,New Summit Preschool,,El Paso,85.1,Child Care/Preschool
13785,Public School,Meadow Ridge Elementary School,,Weld,90.5,Kindergarten
13785,Public School,Meadow Ridge Elementary School,,Weld,95.5,All ages
13786,Child Care/Preschool,Meadow Ridge Preschool,,Weld,98.9,Child Care/Preschool
13787,Public School,Riverdale Ridge High School,,Adams,97.6,All ages
13788,Public School,Atlas Preparatory Middle School,,El Paso,94.8,All ages
13789,Public School,Addenbrooke Classical Grammar School,,Jefferson,88.1,Kindergarten
13789,Public School,Addenbrooke Classical Grammar School,,Jefferson,89.1,All ages
13794,Private School,Grand County Christian Academy,,Grand,66.7,Kindergarten
13794,Private School,Grand County Christian Academy,,Grand,76.7,All ages
13795,Public School,Liberty Common Charter School,,Larimer,84.3,Kindergarten
13795,Public School,Liberty Common Charter School,,Larimer,89.3,All ages
13797,Private School,Pagosa Valor Academy,,Archuleta,50.0,Kindergarten
13797,Private School,Pagosa Valor Academy,,Archuleta,79.8,All ages
13798,Private School,Cortez Seventh Day Adventist School,,Montezuma,75.0,Kindergarten
13798,Private School,Cortez Seventh Day Adventist School,,Montezuma,61.9,All ages
13804,Child Care/Preschool,Autana Montessori School,,Boulder,92.2,Child Care/Preschool
13804,Child Care/Preschool,Autana Montessori School,,Boulder,100.0,Kindergarten
13806,Child Care/Preschool,Cribs 2 Crayons,,Arapahoe,95.7,Child Care/Preschool
13807,Child Care/Preschool,Eldorado Preschool,,Boulder,100.0,Child Care/Preschool
13809,Child Care/Preschool,Little Explorers Preschool,,Denver,96.2,Child Care/Preschool
13810,Child Care/Preschool,Our Village Childrens Academy,,Douglas,100.0,Child Care/Preschool
13812,Child Care/Preschool,Sagebrush Elementary Preschool,,Arapahoe,93.8,Child Care/Preschool
13813,Child Care/Preschool,Sedalia Elementary Preschool,,Douglas,80.0,Child Care/Preschool
13814,Child Care/Preschool,Indian Peaks Preschool,,Boulder,100.0,Child Care/Preschool
13816,Child Care/Preschool,Sunflower Hill Child Care - Lakewood,,Jefferson,100.0,Child Care/Preschool
13820,Private School,Our Lady Of Lourdes Catholic Classical - South Cam,,Arapahoe,61.5,Kindergarten
13820,Private School,Our Lady Of Lourdes Catholic Classical - South Cam,,Arapahoe,70.5,All ages
13826,Public School,Innovations and Options,,Adams,95.4,All ages
13827,Public School,Mountview Youth Service Center,,Jefferson,50.0,All ages
13828,Child Care/Preschool,Rocky Mountain Prep - Berkeley,,Denver,100.0,Child Care/Preschool
13829,Child Care/Preschool,North Star Academy Preschool,,Douglas,100.0,Child Care/Preschool
13830,Public School,TCA College Pathways,,El Paso,85.0,All ages
13831,Public School,The Classical Academy Junior High,,El Paso,90.6,All ages
13833,Public School,The Classical Academy Elementary,,El Paso,74.1,Kindergarten
13833,Public School,The Classical Academy Elementary,,El Paso,82.5,All ages
13837,Public School,Home School Academy Programs,,El Paso,59.0,Kindergarten
13837,Public School,Home School Academy Programs,,El Paso,67.0,All ages
13838,Private School,Trinity Lutheran - Greeley,,Weld,80.0,Kindergarten
13838,Private School,Trinity Lutheran - Greeley,,Weld,81.6,All ages
13839,Public School,Delta High School,,Denver,94.7,All ages
13840,Child Care/Preschool,TLC Learning Center,,Boulder,99.0,Child Care/Preschool
13841,Child Care/Preschool,Side Creek Elementary Preschool,,Arapahoe,93.2,Child Care/Preschool
13842,Public School,Escalante-Biggs Academy,,Denver,96.3,Kindergarten
13842,Public School,Escalante-Biggs Academy,,Denver,96.3,All ages
13843,Public School,Stephen Knight Center for Early Education,,Denver,97.4,Kindergarten
13843,Public School,Stephen Knight Center for Early Education,,Denver,97.4,All ages
14139,Public School,Inspiration View Elementary School,,El Paso,87.2,Kindergarten
14139,Public School,Inspiration View Elementary School,,El Paso,94.3,All ages
14140,Child Care/Preschool,Inspiration View Elementary Preschool,,El Paso,72.4,Child Care/Preschool
14142,Public School,Trailside Academy,,Adams,94.6,Kindergarten
14142,Public School,Trailside Academy,,Adams,98.0,All ages
14143,Child Care/Preschool,Trailside Academy Preschool,,Adams,89.2,Child Care/Preschool
14144,Public School,Villa Bella Expeditionary School,,Pueblo,91.3,Kindergarten
14144,Public School,Villa Bella Expeditionary School,,Pueblo,95.9,All ages
14145,Public School,Grand Mountain School,,El Paso,72.0,Kindergarten
14145,Public School,Grand Mountain School,,El Paso,84.9,All ages
14146,Public School,Severance High School,,Weld,97.2,All ages
14148,Child Care/Preschool,The Learning Experience - Reunion,,Adams,15.5,Child Care/Preschool
14150,Child Care/Preschool,STEM Lab Preschool,,Adams,93.9,Child Care/Preschool
14151,Child Care/Preschool,Jump Start Early Learning Academy,,Adams,98.2,Child Care/Preschool
14154,Child Care/Preschool,Bright Minds Children Academy,,Arapahoe,100.0,Child Care/Preschool
14155,Child Care/Preschool,The Estate Preschool,,Arapahoe,95.2,Child Care/Preschool
14161,Child Care/Preschool,My Second Home - 1321 Baseline,,Boulder,99.0,Child Care/Preschool
14163,Child Care/Preschool,New Horizon Academy - Broomfield,,Broomfield,68.5,Child Care/Preschool
14165,Child Care/Preschool,Goddard School - Park Hill,,Denver,97.8,Child Care/Preschool
14170,Child Care/Preschool,New Horizon Academy - Stapleton,,Denver,100.0,Child Care/Preschool
14172,Child Care/Preschool,DPSECE Inspire Elementary Preschool,,Denver,97.5,Child Care/Preschool
14173,Child Care/Preschool,The Villaggio,,Douglas,98.6,Child Care/Preschool
14174,Child Care/Preschool,STEM Child Care Inc.,,Douglas,100.0,Child Care/Preschool
14175,Child Care/Preschool,New Hope Preschool,,Douglas,92.1,Child Care/Preschool
14176,Child Care/Preschool,Castlewood Community Preschool,,Douglas,89.0,Child Care/Preschool
14177,Child Care/Preschool,Arma Dei Academy Preschool,,Douglas,74.1,Child Care/Preschool
14180,Child Care/Preschool,Aspen Prep - Preschool,,Eagle,96.8,Child Care/Preschool
14181,Child Care/Preschool,Colorado Childrens Academy. -610 E Willamette Str,,El Paso,100.0,Child Care/Preschool
14184,Child Care/Preschool,Once Upon A Childcare - Vickers,,El Paso,97.1,Child Care/Preschool
14185,Child Care/Preschool,Taylor Elementary Preschool,,El Paso,60.0,Child Care/Preschool
14187,Child Care/Preschool,Agate School District Preschool,,Elbert,83.3,Child Care/Preschool
14190,Child Care/Preschool,Fremont Cubs Preschool,,Fremont,94.2,Child Care/Preschool
14191,Child Care/Preschool,Penrose Kits Preschool,,Fremont,85.7,Child Care/Preschool
14194,Child Care/Preschool,Small Characters Preschool,,Jefferson,100.0,Child Care/Preschool
14195,Child Care/Preschool,The Childrens World School,,Jefferson,95.9,Child Care/Preschool
14196,Child Care/Preschool,Hutchinson Preschool,,Jefferson,100.0,Child Care/Preschool
14198,Child Care/Preschool,Waypoint Early Learning Center,,Jefferson,100.0,Child Care/Preschool
14199,Child Care/Preschool,Dutch Creek Preschool,,Jefferson,91.9,Child Care/Preschool
14201,Child Care/Preschool,DHS Early Learning Center,,La Plata,100.0,Child Care/Preschool
14203,Child Care/Preschool,Axis International Academy Preschool,,Larimer,83.3,Child Care/Preschool
14204,Child Care/Preschool,Everbrook Academy,,Larimer,94.4,Child Care/Preschool
14205,Child Care/Preschool,Thompson Integrated Early Childhood at Stansberry,,Larimer,96.8,Child Care/Preschool
14210,Child Care/Preschool,Heartsong Montessori,,Mesa,94.4,Child Care/Preschool
14212,Child Care/Preschool,OJC-CDS RF Annex,,Otero,96.8,Child Care/Preschool
14213,Child Care/Preschool,Southside Childrens Center 2,,Pueblo,100.0,Child Care/Preschool
14233,Child Care/Preschool,Bricker Elementary School (CPCD),,El Paso,92.6,Child Care/Preschool
14236,Child Care/Preschool,Worldmind Nature Immersion Preschool - City Park,,Denver,91.7,Child Care/Preschool
14236,Child Care/Preschool,Worldmind Nature Immersion Preschool - City Park,,Denver,100.0,Kindergarten
14238,Child Care/Preschool,Little Blossoms,,Mesa,100.0,Child Care/Preschool
14243,Public School,Chinook Trail Middle School,,El Paso,93.9,All ages
14245,Public School,Aurora Science & Tech Middle School,,Arapahoe,97.3,All ages
14247,Public School,AXIS International Academy,,Larimer,83.1,Kindergarten
14247,Public School,AXIS International Academy,,Larimer,85.9,All ages
14249,Public School,Colorado Early Colleges Windsor,,Larimer,83.4,All ages
14250,Public School,Coperni 3,,El Paso,89.7,Kindergarten
14250,Public School,Coperni 3,,El Paso,89.2,All ages
14251,Public School,Cherry Creek Elevation,,Arapahoe,96.7,All ages
14253,Public School,Denver Green School Northfield,,Denver,95.7,All ages
14256,Public School,Global Intermediate Academy,,Adams,99.7,All ages
14257,Public School,Global Primary Academy,,Adams,93.6,Kindergarten
14257,Public School,Global Primary Academy,,Adams,95.7,All ages
14259,Child Care/Preschool,Creative Options - Paris Center,,Arapahoe,100.0,Child Care/Preschool
14260,Public School,NEXT - District 6,,Weld,93.0,All ages
14263,Public School,Windsor Charter Academy High School,,Weld,94.5,All ages
14264,Private School,Chesterton Academy of Our Lady of Victory,,Arapahoe,67.8,All ages
14265,Child Care/Preschool,Steve Norgren Early Head Start,,Weld,100.0,Child Care/Preschool
14266,Public School,Bayfield K-12 Schools,,La Plata,84.4,Kindergarten
14266,Public School,Bayfield K-12 Schools,,La Plata,92.3,All ages
14269,Child Care/Preschool,Young Peoples Learning Center - Prospect,,Larimer,100.0,Child Care/Preschool
14271,Public School,Colorado Preparatory Academy Middle School,,Unknown,94.7,All ages
14272,Public School,Colorado Preparatory Academy Elementary School,,Unknown,95.0,Kindergarten
14272,Public School,Colorado Preparatory Academy Elementary School,,Unknown,95.8,All ages
14274,Public School,KIPP Sunshine Peak Elementary,,Denver,96.7,Kindergarten
14274,Public School,KIPP Sunshine Peak Elementary,,Denver,97.6,All ages
14275,Private School,Friends School - North Campus: Middle School,,Boulder,81.0,All ages
14304,Public School,Harmony Ridge P-8,,Arapahoe,94.3,Kindergarten
14304,Public School,Harmony Ridge P-8,,Arapahoe,96.8,All ages
14308,Private School,Ascent Classical Academy Northern Colorado,,Larimer,67.8,Kindergarten
14308,Private School,Ascent Classical Academy Northern Colorado,,Larimer,79.9,All ages
14310,Public School,Mountain View Academy,,El Paso,91.9,Kindergarten
14310,Public School,Mountain View Academy,,El Paso,90.5,All ages
14314,Public School,Atlas Preparatory Elementary School,,El Paso,88.1,Kindergarten
14314,Public School,Atlas Preparatory Elementary School,,El Paso,95.4,All ages
14315,Public School,Monument Charter Academy - East Campus,,El Paso,87.1,All ages
14316,Public School,Monument Ridge Elementary School,,Mesa,85.5,Kindergarten
14316,Public School,Monument Ridge Elementary School,,Mesa,90.8,All ages
14319,Child Care/Preschool,A New Generation III,,Adams,86.2,Child Care/Preschool
14320,Child Care/Preschool,Bizy Bees at Belle Creek,,Adams,95.8,Child Care/Preschool
14322,Child Care/Preschool,Colorado Stem Academy Preschool,,Adams,90.0,Child Care/Preschool
14323,Child Care/Preschool,Laredo Elementary Preschool,,Arapahoe,100.0,Child Care/Preschool
14326,Child Care/Preschool,Thrive Preschool,,Arapahoe,97.8,Child Care/Preschool
14327,Child Care/Preschool,Wings Early Childhood Center,,Archuleta,91.2,Child Care/Preschool
14333,Child Care/Preschool,Thorne Nature Preschool,,Boulder,86.5,Child Care/Preschool
14336,Child Care/Preschool,Echinacea Montessori,,Denver,100.0,Child Care/Preschool
14336,Child Care/Preschool,Echinacea Montessori,,Denver,100.0,Kindergarten
14338,Child Care/Preschool,Zion Lutheran Preschool,,Denver,91.7,Child Care/Preschool
14341,Child Care/Preschool,Imagine Early Education & Childcare,,Douglas,92.4,Child Care/Preschool
14342,Child Care/Preschool,Kiddie Academy of Lone Tree,,Douglas,84.5,Child Care/Preschool
14345,Child Care/Preschool,Highlands Ranch Community Association - Westridge,,Douglas,98.4,Child Care/Preschool
14348,Child Care/Preschool,McKinley Elementary Preschool,,Fremont,93.4,Child Care/Preschool
14349,Child Care/Preschool,West Grand Early Childhood Center,,Grand,78.9,Child Care/Preschool
14351,Child Care/Preschool,Mon Petit Academy,,Jefferson,88.8,Child Care/Preschool
14352,Child Care/Preschool,Partners in Play Preschool,,Jefferson,96.6,Child Care/Preschool
14354,Child Care/Preschool,Shapes of Tomorrow Montessori Preschool,,Jefferson,98.3,Child Care/Preschool
14354,Child Care/Preschool,Shapes of Tomorrow Montessori Preschool,,Jefferson,100.0,Kindergarten
14355,Child Care/Preschool,Tiny Hearts Academy - Wheat Ridge,,Jefferson,100.0,Child Care/Preschool
14356,Child Care/Preschool,Durango Montessori Preschool,,La Plata,96.0,Child Care/Preschool
14356,Child Care/Preschool,Durango Montessori Preschool,,La Plata,72.7,Kindergarten
14358,Child Care/Preschool,PSD Early Childhood @ Bennett,,Larimer,100.0,Child Care/Preschool
14359,Child Care/Preschool,Sunshine House of Fort Collins at CSU Campus West,,Larimer,95.8,Child Care/Preschool
14361,Child Care/Preschool,Wuddleitbee Child Care,,Larimer,95.3,Child Care/Preschool
14364,Child Care/Preschool,Little Imaginations Early Learning Center,,Mesa,100.0,Child Care/Preschool
14366,Child Care/Preschool,Yampa Valley Kids,,Moffat,96.4,Child Care/Preschool
14367,Child Care/Preschool,Mancos Valley Dragonfly Preschool,,Montezuma,50.0,Child Care/Preschool
14370,Child Care/Preschool,The Little Baby Station,,Teller,66.7,Child Care/Preschool
14371,Child Care/Preschool,YMCA Inspire Preschool -Johnstown,,Weld,94.9,Child Care/Preschool
14372,Child Care/Preschool,Miss Amys Neighborhood Preschool,,Weld,92.7,Child Care/Preschool
14382,Public School,Colorado Early Colleges - Castle Rock,,Douglas,91.6,All ages
14383,Public School,Colorado Early Colleges - Inverness,,Douglas,86.6,All ages
14384,Child Care/Preschool,City of Thornton Trail Winds Recreation Center Pre,,Adams,94.4,Child Care/Preschool
14388,Child Care/Preschool,Northside Aztlan Community Center,,Larimer,100.0,Child Care/Preschool
14398,Child Care/Preschool,Little Bosses Child Care,,Adams,100.0,Child Care/Preschool
14404,Public School,Colorado Early Colleges Fort Collins Middle School,,Larimer,87.7,All ages
14408,Public School,San Juan Mountain School,,Archuleta,88.0,All ages
14411,Public School,Mapleton Online,,Adams,83.3,All ages
14412,Public School,Nucla Middle School,,Montrose,88.1,All ages
14418,Child Care/Preschool,Little Lambs,,Eagle,100.0,Child Care/Preschool
14437,Child Care/Preschool,Normandy Preschool,,Jefferson,93.9,Child Care/Preschool
14438,Child Care/Preschool,Elber Preschool,,Jefferson,91.9,Child Care/Preschool
14439,Child Care/Preschool,Ute Meadows Preschool,,Jefferson,94.4,Child Care/Preschool
14441,Child Care/Preschool,Ryan Preschool,,Jefferson,95.0,Child Care/Preschool
14462,Child Care/Preschool,Northglenn Head Start,,Adams,98.4,Child Care/Preschool
14464,Public School,Padilla Elementary School,,Adams,96.3,Kindergarten
14464,Public School,Padilla Elementary School,,Adams,95.4,All ages
14465,Public School,Rocky Mountain Classical Academy Homeschool,,El Paso,38.3,Kindergarten
14465,Public School,Rocky Mountain Classical Academy Homeschool,,El Paso,49.9,All ages
14466,Public School,Bennett Intermediate School,,Adams,92.3,All ages
14468,Public School,Encompass Heights Elementary School,,El Paso,87.8,Kindergarten
14468,Public School,Encompass Heights Elementary School,,El Paso,90.8,All ages
14469,Public School,Pioneer Technology and Arts Academy,,El Paso,80.0,Kindergarten
14469,Public School,Pioneer Technology and Arts Academy,,El Paso,86.3,All ages
14470,Public School,Riverview PK-8 School,,Larimer,92.4,Kindergarten
14470,Public School,Riverview PK-8 School,,Larimer,94.0,All ages
14471,Public School,French American School of Denver,,Denver,94.5,Kindergarten
14471,Public School,French American School of Denver,,Denver,96.0,All ages
14472,Public School,Robert F. Smith STEAM Academy,,Denver,94.2,All ages
14473,Public School,DSST: Elevate Northeast High School,,Denver,94.7,All ages
14474,Public School,Dr. Justina Ford Elementary,,Arapahoe,96.2,Kindergarten
14474,Public School,Dr. Justina Ford Elementary,,Arapahoe,97.1,All ages
14475,Public School,Bamford Elementary School,,Larimer,91.7,Kindergarten
14475,Public School,Bamford Elementary School,,Larimer,93.7,All ages
14476,Public School,Kwiyagat Community Academy,,Montezuma,100.0,Kindergarten
14476,Public School,Kwiyagat Community Academy,,Montezuma,100.0,All ages
14477,Public School,CIVICA Colorado,,Weld,90.7,All ages
14478,Public School,Sleeping Giant School,,Routt,93.9,Kindergarten
14478,Public School,Sleeping Giant School,,Routt,93.1,All ages
14479,Public School,The STEAD School,,Adams,91.2,All ages
14480,Public School,Highlands Elementary School,,Boulder,94.2,Kindergarten
14480,Public School,Highlands Elementary School,,Boulder,95.7,All ages
14481,Private School,Al-Minhaal Academy Colorado,,Arapahoe,61.5,Kindergarten
14481,Private School,Al-Minhaal Academy Colorado,,Arapahoe,70.0,All ages
14482,Public School,Pueblo Classical Academy,,Pueblo,57.1,Kindergarten
14482,Public School,Pueblo Classical Academy,,Pueblo,41.7,All ages
14483,Public School,Ascend College Prep,,El Paso,91.5,All ages
14484,Public School,Merit Academy,,Teller,61.2,Kindergarten
14484,Public School,Merit Academy,,Teller,70.1,All ages
14485,Private School,Nativity of Our Lord Catholic Church & School,,Broomfield,95.0,Kindergarten
14485,Private School,Nativity of Our Lord Catholic Church & School,,Broomfield,91.2,All ages
14490,Public School,D3 My Way Virtual School,,El Paso,50.0,Kindergarten
14490,Public School,D3 My Way Virtual School,,El Paso,87.6,All ages
14492,Child Care/Preschool,Windsor Vineyard Preschool,,Weld,65.0,Child Care/Preschool
14496,Child Care/Preschool,Highlands Elementary Preschool,,Weld,96.7,Child Care/Preschool
14497,Child Care/Preschool,ABC Daycare Windsor,,Weld,77.9,Child Care/Preschool
14498,Child Care/Preschool,Kid City - Woodland Park,,Teller,95.7,Child Care/Preschool
14499,Child Care/Preschool,Alsup Elementary Preschool,,Adams,88.9,Child Care/Preschool
14501,Child Care/Preschool,Colorado Sports Leadership Academy Preschool,,Adams,100.0,Child Care/Preschool
14502,Child Care/Preschool,Sleeping Giant Preschool,,Routt,77.8,Child Care/Preschool
14503,Child Care/Preschool,Southside Childrens Center 3,,Pueblo,100.0,Child Care/Preschool
14504,Child Care/Preschool,Chalk Time,,Otero,83.3,Child Care/Preschool
14506,Child Care/Preschool,Haven House of Montrose Inc,,Montrose,92.9,Child Care/Preschool
14510,Child Care/Preschool,Harmony Ridge P-8 School Preschool,,Arapahoe,97.8,Child Care/Preschool
14511,Child Care/Preschool,The Gardner School of DTC,,Arapahoe,100.0,Child Care/Preschool
14514,Child Care/Preschool,EUREKA! Preschool Programs,,Mesa,100.0,Child Care/Preschool
14516,Child Care/Preschool,Bamford Elementary Preschool,,Larimer,93.3,Child Care/Preschool
14517,Child Care/Preschool,Riverview Early Childhood Center,,Larimer,93.3,Child Care/Preschool
14520,Child Care/Preschool,BVSD - Eisenhower Preschool Enrichment,,Boulder,100.0,Child Care/Preschool
14527,Child Care/Preschool,Tiny Violets Childcare,,Jefferson,95.2,Child Care/Preschool
14528,Child Care/Preschool,Primrose School of Bear Creek,,Jefferson,100.0,Child Care/Preschool
14529,Child Care/Preschool,New Beginnings Child Care,,Jefferson,100.0,Child Care/Preschool
14530,Child Care/Preschool,Kiddie Academy of Columbine,,Jefferson,99.0,Child Care/Preschool
14531,Child Care/Preschool,Goddard School Arvada - Ward Road,,Jefferson,99.4,Child Care/Preschool
14539,Child Care/Preschool,Linden Early Learning Center,,Denver,100.0,Child Care/Preschool
14540,Child Care/Preschool,Primrose School of Denver North,,Denver,100.0,Child Care/Preschool
14542,Child Care/Preschool,The Beehive,,Denver,97.5,Child Care/Preschool
14543,Child Care/Preschool,Castle Rock Kindercare,,Douglas,94.7,Child Care/Preschool
14544,Child Care/Preschool,Encompass Preschool,,Douglas,87.8,Child Care/Preschool
14545,Child Care/Preschool,Ivybrook Academy - Castle Rock Campus,,Douglas,98.5,Child Care/Preschool
14546,Child Care/Preschool,New Horizon Academy - Lone Tree,,Douglas,100.0,Child Care/Preschool
14547,Public School,Spark Online Academy,,El Paso,33.3,Kindergarten
14547,Public School,Spark Online Academy,,El Paso,84.1,All ages
14548,Public School,Colorado Summit Connections Academy,,Arapahoe,76.5,Kindergarten
14548,Public School,Colorado Summit Connections Academy,,Arapahoe,84.4,All ages
14550,Public School,D6 Online Academy,,Weld,100.0,Kindergarten
14550,Public School,D6 Online Academy,,Weld,96.9,All ages
14552,Public School,D60 Online School,,Pueblo,97.2,All ages
14553,Child Care/Preschool,Padilla Elementary Preschool,,Adams,95.4,Child Care/Preschool
14554,Child Care/Preschool,Dupont Elementary Preschool,,Adams,84.4,Child Care/Preschool
14555,Child Care/Preschool,Busy Bee Preschool,,Boulder,100.0,Child Care/Preschool
14557,Child Care/Preschool,Connect Care,,Eagle,92.5,Child Care/Preschool
14559,Child Care/Preschool,Golden Mountain Montessori Toddlers,,El Paso,95.7,Child Care/Preschool
14561,Public School,North Fork High School,,Delta,89.0,All ages
14564,Child Care/Preschool,Rifle Head Start,,Garfield,87.5,Child Care/Preschool
14565,Child Care/Preschool,Parachute Head Start,,Garfield,86.7,Child Care/Preschool
14566,Child Care/Preschool,Echo Canyon Academy,,Mesa,81.4,Child Care/Preschool
14567,Child Care/Preschool,Gateway Canyon at Migrant,,Mesa,96.4,Child Care/Preschool
14569,Child Care/Preschool,Red Canyon Academy,,Mesa,91.7,Child Care/Preschool
14573,Public School,Colorado Springs Charter Academy Middle School,,El Paso,91.3,All ages
14578,Child Care/Preschool,Encompass Heights Elementary Preschool,,El Paso,96.4,Child Care/Preschool
14579,Public School,St. Vrain LaunchEd Virtual Academy,,Boulder,60.0,Kindergarten
14579,Public School,St. Vrain LaunchEd Virtual Academy,,Boulder,93.4,All ages
14580,Child Care/Preschool,Campbell Preschool,,Jefferson,98.6,Child Care/Preschool
14581,Child Care/Preschool,Pine Ridge Elementary Preschool,,Arapahoe,91.9,Child Care/Preschool
14666,Public School,Five Star Online Academy,,Adams,96.8,All ages
14670,Public School,Southlawn Elementary School,,Adams,34.1,Kindergarten
14670,Public School,Southlawn Elementary School,,Adams,77.2,All ages
14671,Public School,Woodland Elementary School,,Arapahoe,89.5,Kindergarten
14671,Public School,Woodland Elementary School,,Arapahoe,96.0,All ages
14673,Public School,Black Canyon High School,,Montrose,92.4,All ages
14674,Public School,Tointon Academy of Pre-Engineering,,Weld,98.9,Kindergarten
14674,Public School,Tointon Academy of Pre-Engineering,,Weld,98.8,All ages
14675,Public School,Performing Arts School on Broadway,,Adams,98.6,All ages
14677,Public School,Gudy Gaskill Elementary,,Arapahoe,60.3,Kindergarten
14677,Public School,Gudy Gaskill Elementary,,Arapahoe,89.7,All ages
14679,Child Care/Preschool,Everbrook Academy of Northfield,,Denver,88.6,Child Care/Preschool
14681,Child Care/Preschool,The Learning Experience - Timnath - 6600 River Pas,,Larimer,99.2,Child Care/Preschool
14682,Child Care/Preschool,Shining Mountains Montessori School,,Chaffee,70.0,Child Care/Preschool
14683,Child Care/Preschool,Little Mountain Climbers,,El Paso,100.0,Child Care/Preschool
14687,Child Care/Preschool,The Magic Bus - Youth Power 365,,Eagle,92.7,Child Care/Preschool
14691,Child Care/Preschool,Stepping Stones Adventure Preschool,,Jefferson,90.2,Child Care/Preschool
14692,Child Care/Preschool,Valley View Innovation School Preschool,,Adams,91.2,Child Care/Preschool
14693,Child Care/Preschool,Faith Lutheran Preschool - Teller,,Teller,75.7,Child Care/Preschool
14694,Child Care/Preschool,Preschool of the Arts,,Pitkin,87.0,Child Care/Preschool
14699,Child Care/Preschool,Sanford Head Start,,Conejos,93.1,Child Care/Preschool
14704,Child Care/Preschool,Explore Elementary PK-8 Preschool,,Adams,97.1,Child Care/Preschool
14709,Child Care/Preschool,Centennial Elementary CPCD Preschool,,El Paso,97.3,Child Care/Preschool
14716,Child Care/Preschool,Evangelical Christian Academy - 1330 E Van Buren S,,El Paso,88.9,Child Care/Preschool
14719,Child Care/Preschool,The Learning Experience - Greeley 4801 25th St,,Weld,100.0,Child Care/Preschool
14723,Child Care/Preschool,Mountain View Academy Preschool,,Jefferson,98.4,Child Care/Preschool
14724,Child Care/Preschool,Faith Lutheran Preschool - Eaton,,Weld,91.9,Child Care/Preschool
14727,Child Care/Preschool,Strawberry Park Elementary Preschool,,Routt,94.7,Child Care/Preschool
14728,Child Care/Preschool,Tointon Academy Preschool,,Weld,100.0,Child Care/Preschool
14731,Child Care/Preschool,Southlawn Elementary Preschool 27J,,Adams,93.6,Child Care/Preschool
14733,Child Care/Preschool,Collegiate Academy of Colorado Preschool,,Jefferson,100.0,Child Care/Preschool
14735,Child Care/Preschool,Thrive Preschool Golden,,Jefferson,79.7,Child Care/Preschool
14737,Child Care/Preschool,Highline Elementary Preschool,,Arapahoe,100.0,Child Care/Preschool
14742,Child Care/Preschool,Everbrook Academy of Broomfield,,Broomfield,98.3,Child Care/Preschool
14743,Child Care/Preschool,Cordera Kindercare,,El Paso,97.2,Child Care/Preschool
14744,Child Care/Preschool,Saint Gabriel Academy Montessori Preschool,,El Paso,84.0,Child Care/Preschool
14746,Child Care/Preschool,Kiddie Academy of Denver - Boulevard One,,Denver,100.0,Child Care/Preschool
14748,Child Care/Preschool,Kid City USA - Cordera,,El Paso,86.2,Child Care/Preschool
14750,Child Care/Preschool,The Learning Experience - Banning Lewis Ranch,,El Paso,98.2,Child Care/Preschool
14752,Child Care/Preschool,Kid City USA - Forest Edge,,Teller,87.9,Child Care/Preschool
14756,Child Care/Preschool,Kiddie Academy of Aurora,,Arapahoe,25.0,Child Care/Preschool
14757,Child Care/Preschool,Alvarium Learning Center,,Larimer,98.8,Child Care/Preschool
14759,Child Care/Preschool,Peter Pan Y Sus Amigos Preschool,,Garfield,90.5,Child Care/Preschool
14761,Child Care/Preschool,New Horizon Academy - 2140 Village Vista Dr,,Weld,60.4,Child Care/Preschool
14763,Child Care/Preschool,Paonia Elementary BELA Preschool,,Delta,72.7,Child Care/Preschool
14764,Child Care/Preschool,The Summit Early Learning Academy,,Jefferson,100.0,Child Care/Preschool
14765,Child Care/Preschool,The Learning Nest,,Denver,100.0,Child Care/Preschool
14766,Child Care/Preschool,Soroco Preschool @ Yampa,,Routt,96.3,Child Care/Preschool
14767,Child Care/Preschool,Primrose School at Sterling Ranch,,Douglas,96.1,Child Care/Preschool
14771,Child Care/Preschool,Sunflower School at Boulder YMCA,,Boulder,34.4,Child Care/Preschool
14772,Child Care/Preschool,Centro Migrant Head Start - 6101 W 10th,,Weld,90.9,Child Care/Preschool
14773,Child Care/Preschool,Brighton Migrant Head Start,,Adams,90.5,Child Care/Preschool
14774,Child Care/Preschool,Olathe Migrant Head Start,,Montrose,92.9,Child Care/Preschool
14775,Public School,Ascent Classical Academy - Douglas,,Douglas,75.8,Kindergarten
14775,Public School,Ascent Classical Academy - Douglas,,Douglas,81.7,All ages
14776,Public School,Prospect Academy,,Jefferson,98.7,All ages
14793,Child Care/Preschool,The Garden Preschool & ELC,,Arapahoe,95.5,Child Care/Preschool
14800,Child Care/Preschool,City of Grand Junction Child Care Center,,Mesa,82.9,Child Care/Preschool
14804,Public School,Elwell Elementary School,,Weld,93.1,Kindergarten
14804,Public School,Elwell Elementary School,,Weld,96.1,All ages
14806,Child Care/Preschool,OUAC Hampshire LLC,,Larimer,98.2,Child Care/Preschool
14807,Child Care/Preschool,OUAC Riverside LLC,,Larimer,97.7,Child Care/Preschool
14808,Private School,Fusion Academy Denver,,Arapahoe,100.0,All ages
14811,Public School,The Vanguard School (High),,El Paso,97.2,All ages
14812,Public School,Weld Re-3J Innovations Online,,Weld,96.2,All ages
14813,Public School,Frontier Charter Academy Homeschool,,Weld,100.0,Kindergarten
14813,Public School,Frontier Charter Academy Homeschool,,Weld,99.6,All ages
14814,Private School,Fusion Academy Boulder County,,Boulder,91.3,All ages
14824,Child Care/Preschool,Breckenridge Resort Childcare Centers,,Summit,100.0,Child Care/Preschool
14827,Child Care/Preschool,Kid City USA - Longmont,,Boulder,100.0,Child Care/Preschool
14829,Private School,Williamsburg Academy of Colorado,,Unknown,75.7,All ages
14830,Public School,Las Animas K-12 Schools,,Bent,100.0,Kindergarten
14830,Public School,Las Animas K-12 Schools,,Bent,99.2,All ages
14831,Child Care/Preschool,Legacy Preschool,,Arapahoe,78.0,Child Care/Preschool
14832,Child Care/Preschool,Carlton Academy,,El Paso,100.0,Child Care/Preschool
14833,Child Care/Preschool,The Learning Tree - Pueblo,,Pueblo,95.9,Child Care/Preschool
14834,Public School,27J Online School,,Adams,97.4,All ages
14835,Child Care/Preschool,Abiding Hope Nature School,,Jefferson,96.3,Child Care/Preschool
14851,Public School,Aurora Science & Tech High School,,Arapahoe,94.8,All ages
14852,Child Care/Preschool,Woodland Elementary Preschool,,Arapahoe,96.2,Child Care/Preschool
14853,Public School,JeffCo Remote Learning Program,,Jefferson,44.4,Kindergarten
14853,Public School,JeffCo Remote Learning Program,,Jefferson,90.0,All ages
14854,Public School,Timnath Middle High School,,Larimer,95.8,All ages
14875,Child Care/Preschool,Harbor Early Learning Center,,Jefferson,94.6,Child Care/Preschool
14876,Child Care/Preschool,Mountain View Montessori at Parker,,Douglas,95.0,Child Care/Preschool
14877,Child Care/Preschool,Mountain View Montessori at Black Forest,,El Paso,94.7,Child Care/Preschool
14883,Child Care/Preschool,Adventure Academy,,Mesa,100.0,Child Care/Preschool
14884,Child Care/Preschool,Midland Preschool/District 11 Early Childhood,,El Paso,69.2,Child Care/Preschool
15884,Child Care/Preschool,Morton Preschool,,Pueblo,89.3,Child Care/Preschool
15885,Public School,Nettie S Freed K-8 Expeditionary School,,Pueblo,93.5,Kindergarten
15885,Public School,Nettie S Freed K-8 Expeditionary School,,Pueblo,93.7,All ages
15886,Child Care/Preschool,Ivybrook Academy - Parker,,Douglas,94.0,Child Care/Preschool
15887,Child Care/Preschool,Ivybrook Academy - Highlands Ranch,,Douglas,96.0,Child Care/Preschool
15888,Public School,Ascent Classical Academy of Grand Junction,,Mesa,88.9,Kindergarten
15888,Public School,Ascent Classical Academy of Grand Junction,,Mesa,89.9,All ages
15889,Public School,Ascent Classical Academy of 27J,,Adams,70.8,Kindergarten
15889,Public School,Ascent Classical Academy of 27J,,Adams,69.6,All ages
15890,Private School,Vista View HS,,Adams,90.0,All ages
15892,Child Care/Preschool,Peakview Academy at Conrad Ball Early Childhood,,Larimer,97.7,Child Care/Preschool
15896,Child Care/Preschool,Mountain Willow Montessori,,El Paso,95.2,Child Care/Preschool
15900,Child Care/Preschool,James Madison Preschool,,Weld,98.7,Child Care/Preschool
15901,Child Care/Preschool,Meeker Elementary Preschool,,Weld,97.3,Child Care/Preschool
15903,Child Care/Preschool,Falcon Elementary Preschool,,El Paso,100.0,Child Care/Preschool
15904,Child Care/Preschool,Ajax Cubs,,Pitkin,91.4,Child Care/Preschool
15905,Child Care/Preschool,Wildflower Nature School,,Summit,89.9,Child Care/Preschool
15907,Child Care/Preschool,Harmony School Christian Early Childhood Center,,Larimer,88.9,Child Care/Preschool
15910,Child Care/Preschool,Happy Ladybug Early Learning,,Denver,100.0,Child Care/Preschool
15911,Child Care/Preschool,Clubhouse Academy,,Weld,95.5,Child Care/Preschool
15912,Child Care/Preschool,Denver Jewish Day School Preschool,,Arapahoe,90.9,Child Care/Preschool
15916,Child Care/Preschool,Hills Academy - Northern Hills,,Adams,86.9,Child Care/Preschool
15918,Child Care/Preschool,Southeast Center for Judaism Inc,,Arapahoe,71.4,Child Care/Preschool
15921,Child Care/Preschool,The Learning Experience Loveland West,,Larimer,87.9,Child Care/Preschool
15923,Child Care/Preschool,Mountain Juniper Montessori,,Arapahoe,100.0,Child Care/Preschool
15923,Child Care/Preschool,Mountain Juniper Montessori,,Arapahoe,84.6,Kindergarten
15924,Child Care/Preschool,Kid City USA Highlands Ranch,,Douglas,90.5,Child Care/Preschool
15926,Child Care/Preschool,Colorado Christian Academy,,Douglas,50.0,Child Care/Preschool
15927,Child Care/Preschool,WPSD Early Childhood Center,,Teller,85.0,Child Care/Preschool
15928,Child Care/Preschool,WPSD Early Childhood Center- SES,,Teller,88.9,Child Care/Preschool
15929,Child Care/Preschool,The Neighborhood Play School,,Denver,91.3,Child Care/Preschool
15930,Public School,Forge Christian High School,,Jefferson,89.3,All ages
15931,Child Care/Preschool,RCS Preschool,,Larimer,71.2,Child Care/Preschool
15932,Child Care/Preschool,Pomona Preschool,,Mesa,93.5,Child Care/Preschool
15934,Child Care/Preschool,Academy International Preschool,,El Paso,86.4,Child Care/Preschool
15935,Child Care/Preschool,Academy Endeavour Preschool,,El Paso,87.5,Child Care/Preschool
15936,Child Care/Preschool,Tiny Dreamers,,Mesa,87.9,Child Care/Preschool
15936,Child Care/Preschool,Tiny Dreamers,,Mesa,100.0,Kindergarten
15937,Child Care/Preschool,Silverplume KinderCare,,Larimer,91.7,Child Care/Preschool
15939,Public School,Discovery Magnet School,,Adams,94.7,Kindergarten
15939,Public School,Discovery Magnet School,,Adams,97.0,All ages
15941,Child Care/Preschool,Two Roads Charter School Preschool,,Jefferson,91.7,Child Care/Preschool
15942,Child Care/Preschool,Maple Grove Preschool,,Jefferson,92.3,Child Care/Preschool
15943,Child Care/Preschool,Marshdale Preschool,,Jefferson,100.0,Child Care/Preschool
15944,Child Care/Preschool,Sierra Preschool,,Jefferson,96.6,Child Care/Preschool
15945,Child Care/Preschool,Weber Preschool,,Jefferson,98.5,Child Care/Preschool
15946,Child Care/Preschool,Green Gables Preschool,,Jefferson,100.0,Child Care/Preschool
15947,Child Care/Preschool,Meiklejohn Preschool,,Jefferson,92.1,Child Care/Preschool
15948,Child Care/Preschool,Powderhorn Preschool,,Jefferson,88.2,Child Care/Preschool
15949,Public School,American Legacy Academy,,Weld,67.5,Kindergarten
15949,Public School,American Legacy Academy,,Weld,78.5,All ages
15950,Child Care/Preschool,Golden Aspen Early Learning,,Boulder,100.0,Child Care/Preschool
15951,Public School,VALE - Venture Academy of Leadership & Entrepreneu,,Douglas,93.3,All ages
15953,Public School,Sky Ranch Academy,,Arapahoe,90.5,Kindergarten
15953,Public School,Sky Ranch Academy,,Arapahoe,96.1,All ages
15954,Public School,Aurora Highlands P-8,,Adams,87.0,Kindergarten
15954,Public School,Aurora Highlands P-8,,Adams,94.5,All ages
15955,Child Care/Preschool,Cimarron Preschool,,Arapahoe,100.0,Child Care/Preschool
15956,Child Care/Preschool,Antelope Ridge Preschool,,Arapahoe,91.7,Child Care/Preschool
15957,Child Care/Preschool,Dakota Valley Preschool,,Arapahoe,92.9,Child Care/Preschool
15958,Child Care/Preschool,Ponderosa Preschool,,Arapahoe,88.6,Child Care/Preschool
15959,Child Care/Preschool,Coyote Hills Preschool,,Arapahoe,100.0,Child Care/Preschool
15960,Child Care/Preschool,Buffalo Trail Preschool,,Arapahoe,97.6,Child Care/Preschool
15961,Child Care/Preschool,Homestead Preschool,,Arapahoe,100.0,Child Care/Preschool
15962,Child Care/Preschool,Rolling Hills Preschool,,Arapahoe,97.1,Child Care/Preschool
15963,Child Care/Preschool,Belleview Preschool,,Arapahoe,97.7,Child Care/Preschool
15964,Child Care/Preschool,Willow Creek Preschool,,Arapahoe,100.0,Child Care/Preschool
15965,Child Care/Preschool,Canyon Creek Preschool,,Arapahoe,87.1,Child Care/Preschool
15966,Child Care/Preschool,Village East Community Preschool,,Arapahoe,96.1,Child Care/Preschool
15967,Child Care/Preschool,High Plains Preschool,,Arapahoe,96.2,Child Care/Preschool
15968,Child Care/Preschool,Independence Preschool,,Arapahoe,97.1,Child Care/Preschool
15969,Child Care/Preschool,Cherry Hills Village Preschool,,Arapahoe,100.0,Child Care/Preschool
15970,Child Care/Preschool,Cottonwood Creek Preschool,,Arapahoe,100.0,Child Care/Preschool
15979,Public School,Rocky Mountain Prep Sunnyside,,Denver,90.5,All ages
15981,Child Care/Preschool,Coal Creek Preschool,,Boulder,96.4,Child Care/Preschool
15983,Child Care/Preschool,Louisville Elementary Preschool,,Boulder,100.0,Child Care/Preschool
15992,Child Care/Preschool,Firm Foundation Childcare,,Rio Blanco,77.4,Child Care/Preschool
15993,Public School,Thomas MacLaren State Charter School,,El Paso,85.9,Kindergarten
15993,Public School,Thomas MacLaren State Charter School,,El Paso,89.6,All ages
15994,Child Care/Preschool,Cornerstone Classical Christian Academy,,Weld,100.0,Child Care/Preschool
15995,Child Care/Preschool,Mountain Sprouts Academy,,Summit,93.1,Child Care/Preschool
15996,Public School,James Irwin Charter Academy - Canada Drive,,El Paso,84.6,Kindergarten
15996,Public School,James Irwin Charter Academy - Canada Drive,,El Paso,85.1,All ages
15997,Child Care/Preschool,Bright Beginnings at Colorado Outdoors,,Montrose,86.4,Child Care/Preschool
15998,Child Care/Preschool,Winograd Preschool,,Prowers,97.1,Child Care/Preschool
15999,Child Care/Preschool,Weld Family Cares ECE DBA Yoder Family ECE,,Weld,91.9,Child Care/Preschool
16000,Child Care/Preschool,Hope House Colorado Early Learning Center,,Jefferson,90.5,Child Care/Preschool
16001,Child Care/Preschool,Elizabeth School District Childcare Center,,Elbert,88.5,Child Care/Preschool
16002,Child Care/Preschool,Arts and Imagination Preschool East,,Larimer,90.9,Child Care/Preschool
16004,Child Care/Preschool,Little Mountain Preschool,,Larimer,91.9,Child Care/Preschool
16005,Child Care/Preschool,The Learning Experience - Berthoud,,Larimer,93.4,Child Care/Preschool
16006,Child Care/Preschool,We Help and Love Everyone Inc. - WHALE,,Weld,94.4,Child Care/Preschool
16007,Child Care/Preschool,Primrose School of North Colorado Springs,,El Paso,100.0,Child Care/Preschool
16008,Child Care/Preschool,Wee School,,Weld,92.0,Child Care/Preschool
16009,Public School,Orton Academy,,El Paso,73.1,All ages
16010,Public School,Hollister Lake Elementary,,Weld,98.8,Kindergarten
16010,Public School,Hollister Lake Elementary,,Weld,97.3,All ages
16011,Child Care/Preschool,Hollister Lake Elementary Preschool,,Weld,98.3,Child Care/Preschool
16012,Public School,Orchard Hill Elementary,,Weld,87.9,Kindergarten
16012,Public School,Orchard Hill Elementary,,Weld,93.0,All ages
16013,Child Care/Preschool,Orchard Hill Elementary Preschool,,Weld,95.2,Child Care/Preschool
17005,Child Care/Preschool,Spring Park Kindercare,,Larimer,97.4,Child Care/Preschool
17006,Child Care/Preschool,CodePlay Kids Center,,Arapahoe,89.9,Child Care/Preschool
17007,Child Care/Preschool,CENTENNIAL ACADEMY SCHOOL AGE CHILD CARE,,Arapahoe,96.7,Child Care/Preschool
18007,Child Care/Preschool,Mile High Early Learning at United Way,,Denver,95.0,Child Care/Preschool
18008,Child Care/Preschool,Mile High Early Learning at Rose on Colfax,,Denver,82.6,Child Care/Preschool
18009,Child Care/Preschool,D49 Evans Preschool,,El Paso,100.0,Child Care/Preschool
18010,Public School,Wellington Middle-High School,,Larimer,95.5,All ages
18013,Child Care/Preschool,Creative Options - Ironton,,Arapahoe,96.9,Child Care/Preschool
18014,Child Care/Preschool,Creative Options - Oxford,,Arapahoe,94.4,Child Care/Preschool
18015,Child Care/Preschool,Mines Early Childhood Center- Client ONLY,,Jefferson,100.0,Child Care/Preschool
18016,Child Care/Preschool,Mountain Minis Early Learning Academy,,Park,100.0,Child Care/Preschool
18017,Child Care/Preschool,Everbrook Academy of Reunion - Chambers Rd,,Adams,100.0,Child Care/Preschool
18019,Child Care/Preschool,Cactus Bloom Community School,,Mesa,100.0,Child Care/Preschool
18019,Child Care/Preschool,Cactus Bloom Community School,,Mesa,95.5,Kindergarten
18020,Child Care/Preschool,PSD ECE at Werner,,Larimer,93.3,Child Care/Preschool
18021,Child Care/Preschool,ScuttleBugs Boulder,,Boulder,100.0,Child Care/Preschool
18023,Private School,Emmanuel Lutheran School,,Garfield,100.0,Kindergarten
18023,Private School,Emmanuel Lutheran School,,Garfield,100.0,All ages
18024,Child Care/Preschool,Mountain Resource Center,,Jefferson,70.0,Child Care/Preschool
18025,Child Care/Preschool,The Learning Experience,,Douglas,28.8,Child Care/Preschool
19024,Child Care/Preschool,Greenwood Elementary Preschool,,Arapahoe,100.0,Child Care/Preschool
19025,Child Care/Preschool,Pikes Peak Preschool,,El Paso,96.4,Child Care/Preschool
19026,Child Care/Preschool,Kaleidoscope Kids Preschool,,Weld,88.9,Child Care/Preschool
19027,Child Care/Preschool,Tangerine Early Learning Inc.,,Denver,95.3,Child Care/Preschool
19030,Child Care/Preschool,Stormys Early Learning Center,,Mesa,100.0,Child Care/Preschool
19031,Child Care/Preschool,Merit Academy Preschool,,Teller,67.9,Child Care/Preschool
19032,Child Care/Preschool,YMCA Inspire Preschool - Boulder,,Boulder,30.0,Child Care/Preschool
19033,Child Care/Preschool,The Goddard School Littleton 2,,Arapahoe,96.0,Child Care/Preschool
19034,Child Care/Preschool,Tiny Pines Preschool,,Pitkin,85.7,Child Care/Preschool
19036,Child Care/Preschool,Deane Preschool,,Jefferson,94.4,Child Care/Preschool
19037,Child Care/Preschool,Governors Ranch Preschool,,Jefferson,100.0,Child Care/Preschool
19038,Public School,Summit Academy JeffCo,,Jefferson,86.4,All ages
19039,Child Care/Preschool,Pax Christi Catholic Preschool,,Douglas,77.8,Child Care/Preschool
19039,Child Care/Preschool,Pax Christi Catholic Preschool,,Douglas,40.0,Kindergarten
19041,Child Care/Preschool,AXL Academy Preschool - Jewell Ave,,Adams,77.3,Child Care/Preschool
19044,Child Care/Preschool,Monaco Elementary Preschool,,Adams,100.0,Child Care/Preschool
19047,Child Care/Preschool,Smoky Hill Kindercare,,Arapahoe,95.0,Child Care/Preschool
19048,Child Care/Preschool,Park View Preschool,,Pueblo,92.3,Child Care/Preschool
19049,Child Care/Preschool,Aurora Highlands P-8 Preschool,,Adams,97.7,Child Care/Preschool
19050,Public School,Firestone Charter Academy,,Boulder,95.6,Kindergarten
19050,Public School,Firestone Charter Academy,,Boulder,93.6,All ages
19051,Child Care/Preschool,Cougar Run Elementary Preschool,,Douglas,100.0,Child Care/Preschool
19052,Public School,Wildflower Montessori Public Schools of Colorado A,,Adams,88.6,All ages
19053,Child Care/Preschool,Fountain Preschool,,Pueblo,100.0,Child Care/Preschool
19071,Public School,High Rockies Community School,,Park,80.0,Kindergarten
19071,Public School,High Rockies Community School,,Park,77.1,All ages
19072,Child Care/Preschool,Everbrook Academy - Parker,,Douglas,91.0,Child Care/Preschool
19073,Child Care/Preschool,Marble Sprouts Preschool,,Gunnison,80.0,Child Care/Preschool
19074,Child Care/Preschool,Kids Morning Out Christian Preschool,,Weld,90.9,Child Care/Preschool
19075,Child Care/Preschool,Playcrafter Kids,,Larimer,97.1,Child Care/Preschool
19076,Child Care/Preschool,Superior Baby Care,,Boulder,96.3,Child Care/Preschool
19079,Private School,BRAVE Academy,,Arapahoe,41.7,Kindergarten
19079,Private School,BRAVE Academy,,Arapahoe,35.9,All ages
19080,Child Care/Preschool,Ivybrook Academy - Colorado Springs,,El Paso,91.2,Child Care/Preschool
19082,Child Care/Preschool,Patterson Early Head Start - Yarrow,,Jefferson,100.0,Child Care/Preschool
19083,Child Care/Preschool,Patterson Head Start - Florida,,Jefferson,100.0,Child Care/Preschool
19085,Child Care/Preschool,Alamosa Head Start,,Alamosa,89.6,Child Care/Preschool
19086,Child Care/Preschool,Conejos Head Start,,Conejos,90.9,Child Care/Preschool
19087,Child Care/Preschool,Saguache Head Start,,Rio Grande,97.6,Child Care/Preschool
19088,Child Care/Preschool,Golden Aspen Bilingual Academy,,Boulder,100.0,Child Care/Preschool
19089,Child Care/Preschool,Summit Early Education Center,,Morgan,89.5,Child Care/Preschool
19090,Child Care/Preschool,Thrive Reunion,,Adams,81.8,Child Care/Preschool
19092,Child Care/Preschool,Warren Village at Alameda,,Denver,92.1,Child Care/Preschool
19093,Public School,Colorado Springs School of Technology,,El Paso,87.5,All ages
19095,Child Care/Preschool,Stansberry Early Childhood Center,,Larimer,100.0,Child Care/Preschool
19100,Public School,Ridgeline Middle School,,Weld,97.0,All ages
19101,Child Care/Preschool,Little Adventures Child Care Center - GJ,,Mesa,100.0,Child Care/Preschool
19102,Child Care/Preschool,Kid City USA Grand Junction 3,,Mesa,95.6,Child Care/Preschool
19104,Child Care/Preschool,STREAM Preschool: Powered by EUREKA!,,Mesa,100.0,Child Care/Preschool
19105,Child Care/Preschool,Luckey Stars Early Learning Center LLC,,Larimer,85.7,Child Care/Preschool
19106,Child Care/Preschool,Kids Garden Evergreen,,Jefferson,95.0,Child Care/Preschool
19107,Public School,Roosevelt Middle School,,Weld,96.9,All ages
19109,Child Care/Preschool,Heiman Elementary Preschool,,Weld,100.0,Child Care/Preschool
19110,Child Care/Preschool,The Owl Academy,,Jefferson,100.0,Child Care/Preschool
19111,Public School,Capstone Academy,,Adams,90.7,Kindergarten
19111,Public School,Capstone Academy,,Adams,94.2,All ages
19114,Child Care/Preschool,Nucla Early Learning Center,,Montrose,97.2,Child Care/Preschool
19116,Child Care/Preschool,Pagosa Springs Elementary School Preschool,,Archuleta,100.0,Child Care/Preschool
19117,Public School,Tiger Trades Academy,,Otero,96.6,All ages
19118,Child Care/Preschool,Primrose School of Stetson Hills,,El Paso,97.3,Child Care/Preschool
19119,Child Care/Preschool,KCE Champions LLC @ Leman,,Douglas,100.0,Child Care/Preschool
19120,Child Care/Preschool,Little Cubs Academy,,Arapahoe,66.7,Child Care/Preschool
19121,Child Care/Preschool,Mile High Early Learning at Blossom House,,Denver,100.0,Child Care/Preschool
19122,Child Care/Preschool,United Hearts Community School,,El Paso,64.7,Child Care/Preschool
19124,Child Care/Preschool,Todays Life LLC dba Kiddie Academy Windsor,,Larimer,92.7,Child Care/Preschool
19125,Child Care/Preschool,Preschool Pathways LLC,,El Paso,81.4,Child Care/Preschool
19126,Child Care/Preschool,The Sunflower School PK,,Arapahoe,86.7,Child Care/Preschool
19127,Public School,Wildflower Montessori Public School of Colorado Au,,Arapahoe,100.0,Kindergarten
19127,Public School,Wildflower Montessori Public School of Colorado Au,,Arapahoe,100.0,All ages
19128,Child Care/Preschool,Curious Minds,,Larimer,100.0,Child Care/Preschool
19130,Child Care/Preschool,Little Adventures Child Care Center - Garfield,,Garfield,98.3,Child Care/Preschool
19131,Child Care/Preschool,Thrive Littleton,,Arapahoe,5.4,Child Care/Preschool
19132,Child Care/Preschool,Blue Sky Childrens Academy,,Larimer,82.6,Child Care/Preschool
19133,Child Care/Preschool,The Learning Experience - Highlands Ranch,,Douglas,98.9,Child Care/Preschool
19134,Public School,Aspire Online Academy,,El Paso,85.6,All ages
19135,Public School,Career Readiness Academy,,El Paso,87.6,All ages
19136,Child Care/Preschool,Broomfield Palisade KinderCare,,Broomfield,100.0,Child Care/Preschool
19138,Public School,Pleasant View Charter School,,Montezuma,75.0,Kindergarten
19138,Public School,Pleasant View Charter School,,Montezuma,82.5,All ages
19139,Public School,Woodland Park JR/SR High School,,Teller,89.7,All ages
19140,Child Care/Preschool,Bright Lights Early Learning Center,,Denver,88.5,Child Care/Preschool
19141,Child Care/Preschool,Explorers Early Childhood Education Inc.,,La Plata,83.3,Child Care/Preschool
19143,Public School,Outer Range,,Montrose,69.2,Kindergarten
19143,Public School,Outer Range,,Montrose,79.4,All ages
19144,Child Care/Preschool,Greenwood Village KinderCare,,Arapahoe,98.4,Child Care/Preschool
19145,Child Care/Preschool,Primrose School of Firestone at Longmont,,Weld,94.9,Child Care/Preschool
19146,Public School,Thrive Home School Academy,,El Paso,3.0,All ages
19148,Public School,Monument View Montessori Charter School - CSI,,Mesa,80.0,Kindergarten
19148,Public School,Monument View Montessori Charter School - CSI,,Mesa,87.5,All ages
19158,Child Care/Preschool,First Steps College LLC,,Pitkin,100.0,Child Care/Preschool
19159,Child Care/Preschool,The Gardner School of 9+CO,,Denver,100.0,Child Care/Preschool
19160,Child Care/Preschool,Jefferson Academy Pre-Kindergarten,,Jefferson,89.7,Child Care/Preschool
19161,Child Care/Preschool,Jefferson Academy Coal Creek Canyon Prek,,Jefferson,100.0,Child Care/Preschool
19163,Child Care/Preschool,BVSD Mesa Elementary Preschool,,Boulder,96.0,Child Care/Preschool
19164,Child Care/Preschool,Fort Collins Christian School Preschool,,Larimer,100.0,Child Care/Preschool
19165,Child Care/Preschool,New Horizon Academy - Thornton,,Adams,100.0,Child Care/Preschool
19166,Child Care/Preschool,New Horizon Academy - Parker,,Douglas,93.6,Child Care/Preschool
19168,Child Care/Preschool,Trailblazer Academy,,Weld,92.1,Child Care/Preschool
19169,Child Care/Preschool,Valley View Preschool LLC.,,Moffat,94.6,Child Care/Preschool
19170,Public School,The Vanguard School (Middle),,El Paso,94.7,All ages
19171,Public School,The Vanguard School (Elementary),,El Paso,85.6,Kindergarten
19171,Public School,The Vanguard School (Elementary),,El Paso,92.8,All ages
19195,Child Care/Preschool,27J PRESCHOOL @ REUNION,,Adams,96.9,Child Care/Preschool
19196,Child Care/Preschool,Ilo Early Learning Center LLC,,Douglas,97.2,Child Care/Preschool
