Facility Number,School Type,School District or Name,Facility Address,County,MMR Vaccination Rate,Age Group
,,Aboite Elementary School,,Allen,78.95,Kindergarten
,,Saint Monica School,,Marion,100.0,Kindergarten
,,Francis M Price Elementary School,,Allen,89.8,Kindergarten
,,Bellmont Middle School,,Adams,96.51,6th Grade
,,Adams Elementary School,,Allen,93.62,Kindergarten
,,Northrop High School,,Allen,97.6,12th Grade
,,Summit Middle School,,Allen,95.4,6th Grade
,,Adams Central Middle School,,Adams,97.75,6th Grade
,,Saint Joseph School,,De Kalb,91.67,Kindergarten
,,Queen Of Angels School,,Allen,100.0,Kindergarten
,,Saint Joseph Catholic School,,Allen,100.0,Kindergarten
,,Sacred Heart School,,Kosciusko,78.95,Kindergarten
,,Saint Mary Elementary School,,Noble,100.0,1st Grade
,,Cedar Canyon Elementary School,,Allen,94.81,Kindergarten
,,South Adams Elementary School,,Adams,89.11,Kindergarten
,,Our Shepherd Lutheran School,,Hendricks,36.36,Kindergarten
,,Queen Of Peace,,St. Joseph,94.12,Kindergarten
,,Saint John The Baptist School,,St. Joseph,81.82,Kindergarten
,,Deer Ridge Elementary,,Allen,80.23,Kindergarten
,,Saint Louis Besancon Catholic Sch,,Allen,77.78,6th Grade
,,Bellmont Senior High School,,Adams,100.0,12th Grade
,,Blackhawk Middle School,,Allen,98.41,6th Grade
,,Haverhill Elementary School,,Allen,88.41,Kindergarten
,,Blackhawk Christian Elementary School,,Allen,100.0,1st Grade
,,Miami Middle School,,Allen,95.29,6th Grade
,,South Adams High School,,Adams,96.83,12th Grade
,,Saint Joseph School,,St. Joseph,95.35,1st Grade
,,Hickory Center Elementary School,,Allen,92.45,Kindergarten
,,Saint Therese School,,Allen,77.78,1st Grade
,,South Adams Middle School,,Adams,90.72,6th Grade
,,Aboite Elementary School,,Allen,93.75,1st Grade
,,Saint Monica School,,Marion,100.0,1st Grade
,,Francis M Price Elementary School,,Allen,90.91,1st Grade
,,Bellmont Middle School,,Adams,97.5,7th Grade
,,Adams Elementary School,,Allen,96.36,1st Grade
,,Blackford Intermediate School,,Blackford,98.77,6th Grade
,,Summit Middle School,,Allen,95.7,7th Grade
,,Adams Central Middle School,,Adams,98.04,7th Grade
,,Saint Joseph School,,De Kalb,77.78,1st Grade
,,Queen Of Angels School,,Allen,100.0,6th Grade
,,Saint Joseph Catholic School,,Allen,80.0,1st Grade
,,Sacred Heart School,,Kosciusko,95.65,1st Grade
,,Covenant Christian School,,St. Joseph,74.19,Kindergarten
,,Cedar Canyon Elementary School,,Allen,97.26,1st Grade
,,South Adams Elementary School,,Adams,92.0,1st Grade
,,Our Shepherd Lutheran School,,Hendricks,60.0,1st Grade
,,Queen Of Peace,,St. Joseph,95.0,1st Grade
,,Saint John The Baptist School,,St. Joseph,100.0,1st Grade
,,Deer Ridge Elementary,,Allen,100.0,1st Grade
,,Saint Louis Besancon Catholic Sch,,Allen,90.0,7th Grade
,,East Chicago Lighthouse,,Lake,79.07,1st Grade
,,Blackhawk Middle School,,Allen,93.98,7th Grade
,,Haverhill Elementary School,,Allen,95.92,1st Grade
,,Blackhawk Christian Elementary School,,Allen,100.0,6th Grade
,,Miami Middle School,,Allen,98.11,7th Grade
,,Saint Michael School,,Marshall,95.65,6th Grade
,,Forest Park Elementary School,,Allen,83.33,Kindergarten
,,Saint Joseph School,,St. Joseph,97.83,6th Grade
,,Hickory Center Elementary School,,Allen,89.23,1st Grade
,,Saint Therese School,,Allen,100.0,6th Grade
,,South Adams Middle School,,Adams,91.35,7th Grade
,,Saint Vincent Depaul School,,Allen,92.59,Kindergarten
,,Saint Monica School,,Marion,100.0,6th Grade
,,Prince Chapman Academy,,Allen,96.03,6th Grade
,,J Wilbur Haley Elementary School,,Allen,88.89,Kindergarten
,,Washington Elementary School,,Allen,93.1,Kindergarten
,,South Dearborn Middle School,,Dearborn,94.66,6th Grade
,,Covington Elementary School,,Allen,81.2,Kindergarten
,,Holy Family School,,St. Joseph,100.0,Kindergarten
,,Queen Of Angels School,,Allen,100.0,7th Grade
,,Saint Joseph Catholic School,,Allen,100.0,6th Grade
,,Sacred Heart School,,Kosciusko,96.0,6th Grade
,,Covenant Christian School,,St. Joseph,86.21,1st Grade
,,Ss Francis And Clare Catholic Sch,,Johnson,80.36,Kindergarten
,,Irvington Community Middle School,,Marion,100.0,6th Grade
,,Our Shepherd Lutheran School,,Hendricks,100.0,6th Grade
,,Queen Of Peace,,St. Joseph,91.67,6th Grade
,,Saint John The Baptist School,,St. Joseph,100.0,6th Grade
,,Saint Anthony De Padua School,,St. Joseph,84.62,Kindergarten
,,Harrison Hill Elementary School,,Allen,91.18,Kindergarten
,,East Chicago Lighthouse,,Lake,76.92,6th Grade
,,Lakewood Park Christian School,,De Kalb,73.47,Kindergarten
,,Saint Mark School,,Marion,90.38,Kindergarten
,,Reitz Memorial High School,,Vanderburgh,100.0,12th Grade
,,Rivet Middle & High School,,Knox,100.0,12th Grade
,,Saint Michael School,,Marshall,100.0,7th Grade
,,Forest Park Elementary School,,Allen,94.95,1st Grade
,,Saint Joseph School,,St. Joseph,95.56,7th Grade
,,Wayne High School,,Allen,96.59,12th Grade
,,Saint Therese School,,Allen,100.0,7th Grade
,,Southside Elementary School,,Bartholomew,88.7,Kindergarten
,,Saint Vincent Depaul School,,Allen,93.98,1st Grade
,,Saint Monica School,,Marion,83.33,7th Grade
,,Bright Elementary School,,Dearborn,90.54,Kindergarten
,,J Wilbur Haley Elementary School,,Allen,85.56,1st Grade
,,Washington Elementary School,,Allen,97.14,1st Grade
,,South Dearborn Middle School,,Dearborn,92.25,7th Grade
,,Covington Elementary School,,Allen,92.74,1st Grade
,,Holy Family School,,St. Joseph,91.43,1st Grade
,,Arcola School,,Allen,92.59,Kindergarten
,,Levan R Scott Academy,,Allen,91.23,Kindergarten
,,Saint Joseph Catholic School,,Allen,100.0,7th Grade
,,Saint Bernard Elementary School,,Wabash,80.0,Kindergarten
,,Covenant Christian School,,St. Joseph,100.0,6th Grade
,,Ss Francis And Clare Catholic Sch,,Johnson,86.05,1st Grade
,,Irvington Community Middle School,,Marion,83.33,7th Grade
,,Our Shepherd Lutheran School,,Hendricks,92.31,7th Grade
,,Queen Of Peace,,St. Joseph,90.91,7th Grade
,,Saint John The Baptist School,,St. Joseph,100.0,7th Grade
,,Saint Anthony De Padua School,,St. Joseph,95.24,1st Grade
,,Harrison Hill Elementary School,,Allen,90.59,1st Grade
,,East Chicago Lighthouse,,Lake,92.5,7th Grade
,,Lakewood Park Christian School,,De Kalb,94.83,1st Grade
,,Saint Mark School,,Marion,100.0,1st Grade
,,Indiana Agriculture And Technology,,Hamilton,100.0,12th Grade
,,Nativity Catholic School,,Marion,85.29,Kindergarten
,,Traders Point Christian Schools,,Boone,95.08,Kindergarten
,,Charter School Of The Dunes,,Lake,54.39,Kindergarten
,,New Haven Primary School,,Allen,88.89,Kindergarten
,,John S Irwin Elementary School,,Allen,92.5,Kindergarten
,,Benton Central Jr-Sr High School,,Benton,98.32,7th Grade
,,Portage Middle School,,Allen,99.27,6th Grade
,,Southside Elementary School,,Bartholomew,88.54,1st Grade
,,Logansport Community High School,,Cass,100.0,7th Grade
,,Saint Vincent Depaul School,,Allen,92.21,6th Grade
,,Scecina Memorial High School,,Marion,79.25,12th Grade
,,Bright Elementary School,,Dearborn,95.51,1st Grade
,,Calvary Lutheran School,,Marion,81.25,Kindergarten
,,Cathedral High School,,Marion,91.04,12th Grade
,,East Central Middle School,,Dearborn,98.57,6th Grade
,,Bishop Chatard High School,,Marion,100.0,12th Grade
,,Holy Family School,,St. Joseph,100.0,6th Grade
,,Arcola School,,Allen,85.29,1st Grade
,,Levan R Scott Academy,,Allen,91.03,1st Grade
,,Saint Bernard Elementary School,,Wabash,100.0,1st Grade
,,Covenant Christian School,,St. Joseph,95.0,7th Grade
,,Ss Francis And Clare Catholic Sch,,Johnson,97.73,6th Grade
,,Washington Center Elementary Sch,,Allen,88.16,Kindergarten
,,Lafayette Meadow School,,Allen,85.92,Kindergarten
,,Fred H Croninger Elementary School,,Allen,95.56,Kindergarten
,,St Pius X Catholic School,,St. Joseph,82.76,Kindergarten
,,Saint Anthony De Padua School,,St. Joseph,96.88,6th Grade
,,Saint Patrick School,,Vigo,66.67,1st Grade
,,Saint Joseph Central School,,Allen,89.23,Kindergarten
,,Lakewood Park Christian School,,De Kalb,78.85,6th Grade
,,Saint Mark School,,Marion,100.0,6th Grade
,,Saint Matthew Cathedral School,,St. Joseph,77.78,Kindergarten
,,Nativity Catholic School,,Marion,97.37,1st Grade
,,Traders Point Christian Schools,,Boone,95.45,1st Grade
,,Charter School Of The Dunes,,Lake,84.78,1st Grade
,,New Haven Primary School,,Allen,93.97,1st Grade
,,John S Irwin Elementary School,,Allen,96.15,1st Grade
,,Benton Central Jr-Sr High School,,Benton,98.25,12th Grade
,,Portage Middle School,,Allen,98.39,7th Grade
,,Southside Elementary School,,Bartholomew,98.37,6th Grade
,,Logansport Community High School,,Cass,98.09,12th Grade
,,Saint Vincent Depaul School,,Allen,95.0,7th Grade
,,Bishop Dwenger High School,,Allen,90.38,12th Grade
,,North Newton Jr-Sr High School,,Newton,90.91,7th Grade
,,Calvary Lutheran School,,Marion,96.0,1st Grade
,,Our Lady Of Mt Carmel School,,Hamilton,90.79,Kindergarten
,,East Central Middle School,,Dearborn,99.56,7th Grade
,,Saint Mary Elementary School,,Rush,94.74,Kindergarten
,,Holy Family School,,St. Joseph,100.0,7th Grade
,,Willard Shambaugh Elementary Sch,,Allen,92.31,Kindergarten
,,South Wayne Elementary School,,Allen,94.74,Kindergarten
,,Lakeside Middle School,,Allen,95.38,6th Grade
,,Saint Bernard Elementary School,,Wabash,100.0,6th Grade
,,Huntertown Elementary School,,Allen,98.81,Kindergarten
,,Ss Francis And Clare Catholic Sch,,Johnson,100.0,7th Grade
,,Washington Center Elementary Sch,,Allen,86.6,1st Grade
,,Lafayette Meadow School,,Allen,91.75,1st Grade
,,Fred H Croninger Elementary School,,Allen,95.24,1st Grade
,,St Pius X Catholic School,,St. Joseph,87.69,1st Grade
,,Saint Anthony De Padua School,,St. Joseph,82.35,7th Grade
,,Saint Patrick School,,Vigo,88.89,6th Grade
,,Saint Joseph Central School,,Allen,88.89,1st Grade
,,Lakewood Park Christian School,,De Kalb,85.11,7th Grade
,,Saint Mark School,,Marion,100.0,7th Grade
,,Saint Matthew Cathedral School,,St. Joseph,90.0,1st Grade
,,Millersburg Elementary- Middle Sch,,Elkhart,73.08,Kindergarten
,,Nativity Catholic School,,Marion,97.56,6th Grade
,,Traders Point Christian Schools,,Boone,96.0,6th Grade
,,Charter School Of The Dunes,,Lake,92.68,6th Grade
,,Heritage Jr/Sr High School,,Allen,97.5,7th Grade
,,Staunton Elementary School,,Clay,91.49,Kindergarten
,,Columbia Elementary School,,Cass,95.89,Kindergarten
,,Fort Wayne Virtual Academy,,Allen,91.18,6th Grade
,,Northside Middle School,,Bartholomew,97.88,7th Grade
,,Saint Maria Goretti School,,Hamilton,97.92,Kindergarten
,,Mishawaka Catholic School,,St. Joseph,100.0,Kindergarten
,,East Side Elementary School,,Clay,94.87,Kindergarten
,,North Newton Jr-Sr High School,,Newton,85.37,12th Grade
,,Calvary Lutheran School,,Marion,100.0,6th Grade
,,Our Lady Of Mt Carmel School,,Hamilton,89.33,1st Grade
,,Greendale Middle School,,Dearborn,93.98,6th Grade
,,Saint Mary Elementary School,,Rush,85.71,1st Grade
,,St Joseph Hessen Cassel Cath Sch,,Allen,94.12,Kindergarten
,,Willard Shambaugh Elementary Sch,,Allen,95.45,1st Grade
,,South Wayne Elementary School,,Allen,90.0,1st Grade
,,Lakeside Middle School,,Allen,93.88,7th Grade
,,Pope John Xxiii Elementary School,,Jefferson,83.33,Kindergarten
,,Huntertown Elementary School,,Allen,96.2,1st Grade
,,Saint Joan Of Arc School,,Marion,86.67,Kindergarten
,,Aquinas School At St Andrew's,,Lake,100.0,Kindergarten
,,St Thomas The Apostle School,,Elkhart,33.33,Kindergarten
,,Mabel K Holland Elementary School,,Allen,87.72,Kindergarten
,,St Pius X Catholic School,,St. Joseph,100.0,6th Grade
,,Taylorsville Elementary School,,Bartholomew,83.08,Kindergarten
,,Saint Patrick School,,Vigo,94.12,7th Grade
,,Study Elementary School,,Allen,91.67,Kindergarten
,,Lakewood Park Christian School,,De Kalb,82.22,12th Grade
,,Washington Catholic Mid/High Sch,,Daviess,100.0,12th Grade
,,Saint Matthew Cathedral School,,St. Joseph,100.0,6th Grade
,,Millersburg Elementary- Middle Sch,,Elkhart,79.31,1st Grade
,,Nativity Catholic School,,Marion,100.0,7th Grade
,,Traders Point Christian Schools,,Boone,100.0,7th Grade
,,Charter School Of The Dunes,,Lake,94.44,7th Grade
,,Heritage Jr/Sr High School,,Allen,100.0,12th Grade
,,Staunton Elementary School,,Clay,100.0,1st Grade
,,Columbia Elementary School,,Cass,94.62,1st Grade
,,Fort Wayne Virtual Academy,,Allen,93.75,7th Grade
,,Columbus North High School,,Bartholomew,91.24,12th Grade
,,Saint Maria Goretti School,,Hamilton,89.58,1st Grade
,,Mishawaka Catholic School,,St. Joseph,97.14,1st Grade
,,East Side Elementary School,,Clay,94.59,1st Grade
,,The Path School,,Marion,50.0,Kindergarten
,,Calvary Lutheran School,,Marion,100.0,7th Grade
,,Our Lady Of Mt Carmel School,,Hamilton,81.94,6th Grade
,,Greendale Middle School,,Dearborn,97.89,7th Grade
,,Saint Mary Elementary School,,Rush,100.0,6th Grade
,,St Joseph Hessen Cassel Cath Sch,,Allen,88.89,1st Grade
,,Shawnee Middle School,,Allen,95.75,6th Grade
,,Saint Simon The Apostle School,,Marion,100.0,Kindergarten
,,Woodlan Jr/Sr High School,,Allen,92.68,7th Grade
,,Pope John Xxiii Elementary School,,Jefferson,96.88,1st Grade
,,Kekionga Middle School,,Allen,99.4,6th Grade
,,Saint Joan Of Arc School,,Marion,87.5,1st Grade
,,Aquinas School At St Andrew's,,Lake,95.45,1st Grade
,,St Thomas The Apostle School,,Elkhart,86.36,1st Grade
,,Mabel K Holland Elementary School,,Allen,94.25,1st Grade
,,St Pius X Catholic School,,St. Joseph,96.49,7th Grade
,,Taylorsville Elementary School,,Bartholomew,89.29,1st Grade
,,Van Buren Elementary School,,Brown,100.0,Kindergarten
,,Study Elementary School,,Allen,97.78,1st Grade
,,Holy Cross School,,Gibson,94.74,Kindergarten
,,Immanuel Lutheran School,,Porter,88.46,Kindergarten
,,Saint Matthew Cathedral School,,St. Joseph,95.65,7th Grade
,,Millersburg Elementary- Middle Sch,,Elkhart,70.0,6th Grade
,,St Anthony Catholic School,,Marion,100.0,Kindergarten
,,Traders Point Christian Schools,,Boone,100.0,12th Grade
,,Parkside Elementary School,,Bartholomew,98.88,Kindergarten
,,Mount Healthy Elementary School,,Bartholomew,94.74,Kindergarten
,,Dillsboro Elementary School,,Dearborn,100.0,Kindergarten
,,Saint Stanislaus Kostka School,,La Porte,100.0,6th Grade
,,Fort Wayne Virtual Academy,,Allen,99.27,12th Grade
,,Tri Central Middle-High School,,Tipton,92.73,6th Grade
,,Saint Maria Goretti School,,Hamilton,100.0,6th Grade
,,Mishawaka Catholic School,,St. Joseph,92.0,6th Grade
,,Parke Heritage High School,,Parke,89.39,12th Grade
,,The Path School,,Marion,71.67,1st Grade
,,Our Lady Of Providence High School,,Clark,100.0,12th Grade
,,Our Lady Of Mt Carmel School,,Hamilton,84.51,7th Grade
,,Northside Middle School,,Delaware,97.06,6th Grade
,,Shawe Memorial High School,,Jefferson,100.0,7th Grade
,,St Joseph Hessen Cassel Cath Sch,,Allen,100.0,6th Grade
,,Shawnee Middle School,,Allen,95.56,7th Grade
,,Saint Simon The Apostle School,,Marion,98.08,1st Grade
,,Woodlan Jr/Sr High School,,Allen,83.02,12th Grade
,,Pope John Xxiii Elementary School,,Jefferson,93.75,6th Grade
,,Kekionga Middle School,,Allen,97.65,7th Grade
,,Saint Joan Of Arc School,,Marion,100.0,6th Grade
,,Aquinas School At St Andrew's,,Lake,87.5,6th Grade
,,St Thomas The Apostle School,,Elkhart,95.83,6th Grade
,,Saint Lawrence School,,Dearborn,80.0,1st Grade
,,Columbus Christian School Inc,,Bartholomew,77.27,Kindergarten
,,Taylorsville Elementary School,,Bartholomew,95.74,6th Grade
,,Van Buren Elementary School,,Brown,95.83,1st Grade
,,Clifty Creek Elementary School,,Bartholomew,84.78,Kindergarten
,,Holy Cross School,,Gibson,95.0,1st Grade
,,Immanuel Lutheran School,,Porter,100.0,1st Grade
,,Glenwood Park Elementary School,,Allen,96.3,Kindergarten
,,St Anthony Catholic School,,Marion,96.0,1st Grade
,,Lane Middle School,,Allen,98.9,6th Grade
,,Parkside Elementary School,,Bartholomew,98.96,1st Grade
,,Mount Healthy Elementary School,,Bartholomew,93.48,1st Grade
,,Dillsboro Elementary School,,Dearborn,93.33,1st Grade
,,Saint Stanislaus Kostka School,,La Porte,100.0,7th Grade
,,Western Boone Jr-Sr High School,,Boone,96.03,7th Grade
,,Tri Central Middle-High School,,Tipton,90.0,7th Grade
,,Saint Maria Goretti School,,Hamilton,100.0,7th Grade
,,Mishawaka Catholic School,,St. Joseph,93.33,7th Grade
,,The Path School,,Marion,72.73,6th Grade
,,Saint James Lutheran School,,Tippecanoe,100.0,6th Grade
,,Northside Middle School,,Delaware,91.98,7th Grade
,,Shawe Memorial High School,,Jefferson,97.14,12th Grade
,,St Joseph Hessen Cassel Cath Sch,,Allen,100.0,7th Grade
,,Whitney M Young Early Childhood,,Allen,96.04,Kindergarten
,,Saint Simon The Apostle School,,Marion,100.0,6th Grade
,,Hauser Jr-Sr High School,,Bartholomew,98.75,7th Grade
,,Lincoln Elementary School,,Allen,92.06,Kindergarten
,,Saint Joan Of Arc School,,Marion,100.0,7th Grade
,,Aquinas School At St Andrew's,,Lake,100.0,7th Grade
,,St Thomas The Apostle School,,Elkhart,100.0,7th Grade
,,Saint Lawrence School,,Dearborn,100.0,6th Grade
,,Columbus Christian School Inc,,Bartholomew,90.91,1st Grade
,,Columbus Signature Academy New Tech,,Bartholomew,89.39,12th Grade
,,Clifty Creek Elementary School,,Bartholomew,87.76,1st Grade
,,Geist Montessori Academy,,Hancock,100.0,Kindergarten
,,Immanuel Lutheran School,,Porter,100.0,6th Grade
,,Glenwood Park Elementary School,,Allen,90.8,1st Grade
,,Lynwood Elementary,,Marion,92.86,Kindergarten
,,St Anthony Catholic School,,Marion,100.0,6th Grade
,,Lane Middle School,,Allen,96.94,7th Grade
,,Parkside Elementary School,,Bartholomew,98.21,6th Grade
,,Mount Healthy Elementary School,,Bartholomew,97.87,6th Grade
,,Clinton Central Elementary School,,Clinton,95.77,Kindergarten
,,Western Boone Jr-Sr High School,,Boone,97.6,12th Grade
,,Tri Central Middle-High School,,Tipton,87.04,12th Grade
,,Saint Boniface School,,Tippecanoe,94.74,6th Grade
,,Maple Creek Middle School,,Allen,90.78,6th Grade
,,The Path School,,Marion,70.77,7th Grade
,,Saint James Lutheran School,,Tippecanoe,90.0,7th Grade
,,Osolo Elementary School,,Elkhart,88.64,Kindergarten
,,Hattie B Stokes Elementary School,,Boone,97.22,Kindergarten
,,Brentwood Elementary School,,Allen,91.67,Kindergarten
,,New Haven Intermediate School,,Allen,100.0,6th Grade
,,Saint Simon The Apostle School,,Marion,100.0,7th Grade
,,Hauser Jr-Sr High School,,Bartholomew,96.55,12th Grade
,,Saint John Lutheran School,,La Porte,72.73,Kindergarten
,,Lincoln Elementary School,,Allen,96.0,1st Grade
,,Holy Family School,,Floyd,91.67,Kindergarten
,,Barr Reeve Elementary School,,Daviess,60.71,Kindergarten
,,Rockcreek Elementary School,,Bartholomew,100.0,Kindergarten
,,Saint Lawrence School,,Dearborn,100.0,7th Grade
,,Columbus Christian School Inc,,Bartholomew,100.0,6th Grade
,,Sacred Heart School,,Clark,89.47,Kindergarten
,,West View Elementary School,,Delaware,91.3,Kindergarten
,,Clifty Creek Elementary School,,Bartholomew,95.6,6th Grade
,,Geist Montessori Academy,,Hancock,71.43,1st Grade
,,Immanuel Lutheran School,,Porter,100.0,7th Grade
,,Holy Angels Catholic School,,Marion,70.0,Kindergarten
,,Lynwood Elementary,,Marion,91.07,1st Grade
,,St Anthony Catholic School,,Marion,100.0,7th Grade
,,Leo Elementary School,,Allen,96.08,6th Grade
,,W D Richards Elementary School,,Bartholomew,93.51,Kindergarten
,,St Paul's Lutheran School,,Lake,100.0,Kindergarten
,,Country Meadow Elementary School,,De Kalb,92.31,Kindergarten
,,Clinton Central Elementary School,,Clinton,89.55,1st Grade
,,Saint John Lutheran School,,Jackson,100.0,6th Grade
,,Rossville Elementary School,,Clinton,81.25,Kindergarten
,,Maple Creek Middle School,,Allen,95.21,7th Grade
,,Liberty Christian School,,Madison,100.0,7th Grade
,,Discovery Charter School,,Porter,83.93,Kindergarten
,,Saint Peter Lutheran School,,Starke,71.43,Kindergarten
,,Lawrence County Independent Schools,,Lawrence,85.19,Kindergarten
,,Osolo Elementary School,,Elkhart,98.28,1st Grade
,,Hattie B Stokes Elementary School,,Boone,94.81,1st Grade
,,Brentwood Elementary School,,Allen,85.0,1st Grade
,,Saint Christopher School,,Marion,92.31,1st Grade
,,Saint Mary School,,Jennings,100.0,Kindergarten
,,Saint John Lutheran School,,La Porte,92.31,1st Grade
,,St. Pius X School,,Marion,85.71,Kindergarten
,,Holy Family School,,Floyd,90.0,1st Grade
,,Barr Reeve Elementary School,,Daviess,84.52,1st Grade
,,Rockcreek Elementary School,,Bartholomew,100.0,1st Grade
,,Andrean High School,,Lake,100.0,12th Grade
,,Columbus Christian School Inc,,Bartholomew,88.0,7th Grade
,,Sacred Heart School,,Clark,85.71,1st Grade
,,West View Elementary School,,Delaware,95.16,1st Grade
,,Meridian Street Elementary School,,Clay,96.3,Kindergarten
,,Geist Montessori Academy,,Hancock,94.74,6th Grade
,,Clarksville Middle School,,Clark,99.04,6th Grade
,,Holy Angels Catholic School,,Marion,100.0,1st Grade
,,Lynwood Elementary,,Marion,96.67,6th Grade
,,Holy Trinity Catholic School,,Dubois,58.33,Kindergarten
,,W D Richards Elementary School,,Bartholomew,90.7,1st Grade
,,St Paul's Lutheran School,,Lake,100.0,6th Grade
,,Country Meadow Elementary School,,De Kalb,94.87,1st Grade
,,Clinton Central Elementary School,,Clinton,98.28,6th Grade
,,Saint John Lutheran School,,Jackson,100.0,7th Grade
,,Rossville Elementary School,,Clinton,90.62,1st Grade
,,Northwood Middle School,,Allen,95.68,6th Grade
,,Liberty Christian School,,Madison,95.24,12th Grade
,,Discovery Charter School,,Porter,88.68,1st Grade
,,Saint Peter Lutheran School,,Starke,61.11,1st Grade
,,Lawrence County Independent Schools,,Lawrence,91.3,1st Grade
,,Brown County High School,,Brown,97.89,12th Grade
,,White Creek Lutheran School,,Bartholomew,83.33,Kindergarten
,,Saint Christopher School,,Marion,85.71,6th Grade
,,Blackford Jr-Sr High School,,Blackford,100.0,7th Grade
,,Saint Mary School,,Jennings,100.0,1st Grade
,,Saint John Lutheran School,,La Porte,81.82,6th Grade
,,St. Pius X School,,Marion,98.55,1st Grade
,,Holy Family School,,Floyd,90.91,6th Grade
,,Rockcreek Elementary School,,Bartholomew,97.92,6th Grade
,,Columbus Christian School Inc,,Bartholomew,100.0,12th Grade
,,Sacred Heart School,,Clark,95.45,6th Grade
,,Mary Beck Elementary School,,Elkhart,97.87,Kindergarten
,,Meridian Street Elementary School,,Clay,98.21,1st Grade
,,Geist Montessori Academy,,Hancock,86.67,7th Grade
,,Clarksville Middle School,,Clark,96.12,7th Grade
,,Holy Angels Catholic School,,Marion,100.0,6th Grade
,,Connersville Middle School,,Fayette,94.55,7th Grade
,,Holy Trinity Catholic School,,Dubois,88.24,1st Grade
,,Redeemer Lutheran School,,Howard,76.92,1st Grade
,,W D Richards Elementary School,,Bartholomew,96.25,6th Grade
,,St Paul's Lutheran School,,Lake,86.67,7th Grade
,,Saint Mary's School,,Decatur,95.0,Kindergarten
,,South Decatur Jr-Sr High School,,Decatur,96.92,7th Grade
,,Zion Lutheran School,,Hancock,100.0,1st Grade
,,Logansport Intermediate School,,Cass,98.01,6th Grade
,,Riverview Elementary School,,Elkhart,94.92,Kindergarten
,,Northwood Middle School,,Allen,94.82,7th Grade
,,Demotte Christian School,,Jasper,100.0,Kindergarten
,,Discovery Charter School,,Porter,90.7,6th Grade
,,Saint Peter Lutheran School,,Starke,57.14,6th Grade
,,Lawrence County Independent Schools,,Lawrence,92.0,6th Grade
,,Nathaniel Scribner Middle School,,Floyd,95.59,6th Grade
,,Forest Park Jr-Sr High School,,Dubois,93.94,7th Grade
,,White Creek Lutheran School,,Bartholomew,100.0,1st Grade
,,Mater Dei High School,,Vanderburgh,100.0,12th Grade
,,Blackford Jr-Sr High School,,Blackford,97.98,12th Grade
,,Saint Mary School,,Jennings,100.0,6th Grade
,,Saint John Lutheran School,,La Porte,92.31,7th Grade
,,St. Pius X School,,Marion,97.87,6th Grade
,,Holy Family School,,Floyd,100.0,7th Grade
,,St Michael St Gabriel Archangels School,,Marion,100.0,6th Grade
,,North Dearborn Elementary School,,Dearborn,87.74,Kindergarten
,,Lebanon Middle School,,Boone,96.6,6th Grade
,,Sacred Heart School,,Clark,93.33,7th Grade
,,Mary Beck Elementary School,,Elkhart,100.0,1st Grade
,,West Crawford Elementary School,,Crawford,100.0,Kindergarten
,,Woodland Elementary School,,Elkhart,92.31,Kindergarten
,,Southside Middle School,,Delaware,83.33,6th Grade
,,Delta Middle School,,Delaware,97.22,6th Grade
,,Eden Elementary School,,Hancock,93.1,Kindergarten
,,Redeemer Lutheran School,,Howard,100.0,6th Grade
,,Saint Thomas More School,,Lake,100.0,6th Grade
,,Blue Ridge Primary Elementary Sch,,Clinton,100.0,1st Grade
,,Saint Mary's School,,Decatur,97.56,1st Grade
,,South Decatur Jr-Sr High School,,Decatur,92.45,12th Grade
,,Zion Lutheran School,,Hancock,100.0,6th Grade
,,Logansport Intermediate School,,Cass,100.0,7th Grade
,,Riverview Elementary School,,Elkhart,93.65,1st Grade
,,Immaculate Heart Of Mary School,,Marion,100.0,6th Grade
,,Demotte Christian School,,Jasper,64.29,1st Grade
,,Discovery Charter School,,Porter,100.0,7th Grade
,,Saint Peter Lutheran School,,Starke,100.0,7th Grade
,,Lawrence County Independent Schools,,Lawrence,87.5,7th Grade
,,Nathaniel Scribner Middle School,,Floyd,96.49,7th Grade
,,Forest Park Jr-Sr High School,,Dubois,93.98,12th Grade
,,White Creek Lutheran School,,Bartholomew,93.33,6th Grade
,,Charles A Tindley Accelerated Sch,,Marion,100.0,12th Grade
,,Saint Casimir School,,Lake,93.1,Kindergarten
,,Saint Mary School,,Jennings,100.0,7th Grade
,,Logansport Junior High School,,Cass,97.91,7th Grade
,,St. Pius X School,,Marion,94.23,7th Grade
,,Saints Peter & Paul School,,Gibson,20.0,1st Grade
,,Riverdale Elementary School,,De Kalb,85.71,Kindergarten
,,St Michael St Gabriel Archangels School,,Marion,100.0,7th Grade
,,North Dearborn Elementary School,,Dearborn,89.08,1st Grade
,,Lebanon Middle School,,Boone,99.12,7th Grade
,,West Crawford Elementary School,,Crawford,100.0,1st Grade
,,Woodland Elementary School,,Elkhart,98.21,1st Grade
,,Southside Middle School,,Delaware,95.92,7th Grade
,,Delta Middle School,,Delaware,95.65,7th Grade
,,Eden Elementary School,,Hancock,97.5,1st Grade
,,Redeemer Lutheran School,,Howard,87.5,7th Grade
,,Saint Thomas More School,,Lake,100.0,7th Grade
,,Aurora Elementary School,,Dearborn,94.32,Kindergarten
,,Saint Mary's School,,Decatur,93.1,6th Grade
,,Covington Middle School,,Fountain,84.0,6th Grade
,,Zion Lutheran School,,Hancock,88.89,7th Grade
,,Hammond Academy Of Science & Tech,,Lake,98.99,6th Grade
,,Granville Wells Elementary School,,Boone,94.74,Kindergarten
,,21st Century Charter Sch Of Gary,,Lake,96.3,7th Grade
,,Brown County Middle School.,,Brown,95.4,6th Grade
,,Pine Ridge Elementary School,,Dubois,85.71,Kindergarten
,,Fairmont Elementary School,,Floyd,96.67,Kindergarten
,,Lewis Cass Junior High School,,Cass,90.54,6th Grade
,,White Creek Lutheran School,,Bartholomew,80.0,7th Grade
,,North Decatur Elementary School,,Decatur,86.67,Kindergarten
,,Saint Casimir School,,Lake,92.86,1st Grade
,,Zionsville Community High School,,Boone,96.51,12th Grade
,,Indiana Gateway Digital Academy,,Clark,79.08,Kindergarten
,,Stonegate Elementary,,Boone,98.36,Kindergarten
,,Riverdale Elementary School,,De Kalb,90.2,1st Grade
,,Lutheran South Unity School,,Allen,88.89,Kindergarten
,,Hazelwood Middle School,,Floyd,95.26,6th Grade
,,St John-Emmanuel Lutheran School,,Allen,90.91,Kindergarten
,,Concordia Lutheran High School,,Allen,89.93,12th Grade
,,Laurel School,,Franklin,75.86,Kindergarten
,,Southridge High School,,Dubois,93.6,12th Grade
,,Wakarusa Elementary School,,Elkhart,88.61,Kindergarten
,,Frazee Elementary School,,Fayette,86.36,Kindergarten
,,Greenfield Intermediate School,,Hancock,98.09,6th Grade
,,Pioneer Jr-Sr High School,,Cass,95.06,7th Grade
,,Henryville Elementary School,,Clark,95.59,Kindergarten
,,Aurora Elementary School,,Dearborn,97.73,1st Grade
,,Saint Mary's School,,Decatur,93.33,7th Grade
,,Covington Middle School,,Fountain,90.2,7th Grade
,,Union Elementary School,,Boone,98.48,Kindergarten
,,Hammond Academy Of Science & Tech,,Lake,97.98,7th Grade
,,Lake Village Elementary School,,Newton,83.33,Kindergarten
,,Granville Wells Elementary School,,Boone,97.62,1st Grade
,,21st Century Charter Sch Of Gary,,Lake,98.61,12th Grade
,,Brown County Middle School.,,Brown,95.15,7th Grade
,,Pine Ridge Elementary School,,Dubois,95.24,1st Grade
,,Fairmont Elementary School,,Floyd,98.57,1st Grade
,,Lewis Cass Junior High School,,Cass,92.66,7th Grade
,,Saint Nicholas School,,Ripley,100.0,1st Grade
,,North Decatur Elementary School,,Decatur,87.69,1st Grade
,,Saint Casimir School,,Lake,97.78,6th Grade
,,Pioneer Elementary School,,Cass,80.0,Kindergarten
,,Indiana Gateway Digital Academy,,Clark,79.82,1st Grade
,,Options Indiana,,Hamilton,95.65,12th Grade
,,Stonegate Elementary,,Boone,98.65,1st Grade
,,Riverdale Elementary School,,De Kalb,95.56,6th Grade
,,Lutheran South Unity School,,Allen,80.95,1st Grade
,,Hazelwood Middle School,,Floyd,97.81,7th Grade
,,St John-Emmanuel Lutheran School,,Allen,75.0,1st Grade
,,Trinity Lutheran School,,Lake,70.59,Kindergarten
,,Laurel School,,Franklin,68.18,1st Grade
,,J E Ober Elementary School,,De Kalb,88.52,Kindergarten
,,Garrett High School,,De Kalb,95.04,12th Grade
,,Wakarusa Elementary School,,Elkhart,91.23,1st Grade
,,Frazee Elementary School,,Fayette,97.78,1st Grade
,,White River Valley Middle School,,Greene,97.96,6th Grade
,,Clinton Prairie Jr-Sr High School,,Clinton,100.0,7th Grade
,,Pioneer Jr-Sr High School,,Cass,96.15,12th Grade
,,Henryville Elementary School,,Clark,95.95,1st Grade
,,Benton Elementary School,,Elkhart,97.56,Kindergarten
,,Jeffersonville High School,,Clark,97.66,12th Grade
,,Union Elementary School,,Boone,95.08,1st Grade
,,Hammond Academy Of Science & Tech,,Lake,95.95,12th Grade
,,Lake Village Elementary School,,Newton,76.19,1st Grade
,,Granville Wells Elementary School,,Boone,96.15,6th Grade
,,Christel House Academy West,,Marion,96.23,Kindergarten
,,Purdue Polytechnic High Sch North,,Marion,96.67,12th Grade
,,The Academy At Logansport Community School,,Cass,100.0,6th Grade
,,Eman Schools,,Hamilton,100.0,1st Grade
,,Floyds Knobs Elementary School,,Floyd,92.79,Kindergarten
,,Timothy L Johnson Academy,,Allen,63.38,Kindergarten
,,Saint Nicholas School,,Ripley,100.0,6th Grade
,,North Decatur Elementary School,,Decatur,84.44,6th Grade
,,Saint Casimir School,,Lake,100.0,7th Grade
,,Pioneer Elementary School,,Cass,87.5,1st Grade
,,Indiana Gateway Digital Academy,,Clark,93.38,6th Grade
,,Marquette Catholic High School,,La Porte,100.0,12th Grade
,,North Elementary School,,Hendricks,96.97,Kindergarten
,,Lutheran South Unity School,,Allen,100.0,6th Grade
,,Greencastle Middle School,,Putnam,96.49,6th Grade
,,St John-Emmanuel Lutheran School,,Allen,87.5,6th Grade
,,Trinity Lutheran School,,Lake,75.0,1st Grade
,,Laurel School,,Franklin,96.43,6th Grade
,,J E Ober Elementary School,,De Kalb,97.2,1st Grade
,,Central Elementary School,,Putnam,94.64,Kindergarten
,,Mary Daly Elementary School,,Elkhart,83.33,Kindergarten
,,Frazee Elementary School,,Fayette,90.24,6th Grade
,,White River Valley Middle School,,Greene,100.0,7th Grade
,,Clinton Prairie Jr-Sr High School,,Clinton,98.68,12th Grade
,,Saint Mary School,,Madison,88.89,Kindergarten
,,Henryville Elementary School,,Clark,100.0,6th Grade
,,Benton Elementary School,,Elkhart,92.06,1st Grade
,,Mary Raber Elementary School,,Whitley,91.43,Kindergarten
,,Delphi Community Elementary School,,Carroll,84.34,Kindergarten
,,Purdue Polytechnic High School South Bend,,St. Joseph,100.0,12th Grade
,,Lake Village Elementary School,,Newton,100.0,6th Grade
,,The King's Academy,,Grant,100.0,1st Grade
,,Christel House Academy West,,Marion,98.04,1st Grade
,,Fort Branch Community School,,Gibson,88.1,Kindergarten
,,The Academy At Logansport Community School,,Cass,100.0,7th Grade
,,Eman Schools,,Hamilton,100.0,7th Grade
,,Floyds Knobs Elementary School,,Floyd,97.52,1st Grade
,,Timothy L Johnson Academy,,Allen,88.73,1st Grade
,,Saint Nicholas School,,Ripley,87.5,7th Grade
,,Lakeland Christian Academy,,Kosciusko,100.0,Kindergarten
,,Henryville Jr & Sr High School,,Clark,100.0,7th Grade
,,Pioneer Elementary School,,Cass,97.06,6th Grade
,,Indiana Gateway Digital Academy,,Clark,94.32,7th Grade
,,East Crawford Elementary School,,Crawford,100.0,Kindergarten
,,North Elementary School,,Hendricks,97.95,1st Grade
,,Lutheran South Unity School,,Allen,95.65,7th Grade
,,Greencastle Middle School,,Putnam,97.22,7th Grade
,,St John-Emmanuel Lutheran School,,Allen,100.0,7th Grade
,,Trinity Lutheran School,,Lake,75.0,6th Grade
,,Kipp Indy Public Schools Legacy High School,,Marion,83.16,12th Grade
,,Chamberlain Elementary School,,Elkhart,100.0,Kindergarten
,,Central Elementary School,,Putnam,89.83,1st Grade
,,Mary Daly Elementary School,,Elkhart,91.04,1st Grade
,,North Harrison Middle School,,Harrison,97.4,6th Grade
,,Longfellow Elementary School,,Delaware,88.52,Kindergarten
,,Saint Mary School,,Madison,87.5,1st Grade
,,Concord West Side Elem School,,Elkhart,94.49,Kindergarten
,,Benton Elementary School,,Elkhart,84.06,6th Grade
,,Mary Raber Elementary School,,Whitley,100.0,1st Grade
,,Delphi Community Elementary School,,Carroll,93.59,1st Grade
,,Cedar Crest Intermediate School,,Dubois,96.55,6th Grade
,,Parkside Elementary School,,Elkhart,100.0,Kindergarten
,,The King's Academy,,Grant,100.0,6th Grade
,,Christel House Academy West,,Marion,100.0,6th Grade
,,Fort Branch Community School,,Gibson,95.0,1st Grade
,,The Academy At Logansport Community School,,Cass,97.01,12th Grade
,,Eman Schools,,Hamilton,100.0,12th Grade
,,Shakamak Jr-Sr High School,,Greene,98.08,7th Grade
,,Blue River Valley Jr-Sr High Sch,,Henry,97.14,7th Grade
,,St Mary Of-The-Knobs Catholic Sch,,Floyd,96.15,1st Grade
,,Henryville Jr & Sr High School,,Clark,96.39,12th Grade
,,Central Catholic Jr-Sr High School,,Tippecanoe,95.06,7th Grade
,,Indiana Gateway Digital Academy,,Clark,98.95,12th Grade
,,East Crawford Elementary School,,Crawford,93.75,1st Grade
,,Stephen Decatur Elementary School,,Marion,96.43,Kindergarten
,,Huntingburg Elementary School,,Dubois,94.69,Kindergarten
,,Dugger Union Community School Corp,,Sullivan,78.26,Kindergarten
,,Northern Heights Elementary School,,Whitley,90.43,Kindergarten
,,Forest Park Elementary School,,Clay,100.0,Kindergarten
,,Trinity Lutheran School,,Lake,100.0,7th Grade
,,Thorpe Creek Elementary,,Hamilton,82.76,Kindergarten
,,Chamberlain Elementary School,,Elkhart,91.38,1st Grade
,,Virtual Preparatory Academy Of Indiana At Madison-Grant K-5,,Grant,69.44,Kindergarten
,,North Harrison Middle School,,Harrison,94.67,7th Grade
,,Longfellow Elementary School,,Delaware,93.33,1st Grade
,,Saint Mary School,,Madison,100.0,6th Grade
,,Concord West Side Elem School,,Elkhart,98.0,1st Grade
,,Muncie Central High School,,Delaware,98.04,12th Grade
,,Decatur Central High School,,Marion,96.33,12th Grade
,,Tri-County Intermediate School,,White,100.0,6th Grade
,,Emmanuel St Michael Lutheran Sch,,Allen,95.65,Kindergarten
,,Southridge Middle School,,Dubois,92.41,6th Grade
,,Parkside Elementary School,,Elkhart,91.25,1st Grade
,,The King's Academy,,Grant,100.0,7th Grade
,,Christel House Academy West,,Marion,95.24,7th Grade
,,Fort Branch Community School,,Gibson,95.16,6th Grade
,,Saint Peter's Lutheran School,,Allen,83.33,Kindergarten
,,Herron High School,,Marion,92.11,12th Grade
,,Shakamak Jr-Sr High School,,Greene,100.0,12th Grade
,,Blue River Valley Jr-Sr High Sch,,Henry,100.0,12th Grade
,,St Mary Of-The-Knobs Catholic Sch,,Floyd,100.0,6th Grade
,,Lakeland Christian Academy,,Kosciusko,73.33,6th Grade
,,Paramount Cottage Home,,Marion,71.43,Kindergarten
,,Central Catholic Jr-Sr High School,,Tippecanoe,94.29,12th Grade
,,Saint John Bosco School,,Lake,100.0,7th Grade
,,Rockville Elementary School,,Parke,98.46,Kindergarten
,,Stephen Decatur Elementary School,,Marion,98.11,1st Grade
,,Huntingburg Elementary School,,Dubois,98.43,1st Grade
,,Dugger Union Community School Corp,,Sullivan,71.43,1st Grade
,,Northern Heights Elementary School,,Whitley,98.46,1st Grade
,,Forest Park Elementary School,,Clay,94.12,1st Grade
,,North Side Middle School,,Elkhart,97.87,6th Grade
,,Thorpe Creek Elementary,,Hamilton,95.95,1st Grade
,,West Goshen Elementary School,,Elkhart,100.0,Kindergarten
,,Virtual Preparatory Academy Of Indiana At Madison-Grant K-5,,Grant,84.44,1st Grade
,,Saint Gabriel Catholic School,,Fayette,93.75,Kindergarten
,,Damar Academy,,Marion,91.67,6th Grade
,,North Harrison High School,,Harrison,99.36,12th Grade
,,White River Valley High School,,Greene,84.44,12th Grade
,,Saint Mary School,,Madison,100.0,7th Grade
,,West Lafayette Jr/Sr High School,,Tippecanoe,96.63,7th Grade
,,Concord Community High School,,Elkhart,100.0,12th Grade
,,Grandview Elementary School,,Fayette,89.36,Kindergarten
,,Shenandoah High School,,Henry,98.15,12th Grade
,,Emmanuel St Michael Lutheran Sch,,Allen,92.11,1st Grade
,,Southridge Middle School,,Dubois,97.12,7th Grade
,,Princeton Comm Primary School,,Gibson,91.67,Kindergarten
,,The King's Academy,,Grant,100.0,12th Grade
,,Jasper High School,,Dubois,92.74,12th Grade
,,Fort Branch Community School,,Gibson,97.33,7th Grade
,,Saint Peter's Lutheran School,,Allen,92.59,1st Grade
,,Deer Meadow Primary School,,Putnam,90.2,Kindergarten
,,Fishers Elementary School,,Hamilton,90.0,Kindergarten
,,Thomas A Edison Elementary School,,Lake,90.22,Kindergarten
,,St Mary Of-The-Knobs Catholic Sch,,Floyd,100.0,7th Grade
,,Lakeland Christian Academy,,Kosciusko,80.95,7th Grade
,,Paramount Cottage Home,,Marion,87.04,1st Grade
,,Wes-Del Middle/Senior High School,,Delaware,95.92,6th Grade
,,Clay City Jr-Sr High School,,Clay,91.53,7th Grade
,,Rockville Elementary School,,Parke,100.0,1st Grade
,,Stephen Decatur Elementary School,,Marion,96.67,6th Grade
,,Frankie Woods Mccullough Academy,,Lake,88.06,Kindergarten
,,Dugger Union Community School Corp,,Sullivan,87.18,6th Grade
,,Success Academy Primary School,,St. Joseph,91.67,Kindergarten
,,Seven Oaks Classical School,,Monroe,80.95,Kindergarten
,,North Side Middle School,,Elkhart,98.46,7th Grade
,,Parker Elementary School,,Henry,83.33,Kindergarten
,,West Goshen Elementary School,,Elkhart,93.33,1st Grade
,,Van Buren Elementary School,,Hendricks,94.83,Kindergarten
,,Saint Gabriel Catholic School,,Fayette,94.74,1st Grade
,,Damar Academy,,Marion,92.86,7th Grade
,,Heth-Washington Elementary School,,Harrison,50.0,Kindergarten
,,Indianapolis Metropolitan High Sch,,Marion,88.41,12th Grade
,,Dekalb High School,,De Kalb,96.48,12th Grade
,,West Lafayette Jr/Sr High School,,Tippecanoe,98.12,12th Grade
,,Mary Feeser Elementary School,,Elkhart,95.89,Kindergarten
,,Grandview Elementary School,,Fayette,93.18,1st Grade
,,Shenandoah Middle School,,Henry,94.59,6th Grade
,,Emmanuel St Michael Lutheran Sch,,Allen,92.31,6th Grade
,,Canaan Community Academy,,Jefferson,71.43,Kindergarten
,,Princeton Comm Primary School,,Gibson,96.23,1st Grade
,,Wapahani High School,,Delaware,89.53,12th Grade
,,Fall Creek Elementary School,,Hamilton,86.11,Kindergarten
,,Saint Peter's Lutheran School,,Allen,89.47,6th Grade
,,Deer Meadow Primary School,,Putnam,98.57,1st Grade
,,Fishers Elementary School,,Hamilton,87.88,1st Grade
,,Thomas A Edison Elementary School,,Lake,89.72,1st Grade
,,Frankfort Middle School,,Clinton,100.0,6th Grade
,,Lakeland Christian Academy,,Kosciusko,75.0,12th Grade
,,New Albany Senior High School,,Floyd,96.93,12th Grade
,,Wes-Del Middle/Senior High School,,Delaware,100.0,7th Grade
,,Clay City Jr-Sr High School,,Clay,97.92,12th Grade
,,Eastside Junior-Senior High Sch,,De Kalb,93.33,7th Grade
,,Harris Elementary School,,Hancock,95.83,Kindergarten
,,Frankie Woods Mccullough Academy,,Lake,83.33,1st Grade
,,Dugger Union Community School Corp,,Sullivan,95.83,7th Grade
,,Success Academy Primary School,,St. Joseph,92.31,1st Grade
,,Seven Oaks Classical School,,Monroe,91.84,1st Grade
,,Pierre Moran Middle School,,Elkhart,96.38,6th Grade
,,Parker Elementary School,,Henry,88.46,1st Grade
,,South Newton Senior High School,,Newton,100.0,12th Grade
,,Van Buren Elementary School,,Hendricks,97.5,1st Grade
,,Saint Gabriel Catholic School,,Fayette,89.47,6th Grade
,,Damar Academy,,Marion,100.0,12th Grade
,,Heth-Washington Elementary School,,Harrison,75.0,1st Grade
,,Park Elementary School,,Grant,96.1,6th Grade
,,West Newton Elementary School,,Marion,81.69,Kindergarten
,,Little Turtle Elementary School,,Whitley,91.04,Kindergarten
,,Mary Feeser Elementary School,,Elkhart,92.98,1st Grade
,,Grandview Elementary School,,Fayette,91.67,6th Grade
,,Shenandoah Middle School,,Henry,100.0,7th Grade
,,Emmanuel St Michael Lutheran Sch,,Allen,100.0,7th Grade
,,Canaan Community Academy,,Jefferson,66.67,1st Grade
,,Sand Creek Elementary,,Hamilton,95.31,Kindergarten
,,Southeast Fountain Virtual Academy,,Fountain,100.0,12th Grade
,,Fall Creek Elementary School,,Hamilton,92.96,1st Grade
,,Saint Peter's Lutheran School,,Allen,85.19,7th Grade
,,Curtis Wilson Primary School,,Marion,66.67,Kindergarten
,,Hamilton Southeastern Hs,,Hamilton,95.63,12th Grade
,,Thomas A Edison Elementary School,,Lake,90.8,6th Grade
,,Frankfort Middle School,,Clinton,85.71,7th Grade
,,Glen Park Acad For Excel In Lrn,,Lake,77.14,Kindergarten
,,Martha J Ridpath Elementary School,,Putnam,97.62,Kindergarten
,,Wes-Del Middle/Senior High School,,Delaware,100.0,12th Grade
,,In Math & Science Academy,,Marion,91.89,Kindergarten
,,Eastside Junior-Senior High Sch,,De Kalb,90.48,12th Grade
,,Harris Elementary School,,Hancock,97.96,1st Grade
,,Dugger Union Community School Corp,,Sullivan,100.0,12th Grade
,,Linton-Stockton Elementary,,Greene,97.85,Kindergarten
,,Seven Oaks Classical School,,Monroe,91.49,6th Grade
,,Pierre Moran Middle School,,Elkhart,97.24,7th Grade
,,Thomas A Edison Jr-Sr Hs,,Lake,96.43,6th Grade
,,In Math & Science Academy - North,,Marion,93.33,Kindergarten
,,Redkey Elementary School,,Jay,70.0,Kindergarten
,,West Lafayette Elementary School,,Tippecanoe,94.74,Kindergarten
,,Brandywine Elementary School,,Hancock,92.31,Kindergarten
,,Heth-Washington Elementary School,,Harrison,100.0,6th Grade
,,Virtual Preparatory Academy Of Indiana At Madison-Grant 6-8,,Grant,94.92,6th Grade
,,West Newton Elementary School,,Marion,91.18,1st Grade
,,Little Turtle Elementary School,,Whitley,92.77,1st Grade
,,Avondale Meadows Middle School,,Marion,93.02,6th Grade
,,Eastern High School,,Howard,97.54,12th Grade
,,James R Watson Elementary School,,De Kalb,77.92,Kindergarten
,,Canaan Community Academy,,Jefferson,100.0,6th Grade
,,Sand Creek Elementary,,Hamilton,95.12,1st Grade
,,Heritage Christian School,,Marion,87.5,12th Grade
,,Circle City Preparatory Middle School,,Marion,83.33,6th Grade
,,Lantern Road Elementary School,,Hamilton,98.65,Kindergarten
,,Barr Reeve Middle/High School,,Daviess,80.65,6th Grade
,,Curtis Wilson Primary School,,Marion,86.67,1st Grade
,,Carmel Middle School,,Hamilton,97.69,6th Grade
,,Annie Burns-Hicks Elementary School,,Lake,85.88,Kindergarten
,,Decatur High Ability Academy,,Marion,96.67,6th Grade
,,Glen Park Acad For Excel In Lrn,,Lake,89.86,1st Grade
,,Martha J Ridpath Elementary School,,Putnam,96.72,1st Grade
,,Cleveland Elementary School,,Elkhart,90.74,Kindergarten
,,In Math & Science Academy,,Marion,90.91,1st Grade
,,Danville Community High School,,Hendricks,94.08,12th Grade
,,Veale Elementary School,,Daviess,100.0,Kindergarten
,,Lewis Cass Elementary School,,Cass,87.78,Kindergarten
,,Sunman Elementary School,,Dearborn,80.0,Kindergarten
,,Linton-Stockton Elementary,,Greene,96.08,1st Grade
,,Seven Oaks Classical School,,Monroe,90.48,7th Grade
,,Ace Preparatory Academy,,Marion,73.08,Kindergarten
,,Thomas A Edison Jr-Sr Hs,,Lake,94.32,7th Grade
,,In Math & Science Academy - North,,Marion,93.33,1st Grade
,,Redkey Elementary School,,Jay,80.95,1st Grade
,,West Lafayette Elementary School,,Tippecanoe,97.35,1st Grade
,,Brandywine Elementary School,,Hancock,95.83,1st Grade
,,Mill Creek West Elementary,,Hendricks,84.91,Kindergarten
,,Virtual Preparatory Academy Of Indiana At Madison-Grant 6-8,,Grant,93.33,7th Grade
,,West Newton Elementary School,,Marion,93.55,6th Grade
,,Herron-Riverside High School,,Marion,97.26,12th Grade
,,Greenville Elementary School,,Floyd,87.04,Kindergarten
,,Avondale Meadows Middle School,,Marion,95.45,7th Grade
,,Seymour Middle School,,Jackson,99.52,7th Grade
,,James R Watson Elementary School,,De Kalb,92.59,1st Grade
,,Canaan Community Academy,,Jefferson,100.0,7th Grade
,,Maple Elementary School,,Hendricks,96.92,Kindergarten
,,Lanesville Elementary School,,Harrison,89.74,Kindergarten
,,Circle City Preparatory Middle School,,Marion,73.08,7th Grade
,,Lantern Road Elementary School,,Hamilton,100.0,1st Grade
,,Barr Reeve Middle/High School,,Daviess,90.43,7th Grade
,,Riverside Junior High,,Hamilton,97.16,7th Grade
,,Carmel Middle School,,Hamilton,98.72,7th Grade
,,Annie Burns-Hicks Elementary School,,Lake,91.46,1st Grade
,,Jimtown Junior High School,,Elkhart,99.19,7th Grade
,,Circle City Preparatory Elementary School,,Marion,75.36,Kindergarten
,,Greenfield Central Junior High Sch,,Hancock,97.44,7th Grade
,,Cleveland Elementary School,,Elkhart,88.89,1st Grade
,,In Math & Science Academy,,Marion,88.89,6th Grade
,,Danville Middle School,,Hendricks,100.0,6th Grade
,,Veale Elementary School,,Daviess,86.67,1st Grade
,,Lewis Cass Elementary School,,Cass,96.25,1st Grade
,,Sunman Elementary School,,Dearborn,75.0,1st Grade
,,Hamilton Se Int And Jr High Sch,,Hamilton,99.36,6th Grade
,,Seven Oaks Classical School,,Monroe,88.89,12th Grade
,,Ace Preparatory Academy,,Marion,70.59,1st Grade
,,Thomas A Edison Jr-Sr Hs,,Lake,93.07,12th Grade
,,In Math & Science Academy - North,,Marion,83.33,6th Grade
,,Redkey Elementary School,,Jay,100.0,6th Grade
,,Tri-County Primary School,,White,96.08,Kindergarten
,,New Palestine High School,,Hancock,99.36,12th Grade
,,Mill Creek West Elementary,,Hendricks,100.0,1st Grade
,,John W Kendall Elem School,,Grant,94.94,Kindergarten
,,Attica High School,,Fountain,95.24,6th Grade
,,Kokomo High School,,Howard,91.39,12th Grade
,,Greenville Elementary School,,Floyd,97.26,1st Grade
,,Geo Next Generation Academy,,Marion,56.52,12th Grade
,,Kingsford Heights Elementary Sch,,La Porte,97.06,Kindergarten
,,Gary Virtual Academy,,Lake,100.0,6th Grade
,,Ireland Elementary School,,Dubois,97.92,Kindergarten
,,Maple Elementary School,,Hendricks,96.83,1st Grade
,,Lanesville Elementary School,,Harrison,97.37,1st Grade
,,Columbia Elementary School,,Fulton,85.32,Kindergarten
,,Westfield Intermediate School,,Hamilton,95.58,6th Grade
,,Barr Reeve Middle/High School,,Daviess,90.62,12th Grade
,,Fall Creek Junior High,,Hamilton,97.4,7th Grade
,,Noblesville High School,,Hamilton,98.93,12th Grade
,,Annie Burns-Hicks Elementary School,,Lake,95.35,6th Grade
,,Concord Junior High School,,Elkhart,99.11,7th Grade
,,Circle City Preparatory Elementary School,,Marion,78.57,1st Grade
,,Phalen Leadership Academy - In Inc,,Marion,83.33,1st Grade
,,In Math & Science Academy,,Marion,78.57,7th Grade
,,Danville Middle School,,Hendricks,98.91,7th Grade
,,Brookville Elementary School,,Franklin,78.95,Kindergarten
,,New Washington Middle/High School,,Clark,100.0,6th Grade
,,Hamilton Se Int And Jr High Sch,,Hamilton,99.56,7th Grade
,,Roosevelt Steam Academy,,Elkhart,94.2,Kindergarten
,,Ace Preparatory Academy,,Marion,93.33,6th Grade
,,Westville High School,,La Porte,94.37,7th Grade
,,In Math & Science Academy - North,,Marion,65.0,7th Grade
,,Warren G Harding Elementary School,,Lake,80.43,Kindergarten
,,Tri-County Primary School,,White,97.78,1st Grade
,,Corydon Intermediate School,,Harrison,96.53,6th Grade
,,Cascade Middle School,,Hendricks,100.0,6th Grade
,,John W Kendall Elem School,,Grant,97.47,1st Grade
,,Attica High School,,Fountain,91.84,7th Grade
,,Crestview Middle School,,Huntington,92.06,6th Grade
,,Franklin Square Elementary School,,Clark,82.26,Kindergarten
,,Eastern Hancock High School,,Hancock,93.48,12th Grade
,,Kingsford Heights Elementary Sch,,La Porte,91.3,1st Grade
,,Gary Virtual Academy,,Lake,100.0,7th Grade
,,Ireland Elementary School,,Dubois,94.87,1st Grade
,,Lakeland Intermediate School,,Lagrange,91.43,6th Grade
,,Lanesville Elementary School,,Harrison,96.49,6th Grade
,,Columbia Elementary School,,Fulton,92.38,1st Grade
,,Carmel High School,,Hamilton,97.71,12th Grade
,,Decatur Middle School,,Marion,95.53,7th Grade
,,College Wood Elementary School,,Hamilton,96.34,Kindergarten
,,Andrews Elementary School,,Huntington,92.31,Kindergarten
,,Anderson Elementary School,,Madison,94.19,Kindergarten
,,Concord South Side Elementary Sch,,Elkhart,88.24,Kindergarten
,,Phalen Leadership Academy - In Inc,,Marion,72.73,6th Grade
,,Model Elementary School,,Elkhart,91.01,1st Grade
,,Eastview Elementary School,,Fayette,96.08,Kindergarten
,,Northeast Dubois Intermediate School,,Dubois,100.0,6th Grade
,,Brookville Elementary School,,Franklin,91.43,1st Grade
,,New Washington Middle/High School,,Clark,90.74,7th Grade
,,Grissom Elementary School,,Delaware,83.08,1st Grade
,,Hamilton Heights High School,,Hamilton,90.06,12th Grade
,,Roosevelt Steam Academy,,Elkhart,94.2,1st Grade
,,Westville High School,,La Porte,80.6,12th Grade
,,In Math & Science Academy - North,,Marion,100.0,12th Grade
,,Warren G Harding Elementary School,,Lake,85.57,1st Grade
,,Renaissance Academy Charter School,,La Porte,75.0,Kindergarten
,,Taylor Middle School,,Howard,87.5,6th Grade
,,Cascade Middle School,,Hendricks,100.0,7th Grade
,,Deer Creek Elementary,,Hamilton,91.96,Kindergarten
,,Attica High School,,Fountain,100.0,12th Grade
,,Crestview Middle School,,Huntington,93.5,7th Grade
,,Franklin Square Elementary School,,Clark,91.78,1st Grade
,,Lanesville Jr-Sr Hs,,Harrison,96.55,7th Grade
,,Amy Beverland Elementary,,Marion,95.45,1st Grade
,,Gary Virtual Academy,,Lake,100.0,12th Grade
,,Creekside Middle School,,Hamilton,100.0,6th Grade
,,Michael Grimmer Middle School,,Lake,93.92,6th Grade
,,Corydon Elementary School,,Harrison,87.07,Kindergarten
,,Princeton Community High School,,Gibson,97.61,12th Grade
,,Reagan Elementary School,,Hendricks,94.83,Kindergarten
,,Everton Elementary School,,Fayette,82.76,Kindergarten
,,College Wood Elementary School,,Hamilton,97.47,1st Grade
,,Andrews Elementary School,,Huntington,95.24,1st Grade
,,Anderson Elementary School,,Madison,98.67,1st Grade
,,Concord South Side Elementary Sch,,Elkhart,96.39,1st Grade
,,Phalen Leadership Academy - In Inc,,Marion,70.0,7th Grade
,,Maxwell Intermediate School,,Hancock,95.21,6th Grade
,,Eastview Elementary School,,Fayette,93.75,1st Grade
,,Higher Institute Of Arts & Tech,,Lake,78.57,6th Grade
,,New Washington Middle/High School,,Clark,97.96,12th Grade
,,York Elementary School,,Elkhart,75.0,Kindergarten
,,Woodbrook Elementary School,,Hamilton,97.62,Kindergarten
,,Lewis Cass High School,,Cass,94.81,12th Grade
,,Bloomfield Elementary School,,Greene,92.0,Kindergarten
,,Edgewood Elementary School,,La Porte,82.35,Kindergarten
,,Greenwood Christian Academy,,Johnson,95.45,Kindergarten
,,Warren G Harding Elementary School,,Lake,95.74,6th Grade
,,Renaissance Academy Charter School,,La Porte,66.67,1st Grade
,,Taylor Middle School,,Howard,98.67,7th Grade
,,Emerson Elementary School,,Jackson,97.83,Kindergarten
,,Deer Creek Elementary,,Hamilton,91.3,1st Grade
,,Bailly Middle School,,Lake,92.03,6th Grade
,,Wawasee High School,,Kosciusko,94.38,12th Grade
,,Avondale Meadows Academy,,Marion,61.11,Kindergarten
,,Lanesville Jr-Sr Hs,,Harrison,100.0,12th Grade
,,Amy Beverland Elementary,,Marion,96.33,6th Grade
,,Coesse School,,Whitley,90.32,Kindergarten
,,Creekside Middle School,,Hamilton,99.55,7th Grade
,,Michael Grimmer Middle School,,Lake,92.82,7th Grade
,,Corydon Elementary School,,Harrison,85.93,1st Grade
,,Eastbrook Middle School,,Grant,93.48,6th Grade
,,Reagan Elementary School,,Hendricks,93.59,1st Grade
,,Everton Elementary School,,Fayette,85.19,1st Grade
,,Avon High School,,Hendricks,97.03,12th Grade
,,Huntington North High School,,Huntington,94.16,12th Grade
,,Skiles Test Elementary School,,Marion,96.43,Kindergarten
,,Monarca Academy,,Marion,93.65,6th Grade
,,Eastern Greene Elementary School,,Greene,87.5,Kindergarten
,,Washington Junior High School,,Daviess,94.29,7th Grade
,,Eastview Elementary School,,Fayette,95.83,6th Grade
,,Higher Institute Of Arts & Tech,,Lake,84.21,7th Grade
,,South Putnam High School,,Putnam,84.27,12th Grade
,,York Elementary School,,Elkhart,81.03,1st Grade
,,Woodbrook Elementary School,,Hamilton,98.86,1st Grade
,,Ambassador Christian Academy,,Lake,64.52,Kindergarten
,,Bloomfield Elementary School,,Greene,95.16,1st Grade
,,Edgewood Elementary School,,La Porte,84.44,1st Grade
,,Greenwood Christian Academy,,Johnson,93.88,1st Grade
,,Martin T Krueger Middle School,,La Porte,98.39,7th Grade
,,Renaissance Academy Charter School,,La Porte,80.95,6th Grade
,,Cortland Elementary School,,Jackson,87.5,Kindergarten
,,Emerson Elementary School,,Jackson,95.65,1st Grade
,,Avon Middle School West,,Hendricks,88.52,6th Grade
,,Bailly Middle School,,Lake,94.5,7th Grade
,,Shipshewana-Scott Elementary Sch,,Lagrange,62.03,Kindergarten
,,Avondale Meadows Academy,,Marion,88.51,1st Grade
,,Horace Mann Elementary,,Huntington,88.68,Kindergarten
,,"William Bell School 60, A Butler Lab Reggio Emilia School",,Marion,76.74,Kindergarten
,,Coesse School,,Whitley,93.48,1st Grade
,,Jay County Jr/Sr High School,,Jay,93.02,7th Grade
,,Robert Taft Middle School,,Lake,96.3,6th Grade
,,North Salem Elementary School,,Hendricks,92.31,Kindergarten
,,Eastbrook Middle School,,Grant,99.07,7th Grade
,,Webb Elementary School,,Johnson,91.23,Kindergarten
,,Everton Elementary School,,Fayette,92.5,6th Grade
,,Pine Tree Elementary School,,Hendricks,77.78,Kindergarten
,,Skiles Test Elementary School,,Marion,94.0,1st Grade
,,Monarca Academy,,Marion,90.0,7th Grade
,,Eastern Greene Elementary School,,Greene,93.51,1st Grade
,,Washington High School,,Daviess,91.53,12th Grade
,,Grant Line Elementary School,,Floyd,94.59,Kindergarten
,,Cumberland Road Elem School,,Hamilton,85.19,Kindergarten
,,Steel City Academy,,Lake,60.0,Kindergarten
,,Brownsburg East Middle School,,Hendricks,97.88,6th Grade
,,Ambassador Christian Academy,,Lake,80.77,1st Grade
,,Noble Crossing Elementary School,,Hamilton,94.02,Kindergarten
,,Edgewood Elementary School,,La Porte,88.24,6th Grade
,,Greenwood Christian Academy,,Johnson,94.64,6th Grade
,,New Bethel Elementary School,,Marion,89.62,Kindergarten
,,Renaissance Academy Charter School,,La Porte,90.91,7th Grade
,,Cortland Elementary School,,Jackson,100.0,1st Grade
,,Milford Elementary School,,Kosciusko,82.86,Kindergarten
,,Avon Middle School West,,Hendricks,92.45,7th Grade
,,Westview Elementary School,,Grant,93.85,Kindergarten
,,Shipshewana-Scott Elementary Sch,,Lagrange,72.86,1st Grade
,,Hoosier Road Elementary School,,Hamilton,82.86,Kindergarten
,,Horace Mann Elementary,,Huntington,96.97,1st Grade
,,"William Bell School 60, A Butler Lab Reggio Emilia School",,Marion,92.0,1st Grade
,,Franklin County Middle School,,Franklin,98.78,6th Grade
,,Jay County Jr/Sr High School,,Jay,92.67,12th Grade
,,Robert Taft Middle School,,Lake,99.09,7th Grade
,,North Salem Elementary School,,Hendricks,93.55,1st Grade
,,Carey Ridge Elementary School,,Hamilton,97.03,Kindergarten
,,Webb Elementary School,,Johnson,98.53,1st Grade
,,South Putnam Middle School,,Putnam,88.24,6th Grade
,,Pine Tree Elementary School,,Hendricks,80.95,1st Grade
,,Munster High School,,Lake,97.91,12th Grade
,,Skiles Test Elementary School,,Marion,93.62,6th Grade
,,Floyd Central High School,,Floyd,95.33,12th Grade
,,Indiana Connections Academy,,Marion,11.97,7th Grade
,,Rochester Community High School,,Fulton,94.5,12th Grade
,,Grant Line Elementary School,,Floyd,93.4,1st Grade
,,Cumberland Road Elem School,,Hamilton,95.71,1st Grade
,,Steel City Academy,,Lake,80.0,1st Grade
,,Brownsburg East Middle School,,Hendricks,97.77,7th Grade
,,Ambassador Christian Academy,,Lake,92.31,6th Grade
,,Noble Crossing Elementary School,,Hamilton,96.67,1st Grade
,,Knapp Elementary School,,La Porte,78.43,Kindergarten
,,Greenwood Christian Academy,,Johnson,84.91,7th Grade
,,New Bethel Elementary School,,Marion,94.64,1st Grade
,,Seymour Senior High School,,Jackson,98.23,12th Grade
,,Milford Elementary School,,Kosciusko,83.33,1st Grade
,,Franklin Community Middle School,,Johnson,95.72,7th Grade
,,Westview Elementary School,,Grant,95.35,1st Grade
,,Alexander Hamilton Elementary Sch,,Lake,84.62,Kindergarten
,,Hoosier Road Elementary School,,Hamilton,93.18,1st Grade
,,Flint Springs Elementary,,Huntington,85.92,Kindergarten
,,"Anna Brochhausen School 88, A Stem School",,Marion,88.0,Kindergarten
,,Franklin County Middle School,,Franklin,98.47,7th Grade
,,Rykers' Ridge Elementary School,,Jefferson,79.17,Kindergarten
,,Nathan Hale Elementary School,,Lake,100.0,Kindergarten
,,Lincoln Elementary School,,Huntington,93.44,Kindergarten
,,Carey Ridge Elementary School,,Hamilton,95.33,1st Grade
,,Greenwood Community High Sch,,Johnson,89.4,12th Grade
,,South Putnam Middle School,,Putnam,95.35,7th Grade
,,Shenandoah Elementary School,,Henry,82.18,Kindergarten
,,Tenth Street Elementary School,,Madison,90.43,Kindergarten
,,"George W. Julian School 57 Center For Inquiry, An Inquiry School",,Marion,90.0,Kindergarten
,,Tindley Genesis Academy,,Marion,88.71,Kindergarten
,,Indiana Connections Academy,,Marion,24.2,12th Grade
,,Sugar Creek Elementary Sch,,Hancock,88.76,Kindergarten
,,Tri-County Jr/Sr High School,,White,94.64,7th Grade
,,Mt Vernon High School,,Hancock,98.26,12th Grade
,,Promise Road Elementary,,Hamilton,99.01,Kindergarten
,,Steel City Academy,,Lake,92.0,6th Grade
,,Maple Crest Middle School,,Howard,93.57,6th Grade
,,Ambassador Christian Academy,,Lake,90.91,7th Grade
,,Indian Creek Elementary School,,Johnson,89.47,Kindergarten
,,Knapp Elementary School,,La Porte,90.2,1st Grade
,,Lowell Elementary School,,Marion,89.02,Kindergarten
,,New Palestine Elementary School,,Hancock,93.41,Kindergarten
,,Brownstown Central Middle School,,Jackson,96.49,6th Grade
,,Lincoln Elementary School,,Kosciusko,93.48,Kindergarten
,,Wawasee Middle School,,Kosciusko,91.01,6th Grade
,,Vision Academy,,Marion,100.0,Kindergarten
,,Alexander Hamilton Elementary Sch,,Lake,78.12,1st Grade
,,Brown Elementary School,,Hendricks,98.8,Kindergarten
,,Flint Springs Elementary,,Huntington,94.74,1st Grade
,,"Anna Brochhausen School 88, A Stem School",,Marion,95.45,1st Grade
,,Silver Creek Middle School,,Clark,98.58,6th Grade
,,Rykers' Ridge Elementary School,,Jefferson,70.0,1st Grade
,,Nathan Hale Elementary School,,Lake,97.92,1st Grade
,,Lincoln Elementary School,,Huntington,100.0,1st Grade
,,Fortville Elementary School,,Hancock,97.22,Kindergarten
,,Tecumseh-Harrison Elementary Sch,,Knox,89.58,Kindergarten
,,Caston Jr-Sr High School,,Fulton,96.72,6th Grade
,,Shenandoah Elementary School,,Henry,96.19,1st Grade
,,Tenth Street Elementary School,,Madison,94.79,1st Grade
,,"George W. Julian School 57 Center For Inquiry, An Inquiry School",,Marion,94.44,1st Grade
,,Tindley Genesis Academy,,Marion,79.49,1st Grade
,,Madison-Grant Jr./Sr. High School,,Grant,100.0,7th Grade
,,Sugar Creek Elementary Sch,,Hancock,96.94,1st Grade
,,Tri-County Jr/Sr High School,,White,97.92,12th Grade
,,Morgan Elementary School,,Harrison,93.02,Kindergarten
,,Promise Road Elementary,,Hamilton,99.1,1st Grade
,,Steel City Academy,,Lake,89.66,7th Grade
,,Maple Crest Middle School,,Howard,91.18,7th Grade
,,Rochester Community Middle School,,Fulton,93.16,6th Grade
,,Indian Creek Elementary School,,Johnson,86.86,1st Grade
,,Knapp Elementary School,,La Porte,96.43,6th Grade
,,Geist Elementary School,,Hamilton,92.59,Kindergarten
,,Lowell Elementary School,,Marion,93.02,1st Grade
,,New Palestine Elementary School,,Hancock,94.62,1st Grade
,,Brownstown Central Middle School,,Jackson,98.92,7th Grade
,,Lincoln Elementary School,,Kosciusko,97.67,1st Grade
,,Wawasee Middle School,,Kosciusko,94.71,7th Grade
,,Vision Academy,,Marion,84.62,1st Grade
,,Summit Elementary School,,Monroe,82.43,Kindergarten
,,Brown Elementary School,,Hendricks,100.0,1st Grade
,,Warsaw Community High School,,Kosciusko,94.49,12th Grade
,,Oak Hill Junior High School,,Grant,98.11,7th Grade
,,Silver Creek Middle School,,Clark,96.49,7th Grade
,,South Whitley Elementary School,,Whitley,87.5,Kindergarten
,,Lynhurst 7th & 8th Grade Center,,Marion,97.29,7th Grade
,,Seymour-Jackson Elementary School,,Jackson,98.84,Kindergarten
,,Fortville Elementary School,,Hancock,97.83,1st Grade
,,Tecumseh-Harrison Elementary Sch,,Knox,98.0,1st Grade
,,Caston Jr-Sr High School,,Fulton,93.65,7th Grade
,,Deputy Elementary School,,Jefferson,90.48,Kindergarten
,,Frankton Jr-Sr High School,,Madison,98.26,7th Grade
,,Speedway Senior High School,,Marion,99.14,12th Grade
,,Tindley Genesis Academy,,Marion,92.86,6th Grade
,,Madison-Grant Jr./Sr. High School,,Grant,97.33,12th Grade
,,Monon Trail Elementary School,,Hamilton,96.05,Kindergarten
,,Grassy Creek Elementary School,,Johnson,95.24,Kindergarten
,,Silver Creek High School,,Clark,94.21,12th Grade
,,Morgan Elementary School,,Harrison,86.42,1st Grade
,,Mill Creek East Elementary,,Hendricks,90.24,Kindergarten
,,Steel City Academy,,Lake,100.0,12th Grade
,,Northwood Elementary School,,Johnson,91.4,Kindergarten
,,Rochester Community Middle School,,Fulton,95.33,7th Grade
,,Calumet New Tech High School,,Lake,95.45,12th Grade
,,Geist Elementary School,,Hamilton,93.59,1st Grade
,,"Charles Warren Fairbanks School 105, An Exploratory School",,Marion,95.38,Kindergarten
,,New Palestine Jr High,,Hancock,97.88,7th Grade
,,North Grove Elementary School,,Johnson,98.72,Kindergarten
,,Lincoln Elementary School,,Kosciusko,96.77,6th Grade
,,William Mckinley Elementary School,,Lake,88.73,1st Grade
,,Vision Academy,,Marion,76.92,6th Grade
,,Summit Elementary School,,Monroe,93.59,1st Grade
,,Cedar Elementary School,,Hendricks,85.45,Kindergarten
,,Liberty Elementary School,,Lake,92.59,1st Grade
,,North Montgomery High School,,Montgomery,95.42,12th Grade
,,Mt Comfort Elementary School,,Hancock,89.77,Kindergarten
,,South Whitley Elementary School,,Whitley,91.18,1st Grade
,,"Benjamin Harrison School 2 Center For Inquiry, An Ib World School",,Marion,94.87,Kindergarten
,,Seymour-Jackson Elementary School,,Jackson,100.0,1st Grade
,,Cardinal Elementary School,,Hendricks,80.81,Kindergarten
,,Deer Run Elementary,,Marion,93.85,Kindergarten
,,Caston Jr-Sr High School,,Fulton,97.78,12th Grade
,,Deputy Elementary School,,Jefferson,96.3,1st Grade
,,Frankton Jr-Sr High School,,Madison,90.35,12th Grade
,,Highland Park Elementary School,,Monroe,91.49,Kindergarten
,,Beveridge Elementary School,,Lake,80.65,Kindergarten
,,Southwestern Middle School,,Jefferson,98.7,6th Grade
,,Monon Trail Elementary School,,Hamilton,92.57,1st Grade
,,Grassy Creek Elementary School,,Johnson,93.68,1st Grade
,,Daleville Jr-Sr High School,,Delaware,96.1,7th Grade
,,East Chicago Urban Enterprise Academy,,Lake,94.87,1st Grade
,,Lincoln Elementary School,,Hendricks,100.0,Kindergarten
,,Mill Creek East Elementary,,Hendricks,94.0,1st Grade
,,Aspire Charter Academy,,Lake,89.61,Kindergarten
,,Northwood Elementary School,,Johnson,95.41,1st Grade
,,Sheridan Middle School,,Hamilton,96.3,6th Grade
,,Frank O'bannon Elementary School,,Lake,68.57,Kindergarten
,,Southport Elementary School,,Marion,100.0,1st Grade
,,Riverside Intermediate School,,Hamilton,96.9,6th Grade
,,"Charles Warren Fairbanks School 105, An Exploratory School",,Marion,94.37,1st Grade
,,Eastern Hancock Middle School,,Hancock,95.24,6th Grade
,,North Grove Elementary School,,Johnson,98.86,1st Grade
,,Three Creeks Elem School,,Lake,90.67,Kindergarten
,,William Mckinley Elementary School,,Lake,98.33,6th Grade
,,Vision Academy,,Marion,94.29,7th Grade
,,Summit Elementary School,,Monroe,96.25,6th Grade
,,Cedar Elementary School,,Hendricks,84.38,1st Grade
,,Indian Trail Elementary School,,La Porte,82.35,Kindergarten
,,Perry Central Elementary School,,Perry,90.91,Kindergarten
,,Mt Comfort Elementary School,,Hancock,92.23,1st Grade
,,"Benjamin Harrison School 2 Center For Inquiry, An Ib World School",,Marion,91.07,1st Grade
,,Kankakee Valley High School,,Jasper,84.38,12th Grade
,,Cardinal Elementary School,,Hendricks,94.44,1st Grade
,,Deer Run Elementary,,Marion,97.35,1st Grade
,,South Central Elementary,,Harrison,83.78,Kindergarten
,,Jane Ball Elementary School,,Lake,91.67,Kindergarten
,,Summitville School,,Madison,93.88,Kindergarten
,,Highland Park Elementary School,,Monroe,92.11,1st Grade
,,Beveridge Elementary School,,Lake,84.48,1st Grade
,,Southwestern Middle School,,Jefferson,98.65,7th Grade
,,Noblesville East Middle School,,Hamilton,97.68,6th Grade
,,East Side Elementary School,,Johnson,85.11,Kindergarten
,,Daleville Jr-Sr High School,,Delaware,94.29,12th Grade
,,East Chicago Urban Enterprise Academy,,Lake,97.56,6th Grade
,,Lincoln Elementary School,,Hendricks,98.28,1st Grade
,,Tri Junior-Senior High School,,Henry,92.86,6th Grade
,,Aspire Charter Academy,,Lake,83.52,1st Grade
,,V O Isom Central Elem School,,Johnson,100.0,1st Grade
,,Sheridan Middle School,,Hamilton,97.3,7th Grade
,,Frank O'bannon Elementary School,,Lake,83.05,1st Grade
,,Shortridge High School,,Marion,97.02,12th Grade
,,Oak Trace Elementary School,,Hamilton,93.75,Kindergarten
,,Edgewood High School,,Monroe,93.79,12th Grade
,,Eastern Hancock Middle School,,Hancock,97.8,7th Grade
,,Lakeview Middle School,,Kosciusko,96.25,7th Grade
,,Three Creeks Elem School,,Lake,93.1,1st Grade
,,Joy Elementary School,,La Porte,89.8,Kindergarten
,,Clear Creek Christian School,,Monroe,87.5,Kindergarten
,,Bell Intermediate Academy,,Morgan,96.73,6th Grade
,,Pride Academy,,Hendricks,100.0,6th Grade
,,Indian Trail Elementary School,,La Porte,89.13,1st Grade
,,Perry Central Elementary School,,Perry,94.32,1st Grade
,,North Harrison Elementary School,,Harrison,81.08,Kindergarten
,,John I Meister Elementary School,,Lake,66.67,Kindergarten
,,North Miami Elementary School,,Miami,69.44,Kindergarten
,,Pleasant Grove Elementary School,,Johnson,95.19,Kindergarten
,,River Forest High School,,Lake,96.38,12th Grade
,,Allisonville Elementary School,,Marion,89.81,Kindergarten
,,South Central Elementary,,Harrison,98.08,1st Grade
,,Jane Ball Elementary School,,Lake,94.05,1st Grade
,,Summitville School,,Madison,91.18,1st Grade
,,Highland Park Elementary School,,Monroe,94.29,6th Grade
,,Riverside Elementary School,,Clark,96.43,Kindergarten
,,Sand Creek Elementary School,,Jennings,97.78,Kindergarten
,,Noblesville East Middle School,,Hamilton,99.71,7th Grade
,,East Side Elementary School,,Johnson,87.5,1st Grade
,,Eastwood Elementary School,,Henry,82.05,Kindergarten
,,East Chicago Urban Enterprise Academy,,Lake,97.87,7th Grade
,,Crossroads Elementary School,,Hendricks,95.89,Kindergarten
,,Tri Junior-Senior High School,,Henry,94.83,7th Grade
,,Aspire Charter Academy,,Lake,94.12,6th Grade
,,North Knox Primary School,,Knox,96.67,Kindergarten
,,Clay Middle School,,Hamilton,99.24,6th Grade
,,Frank O'bannon Elementary School,,Lake,94.92,6th Grade
,,Shoals Middle School,,Martin,92.31,6th Grade
,,Oak Trace Elementary School,,Hamilton,96.43,1st Grade
,,Rome City Elementary School,,Noble,100.0,1st Grade
,,Sycamore Elementary School,,Howard,80.0,Kindergarten
,,Hobart High School,,Lake,90.3,12th Grade
,,Griffth Jr/Sr High School,,Lake,95.52,6th Grade
,,Joy Elementary School,,La Porte,95.56,1st Grade
,,Clear Creek Christian School,,Monroe,90.91,1st Grade
,,Parkview Elementary School,,Porter,71.79,Kindergarten
,,Pride Academy,,Hendricks,100.0,7th Grade
,,Brook Park Elementary School,,Marion,90.52,1st Grade
,,Perry Central Elementary School,,Perry,97.73,6th Grade
,,North Harrison Elementary School,,Harrison,92.31,1st Grade
,,John I Meister Elementary School,,Lake,72.73,1st Grade
,,North Miami Elementary School,,Miami,82.54,1st Grade
,,Pleasant Grove Elementary School,,Johnson,98.28,1st Grade
,,Pierce Middle School,,Lake,94.78,7th Grade
,,Allisonville Elementary School,,Marion,82.24,1st Grade
,,South Central Elementary,,Harrison,97.56,6th Grade
,,Merrillville High School,,Lake,94.62,12th Grade
,,Guion Creek Middle School,,Marion,97.39,6th Grade
,,Paoli Jr & Sr High School,,Orange,95.79,7th Grade
,,Riverside Elementary School,,Clark,94.95,1st Grade
,,Sand Creek Elementary School,,Jennings,100.0,1st Grade
,,Westwood Elementary School,,Johnson,96.55,1st Grade
,,Eastwood Elementary School,,Henry,91.11,1st Grade
,,Herron Preparatory Academy,,Marion,66.67,Kindergarten
,,Crossroads Elementary School,,Hendricks,98.94,1st Grade
,,Tri Junior-Senior High School,,Henry,93.67,12th Grade
,,Aspire Charter Academy,,Lake,85.0,7th Grade
,,North Knox Primary School,,Knox,93.9,1st Grade
,,Clay Middle School,,Hamilton,99.75,7th Grade
,,Springfield Elementary School,,La Porte,88.57,Kindergarten
,,Shoals Middle School,,Martin,90.91,7th Grade
,,Noblesville West Middle School,,Hamilton,96.26,6th Grade
,,Spencer Elementary School,,Owen,86.15,Kindergarten
,,Sycamore Elementary School,,Howard,94.44,1st Grade
,,Ernest R Elliott Elementary School,,Lake,95.0,Kindergarten
,,Griffth Jr/Sr High School,,Lake,91.14,7th Grade
,,Joy Elementary School,,La Porte,92.16,6th Grade
,,Clear Creek Christian School,,Monroe,94.12,6th Grade
,,Parkview Elementary School,,Porter,100.0,1st Grade
,,Greenwood Middle School,,Johnson,93.75,7th Grade
,,Brook Park Elementary School,,Marion,98.82,6th Grade
,,Morgan Township Middle/High School,,Porter,88.57,6th Grade
,,Franklin Community High School,,Johnson,95.82,12th Grade
,,Henry W Eggers Middle School,,Lake,97.31,7th Grade
,,North Miami Elementary School,,Miami,91.53,6th Grade
,,Claypool Elementary School,,Kosciusko,90.0,Kindergarten
,,Merrillville Intermediate School,,Lake,88.76,6th Grade
,,"James Whitcomb Riley School 43, A Visual And Performing Arts School",,Marion,77.5,Kindergarten
,,Taylor High School,,Howard,95.4,12th Grade
,,Jonas E Salk Elementary School,,Lake,87.76,Kindergarten
,,Guion Creek Middle School,,Marion,94.86,7th Grade
,,Paoli Jr & Sr High School,,Orange,97.92,12th Grade
,,Fall Creek Intermediate School,,Hamilton,97.44,6th Grade
,,Sand Creek Elementary School,,Jennings,98.04,6th Grade
,,South Knox Elementary School,,Knox,100.0,Kindergarten
,,Westview Jr-Sr High School,,Lagrange,78.66,7th Grade
,,Brownstown Elementary School,,Jackson,98.92,Kindergarten
,,Herron Preparatory Academy,,Marion,85.71,1st Grade
,,Daleville Elementary School,,Delaware,92.0,Kindergarten
,,River Forest Middle School,,Lake,93.75,6th Grade
,,Linton-Stockton High School,,Greene,98.86,12th Grade
,,George Rogers Clark School,,Knox,94.91,6th Grade
,,Hazel Dell Elementary School,,Hamilton,97.18,Kindergarten
,,Springfield Elementary School,,La Porte,100.0,1st Grade
,,Tell City Jr-Sr High School,,Perry,94.39,7th Grade
,,Noblesville West Middle School,,Hamilton,97.66,7th Grade
,,Spencer Elementary School,,Owen,95.0,1st Grade
,,Demotte Elementary School,,Jasper,85.48,Kindergarten
,,Ernest R Elliott Elementary School,,Lake,100.0,1st Grade
,,Griffth Jr/Sr High School,,Lake,96.08,12th Grade
,,Lawrence Central High School,,Marion,94.81,12th Grade
,,Pleasant Crossing Elementary,,Johnson,73.81,Kindergarten
,,Randolph Southern Elementary Sch,,Randolph,92.86,Kindergarten
,,Pleasant Run Elementary School,,Marion,92.68,Kindergarten
,,Morgan Township Middle/High School,,Porter,96.67,7th Grade
,,Highland High School,,Lake,97.38,12th Grade
,,Bedford-North Lawrence High School,,Lawrence,98.4,12th Grade
,,Bloomington High School South,,Monroe,97.45,12th Grade
,,Claypool Elementary School,,Kosciusko,90.0,1st Grade
,,Lake Central High School,,Lake,93.76,12th Grade
,,"James Whitcomb Riley School 43, A Visual And Performing Arts School",,Marion,90.48,1st Grade
,,Seymour-Redding Elementary School,,Jackson,98.39,Kindergarten
,,Jonas E Salk Elementary School,,Lake,93.46,1st Grade
,,Austin Middle School,,Scott,96.81,6th Grade
,,Batesville Primary School,,Ripley,92.65,Kindergarten
,,Prairie Trace Elementary School,,Hamilton,99.08,Kindergarten
,,Graham Creek Elementary School,,Jennings,89.66,Kindergarten
,,South Knox Elementary School,,Knox,98.28,1st Grade
,,Westview Jr-Sr High School,,Lagrange,87.65,12th Grade
,,Brownstown Elementary School,,Jackson,98.95,1st Grade
,,Herron Preparatory Academy,,Marion,92.45,6th Grade
,,Daleville Elementary School,,Delaware,93.59,1st Grade
,,River Forest Middle School,,Lake,97.52,7th Grade
,,Westfield Middle School,,Hamilton,98.15,7th Grade
,,George Rogers Clark School,,Knox,97.51,7th Grade
,,Hazel Dell Elementary School,,Hamilton,94.95,1st Grade
,,Springfield Elementary School,,La Porte,94.23,6th Grade
,,Tell City Jr-Sr High School,,Perry,97.83,12th Grade
,,Tri-West Senior High School,,Hendricks,96.08,12th Grade
,,Spencer Elementary School,,Owen,98.48,6th Grade
,,Demotte Elementary School,,Jasper,91.79,1st Grade
,,Westville Elementary School,,La Porte,86.96,Kindergarten
,,Harrison Hill Elementary School,,Marion,89.72,1st Grade
,,Laville Jr-Sr High School,,St. Joseph,93.9,7th Grade
,,Pleasant Crossing Elementary,,Johnson,91.89,1st Grade
,,Randolph Southern Elementary Sch,,Randolph,93.55,1st Grade
,,Southwest Elementary School,,Johnson,88.89,1st Grade
,,Pleasant Run Elementary School,,Marion,94.12,1st Grade
,,Morgan Township Middle/High School,,Porter,94.0,12th Grade
,,Kingsbury Elementary School,,La Porte,83.67,Kindergarten
,,South Creek Elementary,,Marion,95.56,Kindergarten
,,West Noble Middle School,,Noble,93.68,6th Grade
,,Claypool Elementary School,,Kosciusko,83.78,6th Grade
,,Oak Hill Elementary School,,Lake,90.53,Kindergarten
,,Argos Comm Jr-Sr High School,,Marshall,87.5,6th Grade
,,Seymour-Redding Elementary School,,Jackson,99.18,1st Grade
,,George Bibich Elementary School,,Lake,72.83,Kindergarten
,,Austin Middle School,,Scott,98.75,7th Grade
,,Batesville Primary School,,Ripley,85.39,1st Grade
,,Prairie Trace Elementary School,,Hamilton,99.04,1st Grade
,,Graham Creek Elementary School,,Jennings,93.55,1st Grade
,,South Knox Elementary School,,Knox,100.0,6th Grade
,,East Chicago Central High School,,Lake,97.3,12th Grade
,,Kankakee Valley Middle School,,Jasper,83.91,6th Grade
,,Herron Preparatory Academy,,Marion,96.55,7th Grade
,,Daleville Elementary School,,Delaware,94.74,6th Grade
,,Mildred Merkley Elementary School,,Lake,93.48,Kindergarten
,,Washington Woods Elementary School,,Hamilton,98.52,Kindergarten
,,Lawrence North High School,,Marion,92.48,12th Grade
,,White Lick Elementary School,,Hendricks,100.0,Kindergarten
,,Pine Elementary School,,La Porte,88.57,Kindergarten
,,Central Elementary School,,Porter,69.35,Kindergarten
,,Anderson Elementary School,,Jefferson,69.77,Kindergarten
,,Indiana Digital Alternative School,,Randolph,95.05,12th Grade
,,Harrison Elementary School,,Kosciusko,94.23,Kindergarten
,,Westville Elementary School,,La Porte,95.0,1st Grade
,,Harrison Hill Elementary School,,Marion,94.53,6th Grade
,,Laville Jr-Sr High School,,St. Joseph,86.75,12th Grade
,,Southridge Elementary School,,Lake,82.54,Kindergarten
,,Randolph Southern Elementary Sch,,Randolph,89.29,6th Grade
,,Francis Vigo Elementary School,,Knox,100.0,Kindergarten
,,Swayzee Elementary School,,Grant,95.37,6th Grade
,,Kouts Middle/High School,,Porter,100.0,6th Grade
,,Kingsbury Elementary School,,La Porte,87.5,1st Grade
,,South Creek Elementary,,Marion,93.51,1st Grade
,,West Noble Middle School,,Noble,98.51,7th Grade
,,James H Watson Elementary School,,Lake,50.0,Kindergarten
,,Oak Hill Elementary School,,Lake,90.82,1st Grade
,,Argos Comm Jr-Sr High School,,Marshall,92.59,7th Grade
,,Crothersville Jr-Sr High School,,Jackson,100.0,6th Grade
,,George Bibich Elementary School,,Lake,85.45,1st Grade
,,East Washington Middle School,,Washington,97.94,6th Grade
,,Benjamin Rush Middle School,,Rush,96.69,7th Grade
,,New Palestine Intermediate School,,Hancock,98.67,6th Grade
,,Graham Creek Elementary School,,Jennings,100.0,6th Grade
,,Shawswick Elementary School,,Lawrence,94.03,Kindergarten
,,Riley Elementary School,,La Porte,80.43,Kindergarten
,,Kankakee Valley Middle School,,Jasper,91.08,7th Grade
,,Princeton Community Middle,,Gibson,99.38,6th Grade
,,Medora Jr & Sr High School,,Jackson,100.0,6th Grade
,,Mildred Merkley Elementary School,,Lake,96.3,1st Grade
,,Washington Woods Elementary School,,Hamilton,96.58,1st Grade
,,"James A. Garfield School 31, A Stem School",,Marion,93.75,Kindergarten
,,White Lick Elementary School,,Hendricks,100.0,1st Grade
,,Pine Elementary School,,La Porte,96.0,1st Grade
,,Central Elementary School,,Porter,95.38,1st Grade
,,Anderson Elementary School,,Jefferson,91.76,1st Grade
,,Adams High School,,St. Joseph,99.22,12th Grade
,,Harrison Elementary School,,Kosciusko,100.0,1st Grade
,,Westville Elementary School,,La Porte,88.89,6th Grade
,,Indian Creek Elementary School,,Marion,94.87,1st Grade
,,Triton Central Middle School,,Shelby,93.75,6th Grade
,,Southridge Elementary School,,Lake,94.59,1st Grade
,,Murdock Elementary School,,Tippecanoe,84.62,Kindergarten
,,Francis Vigo Elementary School,,Knox,98.51,1st Grade
,,Newby Memorial Elementary School,,Morgan,96.43,1st Grade
,,Kouts Middle/High School,,Porter,97.14,7th Grade
,,Elwood Jr-Sr High School,,Madison,100.0,7th Grade
,,Thompson Crossing Elementary Sch,,Marion,98.37,Kindergarten
,,Springs Valley Comm High School,,Orange,92.86,6th Grade
,,James H Watson Elementary School,,Lake,81.82,1st Grade
,,Dwight D Eisenhower Elem School,,Lake,98.31,Kindergarten
,,Argos Comm Jr-Sr High School,,Marshall,97.44,12th Grade
,,Crothersville Jr-Sr High School,,Jackson,100.0,7th Grade
,,Erskine Elementary School,,Madison,91.67,Kindergarten
,,East Washington Middle School,,Washington,98.95,7th Grade
,,Swanson Traditional School,,St. Joseph,98.41,Kindergarten
,,Evergreen Elementary School,,Hendricks,90.32,Kindergarten
,,Clark Elementary School,,Johnson,100.0,Kindergarten
,,Shawswick Elementary School,,Lawrence,100.0,1st Grade
,,Riley Elementary School,,La Porte,84.31,1st Grade
,,Judith Morton Johnston Elementary,,Lake,86.54,Kindergarten
,,Princeton Community Middle,,Gibson,98.6,7th Grade
,,Medora Jr & Sr High School,,Jackson,100.0,7th Grade
,,Whiting High School,,Lake,97.87,12th Grade
,,Plainfield Community Middle School,,Hendricks,96.23,6th Grade
,,"James A. Garfield School 31, A Stem School",,Marion,90.91,1st Grade
,,Northwestern Middle School,,Howard,85.34,6th Grade
,,Pine Elementary School,,La Porte,91.11,6th Grade
,,North Liberty School,,St. Joseph,92.06,Kindergarten
,,Thomas Jefferson Elem Sch,,Lake,92.31,Kindergarten
,,Washington High School,,St. Joseph,97.3,12th Grade
,,Harrison Elementary School,,Kosciusko,91.04,6th Grade
,,Lake Hills Elementary School,,La Porte,96.97,Kindergarten
,,Indian Creek Elementary School,,Marion,97.39,6th Grade
,,Triton Central Middle School,,Shelby,96.47,7th Grade
,,Bunker Hill Elementary School,,Marion,98.88,Kindergarten
,,Murdock Elementary School,,Tippecanoe,97.37,1st Grade
,,Edgar L Miller Elementary School,,Lake,89.8,Kindergarten
,,Newby Memorial Elementary School,,Morgan,97.62,6th Grade
,,Kouts Middle/High School,,Porter,97.62,12th Grade
,,Elwood Jr-Sr High School,,Madison,96.94,12th Grade
,,Thompson Crossing Elementary Sch,,Marion,96.43,1st Grade
,,Springs Valley Comm High School,,Orange,90.14,7th Grade
,,Veterans Elementary School At Mundell,,Lake,93.27,1st Grade
,,Dwight D Eisenhower Elem School,,Lake,100.0,1st Grade
,,Ohio County Elementary School,,Ohio,88.0,Kindergarten
,,Crothersville Jr-Sr High School,,Jackson,100.0,12th Grade
,,Erskine Elementary School,,Madison,91.04,1st Grade
,,Creekside Elementary School,,Johnson,92.24,Kindergarten
,,Swanson Traditional School,,St. Joseph,96.72,1st Grade
,,Evergreen Elementary School,,Hendricks,81.25,1st Grade
,,Clark Elementary School,,Johnson,83.33,1st Grade
,,Shawswick Elementary School,,Lawrence,100.0,6th Grade
,,Mitchell Jr High School,,Lawrence,97.17,6th Grade
,,Judith Morton Johnston Elementary,,Lake,96.36,1st Grade
,,Haubstadt Community School,,Gibson,95.0,Kindergarten
,,Medora Jr & Sr High School,,Jackson,100.0,12th Grade
,,Plainfield Community Middle School,,Hendricks,95.91,7th Grade
,,South Elementary School Of Communications,,Morgan,97.56,Kindergarten
,,Northwestern Middle School,,Howard,90.91,7th Grade
,,Kesling Intermediate School,,La Porte,95.67,6th Grade
,,North Liberty School,,St. Joseph,93.75,1st Grade
,,Thomas Jefferson Elem Sch,,Lake,88.89,1st Grade
,,Harrison Elementary School,,St. Joseph,46.67,Kindergarten
,,Lake Prairie Elementary School,,Lake,93.65,Kindergarten
,,Lake Hills Elementary School,,La Porte,89.47,1st Grade
,,Luce Elementary School,,Spencer,93.94,Kindergarten
,,Bunker Hill Elementary School,,Marion,95.83,1st Grade
,,Mayflower Mill Elementary School,,Tippecanoe,98.84,Kindergarten
,,Edgar L Miller Elementary School,,Lake,94.34,1st Grade
,,North Madison Elementary School,,Morgan,91.67,Kindergarten
,,Pleasant Lake Elementary School,,Steuben,61.11,Kindergarten
,,"Charity Dye School 27 Center For Inquiry, An Ib World School",,Marion,86.96,Kindergarten
,,Triton Jr-Sr High School,,Marshall,90.91,7th Grade
,,Springs Valley Comm High School,,Orange,86.27,12th Grade
,,Michigan City High School,,La Porte,92.04,12th Grade
,,East Elementary School,,Madison,92.71,Kindergarten
,,Ohio County Elementary School,,Ohio,87.1,1st Grade
,,Wheatfield Elementary School,,Jasper,83.33,Kindergarten
,,Stout Field Elementary School,,Marion,97.47,Kindergarten
,,Creekside Elementary School,,Johnson,89.87,1st Grade
,,Marquette Montessori Academy,,St. Joseph,66.67,Kindergarten
,,Hickory Elementary School,,Hendricks,100.0,Kindergarten
,,Center Grove Elementary School,,Johnson,95.89,Kindergarten
,,Lincoln Elementary School,,Lawrence,76.32,Kindergarten
,,Mitchell Jr High School,,Lawrence,98.23,7th Grade
,,Culver Community Middle/High Sch,,Marshall,89.09,6th Grade
,,Haubstadt Community School,,Gibson,100.0,1st Grade
,,North Webster Elementary School,,Kosciusko,77.05,Kindergarten
,,Mary Bryan Elementary School,,Marion,90.91,1st Grade
,,Central Middle School,,Howard,100.0,6th Grade
,,South Elementary School Of Communications,,Morgan,100.0,1st Grade
,,East Elementary School,,Jay,93.94,Kindergarten
,,Jackson Creek Middle School,,Monroe,95.97,7th Grade
,,North Liberty School,,St. Joseph,93.06,6th Grade
,,Thomas Jefferson Elem Sch,,Lake,91.8,6th Grade
,,Harrison Elementary School,,St. Joseph,74.07,1st Grade
,,Lake Prairie Elementary School,,Lake,92.65,1st Grade
,,Lake Hills Elementary School,,La Porte,91.43,6th Grade
,,William Henry Burkhart Elementary,,Marion,100.0,1st Grade
,,Luce Elementary School,,Spencer,89.66,1st Grade
,,Spring Mill Elementary School,,Marion,89.81,Kindergarten
,,Mayflower Mill Elementary School,,Tippecanoe,100.0,1st Grade
,,Parkview Elementary School,,Lawrence,80.0,Kindergarten
,,North Madison Elementary School,,Morgan,95.65,1st Grade
,,Pleasant Lake Elementary School,,Steuben,92.86,1st Grade
,,"Charity Dye School 27 Center For Inquiry, An Ib World School",,Marion,97.22,1st Grade
,,Triton Jr-Sr High School,,Marshall,96.77,12th Grade
,,Gosport Elementary School,,Owen,94.74,Kindergarten
,,Hatfield Elementary School,,Lawrence,82.61,Kindergarten
,,East Elementary School,,Madison,100.0,1st Grade
,,Mccormick's Creek Elementary Sch,,Owen,95.35,Kindergarten
,,Wheatfield Elementary School,,Jasper,83.08,1st Grade
,,Stout Field Elementary School,,Marion,97.67,1st Grade
,,Saint Luke School,,Marion,90.2,Kindergarten
,,Marquette Montessori Academy,,St. Joseph,88.24,1st Grade
,,Hickory Elementary School,,Hendricks,97.62,1st Grade
,,Center Grove Elementary School,,Johnson,97.83,1st Grade
,,Lincoln Elementary School,,Lawrence,76.19,1st Grade
,,Pike High School,,Marion,95.65,12th Grade
,,Culver Community Middle/High Sch,,Marshall,100.0,7th Grade
,,Haubstadt Community School,,Gibson,96.92,6th Grade
,,North Webster Elementary School,,Kosciusko,85.0,1st Grade
,,Hawthorne Elementary School,,Marion,91.95,Kindergarten
,,Central Middle School,,Howard,95.97,7th Grade
,,East Elementary School,,Jay,96.5,1st Grade
,,Liberty Middle School,,Porter,91.94,7th Grade
,,Wilson Elementary,,St. Joseph,96.43,Kindergarten
,,Arlington Elementary School,,Marion,93.68,Kindergarten
,,Austin High School,,Scott,97.5,12th Grade
,,Lowell Middle School,,Lake,90.28,7th Grade
,,Edgewood Elementary School,,Madison,94.29,Kindergarten
,,Knox Community Elementary School,,Starke,73.39,Kindergarten
,,Spring Mill Elementary School,,Marion,92.55,1st Grade
,,Fairview Elementary School,,Wayne,90.16,Kindergarten
,,Parkview Elementary School,,Lawrence,75.61,1st Grade
,,North Madison Elementary School,,Morgan,95.37,6th Grade
,,Manchester Jr-Sr High School,,Wabash,97.53,7th Grade
,,Scottsburg Elem School,,Scott,73.02,Kindergarten
,,Gosport Elementary School,,Owen,95.83,1st Grade
,,Hatfield Elementary School,,Lawrence,92.59,1st Grade
,,East Elementary School,,Madison,95.7,6th Grade
,,Mccormick's Creek Elementary Sch,,Owen,94.44,1st Grade
,,Madison Elementary School,,Kosciusko,100.0,Kindergarten
,,Stout Field Elementary School,,Marion,97.98,6th Grade
,,Saint Luke School,,Marion,98.28,1st Grade
,,Marquette Montessori Academy,,St. Joseph,100.0,6th Grade
,,Lafayette Park Elementary School,,Howard,78.67,Kindergarten
,,Longfellow New Tech Elementary Sch,,Lake,75.27,Kindergarten
,,Lincoln Elementary School,,Lawrence,76.32,6th Grade
,,Cold Spring School,,Marion,87.23,Kindergarten
,,Culver Community Middle/High Sch,,Marshall,87.72,12th Grade
,,Haubstadt Community School,,Gibson,94.37,7th Grade
,,Winfield Elementary School,,Lake,91.51,Kindergarten
,,Hawthorne Elementary School,,Marion,89.69,1st Grade
,,Elwood Haynes Elementary School,,Howard,86.96,1st Grade
,,Boone Grove High School,,Porter,90.48,12th Grade
,,Hanover Central High School,,Lake,92.19,12th Grade
,,Union Center Elementary School,,Porter,83.87,Kindergarten
,,Wilson Elementary,,St. Joseph,97.56,1st Grade
,,Arlington Elementary School,,Marion,96.49,1st Grade
,,Booker T Washington Alt Sch,,Vigo,100.0,6th Grade
,,Early Learning Center-George Earle,,Lake,50.0,Kindergarten
,,Edgewood Elementary School,,Madison,100.0,1st Grade
,,Glenns Valley Elementary School,,Marion,100.0,1st Grade
,,Knox Community Elementary School,,Starke,81.58,1st Grade
,,Mcclelland Elementary School,,Marion,97.5,Kindergarten
,,Fairview Elementary School,,Wayne,86.54,1st Grade
,,Parkview Elementary School,,Lawrence,76.39,6th Grade
,,Waverly Elementary School,,Morgan,75.0,Kindergarten
,,Manchester Jr-Sr High School,,Wabash,94.74,12th Grade
,,Ladoga Elementary School,,Montgomery,100.0,Kindergarten
,,Scottsburg Elem School,,Scott,88.57,1st Grade
,,Gosport Elementary School,,Owen,92.31,6th Grade
,,Edgewood Intermediate School,,Marion,97.49,6th Grade
,,Forest Glen Elementary School,,Marion,100.0,Kindergarten
,,Mccormick's Creek Elementary Sch,,Owen,97.96,6th Grade
,,Madison Elementary School,,Kosciusko,92.54,1st Grade
,,University Elementary School,,Monroe,82.54,Kindergarten
,,Saint Luke School,,Marion,98.55,6th Grade
,,Marquette Montessori Academy,,St. Joseph,100.0,7th Grade
,,Lafayette Park Elementary School,,Howard,92.47,1st Grade
,,Longfellow New Tech Elementary Sch,,Lake,86.3,1st Grade
,,"Lew Wallace School 107, An Exploratory School",,Marion,97.1,Kindergarten
,,Cold Spring School,,Marion,91.67,1st Grade
,,Mooresville High School,,Morgan,96.7,12th Grade
,,Gibson Southern High School,,Gibson,97.6,12th Grade
,,Winfield Elementary School,,Lake,98.92,1st Grade
,,North Knox Intermediate,,Knox,97.94,6th Grade
,,Union City Community Jr/Sr High,,Randolph,92.54,7th Grade
,,Henry S Evans Elementary School,,Lake,84.31,Kindergarten
,,Union Center Elementary School,,Porter,85.96,1st Grade
,,Lancer Virtual School,,St. Joseph,100.0,7th Grade
,,Booker T Washington Alt Sch,,Vigo,100.0,7th Grade
,,New Prairie High School,,La Porte,89.74,12th Grade
,,Franklin Central High School,,Marion,97.13,12th Grade
,,Grassy Creek Elementary School,,Marion,91.57,Kindergarten
,,Hamilton Community High School,,Steuben,92.0,6th Grade
,,Mcclelland Elementary School,,Marion,98.08,1st Grade
,,Indiana Academy For Sci Math Hmn,,Delaware,93.67,12th Grade
,,Pendleton Heights Middle School,,Madison,96.13,7th Grade
,,Waverly Elementary School,,Morgan,82.0,1st Grade
,,Ladoga Elementary School,,Montgomery,100.0,1st Grade
,,Mcgary Middle School,,Vanderburgh,96.81,6th Grade
,,Pike Central Middle School,,Pike,92.91,6th Grade
,,Crooked Creek Elementary School,,Marion,91.46,Kindergarten
,,Forest Glen Elementary School,,Marion,96.75,1st Grade
,,North Posey Junior High School,,Posey,99.04,7th Grade
,,Madison Elementary School,,Kosciusko,95.31,6th Grade
,,University Elementary School,,Monroe,89.06,1st Grade
,,Saint Luke School,,Marion,100.0,7th Grade
,,Marshall Traditional School,,St. Joseph,100.0,Kindergarten
,,Highland Middle School,,Lake,92.91,6th Grade
,,"Lew Wallace School 107, An Exploratory School",,Marion,98.55,1st Grade
,,Cold Spring School,,Marion,91.84,6th Grade
,,South Side Elementary School,,Noble,100.0,Kindergarten
,,Owensville Community School,,Gibson,91.89,Kindergarten
,,Arlington Heights Elementary Sch,,Monroe,79.07,Kindergarten
,,Creston Intermediate & Middle Schl,,Marion,96.48,6th Grade
,,Union City Community Jr/Sr High,,Randolph,90.14,12th Grade
,,Henry S Evans Elementary School,,Lake,92.73,1st Grade
,,Flint Lake Elementary School,,Porter,89.86,Kindergarten
,,Lancer Virtual School,,St. Joseph,84.21,12th Grade
,,Jeremiah Gray Elementary School,,Marion,86.05,1st Grade
,,Booker T Washington Alt Sch,,Vigo,100.0,12th Grade
,,Handley Elementary School,,La Porte,81.03,Kindergarten
,,Southport High School,,Marion,95.44,12th Grade
,,Grassy Creek Elementary School,,Marion,97.41,1st Grade
,,Hamilton Community High School,,Steuben,96.55,7th Grade
,,Mcclelland Elementary School,,Marion,96.72,6th Grade
,,Anderson Intermediate School,,Madison,95.81,6th Grade
,,Waverly Elementary School,,Morgan,100.0,6th Grade
,,Laura Hose Elementary School,,Montgomery,92.14,Kindergarten
,,Mcgary Middle School,,Vanderburgh,96.39,7th Grade
,,Pike Central Middle School,,Pike,97.06,7th Grade
,,Crooked Creek Elementary School,,Marion,91.89,1st Grade
,,Forest Glen Elementary School,,Marion,100.0,6th Grade
,,Cloverdale Middle School,,Putnam,96.0,6th Grade
,,Akron Elementary School,,Fulton,94.59,Kindergarten
,,University Elementary School,,Monroe,90.67,6th Grade
,,Marshall Traditional School,,St. Joseph,100.0,1st Grade
,,Highland Middle School,,Lake,95.1,7th Grade
,,Blair Pointe Upper Elementary,,Miami,99.15,6th Grade
,,Cold Spring School,,Marion,97.5,7th Grade
,,South Side Elementary School,,Noble,96.0,1st Grade
,,Owensville Community School,,Gibson,100.0,1st Grade
,,Homecroft Elementary School,,Marion,100.0,1st Grade
,,Arlington Heights Elementary Sch,,Monroe,94.44,1st Grade
,,Creston Intermediate & Middle Schl,,Marion,95.41,7th Grade
,,Twin Branch Elementary School,,St. Joseph,95.45,Kindergarten
,,Kolling Elementary School,,Lake,87.63,Kindergarten
,,Flint Lake Elementary School,,Porter,90.48,1st Grade
,,New Tech Institute,,Vanderburgh,98.18,12th Grade
,,Eagle Creek Elementary School,,Marion,94.37,Kindergarten
,,North White Elementary School,,White,98.44,Kindergarten
,,Handley Elementary School,,La Porte,94.92,1st Grade
,,Fishback Creek Public Academy,,Marion,96.36,Kindergarten
,,Marlin Elementary School,,Monroe,100.0,Kindergarten
,,Hamilton Community High School,,Steuben,96.0,12th Grade
,,Bridgeport Elementary School,,Marion,91.84,Kindergarten
,,Guion Creek Elementary School,,Marion,88.0,Kindergarten
,,Brummitt Elementary School,,Porter,92.0,Kindergarten
,,Laura Hose Elementary School,,Montgomery,91.23,1st Grade
,,Test Intermediate School,,Wayne,97.33,6th Grade
,,Mishawaka High School,,St. Joseph,96.8,12th Grade
,,Chapel Hill 7th & 8th Grade Center,,Marion,95.84,7th Grade
,,Southport 6th Grade Academy,,Marion,94.72,6th Grade
,,Cloverdale Middle School,,Putnam,95.45,7th Grade
,,Akron Elementary School,,Fulton,96.23,1st Grade
,,Rosedale Elementary School,,Parke,95.45,Kindergarten
,,John H Castle Elementary School,,Warrick,92.36,Kindergarten
,,Marshall Traditional School,,St. Joseph,100.0,6th Grade
,,Southwestern High School,,Jefferson,98.78,12th Grade
,,F Willard Crichfield Elem Sch,,La Porte,88.0,Kindergarten
,,West Elementary School,,Posey,96.72,Kindergarten
,,Bloomington Graduation School,,Monroe,100.0,12th Grade
,,Emmanuel Baptist Academy,,Porter,100.0,6th Grade
,,Owensville Community School,,Gibson,100.0,6th Grade
,,Westlake Elementary School,,Marion,93.27,Kindergarten
,,Arlington Heights Elementary Sch,,Monroe,94.74,6th Grade
,,Willow Lake Elementary School,,Marion,92.55,Kindergarten
,,Twin Branch Elementary School,,St. Joseph,97.37,1st Grade
,,Kolling Elementary School,,Lake,90.0,1st Grade
,,Batesville Middle School,,Ripley,96.18,6th Grade
,,South Vermillion Middle School,,Vermillion,96.9,6th Grade
,,Eagle Creek Elementary School,,Marion,97.4,1st Grade
,,North White Elementary School,,White,100.0,1st Grade
,,Lakeside Elementary School,,Marion,91.67,Kindergarten
,,Fishback Creek Public Academy,,Marion,98.59,1st Grade
,,Marlin Elementary School,,Monroe,85.0,1st Grade
,,Union County High School,,Union,97.4,12th Grade
,,Bridgeport Elementary School,,Marion,91.84,1st Grade
,,Irvington Preparatory Academy,,Marion,94.44,12th Grade
,,Guion Creek Elementary School,,Marion,98.72,1st Grade
,,Brummitt Elementary School,,Porter,92.19,1st Grade
,,East Noble High School,,Noble,97.19,12th Grade
,,Irvington Community Elementary School,,Marion,100.0,Kindergarten
,,Amelia Earhart Elementary School,,Tippecanoe,100.0,Kindergarten
,,Impact Academy 1,,Marion,92.59,12th Grade
,,"Clarence Farrington School 61, An Exploratory School",,Marion,92.96,Kindergarten
,,Randolph Southern Jr-Sr High Sch,,Randolph,100.0,7th Grade
,,Lapel Middle School,,Madison,95.87,6th Grade
,,Rosedale Elementary School,,Parke,97.22,1st Grade
,,John H Castle Elementary School,,Warrick,98.08,1st Grade
,,Switzerland Co Middle School,,Switzerland,96.88,7th Grade
,,Hanover Central Middle School,,Lake,91.41,6th Grade
,,F Willard Crichfield Elem Sch,,La Porte,93.67,1st Grade
,,West Elementary School,,Posey,86.27,1st Grade
,,Crawfordsville Middle School,,Montgomery,97.52,6th Grade
,,Emmanuel Baptist Academy,,Porter,100.0,7th Grade
,,Owensville Community School,,Gibson,100.0,7th Grade
,,Westlake Elementary School,,Marion,89.47,1st Grade
,,Paul Saylor Elementary School,,Porter,97.44,Kindergarten
,,Willow Lake Elementary School,,Marion,95.41,1st Grade
,,Twin Branch Elementary School,,St. Joseph,90.7,6th Grade
,,Morton Senior High School,,Lake,96.1,12th Grade
,,Batesville Middle School,,Ripley,95.65,7th Grade
,,South Vermillion Middle School,,Vermillion,98.45,7th Grade
,,Loogootee High School,,Martin,97.78,12th Grade
,,Oaklawn Elementary School,,White,97.83,Kindergarten
,,Lakeside Elementary School,,Marion,91.92,1st Grade
,,Ben Davis High School,,Marion,97.54,12th Grade
,,Marlin Elementary School,,Monroe,100.0,6th Grade
,,Mccutchanville Elementary School,,Vanderburgh,98.89,Kindergarten
,,Bridgeport Elementary School,,Marion,98.31,6th Grade
,,St John Evangelist School,,Elkhart,81.82,Kindergarten
,,Brookview Elementary School,,Marion,91.67,Kindergarten
,,Liberty Elementary School,,Porter,92.13,Kindergarten
,,Union Township Middle School,,Porter,91.94,6th Grade
,,Irvington Community Elementary School,,Marion,94.0,1st Grade
,,Amelia Earhart Elementary School,,Tippecanoe,95.06,1st Grade
,,Grandview Elementary School,,Monroe,87.5,Kindergarten
,,"Clarence Farrington School 61, An Exploratory School",,Marion,90.14,1st Grade
,,Randolph Southern Jr-Sr High Sch,,Randolph,96.43,12th Grade
,,Lapel Middle School,,Madison,97.48,7th Grade
,,Rosedale Elementary School,,Parke,97.83,6th Grade
,,Elberfeld Elementary School,,Warrick,91.89,Kindergarten
,,Hanover Central Middle School,,Lake,92.96,7th Grade
,,Lincoln Middle School,,Marion,90.58,6th Grade
,,Laville Elementary School,,Marshall,91.67,Kindergarten
,,Crawfordsville Middle School,,Montgomery,98.09,7th Grade
,,Emmanuel Baptist Academy,,Porter,100.0,12th Grade
,,Eastbrook South Elementary,,Grant,100.0,Kindergarten
,,Westlake Elementary School,,Marion,96.63,6th Grade
,,Paul Saylor Elementary School,,Porter,97.44,1st Grade
,,James A Allison Elementary Sch 3,,Marion,94.74,Kindergarten
,,Dickinson Academy,,St. Joseph,96.43,6th Grade
,,Lapel Sr High School,,Madison,96.43,12th Grade
,,Fremont Elementary School,,Steuben,81.94,Kindergarten
,,Riley Elementary School,,Vigo,96.97,Kindergarten
,,Avilla Elementary School,,Noble,93.62,Kindergarten
,,Oaklawn Elementary School,,White,94.64,1st Grade
,,Rogers Elementary School,,Monroe,85.56,Kindergarten
,,Mccutchanville Elementary School,,Vanderburgh,95.96,1st Grade
,,New Market Elementary School,,Montgomery,96.55,Kindergarten
,,Brookview Elementary School,,Marion,95.29,1st Grade
,,Liberty Elementary School,,Porter,97.47,1st Grade
,,Union Township Middle School,,Porter,89.43,7th Grade
,,Bloomingdale Elementary School,,Allen,91.67,Kindergarten
,,Charles Elementary School,,Wayne,82.76,Kindergarten
,,Grandview Elementary School,,Monroe,94.0,1st Grade
,,Unionville Elementary School,,Monroe,73.68,Kindergarten
,,Madison Steam Academy,,St. Joseph,100.0,Kindergarten
,,New Augusta Public Academy - South,,Marion,61.11,Kindergarten
,,Riley High School,,St. Joseph,100.0,12th Grade
,,Elberfeld Elementary School,,Warrick,100.0,1st Grade
,,Homer Iddings Elementary School,,Lake,86.17,Kindergarten
,,Lincoln Middle School,,Marion,96.72,7th Grade
,,Laville Elementary School,,Marshall,92.59,1st Grade
,,Boone Grove Middle School,,Porter,91.8,6th Grade
,,Milan Elementary School,,Ripley,83.7,Kindergarten
,,Eastbrook South Elementary,,Grant,89.36,1st Grade
,,"Christian Park School 82, An Exploratory School",,Marion,90.91,Kindergarten
,,Thomas Jefferson Elementary School,,Porter,94.12,Kindergarten
,,James A Allison Elementary Sch 3,,Marion,94.44,1st Grade
,,Dickinson Academy,,St. Joseph,100.0,7th Grade
,,Beech Grove Sr High School,,Marion,97.57,12th Grade
,,Fremont Elementary School,,Steuben,94.59,1st Grade
,,Riley Elementary School,,Vigo,97.33,1st Grade
,,Avilla Elementary School,,Noble,100.0,1st Grade
,,Monrovia Elementary School,,Morgan,93.55,Kindergarten
,,Rogers Elementary School,,Monroe,88.37,1st Grade
,,Mccutchanville Elementary School,,Vanderburgh,97.37,6th Grade
,,New Market Elementary School,,Montgomery,91.3,1st Grade
,,St John Evangelist School,,Elkhart,100.0,6th Grade
,,Nora Elementary School,,Marion,86.44,Kindergarten
,,South Spencer High School,,Spencer,96.74,12th Grade
,,Willowcreek Middle School,,Porter,100.0,6th Grade
,,Bloomingdale Elementary School,,Allen,94.44,1st Grade
,,Charles Elementary School,,Wayne,87.23,1st Grade
,,Grandview Elementary School,,Monroe,100.0,6th Grade
,,Unionville Elementary School,,Monroe,100.0,1st Grade
,,Madison Steam Academy,,St. Joseph,100.0,1st Grade
,,New Augusta Public Academy - South,,Marion,84.15,1st Grade
,,Scottsburg Middle School,,Scott,96.15,6th Grade
,,Homer Iddings Elementary School,,Lake,93.94,1st Grade
,,Westlane Middle School,,Marion,95.77,6th Grade
,,Laville Elementary School,,Marshall,94.62,6th Grade
,,Boone Grove Middle School,,Porter,97.98,7th Grade
,,Milan Elementary School,,Ripley,92.39,1st Grade
,,Linton-Stockton Middle School,,Greene,97.87,6th Grade
,,"Christian Park School 82, An Exploratory School",,Marion,96.97,1st Grade
,,Thomas Jefferson Elementary School,,Porter,97.5,1st Grade
,,James A Allison Elementary Sch 3,,Marion,100.0,6th Grade
,,Southern Wells Elementary School,,Wells,87.1,Kindergarten
,,"Jonathan Jennings School 109, An Exploratory School",,Marion,75.0,Kindergarten
,,Our Lady Of Hungary School,,St. Joseph,100.0,1st Grade
,,West Central Middle School,,Pulaski,100.0,7th Grade
,,Monrovia Elementary School,,Morgan,95.79,1st Grade
,,Green Township Elementary School,,Morgan,85.71,Kindergarten
,,Bailly Elementary School,,Porter,93.59,Kindergarten
,,Poston Road Elementary School,,Morgan,94.74,Kindergarten
,,Clay City Elementary School,,Clay,94.64,Kindergarten
,,Nora Elementary School,,Marion,91.26,1st Grade
,,West Vigo Middle School,,Vigo,97.35,6th Grade
,,Willowcreek Middle School,,Porter,94.82,7th Grade
,,Leo Junior/Senior High School,,Allen,96.23,7th Grade
,,Vaile Elementary School,,Wayne,76.92,Kindergarten
,,Binford Elementary School,,Monroe,96.3,6th Grade
,,Unionville Elementary School,,Monroe,92.86,6th Grade
,,Garden City Elementary School,,Marion,96.47,Kindergarten
,,Scottsburg Middle School,,Scott,98.89,7th Grade
,,South Central Elem School,,La Porte,86.54,Kindergarten
,,Westlane Middle School,,Marion,94.55,7th Grade
,,Jefferson High School,,Tippecanoe,97.98,12th Grade
,,Elm Road Elementary School,,St. Joseph,98.67,Kindergarten
,,Rise Up Academy At Eggleston,,St. Joseph,95.65,12th Grade
,,Linton-Stockton Middle School,,Greene,98.92,7th Grade
,,Fairview Elementary School,,Monroe,80.0,Kindergarten
,,Edison Middle School,,St. Joseph,93.55,Kindergarten
,,Triton Elementary School,,Marshall,66.2,Kindergarten
,,Southern Wells Elementary School,,Wells,85.71,1st Grade
,,"Jonathan Jennings School 109, An Exploratory School",,Marion,92.0,1st Grade
,,Our Lady Of Hungary School,,St. Joseph,94.12,6th Grade
,,Lincoln Elementary,,St. Joseph,95.65,Kindergarten
,,Cannelton Elementary & High School,,Perry,55.56,Kindergarten
,,Green Township Elementary School,,Morgan,89.47,1st Grade
,,Bailly Elementary School,,Porter,98.25,1st Grade
,,Poston Road Elementary School,,Morgan,94.59,1st Grade
,,Clay City Elementary School,,Clay,88.24,1st Grade
,,Clearwater Elementary School,,Marion,91.09,Kindergarten
,,West Vigo Middle School,,Vigo,98.51,7th Grade
,,Rushville Consolidated High School,,Rush,93.86,12th Grade
,,Leo Junior/Senior High School,,Allen,94.44,12th Grade
,,Vaile Elementary School,,Wayne,91.84,1st Grade
,,Clear Creek Elementary School,,Monroe,75.76,Kindergarten
,,Patricksburg Elementary School,,Owen,100.0,Kindergarten
,,Ouabache Elementary School,,Vigo,93.33,Kindergarten
,,Garden City Elementary School,,Marion,93.14,1st Grade
,,Vienna-Finley Elementary School,,Scott,83.67,Kindergarten
,,South Central Elem School,,La Porte,88.57,1st Grade
,,Chapel Glen Elementary School,,Marion,95.65,Kindergarten
,,Edgelea Elementary School,,Tippecanoe,97.12,Kindergarten
,,Elm Road Elementary School,,St. Joseph,98.65,1st Grade
,,Rockport-Ohio Elementary School,,Spencer,88.57,Kindergarten
,,New Britton Elementary School,,Hamilton,100.0,Kindergarten
,,Fairview Elementary School,,Monroe,88.64,1st Grade
,,Edison Middle School,,St. Joseph,95.83,1st Grade
,,Triton Elementary School,,Marshall,80.65,1st Grade
,,Southern Wells Elementary School,,Wells,90.91,6th Grade
,,Our Lady Of Hungary School,,St. Joseph,100.0,7th Grade
,,Lincoln Elementary,,St. Joseph,95.83,1st Grade
,,Cannelton Elementary & High School,,Perry,92.31,1st Grade
,,Charles L Smith Fine Arts Academy,,Morgan,86.96,Kindergarten
,,Thomas Jefferson Middle School,,Porter,93.27,6th Grade
,,Clay City Elementary School,,Clay,89.09,6th Grade
,,Clearwater Elementary School,,Marion,98.21,1st Grade
,,Northeastern Elementary School,,Wayne,92.94,Kindergarten
,,Csa Fodrea Campus,,Bartholomew,91.11,Kindergarten
,,Westview Elementary School,,Wayne,91.49,Kindergarten
,,Clear Creek Elementary School,,Monroe,100.0,1st Grade
,,Patricksburg Elementary School,,Owen,91.3,1st Grade
,,Ouabache Elementary School,,Vigo,98.0,1st Grade
,,Garden City Elementary School,,Marion,97.47,6th Grade
,,Vienna-Finley Elementary School,,Scott,80.85,1st Grade
,,St Benedict Cathedral School,,Vanderburgh,96.15,6th Grade
,,South Central Elem School,,La Porte,93.15,6th Grade
,,Chapel Glen Elementary School,,Marion,93.8,1st Grade
,,Edgelea Elementary School,,Tippecanoe,98.98,1st Grade
,,Chrisney Elementary School,,Spencer,94.29,Kindergarten
,,Rockport-Ohio Elementary School,,Spencer,92.11,1st Grade
,,New Britton Elementary School,,Hamilton,100.0,1st Grade
,,Fairview Elementary School,,Monroe,95.31,6th Grade
,,Edison Middle School,,St. Joseph,96.49,6th Grade
,,Triton Elementary School,,Marshall,90.62,6th Grade
,,Bluffton-Harrison Elementary Sch,,Wells,85.09,Kindergarten
,,Sugar Creek Elementary School,,Montgomery,93.55,Kindergarten
,,Fairfield Elementary School,,Allen,92.31,Kindergarten
,,Monroe Elementary,,St. Joseph,96.15,Kindergarten
,,Cannelton Elementary & High School,,Perry,84.62,6th Grade
,,Charles L Smith Fine Arts Academy,,Morgan,96.3,1st Grade
,,Thomas Jefferson Middle School,,Porter,92.75,7th Grade
,,Lawrenceburg High School,,Dearborn,90.37,12th Grade
,,Washington Irving Neighborhood School 14,,Marion,70.0,Kindergarten
,,Northeastern Elementary School,,Wayne,98.95,1st Grade
,,Oregon-Davis Jr-Sr High School,,Starke,92.59,7th Grade
,,Csa Fodrea Campus,,Bartholomew,90.2,1st Grade
,,Westview Elementary School,,Wayne,92.86,1st Grade
,,Clear Creek Elementary School,,Monroe,100.0,6th Grade
,,Patricksburg Elementary School,,Owen,94.44,6th Grade
,,Seeger Memorial Jr-Sr High School,,Warren,97.09,7th Grade
,,Robey Elementary School,,Hendricks,90.91,Kindergarten
,,Fremont Middle School,,Steuben,92.86,6th Grade
,,St Benedict Cathedral School,,Vanderburgh,96.88,7th Grade
,,Mary Adams Elementary School,,Marion,86.41,Kindergarten
,,Chapel Glen Elementary School,,Marion,98.45,6th Grade
,,Wea Ridge Elementary School,,Tippecanoe,92.78,Kindergarten
,,Chrisney Elementary School,,Spencer,96.3,1st Grade
,,Evsc Virtual Academy,,Vanderburgh,100.0,Kindergarten
,,Smoky Row Elementary School,,Hamilton,91.11,Kindergarten
,,Crawfordsville Sr High School,,Montgomery,96.32,12th Grade
,,Edison Middle School,,St. Joseph,98.18,7th Grade
,,Bluffton-Harrison Elementary Sch,,Wells,87.12,1st Grade
,,Sugar Creek Elementary School,,Montgomery,91.89,1st Grade
,,Fairfield Elementary School,,Allen,94.81,1st Grade
,,Monroe Elementary,,St. Joseph,97.87,1st Grade
,,Cannelton Elementary & High School,,Perry,90.91,7th Grade
,,Monroe Central Elementary School,,Randolph,91.07,Kindergarten
,,Milan High School,,Ripley,98.68,12th Grade
,,Elsie Rogers Elementary School,,St. Joseph,100.0,Kindergarten
,,Fayette Central Elementary,,Fayette,94.0,Kindergarten
,,Washington Irving Neighborhood School 14,,Marion,91.89,1st Grade
,,Saint Louis School,,Ripley,70.59,Kindergarten
,,Oregon-Davis Jr-Sr High School,,Starke,96.3,12th Grade
,,Csa Fodrea Campus,,Bartholomew,97.5,6th Grade
,,Zionsville Middle School,,Boone,99.68,6th Grade
,,Brooklyn Stem Academy,,Morgan,91.18,Kindergarten
,,Winslow Elementary School,,Pike,96.67,Kindergarten
,,Seeger Memorial Jr-Sr High School,,Warren,94.34,12th Grade
,,Robey Elementary School,,Hendricks,98.23,1st Grade
,,Fremont Middle School,,Steuben,90.41,7th Grade
,,Mary Adams Elementary School,,Marion,93.75,1st Grade
,,Wea Ridge Elementary School,,Tippecanoe,98.78,1st Grade
,,Chrisney Elementary School,,Spencer,95.45,6th Grade
,,Smoky Row Elementary School,,Hamilton,94.23,1st Grade
,,South Ripley Junior High School,,Ripley,94.59,7th Grade
,,North Judson-San Pierre Mdl Sch,,Starke,92.31,6th Grade
,,Roosevelt Middle School,,White,94.64,6th Grade
,,South Ripley Elementary School,,Ripley,82.76,Kindergarten
,,Merle J Abbett Elementary School,,Allen,83.33,Kindergarten
,,Cannelton Elementary & High School,,Perry,80.0,12th Grade
,,Monroe Central Elementary School,,Randolph,82.67,1st Grade
,,Nancy Hanks Elementary School,,Spencer,94.87,Kindergarten
,,Elsie Rogers Elementary School,,St. Joseph,97.5,1st Grade
,,Fayette Central Elementary,,Fayette,94.59,1st Grade
,,Menominee Elementary School,,Marshall,88.64,Kindergarten
,,Saint Louis School,,Ripley,90.32,1st Grade
,,Caze Elementary School,,Vanderburgh,97.14,Kindergarten
,,Emmanuel Christian School Of Fort Wayne,,Allen,84.85,Kindergarten
,,Zionsville Middle School,,Boone,99.68,7th Grade
,,Brooklyn Stem Academy,,Morgan,97.83,1st Grade
,,Winslow Elementary School,,Pike,100.0,1st Grade
,,Boonville Middle School,,Warrick,99.48,6th Grade
,,Robey Elementary School,,Hendricks,95.27,6th Grade
,,Mccutcheon High School,,Tippecanoe,98.24,12th Grade
,,Most Precious Blood School,,Allen,93.75,6th Grade
,,Webster Elementary School,,Marshall,90.2,Kindergarten
,,North Wayne Elementary School,,Marion,88.33,Kindergarten
,,Heritage Hills High School,,Spencer,92.81,12th Grade
,,Evsc Virtual Academy,,Vanderburgh,100.0,6th Grade
,,West Clay Elementary School,,Hamilton,98.21,Kindergarten
,,Jac-Cen-Del Ms/Hs,,Ripley,81.25,7th Grade
,,North Judson-San Pierre Mdl Sch,,Starke,90.91,7th Grade
,,Roosevelt Middle School,,White,99.39,7th Grade
,,South Ripley Elementary School,,Ripley,95.29,1st Grade
,,Merle J Abbett Elementary School,,Allen,93.85,1st Grade
,,South Bend Virtual School,,St. Joseph,100.0,6th Grade
,,Jackson Elementary School,,Porter,93.65,Kindergarten
,,Monroe Central Elementary School,,Randolph,90.8,6th Grade
,,Nancy Hanks Elementary School,,Spencer,95.0,1st Grade
,,Clay International Academy,,St. Joseph,90.0,Kindergarten
,,Fayette Central Elementary,,Fayette,84.31,6th Grade
,,Menominee Elementary School,,Marshall,95.92,1st Grade
,,Saint Louis School,,Ripley,100.0,6th Grade
,,Caze Elementary School,,Vanderburgh,98.7,1st Grade
,,Emmanuel Christian School Of Fort Wayne,,Allen,75.76,1st Grade
,,Clarksville Senior High School,,Clark,94.44,12th Grade
,,Woodland Elementary School,,Tippecanoe,86.42,Kindergarten
,,Washington Twp Elementary School,,Porter,96.88,Kindergarten
,,Boonville Middle School,,Warrick,100.0,7th Grade
,,Batesville High School,,Ripley,92.25,12th Grade
,,Chandler Elementary School,,Warrick,95.71,Kindergarten
,,Most Precious Blood School,,Allen,100.0,7th Grade
,,Webster Elementary School,,Marshall,96.88,1st Grade
,,North Wayne Elementary School,,Marion,89.66,1st Grade
,,Glenwood Leadership Academy,,Vanderburgh,70.73,Kindergarten
,,Evsc Virtual Academy,,Vanderburgh,100.0,7th Grade
,,West Clay Elementary School,,Hamilton,98.59,1st Grade
,,Jac-Cen-Del Ms/Hs,,Ripley,84.31,12th Grade
,,South Vermillion High School,,Vermillion,85.26,12th Grade
,,Churubusco Jr-Sr High School,,Whitley,96.81,6th Grade
,,South Ripley Elementary School,,Ripley,93.18,6th Grade
,,Seton Catholic High School,,Wayne,82.35,12th Grade
,,South Bend Virtual School,,St. Joseph,100.0,7th Grade
,,Jackson Elementary School,,Porter,93.65,1st Grade
,,Milan Intermediate School,,Ripley,98.59,6th Grade
,,Nancy Hanks Elementary School,,Spencer,90.91,6th Grade
,,Clay International Academy,,St. Joseph,95.83,1st Grade
,,Washington Discovery Academy,,Marshall,95.56,Kindergarten
,,Saint Louis School,,Ripley,100.0,7th Grade
,,Plaza Park International Prep Acad,,Vanderburgh,97.21,6th Grade
,,Emmanuel Christian School Of Fort Wayne,,Allen,93.33,6th Grade
,,Woodland Elementary School,,Tippecanoe,97.22,1st Grade
,,Washington Twp Elementary School,,Porter,89.74,1st Grade
,,Frontier Elementary,,White,96.23,Kindergarten
,,Milroy Elementary School,,Rush,94.12,Kindergarten
,,Chandler Elementary School,,Warrick,94.55,1st Grade
,,Saint Ambrose School,,Jackson,100.0,Kindergarten
,,Shoals Community High School,,Martin,100.0,12th Grade
,,North Wayne Elementary School,,Marion,97.2,6th Grade
,,Glenwood Leadership Academy,,Vanderburgh,97.3,1st Grade
,,Evsc Virtual Academy,,Vanderburgh,97.3,12th Grade
,,Pittsboro Primary School,,Hendricks,88.14,Kindergarten
,,Arlington Elementary School,,Rush,100.0,Kindergarten
,,Southwood Elementary School,,Wabash,85.94,Kindergarten
,,Churubusco Jr-Sr High School,,Whitley,91.18,7th Grade
,,John Glenn High School,,St. Joseph,99.27,12th Grade
,,Evansville Lutheran School,,Vanderburgh,80.95,Kindergarten
,,South Bend Virtual School,,St. Joseph,100.0,12th Grade
,,Liberty Intermediate School,,Porter,91.82,6th Grade
,,Harold C Urey Middle School,,St. Joseph,95.04,7th Grade
,,Angola Middle School,,Steuben,90.29,6th Grade
,,Clay International Academy,,St. Joseph,95.59,6th Grade
,,Georgetown Elementary School,,Floyd,94.7,Kindergarten
,,Washington Discovery Academy,,Marshall,95.0,1st Grade
,,Zionsville West Middle School,,Boone,98.64,6th Grade
,,Plaza Park International Prep Acad,,Vanderburgh,93.75,7th Grade
,,Emmanuel Christian School Of Fort Wayne,,Allen,66.67,7th Grade
,,Otter Creek Middle School,,Vigo,96.89,6th Grade
,,North Posey High School,,Posey,99.06,12th Grade
,,Frontier Elementary,,White,100.0,1st Grade
,,Milroy Elementary School,,Rush,88.89,1st Grade
,,Saint Ambrose School,,Jackson,100.0,1st Grade
,,Loogootee Elementary School,,Martin,86.54,Kindergarten
,,Glenwood Leadership Academy,,Vanderburgh,97.3,6th Grade
,,West Vigo High School,,Vigo,96.49,12th Grade
,,Pittsboro Primary School,,Hendricks,94.92,1st Grade
,,Arlington Elementary School,,Rush,100.0,1st Grade
,,Southwood Elementary School,,Wabash,93.24,1st Grade
,,North Elementary School,,Posey,100.0,Kindergarten
,,Churubusco Jr-Sr High School,,Whitley,97.26,12th Grade
,,Meadow's Edge Elementary Sch,,St. Joseph,96.49,Kindergarten
,,Evansville Lutheran School,,Vanderburgh,95.45,1st Grade
,,Lincoln School,,Vanderburgh,96.97,Kindergarten
,,Wheeler High School,,Porter,89.32,12th Grade
,,Mary Frank Harris Elementary Sch,,St. Joseph,97.92,Kindergarten
,,Angola Middle School,,Steuben,88.57,7th Grade
,,Clay International Academy,,St. Joseph,98.28,7th Grade
,,Georgetown Elementary School,,Floyd,96.85,1st Grade
,,Converse Elementary School,,Grant,81.91,Kindergarten
,,Zionsville West Middle School,,Boone,99.25,7th Grade
,,Farrington Grove Elementary School,,Vigo,95.24,Kindergarten
,,Paramount Brookside,,Marion,77.32,Kindergarten
,,Crawford County Virtual Academy,,Crawford,100.0,12th Grade
,,Otter Creek Middle School,,Vigo,99.5,7th Grade
,,North Side Elementary School,,Randolph,80.88,Kindergarten
,,Frontier Elementary,,White,100.0,6th Grade
,,Milroy Elementary School,,Rush,88.24,6th Grade
,,Saint Ambrose School,,Jackson,100.0,6th Grade
,,Loogootee Elementary School,,Martin,86.67,1st Grade
,,Glenwood Leadership Academy,,Vanderburgh,93.94,7th Grade
,,East Washington Elementary School,,Washington,89.74,Kindergarten
,,Brentwood Elementary School,,Hendricks,100.0,Kindergarten
,,Arlington Elementary School,,Rush,100.0,6th Grade
,,Centerville-Abington Jr High Sch,,Wayne,94.92,7th Grade
,,North Elementary School,,Posey,93.48,1st Grade
,,Brebeuf Jesuit Preparatory School,,Marion,94.74,12th Grade
,,Meadow's Edge Elementary Sch,,St. Joseph,98.31,1st Grade
,,Evansville Lutheran School,,Vanderburgh,100.0,6th Grade
,,Lincoln School,,Vanderburgh,93.75,1st Grade
,,Crisman Elementary School,,Porter,75.38,Kindergarten
,,Mary Frank Harris Elementary Sch,,St. Joseph,100.0,1st Grade
,,Harper Elementary School,,Vanderburgh,98.75,Kindergarten
,,Austin Elementary School,,Scott,87.74,Kindergarten
,,River Valley Middle School,,Clark,96.26,6th Grade
,,Converse Elementary School,,Grant,96.43,1st Grade
,,Helmsburg Elementary School,,Brown,95.65,Kindergarten
,,Farrington Grove Elementary School,,Vigo,94.03,1st Grade
,,Paramount Brookside,,Marion,93.75,1st Grade
,,Covenant Christian School,,Monroe,64.29,Kindergarten
,,Woodrow Wilson Middle School,,Vigo,97.67,6th Grade
,,North Side Elementary School,,Randolph,84.13,1st Grade
,,Indian Village Elementary School,,Allen,97.87,Kindergarten
,,Liberty Elementary School,,St. Joseph,100.0,Kindergarten
,,Saint Ambrose School,,Jackson,100.0,7th Grade
,,Loogootee Middle School,,Martin,90.2,6th Grade
,,"Broad Ripple Middle School, An Ib World School",,Marion,93.53,6th Grade
,,Helfrich Park Stem Academy,,Vanderburgh,97.86,6th Grade
,,East Washington Elementary School,,Washington,96.0,1st Grade
,,Brentwood Elementary School,,Hendricks,96.77,1st Grade
,,Penn High School,,St. Joseph,98.75,12th Grade
,,North Elementary School,,Posey,100.0,6th Grade
,,St Vincent De Paul School,,Elkhart,100.0,Kindergarten
,,John J Young Middle School,,St. Joseph,96.13,7th Grade
,,Evansville Lutheran School,,Vanderburgh,100.0,7th Grade
,,Lincoln School,,Vanderburgh,100.0,6th Grade
,,Thomas A Hendricks Elementary Sch,,Shelby,99.1,Kindergarten
,,Triton Central Elementary School,,Shelby,94.12,Kindergarten
,,Harper Elementary School,,Vanderburgh,98.25,1st Grade
,,Austin Elementary School,,Scott,88.73,1st Grade
,,River Valley Middle School,,Clark,96.9,7th Grade
,,Ohio County Middle School,,Ohio,50.0,6th Grade
,,Helmsburg Elementary School,,Brown,91.3,1st Grade
,,Lh Carpenter Early Learning Center,,Wabash,88.0,Kindergarten
,,Paramount Brookside,,Marion,92.23,6th Grade
,,Covenant Christian School,,Monroe,81.82,1st Grade
,,Woodrow Wilson Middle School,,Vigo,97.55,7th Grade
,,North Side Elementary School,,Randolph,92.41,6th Grade
,,Indian Village Elementary School,,Allen,84.75,1st Grade
,,Liberty Elementary School,,St. Joseph,97.06,1st Grade
,,Lincoln Middle/ High School,,Wayne,100.0,7th Grade
,,Loogootee Middle School,,Martin,95.24,7th Grade
,,"Broad Ripple Middle School, An Ib World School",,Marion,98.26,7th Grade
,,Helfrich Park Stem Academy,,Vanderburgh,96.4,7th Grade
,,East Jay Elementary,,Jay,96.92,6th Grade
,,Lincoln Trail Elementary School,,Spencer,97.22,Kindergarten
,,Winchester Community High School,,Randolph,96.67,12th Grade
,,St Vincent De Paul School,,Elkhart,100.0,1st Grade
,,Lasalle Elementary School,,St. Joseph,80.0,Kindergarten
,,Lebanon Senior High School,,Boone,98.41,12th Grade
,,Lincoln School,,Vanderburgh,92.31,7th Grade
,,Thomas A Hendricks Elementary Sch,,Shelby,100.0,1st Grade
,,Triton Central Elementary School,,Shelby,97.44,1st Grade
,,Manchester Intermediate School,,Wabash,98.96,6th Grade
,,Ryan Park Elementary School,,Steuben,89.58,Kindergarten
,,Matchbook Learning,,Marion,90.0,Kindergarten
,,Ohio County Middle School,,Ohio,96.36,7th Grade
,,Tri Central Elementary,,Tipton,83.33,Kindergarten
,,Paramount Brookside,,Marion,94.0,7th Grade
,,Covenant Christian School,,Monroe,90.0,6th Grade
,,Bradie Shrum Elementary,,Washington,88.35,Kindergarten
,,Walkerton Elementary School,,St. Joseph,76.06,Kindergarten
,,Cedarville Elementary School,,Allen,92.86,Kindergarten
,,Liberty Elementary School,,St. Joseph,93.18,6th Grade
,,Lincoln Middle/ High School,,Wayne,93.75,12th Grade
,,West Noble Primary School,,Noble,83.67,Kindergarten
,,Monrovia Middle School,,Morgan,94.68,6th Grade
,,Charles N Scott Middle School,,Lake,93.75,7th Grade
,,Lincoln Trail Elementary School,,Spencer,100.0,1st Grade
,,Northeast East Elementary School,,Sullivan,84.62,Kindergarten
,,St Vincent De Paul School,,Elkhart,91.3,6th Grade
,,Lasalle Elementary School,,St. Joseph,100.0,1st Grade
,,Saint Louis De Montfort School,,Hamilton,88.46,Kindergarten
,,Daniel Wertz Elementary School,,Vanderburgh,88.89,Kindergarten
,,Knox Community Middle School,,Starke,88.41,6th Grade
,,Benjamin Bosse High School,,Vanderburgh,94.01,12th Grade
,,Saint John The Baptist School,,Warrick,81.82,Kindergarten
,,Ryan Park Elementary School,,Steuben,95.16,1st Grade
,,Matchbook Learning,,Marion,91.04,1st Grade
,,Bainbridge Elementary School,,Putnam,96.88,Kindergarten
,,Tri Central Elementary,,Tipton,93.33,1st Grade
,,Northview Elementary School,,Delaware,100.0,Kindergarten
,,Covenant Christian School,,Monroe,100.0,7th Grade
,,Bradie Shrum Elementary,,Washington,94.29,1st Grade
,,Walkerton Elementary School,,St. Joseph,93.15,1st Grade
,,Cedarville Elementary School,,Allen,96.49,1st Grade
,,Adams Central Elementary School,,Adams,88.89,Kindergarten
,,West Noble Primary School,,Noble,91.77,1st Grade
,,Monrovia Middle School,,Morgan,91.4,7th Grade
,,Lincoln Trail Elementary School,,Spencer,98.15,6th Grade
,,Northeast East Elementary School,,Sullivan,84.62,1st Grade
,,St Vincent De Paul School,,Elkhart,94.44,7th Grade
,,Lasalle Elementary School,,St. Joseph,89.8,6th Grade
,,Saint Louis De Montfort School,,Hamilton,96.15,1st Grade
,,Daniel Wertz Elementary School,,Vanderburgh,96.15,1st Grade
,,Knox Community Middle School,,Starke,86.29,7th Grade
,,Deming Early Learning Center,,Vigo,98.31,Kindergarten
,,Saint John The Baptist School,,Warrick,86.96,1st Grade
,,Union County Middle School,,Union,98.97,6th Grade
,,Matchbook Learning,,Marion,95.18,6th Grade
,,Bainbridge Elementary School,,Putnam,90.91,1st Grade
,,Saint Mary Cathedral School,,Tippecanoe,90.0,Kindergarten
,,Northview Elementary School,,Delaware,90.38,1st Grade
,,Covenant Christian School,,Monroe,100.0,12th Grade
,,Walkerton Elementary School,,St. Joseph,94.87,6th Grade
,,St Paul Lutheran Preschool,,Bartholomew,71.43,Kindergarten
,,Scott Elementary School,,Vanderburgh,96.0,Kindergarten
,,Adams Central Elementary School,,Adams,96.55,1st Grade
,,Memorial Elementary School,,Porter,93.24,Kindergarten
,,North Central Jr/Sr High School,,Sullivan,95.65,7th Grade
,,Douglas Macarthur Elementary Sch,,Marion,88.89,1st Grade
,,Hebron Elementary School,,Vanderburgh,95.51,Kindergarten
,,Northeast East Elementary School,,Sullivan,89.47,6th Grade
,,Memorial Park Middle School,,Allen,97.84,6th Grade
,,Johnson Elementary School,,Scott,84.62,Kindergarten
,,Saint Louis De Montfort School,,Hamilton,96.3,6th Grade
,,Academy For Innovative Studies,,Vanderburgh,90.0,6th Grade
,,Cynthia Heights Elementary School,,Vanderburgh,95.45,Kindergarten
,,Deming Early Learning Center,,Vigo,100.0,1st Grade
,,Saint John The Baptist School,,Warrick,100.0,6th Grade
,,Union County Middle School,,Union,97.85,7th Grade
,,Matchbook Learning,,Marion,97.53,7th Grade
,,Virgil I Grissom Middle School,,St. Joseph,94.27,6th Grade
,,Saint Mary Cathedral School,,Tippecanoe,94.74,1st Grade
,,Navarre Middle School,,St. Joseph,92.59,6th Grade
,,Boone Meadow,,Boone,100.0,Kindergarten
,,Scott Elementary School,,Vanderburgh,94.44,1st Grade
,,Oak View Elementary School,,Allen,96.43,Kindergarten
,,Memorial Elementary School,,Porter,96.55,1st Grade
,,North Central Jr/Sr High School,,Sullivan,100.0,12th Grade
,,Chapelwood Elementary School,,Marion,87.04,Kindergarten
,,Hebron Elementary School,,Vanderburgh,92.96,1st Grade
,,Vinton Elementary School,,Tippecanoe,93.75,Kindergarten
,,Memorial Park Middle School,,Allen,96.17,7th Grade
,,Johnson Elementary School,,Scott,92.0,1st Grade
,,Saint Louis De Montfort School,,Hamilton,93.88,7th Grade
,,Academy For Innovative Studies,,Vanderburgh,100.0,7th Grade
,,Cynthia Heights Elementary School,,Vanderburgh,100.0,1st Grade
,,Rio Grande Elementary School,,Vigo,96.77,Kindergarten
,,Saint John The Baptist School,,Warrick,97.62,7th Grade
,,Francis Joseph Reitz High School,,Vanderburgh,96.99,12th Grade
,,Purdue Polytechnic High School Ind,,Marion,99.29,12th Grade
,,Virgil I Grissom Middle School,,St. Joseph,96.79,7th Grade
,,South Decatur Elementary School,,Decatur,95.83,Kindergarten
,,Charlestown Middle School,,Clark,96.26,6th Grade
,,Navarre Middle School,,St. Joseph,97.7,7th Grade
,,Boone Meadow,,Boone,97.2,1st Grade
,,Scott Elementary School,,Vanderburgh,100.0,6th Grade
,,Oak View Elementary School,,Allen,97.01,1st Grade
,,Marrs Elementary School,,Posey,97.92,Kindergarten
,,Lodge Community School,,Vanderburgh,81.82,Kindergarten
,,Chapelwood Elementary School,,Marion,92.66,1st Grade
,,Honey Creek Middle School,,Vigo,98.09,6th Grade
,,Vinton Elementary School,,Tippecanoe,93.48,1st Grade
,,Weisser Park Elementary School,,Allen,95.65,1st Grade
,,Lexington Elementary School,,Scott,95.83,Kindergarten
,,Saint Mary Catholic Comm School,,Lake,84.91,Kindergarten
,,Academy For Innovative Studies,,Vanderburgh,100.0,12th Grade
,,Rio Grande Elementary School,,Vigo,98.11,1st Grade
,,Trailside Elementary School,,Boone,96.39,Kindergarten
,,Fairlawn Elementary School,,Vanderburgh,95.24,Kindergarten
,,Westfield High School,,Hamilton,97.31,12th Grade
,,Dayton Elementary School,,Tippecanoe,95.38,Kindergarten
,,South Decatur Elementary School,,Decatur,100.0,1st Grade
,,Beardsley Elementary School,,Elkhart,93.48,Kindergarten
,,Charlestown Middle School,,Clark,97.66,7th Grade
,,Northfield Jr-Sr High School,,Wabash,96.97,7th Grade
,,Notre Dame Catholic School,,La Porte,66.67,Kindergarten
,,Delaware Elementary School,,Vanderburgh,89.47,Kindergarten
,,Lindley Elementary School,,Allen,91.49,Kindergarten
,,Marrs Elementary School,,Posey,97.62,1st Grade
,,Lodge Community School,,Vanderburgh,91.3,1st Grade
,,Chapelwood Elementary School,,Marion,99.17,6th Grade
,,Honey Creek Middle School,,Vigo,98.55,7th Grade
,,Terre Town Elementary School,,Vigo,95.74,Kindergarten
,,Hope Elementary School,,Bartholomew,84.21,Kindergarten
,,Lexington Elementary School,,Scott,89.19,1st Grade
,,Saint Mary Catholic Comm School,,Lake,92.16,1st Grade
,,Twin Lakes Senior High School,,White,100.0,12th Grade
,,Meadowlawn Elementary School,,White,94.12,Kindergarten
,,Trailside Elementary School,,Boone,97.89,1st Grade
,,Fairlawn Elementary School,,Vanderburgh,100.0,1st Grade
,,Sheridan Elementary School,,Hamilton,92.68,Kindergarten
,,Dayton Elementary School,,Tippecanoe,97.92,1st Grade
,,South Decatur Elementary School,,Decatur,96.3,6th Grade
,,Beardsley Elementary School,,Elkhart,97.67,1st Grade
,,Jb Stephens Elementary School,,Hancock,90.59,Kindergarten
,,Northfield Jr-Sr High School,,Wabash,92.31,12th Grade
,,Notre Dame Catholic School,,La Porte,69.57,1st Grade
,,Delaware Elementary School,,Vanderburgh,92.59,1st Grade
,,Lindley Elementary School,,Allen,91.53,1st Grade
,,West Central Senior High School,,Pulaski,95.08,12th Grade
,,Lodge Community School,,Vanderburgh,100.0,6th Grade
,,Monroe Central Jr-Sr High School,,Randolph,100.0,7th Grade
,,Terre Town Elementary School,,Vigo,98.89,1st Grade
,,Hope Elementary School,,Bartholomew,89.47,1st Grade
,,Carlisle Middle School,,Sullivan,100.0,6th Grade
,,Saint Mary Catholic Comm School,,Lake,94.64,6th Grade
,,Whispering Meadow Elementary Sch,,Allen,87.95,Kindergarten
,,Meadowlawn Elementary School,,White,95.56,1st Grade
,,Geo Focus Academy,,Marion,80.0,6th Grade
,,Vogel Elementary School,,Vanderburgh,95.24,Kindergarten
,,Sheridan Elementary School,,Hamilton,98.75,1st Grade
,,Dennis Middle School,,Wayne,96.9,7th Grade
,,Albany Elementary School,,Delaware,91.89,Kindergarten
,,Jb Stephens Elementary School,,Hancock,96.94,1st Grade
,,Allen Co Juvenile Center,,Allen,100.0,12th Grade
,,Notre Dame Catholic School,,La Porte,88.89,6th Grade
,,Delaware Elementary School,,Vanderburgh,93.02,6th Grade
,,Waynedale Elementary School,,Allen,94.0,Kindergarten
,,Union Elementary School,,Randolph,84.62,Kindergarten
,,Lodge Community School,,Vanderburgh,97.62,7th Grade
,,Monroe Central Jr-Sr High School,,Randolph,97.14,12th Grade
,,Tecumseh Middle School,,Warrick,92.21,6th Grade
,,Hope Elementary School,,Bartholomew,96.1,6th Grade
,,Carlisle Middle School,,Sullivan,100.0,7th Grade
,,Saint Mary Catholic Comm School,,Lake,96.3,7th Grade
,,Whispering Meadow Elementary Sch,,Allen,91.67,1st Grade
,,Jeff H Towles Intermediate School,,Allen,88.71,1st Grade
,,Geo Focus Academy,,Marion,80.0,7th Grade
,,Vogel Elementary School,,Vanderburgh,96.49,1st Grade
,,Avon Middle School South,,Hendricks,92.11,6th Grade
,,Corpus Christi,,St. Joseph,100.0,Kindergarten
,,Albany Elementary School,,Delaware,88.64,1st Grade
,,Christel House Watanabe Manual High School,,Marion,93.9,12th Grade
,,Greensburg Community High School,,Decatur,99.01,12th Grade
,,North Side High School,,Allen,93.16,12th Grade
,,Notre Dame Catholic School,,La Porte,83.33,7th Grade
,,Community Youth Services,,Wayne,92.31,12th Grade
,,Waynedale Elementary School,,Allen,89.23,1st Grade
,,Union Elementary School,,Randolph,100.0,1st Grade
,,Washington Middle School,,Vanderburgh,95.45,6th Grade
,,Jefferson Traditional,,St. Joseph,99.07,6th Grade
,,Tecumseh Middle School,,Warrick,93.67,7th Grade
,,Eagle Elementary School,,Boone,75.44,Kindergarten
,,Tipton Elementary School,,Tipton,90.32,Kindergarten
,,Clinton Central Junior-Senior Hs,,Clinton,100.0,7th Grade
,,Carroll High School,,Allen,95.58,12th Grade
,,Jeff H Towles Intermediate School,,Allen,97.4,6th Grade
,,Geo Focus Academy,,Marion,100.0,12th Grade
,,Vogel Elementary School,,Vanderburgh,98.65,6th Grade
,,Avon Middle School South,,Hendricks,95.08,7th Grade
,,Corpus Christi,,St. Joseph,100.0,1st Grade
,,East Washington Academy,,Delaware,86.9,Kindergarten
,,Jasper Elementary School,,Dubois,95.14,Kindergarten
,,Greensburg Elementary,,Decatur,91.67,Kindergarten
,,L F Smith Elementary,,Bartholomew,85.11,Kindergarten
,,Invent Learning Hub,,Marion,100.0,1st Grade
,,In Sch For The Blind & Vis Imprd,,Marion,100.0,6th Grade
,,Union Elementary School,,Randolph,96.0,6th Grade
,,Washington Middle School,,Vanderburgh,100.0,7th Grade
,,Jefferson Traditional,,St. Joseph,97.09,7th Grade
,,Bluffton High School,,Wells,91.23,12th Grade
,,Eagle Elementary School,,Boone,87.34,1st Grade
,,Tipton Elementary School,,Tipton,91.36,1st Grade
,,Clinton Central Junior-Senior Hs,,Clinton,95.95,12th Grade
,,Robert C Harris Elementary School,,Allen,94.12,Kindergarten
,,Jeff H Towles Intermediate School,,Allen,96.25,7th Grade
,,Turkey Run Elementary School,,Parke,93.02,Kindergarten
,,West Terrace Elementary School,,Vanderburgh,96.83,Kindergarten
,,Guilford Elementary,,Hendricks,91.8,Kindergarten
,,Corpus Christi,,St. Joseph,93.33,6th Grade
,,East Washington Academy,,Delaware,89.02,1st Grade
,,Jasper Elementary School,,Dubois,99.4,1st Grade
,,Greensburg Elementary,,Decatur,95.56,1st Grade
,,L F Smith Elementary,,Bartholomew,97.5,1st Grade
,,Invent Learning Hub,,Marion,100.0,6th Grade
,,In Sch For The Blind & Vis Imprd,,Marion,100.0,7th Grade
,,Van Buren Elementary School,,Clay,93.62,Kindergarten
,,Yeshiva Of South Bend,,St. Joseph,100.0,12th Grade
,,North White High School,,White,100.0,12th Grade
,,James Cole Elementary School,,Tippecanoe,88.0,Kindergarten
,,Perry Worth Elementary School,,Boone,95.4,Kindergarten
,,West Washington Elementary School,,Washington,93.02,Kindergarten
,,William W Borden High School,,Clark,97.67,7th Grade
,,Robert C Harris Elementary School,,Allen,88.52,1st Grade
,,Bunche Elementary School,,Allen,93.42,Kindergarten
,,Turkey Run Elementary School,,Parke,96.3,1st Grade
,,West Terrace Elementary School,,Vanderburgh,98.67,1st Grade
,,Guilford Elementary,,Hendricks,96.55,1st Grade
,,Corpus Christi,,St. Joseph,95.65,7th Grade
,,Blue Academy,,Marion,87.78,Kindergarten
,,Pla At George H Fisher School 93,,Marion,84.78,Kindergarten
,,Covington Christian School,,Fountain,100.0,Kindergarten
,,L F Smith Elementary,,Bartholomew,94.87,6th Grade
,,Invent Learning Hub,,Marion,80.0,7th Grade
,,In Sch For The Blind & Vis Imprd,,Marion,100.0,12th Grade
,,Van Buren Elementary School,,Clay,94.74,1st Grade
,,Oakland Elementary School,,Tippecanoe,94.12,Kindergarten
,,James Cole Elementary School,,Tippecanoe,88.1,1st Grade
,,Perry Worth Elementary School,,Boone,96.05,1st Grade
,,West Washington Elementary School,,Washington,96.97,1st Grade
,,William W Borden High School,,Clark,93.44,12th Grade
,,Columbus East High School,,Bartholomew,97.3,12th Grade
,,Saint Susanna School,,Hendricks,75.68,Kindergarten
,,South Dearborn High School,,Dearborn,93.08,12th Grade
,,Warren Central Elementary School,,Warren,89.13,Kindergarten
,,Eastern Middle School,,Howard,100.0,6th Grade
,,Saint Jude Catholic School,,St. Joseph,100.0,Kindergarten
,,Blue Academy,,Marion,90.0,1st Grade
,,Pla At George H Fisher School 93,,Marion,88.46,1st Grade
,,Riverview Elementary School,,Grant,85.96,Kindergarten
,,Saint Malachy School,,Hendricks,69.39,Kindergarten
,,Phalen At Francis Scott Key 103,,Marion,89.42,Kindergarten
,,Woodside Middle School,,Allen,94.14,6th Grade
,,North Clay Middle School,,Clay,93.75,6th Grade
,,Oakland Elementary School,,Tippecanoe,96.67,1st Grade
,,Tipton Middle School,,Tipton,91.82,6th Grade
,,Bishop Noll Institute,,Lake,98.8,12th Grade
,,West Washington Elementary School,,Washington,93.67,6th Grade
,,William W Borden Elementary School,,Clark,100.0,Kindergarten
,,Blackford Primary School,,Blackford,83.67,Kindergarten
,,Saint Susanna School,,Hendricks,90.7,1st Grade
,,Jimtown Elementary School,,Elkhart,90.23,Kindergarten
,,Warren Central Elementary School,,Warren,100.0,1st Grade
,,Eastern Middle School,,Howard,96.09,7th Grade
,,Saint Jude Catholic School,,St. Joseph,94.74,1st Grade
,,Blue Academy,,Marion,95.15,6th Grade
,,Pla At George H Fisher School 93,,Marion,92.45,6th Grade
,,Riverview Elementary School,,Grant,89.04,1st Grade
,,Saint Malachy School,,Hendricks,70.0,1st Grade
,,Phalen At Francis Scott Key 103,,Marion,79.41,1st Grade
,,Woodside Middle School,,Allen,96.59,7th Grade
,,North Clay Middle School,,Clay,96.34,7th Grade
,,Mintonye Elementary School,,Tippecanoe,89.33,Kindergarten
,,Tipton Middle School,,Tipton,90.0,7th Grade
,,Jackson Township Elementary School,,Clay,100.0,Kindergarten
,,Bluffton-Harrison Middle School,,Wells,97.6,6th Grade
,,William W Borden Elementary School,,Clark,86.36,1st Grade
,,Blackford Primary School,,Blackford,91.35,1st Grade
,,Saint Susanna School,,Hendricks,100.0,6th Grade
,,Jimtown Elementary School,,Elkhart,93.59,1st Grade
,,Warren Central Elementary School,,Warren,100.0,6th Grade
,,Riverview School,,Huntington,94.44,6th Grade
,,Saint Jude Catholic School,,St. Joseph,100.0,6th Grade
,,Middlebury Elementary School,,Elkhart,73.33,Kindergarten
,,Tindley Summit Academy,,Marion,75.64,Kindergarten
,,New Castle High School,,Henry,96.55,12th Grade
,,Saint Malachy School,,Hendricks,95.74,6th Grade
,,Phalen At Francis Scott Key 103,,Marion,89.62,6th Grade
,,Northcrest Elementary School,,Allen,95.77,Kindergarten
,,North Daviess Jr-Sr High School,,Daviess,97.3,7th Grade
,,Mintonye Elementary School,,Tippecanoe,92.86,1st Grade
,,West Washington Jr-Sr High School,,Washington,95.45,7th Grade
,,Jackson Township Elementary School,,Clay,93.33,1st Grade
,,Bluffton-Harrison Middle School,,Wells,95.73,7th Grade
,,William W Borden Elementary School,,Clark,94.12,6th Grade
,,Thea Bowman Leadership Academy,,Lake,72.34,Kindergarten
,,Saint Susanna School,,Hendricks,94.44,7th Grade
,,Concord Ox Bow Elementary School,,Elkhart,98.57,1st Grade
,,Western Wayne Elementary School,,Wayne,84.48,Kindergarten
,,Riverview School,,Huntington,94.9,7th Grade
,,Saint Jude Catholic School,,St. Joseph,100.0,7th Grade
,,Middlebury Elementary School,,Elkhart,89.74,1st Grade
,,Tindley Summit Academy,,Marion,69.05,1st Grade
,,Northwestern Senior High School,,Howard,85.86,12th Grade
,,Saint Malachy School,,Hendricks,94.34,7th Grade
,,Fillmore Elementary School,,Putnam,100.0,Kindergarten
,,Northcrest Elementary School,,Allen,94.25,1st Grade
,,North Daviess Jr-Sr High School,,Daviess,100.0,12th Grade
,,Battle Ground Middle School,,Tippecanoe,97.9,6th Grade
,,West Washington Jr-Sr High School,,Washington,98.44,12th Grade
,,Rossville Middle/Senior High Sch,,Clinton,93.42,6th Grade
,,Thea Bowman Leadership Academy,,Lake,89.13,1st Grade
,,Saint John Ev Lutheran School,,Marion,93.75,Kindergarten
,,Eastwood Elementary School,,Elkhart,89.29,Kindergarten
,,Western Wayne Elementary School,,Wayne,94.92,1st Grade
,,Mitchell High School,,Lawrence,95.06,12th Grade
,,Saint Jude Elementary School,,Allen,82.5,1st Grade
,,Northridge High School,,Elkhart,96.77,12th Grade
,,Tindley Summit Academy,,Marion,74.07,6th Grade
,,Crothersville Elementary School,,Jackson,96.67,Kindergarten
,,Ascension Lutheran Christian Schl,,Lake,100.0,1st Grade
,,Fillmore Elementary School,,Putnam,85.0,1st Grade
,,Heritage Elementary School,,Allen,93.62,Kindergarten
,,Washington Primary,,Daviess,96.07,Kindergarten
,,Battle Ground Middle School,,Tippecanoe,95.74,7th Grade
,,Bellmont Elementary,,Adams,83.56,Kindergarten
,,Rossville Middle/Senior High Sch,,Clinton,89.89,7th Grade
,,Ferdinand Elementary School,,Dubois,87.76,Kindergarten
,,Thea Bowman Leadership Academy,,Lake,92.0,6th Grade
,,Saint John Ev Lutheran School,,Marion,100.0,1st Grade
,,Eastwood Elementary School,,Elkhart,98.15,1st Grade
,,Western Wayne Elementary School,,Wayne,86.96,6th Grade
,,Oaklandon Elementary School,,Marion,93.33,1st Grade
,,Saint Jude Elementary School,,Allen,91.89,6th Grade
,,Nappanee Elementary School,,Elkhart,81.03,Kindergarten
,,John L Mcculloch Junior High Sch,,Grant,95.83,7th Grade
,,Crothersville Elementary School,,Jackson,100.0,1st Grade
,,Wood Memorial Middle School,,Gibson,100.0,6th Grade
,,Heritage Elementary School,,Allen,95.56,1st Grade
,,Washington Primary,,Daviess,98.19,1st Grade
,,Tippecanoe Online Academy,,Tippecanoe,97.14,12th Grade
,,Bellmont Elementary,,Adams,88.16,1st Grade
,,Rossville Middle/Senior High Sch,,Clinton,86.21,12th Grade
,,Ferdinand Elementary School,,Dubois,94.64,1st Grade
,,Thea Bowman Leadership Academy,,Lake,92.31,7th Grade
,,Saint John Ev Lutheran School,,Marion,100.0,6th Grade
,,Rose Hamilton Elementary School,,Wayne,98.2,Kindergarten
,,Oaklandon Elementary School,,Marion,97.73,6th Grade
,,Saint Jude Elementary School,,Allen,88.37,7th Grade
,,Nappanee Elementary School,,Elkhart,84.48,1st Grade
,,Tri-West Middle School,,Hendricks,94.27,6th Grade
,,Lydia Middleton Elementary School,,Jefferson,65.67,Kindergarten
,,Fairview Elementary School,,Cass,96.2,Kindergarten
,,Wood Memorial Middle School,,Gibson,100.0,7th Grade
,,Heritage Elementary School,,Allen,98.0,6th Grade
,,Dekalb Middle School,,De Kalb,93.96,6th Grade
,,Tipton High School,,Tipton,85.42,12th Grade
,,Eel River Elementary School,,Allen,96.0,Kindergarten
,,North Daviess Elementary School,,Daviess,78.57,Kindergarten
,,Lincoln Elementary School,,Newton,88.24,Kindergarten
,,Thea Bowman Leadership Academy,,Lake,93.75,12th Grade
,,Saint John Ev Lutheran School,,Marion,83.33,7th Grade
,,Slate Run Elementary School,,Floyd,88.57,Kindergarten
,,Rose Hamilton Elementary School,,Wayne,100.0,1st Grade
,,Thomas Gregg Neighborhood School 15,,Marion,86.67,Kindergarten
,,Perry Hill Elementary School,,Allen,98.15,Kindergarten
,,Covington Community High School,,Fountain,86.44,12th Grade
,,Tri-West Middle School,,Hendricks,94.62,7th Grade
,,Lydia Middleton Elementary School,,Jefferson,92.45,1st Grade
,,Fairview Elementary School,,Cass,94.95,1st Grade
,,Harrison Parkway Elementary School,,Hamilton,94.74,Kindergarten
,,New Haven Jr/Sr High School,,Allen,96.41,12th Grade
,,Dekalb Middle School,,De Kalb,94.32,7th Grade
,,O J Neighbours Elementary School,,Wabash,94.29,1st Grade
,,Eel River Elementary School,,Allen,96.49,1st Grade
,,North Daviess Elementary School,,Daviess,85.06,1st Grade
,,Lincoln Elementary School,,Newton,85.71,1st Grade
,,Northview High School,,Clay,95.65,12th Grade
,,Anderson Preparatory Academy,,Madison,91.43,Kindergarten
,,Slate Run Elementary School,,Floyd,90.79,1st Grade
,,Joshua Academy,,Vanderburgh,83.33,Kindergarten
,,Thomas Gregg Neighborhood School 15,,Marion,91.86,1st Grade
,,Perry Hill Elementary School,,Allen,94.19,1st Grade
,,Covington Elementary School,,Fountain,80.0,Kindergarten
,,Southwestern Elementary School,,Jefferson,87.0,Kindergarten
,,Clark Pleasant Middle School,,Johnson,94.93,6th Grade
,,Landis Elementary School,,Cass,95.65,Kindergarten
,,Harrison Parkway Elementary School,,Hamilton,99.03,1st Grade
,,Otterbein Elementary School,,Benton,97.73,Kindergarten
,,Delta High School,,Delaware,93.51,12th Grade
,,Loge Elementary School,,Warrick,89.83,Kindergarten
,,Lillian Schmitt Elementary School,,Bartholomew,90.24,Kindergarten
,,North Daviess Elementary School,,Daviess,93.33,6th Grade
,,Lincoln Elementary School,,Newton,82.61,6th Grade
,,Tri-Township Elementary School,,La Porte,100.0,Kindergarten
,,Anderson Preparatory Academy,,Madison,78.95,1st Grade
,,Otwell Miller Academy,,Pike,90.0,Kindergarten
,,Joshua Academy,,Vanderburgh,94.0,1st Grade
,,"Merle Sidener Academy 59, A High Ability School",,Marion,100.0,1st Grade
,,Franke Park Elementary School,,Allen,90.91,Kindergarten
,,Covington Elementary School,,Fountain,80.33,1st Grade
,,Southwestern Elementary School,,Jefferson,95.95,1st Grade
,,Clark Pleasant Middle School,,Johnson,94.08,7th Grade
,,Landis Elementary School,,Cass,98.18,1st Grade
,,Carmel Elementary School,,Hamilton,94.25,Kindergarten
,,Otterbein Elementary School,,Benton,97.78,1st Grade
,,Yorktown High School,,Delaware,97.69,12th Grade
,,Loge Elementary School,,Warrick,92.98,1st Grade
,,Lillian Schmitt Elementary School,,Bartholomew,86.67,1st Grade
,,Indiana Connections Career Academy,,Marion,97.09,6th Grade
,,Northaven Elementary School,,Clark,89.11,Kindergarten
,,Tri-Township Elementary School,,La Porte,91.67,1st Grade
,,Anderson Preparatory Academy,,Madison,100.0,6th Grade
,,Otwell Miller Academy,,Pike,90.48,1st Grade
,,Joshua Academy,,Vanderburgh,100.0,6th Grade
,,Impact Academy 3,,Marion,33.33,7th Grade
,,Franke Park Elementary School,,Allen,89.04,1st Grade
,,Parkview Middle School,,Clark,96.62,6th Grade
,,North Vernon Elementary School,,Jennings,95.0,Kindergarten
,,Maple Grove Elementary School,,Johnson,92.45,Kindergarten
,,Carmel Elementary School,,Hamilton,96.46,1st Grade
,,Otterbein Elementary School,,Benton,97.44,6th Grade
,,Pleasant View Elementary School,,Delaware,95.0,Kindergarten
,,Oakdale Elementary School,,Warrick,97.01,Kindergarten
,,Lillian Schmitt Elementary School,,Bartholomew,94.05,6th Grade
,,Northaven Elementary School,,Clark,97.89,1st Grade
,,Anderson Preparatory Academy,,Madison,96.3,7th Grade
,,Kipp Indy College Prep Middle,,Marion,85.93,6th Grade
,,R Nelson Snider High School,,Allen,98.24,12th Grade
,,Csa Lincoln Campus,,Bartholomew,97.96,Kindergarten
,,Parkview Middle School,,Clark,96.64,7th Grade
,,North Vernon Elementary School,,Jennings,95.52,1st Grade
,,Maple Grove Elementary School,,Johnson,96.43,1st Grade
,,Clarksville Elementary School,,Clark,96.63,Kindergarten
,,North Elementary School,,Hamilton,95.08,Kindergarten
,,Carroll Junior High School,,Carroll,97.62,7th Grade
,,Pleasant View Elementary School,,Delaware,96.97,1st Grade
,,Oakdale Elementary School,,Warrick,96.88,1st Grade
,,Prairie Crossing Elementary School,,Benton,86.67,Kindergarten
,,West Lafayette Intermediate School,,Tippecanoe,96.97,6th Grade
,,Waterloo Elementary School,,De Kalb,84.85,Kindergarten
,,Anderson Preparatory Academy,,Madison,96.43,12th Grade
,,Kipp Indy College Prep Middle,,Marion,89.93,7th Grade
,,Paul Harding Jr High School,,Allen,96.97,7th Grade
,,Lincoln Junior High School,,Marshall,96.8,7th Grade
,,Csa Lincoln Campus,,Bartholomew,97.96,1st Grade
,,North Vernon Elementary School,,Jennings,96.81,6th Grade
,,Center Grove Middle School North,,Johnson,91.69,6th Grade
,,Clarksville Elementary School,,Clark,97.46,1st Grade
,,North Elementary School,,Hamilton,98.28,1st Grade
,,Waterford Elementary School,,Elkhart,84.93,1st Grade
,,Adams Central High School,,Adams,95.79,12th Grade
,,Prairie Crossing Elementary School,,Benton,96.1,1st Grade
,,East Central High School,,Dearborn,97.63,12th Grade
,,Brooks School Elementary,,Hamilton,77.78,Kindergarten
,,Waterloo Elementary School,,De Kalb,91.43,1st Grade
,,Saint Lawrence Elementary School,,Tippecanoe,92.31,Kindergarten
,,Southeastern Elementary School,,Hamilton,93.53,Kindergarten
,,Christ The King School,,Marion,97.67,Kindergarten
,,Oak Hill High School,,Grant,98.92,12th Grade
,,Csa Lincoln Campus,,Bartholomew,94.12,6th Grade
,,Center Grove Middle School Central,,Johnson,95.98,6th Grade
,,Center Grove Middle School North,,Johnson,97.53,7th Grade
,,Clinton Prairie Elementary School,,Clinton,83.56,Kindergarten
,,Stony Creek Elementary School,,Hamilton,95.65,Kindergarten
,,Delphi Community High School,,Carroll,98.18,12th Grade
,,Tippecanoe Valley Middle School,,Kosciusko,94.06,6th Grade
,,Saint Elizabeth Ann Seton Catholic Sch,,Allen,90.91,Kindergarten
,,Prairie Crossing Elementary School,,Benton,94.19,6th Grade
,,Mckenney-Harrison Elementary Sch,,De Kalb,85.33,Kindergarten
,,Brooks School Elementary,,Hamilton,97.22,1st Grade
,,Charlestown Senior High School,,Clark,93.94,12th Grade
,,Saint Lawrence Elementary School,,Tippecanoe,97.22,1st Grade
,,Southeastern Elementary School,,Hamilton,94.63,1st Grade
,,Christ The King School,,Marion,90.48,1st Grade
,,Bloomington High School North,,Monroe,95.35,12th Grade
,,Zionsville Pleasant View Elem Sch,,Boone,98.37,Kindergarten
,,Center Grove Middle School Central,,Johnson,97.35,7th Grade
,,Needham Elementary School,,Johnson,92.75,Kindergarten
,,Clinton Prairie Elementary School,,Clinton,91.67,1st Grade
,,Stony Creek Elementary School,,Hamilton,98.33,1st Grade
,,Jimtown High School,,Elkhart,97.75,12th Grade
,,Tippecanoe Valley Middle School,,Kosciusko,91.82,7th Grade
,,Saint Elizabeth Ann Seton Catholic Sch,,Allen,96.15,1st Grade
,,Mckenney-Harrison Elementary Sch,,De Kalb,90.59,1st Grade
,,Maple Glen Elementary,,Hamilton,97.09,Kindergarten
,,Charlestown Elementary School,,Clark,91.01,Kindergarten
,,Saint Lawrence Elementary School,,Tippecanoe,96.0,6th Grade
,,Sheridan High School,,Hamilton,96.92,12th Grade
,,Christ The King School,,Marion,95.35,6th Grade
,,Lora L Batchelor Middle School,,Monroe,97.38,7th Grade
,,Zionsville Pleasant View Elem Sch,,Boone,97.32,1st Grade
,,Indian Creek Sr High School,,Johnson,98.35,12th Grade
,,Needham Elementary School,,Johnson,98.33,1st Grade
,,Clinton Prairie Elementary School,,Clinton,97.62,6th Grade
,,Clarks Creek Elementary,,Hendricks,87.06,Kindergarten
,,North Wood Middle School,,Elkhart,97.79,6th Grade
,,Jefferson Elementary School,,Kosciusko,87.04,Kindergarten
,,Saint Elizabeth Ann Seton Catholic Sch,,Allen,100.0,6th Grade
,,St John Paul Ii Catholic School,,Clark,94.29,1st Grade
,,Selma Elementary School,,Delaware,88.89,Kindergarten
,,Maple Glen Elementary,,Hamilton,96.52,1st Grade
,,Charlestown Elementary School,,Clark,95.51,1st Grade
,,Youth Opportunity Center,,Delaware,100.0,7th Grade
,,North Knox Jr-Sr High School,,Knox,95.65,7th Grade
,,Christ The King School,,Marion,100.0,7th Grade
,,South Terrace Elementary,,Posey,97.78,Kindergarten
,,Virtual Preparatory Academy Of Indiana At Madison-Grant 9-12,,Grant,92.86,12th Grade
,,Prairie Heights Elementary School,,Lagrange,90.54,Kindergarten
,,The Oaks Academy - Brookside,,Marion,77.86,Kindergarten
,,Clarks Creek Elementary,,Hendricks,89.02,1st Grade
,,North Wood Middle School,,Elkhart,96.07,7th Grade
,,Jefferson Elementary School,,Kosciusko,85.92,1st Grade
,,Saint Elizabeth Ann Seton Catholic Sch,,Allen,94.23,7th Grade
,,St John Paul Ii Catholic School,,Clark,100.0,6th Grade
,,Selma Elementary School,,Delaware,94.81,1st Grade
,,Mohawk Trails Elementary School,,Hamilton,100.0,Kindergarten
,,North Knox Jr-Sr High School,,Knox,96.59,12th Grade
,,Saint Paul Parish School,,Grant,100.0,6th Grade
,,South Terrace Elementary,,Posey,97.78,1st Grade
,,Corydon Central High School,,Harrison,98.82,12th Grade
,,Prairie Heights Elementary School,,Lagrange,91.95,1st Grade
,,Eisenhower Elementary School,,Kosciusko,88.14,Kindergarten
,,The Oaks Academy - Brookside,,Marion,83.49,1st Grade
,,Wallace Elementary School,,Howard,100.0,Kindergarten
,,S Ellen Jones Elementary School,,Floyd,95.45,Kindergarten
,,Jefferson Elementary School,,Kosciusko,88.06,6th Grade
,,South Side High School,,Allen,98.14,12th Grade
,,St John Paul Ii Catholic School,,Clark,100.0,7th Grade
,,Yorktown Middle School,,Delaware,92.93,6th Grade
,,Mohawk Trails Elementary School,,Hamilton,98.44,1st Grade
,,Timothy L. Johnson Academy Middle,,Allen,100.0,7th Grade
,,Valley Mills Elementary School,,Marion,95.08,Kindergarten
,,Virgil I Bailey Elementary School,,Lake,73.33,Kindergarten
,,Orchard View School,,Elkhart,75.93,Kindergarten
,,South Terrace Elementary,,Posey,96.0,6th Grade
,,New Castle Middle School,,Henry,98.45,6th Grade
,,Meadowview Elementary School,,Lagrange,52.0,Kindergarten
,,Eisenhower Elementary School,,Kosciusko,97.06,1st Grade
,,Islamic Academy Of Indianapolis,,Marion,42.86,1st Grade
,,Wallace Elementary School,,Howard,91.3,1st Grade
,,S Ellen Jones Elementary School,,Floyd,95.0,1st Grade
,,Joseph Hess Elementary School,,Lake,97.3,Kindergarten
,,Central Middle School,,Bartholomew,93.94,7th Grade
,,Woodview Elementary School,,Elkhart,83.64,Kindergarten
,,Yorktown Middle School,,Delaware,95.54,7th Grade
,,Avon Middle School North,,Hendricks,98.08,6th Grade
,,Waldo J Wood Memorial High,,Gibson,96.0,12th Grade
,,Valley Mills Elementary School,,Marion,92.68,1st Grade
,,Virgil I Bailey Elementary School,,Lake,93.94,1st Grade
,,Orchard View School,,Elkhart,79.49,1st Grade
,,Cloverdale High School,,Putnam,100.0,12th Grade
,,New Castle Middle School,,Henry,96.08,7th Grade
,,Meadowview Elementary School,,Lagrange,57.14,1st Grade
,,Eisenhower Elementary School,,Kosciusko,98.33,6th Grade
,,Islamic Academy Of Indianapolis,,Marion,75.0,6th Grade
,,Custer Baker Intermediate School,,Johnson,95.4,6th Grade
,,Parkwood Elementary School,,Clark,94.94,Kindergarten
,,Joseph Hess Elementary School,,Lake,92.21,1st Grade
,,Central Catholic School,,Marion,100.0,Kindergarten
,,Woodview Elementary School,,Elkhart,96.43,1st Grade
,,Jefferson Elementary School,,Elkhart,78.02,Kindergarten
,,Avon Middle School North,,Hendricks,91.84,7th Grade
,,Eastbrook High School,,Grant,95.61,12th Grade
,,Valley Mills Elementary School,,Marion,97.62,6th Grade
,,Bedford Middle School,,Lawrence,99.07,7th Grade
,,North Wood High School,,Elkhart,90.52,12th Grade
,,Indiana Digital Elementary,,Randolph,85.65,6th Grade
,,Scipio Elementary School,,Jennings,93.02,Kindergarten
,,Meadowview Elementary School,,Lagrange,100.0,6th Grade
,,Pierceton Elementary School,,Kosciusko,16.67,Kindergarten
,,Islamic Academy Of Indianapolis,,Marion,60.0,7th Grade
,,Benjamin Franklin Elementary Sch,,Lake,88.57,Kindergarten
,,Parkwood Elementary School,,Clark,96.43,1st Grade
,,Joseph Hess Elementary School,,Lake,97.26,6th Grade
,,Central Catholic School,,Marion,100.0,1st Grade
,,Mississinewa High School,,Grant,94.89,12th Grade
,,Jefferson Elementary School,,Elkhart,82.61,1st Grade
,,Blue River Valley Elementary Sch,,Henry,89.66,Kindergarten
,,Bloomfield Middle School,,Greene,94.64,6th Grade
,,Northridge Middle School,,Elkhart,92.48,6th Grade
,,Anderson High School,,Madison,97.78,12th Grade
,,West Side Middle School,,Elkhart,96.35,6th Grade
,,Fred J Hums Elementary School,,St. Joseph,100.0,Kindergarten
,,Royerton Elementary School,,Delaware,94.85,Kindergarten
,,Scipio Elementary School,,Jennings,100.0,1st Grade
,,Allen J Warren Elementary School,,Lake,89.58,Kindergarten
,,Pierceton Elementary School,,Kosciusko,96.43,1st Grade
,,Evansville Christian Sch Newburgh,,Warrick,90.79,Kindergarten
,,Benjamin Franklin Elementary Sch,,Lake,90.91,1st Grade
,,Gary Middle College,,Lake,100.0,12th Grade
,,Central Catholic School,,Marion,96.15,6th Grade
,,Southeast Fountain Elementary,,Fountain,92.86,Kindergarten
,,Attica Elementary School,,Fountain,81.4,Kindergarten
,,Blue River Valley Elementary Sch,,Henry,93.88,1st Grade
,,Bloomfield Middle School,,Greene,98.7,7th Grade
,,Northridge Middle School,,Elkhart,92.06,7th Grade
,,Highland Middle School,,Madison,98.42,7th Grade
,,West Side Middle School,,Elkhart,98.73,7th Grade
,,Fred J Hums Elementary School,,St. Joseph,96.88,1st Grade
,,Royerton Elementary School,,Delaware,96.67,1st Grade
,,Scipio Elementary School,,Jennings,94.23,6th Grade
,,Allen J Warren Elementary School,,Lake,90.0,1st Grade
,,Evansville Christian Sch Newburgh,,Warrick,96.55,1st Grade
,,Benjamin Franklin Elementary Sch,,Lake,95.45,6th Grade
,,The Nature School Of Central Indiana,,Marion,85.19,Kindergarten
,,Clinton Young Elementary School,,Marion,100.0,1st Grade
,,Central Catholic School,,Marion,100.0,7th Grade
,,Southeast Fountain Elementary,,Fountain,95.83,1st Grade
,,Attica Elementary School,,Fountain,87.8,1st Grade
,,Blue River Valley Elementary Sch,,Henry,97.87,6th Grade
,,Hamilton Heights Elementary School,,Hamilton,88.8,Kindergarten
,,Indian Springs Middle School,,Whitley,93.38,6th Grade
,,Acton Elementary School,,Marion,95.24,Kindergarten
,,Elkhart High School,,Elkhart,96.69,12th Grade
,,Fred J Hums Elementary School,,St. Joseph,97.44,6th Grade
,,Cowan Elementary School,,Delaware,93.1,Kindergarten
,,Brush Creek Elementary School,,Jennings,91.89,Kindergarten
,,Rolling Prairie Elementary School,,La Porte,87.72,Kindergarten
,,Lincoln Elementary School,,Lake,95.74,Kindergarten
,,Evansville Christian Sch Newburgh,,Warrick,91.84,6th Grade
,,Needmore Elementary School,,Lawrence,100.0,1st Grade
,,The Nature School Of Central Indiana,,Marion,95.65,1st Grade
,,Trinity Lutheran High School,,Jackson,86.67,12th Grade
,,Fountain Central High School,,Fountain,98.51,6th Grade
,,Greenfield-Central High School,,Hancock,97.86,12th Grade
,,Henry P Fieler Elementary School,,Lake,90.74,Kindergarten
,,Hamilton Heights Elementary School,,Hamilton,95.16,1st Grade
,,Indian Springs Middle School,,Whitley,97.15,7th Grade
,,Acton Elementary School,,Marion,98.78,1st Grade
,,Elkhart Alternative Education,,Elkhart,84.62,1st Grade
,,Especially Kidz Health & Rehab Cnt,,Shelby,100.0,7th Grade
,,Cowan Elementary School,,Delaware,98.31,1st Grade
,,Brush Creek Elementary School,,Jennings,87.23,1st Grade
,,Rolling Prairie Elementary School,,La Porte,93.22,1st Grade
,,Lincoln Elementary School,,Lake,91.96,1st Grade
,,Needmore Elementary School,,Lawrence,100.0,6th Grade
,,The Nature School Of Central Indiana,,Marion,85.71,6th Grade
,,Abraham Lincoln Elementary School,,Marion,100.0,1st Grade
,,Harney Elementary School,,Boone,97.37,Kindergarten
,,Fountain Central High School,,Fountain,93.42,7th Grade
,,Weston Elementary School,,Hancock,96.3,Kindergarten
,,Henry P Fieler Elementary School,,Lake,91.25,1st Grade
,,Cherry Tree Elementary School,,Hamilton,92.41,Kindergarten
,,James Whitcomb Riley Elem School,,Henry,76.32,Kindergarten
,,Rosa Parks Kindergarten,,Marion,100.0,Kindergarten
,,Elkhart Alternative Education,,Elkhart,81.82,6th Grade
,,Especially Kidz Health & Rehab Cnt,,Shelby,100.0,12th Grade
,,Cowan Elementary School,,Delaware,92.31,6th Grade
,,Brush Creek Elementary School,,Jennings,97.56,6th Grade
,,Barker Middle School,,La Porte,100.0,6th Grade
,,Jerry Ross Elementary School,,Lake,88.57,Kindergarten
,,Evansville Christian Sch Newburgh,,Warrick,87.5,12th Grade
,,Lapel Elementary School,,Madison,96.84,Kindergarten
,,The Nature School Of Central Indiana,,Marion,93.75,7th Grade
,,Warren Central High School,,Marion,95.91,12th Grade
,,Harney Elementary School,,Boone,97.01,1st Grade
,,Fountain Central High School,,Fountain,91.8,12th Grade
,,Weston Elementary School,,Hancock,97.33,1st Grade
,,Douglas Macarthur Elem School,,Lake,91.8,Kindergarten
,,Cherry Tree Elementary School,,Hamilton,98.33,1st Grade
,,James Whitcomb Riley Elem School,,Henry,94.87,1st Grade
,,North Central High School,,Marion,96.12,12th Grade
,,Elkhart Alternative Education,,Elkhart,100.0,7th Grade
,,Sullivan Middle School,,Sullivan,100.0,6th Grade
,,Cowan High School,,Delaware,91.78,7th Grade
,,Break-O-Day Elementary School,,Johnson,61.11,Kindergarten
,,Barker Middle School,,La Porte,92.86,7th Grade
,,Jerry Ross Elementary School,,Lake,98.63,1st Grade
,,Monger Elementary School,,Elkhart,91.38,Kindergarten
,,Lapel Elementary School,,Madison,91.36,1st Grade
,,Shakamak Elementary School,,Greene,87.76,Kindergarten
,,Greenbriar Elementary School,,Marion,84.04,Kindergarten
,,Northeast Dubois Jr/Sr High School,,Dubois,92.59,12th Grade
,,Andrew J Brown Academy,,Marion,55.0,Kindergarten
,,Mount Carmel School,,Franklin,96.97,Kindergarten
,,Douglas Macarthur Elem School,,Lake,96.2,1st Grade
,,Forest Dale Elementary School,,Hamilton,100.0,Kindergarten
,,Edinburgh Community High School,,Johnson,96.72,12th Grade
,,"William Mckinley School 39, An Exploratory School",,Marion,94.74,Kindergarten
,,Elkhart Alternative Education,,Elkhart,94.59,12th Grade
,,Sullivan Middle School,,Sullivan,99.07,7th Grade
,,Cowan High School,,Delaware,97.83,12th Grade
,,Break-O-Day Elementary School,,Johnson,97.3,1st Grade
,,Laporte Middle School,,La Porte,94.59,7th Grade
,,Benjamin Harrison Elementary Sch,,Lake,84.78,1st Grade
,,Monger Elementary School,,Elkhart,100.0,1st Grade
,,Pendleton Heights High School,,Madison,97.85,12th Grade
,,Shakamak Elementary School,,Greene,94.0,1st Grade
,,Greenbriar Elementary School,,Marion,85.42,1st Grade
,,Garrett Middle Sch,,De Kalb,96.15,6th Grade
,,Andrew J Brown Academy,,Marion,71.79,1st Grade
,,Mount Carmel School,,Franklin,85.71,1st Grade
,,Forest Dale Elementary School,,Hamilton,95.51,1st Grade
,,Union Elementary School,,Johnson,95.24,Kindergarten
,,"William Mckinley School 39, An Exploratory School",,Marion,94.03,1st Grade
,,Christel House Academy South,,Marion,90.38,Kindergarten
,,William Henry Harrison High School,,Vanderburgh,97.46,12th Grade
,,Rock Creek Community Academy,,Clark,66.67,Kindergarten
,,Prairie Heights Sr High School,,Lagrange,97.4,12th Grade
,,Dollens Elementary,,Lawrence,90.48,1st Grade
,,Benjamin Harrison Elementary Sch,,Lake,97.78,6th Grade
,,Alexandria Monroe Elementary School,,Madison,94.94,Kindergarten
,,Shakamak Elementary School,,Greene,97.56,6th Grade
,,"Eleanor Skillen School 34, A Montessori School",,Marion,100.0,Kindergarten
,,Garrett Middle Sch,,De Kalb,95.9,7th Grade
,,Andrew J Brown Academy,,Marion,79.66,6th Grade
,,Mount Carmel School,,Franklin,100.0,6th Grade
,,Franklin Central Junior High,,Marion,98.03,7th Grade
,,Central Elementary School,,Hendricks,92.75,Kindergarten
,,Union Elementary School,,Johnson,85.71,1st Grade
,,Christel House Academy South,,Marion,88.89,1st Grade
,,Tennyson Elementary School,,Warrick,100.0,Kindergarten
,,Rock Creek Community Academy,,Clark,73.33,1st Grade
,,Eagle Park Community School,,Lake,75.0,Kindergarten
,,Dollens Elementary,,Lawrence,100.0,6th Grade
,,Mary Evelyn Castle Elementary Sch,,Marion,95.24,1st Grade
,,R J Baskett Middle School,,Grant,94.42,6th Grade
,,Alexandria Monroe Elementary School,,Madison,96.77,1st Grade
,,Hamilton Heights Middle School,,Hamilton,93.33,6th Grade
,,"Eleanor Skillen School 34, A Montessori School",,Marion,88.46,1st Grade
,,Goshen High School,,Elkhart,90.19,12th Grade
,,Andrew J Brown Academy,,Marion,72.0,7th Grade
,,Community Montessori,,Floyd,85.0,Kindergarten
,,Sunny Heights Elementary School,,Marion,89.41,Kindergarten
,,Central Elementary School,,Hendricks,91.67,1st Grade
,,Whitko Jr/Sr High School,,Whitley,100.0,7th Grade
,,"Eliza Baker School 55, A Butler Lab Reggio Emilia School",,Marion,86.96,Kindergarten
,,Christel House Academy South,,Marion,98.53,6th Grade
,,Tennyson Elementary School,,Warrick,100.0,1st Grade
,,Rock Creek Community Academy,,Clark,88.89,6th Grade
,,Eagle Park Community School,,Lake,100.0,1st Grade
,,Mary Evelyn Castle Elementary Sch,,Marion,96.55,6th Grade
,,R J Baskett Middle School,,Grant,96.25,7th Grade
,,Alexandria Monroe Elementary School,,Madison,96.19,6th Grade
,,Hamilton Heights Middle School,,Hamilton,93.89,7th Grade
,,Templeton Elementary School,,Monroe,83.87,Kindergarten
,,Utica Elementary School,,Clark,93.88,Kindergarten
,,Tabernacle Christian School,,Morgan,100.0,Kindergarten
,,Community Montessori,,Floyd,88.57,1st Grade
,,Sunny Heights Elementary School,,Marion,92.17,1st Grade
,,Rensselaer Central Middle School,,Jasper,100.0,6th Grade
,,Whitko Jr/Sr High School,,Whitley,95.18,12th Grade
,,"Eliza Baker School 55, A Butler Lab Reggio Emilia School",,Marion,88.14,1st Grade
,,Christel House Academy South,,Marion,98.63,7th Grade
,,Castle South Middle School,,Warrick,94.91,6th Grade
,,Rock Creek Community Academy,,Clark,93.33,7th Grade
,,Eagle Park Community School,,Lake,100.0,6th Grade
,,Fall Creek Valley Middle School,,Marion,87.83,7th Grade
,,Winding Ridge Elementary School,,Marion,86.96,1st Grade
,,Raymond Park Intermediate & Middle,,Marion,97.58,6th Grade
,,River Birch Elementary School,,Hendricks,82.69,Kindergarten
,,Templeton Elementary School,,Monroe,83.33,1st Grade
,,Utica Elementary School,,Clark,98.85,1st Grade
,,Tabernacle Christian School,,Morgan,75.0,1st Grade
,,Community Montessori,,Floyd,85.71,6th Grade
,,Northview Middle School,,Marion,94.12,6th Grade
,,South Knox Middle-High School,,Knox,100.0,7th Grade
,,Timothy Ball Elementary School,,Lake,92.68,Kindergarten
,,Carl G Fisher Elementary School 1,,Marion,90.48,Kindergarten
,,Greensburg Community Jr High,,Decatur,100.0,6th Grade
,,Castle South Middle School,,Warrick,96.23,7th Grade
,,Rock Creek Community Academy,,Clark,78.79,12th Grade
,,Eagle Park Community School,,Lake,100.0,7th Grade
,,New Augusta Public Academy - North,,Marion,93.33,6th Grade
,,Winding Ridge Elementary School,,Marion,92.47,6th Grade
,,Smith Academy For Excellence,,Allen,100.0,6th Grade
,,Raymond Park Intermediate & Middle,,Marion,98.55,7th Grade
,,River Birch Elementary School,,Hendricks,92.11,1st Grade
,,Templeton Elementary School,,Monroe,88.24,6th Grade
,,New Washington Elementary School,,Clark,92.68,Kindergarten
,,Tabernacle Christian School,,Morgan,81.82,6th Grade
,,Community Montessori,,Floyd,81.08,7th Grade
,,Northview Middle School,,Marion,93.84,7th Grade
,,South Knox Middle-High School,,Knox,100.0,12th Grade
,,Timothy Ball Elementary School,,Lake,94.37,1st Grade
,,Carl G Fisher Elementary School 1,,Marion,78.57,1st Grade
,,Greensburg Community Jr High,,Decatur,98.13,7th Grade
,,Hagerstown Jr-Sr High School,,Wayne,96.25,7th Grade
,,New Paris Elementary School,,Elkhart,100.0,Kindergarten
,,Eagle Park Community School,,Lake,100.0,12th Grade
,,New Augusta Public Academy - North,,Marion,97.01,7th Grade
,,Jeremiah Gray Kindergarten,,Marion,100.0,Kindergarten
,,Smith Academy For Excellence,,Allen,85.71,7th Grade
,,"Northwest Middle School, An Ib World School",,Marion,96.34,6th Grade
,,Bon Air Elementary School,,Howard,89.47,Kindergarten
,,Monrovia High School,,Morgan,96.72,12th Grade
,,New Washington Elementary School,,Clark,90.62,1st Grade
,,Tabernacle Christian School,,Morgan,93.33,7th Grade
,,Community Montessori,,Floyd,89.29,12th Grade
,,"William Penn Middle School, A Stem School",,Marion,97.6,6th Grade
,,Lakeland Primary School,,Lagrange,87.64,Kindergarten
,,Abraham Lincoln Elementary School,,Lake,97.62,1st Grade
,,Carl G Fisher Elementary School 1,,Marion,100.0,6th Grade
,,Western High School,,Howard,100.0,12th Grade
,,Hagerstown Jr-Sr High School,,Wayne,96.39,12th Grade
,,New Paris Elementary School,,Elkhart,85.19,1st Grade
,,Lake Ridge New Tech Middle School,,Lake,93.88,6th Grade
,,Fox Hill Elementary School,,Marion,97.75,Kindergarten
,,Smith Academy For Excellence,,Allen,83.33,12th Grade
,,"Northwest Middle School, An Ib World School",,Marion,92.59,7th Grade
,,Bon Air Elementary School,,Howard,85.92,1st Grade
,,Eminence Jr-Sr High School,,Morgan,68.75,6th Grade
,,Jasper Middle School,,Dubois,96.84,6th Grade
,,Tabernacle Christian School,,Morgan,95.0,12th Grade
,,Paramount School Of Excellence South Bend,,St. Joseph,68.75,Kindergarten
,,"William Penn Middle School, A Stem School",,Marion,95.77,7th Grade
,,Lakeland Primary School,,Lagrange,86.49,1st Grade
,,Abraham Lincoln Elementary School,,Lake,94.83,6th Grade
,,Roachdale Elementary School,,Putnam,92.0,Kindergarten
,,Phalen Virtual Leadership Academy,,Marion,84.62,6th Grade
,,Southern Wells Jr-Sr High School,,Wells,100.0,7th Grade
,,New Paris Elementary School,,Elkhart,89.39,6th Grade
,,Lake Ridge New Tech Middle School,,Lake,95.56,7th Grade
,,Fox Hill Elementary School,,Marion,94.05,1st Grade
,,Neil Armstrong Elementary School,,Morgan,97.01,Kindergarten
,,Kingdom Academy Of Bluffton Inc,,Wells,100.0,1st Grade
,,"James Russell Lowell School 51, A Montessori School",,Marion,92.31,Kindergarten
,,Seymour Intermediate School,,Jackson,99.01,6th Grade
,,Eminence Jr-Sr High School,,Morgan,94.74,7th Grade
,,Jasper Middle School,,Dubois,97.63,7th Grade
,,South Central Jr & Sr High School,,Harrison,97.44,7th Grade
,,Paramount School Of Excellence South Bend,,St. Joseph,85.48,1st Grade
,,"George Washington Carver School 87, A Montessori School",,Marion,85.71,Kindergarten
,,Early Learning Center,,Marion,92.46,Kindergarten
,,George Washington Elementary Sch,,Lake,90.91,1st Grade
,,Roachdale Elementary School,,Putnam,85.71,1st Grade
,,Phalen Virtual Leadership Academy,,Marion,91.67,7th Grade
,,Southern Wells Jr-Sr High School,,Wells,92.19,12th Grade
,,Banneker Elementary At Marquette,,Lake,82.14,Kindergarten
,,Colonel John Wheeler Middle School,,Lake,98.21,6th Grade
,,William Tell Elementary School,,Perry,90.72,Kindergarten
,,Neil Armstrong Elementary School,,Morgan,97.59,1st Grade
,,Kingdom Academy Of Bluffton Inc,,Wells,100.0,6th Grade
,,"James Russell Lowell School 51, A Montessori School",,Marion,91.84,1st Grade
,,Rensselaer Central Primary School,,Jasper,78.95,Kindergarten
,,Eminence Jr-Sr High School,,Morgan,76.47,12th Grade
,,South Central Jr & Sr High School,,Harrison,97.3,12th Grade
,,Paramount School Of Excellence South Bend,,St. Joseph,66.07,6th Grade
,,"George Washington Carver School 87, A Montessori School",,Marion,92.31,1st Grade
,,Walnut Elementary School,,Montgomery,87.5,Kindergarten
,,George Washington Elementary Sch,,Lake,97.53,6th Grade
,,Carlisle Elementary School,,Sullivan,83.33,Kindergarten
,,Phalen Virtual Leadership Academy,,Marion,100.0,12th Grade
,,Banneker Elementary At Marquette,,Lake,92.86,1st Grade
,,Colonel John Wheeler Middle School,,Lake,98.96,7th Grade
,,William Tell Elementary School,,Perry,93.88,1st Grade
,,Neil Armstrong Elementary School,,Morgan,97.44,6th Grade
,,Kingdom Academy Of Bluffton Inc,,Wells,100.0,7th Grade
,,"Rousseau Mcclellan School 91, A Montessori School",,Marion,86.57,Kindergarten
,,Rensselaer Central Primary School,,Jasper,93.81,1st Grade
,,Paragon Elementary School,,Morgan,92.86,Kindergarten
,,James And Rosemary Phalen Leadership Academy High School,,Marion,84.55,12th Grade
,,Ray Crowe Elementary,,Johnson,69.57,Kindergarten
,,Paramount School Of Excellence South Bend,,St. Joseph,76.47,7th Grade
,,"Arlington Middle School, A Stem School",,Marion,90.29,6th Grade
,,Walnut Elementary School,,Montgomery,100.0,1st Grade
,,Joan Martin Elementary School,,Lake,91.01,1st Grade
,,Carlisle Elementary School,,Sullivan,92.31,1st Grade
,,Signature School Inc,,Vanderburgh,100.0,12th Grade
,,Kipp Indy Unite Elementary,,Marion,68.32,Kindergarten
,,Joseph Block Middle School,,Lake,100.0,7th Grade
,,William Tell Elementary School,,Perry,99.06,6th Grade
,,Petersburg Elementary School,,Pike,95.89,Kindergarten
,,Kingdom Academy Of Bluffton Inc,,Wells,100.0,12th Grade
,,"Rousseau Mcclellan School 91, A Montessori School",,Marion,89.47,1st Grade
,,Lincoln High School,,Knox,98.04,12th Grade
,,Paragon Elementary School,,Morgan,96.77,1st Grade
,,Mti School Of Knowledge,,Marion,100.0,Kindergarten
,,Ray Crowe Elementary,,Johnson,86.96,1st Grade
,,Prairie View Elementary School,,La Porte,90.91,Kindergarten
,,"Arlington Middle School, A Stem School",,Marion,94.06,7th Grade
,,Central Noble Junior Senior Hs,,Noble,89.77,6th Grade
,,Lafayette Sunnyside Intermediate,,Tippecanoe,98.27,6th Grade
,,Kipp Indy Unite Elementary,,Marion,77.33,1st Grade
,,Laporte High School,,La Porte,88.0,12th Grade
,,Jac-Cen-Del Elementary School,,Ripley,87.5,Kindergarten
,,Petersburg Elementary School,,Pike,98.81,1st Grade
,,Eastbrook North Elementary,,Grant,97.22,1st Grade
,,Northwest Indiana Online School,,Porter,75.0,Kindergarten
,,James Whitcomb Riley Elem Sch,,Knox,100.0,Kindergarten
,,Central Noble Primary School,,Noble,78.95,Kindergarten
,,Paramount School Of Excellence Lafayette,,Tippecanoe,95.65,Kindergarten
,,Westview Elementary School,,Lagrange,78.98,6th Grade
,,Prairie View Elementary School,,La Porte,89.36,1st Grade
,,Perry Central Jr-Sr High School,,Perry,96.1,7th Grade
,,Central Noble Junior Senior Hs,,Noble,84.81,7th Grade
,,Sanders School,,Marion,100.0,6th Grade
,,Wea Ridge Middle School,,Tippecanoe,97.75,6th Grade
,,Frances Slocum Elem School,,Grant,79.01,Kindergarten
,,Global Preparatory Academy,,Marion,50.0,Kindergarten
,,Snacks Crossing Elementary School,,Marion,94.29,Kindergarten
,,Jac-Cen-Del Elementary School,,Ripley,91.3,1st Grade
,,George L Myers Elementary School,,Porter,76.74,Kindergarten
,,Bloomfield High School,,Greene,93.94,12th Grade
,,Northwest Indiana Online School,,Porter,100.0,1st Grade
,,James Whitcomb Riley Elem Sch,,Knox,95.65,1st Grade
,,Central Noble Primary School,,Noble,86.21,1st Grade
,,Paramount School Of Excellence Lafayette,,Tippecanoe,90.0,1st Grade
,,Lowell Senior High School,,Lake,95.02,12th Grade
,,Eastridge Elementary School,,Marion,91.11,Kindergarten
,,Perry Central Jr-Sr High School,,Perry,96.59,12th Grade
,,Central Noble Junior Senior Hs,,Noble,87.21,12th Grade
,,Sanders School,,Marion,100.0,7th Grade
,,Wea Ridge Middle School,,Tippecanoe,99.5,7th Grade
,,Frances Slocum Elem School,,Grant,89.29,1st Grade
,,Global Preparatory Academy,,Marion,80.72,1st Grade
,,Snacks Crossing Elementary School,,Marion,95.45,1st Grade
,,Jac-Cen-Del Elementary School,,Ripley,90.38,6th Grade
,,George L Myers Elementary School,,Porter,90.62,1st Grade
,,Taylor Elementary School,,Howard,96.3,Kindergarten
,,Northwest Indiana Online School,,Porter,100.0,6th Grade
,,Hammond Central High School,,Lake,91.23,12th Grade
,,New Prairie Middle School,,La Porte,87.61,6th Grade
,,Paramount School Of Excellence Lafayette,,Tippecanoe,67.74,6th Grade
,,Lake Street Elementary School,,Lake,95.74,Kindergarten
,,Eastridge Elementary School,,Marion,87.74,1st Grade
,,Beiger Elementary School,,St. Joseph,100.0,Kindergarten
,,Owen Valley Community High School,,Owen,100.0,12th Grade
,,Sanders School,,Marion,100.0,12th Grade
,,Hoosier Prairie Elementary School,,Vigo,100.0,Kindergarten
,,Mccordsville Elementary School,,Hancock,90.57,Kindergarten
,,Global Preparatory Academy,,Marion,85.71,6th Grade
,,Colonial Christian School,,Marion,87.5,Kindergarten
,,Triton Central High School,,Shelby,94.31,12th Grade
,,Eastern Pulaski Elementary School,,Pulaski,85.19,Kindergarten
,,Northwest Indiana Online School,,Porter,100.0,7th Grade
,,Washington Irving Elementary Sch,,Lake,89.36,Kindergarten
,,New Prairie Middle School,,La Porte,94.67,7th Grade
,,Paramount School Of Excellence Lafayette,,Tippecanoe,95.45,7th Grade
,,Lake Street Elementary School,,Lake,90.91,1st Grade
,,Culver Elementary School,,Marshall,70.37,Kindergarten
,,Beiger Elementary School,,St. Joseph,100.0,1st Grade
,,West Central Elementary School,,Pulaski,85.71,Kindergarten
,,Ethel R Jones Elementary School,,Porter,94.87,Kindergarten
,,Hoosier Prairie Elementary School,,Vigo,100.0,1st Grade
,,Mccordsville Elementary School,,Hancock,94.62,1st Grade
,,Global Preparatory Academy,,Marion,81.94,7th Grade
,,Colonial Christian School,,Marion,100.0,1st Grade
,,David Turnham Education Center,,Spencer,82.76,Kindergarten
,,Eastern Pulaski Elementary School,,Pulaski,92.65,1st Grade
,,Howard Elementary School,,Howard,86.84,Kindergarten
,,Northwest Indiana Online School,,Porter,83.33,12th Grade
,,Washington Irving Elementary Sch,,Lake,83.65,1st Grade
,,Olive Township Elementary School,,St. Joseph,91.84,Kindergarten
,,Fishers Junior High School,,Hamilton,95.43,7th Grade
,,Eastside Elementary School,,Madison,92.11,Kindergarten
,,Culver Elementary School,,Marshall,84.09,1st Grade
,,Beiger Elementary School,,St. Joseph,94.83,6th Grade
,,West Central Elementary School,,Pulaski,89.74,1st Grade
,,Ethel R Jones Elementary School,,Porter,96.97,1st Grade
,,Eastern Hancock Elementary School,,Hancock,97.14,Kindergarten
,,Justice Thurgood Marshall Intrmd,,Grant,93.97,6th Grade
,,Colonial Christian School,,Marion,84.0,6th Grade
,,David Turnham Education Center,,Spencer,96.55,1st Grade
,,Horizon Elem Sch,,St. Joseph,96.05,Kindergarten
,,Howard Elementary School,,Howard,75.0,1st Grade
,,Mount Vernon High School,,Posey,97.3,12th Grade
,,Washington Irving Elementary Sch,,Lake,94.9,6th Grade
,,Olive Township Elementary School,,St. Joseph,95.95,1st Grade
,,Towne Meadow Elementary School,,Hamilton,93.75,Kindergarten
,,Eastside Elementary School,,Madison,93.18,1st Grade
,,Argos Community Elementary,,Marshall,91.11,Kindergarten
,,West Central Elementary School,,Pulaski,93.1,6th Grade
,,Cooks Corners Elementary School,,Porter,86.89,Kindergarten
,,Eastern Hancock Elementary School,,Hancock,93.41,1st Grade
,,Margaret R Brown Elementary School,,Jackson,100.0,Kindergarten
,,Colonial Christian School,,Marion,82.14,7th Grade
,,David Turnham Education Center,,Spencer,100.0,6th Grade
,,Horizon Elem Sch,,St. Joseph,94.79,1st Grade
,,Medora Stem Academy,,Jackson,87.5,Kindergarten
,,Darden Elementary,,St. Joseph,94.74,Kindergarten
,,Frankton Elementary School,,Madison,80.0,Kindergarten
,,Moran Elementary School,,St. Joseph,92.16,Kindergarten
,,Towne Meadow Elementary School,,Hamilton,98.75,1st Grade
,,Lillie Idella Kitley Intermediate,,Marion,97.75,6th Grade
,,Argos Community Elementary,,Marshall,80.43,1st Grade
,,Coquillard Elementary,,St. Joseph,85.71,Kindergarten
,,Cooks Corners Elementary School,,Porter,92.59,1st Grade
,,Westwood Elementary School,,Henry,86.11,Kindergarten
,,Margaret R Brown Elementary School,,Jackson,98.99,1st Grade
,,Colonial Christian School,,Marion,58.33,12th Grade
,,Blanche E Fuqua Elementary School,,Vigo,98.21,Kindergarten
,,Lasalle Academy,,St. Joseph,97.56,6th Grade
,,Medora Stem Academy,,Jackson,100.0,1st Grade
,,Darden Elementary,,St. Joseph,94.12,1st Grade
,,Frankton Elementary School,,Madison,95.7,1st Grade
,,Moran Elementary School,,St. Joseph,92.16,1st Grade
,,Willow Elementary School,,Hendricks,84.62,Kindergarten
,,Sunnyside Elementary School,,Marion,98.77,Kindergarten
,,Pipe Creek Elementary School,,Miami,96.99,Kindergarten
,,Coquillard Elementary,,St. Joseph,96.43,1st Grade
,,Bittersweet Elementary School,,St. Joseph,100.0,Kindergarten
,,Westwood Elementary School,,Henry,87.18,1st Grade
,,Sugar Grove Elementary School,,Johnson,98.18,Kindergarten
,,Valparaiso High School,,Porter,92.5,12th Grade
,,Blanche E Fuqua Elementary School,,Vigo,100.0,1st Grade
,,Lasalle Academy,,St. Joseph,99.32,7th Grade
,,Jennings County Middle School,,Jennings,97.33,7th Grade
,,Oregon-Davis Elementary School,,Starke,80.0,Kindergarten
,,Frankton Elementary School,,Madison,96.12,6th Grade
,,Jackson Middle School,,St. Joseph,96.67,6th Grade
,,Willow Elementary School,,Hendricks,100.0,1st Grade
,,Sunnyside Elementary School,,Marion,96.47,1st Grade
,,Pipe Creek Elementary School,,Miami,92.81,1st Grade
,,Miami Elementary School,,Tippecanoe,94.44,Kindergarten
,,Bittersweet Elementary School,,St. Joseph,97.44,1st Grade
,,Wilbur Wright Elementary School,,Henry,80.0,Kindergarten
,,Sugar Grove Elementary School,,Johnson,98.4,1st Grade
,,Indiana Digital Jr And High School,,Randolph,93.32,12th Grade
,,Arlington Elementary School,,Allen,87.84,Kindergarten
,,Coulston Elementary School,,Shelby,95.65,Kindergarten
,,Center Grove High School,,Johnson,95.2,12th Grade
,,Oregon-Davis Elementary School,,Starke,94.29,1st Grade
,,Anderson Online Academy,,Madison,100.0,6th Grade
,,Jackson Middle School,,St. Joseph,98.33,7th Grade
,,Bloomfield Elementary School,,Jay,84.21,Kindergarten
,,Sunnyside Elementary School,,Marion,97.78,6th Grade
,,Maconaquah High School,,Miami,100.0,12th Grade
,,Castle High School,,Warrick,98.77,12th Grade
,,Miami Elementary School,,Tippecanoe,97.26,1st Grade
,,Fremont High School,,Steuben,97.1,12th Grade
,,Wilbur Wright Elementary School,,Henry,90.48,1st Grade
,,Indian Creek Middle School,,Johnson,97.67,6th Grade
,,Milan Middle School,,Ripley,98.7,7th Grade
,,Arlington Elementary School,,Allen,84.85,1st Grade
,,Coulston Elementary School,,Shelby,96.34,1st Grade
,,Whiting Middle School,,Lake,95.83,6th Grade
,,Oregon-Davis Elementary School,,Starke,100.0,6th Grade
,,Anderson Online Academy,,Madison,100.0,7th Grade
,,North Junior High School,,Vanderburgh,96.68,7th Grade
,,Bloomfield Elementary School,,Jay,56.76,1st Grade
,,Eastbrook Elementary School,,Marion,95.35,Kindergarten
,,Paul Hadley Middle School,,Morgan,96.03,7th Grade
,,Burnett Creek Elementary School,,Tippecanoe,93.52,Kindergarten
,,North Vermillion High School,,Vermillion,93.22,7th Grade
,,Knightstown Elementary School,,Henry,94.44,Kindergarten
,,Indian Creek Middle School,,Johnson,96.27,7th Grade
,,Central High School,,Vanderburgh,96.89,12th Grade
,,South Spencer Middle School,,Spencer,96.05,6th Grade
,,Whiting Middle School,,Lake,98.86,7th Grade
,,Switzerland Co Senior High School,,Switzerland,94.51,12th Grade
,,Stringtown Elementary School,,Vanderburgh,88.89,Kindergarten
,,Bloomfield Elementary School,,Jay,67.74,6th Grade
,,Eastbrook Elementary School,,Marion,97.94,1st Grade
,,William Fegely Middle School,,Porter,98.28,6th Grade
,,Esacs Virtual School,,Allen,100.0,7th Grade
,,Burnett Creek Elementary School,,Tippecanoe,94.39,1st Grade
,,North Vermillion High School,,Vermillion,96.49,12th Grade
,,Knightstown Elementary School,,Henry,93.85,1st Grade
,,Leesburg Elementary School,,Kosciusko,83.58,Kindergarten
,,Sugar Creek Consolidated Elem Sch,,Vigo,100.0,Kindergarten
,,East Allen University,,Allen,100.0,12th Grade
,,South Spencer Middle School,,Spencer,93.67,7th Grade
,,South Central Jr-Sr High Sch,,La Porte,96.15,7th Grade
,,Lafayette Tecumseh Jr High School,,Tippecanoe,97.21,7th Grade
,,Rosa Parks Elementary School,,Marion,75.0,1st Grade
,,Stringtown Elementary School,,Vanderburgh,100.0,1st Grade
,,John Wood Elementary School,,Lake,93.94,Kindergarten
,,George Washington High School,,Marion,90.24,12th Grade
,,William Fegely Middle School,,Porter,94.61,7th Grade
,,Esacs Virtual School,,Allen,88.0,12th Grade
,,Pine Village Elementary School,,Warren,90.91,Kindergarten
,,Carroll Middle School,,Allen,95.38,6th Grade
,,Jennings County High School,,Jennings,97.75,12th Grade
,,Leesburg Elementary School,,Kosciusko,77.08,1st Grade
,,Sugar Creek Consolidated Elem Sch,,Vigo,98.63,1st Grade
,,Cardinal Ritter High School,,Marion,100.0,7th Grade
,,Stockwell Elementary School,,Vanderburgh,98.77,Kindergarten
,,South Central Jr-Sr High Sch,,La Porte,95.45,12th Grade
,,William Henry Harrison High School,,Tippecanoe,98.31,12th Grade
,,Lost Creek Elementary School,,Vigo,95.6,Kindergarten
,,John Wood Elementary School,,Lake,87.5,1st Grade
,,Hebron High School,,Porter,94.03,12th Grade
,,Heavilin Elementary School,,Porter,93.44,Kindergarten
,,Holy Cross,,St. Joseph,91.11,Kindergarten
,,Pine Village Elementary School,,Warren,82.35,1st Grade
,,Carroll Middle School,,Allen,96.34,7th Grade
,,Whiteland Community High School,,Johnson,97.71,12th Grade
,,Leesburg Elementary School,,Kosciusko,98.75,6th Grade
,,Castle North Middle School,,Warrick,99.19,6th Grade
,,Cardinal Ritter High School,,Marion,99.11,12th Grade
,,Stockwell Elementary School,,Vanderburgh,91.89,1st Grade
,,Maplewood Elementary School,,Marion,96.1,Kindergarten
,,East Tipp Middle School,,Tippecanoe,96.6,6th Grade
,,Edison School Of The Arts 47,,Marion,89.58,Kindergarten
,,Lost Creek Elementary School,,Vigo,97.85,1st Grade
,,College Park Elementary School,,Marion,87.23,Kindergarten
,,Washington Twp Middle/High School,,Porter,94.44,6th Grade
,,Heavilin Elementary School,,Porter,88.71,1st Grade
,,Holy Cross,,St. Joseph,90.7,1st Grade
,,Pine Village Elementary School,,Warren,100.0,6th Grade
,,Aspen Meadow Elementary School,,Allen,90.59,Kindergarten
,,Whiteland Elementary School,,Johnson,97.87,Kindergarten
,,Washington Elementary School,,Kosciusko,85.48,Kindergarten
,,Castle North Middle School,,Warrick,96.73,7th Grade
,,Sarah Scott Middle School,,Vigo,97.58,6th Grade
,,Maplewood Elementary School,,Marion,96.04,1st Grade
,,East Tipp Middle School,,Tippecanoe,96.65,7th Grade
,,Edison School Of The Arts 47,,Marion,94.12,1st Grade
,,Sugar Grove Elementary School,,Vigo,98.39,Kindergarten
,,College Park Elementary School,,Marion,95.35,1st Grade
,,Washington Twp Middle/High School,,Porter,96.92,7th Grade
,,Madison Elementary School,,St. Joseph,100.0,Kindergarten
,,Holy Cross,,St. Joseph,95.45,6th Grade
,,Hagerstown Elementary School,,Wayne,93.1,Kindergarten
,,Aspen Meadow Elementary School,,Allen,96.81,1st Grade
,,Whiteland Elementary School,,Johnson,96.49,1st Grade
,,Washington Elementary School,,Kosciusko,93.33,1st Grade
,,Holy Rosary School,,Vanderburgh,95.35,Kindergarten
,,Sarah Scott Middle School,,Vigo,99.19,7th Grade
,,Maplewood Elementary School,,Marion,97.98,6th Grade
,,Klondike Middle School,,Tippecanoe,97.95,6th Grade
,,Edison School Of The Arts 47,,Marion,92.42,6th Grade
,,Sugar Grove Elementary School,,Vigo,100.0,1st Grade
,,Central Intermediate School,,Marion,97.34,6th Grade
,,Washington Twp Middle/High School,,Porter,94.23,12th Grade
,,Madison Elementary School,,St. Joseph,100.0,1st Grade
,,Holy Cross,,St. Joseph,94.74,7th Grade
,,Hagerstown Elementary School,,Wayne,90.54,1st Grade
,,Prairie Heights Middle School,,Lagrange,96.84,6th Grade
,,Washington Elementary School,,Kosciusko,94.12,6th Grade
,,Holy Rosary School,,Vanderburgh,92.5,1st Grade
,,Lutheran Central School,,Jackson,100.0,6th Grade
,,Tecumseh High School,,Warrick,92.86,12th Grade
,,"H.w. Longfellow Middle School, An Ib World School",,Marion,96.05,6th Grade
,,Klondike Middle School,,Tippecanoe,99.35,7th Grade
,,Edison School Of The Arts 47,,Marion,96.88,7th Grade
,,Arsenal Technical High School,,Marion,93.7,12th Grade
,,Portage High School,,Porter,89.51,12th Grade
,,Southwestern Elementary School,,Shelby,92.86,Kindergarten
,,Hagerstown Elementary School,,Wayne,96.25,6th Grade
,,Prairie Heights Middle School,,Lagrange,96.33,7th Grade
,,Mentone Elementary School,,Kosciusko,91.23,Kindergarten
,,Holy Rosary School,,Vanderburgh,95.74,6th Grade
,,Lutheran Central School,,Jackson,100.0,7th Grade
,,"H.w. Longfellow Middle School, An Ib World School",,Marion,95.65,7th Grade
,,Dixie Bee Elementary School,,Vigo,90.59,Kindergarten
,,Impact Academy 2,,Marion,83.33,6th Grade
,,East Noble Middle School,,Noble,96.6,6th Grade
,,Shelbyville Middle School,,Shelby,97.83,6th Grade
,,Southwestern Elementary School,,Shelby,98.18,1st Grade
,,Saint Barnabas School,,Marion,88.57,Kindergarten
,,Marsh Elementary School,,La Porte,97.37,Kindergarten
,,Mentone Elementary School,,Kosciusko,100.0,1st Grade
,,Holy Rosary School,,Vanderburgh,100.0,7th Grade
,,Nativity Of Our Savior School,,Porter,83.33,Kindergarten
,,Northwood Elementary School,,Morgan,100.0,Kindergarten
,,Dixie Bee Elementary School,,Vigo,97.65,1st Grade
,,Impact Academy 2,,Marion,100.0,7th Grade
,,Columbia City High School,,Whitley,99.32,12th Grade
,,East Noble Middle School,,Noble,97.6,7th Grade
,,Shelbyville Middle School,,Shelby,97.25,7th Grade
,,Southwestern Elementary School,,Shelby,94.74,6th Grade
,,Saint Charles Borromeo School,,Allen,86.08,Kindergarten
,,Saint Barnabas School,,Marion,90.2,1st Grade
,,Marsh Elementary School,,La Porte,100.0,1st Grade
,,Homan Elementary School,,Lake,75.0,Kindergarten
,,Nativity Of Our Savior School,,Porter,100.0,1st Grade
,,Northwood Elementary School,,Morgan,89.13,1st Grade
,,Williamsport Elementary School,,Warren,66.67,Kindergarten
,,Impact Academy 2,,Marion,93.33,12th Grade
,,The Bloomington Project School,,Monroe,90.91,Kindergarten
,,North Side Elementary School,,Noble,100.0,Kindergarten
,,Knox Community High School,,Starke,85.29,12th Grade
,,Battle Ground Elementary School,,Tippecanoe,90.59,Kindergarten
,,Saint Charles Borromeo School,,Allen,88.24,1st Grade
,,Northeastern Middle School,,Wayne,93.67,6th Grade
,,Saint Barnabas School,,Marion,97.92,6th Grade
,,Marsh Elementary School,,La Porte,97.56,6th Grade
,,Homan Elementary School,,Lake,84.54,1st Grade
,,Carroll Elementary School,,Carroll,89.47,Kindergarten
,,Nativity Of Our Savior School,,Porter,92.86,6th Grade
,,Northwood Elementary School,,Morgan,96.3,6th Grade
,,Williamsport Elementary School,,Warren,100.0,1st Grade
,,"Thomas Carr Howe Middle School, An Ib World School",,Marion,96.69,6th Grade
,,The Bloomington Project School,,Monroe,94.83,1st Grade
,,North Side Elementary School,,Noble,97.22,1st Grade
,,Perry Heights Middle School,,Vanderburgh,96.88,6th Grade
,,Battle Ground Elementary School,,Tippecanoe,96.04,1st Grade
,,Saint Charles Borromeo School,,Allen,78.57,6th Grade
,,Northeastern Middle School,,Wayne,97.83,7th Grade
,,Saint Barnabas School,,Marion,100.0,7th Grade
,,Perry Meridian High School,,Marion,89.77,12th Grade
,,Elsie Wadsworth Elementary School,,Lake,89.92,Kindergarten
,,Carroll Elementary School,,Carroll,100.0,1st Grade
,,Nativity Of Our Savior School,,Porter,100.0,7th Grade
,,Wallace Aylesworth Elementary,,Porter,80.36,Kindergarten
,,Williamsport Elementary School,,Warren,88.46,6th Grade
,,"Thomas Carr Howe Middle School, An Ib World School",,Marion,96.03,7th Grade
,,The Bloomington Project School,,Monroe,81.25,6th Grade
,,Orleans Elementary School,,Orange,81.82,Kindergarten
,,Perry Heights Middle School,,Vanderburgh,99.23,7th Grade
,,Highland Elementary School,,Vanderburgh,93.86,Kindergarten
,,Saint Charles Borromeo School,,Allen,92.22,7th Grade
,,Lancaster Central School,,Wells,87.69,Kindergarten
,,Edgewood Junior High School,,Monroe,100.0,6th Grade
,,Elsie Wadsworth Elementary School,,Lake,95.8,1st Grade
,,Carroll Elementary School,,Carroll,93.33,6th Grade
,,Crawford County High School,,Crawford,98.77,12th Grade
,,Wallace Aylesworth Elementary,,Porter,96.55,1st Grade
,,Eastern High School,,Washington,97.18,12th Grade
,,Frank H Wheeler Elementary Sch 4,,Marion,94.55,Kindergarten
,,The Bloomington Project School,,Monroe,100.0,7th Grade
,,Orleans Elementary School,,Orange,97.01,1st Grade
,,Tekoppel Elementary School,,Vanderburgh,96.92,Kindergarten
,,Highland Elementary School,,Vanderburgh,94.83,1st Grade
,,St Bartholomew School,,Bartholomew,95.35,Kindergarten
,,Lancaster Central School,,Wells,89.61,1st Grade
,,Edgewood Junior High School,,Monroe,97.51,7th Grade
,,Wilbur Wright Middle School,,Lake,100.0,6th Grade
,,Guerin Catholic High School,,Hamilton,90.16,12th Grade
,,Selma Middle School,,Delaware,93.94,6th Grade
,,Cloverdale Elementary School,,Putnam,95.12,Kindergarten
,,Richmond High School,,Wayne,97.48,12th Grade
,,Frank H Wheeler Elementary Sch 4,,Marion,100.0,1st Grade
,,Queen Of All Saints School,,La Porte,66.67,Kindergarten
,,Orleans Elementary School,,Orange,96.55,6th Grade
,,Tekoppel Elementary School,,Vanderburgh,96.77,1st Grade
,,Vigo Virtual School Academy,,Vigo,100.0,6th Grade
,,St Bartholomew School,,Bartholomew,94.44,1st Grade
,,Eminence Elementary School,,Morgan,100.0,Kindergarten
,,Wilbur Wright Middle School,,Lake,98.42,7th Grade
,,Selma Middle School,,Delaware,94.9,7th Grade
,,Cloverdale Elementary School,,Putnam,94.12,1st Grade
,,Frank H Wheeler Elementary Sch 4,,Marion,100.0,6th Grade
,,Queen Of All Saints School,,La Porte,75.0,1st Grade
,,Owen Valley Middle School,,Owen,95.56,7th Grade
,,Davis Park Elementary School,,Vigo,97.96,Kindergarten
,,Vigo Virtual School Academy,,Vigo,95.65,7th Grade
,,St Bartholomew School,,Bartholomew,94.44,6th Grade
,,Eminence Elementary School,,Morgan,80.0,1st Grade
,,James B Eads Elementary School,,Lake,92.5,Kindergarten
,,Eaton Elementary School,,Delaware,94.74,Kindergarten
,,Fairfield Jr-Sr High School,,Elkhart,100.0,7th Grade
,,Southwestern High School,,Shelby,97.96,7th Grade
,,Plymouth High School,,Marshall,97.52,12th Grade
,,Queen Of All Saints School,,La Porte,90.0,6th Grade
,,Schmucker Middle School,,St. Joseph,94.76,6th Grade
,,Davis Park Elementary School,,Vigo,100.0,1st Grade
,,Vigo Virtual School Academy,,Vigo,97.7,12th Grade
,,St Bartholomew School,,Bartholomew,95.83,7th Grade
,,Carlin Park Elementary School,,Steuben,85.71,Kindergarten
,,James B Eads Elementary School,,Lake,89.13,1st Grade
,,Eaton Elementary School,,Delaware,93.75,1st Grade
,,Fairfield Jr-Sr High School,,Elkhart,95.62,12th Grade
,,Southwestern High School,,Shelby,97.37,12th Grade
,,North Miami Middle/High School,,Miami,98.36,12th Grade
,,Queen Of All Saints School,,La Porte,100.0,7th Grade
,,Schmucker Middle School,,St. Joseph,96.49,7th Grade
,,Centerville-Abington Elem School,,Wayne,96.67,6th Grade
,,Christ The King,,St. Joseph,74.51,Kindergarten
,,Our Lady Of Perpetual School,,Floyd,91.67,Kindergarten
,,St. Michael Catholic School,,Delaware,92.31,Kindergarten
,,Carlin Park Elementary School,,Steuben,93.75,1st Grade
,,Elwood Elementary School,,Madison,91.95,Kindergarten
,,Wes-Del Elementary School,,Delaware,87.5,Kindergarten
,,Morocco Elementary School,,Newton,83.33,Kindergarten
,,Shelbyville Sr High School,,Shelby,97.55,12th Grade
,,Rowena Kyle Elementary School,,Porter,88.89,Kindergarten
,,Achieve Virtual Education Academy,,Marion,92.86,7th Grade
,,Emmons Elementary School,,St. Joseph,100.0,Kindergarten
,,Burris Laboratory School,,Delaware,77.27,Kindergarten
,,Christ The King,,St. Joseph,84.0,1st Grade
,,Our Lady Of Perpetual School,,Floyd,93.33,1st Grade
,,St. Michael Catholic School,,Delaware,92.86,1st Grade
,,Northeast North Elementary School,,Sullivan,87.18,Kindergarten
,,Elwood Elementary School,,Madison,95.83,1st Grade
,,Morocco Elementary School,,Newton,71.43,1st Grade
,,Heritage Hills Middle School,,Spencer,92.62,7th Grade
,,Rowena Kyle Elementary School,,Porter,88.24,1st Grade
,,Achieve Virtual Education Academy,,Marion,93.78,12th Grade
,,Emmons Elementary School,,St. Joseph,100.0,1st Grade
,,Burris Laboratory School,,Delaware,88.64,1st Grade
,,Christ The King,,St. Joseph,94.74,6th Grade
,,Our Lady Of Perpetual School,,Floyd,97.5,6th Grade
,,St. Michael Catholic School,,Delaware,73.33,6th Grade
,,Northeast North Elementary School,,Sullivan,100.0,1st Grade
,,Belzer Middle School,,Marion,96.08,7th Grade
,,Jimtown Intermediate School,,Elkhart,96.86,6th Grade
,,Morocco Elementary School,,Newton,81.25,6th Grade
,,North Judson-San Pierre High School,,Starke,95.24,12th Grade
,,Northview Elementary School,,Porter,90.0,Kindergarten
,,Excel Center - Elkhart,,Elkhart,88.0,12th Grade
,,Emmons Elementary School,,St. Joseph,89.47,6th Grade
,,Burris Laboratory School,,Delaware,100.0,6th Grade
,,Christ The King,,St. Joseph,95.56,7th Grade
,,Our Lady Of Perpetual School,,Floyd,100.0,7th Grade
,,St. Michael Catholic School,,Delaware,100.0,7th Grade
,,Northeast North Elementary School,,Sullivan,97.14,6th Grade
,,"Ralph Waldo Emerson School 58, An Exploratory School",,Marion,79.49,Kindergarten
,,Concord East Side Elementary Sch,,Elkhart,96.0,Kindergarten
,,Washington Upper Elementary,,Daviess,97.73,6th Grade
,,Hamilton Community Elementary Sch,,Steuben,80.0,Kindergarten
,,Northview Elementary School,,Porter,95.0,1st Grade
,,John R. Wooden Middle School,,Morgan,100.0,6th Grade
,,North Vermillion Elementary School,,Vermillion,100.0,Kindergarten
,,Burris Laboratory School,,Delaware,95.31,7th Grade
,,Our Lady School,,Allen,91.67,1st Grade
,,Thorntown Elementary School,,Boone,96.72,Kindergarten
,,Saint Paul Catholic School,,Porter,83.33,Kindergarten
,,Dexter Elementary School,,Vanderburgh,94.87,Kindergarten
,,"Ralph Waldo Emerson School 58, An Exploratory School",,Marion,87.18,1st Grade
,,Concord East Side Elementary Sch,,Elkhart,91.6,1st Grade
,,Hamilton Community Elementary Sch,,Steuben,76.67,1st Grade
,,Farmersville Elementary School,,Posey,91.89,Kindergarten
,,John R. Wooden Middle School,,Morgan,98.98,7th Grade
,,North Vermillion Elementary School,,Vermillion,93.75,1st Grade
,,Burris Laboratory School,,Delaware,98.44,12th Grade
,,Our Lady School,,Allen,72.73,6th Grade
,,Thorntown Elementary School,,Boone,95.45,1st Grade
,,Saint Paul Catholic School,,Porter,86.05,1st Grade
,,Dexter Elementary School,,Vanderburgh,90.0,1st Grade
,,"Ernie Pyle School 90, A Paideia School",,Marion,97.87,Kindergarten
,,Highland Hills Middle School,,Floyd,93.69,6th Grade
,,Rise Learning Center,,Marion,100.0,6th Grade
,,Hendry Park Elementary School,,Steuben,87.5,Kindergarten
,,Farmersville Elementary School,,Posey,85.71,1st Grade
,,Lowell Intermediate School,,Lake,91.51,6th Grade
,,North Vermillion Elementary School,,Vermillion,97.92,6th Grade
,,Our Lady School,,Allen,72.73,7th Grade
,,Thorntown Elementary School,,Boone,89.83,6th Grade
,,Saint Paul Catholic School,,Porter,85.71,6th Grade
,,Central Elementary School,,Vermillion,98.08,Kindergarten
,,"Ernie Pyle School 90, A Paideia School",,Marion,100.0,1st Grade
,,Highland Hills Middle School,,Floyd,97.44,7th Grade
,,Rise Learning Center,,Marion,100.0,7th Grade
,,Hendry Park Elementary School,,Steuben,91.67,1st Grade
,,North Putnam Middle School,,Putnam,98.1,6th Grade
,,Girls In Stem Academy,,Marion,78.57,Kindergarten
,,Starr Elementary School,,Wayne,87.14,Kindergarten
,,Holy Cross Lutheran School,,Allen,88.24,Kindergarten
,,Connersville Sr High School,,Fayette,77.42,12th Grade
,,Saint Paul Catholic School,,Porter,95.83,7th Grade
,,Central Elementary School,,Vermillion,100.0,1st Grade
,,Greencastle High School,,Putnam,99.16,12th Grade
,,Rise Learning Center,,Marion,94.74,12th Grade
,,Klondike Elementary School,,Tippecanoe,91.27,Kindergarten
,,North Putnam Middle School,,Putnam,97.85,7th Grade
,,Girls In Stem Academy,,Marion,81.25,1st Grade
,,Starr Elementary School,,Wayne,85.94,1st Grade
,,Holy Cross Lutheran School,,Allen,87.88,1st Grade
,,South Crawford Elementary School,,Crawford,100.0,Kindergarten
,,Manchester Elementary School,,Wabash,90.48,Kindergarten
,,"Robert Lee Frost School 106, A Stem School",,Marion,84.62,Kindergarten
,,Indiana Microschool Collaborative,,Hancock,100.0,Kindergarten
,,Crosspointe Christian Academy,,Marion,78.57,1st Grade
,,Klondike Elementary School,,Tippecanoe,93.97,1st Grade
,,Rushville Elementary School,,Rush,93.18,Kindergarten
,,Girls In Stem Academy,,Marion,93.33,6th Grade
,,Churubusco Elementary School,,Whitley,89.8,Kindergarten
,,Holy Cross Lutheran School,,Allen,95.0,6th Grade
,,Franklin County High,,Franklin,96.53,12th Grade
,,South Crawford Elementary School,,Crawford,94.74,1st Grade
,,Manchester Elementary School,,Wabash,90.79,1st Grade
,,"Robert Lee Frost School 106, A Stem School",,Marion,100.0,1st Grade
,,Indiana Microschool Collaborative,,Hancock,66.67,1st Grade
,,Crosspointe Christian Academy,,Marion,61.9,6th Grade
,,Liberty Elementary School,,Union,96.36,Kindergarten
,,Rushville Elementary School,,Rush,99.03,1st Grade
,,Girls In Stem Academy,,Marion,90.91,7th Grade
,,Churubusco Elementary School,,Whitley,91.43,1st Grade
,,Holy Cross Lutheran School,,Allen,93.18,7th Grade
,,Mays Community Academy,,Rush,93.33,Kindergarten
,,Butler Elementary School,,De Kalb,85.71,Kindergarten
,,Northeastern High School,,Wayne,99.01,12th Grade
,,Indiana Microschool Collaborative,,Hancock,80.0,6th Grade
,,Crosspointe Christian Academy,,Marion,76.92,7th Grade
,,Liberty Elementary School,,Union,100.0,1st Grade
,,Rushville Elementary School,,Rush,98.96,6th Grade
,,Saint Philip Neri School,,Marion,100.0,Kindergarten
,,Marian High School,,St. Joseph,91.57,12th Grade
,,Roncalli High School,,Marion,98.08,12th Grade
,,Mays Community Academy,,Rush,87.5,1st Grade
,,Butler Elementary School,,De Kalb,96.3,1st Grade
,,Indiana Microschool Collaborative,,Hancock,100.0,7th Grade
,,Crosspointe Christian Academy,,Marion,82.61,12th Grade
,,Cedar Hall Community School,,Vanderburgh,95.92,Kindergarten
,,Sullivan High School,,Sullivan,96.97,12th Grade
,,Saint Philip Neri School,,Marion,100.0,1st Grade
,,Woodlan Elementary School,,Allen,91.49,Kindergarten
,,Saint James School,,Gibson,100.0,1st Grade
,,Mays Community Academy,,Rush,100.0,6th Grade
,,Butler Elementary School,,De Kalb,91.11,6th Grade
,,"Joseph J. Bingham School 84 Center For Inquiry, An Ib World School",,Marion,95.83,Kindergarten
,,Fishers High School,,Hamilton,97.9,12th Grade
,,Corydon Central Jr High School,,Harrison,94.74,7th Grade
,,Cedar Hall Community School,,Vanderburgh,98.04,1st Grade
,,Ossian Elementary,,Wells,98.77,Kindergarten
,,Saint Philip Neri School,,Marion,100.0,6th Grade
,,Woodlan Elementary School,,Allen,86.05,1st Grade
,,Saint James School,,Gibson,100.0,6th Grade
,,Good Shepherd School,,Vanderburgh,100.0,Kindergarten
,,Concord Intermediate School,,Elkhart,94.44,6th Grade
,,"Joseph J. Bingham School 84 Center For Inquiry, An Ib World School",,Marion,100.0,1st Grade
,,Lakeland Jr/Sr High School,,Lagrange,98.53,7th Grade
,,New Middletown Elementary School,,Harrison,75.0,Kindergarten
,,Cedar Hall Community School,,Vanderburgh,100.0,6th Grade
,,Ossian Elementary,,Wells,95.89,1st Grade
,,Saint Philip Neri School,,Marion,100.0,7th Grade
,,Woodlan Elementary School,,Allen,91.67,6th Grade
,,Saint James School,,Gibson,100.0,7th Grade
,,Good Shepherd School,,Vanderburgh,96.3,1st Grade
,,Prairie View Elementary School,,Elkhart,85.71,Kindergarten
,,Riverside Intermediate,,Marshall,97.6,6th Grade
,,Lakeland Jr/Sr High School,,Lagrange,98.81,12th Grade
,,New Middletown Elementary School,,Harrison,94.44,1st Grade
,,Cedar Hall Community School,,Vanderburgh,100.0,7th Grade
,,Sprunica Elementary School,,Brown,96.15,Kindergarten
,,Options Noblesville,,Hamilton,100.0,7th Grade
,,Good Shepherd School,,Vanderburgh,100.0,6th Grade
,,Prairie View Elementary School,,Elkhart,95.0,1st Grade
,,Southmont Sr High School,,Montgomery,98.95,12th Grade
,,Abraham Lincoln Elementary School,,Lake,88.75,Kindergarten
,,New Middletown Elementary School,,Harrison,100.0,6th Grade
,,Sprunica Elementary School,,Brown,100.0,1st Grade
,,The Crossing Educational Center,,Elkhart,94.04,12th Grade
,,Louis B Russell Jr School 48,,Marion,100.0,Kindergarten
,,Martinsville High School,,Morgan,97.27,12th Grade
,,Northwestern Elementary School,,Howard,79.52,Kindergarten
,,Seton Catholic Elementary,,Wayne,85.71,6th Grade
,,South View Elementary School,,Delaware,50.0,Kindergarten
,,Central Lutheran School,,Allen,89.74,Kindergarten
,,Knightstown Intermediate School,,Henry,98.9,6th Grade
,,Louis B Russell Jr School 48,,Marion,73.91,1st Grade
,,Winamac Community Middle School,,Pulaski,97.75,6th Grade
,,Northwestern Elementary School,,Howard,87.95,1st Grade
,,White's Jr-Sr High School,,Wabash,97.76,12th Grade
,,Delphi Community Middle School,,Carroll,98.99,6th Grade
,,South View Elementary School,,Delaware,89.39,1st Grade
,,Central Lutheran School,,Allen,87.5,1st Grade
,,Knightstown Intermediate School,,Henry,98.63,7th Grade
,,Winamac Community Middle School,,Pulaski,98.88,7th Grade
,,Alexandria-Monroe High School,,Madison,99.07,7th Grade
,,Syracuse Elementary School,,Kosciusko,86.49,Kindergarten
,,Delphi Community Middle School,,Carroll,100.0,7th Grade
,,Holland Elementary School,,Dubois,94.44,Kindergarten
,,Central Lutheran School,,Allen,97.14,6th Grade
,,Washington Learning Academy,,Knox,100.0,6th Grade
,,North Judson-San Pierre Elem Sch,,Starke,90.24,Kindergarten
,,Alexandria-Monroe High School,,Madison,94.51,12th Grade
,,Syracuse Elementary School,,Kosciusko,88.31,1st Grade
,,Crawford County Middle School,,Crawford,96.67,6th Grade
,,Holland Elementary School,,Dubois,88.46,1st Grade
,,Central Lutheran School,,Allen,96.88,7th Grade
,,Washington Learning Academy,,Knox,100.0,7th Grade
,,Eastern Greene Middle School,,Greene,87.95,6th Grade
,,North Judson-San Pierre Elem Sch,,Starke,86.57,1st Grade
,,"Carl Wilde School 79 Center For Inquiry, An Inquiry School",,Marion,90.79,Kindergarten
,,Crestview Elementary School,,Marion,92.5,1st Grade
,,Crawford County Middle School,,Crawford,97.44,7th Grade
,,Gary Middle School,,Lake,89.06,6th Grade
,,Allegiant Preparatory Academy,,Marion,100.0,Kindergarten
,,Washington Learning Academy,,Knox,89.74,12th Grade
,,Eastern Greene Middle School,,Greene,98.81,7th Grade
,,Thomas Miller Elementary School,,Tippecanoe,90.91,Kindergarten
,,"Carl Wilde School 79 Center For Inquiry, An Inquiry School",,Marion,95.16,1st Grade
,,Crestview Elementary School,,Marion,94.12,6th Grade
,,Lawrenceburg Primary School,,Dearborn,93.64,Kindergarten
,,Gary Middle School,,Lake,94.96,7th Grade
,,Allegiant Preparatory Academy,,Marion,90.48,1st Grade
,,Edgewood Middle School,,Kosciusko,96.37,7th Grade
,,Eagle Elementary School,,Hendricks,100.0,Kindergarten
,,Thomas Miller Elementary School,,Tippecanoe,96.61,1st Grade
,,Warren Online Academy,,Marion,83.33,Kindergarten
,,Lawrenceburg Primary School,,Dearborn,98.62,1st Grade
,,Western Primary School,,Howard,95.8,1st Grade
,,Enlace Academy,,Marion,94.67,Kindergarten
,,Hobart Middle School,,Lake,66.67,6th Grade
,,Eagle Elementary School,,Hendricks,100.0,1st Grade
,,College Corner Union Elem School,,Union,100.0,Kindergarten
,,Warren Online Academy,,Marion,100.0,1st Grade
,,Liberty Christian Elementary,,Madison,94.44,Kindergarten
,,Paramount Englewood,,Marion,66.2,6th Grade
,,Enlace Academy,,Marion,95.83,1st Grade
,,Hobart Middle School,,Lake,66.67,7th Grade
,,Brownsburg West Middle School,,Hendricks,98.79,6th Grade
,,College Corner Union Elem School,,Union,94.74,1st Grade
,,Warren Online Academy,,Marion,100.0,6th Grade
,,Liberty Christian Elementary,,Madison,100.0,1st Grade
,,Paramount Englewood,,Marion,75.0,7th Grade
,,Enlace Academy,,Marion,97.26,6th Grade
,,Saint Vincent Depaul School,,Lawrence,70.0,Kindergarten
,,Brownsburg West Middle School,,Hendricks,99.57,7th Grade
,,Adelaide De Vaney Elementary Sch,,Vigo,98.59,Kindergarten
,,Sankofa School Of Success At Arlington Woods School 99,,Marion,89.66,Kindergarten
,,Warren Online Academy,,Marion,92.86,7th Grade
,,Liberty Christian Elementary,,Madison,100.0,6th Grade
,,Gary Lighthouse Charter School,,Lake,100.0,Kindergarten
,,Enlace Academy,,Marion,97.14,7th Grade
,,Saint Vincent Depaul School,,Lawrence,84.21,1st Grade
,,Sycamore Elementary School,,Hendricks,100.0,Kindergarten
,,Adelaide De Vaney Elementary Sch,,Vigo,98.7,1st Grade
,,Sankofa School Of Success At Arlington Woods School 99,,Marion,86.49,1st Grade
,,Warren Online Academy,,Marion,96.99,12th Grade
,,Bristol Elementary School,,Elkhart,89.66,Kindergarten
,,Gary Lighthouse Charter School,,Lake,81.25,1st Grade
,,Green Valley Elementary School,,Floyd,88.46,Kindergarten
,,Saint Vincent Depaul School,,Lawrence,100.0,6th Grade
,,Sycamore Elementary School,,Hendricks,98.18,1st Grade
,,Benjamin Franklin Elem School,,Vigo,93.94,Kindergarten
,,Sankofa School Of Success At Arlington Woods School 99,,Marion,89.47,6th Grade
,,"Brookside School 54, An Exploratory School",,Marion,86.67,Kindergarten
,,Bristol Elementary School,,Elkhart,96.36,1st Grade
,,Gary Lighthouse Charter School,,Lake,95.24,6th Grade
,,Green Valley Elementary School,,Floyd,95.45,1st Grade
,,Saint Vincent Depaul School,,Lawrence,86.67,7th Grade
,,Plainfield High School,,Hendricks,98.2,12th Grade
,,Benjamin Franklin Elem School,,Vigo,98.48,1st Grade
,,Arthur C Newby Elementary School 2,,Marion,98.0,Kindergarten
,,"Brookside School 54, An Exploratory School",,Marion,97.83,1st Grade
,,Gary Lighthouse Charter School,,Lake,97.3,7th Grade
,,Emma Donnan Elementary And Middle,,Marion,91.67,Kindergarten
,,Maple Ridge Elementary School,,Madison,92.31,Kindergarten
,,Tri Elementary School,,Henry,95.92,Kindergarten
,,Sharon Elementary School,,Warrick,94.38,Kindergarten
,,Arthur C Newby Elementary School 2,,Marion,88.24,1st Grade
,,Centerton Elementary School,,Morgan,85.71,Kindergarten
,,Mount Tabor Elementary School,,Floyd,94.44,Kindergarten
,,Gary Lighthouse Charter School,,Lake,89.29,12th Grade
,,Emma Donnan Elementary And Middle,,Marion,74.47,1st Grade
,,Maple Ridge Elementary School,,Madison,89.84,1st Grade
,,Tri Elementary School,,Henry,90.16,1st Grade
,,Sharon Elementary School,,Warrick,94.29,1st Grade
,,Arthur C Newby Elementary School 2,,Marion,94.29,6th Grade
,,Centerton Elementary School,,Morgan,92.31,1st Grade
,,Mount Tabor Elementary School,,Floyd,96.36,1st Grade
,,Knightstown High School,,Henry,100.0,12th Grade
,,Emma Donnan Elementary And Middle,,Marion,91.23,6th Grade
,,Maple Ridge Elementary School,,Madison,95.95,6th Grade
,,West Jay Elementary,,Jay,85.37,Kindergarten
,,Saint Adalbert School,,St. Joseph,90.48,Kindergarten
,,Bremen Senior High School,,Marshall,95.04,12th Grade
,,Pike Central High School,,Pike,92.59,12th Grade
,,Pike Elementary School,,Clark,94.12,Kindergarten
,,Eastern Elementary School,,Howard,85.84,Kindergarten
,,Emma Donnan Elementary And Middle,,Marion,89.29,7th Grade
,,Central Elementary School,,Marion,97.75,Kindergarten
,,West Jay Elementary,,Jay,97.14,1st Grade
,,Saint Adalbert School,,St. Joseph,87.5,1st Grade
,,Peru Jr/Sr High School,,Miami,33.33,7th Grade
,,Hebron Elementary School,,Porter,94.0,Kindergarten
,,Pike Elementary School,,Clark,96.13,1st Grade
,,Eastern Elementary School,,Howard,86.96,1st Grade
,,Central Elementary School,,Marion,96.43,1st Grade
,,West Jay Elementary,,Jay,100.0,6th Grade
,,Saint Adalbert School,,St. Joseph,95.0,6th Grade
,,Peru Jr/Sr High School,,Miami,100.0,12th Grade
,,Hebron Elementary School,,Porter,96.72,1st Grade
,,Brownstown Central High School,,Jackson,98.21,12th Grade
,,Eastwood Middle School,,Marion,96.43,6th Grade
,,Madison Consolidated High School,,Jefferson,91.41,12th Grade
,,Saint Adalbert School,,St. Joseph,100.0,7th Grade
,,Prairie Vista,,St. Joseph,95.65,Kindergarten
,,Norwell Middle School,,Wells,82.76,6th Grade
,,South Newton Elementary School,,Newton,100.0,1st Grade
,,Topeka Elementary School,,Lagrange,76.79,Kindergarten
,,Eastwood Middle School,,Marion,98.81,7th Grade
,,Coolspring Elementary School,,La Porte,95.24,Kindergarten
,,Jefferson Middle School,,Allen,98.5,6th Grade
,,Prairie Vista,,St. Joseph,98.59,1st Grade
,,Norwell Middle School,,Wells,97.87,7th Grade
,,White River Valley Elementary Sch,,Greene,81.13,Kindergarten
,,Topeka Elementary School,,Lagrange,82.05,1st Grade
,,Mt Vernon Middle School,,Hancock,96.88,7th Grade
,,Rhoades Elementary School,,Marion,96.0,Kindergarten
,,Coolspring Elementary School,,La Porte,97.22,1st Grade
,,Jefferson Middle School,,Allen,97.21,7th Grade
,,Cavemen Academy Of Virtual Excellence,,St. Joseph,90.91,7th Grade
,,North White Middle School,,White,98.46,6th Grade
,,White River Valley Elementary Sch,,Greene,97.78,1st Grade
,,Kahler Middle School,,Lake,93.6,6th Grade
,,Salamonie Elementary School,,Huntington,88.24,Kindergarten
,,Rhoades Elementary School,,Marion,100.0,1st Grade
,,Coolspring Elementary School,,La Porte,93.94,6th Grade
,,Southwick Elementary School,,Allen,90.5,Kindergarten
,,Cavemen Academy Of Virtual Excellence,,St. Joseph,97.62,12th Grade
,,North White Middle School,,White,100.0,7th Grade
,,Springville Community Academy,,Lawrence,91.67,Kindergarten
,,Kahler Middle School,,Lake,92.98,7th Grade
,,Salamonie Elementary School,,Huntington,86.21,1st Grade
,,Rhoades Elementary School,,Marion,98.63,6th Grade
,,Southwick Elementary School,,Allen,92.41,1st Grade
,,Sullivan Elementary School,,Sullivan,88.3,Kindergarten
,,Springville Community Academy,,Lawrence,91.43,1st Grade
,,Protsman Elementary School,,Lake,70.83,Kindergarten
,,Hal E Clark Middle School,,Lake,92.48,6th Grade
,,"Daniel Webster School 46, An Exploratory School",,Marion,95.71,Kindergarten
,,Indiana School For The Deaf,,Marion,62.5,Kindergarten
,,Sullivan Elementary School,,Sullivan,93.48,1st Grade
,,Springville Community Academy,,Lawrence,100.0,6th Grade
,,Protsman Elementary School,,Lake,74.0,1st Grade
,,Hal E Clark Middle School,,Lake,91.04,7th Grade
,,"Daniel Webster School 46, An Exploratory School",,Marion,95.59,1st Grade
,,Indiana School For The Deaf,,Marion,78.57,1st Grade
,,Southwestern Middle School,,Tippecanoe,97.1,6th Grade
,,Springville Community Academy,,Lawrence,100.0,7th Grade
,,Crown Point High School,,Lake,91.6,12th Grade
,,Hornet Park Elementary School,,Marion,94.63,Kindergarten
,,"Theodore Potter School 74, A Dual Language School",,Marion,96.43,Kindergarten
,,Beech Grove Middle School,,Marion,96.59,7th Grade
,,Indiana School For The Deaf,,Marion,88.89,6th Grade
,,Southwestern Middle School,,Tippecanoe,99.22,7th Grade
,,Caston Elementary School,,Fulton,66.67,Kindergarten
,,Solon Robinson Elementary School,,Lake,89.47,Kindergarten
,,Hornet Park Elementary School,,Marion,95.63,1st Grade
,,"Theodore Potter School 74, A Dual Language School",,Marion,100.0,1st Grade
,,"H. L. Harshman Middle School, A High Ability And Dual Language School",,Marion,97.1,6th Grade
,,Indiana School For The Deaf,,Marion,83.33,7th Grade
,,Southwood Jr-Sr High School,,Wabash,98.46,6th Grade
,,Caston Elementary School,,Fulton,97.83,1st Grade
,,Solon Robinson Elementary School,,Lake,93.85,1st Grade
,,"Fredrick Douglas School 19, An Exploratory School",,Marion,100.0,Kindergarten
,,"Mary Nicholson School 70 Center For Inquiry, An Ib World School",,Marion,98.25,Kindergarten
,,"H. L. Harshman Middle School, A High Ability And Dual Language School",,Marion,95.77,7th Grade
,,Indiana School For The Deaf,,Marion,100.0,12th Grade
,,Southwood Jr-Sr High School,,Wabash,98.18,7th Grade
,,Eastern Greene High School,,Greene,96.0,12th Grade
,,"Fredrick Douglas School 19, An Exploratory School",,Marion,90.32,1st Grade
,,"Mary Nicholson School 70 Center For Inquiry, An Ib World School",,Marion,92.06,1st Grade
,,The Acad Of Sci & Entrepreneurship,,Monroe,88.24,12th Grade
,,Saint Augustine School,,Jasper,71.43,Kindergarten
,,Southwood Jr-Sr High School,,Wabash,100.0,12th Grade
,,Sand Creek Intermediate School,,Hamilton,97.73,6th Grade
,,Winchester Village Elementary,,Marion,100.0,1st Grade
,,Southmont Jr High School,,Montgomery,92.08,6th Grade
,,West Noble High School,,Noble,98.75,12th Grade
,,Saint Augustine School,,Jasper,81.82,1st Grade
,,Yankeetown Elementary School,,Warrick,93.62,Kindergarten
,,Clay Center Elementary School,,Hamilton,96.43,Kindergarten
,,Stonybrook Intermediate & Middle,,Marion,95.83,6th Grade
,,Southmont Jr High School,,Montgomery,94.31,7th Grade
,,Rising Sun High School,,Ohio,100.0,12th Grade
,,Tri-Township Jr.-Sr. High School,,La Porte,100.0,12th Grade
,,Yankeetown Elementary School,,Warrick,95.83,1st Grade
,,Clay Center Elementary School,,Hamilton,96.91,1st Grade
,,Stonybrook Intermediate & Middle,,Marion,94.96,7th Grade
,,Elmwood Primary Learning Center,,Miami,74.59,Kindergarten
,,Kouts Elementary School,,Porter,84.0,Kindergarten
,,Montezuma Elementary School,,Parke,89.47,Kindergarten
,,North Decatur Jr-Sr High School,,Decatur,98.11,7th Grade
,,Salem High School,,Washington,98.2,12th Grade
,,Hinkle Creek Elementary School,,Hamilton,91.89,Kindergarten
,,Elmwood Primary Learning Center,,Miami,79.49,1st Grade
,,Kouts Elementary School,,Porter,93.62,1st Grade
,,Montezuma Elementary School,,Parke,95.45,1st Grade
,,North Decatur Jr-Sr High School,,Decatur,94.87,12th Grade
,,Frontier Jr-Sr High School,,White,100.0,7th Grade
,,Hinkle Creek Elementary School,,Hamilton,97.56,1st Grade
,,"Meredith Nicholson School 96, An Exploratory School",,Marion,96.67,Kindergarten
,,Throop Elementary School,,Orange,83.87,Kindergarten
,,South Haven Elementary School,,Porter,96.0,Kindergarten
,,Montezuma Elementary School,,Parke,100.0,6th Grade
,,Frontier Jr-Sr High School,,White,100.0,12th Grade
,,White River Elementary School,,Hamilton,95.95,Kindergarten
,,"Meredith Nicholson School 96, An Exploratory School",,Marion,94.92,1st Grade
,,Throop Elementary School,,Orange,89.89,1st Grade
,,South Haven Elementary School,,Porter,94.87,1st Grade
,,Westchester Intermediate School,,Porter,94.22,6th Grade
,,White River Elementary School,,Hamilton,93.06,1st Grade
,,Benjamin Franklin Middle School,,Porter,89.58,6th Grade
,,Throop Elementary School,,Orange,96.51,6th Grade
,,Wyandotte Elementary,,Tippecanoe,92.65,Kindergarten
,,Union Junior & High School,,Randolph,100.0,7th Grade
,,Delaware Trail Elementary School,,Hendricks,100.0,Kindergarten
,,Benjamin Franklin Middle School,,Porter,93.53,7th Grade
,,Riverton Parke Jr-Sr High School,,Parke,100.0,7th Grade
,,Wyandotte Elementary,,Tippecanoe,95.6,1st Grade
,,Union Junior & High School,,Randolph,100.0,12th Grade
,,Delaware Trail Elementary School,,Hendricks,96.3,1st Grade
,,Angola High School,,Steuben,91.32,12th Grade
,,Riverton Parke Jr-Sr High School,,Parke,96.0,12th Grade
,,Oak Hill Elementary,,Vanderburgh,100.0,Kindergarten
,,South Ripley High School,,Ripley,95.35,12th Grade
,,Pinewood Elementary School,,Elkhart,93.51,Kindergarten
,,Cascade Senior High School,,Hendricks,98.99,12th Grade
,,Switzerland Co Elementary School,,Switzerland,92.31,Kindergarten
,,John Simatovich Elementary School,,Porter,60.78,Kindergarten
,,Oak Hill Elementary,,Vanderburgh,97.62,1st Grade
,,Northpoint Elementary School,,St. Joseph,96.67,Kindergarten
,,Pinewood Elementary School,,Elkhart,94.03,1st Grade
,,Boulevard Elementary School,,Howard,88.24,Kindergarten
,,Switzerland Co Elementary School,,Switzerland,97.22,1st Grade
,,John Simatovich Elementary School,,Porter,86.84,1st Grade
,,Oak Hill Elementary,,Vanderburgh,96.88,6th Grade
,,Northpoint Elementary School,,St. Joseph,100.0,1st Grade
,,Boulevard Elementary School,,Howard,90.57,1st Grade
,,Switzerland Co Elementary School,,Switzerland,91.67,6th Grade
,,Winamac Community High School,,Pulaski,97.78,12th Grade
,,Metro North Elementary School,,Wabash,89.87,Kindergarten
,,Battell Elementary School,,St. Joseph,96.0,Kindergarten
,,West Side Leadership Academy,,Lake,72.86,12th Grade
,,Bon Air Middle School,,Howard,91.84,6th Grade
,,Wainwright Middle School,,Tippecanoe,93.27,6th Grade
,,North Putnam Sr High School,,Putnam,91.58,12th Grade
,,Metro North Elementary School,,Wabash,94.44,1st Grade
,,Battell Elementary School,,St. Joseph,100.0,1st Grade
,,Daniel Hale Williams Elem Sch,,Lake,92.98,Kindergarten
,,Bon Air Middle School,,Howard,91.53,7th Grade
,,Wainwright Middle School,,Tippecanoe,95.33,7th Grade
,,Kennedy Academy,,St. Joseph,100.0,Kindergarten
,,Battell Elementary School,,St. Joseph,85.29,6th Grade
,,Daniel Hale Williams Elem Sch,,Lake,97.14,1st Grade
,,Maple Crest Stem Elementary School,,Howard,92.31,Kindergarten
,,Terre Haute North Vigo High School,,Vigo,98.63,12th Grade
,,Kennedy Academy,,St. Joseph,100.0,1st Grade
,,Muessel Elementary,,St. Joseph,84.62,Kindergarten
,,Paramount Online Academy,,Marion,50.0,1st Grade
,,Maple Crest Stem Elementary School,,Howard,90.7,1st Grade
,,Morristown Elementary School,,Shelby,71.43,Kindergarten
,,Muessel Elementary,,St. Joseph,90.91,1st Grade
,,Paramount Online Academy,,Marion,90.91,6th Grade
,,Morristown Elementary School,,Shelby,96.08,1st Grade
,,Scottsburg Senior High School,,Scott,95.41,12th Grade
,,Paramount Online Academy,,Marion,80.95,7th Grade
,,Roanoke Elementary School,,Huntington,85.71,Kindergarten
,,Jefferson-Craig Elementary School,,Switzerland,100.0,Kindergarten
,,Morristown Jr-Sr High School,,Shelby,97.73,6th Grade
,,Silver Creek Primary School,,Clark,92.37,Kindergarten
,,Roanoke Elementary School,,Huntington,93.75,1st Grade
,,Jefferson-Craig Elementary School,,Switzerland,100.0,1st Grade
,,Morristown Jr-Sr High School,,Shelby,92.73,7th Grade
,,Silver Creek Primary School,,Clark,91.43,1st Grade
,,Walnut Grove Elementary School,,Johnson,97.94,Kindergarten
,,Jefferson-Craig Elementary School,,Switzerland,100.0,6th Grade
,,Morristown Jr-Sr High School,,Shelby,96.97,12th Grade
,,Elkhart Christian Academy,,Elkhart,88.24,Kindergarten
,,Walnut Grove Elementary School,,Johnson,96.69,1st Grade
,,Newburgh Elementary School,,Warrick,91.67,Kindergarten
,,Glen Acres Elementary School,,Tippecanoe,92.94,Kindergarten
,,Elkhart Christian Academy,,Elkhart,85.19,1st Grade
,,Greenwood Northeast Elementary Sch,,Johnson,100.0,1st Grade
,,Newburgh Elementary School,,Warrick,96.39,1st Grade
,,Glen Acres Elementary School,,Tippecanoe,93.02,1st Grade
,,Elkhart Christian Academy,,Elkhart,95.65,6th Grade
,,Benjamin Franklin Elementary Sch,,Knox,96.92,Kindergarten
,,Homestead High School,,Allen,96.69,12th Grade
,,Evans School,,Vanderburgh,95.0,Kindergarten
,,Elkhart Christian Academy,,Elkhart,84.0,7th Grade
,,Benjamin Franklin Elementary Sch,,Knox,100.0,1st Grade
,,Maplewood Elementary School,,Allen,98.28,Kindergarten
,,Evans School,,Vanderburgh,95.24,1st Grade
,,Elkhart Christian Academy,,Elkhart,100.0,12th Grade
,,Pendleton Elementary School,,Madison,95.8,Kindergarten
,,Maplewood Elementary School,,Allen,88.0,1st Grade
,,Evans School,,Vanderburgh,100.0,6th Grade
,,International Sch Of In (Pk-5),,Marion,88.64,Kindergarten
,,Pendleton Elementary School,,Madison,94.62,1st Grade
,,Holy Name Catholic School,,Marion,100.0,6th Grade
,,Thompkins Middle School,,Vanderburgh,97.69,6th Grade
,,International Sch Of In (Pk-5),,Marion,89.09,1st Grade
,,Pendleton Elementary School,,Madison,92.91,6th Grade
,,Thompkins Middle School,,Vanderburgh,97.27,7th Grade
,,Valley Grove Elementary School,,Madison,93.65,Kindergarten
,,Saint Lawrence School,,Marion,88.24,1st Grade
,,Van Duyn Elementary School,,Vermillion,100.0,Kindergarten
,,Valley Grove Elementary School,,Madison,98.77,1st Grade
,,Saint Lawrence School,,Marion,100.0,6th Grade
,,Van Duyn Elementary School,,Vermillion,100.0,1st Grade
,,Speedway Junior High School,,Marion,97.92,7th Grade
,,Saint Lawrence School,,Marion,100.0,7th Grade
,,Lynnville Elementary School,,Warrick,96.55,Kindergarten
,,Jefferson Elementary School,,Marshall,94.74,Kindergarten
,,Saint Roch School,,Marion,95.0,Kindergarten
,,Lynnville Elementary School,,Warrick,100.0,1st Grade
,,Marion High School,,Grant,88.7,12th Grade
,,Jefferson Elementary School,,Marshall,89.47,1st Grade
,,Saint Roch School,,Marion,100.0,1st Grade
,,Boonville High School,,Warrick,98.84,12th Grade
,,Allen Elementary School,,Grant,92.54,Kindergarten
,,Shoals Community Elementary School,,Martin,82.35,Kindergarten
,,Saint Roch School,,Marion,93.75,6th Grade
,,Centerville Sr High School,,Wayne,97.35,12th Grade
,,Allen Elementary School,,Grant,97.62,1st Grade
,,Shoals Community Elementary School,,Martin,87.18,1st Grade
,,Saint Roch School,,Marion,96.0,7th Grade
,,Crestdale Elementary School,,Wayne,89.66,Kindergarten
,,Hayden Elementary School,,Jennings,94.29,Kindergarten
,,Maconaquah Middle School,,Miami,88.82,6th Grade
,,Evansville Day School,,Vanderburgh,82.35,Kindergarten
,,Crestdale Elementary School,,Wayne,90.38,1st Grade
,,Hayden Elementary School,,Jennings,100.0,1st Grade
,,Maconaquah Middle School,,Miami,90.21,7th Grade
,,Evansville Day School,,Vanderburgh,90.91,1st Grade
,,Hayden Elementary School,,Jennings,100.0,6th Grade
,,Pleasant Hill Elementary School,,Montgomery,97.22,Kindergarten
,,Evansville Day School,,Vanderburgh,100.0,6th Grade
,,Edinburgh Comm Middle School,,Johnson,98.25,7th Grade
,,Pleasant Hill Elementary School,,Montgomery,100.0,1st Grade
,,Evansville Day School,,Vanderburgh,90.91,7th Grade
,,Tippecanoe Valley High School,,Kosciusko,96.55,12th Grade
,,North Montgomery Middle School,,Montgomery,98.66,6th Grade
,,Evansville Day School,,Vanderburgh,92.86,12th Grade
,,Peifer Elementary School,,Lake,72.92,Kindergarten
,,North Montgomery Middle School,,Montgomery,95.45,7th Grade
,,Central Elementary School,,Boone,98.53,Kindergarten
,,Peifer Elementary School,,Lake,87.21,1st Grade
,,Springs Valley Elementary School,,Orange,87.88,Kindergarten
,,Central Elementary School,,Boone,96.3,1st Grade
,,Frank H Hammond Elementary School,,Lake,92.0,Kindergarten
,,Springs Valley Elementary School,,Orange,92.73,1st Grade
,,Parke Heritage Middle School,,Parke,92.13,6th Grade
,,Frank H Hammond Elementary School,,Lake,97.4,1st Grade
,,Hebron Middle School,,Porter,95.83,6th Grade
,,Parke Heritage Middle School,,Parke,97.94,7th Grade
,,Hailmann Elementary School,,La Porte,91.8,Kindergarten
,,Hebron Middle School,,Porter,91.55,7th Grade
,,Gold Academy,,Marion,96.55,Kindergarten
,,Hailmann Elementary School,,La Porte,90.14,1st Grade
,,Chesterton Senior High School,,Porter,98.09,12th Grade
,,Gold Academy,,Marion,87.06,1st Grade
,,Elwood Intermediate School,,Madison,95.56,6th Grade
,,Newton Yost Elementary School,,Porter,88.52,Kindergarten
,,Gold Academy,,Marion,95.24,6th Grade
,,Ben Davis University High School,,Marion,99.17,12th Grade
,,Newton Yost Elementary School,,Porter,82.76,1st Grade
,,Edgewood Primary School,,Monroe,93.04,Kindergarten
,,Mount Vernon Jr High School,,Posey,95.62,6th Grade
,,Edgewood Primary School,,Monroe,95.77,1st Grade
,,Mount Vernon Jr High School,,Posey,96.67,7th Grade
,,Career Academy High School,,St. Joseph,100.0,12th Grade
,,Lakeview Elementary School,,Monroe,92.45,Kindergarten
,,Lee L Driver Middle School,,Randolph,95.65,6th Grade
,,Goshen Intermediate School,,Crawford,95.7,6th Grade
,,Lakeview Elementary School,,Monroe,96.15,1st Grade
,,Lee L Driver Middle School,,Randolph,96.19,7th Grade
,,South Newton Middle School,,Newton,100.0,6th Grade
,,Lakeview Elementary School,,Monroe,98.11,6th Grade
,,South Newton Middle School,,Newton,100.0,7th Grade
,,Childs Elementary School,,Monroe,90.91,Kindergarten
,,O R Baker Elementary School,,Randolph,94.29,Kindergarten
,,Childs Elementary School,,Monroe,93.88,1st Grade
,,O R Baker Elementary School,,Randolph,97.01,1st Grade
,,Childs Elementary School,,Monroe,100.0,6th Grade
,,Discovery Middle School,,St. Joseph,96.85,6th Grade
,,Wood Memorial Primary School,,Gibson,92.5,Kindergarten
,,Lester B Sommer Elementary School,,Montgomery,93.48,Kindergarten
,,Discovery Middle School,,St. Joseph,96.84,7th Grade
,,Wood Memorial Primary School,,Gibson,93.88,1st Grade
,,Lester B Sommer Elementary School,,Montgomery,97.78,1st Grade
,,Westchester Middle School,,Porter,98.4,7th Grade
,,Shamrock Springs Elementary School,,Hamilton,94.66,Kindergarten
,,Deerfield Elementary School,,Randolph,96.0,Kindergarten
,,Shamrock Springs Elementary School,,Hamilton,98.26,1st Grade
,,Deerfield Elementary School,,Randolph,91.67,1st Grade
,,Brownsburg High School,,Hendricks,98.66,12th Grade
,,Walt Disney Elementary School,,St. Joseph,97.67,Kindergarten
,,Walt Disney Elementary School,,St. Joseph,98.25,1st Grade
,,Madison Consolidated Jr High Sch,,Jefferson,95.61,6th Grade
,,William F Loper Elementary School,,Shelby,96.33,Kindergarten
,,Madison Consolidated Jr High Sch,,Jefferson,98.01,7th Grade
,,William F Loper Elementary School,,Shelby,98.92,1st Grade
,,Liberty Park Elementary School,,Marion,91.21,Kindergarten
,,Terre Haute South Vigo High School,,Vigo,99.38,12th Grade
,,Liberty Park Elementary School,,Marion,88.89,1st Grade
,,Fayette Elementary School,,Vigo,100.0,Kindergarten
,,Crispus Attucks High School,,Marion,92.7,12th Grade
,,Fayette Elementary School,,Vigo,98.21,1st Grade
,,Bremen Elementary/Middle School,,Marshall,84.38,Kindergarten
,,Sharp Creek Elementary School,,Wabash,94.05,6th Grade
,,Bremen Elementary/Middle School,,Marshall,91.75,1st Grade
,,Norwell High School,,Wells,92.05,12th Grade
,,Bremen Elementary/Middle School,,Marshall,91.82,6th Grade
,,Bremen Elementary/Middle School,,Marshall,93.86,7th Grade
,,Tri-North Middle School,,Monroe,96.44,7th Grade
,,Wayne Center Elem School,,Noble,95.12,Kindergarten
,,Wayne Center Elem School,,Noble,93.88,1st Grade
,,Orleans Jr-Sr High School,,Orange,98.18,7th Grade
,,Orleans Jr-Sr High School,,Orange,97.26,12th Grade
,,Morgan Township Elementary School,,Porter,88.89,Kindergarten
,,Morgan Township Elementary School,,Porter,97.78,1st Grade
,,Porter Lakes Elementary School,,Porter,82.29,Kindergarten
,,Porter Lakes Elementary School,,Porter,87.0,1st Grade
,,Nuner Fine Arts Academy,,St. Joseph,87.34,Kindergarten
,,Nuner Fine Arts Academy,,St. Joseph,90.91,1st Grade
,,Hershey Elementary School,,Tippecanoe,98.73,Kindergarten
,,Hershey Elementary School,,Tippecanoe,100.0,1st Grade
,,North High School,,Vanderburgh,97.57,12th Grade
,,Salem Middle School,,Washington,96.27,6th Grade
,,Salem Middle School,,Washington,94.87,7th Grade
,,Abc Stewart Montessori School,,Bartholomew,87.5,1st Grade
,,Abc Stewart Montessori School,,Bartholomew,100.0,6th Grade
,,Blackhawk Christian Mdl/High Sch,,Allen,97.83,7th Grade
,,Blackhawk Christian Mdl/High Sch,,Allen,100.0,12th Grade
,,Anthis Career Center,,Allen,88.06,12th Grade
,,Holy Cross North Campus.,,Madison,100.0,6th Grade
,,Demotte Christian School,,Jasper,96.97,6th Grade
,,Holy Cross North Campus.,,Madison,100.0,7th Grade
,,Demotte Christian School,,Jasper,89.13,7th Grade
,,Holy Cross South Campus,,Madison,93.75,Kindergarten
,,Holy Cross South Campus,,Madison,100.0,1st Grade
,,Sycamore School,,Marion,79.59,Kindergarten
,,Sycamore School,,Marion,90.32,1st Grade
,,Sycamore School,,Marion,100.0,6th Grade
,,Sycamore School,,Marion,100.0,7th Grade
,,Greenwood Christian Academy High School,,Johnson,92.31,12th Grade
,,Thrival Academy,,Marion,77.78,12th Grade
,,Special Education Learning Facility,,Porter,80.0,Kindergarten
,,Special Education Learning Facility,,Porter,83.33,1st Grade
,,Special Education Learning Facility,,Porter,90.91,6th Grade
,,Special Education Learning Facility,,Porter,90.0,7th Grade
,,Clay High School,,St. Joseph,100.0,12th Grade
,,Elkhart Area Career Center,,Elkhart,97.8,12th Grade
,,Ascension Lutheran School,,Lake,100.0,6th Grade
,,Tri-Township Jr.-Sr. High School,,La Porte,95.24,6th Grade
,,St. Richard's Episcopal School,,Marion,94.74,Kindergarten
,,Carroll Senior High School,,Carroll,85.71,12th Grade
,,St. Richard's Episcopal School,,Marion,100.0,1st Grade
,,St. Richard's Episcopal School,,Marion,95.65,6th Grade
,,St. Richard's Episcopal School,,Marion,95.0,7th Grade
,,Canterbury School,,Allen,100.0,Kindergarten
,,Canterbury School,,Allen,100.0,1st Grade
,,Canterbury School,,Allen,100.0,6th Grade
,,Canterbury School,,Allen,97.67,7th Grade
,,Canterbury School,,Allen,100.0,12th Grade
,,Area 31 Career & Tech Center,,Marion,95.48,12th Grade
,,Studebaker Center,,St. Joseph,100.0,Kindergarten
,,Studebaker Center,,St. Joseph,73.33,1st Grade
,,Stanley Clark School,,St. Joseph,73.68,6th Grade
,,Stanley Clark School,,St. Joseph,78.26,7th Grade
,,Harlan Christian School,,Allen,62.5,Kindergarten
,,Harlan Christian School,,Allen,42.86,1st Grade
,,Harlan Christian School,,Allen,16.67,6th Grade
,,Harlan Christian School,,Allen,25.0,7th Grade
,,Harlan Christian School,,Allen,66.67,12th Grade
,,Seton Catholic Primary School,,Wayne,42.86,Kindergarten
,,Seton Catholic Primary School,,Wayne,78.95,1st Grade
,,Compass Alternative School,,Madison,100.0,7th Grade
,,Zz Wayne Township Preschool,,Marion,83.72,Kindergarten
,,Muncie Virtual Academy,,Delaware,100.0,6th Grade
,,Muncie Virtual Academy,,Delaware,100.0,7th Grade
,,Muncie Virtual Academy,,Delaware,100.0,12th Grade
,,Decatur Twp School For Excellence,,Marion,100.0,12th Grade
,,International Sch Of In (6-8),,Marion,97.06,6th Grade
,,International Sch Of In (6-8),,Marion,96.55,7th Grade
,,International Sch Of In Hs (9-12),,Marion,84.0,12th Grade
,,Career Academy High School,,St. Joseph,84.85,6th Grade
,,Career Academy High School,,St. Joseph,100.0,7th Grade
,,Columbus Christian School North Vernon,,Jennings,75.0,Kindergarten
,,Rural Community Academy,,Sullivan,100.0,6th Grade
,,Columbus Christian School North Vernon,,Jennings,60.0,1st Grade
,,Rural Community Academy,,Sullivan,100.0,7th Grade
,,Columbus Christian School North Vernon,,Jennings,100.0,6th Grade
,,Rural Community Academy,,Sullivan,100.0,12th Grade
,,Columbus Christian School North Vernon,,Jennings,100.0,7th Grade
,,Kindezi Academy,,Marion,100.0,6th Grade
,,Neighbors' New Vistas High School,,Porter,87.5,12th Grade
,,Lakeland Christian Academy (K-6),,Kosciusko,68.42,Kindergarten
,,Lakeland Christian Academy (K-6),,Kosciusko,69.57,1st Grade
,,Horizon Christian Academy - Coliseum,,Allen,100.0,12th Grade
,,Old Corden Porter School,,Clark,100.0,12th Grade
,,Hoosier College And Career Academy,,Marion,87.39,7th Grade
,,Hoosier College And Career Academy,,Marion,95.44,12th Grade
,,Hoosier Hills Career Center,,Monroe,93.94,12th Grade
,,Warren Elementary,,St. Joseph,66.67,1st Grade
,,Wabash High School,,Wabash,99.07,12th Grade
,,Promise Prep,,Marion,100.0,1st Grade
,,Holy Cross Central School,,Marion,100.0,6th Grade
,,Holy Cross Central School,,Marion,100.0,7th Grade
,,Wabash Middle School,,Wabash,92.63,6th Grade
,,Wabash Middle School,,Wabash,90.91,7th Grade
,,Manchester Elementary School,,Dearborn,100.0,1st Grade
,,Urban Act Academy,,Marion,50.0,6th Grade
,,Logansport Area Jnt Spec Ed,,Cass,100.0,12th Grade
,,Indy Steam Academy,,Marion,90.91,6th Grade
,,Indy Steam Academy,,Marion,100.0,7th Grade
,,Compass Alternative School,,Madison,100.0,6th Grade
,,21st Century Charter Sch Of Gary Elementary School,,Lake,86.89,Kindergarten
,,21st Century Charter Sch Of Gary Elementary School,,Lake,91.89,1st Grade
,,Eastlawn Elementary School,,White,100.0,1st Grade
,,Indiana Connections Academy,,Marion,100.0,Kindergarten
,,Mary M Bethune Early Child Dev Ctr,,Lake,73.53,Kindergarten
,,Mary Bryan Elementary School,,Marion,100.0,Kindergarten
,,William Henry Burkhart Elementary,,Marion,88.89,Kindergarten
,,Glenns Valley Elementary School,,Marion,60.0,Kindergarten
,,Jeremiah Gray Elementary School,,Marion,86.84,Kindergarten
,,Homecroft Elementary School,,Marion,75.0,Kindergarten
,,Anna Willson School,,Montgomery,82.35,Kindergarten
,,Douglas Macarthur Elementary Sch,,Marion,100.0,Kindergarten
,,Abraham Lincoln Elementary School,,Marion,88.89,Kindergarten
,,Rosa Parks Elementary School,,Marion,77.78,Kindergarten
,,Winchester Village Elementary,,Marion,85.71,Kindergarten
,,Millersburg Elementary- Middle Sch,,Elkhart,93.75,7th Grade
,,Victory College Prep,,Marion,88.0,6th Grade
,,Victory College Prep,,Marion,88.89,7th Grade
,,Evansville Christian Sch Newburgh,,Warrick,89.83,7th Grade
,,James And Rosemary Phalen Leadership Academy High School,,Marion,86.36,7th Grade
,,Victory College Prep,,Marion,91.38,12th Grade
