Facility Number,School Type,School District or Name,Facility Address,County,MMR Vaccination Rate,Age Group
,,Armstrong Middle School,,Acadia,100.0,6th Grade
,,Branch Elementary School,,Acadia,97.37,6th Grade
,,Branch Elementary School,,Acadia,94.74,Kindergarten
,,Central Rayne Kindergarten School,,Acadia,93.28,Kindergarten
,,Church Point Elementary School,,Acadia,92.0,Kindergarten
,,Church Point High School,,Acadia,99.17,11th Grade
,,Church Point Middle School,,Acadia,96.55,6th Grade
,,Crowley High School,,Acadia,97.94,11th Grade
,,Crowley Kindergarten School,,Acadia,92.21,Kindergarten
,,Crowley Middle School,,Acadia,98.4,6th Grade
,,Egan Elementary School,,Acadia,96.67,6th Grade
,,Egan Elementary School,,Acadia,96.43,Kindergarten
,,Estherwood Elementary School,,Acadia,91.3,6th Grade
,,Estherwood Elementary School,,Acadia,85.0,Kindergarten
,,Evangeline Elementary School,,Acadia,75.0,6th Grade
,,Evangeline Elementary School,,Acadia,78.95,Kindergarten
,,Iota Elementary School,,Acadia,87.78,Kindergarten
,,Iota High School,,Acadia,97.16,11th Grade
,,Iota Middle School,,Acadia,97.33,6th Grade
,,Mermentau Elementary School,,Acadia,88.24,6th Grade
,,Mermentau Elementary School,,Acadia,95.0,Kindergarten
,,Midland High School,,Acadia,96.23,11th Grade
,,Mire Elementary School,,Acadia,98.72,6th Grade
,,Mire Elementary School,,Acadia,84.85,Kindergarten
,,Morse Elementary School,,Acadia,100.0,6th Grade
,,Morse Elementary School,,Acadia,100.0,Kindergarten
,,Northside Christian School,,Acadia,92.86,6th Grade
,,Northside Christian School,,Acadia,85.0,11th Grade
,,Northside Christian School,,Acadia,62.5,Kindergarten
,,Notre Dame High School,,Acadia,96.25,11th Grade
,,Our Mother of Peace Elementary School,,Acadia,100.0,6th Grade
,,Our Mother of Peace Elementary School,,Acadia,58.33,Kindergarten
,,Rayne Catholic Elementary School,,Acadia,96.55,6th Grade
,,Rayne Catholic Elementary School,,Acadia,80.0,Kindergarten
,,Rayne High School,,Acadia,97.66,11th Grade
,,Richard Elementary School,,Acadia,98.41,6th Grade
,,Richard Elementary School,,Acadia,86.67,Kindergarten
,,St. Francis School,,Acadia,81.82,6th Grade
,,St. Francis School,,Acadia,100.0,Kindergarten
,,St. Michael School,,Acadia,87.76,6th Grade
,,St. Michael School,,Acadia,71.74,Kindergarten
,,Elizabeth High School,,Allen,92.86,6th Grade
,,Elizabeth High School,,Allen,95.24,11th Grade
,,Elizabeth High School,,Allen,86.96,Kindergarten
,,Fairview High School,,Allen,100.0,6th Grade
,,Fairview High School,,Allen,96.55,11th Grade
,,Fairview High School,,Allen,96.67,Kindergarten
,,Kinder Elementary School,,Allen,89.77,Kindergarten
,,Kinder High School,,Allen,98.96,11th Grade
,,Kinder Middle School,,Allen,100.0,6th Grade
,,Oakdale Elementary School,,Allen,100.0,Kindergarten
,,Oakdale High School,,Allen,97.53,11th Grade
,,Oakdale Middle School,,Allen,98.9,6th Grade
,,Oberlin Elementary School,,Allen,100.0,6th Grade
,,Oberlin Elementary School,,Allen,92.86,Kindergarten
,,Oberlin High School,,Allen,100.0,11th Grade
,,Reeves High School,,Allen,100.0,6th Grade
,,Reeves High School,,Allen,100.0,11th Grade
,,Reeves High School,,Allen,84.62,Kindergarten
,,Ascension Christian Elem. & Middle School,,Ascension,94.29,6th Grade
,,Ascension Christian Elem. & Middle School,,Ascension,90.0,Kindergarten
,,Ascension Christian High School,,Ascension,97.83,11th Grade
,,Ascension Diocesan Regional School,,Ascension,100.0,6th Grade
,,Ascension Diocesan Regional School,,Ascension,100.0,11th Grade
,,Ascension Diocesan Regional School,,Ascension,95.0,Kindergarten
,,Bluff Middle School,,Ascension,97.8,6th Grade
,,Bluff Ridge Primary,,Ascension,92.47,Kindergarten
,,Bullion Primary School,,Ascension,96.0,Kindergarten
,,Central Middle School,,Ascension,99.4,6th Grade
,,Central Primary School,,Ascension,95.0,Kindergarten
,,Donaldsonville High School,,Ascension,100.0,11th Grade
,,Donaldsonville Primary School,,Ascension,98.82,Kindergarten
,,Duplessis Primary School,,Ascension,95.45,Kindergarten
,,Dutchtown High School,,Ascension,98.8,11th Grade
,,Dutchtown Middle School,,Ascension,97.64,6th Grade
,,Dutchtown Primary School,,Ascension,96.88,Kindergarten
,,Ea/Ei Catholic Partnership School,,Ascension,98.75,6th Grade
,,Ea/Ei Catholic Partnership School,,Ascension,95.59,Kindergarten
,,East Ascension High School,,Ascension,100.0,11th Grade
,,G. W. Carver Primary School,,Ascension,100.0,Kindergarten
,,Galvez Middle School,,Ascension,99.49,6th Grade
,,Galvez Primary School,,Ascension,94.85,Kindergarten
,,Gonzales Middle School,,Ascension,99.07,6th Grade
,,Gonzales Primary School,,Ascension,97.56,Kindergarten
,,Lake Elementary School,,Ascension,98.8,6th Grade
,,Lake Elementary School,,Ascension,94.44,Kindergarten
,,Lakeside Primary School,,Ascension,92.11,Kindergarten
,,Lowery Middle School,,Ascension,100.0,6th Grade
,,Oak Grove Primary School,,Ascension,93.27,Kindergarten
,,Pecan Grove Primary,,Ascension,97.06,Kindergarten
,,Prairieville High School,,Ascension,98.58,11th Grade
,,Prairieville Middle School,,Ascension,98.95,6th Grade
,,Prairieville Primary School,,Ascension,99.23,Kindergarten
,,Sorrento Primary,,Ascension,93.18,Kindergarten
,,Spanish Lake Primary School,,Ascension,95.38,Kindergarten
,,St. Amant High School,,Ascension,100.0,11th Grade
,,St. Amant Middle School,,Ascension,100.0,6th Grade
,,St. Amant Primary School,,Ascension,96.59,Kindergarten
,,Sugar Mill Primary School,,Ascension,97.89,Kindergarten
,,The Church Academy,,Ascension,87.5,6th Grade
,,The Church Academy,,Ascension,63.64,Kindergarten
,,Assumption High School,,Assumption,100.0,11th Grade
,,Bayou L'Ourse Primary School,,Assumption,95.83,Kindergarten
,,Belle Rose Middle School,,Assumption,100.0,6th Grade
,,Belle Rose Primary School,,Assumption,100.0,Kindergarten
,,Labadieville Middle School,,Assumption,100.0,6th Grade
,,Labadieville Primary School,,Assumption,97.62,Kindergarten
,,Napoleonville Middle School,,Assumption,100.0,6th Grade
,,Napoleonville Primary School,,Assumption,90.38,Kindergarten
,,Pierre Part Elementary School,,Assumption,100.0,6th Grade
,,Pierre Part Elementary School,,Assumption,97.92,Kindergarten
,,St. Elizabeth School,,Assumption,100.0,6th Grade
,,St. Elizabeth School,,Assumption,100.0,Kindergarten
,,Avoyelles High School,,Avoyelles,98.72,11th Grade
,,Avoyelles Public Charter School,,Avoyelles,90.57,Kindergarten
,,Bunkie Elementary School,,Avoyelles,100.0,6th Grade
,,Bunkie Elementary School,,Avoyelles,100.0,Kindergarten
,,Bunkie High School,,Avoyelles,99.06,11th Grade
,,Cottonport Elementary School,,Avoyelles,86.36,Kindergarten
,,Lafargue Elementary School,,Avoyelles,93.24,Kindergarten
,,Louisiana School For the Agricultural Sciences,,Avoyelles,100.0,11th Grade
,,Marksville Elementary School,,Avoyelles,100.0,6th Grade
,,Marksville Elementary School,,Avoyelles,100.0,Kindergarten
,,Marksville High School,,Avoyelles,100.0,11th Grade
,,Plaucheville Elementary School,,Avoyelles,100.0,6th Grade
,,Plaucheville Elementary School,,Avoyelles,100.0,Kindergarten
,,Riverside Elementary School,,Avoyelles,100.0,6th Grade
,,Riverside Elementary School,,Avoyelles,100.0,Kindergarten
,,Sacred Heart School,,Avoyelles,94.44,6th Grade
,,Sacred Heart School,,Avoyelles,88.46,Kindergarten
,,St. Anthony of Padua School,,Avoyelles,92.31,6th Grade
,,St. Anthony of Padua School,,Avoyelles,88.89,Kindergarten
,,St. Joseph Elementary & High School,,Avoyelles,94.29,6th Grade
,,St. Joseph Elementary & High School,,Avoyelles,100.0,11th Grade
,,St. Joseph Elementary & High School,,Avoyelles,100.0,Kindergarten
,,"St. Mary's Assumption School, Cottonport",,Avoyelles,100.0,6th Grade
,,"St. Mary's Assumption School, Cottonport",,Avoyelles,85.0,Kindergarten
,,Deridder High School,,Beauregard,97.12,11th Grade
,,East Beauregard Elementary School,,Beauregard,91.53,Kindergarten
,,East Beauregard High School,,Beauregard,100.0,6th Grade
,,East Beauregard High School,,Beauregard,100.0,11th Grade
,,K.R. Hanchey Elementary School,,Beauregard,92.8,Kindergarten
,,Merryville High School,,Beauregard,100.0,6th Grade
,,Merryville High School,,Beauregard,96.3,11th Grade
,,Merryville High School,,Beauregard,93.94,Kindergarten
,,Pine Wood Elementary School,,Beauregard,98.33,6th Grade
,,Singer High School,,Beauregard,100.0,6th Grade
,,Singer High School,,Beauregard,100.0,11th Grade
,,Singer High School,,Beauregard,86.21,Kindergarten
,,South Beauregard Elementary School,,Beauregard,85.71,Kindergarten
,,South Beauregard High School,,Beauregard,98.29,11th Grade
,,South Beauregard Upper Elementary,,Beauregard,100.0,6th Grade
,,Arcadia High School,,Bienville,100.0,6th Grade
,,Arcadia High School,,Bienville,100.0,11th Grade
,,Castor High School,,Bienville,100.0,6th Grade
,,Castor High School,,Bienville,100.0,11th Grade
,,Castor High School,,Bienville,93.94,Kindergarten
,,Crawford Elementary School,,Bienville,100.0,Kindergarten
,,Gibsland-Coleman High School,,Bienville,100.0,6th Grade
,,Gibsland-Coleman High School,,Bienville,100.0,11th Grade
,,Gibsland-Coleman High School,,Bienville,100.0,Kindergarten
,,Ringgold Elementary School,,Bienville,100.0,Kindergarten
,,Ringgold High School,,Bienville,96.3,6th Grade
,,Ringgold High School,,Bienville,100.0,11th Grade
,,Saline High School,,Bienville,94.74,6th Grade
,,Saline High School,,Bienville,88.24,11th Grade
,,Saline High School,,Bienville,88.89,Kindergarten
,,Airline High School,,Bossier,99.61,11th Grade
,,Apollo Elementary School,,Bossier,98.02,Kindergarten
,,Bellaire Elementary School,,Bossier,93.51,Kindergarten
,,Benton Elementary School,,Bossier,91.74,Kindergarten
,,Benton High School,,Bossier,98.44,11th Grade
,,Benton Intermediate School,,Bossier,98.86,6th Grade
,,Bossier Elementary School,,Bossier,95.65,Kindergarten
,,Bossier High School,,Bossier,98.56,11th Grade
,,Central Park Elementary School,,Bossier,98.18,Kindergarten
,,Cope Middle School,,Bossier,99.12,6th Grade
,,Elm Grove Elementary School,,Bossier,86.49,Kindergarten
,,Elm Grove Middle School,,Bossier,98.46,6th Grade
,,Greenacres Middle School,,Bossier,98.09,6th Grade
,,Haughton Elementary School,,Bossier,93.42,Kindergarten
,,Haughton High School,,Bossier,99.67,11th Grade
,,Haughton Middle School,,Bossier,100.0,6th Grade
,,Kingston Elementary,,Bossier,95.27,Kindergarten
,,Legacy Elementary,,Bossier,92.86,Kindergarten
,,Meadowview Elementary School,,Bossier,94.67,Kindergarten
,,Parkway High School,,Bossier,98.12,11th Grade
,,Plain Dealing Middle/High School,,Bossier,96.15,6th Grade
,,Plain Dealing Middle/High School,,Bossier,100.0,11th Grade
,,Plain Dealing Middle/High School,,Bossier,90.0,Kindergarten
,,Plantation Park Elementary School,,Bossier,91.38,Kindergarten
,,Providence Classical Academy,,Bossier,95.24,6th Grade
,,Providence Classical Academy,,Bossier,100.0,11th Grade
,,R. V. Kerr Elementary School,,Bossier,98.39,Kindergarten
,,Rusheon Middle School,,Bossier,99.36,6th Grade
,,Stockwell Place Elementary School,,Bossier,96.61,Kindergarten
,,Sun City Elementary School,,Bossier,92.79,Kindergarten
,,T.L. Rodes Elementary School,,Bossier,98.6,Kindergarten
,,W. T. Lewis Elementary,,Bossier,94.94,Kindergarten
,,Waller Elementary School,,Bossier,90.0,Kindergarten
,,A. C. Steere Elementary School,,Caddo,88.61,Kindergarten
,,Academic Recovery & Career Discovery Center,,Caddo,100.0,11th Grade
,,Ascension Classical School,,Caddo,87.5,6th Grade
,,Atkins Technology Elementary School,,Caddo,88.89,Kindergarten
,,Bethune/Oak Park Elementary School,,Caddo,93.24,Kindergarten
,,Blanchard Elementary School,,Caddo,94.52,Kindergarten
,,Booker T. Washington High School,,Caddo,99.46,11th Grade
,,Broadmoor Stem Academy,,Caddo,96.77,6th Grade
,,Broadmoor Stem Academy,,Caddo,91.3,Kindergarten
,,C.E. Byrd High School,,Caddo,98.88,11th Grade
,,Caddo Career & Tech Center,,Caddo,99.06,6th Grade
,,Caddo Heights Elementary School,,Caddo,91.67,Kindergarten
,,Caddo Parish Magnet High School,,Caddo,98.98,11th Grade
,,Caddo Parish Middle Magnet School,,Caddo,97.28,6th Grade
,,Caddo Virtual Academy,,Caddo,96.3,11th Grade
,,Calvary Baptist Academy,,Caddo,96.05,6th Grade
,,Calvary Baptist Academy,,Caddo,97.65,11th Grade
,,Calvary Baptist Academy,,Caddo,92.16,Kindergarten
,,Captain Shreve High School,,Caddo,97.56,11th Grade
,,Cherokee Park Elementary School,,Caddo,95.24,Kindergarten
,,Claiborne Fundamental Elementary School,,Caddo,92.86,Kindergarten
,,Creswell Elementary School,,Caddo,97.87,Kindergarten
,,Donnie Bickham Middle School,,Caddo,98.99,6th Grade
,,Eden Gardens Fundamental Elementary School,,Caddo,96.55,Kindergarten
,,Eighty-First Street Ece Center,,Caddo,100.0,Kindergarten
,,Evangel Christian Academy,,Caddo,91.43,6th Grade
,,Evangel Christian Academy,,Caddo,96.97,11th Grade
,,Evangel Christian Academy,,Caddo,100.0,Kindergarten
,,Fair Park Middle School,,Caddo,98.64,6th Grade
,,Fairfield Magnet School,,Caddo,96.67,Kindergarten
,,First Baptist Church School,,Caddo,94.74,6th Grade
,,Forest Hill Elementary School,,Caddo,96.77,Kindergarten
,,Green Oaks High School,,Caddo,98.46,11th Grade
,,Herndon Magnet School,,Caddo,98.67,6th Grade
,,Herndon Magnet School,,Caddo,85.29,Kindergarten
,,Huntington High School,,Caddo,96.98,11th Grade
,,J. S. Clark Elementary School,,Caddo,88.52,Kindergarten
,,Judson Fundamental Elementary School,,Caddo,93.18,Kindergarten
,,Keithville Elementary/Middle School,,Caddo,96.4,6th Grade
,,Keithville Elementary/Middle School,,Caddo,95.56,Kindergarten
,,Loyola College Preparatory School,,Caddo,97.85,11th Grade
,,Magnolia School of Excellence,,Caddo,93.67,6th Grade
,,Magnolia School of Excellence,,Caddo,100.0,11th Grade
,,Magnolia School of Excellence Charter School,,Caddo,84.48,Kindergarten
,,Midway Professional Development Center,,Caddo,93.94,Kindergarten
,,Montessori School For Shreveport,,Caddo,90.91,6th Grade
,,Montessori School For Shreveport,,Caddo,100.0,Kindergarten
,,Mooringsport Elementary School,,Caddo,91.18,Kindergarten
,,North Caddo Elementary/Middle School,,Caddo,97.78,6th Grade
,,North Caddo Elementary/Middle School,,Caddo,92.59,Kindergarten
,,North Caddo High School,,Caddo,98.81,11th Grade
,,North Highlands Elementary School,,Caddo,100.0,Kindergarten
,,Northside Middle School,,Caddo,98.9,6th Grade
,,Northwood High School,,Caddo,98.08,11th Grade
,,Pathways In Education - North Market,,Caddo,97.56,11th Grade
,,Pathways In Education School,,Caddo,100.0,11th Grade
,,Pine Grove Elementary School,,Caddo,87.72,Kindergarten
,,Queensborough Elementary School,,Caddo,96.77,Kindergarten
,,Ridgewood Middle School,,Caddo,96.88,6th Grade
,,Riverside Elementary School,,Caddo,91.23,Kindergarten
,,Shreve Island Elementary School,,Caddo,96.67,Kindergarten
,,South Highlands Elementary Magnet School,,Caddo,95.4,Kindergarten
,,Southern Hills Elementary School,,Caddo,91.3,Kindergarten
,,Southfield School,,Caddo,95.45,6th Grade
,,Southfield School,,Caddo,95.12,Kindergarten
,,Southwood High School,,Caddo,98.67,11th Grade
,,St. John Berchmans Cathedral School,,Caddo,93.33,6th Grade
,,St. Joseph School,,Caddo,95.83,6th Grade
,,St. Mark's Cathedral School,,Caddo,100.0,6th Grade
,,Summer Grove Elementary School,,Caddo,97.33,Kindergarten
,,Summerfield Elementary School,,Caddo,98.51,Kindergarten
,,Turner Elementary/Middle School,,Caddo,97.78,6th Grade
,,Turner Elementary/Middle School,,Caddo,95.74,Kindergarten
,,University Elementary School,,Caddo,94.59,Kindergarten
,,Walnut Hill Elementary/Middle School,,Caddo,98.57,6th Grade
,,Walnut Hill Elementary/Middle School,,Caddo,93.55,Kindergarten
,,Westwood Elementary School,,Caddo,91.8,Kindergarten
,,Woodlawn High School,,Caddo,100.0,11th Grade
,,Word of God Academy,,Caddo,86.96,6th Grade
,,Word of God Academy,,Caddo,100.0,11th Grade
,,Youree Drive Middle School,,Caddo,97.09,6th Grade
,,A. A. Nelson Elementary School,,Calcasieu,92.86,Kindergarten
,,Alfred M. Barbe High School,,Calcasieu,98.9,11th Grade
,,Barbe Elementary School,,Calcasieu,86.67,Kindergarten
,,Bell City High School,,Calcasieu,98.44,6th Grade
,,Bell City High School,,Calcasieu,97.78,11th Grade
,,Bell City High School,,Calcasieu,89.74,Kindergarten
,,Bishop Noland Episcopal Day School,,Calcasieu,86.96,6th Grade
,,Bishop Noland Episcopal Day School,,Calcasieu,95.24,11th Grade
,,Bishop Noland Episcopal Day School,,Calcasieu,69.57,Kindergarten
,,Brentwood Elementary School,,Calcasieu,87.23,Kindergarten
,,College Oaks Elementary School,,Calcasieu,95.92,Kindergarten
,,Combre/Fondel Elementary School,,Calcasieu,94.74,Kindergarten
,,Cypress Cove School,,Calcasieu,94.74,Kindergarten
,,Dequincy High School,,Calcasieu,100.0,11th Grade
,,Dequincy Middle School,,Calcasieu,98.39,6th Grade
,,Dequincy Primary School,,Calcasieu,89.29,Kindergarten
,,Dolby Elementary School,,Calcasieu,92.59,Kindergarten
,,E. K. Key Elementary School,,Calcasieu,91.21,Kindergarten
,,F. K. White Middle School,,Calcasieu,93.47,6th Grade
,,Fairview Elementary School,,Calcasieu,91.86,Kindergarten
,,First Baptist Christian Academy,,Calcasieu,92.31,6th Grade
,,First Baptist Christian Academy,,Calcasieu,64.52,Kindergarten
,,Frasch Elementary School,,Calcasieu,89.16,Kindergarten
,,Gillis Elementary School,,Calcasieu,81.32,Kindergarten
,,Hamilton Christian Academy,,Calcasieu,87.5,6th Grade
,,Hamilton Christian Academy,,Calcasieu,100.0,11th Grade
,,Hamilton Christian Academy,,Calcasieu,79.17,Kindergarten
,,Henry Heights Elementary School,,Calcasieu,88.46,Kindergarten
,,Immaculate Conception Cathedral School,,Calcasieu,100.0,6th Grade
,,Immaculate Conception Cathedral School,,Calcasieu,90.0,Kindergarten
,,Iowa High School,,Calcasieu,99.3,6th Grade
,,Iowa High School,,Calcasieu,99.18,11th Grade
,,J. I. Watson Middle School,,Calcasieu,96.2,Kindergarten
,,John J. Johnson Ii Elementary School,,Calcasieu,100.0,Kindergarten
,,Lagrange High School,,Calcasieu,94.18,11th Grade
,,Lake Charles Charter Academy,,Calcasieu,97.17,6th Grade
,,Lake Charles Charter Academy,,Calcasieu,88.78,Kindergarten
,,Lake Charles College Prep,,Calcasieu,99.35,11th Grade
,,Leblanc Middle School,,Calcasieu,97.32,6th Grade
,,Lebleu Settlement Elementary School,,Calcasieu,91.67,Kindergarten
,,Life Christain Academy,,Calcasieu,77.78,6th Grade
,,Life Christain Academy,,Calcasieu,66.67,Kindergarten
,,M. J. Kaufman Elementary School,,Calcasieu,96.43,Kindergarten
,,Maplewood Middle School,,Calcasieu,97.27,6th Grade
,,Maplewood Middle School,,Calcasieu,85.71,Kindergarten
,,Moss Bluff Elementary School,,Calcasieu,90.77,Kindergarten
,,Moss Bluff Middle School,,Calcasieu,98.03,6th Grade
,,Oak Park Elementary School,,Calcasieu,100.0,Kindergarten
,,Oak Park Middle School,,Calcasieu,98.53,6th Grade
,,Our Lady Queen of Heaven School,,Calcasieu,96.43,6th Grade
,,Our Lady Queen of Heaven School,,Calcasieu,83.61,Kindergarten
,,Our Lady's School,,Calcasieu,93.33,6th Grade
,,Our Lady's School,,Calcasieu,72.73,Kindergarten
,,Pearl Watson Elementary School,,Calcasieu,85.71,Kindergarten
,,Prien Lake Elementary School,,Calcasieu,95.92,Kindergarten
,,Ray D. Molo Middle Magnet School,,Calcasieu,97.7,6th Grade
,,Richard W. Vincent Elementary School,,Calcasieu,97.5,Kindergarten
,,S. J. Welsh Middle School,,Calcasieu,99.15,6th Grade
,,S. P. Arnett Middle School,,Calcasieu,97.66,6th Grade
,,Sam Houston High School,,Calcasieu,98.42,11th Grade
,,Southwest La. Charter Academy,,Calcasieu,96.83,6th Grade
,,Southwest La. Charter Academy,,Calcasieu,92.71,Kindergarten
,,St. John Elementary School,,Calcasieu,94.95,Kindergarten
,,St. Louis Catholic High School,,Calcasieu,96.75,11th Grade
,,St. Margaret School,,Calcasieu,95.45,6th Grade
,,St. Margaret School,,Calcasieu,91.43,Kindergarten
,,Starks High School,,Calcasieu,100.0,6th Grade
,,Starks High School,,Calcasieu,100.0,11th Grade
,,Starks High School,,Calcasieu,82.35,Kindergarten
,,Sulphur High School,,Calcasieu,99.05,11th Grade
,,T. H. Watkins Elementary School,,Calcasieu,90.91,Kindergarten
,,T. S. Cooley Elementary Magnet School,,Calcasieu,92.31,Kindergarten
,,Vincent Settlement Elementary School,,Calcasieu,86.49,Kindergarten
,,Vinton Elementary School,,Calcasieu,93.62,Kindergarten
,,Vinton High School,,Calcasieu,98.0,11th Grade
,,Vinton Middle School,,Calcasieu,100.0,6th Grade
,,W. T. Henning Elementary School,,Calcasieu,96.3,Kindergarten
,,W. W. Lewis Middle School,,Calcasieu,98.13,6th Grade
,,Washington/Marion Magnet High School,,Calcasieu,97.22,11th Grade
,,Westlake High School,,Calcasieu,100.0,11th Grade
,,Westwood Elementary School,,Calcasieu,87.29,Kindergarten
,,Caldwell Parish High School,,Caldwell,98.72,11th Grade
,,Caldwell Parish Junior High School,,Caldwell,100.0,6th Grade
,,Grayson Elementary School,,Caldwell,91.84,Kindergarten
,,Grand Lake High School,,Cameron,95.24,6th Grade
,,Grand Lake High School,,Cameron,100.0,11th Grade
,,Grand Lake High School,,Cameron,95.24,Kindergarten
,,Hackberry High School,,Cameron,93.75,6th Grade
,,Hackberry High School,,Cameron,100.0,11th Grade
,,Hackberry High School,,Cameron,85.0,Kindergarten
,,Johnson Bayou High School,,Cameron,100.0,Kindergarten
,,South Cameron High School,,Cameron,100.0,6th Grade
,,South Cameron High School,,Cameron,100.0,11th Grade
,,South Cameron High School,,Cameron,81.25,Kindergarten
,,Block High School,,Catahoula,100.0,6th Grade
,,Block High School,,Catahoula,100.0,11th Grade
,,Central High School,,Catahoula,100.0,11th Grade
,,Harrisonburg High School,,Catahoula,100.0,6th Grade
,,Harrisonburg High School,,Catahoula,100.0,11th Grade
,,Harrisonburg High School,,Catahoula,94.44,Kindergarten
,,Jonesville Elementary School,,Catahoula,93.18,Kindergarten
,,Sicily Island High School,,Catahoula,100.0,6th Grade
,,Sicily Island High School,,Catahoula,100.0,11th Grade
,,Sicily Island High School,,Catahoula,100.0,Kindergarten
,,Claiborne Academy,,Claiborne,88.89,6th Grade
,,Claiborne Academy,,Claiborne,100.0,11th Grade
,,Claiborne Academy,,Claiborne,70.0,Kindergarten
,,Haynesville Elementary School,,Claiborne,88.64,Kindergarten
,,Haynesville Jr./Sr. High School,,Claiborne,96.67,6th Grade
,,Haynesville Jr./Sr. High School,,Claiborne,100.0,11th Grade
,,Homer Elementary School,,Claiborne,93.44,Kindergarten
,,Homer High School,,Claiborne,100.0,11th Grade
,,Homer Junior High School,,Claiborne,100.0,6th Grade
,,Mt. Olive Christian School,,Claiborne,100.0,11th Grade
,,Summerfield High School,,Claiborne,100.0,6th Grade
,,Summerfield High School,,Claiborne,94.12,11th Grade
,,Summerfield High School,,Claiborne,95.24,Kindergarten
,,Concordia Parish Academy/Cpa,,Concordia,100.0,6th Grade
,,Concordia Parish Academy/Cpa,,Concordia,94.44,11th Grade
,,Concordia Parish Academy/Cpa,,Concordia,83.33,Kindergarten
,,Delta Charter School,,Concordia,92.11,6th Grade
,,Delta Charter School,,Concordia,100.0,11th Grade
,,Delta Charter School,,Concordia,100.0,Kindergarten
,,Ferriday High School,,Concordia,98.57,11th Grade
,,Ferriday Junior High School,,Concordia,95.38,6th Grade
,,Ferriday Lower Elementary School,,Concordia,76.32,Kindergarten
,,Monterey High School,,Concordia,100.0,6th Grade
,,Monterey High School,,Concordia,93.55,11th Grade
,,Monterey High School,,Concordia,92.0,Kindergarten
,,Vidalia High School,,Concordia,97.87,11th Grade
,,Vidalia Junior High School,,Concordia,91.18,6th Grade
,,Vidalia Lower Elementary School,,Concordia,92.31,Kindergarten
,,Logansport High School,,De Soto,100.0,6th Grade
,,Logansport High School,,De Soto,100.0,11th Grade
,,Logansport High School,,De Soto,79.41,Kindergarten
,,Mansfield Elementary School Pk-2,,De Soto,97.96,Kindergarten
,,Mansfield High School,,De Soto,100.0,11th Grade
,,Mansfield Middle School 5-8,,De Soto,98.67,6th Grade
,,North Desoto Elementary School Pk-2,,De Soto,90.45,Kindergarten
,,North Desoto High School,,De Soto,98.47,11th Grade
,,North Desoto Middle School 6-8,,De Soto,96.79,6th Grade
,,Stanley High School,,De Soto,100.0,6th Grade
,,Stanley High School,,De Soto,100.0,11th Grade
,,Stanley High School,,De Soto,92.59,Kindergarten
,,Advantage Charter Academy,,East Baton Rouge,95.24,6th Grade
,,Advantage Charter Academy,,East Baton Rouge,80.56,Kindergarten
,,Arlington Preparatory Academy,,East Baton Rouge,92.86,11th Grade
,,Audubon Elementary School,,East Baton Rouge,88.73,Kindergarten
,,Baker Heights Elementary School,,East Baton Rouge,96.08,Kindergarten
,,Baker High School,,East Baton Rouge,97.5,11th Grade
,,Baker Middle School,,East Baton Rouge,96.97,6th Grade
,,Basis Baton Rouge Materra,,East Baton Rouge,94.4,6th Grade
,,Basis Baton Rouge Materra,,East Baton Rouge,95.88,Kindergarten
,,Basis Baton Rouge Primary - Mid City,,East Baton Rouge,95.95,Kindergarten
,,Baton Rouge High School,,East Baton Rouge,98.23,11th Grade
,,Baton Rouge Ochsner Discovery,,East Baton Rouge,90.74,Kindergarten
,,Beechwood Superintendent's Academy,,East Baton Rouge,100.0,6th Grade
,,Belaire High School,,East Baton Rouge,90.08,11th Grade
,,Belfair Academy,,East Baton Rouge,94.12,6th Grade
,,Belfair Academy,,East Baton Rouge,78.79,Kindergarten
,,Bellingrath Hills Elementary School,,East Baton Rouge,91.61,Kindergarten
,,Bernard Terrace Elementary School,,East Baton Rouge,77.14,Kindergarten
,,Bethany Christian School,,East Baton Rouge,85.71,6th Grade
,,Bethany Christian School,,East Baton Rouge,71.43,Kindergarten
,,Brighter Horizon School of Baton Rouge,,East Baton Rouge,91.67,6th Grade
,,Brighter Horizon School of Baton Rouge,,East Baton Rouge,80.0,11th Grade
,,Brighter Horizon School of Baton Rouge,,East Baton Rouge,87.5,Kindergarten
,,Broadmoor Elementary School,,East Baton Rouge,88.51,Kindergarten
,,Brownfields Elementary School,,East Baton Rouge,88.24,Kindergarten
,,Capitol High School,,East Baton Rouge,100.0,11th Grade
,,Capitol Middle School,,East Baton Rouge,89.33,6th Grade
,,Catholic High School,,East Baton Rouge,99.07,11th Grade
,,Cedarcrest-Southmoor Elementary School,,East Baton Rouge,83.84,Kindergarten
,,Central High School,,East Baton Rouge,98.19,11th Grade
,,Central Middle School,,East Baton Rouge,95.36,6th Grade
,,Central Private School,,East Baton Rouge,92.0,6th Grade
,,Central Private School,,East Baton Rouge,100.0,11th Grade
,,Claiborne Elementary School,,East Baton Rouge,82.09,Kindergarten
,,Collegiate Academy Charter School,,East Baton Rouge,98.76,11th Grade
,,Copper Mill Elementary School,,East Baton Rouge,98.14,6th Grade
,,Crestworth Learning Academy,,East Baton Rouge,96.43,6th Grade
,,Dufrocq Montessori School,,East Baton Rouge,86.57,Kindergarten
,,Ebr Virtual Academy,,East Baton Rouge,93.75,6th Grade
,,Ebr Virtual Academy,,East Baton Rouge,100.0,11th Grade
,,Episcopal High School,,East Baton Rouge,100.0,6th Grade
,,Episcopal High School,,East Baton Rouge,100.0,11th Grade
,,Episcopal High School,,East Baton Rouge,92.11,Kindergarten
,,Family Christian Academy,,East Baton Rouge,78.57,6th Grade
,,Family Christian Academy,,East Baton Rouge,90.91,Kindergarten
,,Forest Heights Elementary School,,East Baton Rouge,100.0,6th Grade
,,Forest Heights Elementary School,,East Baton Rouge,93.22,Kindergarten
,,Geo Next Generation High School,,East Baton Rouge,100.0,11th Grade
,,Geo Prep Academy Lower,,East Baton Rouge,95.31,Kindergarten
,,Geo Prep Academy Mid-City,,East Baton Rouge,97.44,6th Grade
,,Geo Prep Academy Mid-City,,East Baton Rouge,98.57,Kindergarten
,,Geo Prep Academy Upper,,East Baton Rouge,98.77,6th Grade
,,Geo Prep Baker,,East Baton Rouge,91.67,Kindergarten
,,Glasgow Middle School,,East Baton Rouge,86.39,6th Grade
,,Glen Oaks Middle School,,East Baton Rouge,97.67,6th Grade
,,Glen Oaks Park Elementary School,,East Baton Rouge,92.45,Kindergarten
,,Glen Oaks Senior High School,,East Baton Rouge,96.84,11th Grade
,,Great Hearts Harveston,,East Baton Rouge,97.01,6th Grade
,,Great Hearts Harveston,,East Baton Rouge,84.85,Kindergarten
,,Greater Baton Rouge Hope Academy,,East Baton Rouge,100.0,11th Grade
,,Greenbrier Elementary School,,East Baton Rouge,91.49,Kindergarten
,,Helix Aviation,,East Baton Rouge,97.1,6th Grade
,,Helix Aviation,,East Baton Rouge,90.91,Kindergarten
,,Helix Legal Academy,,East Baton Rouge,100.0,6th Grade
,,Highland Elementary School,,East Baton Rouge,72.09,Kindergarten
,,Hosanna Christian Academy,,East Baton Rouge,100.0,6th Grade
,,Hosanna Christian Academy,,East Baton Rouge,100.0,Kindergarten
,,Idea Bridge Academy And College Prep,,East Baton Rouge,83.49,6th Grade
,,Idea Bridge Academy And College Prep,,East Baton Rouge,88.1,11th Grade
,,Idea Bridge Academy And College Prep,,East Baton Rouge,80.0,Kindergarten
,,Idea Innovation Academy And College Prep,,East Baton Rouge,87.88,6th Grade
,,Idea Innovation Academy And College Prep,,East Baton Rouge,88.89,11th Grade
,,Idea Innovation Academy And College Prep,,East Baton Rouge,70.83,Kindergarten
,,Idea University Academy And College Prep,,East Baton Rouge,95.83,6th Grade
,,Impact Charter Elementary School,,East Baton Rouge,100.0,6th Grade
,,Impact Charter Elementary School,,East Baton Rouge,92.11,Kindergarten
,,Inspire Charter Academy,,East Baton Rouge,98.63,6th Grade
,,Inspire Charter Academy,,East Baton Rouge,88.73,Kindergarten
,,Istrouma Senior High School,,East Baton Rouge,100.0,6th Grade
,,Istrouma Senior High School,,East Baton Rouge,95.15,11th Grade
,,J. K. Haynes Charter School,,East Baton Rouge,90.0,6th Grade
,,J. K. Haynes Charter School,,East Baton Rouge,71.43,Kindergarten
,,Jefferson Terrace Elementary School,,East Baton Rouge,92.0,6th Grade
,,Jefferson Terrace Elementary School,,East Baton Rouge,80.95,Kindergarten
,,Kenilworth Science & Tech Academy,,East Baton Rouge,100.0,6th Grade
,,Kenilworth Science & Tech Academy,,East Baton Rouge,95.24,Kindergarten
,,La Printaniere Montessori,,East Baton Rouge,76.47,Kindergarten
,,La School of Deaf/Visual Impaired,,East Baton Rouge,100.0,6th Grade
,,La School of Deaf/Visual Impaired,,East Baton Rouge,100.0,11th Grade
,,Labelle Aire Elementary School,,East Baton Rouge,89.47,Kindergarten
,,Lasalle Elementary School,,East Baton Rouge,93.48,Kindergarten
,,Lee High School,,East Baton Rouge,98.01,11th Grade
,,Louisiana Key Academy,,East Baton Rouge,97.83,6th Grade
,,Louisiana Key Academy,,East Baton Rouge,80.0,Kindergarten
,,Lsu Laboratory School,,East Baton Rouge,100.0,6th Grade
,,Lsu Laboratory School,,East Baton Rouge,98.28,11th Grade
,,Lsu Laboratory School,,East Baton Rouge,91.18,Kindergarten
,,Madison Preparatory Academy,,East Baton Rouge,90.0,11th Grade
,,Magnolia Woods Elementary School,,East Baton Rouge,85.71,Kindergarten
,,Mayfair Lab School,,East Baton Rouge,100.0,6th Grade
,,Mayfair Lab School,,East Baton Rouge,95.74,Kindergarten
,,Mckinley Elementary School,,East Baton Rouge,91.76,Kindergarten
,,Mckinley Middle Magnet School,,East Baton Rouge,97.12,6th Grade
,,Mckinley Senior High School,,East Baton Rouge,92.33,11th Grade
,,Melrose Elementary School,,East Baton Rouge,74.36,Kindergarten
,,Mentorship Steam Academy,,East Baton Rouge,97.83,11th Grade
,,Merrydale Elementary School,,East Baton Rouge,76.32,Kindergarten
,,Montessori School of Baton Rouge,,East Baton Rouge,90.0,Kindergarten
,,Most Blessed Sacrament School,,East Baton Rouge,96.23,6th Grade
,,Most Blessed Sacrament School,,East Baton Rouge,98.21,Kindergarten
,,Northdale Superintendent's Academy,,East Baton Rouge,100.0,6th Grade
,,Northdale Superintendent's Academy,,East Baton Rouge,100.0,11th Grade
,,Northeast Elementary School,,East Baton Rouge,90.91,6th Grade
,,Northeast Elementary School,,East Baton Rouge,90.0,Kindergarten
,,Northeast High School,,East Baton Rouge,94.87,11th Grade
,,Northwestern Elementary School,,East Baton Rouge,93.85,Kindergarten
,,Our Lady of Mercy School,,East Baton Rouge,98.96,6th Grade
,,Park Elementary School,,East Baton Rouge,92.86,6th Grade
,,Park Forest Elementary School,,East Baton Rouge,86.67,Kindergarten
,,Park Forest Middle School,,East Baton Rouge,85.5,6th Grade
,,Park Ridge Elementary School,,East Baton Rouge,100.0,6th Grade
,,Parkview Baptist School,,East Baton Rouge,100.0,6th Grade
,,Parkview Baptist School,,East Baton Rouge,98.94,11th Grade
,,Parkview Baptist School,,East Baton Rouge,24.29,Kindergarten
,,Parkview Elementary School,,East Baton Rouge,86.96,Kindergarten
,,Progress Elementary School,,East Baton Rouge,86.27,Kindergarten
,,Redemptorist Elementary/Baton Rouge,,East Baton Rouge,100.0,6th Grade
,,Riveroaks Elementary School,,East Baton Rouge,85.92,Kindergarten
,,Ryan Elementary School,,East Baton Rouge,92.11,Kindergarten
,,Sacred Heart Elementary School,,East Baton Rouge,100.0,6th Grade
,,Scotlandville Magnet High School,,East Baton Rouge,98.14,11th Grade
,,Scotlandville Middle Pre-Engineering Academy,,East Baton Rouge,98.48,6th Grade
,,Sharon Hills Elementary School,,East Baton Rouge,83.78,Kindergarten
,,Shenandoah Elementary School,,East Baton Rouge,95.45,Kindergarten
,,Sherwood Middle School,,East Baton Rouge,96.63,6th Grade
,,South Baton Rouge Charter Academy,,East Baton Rouge,92.86,6th Grade
,,Southeast Middle School,,East Baton Rouge,87.45,6th Grade
,,Southern University Lab School,,East Baton Rouge,100.0,6th Grade
,,Southern University Lab School,,East Baton Rouge,100.0,11th Grade
,,Southern University Lab School,,East Baton Rouge,86.0,Kindergarten
,,St. Aloysius School,,East Baton Rouge,98.23,6th Grade
,,St. Aloysius School,,East Baton Rouge,92.47,Kindergarten
,,St. Alphonsus School,,East Baton Rouge,100.0,6th Grade
,,St. Alphonsus School,,East Baton Rouge,89.13,Kindergarten
,,St. George School,,East Baton Rouge,96.52,6th Grade
,,St. George School,,East Baton Rouge,96.43,Kindergarten
,,St. James Episcopal Day School,,East Baton Rouge,97.3,Kindergarten
,,St. Jean Vianney School,,East Baton Rouge,95.45,6th Grade
,,St. Jean Vianney School,,East Baton Rouge,98.08,Kindergarten
,,St. Joseph's Academy,,East Baton Rouge,99.24,11th Grade
,,St. Jude School,,East Baton Rouge,100.0,6th Grade
,,St. Jude School,,East Baton Rouge,93.1,Kindergarten
,,St. Luke's Episcopal School,,East Baton Rouge,91.67,6th Grade
,,St. Thomas More School,,East Baton Rouge,98.41,6th Grade
,,St. Thomas More School,,East Baton Rouge,100.0,Kindergarten
,,Tara High School,,East Baton Rouge,88.62,11th Grade
,,The Dunham School,,East Baton Rouge,98.0,6th Grade
,,The Dunham School,,East Baton Rouge,91.43,11th Grade
,,The Dunham School,,East Baton Rouge,75.61,Kindergarten
,,The Emerge School For Autism,,East Baton Rouge,90.0,Kindergarten
,,Thrive Academy,,East Baton Rouge,100.0,11th Grade
,,Twin Oaks Elementary School,,East Baton Rouge,73.33,Kindergarten
,,Victory Academy,,East Baton Rouge,90.32,6th Grade
,,Victory Academy,,East Baton Rouge,48.0,Kindergarten
,,Villa Del Rey Elementary School,,East Baton Rouge,91.11,Kindergarten
,,Wedgewood Elementary School,,East Baton Rouge,84.06,Kindergarten
,,Westminster Elementary School,,East Baton Rouge,87.1,Kindergarten
,,Wildwood Elementary School,,East Baton Rouge,93.33,Kindergarten
,,Woodlawn Elementary School,,East Baton Rouge,90.8,Kindergarten
,,Woodlawn High School,,East Baton Rouge,90.36,11th Grade
,,Woodlawn Middle School,,East Baton Rouge,91.96,6th Grade
,,Zachary High School,,East Baton Rouge,97.92,11th Grade
,,Briarfield Academy,,East Carroll,100.0,6th Grade
,,General Trass High School,,East Carroll,100.0,11th Grade
,,Clinton Elementary School,,East Feliciana,100.0,6th Grade
,,Clinton Elementary School,,East Feliciana,96.3,Kindergarten
,,East Feliciana High School,,East Feliciana,100.0,11th Grade
,,Jackson Elementary School,,East Feliciana,100.0,6th Grade
,,Jackson Elementary School,,East Feliciana,93.75,Kindergarten
,,Silliman Institute,,East Feliciana,92.86,6th Grade
,,Silliman Institute,,East Feliciana,92.0,11th Grade
,,Slaughter Community Charter School,,East Feliciana,100.0,11th Grade
,,Slaughter Elementary School,,East Feliciana,100.0,6th Grade
,,Slaughter Elementary School,,East Feliciana,91.23,Kindergarten
,,Basile High School,,Evangeline,94.64,6th Grade
,,Basile High School,,Evangeline,98.21,11th Grade
,,Bayou Chicot Elementary School,,Evangeline,95.65,6th Grade
,,Bayou Chicot Elementary School,,Evangeline,100.0,Kindergarten
,,Chataignier Elementary School,,Evangeline,100.0,6th Grade
,,Chataignier Elementary School,,Evangeline,100.0,Kindergarten
,,Evangeline Reimagine Academy,,Evangeline,100.0,6th Grade
,,James Stephens Montessori School,,Evangeline,100.0,6th Grade
,,James Stephens Montessori School,,Evangeline,100.0,Kindergarten
,,Mamou Elementary School,,Evangeline,97.18,Kindergarten
,,Mamou High School,,Evangeline,99.26,11th Grade
,,Mamou Jr. High School,,Evangeline,96.43,6th Grade
,,Pine Prairie High School,,Evangeline,100.0,11th Grade
,,Pine Prairie High School,,Evangeline,86.76,Kindergarten
,,Sacred Heart Elementary School,,Evangeline,100.0,6th Grade
,,Sacred Heart Elementary School,,Evangeline,85.96,Kindergarten
,,Sacred Heart High School,,Evangeline,93.88,11th Grade
,,Vidrine Elementary School,,Evangeline,100.0,6th Grade
,,Vidrine Elementary School,,Evangeline,76.67,Kindergarten
,,Ville Platte Elementary School,,Evangeline,98.11,Kindergarten
,,Ville Platte High School,,Evangeline,99.02,11th Grade
,,W. W. Stewart Elementary School,,Evangeline,87.27,Kindergarten
,,Baskin School,,Franklin,95.0,6th Grade
,,Baskin School,,Franklin,88.0,Kindergarten
,,Crowville School,,Franklin,100.0,6th Grade
,,Crowville School,,Franklin,87.5,Kindergarten
,,Family Community Christian School,,Franklin,100.0,6th Grade
,,Fort Necessity School,,Franklin,100.0,6th Grade
,,Fort Necessity School,,Franklin,81.25,Kindergarten
,,Franklin Academy,,Franklin,72.73,6th Grade
,,Franklin Academy,,Franklin,100.0,11th Grade
,,Franklin Academy,,Franklin,50.0,Kindergarten
,,Franklin Parish High School,,Franklin,100.0,11th Grade
,,Gilbert School,,Franklin,100.0,6th Grade
,,Gilbert School,,Franklin,89.74,Kindergarten
,,Winnsboro Elementary School,,Franklin,93.33,Kindergarten
,,Georgetown High School,,Grant,93.33,6th Grade
,,Georgetown High School,,Grant,100.0,11th Grade
,,Georgetown High School,,Grant,93.75,Kindergarten
,,Grant High School,,Grant,97.78,11th Grade
,,Grant Junior High School,,Grant,96.62,6th Grade
,,Montgomery High School,,Grant,92.0,6th Grade
,,Montgomery High School,,Grant,92.86,11th Grade
,,Pollock Elementary School,,Grant,89.47,Kindergarten
,,South Grant Elementary School,,Grant,90.32,Kindergarten
,,Verda Elementary School,,Grant,88.89,Kindergarten
,,Acadiana Christian School,,Iberia,86.36,6th Grade
,,Acadiana Christian School,,Iberia,100.0,11th Grade
,,Acadiana Christian School,,Iberia,60.0,Kindergarten
,,Belle Place Elementary,,Iberia,100.0,6th Grade
,,Belle Place Elementary,,Iberia,94.34,Kindergarten
,,Caneview Elementary School,,Iberia,100.0,6th Grade
,,Caneview Elementary School,,Iberia,85.45,Kindergarten
,,Catholic High School,,Iberia,98.51,6th Grade
,,Catholic High School,,Iberia,100.0,11th Grade
,,Center Street Elementary School,,Iberia,97.78,6th Grade
,,Center Street Elementary School,,Iberia,96.3,Kindergarten
,,Coteau Elementary School,,Iberia,100.0,6th Grade
,,Coteau Elementary School,,Iberia,95.35,Kindergarten
,,Daspit Road Elementary School,,Iberia,100.0,6th Grade
,,Daspit Road Elementary School,,Iberia,96.83,Kindergarten
,,Delcambre Elementary School,,Iberia,89.66,Kindergarten
,,Delcambre High School,,Iberia,100.0,6th Grade
,,Delcambre High School,,Iberia,100.0,11th Grade
,,Highland Baptist Christian School,,Iberia,96.97,6th Grade
,,Highland Baptist Christian School,,Iberia,96.88,11th Grade
,,Highland Baptist Christian School,,Iberia,86.67,Kindergarten
,,Jeanerette High School,,Iberia,100.0,11th Grade
,,Jefferson Island Elementary School,,Iberia,100.0,6th Grade
,,Jefferson Island Elementary School,,Iberia,96.83,Kindergarten
,,John Hopkins Elementary School,,Iberia,100.0,6th Grade
,,John Hopkins Elementary School,,Iberia,97.37,Kindergarten
,,Loreauville Elementary School,,Iberia,98.84,6th Grade
,,Loreauville Elementary School,,Iberia,98.75,Kindergarten
,,Loreauville High School,,Iberia,100.0,11th Grade
,,Magnolia Elementary School,,Iberia,100.0,6th Grade
,,Magnolia Elementary School,,Iberia,92.73,Kindergarten
,,New Iberia Senior High School,,Iberia,99.28,11th Grade
,,North Lewis Elementary School,,Iberia,98.25,6th Grade
,,North Lewis Elementary School,,Iberia,97.14,Kindergarten
,,Park Elementary School,,Iberia,97.83,6th Grade
,,Park Elementary School,,Iberia,95.65,Kindergarten
,,Pesson Addition Elementary School,,Iberia,100.0,6th Grade
,,Pesson Addition Elementary School,,Iberia,93.06,Kindergarten
,,St. Charles Street Elementary School,,Iberia,100.0,6th Grade
,,St. Charles Street Elementary School,,Iberia,96.67,Kindergarten
,,St. Edward School,,Iberia,86.27,Kindergarten
,,Westgate High School,,Iberia,100.0,11th Grade
,,Crescent Elementary School,,Iberville,100.0,6th Grade
,,Crescent Elementary School,,Iberville,100.0,Kindergarten
,,Dorseyville Elementary School,,Iberville,100.0,6th Grade
,,Dorseyville Elementary School,,Iberville,90.91,Kindergarten
,,East Iberville Elementary/High School,,Iberville,100.0,6th Grade
,,East Iberville Elementary/High School,,Iberville,100.0,11th Grade
,,East Iberville Elementary/High School,,Iberville,100.0,Kindergarten
,,Iberville Charter Academy,,Iberville,100.0,6th Grade
,,Iberville Charter Academy,,Iberville,95.45,Kindergarten
,,Iberville Elementary School,,Iberville,100.0,6th Grade
,,Iberville Elementary School,,Iberville,98.31,Kindergarten
,,Iberville Stem Academy,,Iberville,100.0,11th Grade
,,"Math, Science & Arts Academy East",,Iberville,100.0,6th Grade
,,"Math, Science & Arts Academy East",,Iberville,100.0,11th Grade
,,"Math, Science & Arts Academy East",,Iberville,90.63,Kindergarten
,,"Math, Science & Arts Academy West",,Iberville,98.67,6th Grade
,,"Math, Science & Arts Academy West",,Iberville,98.31,11th Grade
,,"Math, Science & Arts Academy West",,Iberville,98.7,Kindergarten
,,North Iberville Elementary School,,Iberville,100.0,6th Grade
,,North Iberville Elementary School,,Iberville,91.3,Kindergarten
,,Plaquemine Senior High School,,Iberville,100.0,11th Grade
,,St. John School/Iberville,,Iberville,100.0,6th Grade
,,St. John School/Iberville,,Iberville,100.0,11th Grade
,,St. John School/Iberville,,Iberville,90.91,Kindergarten
,,White Castle High School,,Iberville,100.0,11th Grade
,,Jonesboro Hodge Elementary School,,Jackson,97.14,Kindergarten
,,Jonesboro-Hodge High School,,Jackson,100.0,11th Grade
,,Jonesboro-Hodge Middle School,,Jackson,100.0,6th Grade
,,Quitman High School,,Jackson,97.78,6th Grade
,,Quitman High School,,Jackson,100.0,11th Grade
,,Quitman High School,,Jackson,94.29,Kindergarten
,,Weston High School,,Jackson,100.0,6th Grade
,,Weston High School,,Jackson,97.44,11th Grade
,,Weston High School,,Jackson,96.77,Kindergarten
,,A.C. Alexander Elementary School,,Jefferson,100.0,6th Grade
,,A.C. Alexander Elementary School,,Jefferson,100.0,Kindergarten
,,Academy of Our Lady,,Jefferson,100.0,11th Grade
,,Adams Middle School,,Jefferson,98.72,6th Grade
,,Airline Academy For Advanced Studies,,Jefferson,94.23,Kindergarten
,,Alfred Bonnabel High School,,Jefferson,96.69,11th Grade
,,Alice M.Birney Elementary School,,Jefferson,100.0,Kindergarten
,,Archbishop Chapelle High School,,Jefferson,99.22,11th Grade
,,Archbishop Rummel Sr. High School,,Jefferson,99.12,11th Grade
,,Arden Cahill Academy,,Jefferson,97.62,6th Grade
,,Arden Cahill Academy,,Jefferson,100.0,11th Grade
,,Athlos Academy of Jefferson Parish,,Jefferson,99.25,6th Grade
,,Athlos Academy of Jefferson Parish,,Jefferson,92.0,Kindergarten
,,Atonement Lutheran School,,Jefferson,86.67,6th Grade
,,Bissonet Plaza Elementary School,,Jefferson,100.0,6th Grade
,,Bissonet Plaza Elementary School,,Jefferson,96.43,Kindergarten
,,Bridgedale Elementary School,,Jefferson,98.59,Kindergarten
,,Catherine Strehle Community School,,Jefferson,100.0,11th Grade
,,Chateau Estates Elementary School,,Jefferson,100.0,6th Grade
,,Chateau Estates Elementary School,,Jefferson,98.33,Kindergarten
,,Concordia Lutheran School,,Jefferson,100.0,6th Grade
,,Concordia Lutheran School,,Jefferson,100.0,Kindergarten
,,Congetta Trippe Janet Elementary School,,Jefferson,98.82,6th Grade
,,Congetta Trippe Janet Elementary School,,Jefferson,91.94,Kindergarten
,,Crescent City Christian School,,Jefferson,100.0,6th Grade
,,Crescent City Christian School,,Jefferson,100.0,11th Grade
,,Dr. John Ochsner Discovery Health Sciences Academy,,Jefferson,92.11,6th Grade
,,Dr. John Ochsner Discovery Health Sciences Academy,,Jefferson,93.15,Kindergarten
,,East Jefferson High School,,Jefferson,98.94,11th Grade
,,Ecole Classique,,Jefferson,100.0,6th Grade
,,Ecole Classique,,Jefferson,100.0,11th Grade
,,Ecole Classique,,Jefferson,100.0,Kindergarten
,,Ella C. Pittman Elementary School,,Jefferson,98.55,Kindergarten
,,Ellender Middle School,,Jefferson,100.0,6th Grade
,,Ellender Middle School,,Jefferson,98.33,Kindergarten
,,Emmett Gilbert School of Excellence,,Jefferson,100.0,6th Grade
,,Emmett Gilbert School of Excellence,,Jefferson,94.57,Kindergarten
,,Estelle Elementary School,,Jefferson,100.0,6th Grade
,,Estelle Elementary School,,Jefferson,97.92,Kindergarten
,,Fisher Middle/High School,,Jefferson,100.0,6th Grade
,,Fisher Middle/High School,,Jefferson,98.39,11th Grade
,,Fredrick Douglass Community,,Jefferson,100.0,6th Grade
,,G.T. Woods Elementary School,,Jefferson,100.0,6th Grade
,,G.T. Woods Elementary School,,Jefferson,97.5,Kindergarten
,,George Cox Elementary School,,Jefferson,100.0,Kindergarten
,,Geraldine Boudreaux Elementary School,,Jefferson,100.0,6th Grade
,,Geraldine Boudreaux Elementary School,,Jefferson,96.88,Kindergarten
,,Grand Isle High School,,Jefferson,100.0,11th Grade
,,Green Park Elementary School,,Jefferson,100.0,Kindergarten
,,Greenlawn Terrace Elementary School,,Jefferson,97.59,Kindergarten
,,Gretna No. 2 Academy For Advanced Studies,,Jefferson,100.0,Kindergarten
,,Harahan Elementary School,,Jefferson,97.73,6th Grade
,,Harahan Elementary School,,Jefferson,97.44,Kindergarten
,,Harold Keller Elementary School,,Jefferson,94.67,Kindergarten
,,Harry S. Truman Middle School,,Jefferson,100.0,6th Grade
,,Harry S. Truman Middle School,,Jefferson,91.55,Kindergarten
,,Haynes Academy School For Advanced Studies,,Jefferson,99.16,6th Grade
,,Haynes Academy School For Advanced Studies,,Jefferson,100.0,11th Grade
,,Hazel Park/Hilda Knoff School,,Jefferson,95.24,6th Grade
,,Hazel Park/Hilda Knoff School,,Jefferson,93.1,Kindergarten
,,Immaculate Conception School,,Jefferson,98.51,6th Grade
,,Immaculate Conception School,,Jefferson,94.67,Kindergarten
,,Isaac G. Joseph Elementary,,Jefferson,96.67,Kindergarten
,,Islamic School of Greater New Orleans,,Jefferson,100.0,6th Grade
,,Islamic School of Greater New Orleans,,Jefferson,81.48,Kindergarten
,,J.C. Ellis Elementary School,,Jefferson,100.0,6th Grade
,,J.C. Ellis Elementary School,,Jefferson,96.43,Kindergarten
,,J.D. Meisler Middle School,,Jefferson,97.74,6th Grade
,,J.J. Audubon Elementary School,,Jefferson,100.0,6th Grade
,,J.J. Audubon Elementary School,,Jefferson,100.0,Kindergarten
,,Jcfa East,,Jefferson,96.97,11th Grade
,,Jcfa West,,Jefferson,100.0,11th Grade
,,Jefferson Elementary School,,Jefferson,98.15,6th Grade
,,Jefferson Elementary School,,Jefferson,96.08,Kindergarten
,,Jefferson Rise Charter School,,Jefferson,100.0,6th Grade
,,Jefferson Rise Charter School,,Jefferson,96.25,11th Grade
,,Jefferson Virtual High School,,Jefferson,94.74,11th Grade
,,Jewish Community Day School,,Jefferson,100.0,Kindergarten
,,John Clancy Elementary School,,Jefferson,96.67,Kindergarten
,,John Curtis Christian School,,Jefferson,96.92,6th Grade
,,John Curtis Christian School,,Jefferson,97.17,11th Grade
,,John Curtis Christian School,,Jefferson,93.02,Kindergarten
,,John Ehret High School,,Jefferson,99.34,11th Grade
,,Joseph C. Moscana School,,Jefferson,100.0,6th Grade
,,Joseph C. Moscana School,,Jefferson,100.0,Kindergarten
,,Kehoe-France School,,Jefferson,94.44,6th Grade
,,Kehoe-France School,,Jefferson,94.59,Kindergarten
,,Kenner Discovery Health Sciences Academy,,Jefferson,99.35,6th Grade
,,Kenner Discovery Health Sciences Academy,,Jefferson,98.45,11th Grade
,,Kenner Discovery Health Sciences Academy,,Jefferson,97.92,Kindergarten
,,Knights Academy And High School,,Jefferson,100.0,11th Grade
,,L.H. Marrero Middle School,,Jefferson,96.14,6th Grade
,,L.W. Higgins High School,,Jefferson,99.45,11th Grade
,,Laureate Academy Charter School,,Jefferson,100.0,6th Grade
,,Laureate Academy Charter School,,Jefferson,96.23,Kindergarten
,,Leo E. Kerner Jr. Elementary School,,Jefferson,97.96,Kindergarten
,,Lincoln Elementary For the Arts,,Jefferson,100.0,6th Grade
,,Lincoln Elementary For the Arts,,Jefferson,97.62,Kindergarten
,,Lionel Collins Montessori,,Jefferson,93.48,Kindergarten
,,Livaudais Middle School,,Jefferson,99.6,6th Grade
,,Lucille Cherbonnier Elementary School,,Jefferson,100.0,6th Grade
,,Lucille Cherbonnier Elementary School,,Jefferson,95.56,Kindergarten
,,Marie B. Riviere Elementary School,,Jefferson,96.63,Kindergarten
,,Mcdonogh #26 Elementary School,,Jefferson,97.87,Kindergarten
,,Memorial Baptist School,,Jefferson,94.74,6th Grade
,,Memorial Baptist School,,Jefferson,82.0,Kindergarten
,,Metairie Academy For Advanced Studies,,Jefferson,97.3,Kindergarten
,,Metairie Park Country Day School,,Jefferson,100.0,6th Grade
,,Metairie Park Country Day School,,Jefferson,98.41,11th Grade
,,Metairie Park Country Day School,,Jefferson,95.74,Kindergarten
,,Muslim Academy,,Jefferson,100.0,6th Grade
,,Muslim Academy,,Jefferson,100.0,11th Grade
,,Patrick F. Taylor Science & Technology Academy,,Jefferson,100.0,6th Grade
,,Patrick F. Taylor Science & Technology Academy,,Jefferson,100.0,11th Grade
,,Paul J. Solis Elementary School,,Jefferson,96.21,Kindergarten
,,Phoebe Hearst School,,Jefferson,98.36,Kindergarten
,,Ralph J. Bunche School,,Jefferson,97.92,Kindergarten
,,Ray St. Pierre Academy,,Jefferson,100.0,Kindergarten
,,Riverdale High School,,Jefferson,99.66,11th Grade
,,Rudolph Matas School,,Jefferson,100.0,6th Grade
,,Rudolph Matas School,,Jefferson,98.0,Kindergarten
,,Ruppel Academie Francais,,Jefferson,96.15,6th Grade
,,Ruppel Academie Francais,,Jefferson,97.73,Kindergarten
,,Shirley Johnson/Gretna Park Elementary School,,Jefferson,100.0,Kindergarten
,,St. Angela Merici School,,Jefferson,96.15,6th Grade
,,St. Angela Merici School,,Jefferson,87.18,Kindergarten
,,St. Ann School,,Jefferson,100.0,6th Grade
,,St. Ann School,,Jefferson,98.96,Kindergarten
,,St. Anthony School,,Jefferson,100.0,6th Grade
,,St. Anthony School,,Jefferson,94.74,Kindergarten
,,St. Benilde School,,Jefferson,100.0,6th Grade
,,St. Catherine of Siena School,,Jefferson,98.67,6th Grade
,,St. Catherine of Siena School,,Jefferson,96.15,Kindergarten
,,St. Christopher School,,Jefferson,95.0,6th Grade
,,St. Clement of Rome School,,Jefferson,100.0,6th Grade
,,St. Clement of Rome School,,Jefferson,94.12,Kindergarten
,,St. Cletus School,,Jefferson,100.0,6th Grade
,,St. Cletus School,,Jefferson,96.77,Kindergarten
,,St. Edward the Confessor School,,Jefferson,96.3,6th Grade
,,St. Edward the Confessor School,,Jefferson,91.18,Kindergarten
,,St. Elizabeth Ann Seton School,,Jefferson,97.96,6th Grade
,,St. Elizabeth Ann Seton School,,Jefferson,97.92,Kindergarten
,,St. Francis Xavier School,,Jefferson,100.0,6th Grade
,,St. Francis Xavier School,,Jefferson,97.73,Kindergarten
,,St. Louis King of France School,,Jefferson,100.0,6th Grade
,,St. Louis King of France School,,Jefferson,100.0,Kindergarten
,,St. Martin's Episcopal School,,Jefferson,95.83,6th Grade
,,St. Martin's Episcopal School,,Jefferson,92.86,11th Grade
,,St. Martin's Episcopal School,,Jefferson,94.74,Kindergarten
,,St. Matthew the Apostle School,,Jefferson,95.45,6th Grade
,,St. Matthew the Apostle School,,Jefferson,91.18,Kindergarten
,,St. Philip Neri School,,Jefferson,100.0,6th Grade
,,St. Philip Neri School,,Jefferson,93.75,Kindergarten
,,St. Rita School,,Jefferson,100.0,6th Grade
,,St. therese Academy,,Jefferson,82.35,11th Grade
,,Stella Worley Middle School,,Jefferson,95.38,6th Grade
,,Stepping Stones Montessori School,,Jefferson,80.95,Kindergarten
,,T.H. Harris Middle School,,Jefferson,98.86,6th Grade
,,Terrytown Academy,,Jefferson,100.0,6th Grade
,,Terrytown Elementary School,,Jefferson,96.74,Kindergarten
,,Thomas Jefferson Senior High School,,Jefferson,92.31,6th Grade
,,Thomas Jefferson Senior High School,,Jefferson,98.28,11th Grade
,,Tom Benson Elementary,,Jefferson,96.88,6th Grade
,,Tom Benson Elementary,,Jefferson,98.55,Kindergarten
,,Victory Christian Academy,,Jefferson,100.0,6th Grade
,,Victory Christian Academy,,Jefferson,82.61,Kindergarten
,,Visitation of Our Lady School,,Jefferson,96.88,6th Grade
,,Visitation of Our Lady School,,Jefferson,92.68,Kindergarten
,,Walter G. Schneckenburger Elem School,,Jefferson,97.83,Kindergarten
,,West Jefferson High School,,Jefferson,98.96,11th Grade
,,William Hart Elementary School,,Jefferson,98.04,Kindergarten
,,Woodland West Elementary School,,Jefferson,100.0,6th Grade
,,Woodland West Elementary School,,Jefferson,94.74,Kindergarten
,,Woodmere Elementary,,Jefferson,96.3,6th Grade
,,Woodmere Elementary,,Jefferson,96.43,Kindergarten
,,Young Audiences Charter School,,Jefferson,99.33,6th Grade
,,Young Audiences Charter School,,Jefferson,98.59,11th Grade
,,Young Audiences Charter School,,Jefferson,94.25,Kindergarten
,,Young Audiences Charter School at Kate Middleton,,Jefferson,100.0,6th Grade
,,Young Audiences Charter School at Kate Middleton,,Jefferson,96.3,11th Grade
,,Elton Elementary School,,Jefferson Davis,87.5,Kindergarten
,,Elton High School,,Jefferson Davis,97.37,6th Grade
,,Elton High School,,Jefferson Davis,100.0,11th Grade
,,Fenton Elementary School,,Jefferson Davis,100.0,6th Grade
,,Fenton Elementary School,,Jefferson Davis,100.0,Kindergarten
,,Hathaway High School,,Jefferson Davis,97.37,6th Grade
,,Hathaway High School,,Jefferson Davis,100.0,11th Grade
,,Hathaway High School,,Jefferson Davis,89.8,Kindergarten
,,James Ward Elementary School,,Jefferson Davis,96.33,Kindergarten
,,Jennings Elementary School,,Jefferson Davis,89.39,6th Grade
,,Jennings High School,,Jefferson Davis,99.2,11th Grade
,,Lacassine High School,,Jefferson Davis,97.22,6th Grade
,,Lacassine High School,,Jefferson Davis,100.0,11th Grade
,,Lacassine High School,,Jefferson Davis,92.86,Kindergarten
,,Lake Arthur Elementary School,,Jefferson Davis,100.0,6th Grade
,,Lake Arthur Elementary School,,Jefferson Davis,94.0,Kindergarten
,,Lake Arthur High School,,Jefferson Davis,100.0,11th Grade
,,Our Lady Immaculate School,,Jefferson Davis,92.31,6th Grade
,,Our Lady Immaculate School,,Jefferson Davis,69.57,Kindergarten
,,Welsh Elementary School,,Jefferson Davis,93.24,Kindergarten
,,Welsh High School,,Jefferson Davis,100.0,11th Grade
,,Welsh-Roanoke Junior High School,,Jefferson Davis,94.12,6th Grade
,,Fellowship Elementary School,,La Salle,100.0,6th Grade
,,Fellowship Elementary School,,La Salle,90.48,Kindergarten
,,Jena Elementary School,,La Salle,90.53,Kindergarten
,,Jena High School,,La Salle,98.23,11th Grade
,,Jena Junior High School,,La Salle,95.19,6th Grade
,,Lasalle High School,,La Salle,95.83,11th Grade
,,Lasalle Junior High School,,La Salle,97.92,6th Grade
,,Nebo Elementary School,,La Salle,100.0,6th Grade
,,Nebo Elementary School,,La Salle,100.0,Kindergarten
,,Olla-Standard Elementary School,,La Salle,95.16,Kindergarten
,,Acadian Middle School,,Lafayette,99.1,6th Grade
,,Acadiana High School,,Lafayette,96.69,11th Grade
,,Acadiana Renaissance Charter Academy,,Lafayette,94.12,6th Grade
,,Acadiana Renaissance Charter Academy,,Lafayette,94.01,11th Grade
,,Acadiana Renaissance Charter Academy,,Lafayette,85.76,Kindergarten
,,Alice N. Boucher Elementary School,,Lafayette,88.33,Kindergarten
,,Ascension Episcopal School,,Lafayette,90.63,6th Grade
,,Billeaud Elementary,,Lafayette,89.86,Kindergarten
,,Broadmoor Elementary School,,Lafayette,91.35,Kindergarten
,,Broussard Middle School,,Lafayette,98.6,6th Grade
,,Carencro Bob Lilly Elementary School,,Lafayette,92.73,Kindergarten
,,Carencro Catholic Elementary School,,Lafayette,100.0,6th Grade
,,Carencro Catholic Elementary School,,Lafayette,86.36,Kindergarten
,,Carencro High School,,Lafayette,99.57,11th Grade
,,Carencro Middle School,,Lafayette,98.05,6th Grade
,,Cathedral Carmel School,,Lafayette,97.78,6th Grade
,,Cathedral Carmel School,,Lafayette,95.0,Kindergarten
,,Charles M. Burke Elementary School,,Lafayette,89.87,Kindergarten
,,Duson Elementary School,,Lafayette,77.78,Kindergarten
,,Early College Academy,,Lafayette,100.0,11th Grade
,,Edgar Martin Middle School,,Lafayette,96.32,6th Grade
,,Episcopal School of Acadiana,,Lafayette,92.31,Kindergarten
,,Ernest Gallet Elementary School,,Lafayette,88.89,Kindergarten
,,Evangeline Elementary School,,Lafayette,95.88,Kindergarten
,,First Baptist Christian School,,Lafayette,91.67,6th Grade
,,First Baptist Christian School,,Lafayette,92.31,11th Grade
,,First Baptist Christian School,,Lafayette,78.79,Kindergarten
,,Green T. Lindon Elementary School,,Lafayette,93.88,Kindergarten
,,Holy Family Catholic School,,Lafayette,91.84,Kindergarten
,,J. Wallace James Elementary School,,Lafayette,100.0,6th Grade
,,J. Wallace James Elementary School,,Lafayette,90.0,Kindergarten
,,J.W. Faulk Elementary School,,Lafayette,97.62,6th Grade
,,J.W. Faulk Elementary School,,Lafayette,85.71,Kindergarten
,,Jcfa-Lafayette,,Lafayette,100.0,11th Grade
,,John Paul the Great Academy/Lafayette,,Lafayette,92.86,6th Grade
,,John Paul the Great Academy/Lafayette,,Lafayette,88.46,11th Grade
,,John Paul the Great Academy/Lafayette,,Lafayette,57.14,Kindergarten
,,Judice Middle School,,Lafayette,96.06,6th Grade
,,Katharine Drexel Elementary School,,Lafayette,87.36,Kindergarten
,,L. Leo Judice Elementary School,,Lafayette,96.83,6th Grade
,,L. Leo Judice Elementary School,,Lafayette,96.67,Kindergarten
,,L.J. Alleman Middle School,,Lafayette,95.98,6th Grade
,,Lafayette Christian Academy,,Lafayette,92.19,6th Grade
,,Lafayette Christian Academy,,Lafayette,95.65,11th Grade
,,Lafayette Christian Academy,,Lafayette,80.3,Kindergarten
,,Lafayette High School,,Lafayette,96.49,11th Grade
,,Lafayette Middle School,,Lafayette,98.86,6th Grade
,,Lafayette Renaissance Charter Academy,,Lafayette,98.77,6th Grade
,,Lafayette Renaissance Charter Academy,,Lafayette,62.5,11th Grade
,,Lafayette Renaissance Charter Academy,,Lafayette,92.31,Kindergarten
,,Live Oak Elementary School,,Lafayette,88.41,Kindergarten
,,Middlebrook Elementary School,,Lafayette,97.01,Kindergarten
,,Milton Elementary School,,Lafayette,98.11,6th Grade
,,Milton Elementary School,,Lafayette,87.7,Kindergarten
,,Myrtle Place Elementary School,,Lafayette,91.67,Kindergarten
,,Northside High School,,Lafayette,99.27,11th Grade
,,O. Comeaux High School,,Lafayette,98.47,11th Grade
,,Ossun Elementary School,,Lafayette,91.3,Kindergarten
,,Our Lady of Fatima School,,Lafayette,97.99,6th Grade
,,Our Lady of Fatima School,,Lafayette,89.13,Kindergarten
,,Paul Breaux Middle School,,Lafayette,100.0,6th Grade
,,Prairie Elementary School,,Lafayette,97.53,6th Grade
,,Prairie Elementary School,,Lafayette,94.44,Kindergarten
,,Raphael Baranco Elem,,Lafayette,80.0,Kindergarten
,,Ridge Elementary School,,Lafayette,95.0,Kindergarten
,,S.J. Montgomery Elementary School,,Lafayette,96.51,Kindergarten
,,Scott Middle School,,Lafayette,97.6,6th Grade
,,Southside High School,,Lafayette,98.34,11th Grade
,,St. Cecilia School,,Lafayette,95.65,6th Grade
,,St. Cecilia School,,Lafayette,75.68,Kindergarten
,,St. Genevieve School,,Lafayette,83.72,Kindergarten
,,St. Peter & Paul Catholic School,,Lafayette,96.88,6th Grade
,,St. Peter & Paul Catholic School,,Lafayette,92.68,Kindergarten
,,St. Pius Elementary School,,Lafayette,94.81,6th Grade
,,St. Pius Elementary School,,Lafayette,78.13,Kindergarten
,,St. Thomas More Catholic High School,,Lafayette,96.36,11th Grade
,,Sts. Leo-Seton School,,Lafayette,97.83,6th Grade
,,Sts. Leo-Seton School,,Lafayette,90.57,Kindergarten
,,Teurlings Catholic High School,,Lafayette,98.71,11th Grade
,,Thibodeaux Technical/Stems,,Lafayette,97.57,6th Grade
,,Thibodeaux Technical/Stems,,Lafayette,98.76,11th Grade
,,Westminster Christian Academy,,Lafayette,93.18,6th Grade
,,Westminster Christian Academy,,Lafayette,81.82,11th Grade
,,Westminster Christian Academy,,Lafayette,68.63,Kindergarten
,,Westside Elementary School,,Lafayette,93.33,Kindergarten
,,Willow Charter Academy,,Lafayette,98.48,6th Grade
,,Willow Charter Academy,,Lafayette,91.89,Kindergarten
,,Woodvale Elementary School,,Lafayette,87.5,Kindergarten
,,Youngsville Middle School,,Lafayette,98.29,6th Grade
,,Bayou Blue Elementary School,,Lafourche,94.78,Kindergarten
,,Bayou Blue Middle School,,Lafourche,97.5,6th Grade
,,Bayou Boeuf Elementary School,,Lafourche,96.77,Kindergarten
,,Bayou Community Academy,,Lafourche,98.18,6th Grade
,,Bayou Community Academy,,Lafourche,91.07,Kindergarten
,,Central Lafourche High School,,Lafourche,98.28,11th Grade
,,Chackbay Elementary School,,Lafourche,97.96,Kindergarten
,,Cut off Elementary School,,Lafourche,92.86,Kindergarten
,,E.D. White Catholic High School,,Lafourche,96.48,11th Grade
,,Galliano Elementary School,,Lafourche,97.78,Kindergarten
,,Golden Meadow Lower Elementary School,,Lafourche,91.3,Kindergarten
,,Golden Meadow Middle School,,Lafourche,99.01,6th Grade
,,Holy Rosary School,,Lafourche,90.0,6th Grade
,,Holy Rosary School,,Lafourche,84.21,Kindergarten
,,Larose-Cut off Middle School,,Lafourche,97.92,6th Grade
,,Lockport Lower Elementary School,,Lafourche,91.09,Kindergarten
,,Lockport Middle School,,Lafourche,92.21,6th Grade
,,North Larose Lower Elementary School,,Lafourche,94.12,Kindergarten
,,Raceland Lower Elementary School,,Lafourche,93.33,Kindergarten
,,Raceland Middle School,,Lafourche,98.78,6th Grade
,,Sixth Ward Middle School,,Lafourche,97.92,6th Grade
,,South Lafourche High School,,Lafourche,99.63,11th Grade
,,South Larose Lower Elementary School,,Lafourche,92.68,Kindergarten
,,St. Charles Elementary School,,Lafourche,87.5,Kindergarten
,,St. Genevieve School,,Lafourche,94.55,6th Grade
,,St. Genevieve School,,Lafourche,87.84,Kindergarten
,,St. Joseph Elementary School,,Lafourche,98.55,6th Grade
,,St. Joseph Elementary School,,Lafourche,80.0,Kindergarten
,,St. Mary's Nativity School,,Lafourche,100.0,6th Grade
,,St. Mary's Nativity School,,Lafourche,96.15,Kindergarten
,,The Max Charter School,,Lafourche,92.31,6th Grade
,,Thibodaux Elementary School,,Lafourche,93.81,Kindergarten
,,Thibodaux High School,,Lafourche,96.38,11th Grade
,,Thibodaux Middle School,,Lafourche,99.44,6th Grade
,,Virtual Academy of Lafourche,,Lafourche,92.86,6th Grade
,,Virtual Academy of Lafourche,,Lafourche,94.0,11th Grade
,,Virtual Academy of Lafourche,,Lafourche,92.31,Kindergarten
,,A. E. Phillips Laboratory School,,Lincoln,100.0,6th Grade
,,A. E. Phillips Laboratory School,,Lincoln,91.49,Kindergarten
,,Cedar Creek School,,Lincoln,95.35,6th Grade
,,Cedar Creek School,,Lincoln,100.0,11th Grade
,,Cedar Creek School,,Lincoln,89.29,Kindergarten
,,Choudrant Elementary School,,Lincoln,87.3,Kindergarten
,,Choudrant High School,,Lincoln,97.18,6th Grade
,,Choudrant High School,,Lincoln,100.0,11th Grade
,,Dubach School,,Lincoln,92.31,Kindergarten
,,Glenview Elementary School,,Lincoln,96.72,Kindergarten
,,Hillcrest Elementary School,,Lincoln,95.58,Kindergarten
,,I. A. Lewis Elementary School,,Lincoln,98.85,6th Grade
,,Lincoln Preparatory School #2,,Lincoln,100.0,6th Grade
,,Lincoln Preparatory School #2,,Lincoln,100.0,11th Grade
,,Ruston High School,,Lincoln,99.29,11th Grade
,,Simsboro High School,,Lincoln,100.0,6th Grade
,,Simsboro High School,,Lincoln,100.0,11th Grade
,,Simsboro High School,,Lincoln,96.67,Kindergarten
,,Albany High School,,Livingston,97.54,11th Grade
,,Albany Lower Elementary School,,Livingston,85.9,Kindergarten
,,Albany Middle School,,Livingston,95.52,6th Grade
,,Amite Christian School,,Livingston,85.71,6th Grade
,,Amite Christian School,,Livingston,77.42,Kindergarten
,,Denham Springs Elementary School,,Livingston,93.51,Kindergarten
,,Denham Springs High School,,Livingston,96.81,11th Grade
,,Denham Springs Junior High School,,Livingston,97.86,6th Grade
,,Doyle Elementary School,,Livingston,90.91,Kindergarten
,,Doyle High School,,Livingston,95.79,6th Grade
,,Doyle High School,,Livingston,98.82,11th Grade
,,Eastside Elementary School,,Livingston,85.07,Kindergarten
,,French Settlement Elementary School,,Livingston,100.0,6th Grade
,,French Settlement Elementary School,,Livingston,92.31,Kindergarten
,,Freshwater Elementary School,,Livingston,92.86,Kindergarten
,,Frost School,,Livingston,100.0,6th Grade
,,Frost School,,Livingston,94.74,Kindergarten
,,Gray's Creek Elementary School,,Livingston,95.59,Kindergarten
,,Holden High School,,Livingston,95.83,6th Grade
,,Holden High School,,Livingston,100.0,11th Grade
,,Holden High School,,Livingston,76.6,Kindergarten
,,Juban Parc Elementary,,Livingston,93.88,Kindergarten
,,Juban Parc Junior High,,Livingston,99.44,6th Grade
,,Levi Milton Elementary School,,Livingston,95.1,Kindergarten
,,Lewis Vincent Elementary School,,Livingston,95.12,Kindergarten
,,Live Oak Elementary School,,Livingston,93.64,Kindergarten
,,Live Oak High School,,Livingston,97.14,11th Grade
,,Live Oak Middle School,,Livingston,97.67,6th Grade
,,Maurepas School,,Livingston,100.0,6th Grade
,,Maurepas School,,Livingston,100.0,11th Grade
,,Maurepas School,,Livingston,95.45,Kindergarten
,,North Corbin Elementary School,,Livingston,87.65,Kindergarten
,,North Corbin Junior High School,,Livingston,99.12,6th Grade
,,North Live Oak Elementary School,,Livingston,87.76,Kindergarten
,,Open Door Christian Academy,,Livingston,87.5,6th Grade
,,Open Door Christian Academy,,Livingston,100.0,11th Grade
,,Open Door Christian Academy,,Livingston,93.55,Kindergarten
,,Seventh Ward Elementary School,,Livingston,90.38,Kindergarten
,,South Fork Elementary,,Livingston,91.92,Kindergarten
,,South Live Oak Elementary School,,Livingston,83.78,Kindergarten
,,South Walker Elementary School,,Livingston,94.81,Kindergarten
,,Southside Elementary School,,Livingston,95.0,Kindergarten
,,Southside Junior High School,,Livingston,98.38,6th Grade
,,Springfield Elementary School,,Livingston,79.38,Kindergarten
,,Springfield Middle School,,Livingston,100.0,6th Grade
,,Walker Elementary School,,Livingston,86.21,Kindergarten
,,Walker High School,,Livingston,97.75,11th Grade
,,Walker Junior High School,,Livingston,98.27,6th Grade
,,Westside Junior High School,,Livingston,97.71,6th Grade
,,Madison High School,,Madison,98.75,11th Grade
,,Madison Middle School,,Madison,97.44,6th Grade
,,Tallulah Academy-Delta Christian School,,Madison,100.0,6th Grade
,,Tallulah Academy-Delta Christian School,,Madison,100.0,11th Grade
,,Tallulah Elementary School,,Madison,88.64,Kindergarten
,,Bastrop High School,,Morehouse,96.95,11th Grade
,,Delta Elementary School,,Morehouse,100.0,6th Grade
,,Delta Elementary School,,Morehouse,97.96,Kindergarten
,,Morehouse Elementary School,,Morehouse,100.0,6th Grade
,,Morehouse Elementary School,,Morehouse,98.28,Kindergarten
,,Morehouse Magnet School,,Morehouse,100.0,6th Grade
,,Morehouse Magnet School,,Morehouse,100.0,Kindergarten
,,Prairie View Academy,,Morehouse,90.48,6th Grade
,,Prairie View Academy,,Morehouse,100.0,11th Grade
,,East Natchitoches Elementary & Middle School,,Natchitoches,100.0,6th Grade
,,Fairview-Alpha Elementary & Junior High School,,Natchitoches,97.06,6th Grade
,,Fairview-Alpha Elementary & Junior High School,,Natchitoches,86.21,Kindergarten
,,Goldonna Elementary & Junior High School,,Natchitoches,100.0,6th Grade
,,Goldonna Elementary & Junior High School,,Natchitoches,85.71,Kindergarten
,,L.P. Vaughn Elementary & Middle School,,Natchitoches,95.4,Kindergarten
,,Lakeview Junior-Senior High School,,Natchitoches,97.37,11th Grade
,,Louisiana School For Math Science And the Arts,,Natchitoches,100.0,11th Grade
,,Marthaville Elementary & Junior High School,,Natchitoches,100.0,6th Grade
,,Marthaville Elementary & Junior High School,,Natchitoches,100.0,Kindergarten
,,N.S.U. Elementary Lab School,,Natchitoches,100.0,Kindergarten
,,N.S.U. Middle Lab School,,Natchitoches,100.0,6th Grade
,,Natchitoches Central High School,,Natchitoches,99.64,11th Grade
,,Natchitoches Magnet School,,Natchitoches,97.14,6th Grade
,,Natchitoches Magnet School,,Natchitoches,100.0,Kindergarten
,,Provencal Elementary & Junior High School,,Natchitoches,100.0,6th Grade
,,Provencal Elementary & Junior High School,,Natchitoches,97.56,Kindergarten
,,St. Mary's Elementary & High School,,Natchitoches,100.0,6th Grade
,,St. Mary's Elementary & High School,,Natchitoches,100.0,11th Grade
,,Abramson Science & Technology Charter School,,Orleans,99.34,11th Grade
,,Academy of the Sacred Heart,,Orleans,100.0,6th Grade
,,Academy of the Sacred Heart,,Orleans,98.28,11th Grade
,,Academy of the Sacred Heart,,Orleans,96.0,Kindergarten
,,Accelerated Academy at Booker T. Washington,,Orleans,99.21,11th Grade
,,Alice Harte Elementary Charter School,,Orleans,94.03,Kindergarten
,,Andrew H. Wilson Charter School,,Orleans,98.21,6th Grade
,,Arthur Ashe Charter,,Orleans,98.82,6th Grade
,,Arthur Ashe Charter,,Orleans,95.08,Kindergarten
,,Audubon Charter Lower School - Broadway,,Orleans,95.7,Kindergarten
,,Audubon Charter School - Gentilly,,Orleans,98.11,6th Grade
,,Audubon Charter School - Gentilly,,Orleans,80.0,Kindergarten
,,Audubon Charter Upper School - Constance,,Orleans,95.24,6th Grade
,,Benjamin Franklin Elem. Math-Science Magnet,,Orleans,97.22,6th Grade
,,Benjamin Franklin Elem. Math-Science Magnet,,Orleans,92.11,Kindergarten
,,Benjamin Franklin High School,,Orleans,98.18,11th Grade
,,Bishop Mcmanus School,,Orleans,100.0,6th Grade
,,Bishop Mcmanus School,,Orleans,87.5,Kindergarten
,,Bricolage Academy,,Orleans,97.14,6th Grade
,,Bricolage Academy,,Orleans,95.06,Kindergarten
,,Brother Martin High School,,Orleans,100.0,11th Grade
,,Cabrini High School,,Orleans,98.55,11th Grade
,,Calvary Baptist School,,Orleans,100.0,6th Grade
,,Calvary Baptist School,,Orleans,66.67,Kindergarten
,,Christian Brothers School,,Orleans,98.81,6th Grade
,,Christian Brothers School - Canal Street Campus,,Orleans,100.0,6th Grade
,,Christian Brothers School - Canal Street Campus,,Orleans,90.48,Kindergarten
,,De La Salle High School,,Orleans,97.89,11th Grade
,,Dorothy Height Charter School,,Orleans,94.44,6th Grade
,,Dorothy Height Charter School,,Orleans,86.02,Kindergarten
,,Dr. Martin Luther King Charter School For Science & Technology,,Orleans,100.0,6th Grade
,,Dwight D. Eisenhower Elementary School,,Orleans,96.88,6th Grade
,,Dwight D. Eisenhower Elementary School,,Orleans,92.5,Kindergarten
,,Ecole Bilingue De La Nouvelle-Orleans,,Orleans,100.0,6th Grade
,,Ecole Bilingue De La Nouvelle-Orleans,,Orleans,79.41,Kindergarten
,,Edna Karr High School,,Orleans,98.24,11th Grade
,,Einstein Charter Vdle School,,Orleans,98.04,Kindergarten
,,Einstein High School,,Orleans,99.04,11th Grade
,,Einstein Middle School,,Orleans,98.7,6th Grade
,,Einstein Sherwood Forest,,Orleans,94.87,Kindergarten
,,Elan Academy,,Orleans,92.31,6th Grade
,,Elan Academy,,Orleans,100.0,Kindergarten
,,Eleanor Mcmain Secondary School,,Orleans,97.12,11th Grade
,,Encore Academy,,Orleans,100.0,6th Grade
,,Esperanza Charter School,,Orleans,97.62,6th Grade
,,Fannie C. Williams Elementary School,,Orleans,100.0,6th Grade
,,Fannie C. Williams Elementary School,,Orleans,98.08,Kindergarten
,,Fredrick A. Douglass High School,,Orleans,96.32,11th Grade
,,G.W. Carver High School,,Orleans,94.71,11th Grade
,,Good Shepherd Nativity Mission School,,Orleans,100.0,6th Grade
,,Harriet Tubman Charter School,,Orleans,92.68,6th Grade
,,Harriet Tubman Charter School,,Orleans,82.0,Kindergarten
,,Harriet Tubman Montessori,,Orleans,78.57,Kindergarten
,,Holy Cross School /Orleans,,Orleans,94.83,6th Grade
,,Holy Cross School /Orleans,,Orleans,99.03,11th Grade
,,Holy Cross School /Orleans,,Orleans,92.31,Kindergarten
,,Holy Name of Jesus School,,Orleans,97.67,6th Grade
,,Holy Name of Jesus School,,Orleans,96.23,Kindergarten
,,Homer A Plessy Com School,,Orleans,96.23,6th Grade
,,Hynes Charter School - Parkview,,Orleans,94.44,6th Grade
,,Hynes Charter School - Parkview,,Orleans,84.91,Kindergarten
,,International High School,,Orleans,95.52,11th Grade
,,International Sch of La/Olivier,,Orleans,87.69,Kindergarten
,,International School of Louisiana-Dixon,,Orleans,96.04,Kindergarten
,,International School of Louisiana/Camp,,Orleans,94.25,6th Grade
,,Isidore Newman School,,Orleans,98.48,6th Grade
,,Isidore Newman School,,Orleans,99.06,11th Grade
,,Isidore Newman School,,Orleans,100.0,Kindergarten
,,John F. Kennedy High School,,Orleans,97.93,11th Grade
,,Kipp Believe College Prep,,Orleans,100.0,6th Grade
,,Kipp Believe Primary,,Orleans,81.25,Kindergarten
,,Kipp Central City Academy,,Orleans,98.75,6th Grade
,,Kipp Central City Primary,,Orleans,92.31,Kindergarten
,,Kipp East Community Primary,,Orleans,95.56,6th Grade
,,Kipp East Community Primary,,Orleans,85.23,Kindergarten
,,Kipp Ernest N Dutch Morial,,Orleans,92.39,Kindergarten
,,Kipp Leadership,,Orleans,80.0,6th Grade
,,Kipp Leadership,,Orleans,96.3,Kindergarten
,,Kipp Morial Middle School,,Orleans,98.92,6th Grade
,,L. B. Landry & O.P. Walker High School,,Orleans,96.06,11th Grade
,,Lake Castle School-Orleans,,Orleans,100.0,6th Grade
,,Lake Castle School-Orleans,,Orleans,96.97,Kindergarten
,,Lake Forest Elementary Charter School,,Orleans,98.46,6th Grade
,,Lake Forest Elementary Charter School,,Orleans,91.89,Kindergarten
,,Lawerence D. Crocker@ Young Audience School,,Orleans,95.65,6th Grade
,,Lawerence D. Crocker@ Young Audience School,,Orleans,81.48,Kindergarten
,,Living School,,Orleans,100.0,11th Grade
,,Livingston Collegiate Academy Orleans,,Orleans,97.64,11th Grade
,,Lycee Francais Priestley Secondary Campus,,Orleans,95.08,6th Grade
,,Lycee Francais Priestley Secondary Campus,,Orleans,100.0,11th Grade
,,Martin Behrman Elementary School,,Orleans,100.0,6th Grade
,,Martin Behrman Elementary School,,Orleans,100.0,11th Grade
,,Martin Behrman Elementary School,,Orleans,92.86,Kindergarten
,,Mary Mcleod Bethune Elementary,,Orleans,94.74,6th Grade
,,Mary Mcleod Bethune Elementary,,Orleans,92.98,Kindergarten
,,Mcdonogh #35 Senior High School,,Orleans,99.3,11th Grade
,,Mcmillian's First Steps,,Orleans,92.0,Kindergarten
,,Mildred Osborne Charter School,,Orleans,92.78,6th Grade
,,Mildred Osborne Charter School,,Orleans,79.01,Kindergarten
,,Morris Jeff Elementary School,,Orleans,95.1,Kindergarten
,,Morris Jeff High School,,Orleans,96.19,11th Grade
,,Morris Jeff Middle School,,Orleans,94.87,6th Grade
,,Mount Carmel Academy,,Orleans,98.56,11th Grade
,,New Harmony High School,,Orleans,83.33,11th Grade
,,New Orleans Charter Science And Mathematics Hs,,Orleans,96.48,11th Grade
,,New Orleans Military & Maritime Academy,,Orleans,100.0,11th Grade
,,Phillis Wheatley Community School,,Orleans,80.28,Kindergarten
,,Pierre A. Capdau School-Uno Charter,,Orleans,91.3,6th Grade
,,Pierre A. Capdau School-Uno Charter,,Orleans,77.78,Kindergarten
,,Renew Dolores T. Aaron Academy,,Orleans,98.46,6th Grade
,,Renew Dolores T. Aaron Academy,,Orleans,93.33,Kindergarten
,,Renew Moton Lakefront Academy,,Orleans,100.0,6th Grade
,,Renew Moton Lakefront Academy,,Orleans,86.49,Kindergarten
,,Renew Schaumburg Elementary School,,Orleans,100.0,6th Grade
,,Renew Schaumburg Elementary School,,Orleans,96.67,Kindergarten
,,Resurrection of Our Lord School,,Orleans,100.0,6th Grade
,,Rooted School,,Orleans,83.33,11th Grade
,,Samuel J. Green Charter School,,Orleans,91.07,6th Grade
,,Samuel J. Green Charter School,,Orleans,87.1,Kindergarten
,,Scitech Academy,,Orleans,98.36,6th Grade
,,Scitech Academy,,Orleans,86.21,Kindergarten
,,Sophie B. Wright Charter School,,Orleans,100.0,11th Grade
,,St. Alphonsus School,,Orleans,100.0,6th Grade
,,St. Alphonsus School,,Orleans,94.12,Kindergarten
,,St. Andrew the Apostle School,,Orleans,97.78,6th Grade
,,St. Andrew the Apostle School,,Orleans,82.86,Kindergarten
,,St. Andrew's Episcopal School,,Orleans,100.0,6th Grade
,,St. Andrew's Episcopal School,,Orleans,100.0,Kindergarten
,,St. Augustine Senior High School,,Orleans,97.58,11th Grade
,,St. Benedict the Moor,,Orleans,93.33,Kindergarten
,,St. Dominic School,,Orleans,100.0,6th Grade
,,St. Dominic School,,Orleans,78.57,Kindergarten
,,St. George's Episcopal School,,Orleans,100.0,6th Grade
,,St. George's Episcopal School,,Orleans,100.0,Kindergarten
,,St. John Lutheran School,,Orleans,100.0,6th Grade
,,St. Katharine Drexel Preparatory,,Orleans,100.0,11th Grade
,,St. Leo the Great Catholic Central,,Orleans,100.0,6th Grade
,,St. Leo the Great Catholic Central,,Orleans,90.63,Kindergarten
,,St. Mary's Academy,,Orleans,100.0,6th Grade
,,St. Mary's Academy,,Orleans,100.0,11th Grade
,,St. Mary's Dominican High School,,Orleans,100.0,11th Grade
,,St. Michael Special School,,Orleans,98.05,Kindergarten
,,St. Paul's Episcopal School,,Orleans,100.0,6th Grade
,,St. Paul's Episcopal School,,Orleans,100.0,Kindergarten
,,St. Pius X School,,Orleans,98.31,6th Grade
,,St. Pius X School,,Orleans,97.18,Kindergarten
,,St. Stephen School,,Orleans,100.0,6th Grade
,,St. Stephen School,,Orleans,92.0,Kindergarten
,,Stuart Hall School,,Orleans,100.0,6th Grade
,,Stuart Hall School,,Orleans,94.29,Kindergarten
,,Success at Thurgood Marshall,,Orleans,100.0,6th Grade
,,Success at Thurgood Marshall,,Orleans,87.8,Kindergarten
,,The Delores Taylor School For Young Men,,Orleans,91.67,11th Grade
,,The Leah Chase School,,Orleans,92.45,Kindergarten
,,The Louise S. Mcgehee School,,Orleans,96.3,6th Grade
,,The Louise S. Mcgehee School,,Orleans,96.43,11th Grade
,,The Louise S. Mcgehee School,,Orleans,100.0,Kindergarten
,,The Net Charter High School: East,,Orleans,98.15,11th Grade
,,Trinity Episcopal School,,Orleans,94.44,6th Grade
,,Trinity Episcopal School,,Orleans,95.56,Kindergarten
,,Ursuline Academy,,Orleans,96.67,6th Grade
,,Ursuline Academy,,Orleans,100.0,11th Grade
,,Ursuline Elementary Academy,,Orleans,90.91,6th Grade
,,Ursuline Elementary Academy,,Orleans,86.67,Kindergarten
,,Waldorf School of New Orleans,,Orleans,80.0,6th Grade
,,Waldorf School of New Orleans,,Orleans,60.0,Kindergarten
,,Walter L Cohen High School,,Orleans,95.0,11th Grade
,,Warren Easton Senior High School,,Orleans,99.38,11th Grade
,,Willow Elementary School - Willow St. Campus,,Orleans,96.06,Kindergarten
,,Willow High School - Freret St. Campus,,Orleans,97.7,11th Grade
,,Willow Middle School - Loyola St. Campus,,Orleans,98.62,6th Grade
,,Barkdull Faulk Elementary School,,Ouachita,100.0,6th Grade
,,Barkdull Faulk Elementary School,,Ouachita,76.19,Kindergarten
,,Berg Jones Elementary School,,Ouachita,93.94,6th Grade
,,Berg Jones Elementary School,,Ouachita,82.69,Kindergarten
,,Boley Elementary School,,Ouachita,94.74,Kindergarten
,,Calhoun Elementary School,,Ouachita,87.5,Kindergarten
,,Calhoun Middle School,,Ouachita,92.62,6th Grade
,,Carroll High School,,Ouachita,99.26,11th Grade
,,Carver Elementary School,,Ouachita,100.0,6th Grade
,,Carver Elementary School,,Ouachita,79.63,Kindergarten
,,Claiborne Christian School,,Ouachita,91.3,6th Grade
,,Claiborne Christian School,,Ouachita,92.31,11th Grade
,,Claiborne Christian School,,Ouachita,60.0,Kindergarten
,,Claiborne School,,Ouachita,82.5,Kindergarten
,,Clara Hall Accelerated School,,Ouachita,81.48,Kindergarten
,,Crosley Elementary School,,Ouachita,83.05,Kindergarten
,,Cypress Point Elementary School,,Ouachita,98.18,6th Grade
,,Cypress Point Elementary School,,Ouachita,84.31,Kindergarten
,,Drew Elementary School,,Ouachita,74.73,Kindergarten
,,East Ouachita Middle School,,Ouachita,97.47,6th Grade
,,George Welch Elementary School,,Ouachita,84.93,Kindergarten
,,Good Hope Middle School,,Ouachita,100.0,11th Grade
,,Highland Elementary School,,Ouachita,89.36,Kindergarten
,,J.S. Clark Elementary School,,Ouachita,96.92,6th Grade
,,J.S. Clark Elementary School,,Ouachita,90.32,Kindergarten
,,Jesus Good Shepherd School,,Ouachita,96.55,6th Grade
,,Jesus Good Shepherd School,,Ouachita,88.46,Kindergarten
,,Kiroli Elementary School,,Ouachita,79.63,Kindergarten
,,Lakeshore School,,Ouachita,88.89,Kindergarten
,,Lenwil Elementary School,,Ouachita,82.5,Kindergarten
,,Lexington Elementary School,,Ouachita,97.26,Kindergarten
,,Madison James Foster Elementary School,,Ouachita,100.0,6th Grade
,,Madison James Foster Elementary School,,Ouachita,72.34,Kindergarten
,,Minnie Ruffin Elementary School,,Ouachita,97.62,6th Grade
,,Minnie Ruffin Elementary School,,Ouachita,77.5,Kindergarten
,,Neville High School,,Ouachita,96.15,11th Grade
,,New Vision Learning Academy,,Ouachita,80.65,Kindergarten
,,Northeast Baptist School,,Ouachita,90.91,6th Grade
,,Northeast Baptist School,,Ouachita,100.0,11th Grade
,,Northeast Baptist School,,Ouachita,71.43,Kindergarten
,,Ouachita Christian School,,Ouachita,84.31,6th Grade
,,Ouachita Christian School,,Ouachita,95.24,11th Grade
,,Ouachita Junior High School,,Ouachita,97.89,6th Grade
,,Ouachita Parish High School,,Ouachita,99.35,11th Grade
,,Our Lady of Fatima School,,Ouachita,100.0,6th Grade
,,Pinecrest Elementary/Middle School,,Ouachita,82.35,6th Grade
,,Pinecrest Elementary/Middle School,,Ouachita,85.0,Kindergarten
,,Quest School,,Ouachita,100.0,6th Grade
,,Richwood High School,,Ouachita,94.94,11th Grade
,,Richwood Middle School,,Ouachita,96.83,6th Grade
,,Riser Elementary School,,Ouachita,93.48,Kindergarten
,,Riser Middle School,,Ouachita,97.27,6th Grade
,,River Oaks School,,Ouachita,80.0,6th Grade
,,River Oaks School,,Ouachita,100.0,11th Grade
,,Roy N. Shelling Sr. Elementary School,,Ouachita,100.0,6th Grade
,,Roy N. Shelling Sr. Elementary School,,Ouachita,78.43,Kindergarten
,,Sallie Humble Elementary School,,Ouachita,95.24,6th Grade
,,Shady Grove Elementary School,,Ouachita,84.0,Kindergarten
,,St. Frederick High School,,Ouachita,97.44,11th Grade
,,Sterlington High School,,Ouachita,98.59,11th Grade
,,Sterlington Middle School,,Ouachita,96.75,6th Grade
,,Swartz Lower Elementary School,,Ouachita,85.42,Kindergarten
,,Swayze Elementary School,,Ouachita,79.17,Kindergarten
,,Thomas Jefferson Elementary,,Ouachita,93.22,6th Grade
,,West Ridge Middle School,,Ouachita,95.98,6th Grade
,,Woodlawn Elementary School,,Ouachita,80.6,Kindergarten
,,Woodlawn Middle School,,Ouachita,98.55,6th Grade
,,Wossman High School,,Ouachita,96.3,11th Grade
,,Belle Chasse Academy,,Plaquemines,97.62,6th Grade
,,Belle Chasse Academy,,Plaquemines,94.05,Kindergarten
,,Belle Chasse High School,,Plaquemines,100.0,11th Grade
,,Belle Chasse Middle School,,Plaquemines,100.0,6th Grade
,,Belle Chasse Primary School,,Plaquemines,92.86,Kindergarten
,,Boothville-Venice Elementary School,,Plaquemines,96.43,6th Grade
,,Boothville-Venice Elementary School,,Plaquemines,97.44,Kindergarten
,,Phoenix High School,,Plaquemines,100.0,6th Grade
,,Phoenix High School,,Plaquemines,100.0,11th Grade
,,Phoenix High School,,Plaquemines,100.0,Kindergarten
,,South Plaquemines Elementary,,Plaquemines,100.0,6th Grade
,,South Plaquemines Elementary,,Plaquemines,96.15,Kindergarten
,,South Plaquemines High School,,Plaquemines,100.0,11th Grade
,,Catholic Elementary School of Pointe Coupee,,Pointe Coupee,100.0,6th Grade
,,Catholic Elementary School of Pointe Coupee,,Pointe Coupee,94.0,Kindergarten
,,False River Academy,,Pointe Coupee,100.0,6th Grade
,,Livonia High School,,Pointe Coupee,100.0,11th Grade
,,Rougon Elementary School,,Pointe Coupee,100.0,6th Grade
,,Rougon Elementary School,,Pointe Coupee,100.0,Kindergarten
,,Stem Magnet Academy of Pointe Coupee,,Pointe Coupee,98.28,6th Grade
,,Stem Magnet Academy of Pointe Coupee,,Pointe Coupee,98.55,11th Grade
,,Upper Pointe Coupee Elementary School,,Pointe Coupee,100.0,6th Grade
,,Upper Pointe Coupee Elementary School,,Pointe Coupee,100.0,Kindergarten
,,Valverda Elementary School,,Pointe Coupee,100.0,6th Grade
,,Valverda Elementary School,,Pointe Coupee,100.0,Kindergarten
,,Acadian Elementary School,,Rapides,92.59,Kindergarten
,,Alexandria Country Day School,,Rapides,100.0,6th Grade
,,Alexandria Country Day School,,Rapides,95.56,Kindergarten
,,Alexandria Country Day Upper School,,Rapides,100.0,11th Grade
,,Alexandria Middle Magnet School,,Rapides,97.18,6th Grade
,,Alexandria Senior High School,,Rapides,98.34,11th Grade
,,Alma Redwine Elementary School,,Rapides,66.67,Kindergarten
,,Alpine Christian School,,Rapides,100.0,6th Grade
,,Alpine Christian School,,Rapides,80.95,Kindergarten
,,Arthur F. Smith Middle Magnet School,,Rapides,100.0,6th Grade
,,Ball Elementary School,,Rapides,100.0,6th Grade
,,Ball Elementary School,,Rapides,94.87,Kindergarten
,,Bolton Academy,,Rapides,98.63,6th Grade
,,Bolton Academy,,Rapides,100.0,11th Grade
,,Buckeye Elementary School,,Rapides,95.37,Kindergarten
,,Buckeye High School,,Rapides,99.06,6th Grade
,,Buckeye High School,,Rapides,96.97,11th Grade
,,Caroline Dormon Jr. High,,Rapides,100.0,6th Grade
,,Caroline Dormon Jr. High,,Rapides,96.3,Kindergarten
,,Carter C. Raymond Middle School,,Rapides,100.0,6th Grade
,,Carter C. Raymond Middle School,,Rapides,100.0,Kindergarten
,,Cherokee Elementary School,,Rapides,97.22,Kindergarten
,,D.F. Huddle Elementary School,,Rapides,93.62,Kindergarten
,,Forest Hill Elementary School,,Rapides,100.0,6th Grade
,,Forest Hill Elementary School,,Rapides,98.04,Kindergarten
,,Glenmora High School,,Rapides,97.22,6th Grade
,,Glenmora High School,,Rapides,93.88,11th Grade
,,Glenmora High School,,Rapides,92.5,Kindergarten
,,Grace Christian School,,Rapides,88.0,6th Grade
,,Grace Christian School,,Rapides,100.0,11th Grade
,,Grace Christian School,,Rapides,66.67,Kindergarten
,,Horseshoe Drive Elementary School,,Rapides,100.0,Kindergarten
,,J.B. Nachman Elementary School,,Rapides,98.48,Kindergarten
,,J.I. Barron Sr. Elementary School,,Rapides,97.2,6th Grade
,,J.I. Barron Sr. Elementary School,,Rapides,89.11,Kindergarten
,,L.S. Rugg Elementary School,,Rapides,89.58,Kindergarten
,,Lessie Moore Elementary School,,Rapides,100.0,Kindergarten
,,Mabel Brasher Elementary School,,Rapides,92.96,Kindergarten
,,Martin Park Elementary School,,Rapides,93.48,Kindergarten
,,Mary Goff Elementary School,,Rapides,93.94,6th Grade
,,Mary Goff Elementary School,,Rapides,95.0,Kindergarten
,,Montessouri Educational Center,,Rapides,100.0,6th Grade
,,Montessouri Educational Center,,Rapides,90.91,Kindergarten
,,Northwood High School,,Rapides,92.5,6th Grade
,,Northwood High School,,Rapides,100.0,11th Grade
,,Northwood High School,,Rapides,94.23,Kindergarten
,,Oak Hill High School,,Rapides,96.55,6th Grade
,,Oak Hill High School,,Rapides,95.83,11th Grade
,,Oak Hill High School,,Rapides,95.0,Kindergarten
,,Our Lady of Prompt Succor School,,Rapides,100.0,6th Grade
,,Our Lady of Prompt Succor School,,Rapides,94.87,Kindergarten
,,Paradise Elementary School,,Rapides,97.96,6th Grade
,,Paradise Elementary School,,Rapides,93.33,Kindergarten
,,Peabody Magnet High School,,Rapides,99.2,11th Grade
,,Peabody Montessouri Elementary School,,Rapides,97.5,6th Grade
,,Peabody Montessouri Elementary School,,Rapides,94.64,Kindergarten
,,Phoenix Magnet Elementary School,,Rapides,91.49,Kindergarten
,,Pineville Elementary School,,Rapides,98.48,6th Grade
,,Pineville High School,,Rapides,97.28,11th Grade
,,Plainview High School,,Rapides,96.3,6th Grade
,,Plainview High School,,Rapides,100.0,11th Grade
,,Plainview High School,,Rapides,100.0,Kindergarten
,,Poland Junior High School,,Rapides,100.0,6th Grade
,,Poland Junior High School,,Rapides,93.55,Kindergarten
,,Rapides High School,,Rapides,98.61,11th Grade
,,Rapides Training Academy,,Rapides,85.71,11th Grade
,,Rosenthal Montessori Elementary School,,Rapides,100.0,6th Grade
,,Rosenthal Montessori Elementary School,,Rapides,95.45,Kindergarten
,,Ruby-Wise Elementary School,,Rapides,100.0,6th Grade
,,Ruby-Wise Elementary School,,Rapides,95.56,Kindergarten
,,Scott M. Brame Middle School,,Rapides,96.35,6th Grade
,,St. Frances Cabrini School,,Rapides,100.0,6th Grade
,,Tioga Elementary School,,Rapides,93.48,6th Grade
,,Tioga Elementary School,,Rapides,100.0,Kindergarten
,,Tioga High School,,Rapides,96.63,11th Grade
,,Red River Elementary School,,Red River,98.85,Kindergarten
,,Red River High School,,Red River,100.0,11th Grade
,,Red River Junior High School,,Red River,100.0,6th Grade
,,Riverdale Academy,,Red River,83.33,6th Grade
,,Riverdale Academy,,Red River,95.24,11th Grade
,,Riverdale Academy,,Red River,90.91,Kindergarten
,,Delhi Elementary School,,Richland,87.5,Kindergarten
,,Delhi High School,,Richland,97.73,11th Grade
,,Delhi Middle School,,Richland,100.0,6th Grade
,,Holly Ridge Elementary School,,Richland,100.0,6th Grade
,,Holly Ridge Elementary School,,Richland,88.46,Kindergarten
,,Mangham Elementary School,,Richland,90.74,Kindergarten
,,Mangham High School,,Richland,98.48,11th Grade
,,Mangham Junior High School,,Richland,97.44,6th Grade
,,Rayville Elementary School,,Richland,89.58,Kindergarten
,,Rayville High School,,Richland,98.75,11th Grade
,,Rayville Junior High School,,Richland,98.11,6th Grade
,,Riverfield Academy,,Richland,100.0,6th Grade
,,Riverfield Academy,,Richland,92.86,11th Grade
,,Start Elementary School,,Richland,96.43,6th Grade
,,Start Elementary School,,Richland,84.85,Kindergarten
,,Converse High School,,Sabine,94.87,6th Grade
,,Converse High School,,Sabine,100.0,11th Grade
,,Converse High School,,Sabine,94.59,Kindergarten
,,Ebarb School,,Sabine,94.44,6th Grade
,,Ebarb School,,Sabine,100.0,11th Grade
,,Ebarb School,,Sabine,91.67,Kindergarten
,,Florien High School,,Sabine,96.67,6th Grade
,,Florien High School,,Sabine,100.0,11th Grade
,,Florien High School,,Sabine,91.43,Kindergarten
,,Many Elementary School,,Sabine,95.15,Kindergarten
,,Many High School,,Sabine,100.0,11th Grade
,,Many Junior High School,,Sabine,98.18,6th Grade
,,Negreet High School,,Sabine,96.77,6th Grade
,,Negreet High School,,Sabine,100.0,11th Grade
,,Negreet High School,,Sabine,100.0,Kindergarten
,,Pleasant Hill High School,,Sabine,88.24,6th Grade
,,Pleasant Hill High School,,Sabine,100.0,11th Grade
,,Pleasant Hill High School,,Sabine,100.0,Kindergarten
,,Zwolle Elementary School,,Sabine,100.0,6th Grade
,,Zwolle Elementary School,,Sabine,100.0,Kindergarten
,,Zwolle High School,,Sabine,100.0,11th Grade
,,Andrew Jackson Middle School,,St. Bernard,99.41,6th Grade
,,Arabi Elementary,,St. Bernard,100.0,Kindergarten
,,Arlene Meraux Elementary,,St. Bernard,95.83,Kindergarten
,,C.F. Rowley Alternative School,,St. Bernard,100.0,11th Grade
,,Chalmette Elementary School,,St. Bernard,100.0,Kindergarten
,,Chalmette High School,,St. Bernard,99.08,11th Grade
,,J.F. Gauthier School,,St. Bernard,95.77,Kindergarten
,,Joseph Davies Elementary,,St. Bernard,92.5,Kindergarten
,,Lacoste Elementary School,,St. Bernard,98.67,Kindergarten
,,N.P. Trist Middle School,,St. Bernard,99.21,6th Grade
,,Our Lady of Prompt Succor School,,St. Bernard,100.0,6th Grade
,,Our Lady of Prompt Succor School,,St. Bernard,83.02,Kindergarten
,,St. Bernard Middle School,,St. Bernard,98.85,6th Grade
,,W. Smith Elementary,,St. Bernard,97.37,Kindergarten
,,Albert Cammon Middle School,,St. Charles,100.0,6th Grade
,,Allemands Elementary School,,St. Charles,93.94,Kindergarten
,,Destrehan High School,,St. Charles,99.39,11th Grade
,,Hahnville High School,,St. Charles,100.0,11th Grade
,,Harry M. Hurst Middle School,,St. Charles,98.63,6th Grade
,,J.B. Martin Middle School,,St. Charles,98.47,6th Grade
,,Luling Elementary School,,St. Charles,97.14,Kindergarten
,,Mimosa Park Elementary School,,St. Charles,96.46,Kindergarten
,,New Sarpy Elementary School,,St. Charles,92.62,Kindergarten
,,Norco Elementary School,,St. Charles,98.53,Kindergarten
,,R.K. Smith Middle School,,St. Charles,99.09,6th Grade
,,St. Charles Borromeo School,,St. Charles,100.0,6th Grade
,,St. Charles Borromeo School,,St. Charles,90.0,Kindergarten
,,St. Rose Elementary School,,St. Charles,97.33,Kindergarten
,,St. Helena Art And Technology Academy,,St. Helena,100.0,6th Grade
,,St. Helena Early Learning Center,,St. Helena,100.0,Kindergarten
,,St.Helena College & Career Academy,,St. Helena,98.0,11th Grade
,,Cypress Grove Montessori Academy,,St. James,100.0,6th Grade
,,Cypress Grove Montessori Academy,,St. James,97.22,Kindergarten
,,Gramercy Elementary School,,St. James,98.08,6th Grade
,,Lutcher High School,,St. James,98.62,11th Grade
,,Paulina Elementary School,,St. James,97.96,Kindergarten
,,Sixth Ward Elementary School,,St. James,100.0,6th Grade
,,St. James High School,,St. James,100.0,11th Grade
,,St. Louis Reading & Math Academy,,St. James,100.0,Kindergarten
,,St. Peter Chanel Interparochial School,,St. James,100.0,6th Grade
,,St. Peter Chanel Interparochial School,,St. James,88.1,Kindergarten
,,Vacherie Elementary School,,St. James,98.57,Kindergarten
,,Ascension of Our Lord School,,St. John the Baptist,100.0,6th Grade
,,Ascension of Our Lord School,,St. John the Baptist,100.0,Kindergarten
,,East St. John Elementary School,,St. John the Baptist,98.75,6th Grade
,,East St. John High School,,St. John the Baptist,99.39,11th Grade
,,Emlly C Watkins Elementary,,St. John the Baptist,97.56,6th Grade
,,Emlly C Watkins Elementary,,St. John the Baptist,96.83,Kindergarten
,,Fifth Ward Elementary School,,St. John the Baptist,90.91,Kindergarten
,,Garyville/Mt. Airy Math & Science Magnet Schl.,,St. John the Baptist,100.0,6th Grade
,,Garyville/Mt. Airy Math & Science Magnet Schl.,,St. John the Baptist,92.11,Kindergarten
,,John L. Ory Communications Magnet Elementary,,St. John the Baptist,100.0,6th Grade
,,John L. Ory Communications Magnet Elementary,,St. John the Baptist,98.0,Kindergarten
,,Lake Pontchartrain Elementary School,,St. John the Baptist,98.18,6th Grade
,,Lake Pontchartrain Elementary School,,St. John the Baptist,98.33,Kindergarten
,,Laplace Elementary School,,St. John the Baptist,100.0,6th Grade
,,Laplace Elementary School,,St. John the Baptist,96.1,Kindergarten
,,Riverside Academy,,St. John the Baptist,92.31,6th Grade
,,Riverside Academy,,St. John the Baptist,100.0,11th Grade
,,Riverside Academy,,St. John the Baptist,81.25,Kindergarten
,,St. Charles Catholic High School,,St. John the Baptist,100.0,11th Grade
,,St. Joan of Arc School,,St. John the Baptist,94.74,6th Grade
,,St. Joan of Arc School,,St. John the Baptist,84.62,Kindergarten
,,St. Peter School,,St. John the Baptist,100.0,6th Grade
,,St. Peter School,,St. John the Baptist,90.91,Kindergarten
,,West St. John Elementary School,,St. John the Baptist,100.0,6th Grade
,,West St. John Elementary School,,St. John the Baptist,100.0,Kindergarten
,,West St. John High School,,St. John the Baptist,100.0,11th Grade
,,Academy of the Sacred Heart,,St. Landry,100.0,6th Grade
,,Academy of the Sacred Heart,,St. Landry,100.0,11th Grade
,,Academy of the Sacred Heart,,St. Landry,66.67,Kindergarten
,,Arnaudville Elementary School,,St. Landry,98.18,6th Grade
,,Beau Chene High School,,St. Landry,100.0,11th Grade
,,Berchmans Academy of the Sacred Heart,,St. Landry,100.0,6th Grade
,,Berchmans Academy of the Sacred Heart,,St. Landry,100.0,11th Grade
,,Berchmans Academy of the Sacred Heart,,St. Landry,100.0,Kindergarten
,,Cankton Elementary School,,St. Landry,90.12,Kindergarten
,,Central Middle School,,St. Landry,98.31,6th Grade
,,East Elementary School,,St. Landry,95.45,Kindergarten
,,Ecole St. Landry,,St. Landry,82.98,Kindergarten
,,Eunice Elementary School,,St. Landry,86.84,Kindergarten
,,Eunice High School,,St. Landry,100.0,11th Grade
,,Family Worship Christian Academy,,St. Landry,93.33,Kindergarten
,,Glendale Elementary School,,St. Landry,90.0,Kindergarten
,,Grand Coteau Elementary School,,St. Landry,87.76,Kindergarten
,,Grand Prairie Elementary School,,St. Landry,95.24,Kindergarten
,,Grolee Elementary School,,St. Landry,100.0,Kindergarten
,,J. S. Clark Leadership Academy,,St. Landry,95.24,6th Grade
,,Krotz Springs Elementary School,,St. Landry,88.24,6th Grade
,,Krotz Springs Elementary School,,St. Landry,93.1,Kindergarten
,,Lawtell Elementary School,,St. Landry,96.36,6th Grade
,,Lawtell Elementary School,,St. Landry,100.0,Kindergarten
,,Leonville Elementary School,,St. Landry,94.2,6th Grade
,,Leonville Elementary School,,St. Landry,97.96,Kindergarten
,,Magnet Academy For Cultural Arts,,St. Landry,97.67,11th Grade
,,Northeast Elementary School,,St. Landry,100.0,Kindergarten
,,Northwest High School,,St. Landry,99.19,11th Grade
,,Opelousas Catholic School,,St. Landry,100.0,6th Grade
,,Opelousas Catholic School,,St. Landry,100.0,11th Grade
,,Opelousas Catholic School,,St. Landry,96.88,Kindergarten
,,Opelousas Middle School,,St. Landry,99.08,6th Grade
,,Opelousas Senior High School,,St. Landry,96.36,11th Grade
,,Palmetto Elementary School,,St. Landry,96.0,6th Grade
,,Palmetto Elementary School,,St. Landry,89.47,Kindergarten
,,Park Vista Elementary School,,St. Landry,97.2,Kindergarten
,,Plaisance Elementary School,,St. Landry,94.59,6th Grade
,,Port Barre Elementary School,,St. Landry,96.83,Kindergarten
,,Port Barre High School,,St. Landry,98.81,11th Grade
,,Port Barre Middle School,,St. Landry,98.11,6th Grade
,,St. Edmund School,,St. Landry,94.87,6th Grade
,,St. Edmund School,,St. Landry,100.0,11th Grade
,,St. Edmund School,,St. Landry,100.0,Kindergarten
,,St. Ignatius School,,St. Landry,100.0,6th Grade
,,St. Ignatius School,,St. Landry,96.15,Kindergarten
,,Sunset Middle School,,St. Landry,97.96,6th Grade
,,Washington Elementary School,,St. Landry,96.55,6th Grade
,,Washington Elementary School,,St. Landry,92.31,Kindergarten
,,Westminster Christian Academy,,St. Landry,100.0,6th Grade
,,Westminster Christian Academy,,St. Landry,100.0,11th Grade
,,Westminster Christian Academy,,St. Landry,91.67,Kindergarten
,,Breaux Bridge High School,,St. Martin,99.46,11th Grade
,,Breaux Bridge Junior High School,,St. Martin,94.64,6th Grade
,,Breaux Bridge Primary School,,St. Martin,91.74,Kindergarten
,,Cecilia High School,,St. Martin,98.96,11th Grade
,,Cecilia Junior High School,,St. Martin,97.46,6th Grade
,,Cecilia Primary School,,St. Martin,91.07,Kindergarten
,,Episcopal School of Acadiana/Cade,,St. Martin,96.55,6th Grade
,,Episcopal School of Acadiana/Cade,,St. Martin,96.0,11th Grade
,,Parks Middle School,,St. Martin,98.11,6th Grade
,,Parks Primary School,,St. Martin,94.52,Kindergarten
,,St. Bernard School,,St. Martin,100.0,6th Grade
,,St. Bernard School,,St. Martin,88.68,Kindergarten
,,St. Martin Early Steam Academy,,St. Martin,97.98,Kindergarten
,,St. Martinville Junior High School,,St. Martin,100.0,6th Grade
,,St. Martinville Senior High School,,St. Martin,100.0,11th Grade
,,Stephensville Elementary School,,St. Martin,100.0,6th Grade
,,Stephensville Elementary School,,St. Martin,85.71,Kindergarten
,,B. Edward Boudreaux Middle School,,St. Mary,100.0,6th Grade
,,Bayou Vista Elementary School,,St. Mary,87.18,Kindergarten
,,Berwick Elementary School,,St. Mary,90.0,Kindergarten
,,Berwick High School,,St. Mary,100.0,11th Grade
,,Berwick Junior High School,,St. Mary,98.25,6th Grade
,,Centerville High School,,St. Mary,100.0,6th Grade
,,Centerville High School,,St. Mary,100.0,11th Grade
,,Centerville High School,,St. Mary,94.59,Kindergarten
,,Central Catholic School,,St. Mary,97.3,6th Grade
,,Central Catholic School,,St. Mary,100.0,11th Grade
,,Central Catholic School,,St. Mary,78.38,Kindergarten
,,Chitimacha Tribal School,,St. Mary,100.0,6th Grade
,,Chitimacha Tribal School,,St. Mary,100.0,Kindergarten
,,Franklin Junior High School,,St. Mary,100.0,6th Grade
,,Franklin Senior High School,,St. Mary,100.0,11th Grade
,,Hanson Memorial School,,St. Mary,100.0,6th Grade
,,Hanson Memorial School,,St. Mary,95.83,11th Grade
,,Hattie A. Watts Elementary School,,St. Mary,87.76,Kindergarten
,,J.S. Aucoin Elementary School,,St. Mary,96.55,Kindergarten
,,Julia B. Maitland School,,St. Mary,100.0,Kindergarten
,,Lagrange Elementary School,,St. Mary,95.45,Kindergarten
,,M.E. Norman Elementary School,,St. Mary,89.09,Kindergarten
,,Morgan City High School,,St. Mary,99.38,11th Grade
,,Morgan City Junior High School,,St. Mary,97.71,6th Grade
,,Patterson High School,,St. Mary,99.15,11th Grade
,,Patterson Junior High School,,St. Mary,100.0,6th Grade
,,Raintree Elementary,,St. Mary,97.5,Kindergarten
,,St. John Elementary School,,St. Mary,78.26,Kindergarten
,,V. B. Glencoe Charter School,,St. Mary,100.0,6th Grade
,,V. B. Glencoe Charter School,,St. Mary,88.89,11th Grade
,,V. B. Glencoe Charter School,,St. Mary,94.87,Kindergarten
,,W.P. Foster Elementary School,,St. Mary,100.0,Kindergarten
,,West St. Mary High School,,St. Mary,100.0,11th Grade
,,Wyandotte Elementary School,,St. Mary,90.38,Kindergarten
,,Abita Springs Elementary School,,St. Tammany,83.64,Kindergarten
,,Abita Springs Middle School,,St. Tammany,98.58,6th Grade
,,Alton Elementary School,,St. Tammany,92.31,Kindergarten
,,Archbishop Hannan High School,,St. Tammany,98.73,11th Grade
,,Bayou Lacombe Middle School,,St. Tammany,98.59,6th Grade
,,Bayou Woods Elementary School,,St. Tammany,93.9,Kindergarten
,,Bonne Ecole Elementary School,,St. Tammany,95.83,6th Grade
,,Bonne Ecole Elementary School,,St. Tammany,91.89,Kindergarten
,,Calvary Baptist Academy/St. Tammany,,St. Tammany,100.0,6th Grade
,,Calvary Baptist Academy/St. Tammany,,St. Tammany,100.0,Kindergarten
,,Carolyn Park Middle School,,St. Tammany,96.67,6th Grade
,,Cedarwood School,,St. Tammany,75.0,6th Grade
,,Cedarwood School,,St. Tammany,82.35,Kindergarten
,,Chahta-Ima Elementary School,,St. Tammany,98.55,Kindergarten
,,Christ Episcopal School,,St. Tammany,92.98,6th Grade
,,Christ Episcopal School,,St. Tammany,100.0,11th Grade
,,Christ Episcopal School,,St. Tammany,76.0,Kindergarten
,,Clearwood Junior High School,,St. Tammany,100.0,6th Grade
,,Covington Elementary School,,St. Tammany,90.48,Kindergarten
,,Covington High School,,St. Tammany,96.15,11th Grade
,,Creekside Junior High,,St. Tammany,98.69,6th Grade
,,Cypress Cove Elementary School,,St. Tammany,93.85,Kindergarten
,,E. E. Lyon Elementary School,,St. Tammany,86.33,Kindergarten
,,Fifth Ward Junior High School,,St. Tammany,91.89,6th Grade
,,Fifth Ward Junior High School,,St. Tammany,88.89,Kindergarten
,,First Baptist Christian School,,St. Tammany,94.74,6th Grade
,,First Baptist Christian School,,St. Tammany,100.0,11th Grade
,,Florida Avenue Elementary School,,St. Tammany,95.08,6th Grade
,,Florida Avenue Elementary School,,St. Tammany,88.64,Kindergarten
,,Folsom Elementary School,,St. Tammany,84.38,Kindergarten
,,Folsom Junior High School,,St. Tammany,98.21,6th Grade
,,Fontainebleau High School,,St. Tammany,97.42,11th Grade
,,Glynn H. Brock Elementary School,,St. Tammany,94.0,Kindergarten
,,Kehoe-France Northshore,,St. Tammany,95.65,Kindergarten
,,Lake Castle North/Slidell,,St. Tammany,96.0,6th Grade
,,Lake Castle North/Slidell,,St. Tammany,87.23,Kindergarten
,,Lake Castle School - Madisonville,,St. Tammany,100.0,6th Grade
,,Lake Castle School - Madisonville,,St. Tammany,89.16,Kindergarten
,,Lake Harbor Middle School,,St. Tammany,95.51,6th Grade
,,Lakeshore High School,,St. Tammany,97.19,11th Grade
,,Lancaster Elementary School,,St. Tammany,95.21,6th Grade
,,Lee Road Junior High School,,St. Tammany,96.15,6th Grade
,,Lee Road Junior High School,,St. Tammany,79.66,Kindergarten
,,Little Oak Middle School,,St. Tammany,97.66,6th Grade
,,Little Pearl Elementary,,St. Tammany,91.67,Kindergarten
,,Louisiana Key Academy,,St. Tammany,94.44,6th Grade
,,Louisiana Key Academy,,St. Tammany,80.0,Kindergarten
,,Madisonville Elementary School,,St. Tammany,86.82,Kindergarten
,,Mandeville Elementary School,,St. Tammany,90.82,Kindergarten
,,Mandeville High School,,St. Tammany,97.61,11th Grade
,,Mandeville Middle School,,St. Tammany,96.86,6th Grade
,,Marigny Elementary,,St. Tammany,87.17,Kindergarten
,,"Mary, Queen of Peace Catholic School",,St. Tammany,95.35,6th Grade
,,"Mary, Queen of Peace Catholic School",,St. Tammany,70.45,Kindergarten
,,Mayfield Elementary,,St. Tammany,98.81,6th Grade
,,Mayfield Elementary,,St. Tammany,87.23,Kindergarten
,,Northlake Christian Elementary School,,St. Tammany,81.82,6th Grade
,,Northlake Christian Elementary School,,St. Tammany,68.18,Kindergarten
,,Northlake Christian High School,,St. Tammany,87.27,11th Grade
,,Northshore High School,,St. Tammany,99.21,11th Grade
,,Our Lady of Lourdes School,,St. Tammany,95.12,6th Grade
,,Our Lady of Lourdes School,,St. Tammany,82.98,Kindergarten
,,Our Lady of the Lake School,,St. Tammany,98.77,6th Grade
,,Our Lady of the Lake School,,St. Tammany,85.19,Kindergarten
,,Pearl River High School,,St. Tammany,98.61,11th Grade
,,Pine View Middle School,,St. Tammany,96.48,6th Grade
,,Pontchartrain Elementary School,,St. Tammany,86.01,Kindergarten
,,Pope John Paul Ii High School,,St. Tammany,96.34,11th Grade
,,Salmen High School,,St. Tammany,97.86,11th Grade
,,Sixth Ward Elementary School,,St. Tammany,94.87,Kindergarten
,,Slidell High School,,St. Tammany,98.66,11th Grade
,,St. Margaret Mary School,,St. Tammany,97.78,6th Grade
,,St. Margaret Mary School,,St. Tammany,88.64,Kindergarten
,,St. Paul's Senior High School,,St. Tammany,97.77,11th Grade
,,St. Peter School,,St. Tammany,96.92,6th Grade
,,St. Peter School,,St. Tammany,76.79,Kindergarten
,,St. Scholastica Academy,,St. Tammany,98.98,11th Grade
,,St. Tammany Junior High School,,St. Tammany,90.87,6th Grade
,,Tchefuncte Middle School,,St. Tammany,96.08,6th Grade
,,W.L. Abney Elementary School,,St. Tammany,86.9,Kindergarten
,,Whispering Forest Elementary School,,St. Tammany,90.32,Kindergarten
,,Woodlake Elementary School,,St. Tammany,91.43,Kindergarten
,,Amite Elementary Magnet School,,Tangipahoa,93.75,Kindergarten
,,Amite High Magnet School,,Tangipahoa,100.0,11th Grade
,,Amite West Side Middle Magnet School,,Tangipahoa,100.0,6th Grade
,,Champ Cooper Elementary School,,Tangipahoa,97.56,6th Grade
,,Champ Cooper Elementary School,,Tangipahoa,91.07,Kindergarten
,,Chesbrough Elementary School,,Tangipahoa,95.08,Kindergarten
,,Courtney Christian School,,Tangipahoa,82.35,Kindergarten
,,Greenville Park Leadership Academy,,Tangipahoa,97.01,6th Grade
,,Hammond Eastside Magnet Lower,,Tangipahoa,86.99,Kindergarten
,,Hammond Eastside Magnet Upper,,Tangipahoa,98.36,6th Grade
,,Hammond High Magnet School,,Tangipahoa,98.87,11th Grade
,,Hammond Westside Elem. Montessouri School,,Tangipahoa,98.85,6th Grade
,,Hammond Westside Elem. Montessouri School,,Tangipahoa,92.93,Kindergarten
,,Holy Ghost School,,Tangipahoa,100.0,6th Grade
,,Holy Ghost School,,Tangipahoa,98.53,Kindergarten
,,Independence High Magnet School,,Tangipahoa,97.33,11th Grade
,,Independence Leadership Academy,,Tangipahoa,98.41,6th Grade
,,Independence Leadership Academy,,Tangipahoa,94.74,Kindergarten
,,Jewel M. Sumner High School,,Tangipahoa,98.25,11th Grade
,,Jewel Sumner Middle School,,Tangipahoa,100.0,6th Grade
,,Kentwood High Magnet School,,Tangipahoa,100.0,11th Grade
,,Loranger Elementary School,,Tangipahoa,89.17,Kindergarten
,,Loranger High School,,Tangipahoa,96.76,11th Grade
,,Loranger Middle School,,Tangipahoa,98.46,6th Grade
,,Lucille Nesom Memorial School,,Tangipahoa,95.92,6th Grade
,,Lucille Nesom Memorial School,,Tangipahoa,85.71,Kindergarten
,,Martha Vinyard Elementary School,,Tangipahoa,96.84,6th Grade
,,Mater Dolorosa School,,Tangipahoa,100.0,6th Grade
,,Mater Dolorosa School,,Tangipahoa,94.44,Kindergarten
,,Midway Elementary School,,Tangipahoa,97.78,Kindergarten
,,Natalbany Elementary School,,Tangipahoa,100.0,6th Grade
,,O.W. Dillion Leadersihp Academy,,Tangipahoa,100.0,6th Grade
,,O.W. Dillion Leadersihp Academy,,Tangipahoa,87.88,Kindergarten
,,Oak Forest Academy,,Tangipahoa,94.23,6th Grade
,,Oak Forest Academy,,Tangipahoa,98.33,11th Grade
,,Oak Forest Academy,,Tangipahoa,90.2,Kindergarten
,,Oaks Montessori School,,Tangipahoa,100.0,Kindergarten
,,Perrin Early Learning Center,,Tangipahoa,93.6,Kindergarten
,,Ponchatoula High School,,Tangipahoa,99.55,11th Grade
,,Roseland Montessori School,,Tangipahoa,97.87,6th Grade
,,Roseland Montessori School,,Tangipahoa,95.0,Kindergarten
,,Southeastern La University Lab School,,Tangipahoa,96.43,6th Grade
,,Southeastern La University Lab School,,Tangipahoa,86.96,Kindergarten
,,Spring Creek Elementary School,,Tangipahoa,95.24,Kindergarten
,,St. Joseph School,,Tangipahoa,93.62,6th Grade
,,St. Joseph School,,Tangipahoa,90.57,Kindergarten
,,St. Thomas Aquinas Diocesan Regional Hs,,Tangipahoa,98.28,11th Grade
,,Trafton Academy,,Tangipahoa,100.0,6th Grade
,,Trafton Academy,,Tangipahoa,95.24,Kindergarten
,,Woodland Park Magnet,,Tangipahoa,85.71,Kindergarten
,,Tensas Academy,,Tensas,100.0,6th Grade
,,Tensas Academy,,Tensas,100.0,11th Grade
,,Tensas Academy,,Tensas,66.67,Kindergarten
,,Tensas Elementary School,,Tensas,93.75,Kindergarten
,,Tensas High School,,Tensas,100.0,6th Grade
,,Tensas High School,,Tensas,100.0,11th Grade
,,Acadian Elementary School,,Terrebonne,92.86,Kindergarten
,,Bourg Elementary School,,Terrebonne,90.0,Kindergarten
,,Broadmoor Elementary School,,Terrebonne,96.15,6th Grade
,,Broadmoor Elementary School,,Terrebonne,93.42,Kindergarten
,,Caldwell Middle School,,Terrebonne,96.19,6th Grade
,,Coteau-Bayou Blue Elementary School,,Terrebonne,97.47,6th Grade
,,Coteau-Bayou Blue Elementary School,,Terrebonne,94.29,Kindergarten
,,Covenant Christian Academy,,Terrebonne,88.24,6th Grade
,,Covenant Christian Academy,,Terrebonne,97.3,11th Grade
,,Covenant Christian Academy,,Terrebonne,86.67,Kindergarten
,,Dularge Elementary School,,Terrebonne,95.83,6th Grade
,,Dularge Elementary School,,Terrebonne,86.96,Kindergarten
,,Ecole Pointe Au Chien,,Terrebonne,88.89,Kindergarten
,,Ellender Memorial High School,,Terrebonne,98.56,11th Grade
,,Grand Caillou Elementary School,,Terrebonne,95.35,Kindergarten
,,Grand Caillou Middle School,,Terrebonne,100.0,6th Grade
,,H. L. Bourgeois High School,,Terrebonne,98.65,11th Grade
,,Houma Christian School,,Terrebonne,100.0,6th Grade
,,Houma Christian School,,Terrebonne,100.0,11th Grade
,,Houma Christian School,,Terrebonne,95.83,Kindergarten
,,Lacache Middle School,,Terrebonne,97.92,6th Grade
,,Legion Park Middle School,,Terrebonne,93.1,6th Grade
,,Legion Park Middle School,,Terrebonne,88.0,Kindergarten
,,Lisa Park Elementary School,,Terrebonne,96.43,6th Grade
,,Lisa Park Elementary School,,Terrebonne,94.55,Kindergarten
,,Messiah Montessori,,Terrebonne,80.0,6th Grade
,,Messiah Montessori,,Terrebonne,60.0,Kindergarten
,,Montegut Elementary School,,Terrebonne,97.22,Kindergarten
,,Montegut Middle School,,Terrebonne,99.07,6th Grade
,,Mulberry Elementary School,,Terrebonne,94.68,6th Grade
,,Mulberry Elementary School,,Terrebonne,81.44,Kindergarten
,,Oaklawn Middle School,,Terrebonne,94.03,6th Grade
,,Oakshire Elementary School,,Terrebonne,96.49,6th Grade
,,Oakshire Elementary School,,Terrebonne,91.67,Kindergarten
,,Schriever Elementary School,,Terrebonne,94.23,Kindergarten
,,South Terrebonne High School,,Terrebonne,99.52,11th Grade
,,Southdown Elementary School,,Terrebonne,95.71,6th Grade
,,Southdown Elementary School,,Terrebonne,85.0,Kindergarten
,,St. Bernadette School,,Terrebonne,97.67,6th Grade
,,St. Bernadette School,,Terrebonne,90.0,Kindergarten
,,St. Francis De Sales School,,Terrebonne,95.08,6th Grade
,,St. Francis De Sales School,,Terrebonne,85.0,Kindergarten
,,St. Gregory School,,Terrebonne,100.0,6th Grade
,,St. Gregory School,,Terrebonne,76.47,Kindergarten
,,St. Matthew's Episcopal School,,Terrebonne,100.0,6th Grade
,,St. Matthew's Episcopal School,,Terrebonne,84.0,Kindergarten
,,Terrebonne High School,,Terrebonne,97.65,11th Grade
,,Upper Little Caillou Elementary School,,Terrebonne,89.58,Kindergarten
,,Vandebilt Catholic High School,,Terrebonne,98.54,11th Grade
,,Village East Elementary School,,Terrebonne,91.11,Kindergarten
,,Darbonne Woods Charter School,,Union,97.1,6th Grade
,,Darbonne Woods Charter School,,Union,97.22,11th Grade
,,Darbonne Woods Charter School,,Union,91.53,Kindergarten
,,Downsville Charter School,,Union,64.29,Kindergarten
,,Union Christian Academy,,Union,100.0,6th Grade
,,Union Christian Academy,,Union,100.0,11th Grade
,,Union Christian Academy,,Union,69.23,Kindergarten
,,Union Parish Elementary School,,Union,91.76,Kindergarten
,,Union Parish High School,,Union,97.33,6th Grade
,,Union Parish High School,,Union,100.0,11th Grade
,,Abbeville High School,,Vermilion,98.36,11th Grade
,,Cecil Picard Elementary School at Maurice,,Vermilion,94.29,Kindergarten
,,Dozier Elementary School,,Vermilion,95.83,Kindergarten
,,Eaton Park Elementary School,,Vermilion,96.51,Kindergarten
,,Erath High School,,Vermilion,99.09,11th Grade
,,Erath Middle School,,Vermilion,98.67,6th Grade
,,Forked Island/E. Broussard Elem School,,Vermilion,100.0,6th Grade
,,Forked Island/E. Broussard Elem School,,Vermilion,95.83,Kindergarten
,,Gueydan High School,,Vermilion,100.0,6th Grade
,,Gueydan High School,,Vermilion,97.22,11th Grade
,,Indian Bayou Elementary School,,Vermilion,85.29,Kindergarten
,,J.H. Williams Middle School,,Vermilion,100.0,6th Grade
,,Jesse Owens Elementary School,,Vermilion,92.31,Kindergarten
,,Kaplan Elementary School,,Vermilion,92.08,Kindergarten
,,Kaplan High School,,Vermilion,100.0,11th Grade
,,Leblanc Elementary School,,Vermilion,86.96,Kindergarten
,,Maltrait Memorial School,,Vermilion,84.62,Kindergarten
,,Meaux Elementary School,,Vermilion,89.19,Kindergarten
,,North Vermilion High School,,Vermilion,99.39,11th Grade
,,North Vermilion Middle School,,Vermilion,99.26,6th Grade
,,Rene A. Rost Middle School,,Vermilion,98.91,6th Grade
,,Seventh Ward Elementary School,,Vermilion,100.0,Kindergarten
,,Vermilion Catholic High School,,Vermilion,91.18,6th Grade
,,Vermilion Catholic High School,,Vermilion,97.56,11th Grade
,,Vermilion Catholic High School,,Vermilion,88.89,Kindergarten
,,Vermilion Charter Academy,,Vermilion,95.76,6th Grade
,,Vermilion Charter Academy,,Vermilion,90.72,Kindergarten
,,Anacoco Elementary School,,Vernon,98.48,6th Grade
,,Anacoco Elementary School,,Vernon,86.54,Kindergarten
,,Anacoco High School,,Vernon,100.0,11th Grade
,,Evans High School,,Vernon,96.55,6th Grade
,,Evans High School,,Vernon,94.44,11th Grade
,,Evans High School,,Vernon,82.35,Kindergarten
,,Faith Training Christian Academy,,Vernon,95.83,6th Grade
,,Faith Training Christian Academy,,Vernon,100.0,11th Grade
,,Hicks High School,,Vernon,100.0,6th Grade
,,Hicks High School,,Vernon,100.0,11th Grade
,,Hicks High School,,Vernon,90.0,Kindergarten
,,Hornbeck High School,,Vernon,92.0,6th Grade
,,Hornbeck High School,,Vernon,100.0,11th Grade
,,Hornbeck High School,,Vernon,90.48,Kindergarten
,,Leesville High School,,Vernon,97.81,11th Grade
,,Parkway Elementary School,,Vernon,92.62,Kindergarten
,,Pickering Elementary School,,Vernon,100.0,6th Grade
,,Pickering Elementary School,,Vernon,95.24,Kindergarten
,,Pickering High School,,Vernon,100.0,11th Grade
,,Pitkin High School,,Vernon,100.0,6th Grade
,,Pitkin High School,,Vernon,96.88,11th Grade
,,Pitkin High School,,Vernon,90.0,Kindergarten
,,Rosepine Elementary School,,Vernon,100.0,6th Grade
,,Rosepine Elementary School,,Vernon,90.0,Kindergarten
,,Rosepine High School,,Vernon,100.0,11th Grade
,,Simpson High School,,Vernon,100.0,6th Grade
,,Simpson High School,,Vernon,100.0,11th Grade
,,Simpson High School,,Vernon,100.0,Kindergarten
,,Vernon Middle School,,Vernon,97.58,6th Grade
,,West Leesville Elementary School,,Vernon,89.6,Kindergarten
,,Annunciation School,,Washington,100.0,6th Grade
,,Annunciation School,,Washington,100.0,Kindergarten
,,Ben's Ford Christian School,,Washington,95.45,6th Grade
,,Ben's Ford Christian School,,Washington,92.59,11th Grade
,,Ben's Ford Christian School,,Washington,95.65,Kindergarten
,,Bogalusa High School,,Washington,95.77,6th Grade
,,Bogalusa High School,,Washington,100.0,11th Grade
,,Byrd Avenue Elementary School,,Washington,74.32,Kindergarten
,,Enon Elementary School,,Washington,94.59,6th Grade
,,Enon Elementary School,,Washington,96.67,Kindergarten
,,Franklinton Elementary School,,Washington,98.32,6th Grade
,,Franklinton High School,,Washington,99.32,11th Grade
,,Franklinton Primary School,,Washington,97.37,Kindergarten
,,Mt. Hermon School,,Washington,100.0,6th Grade
,,Mt. Hermon School,,Washington,100.0,11th Grade
,,Mt. Hermon School,,Washington,100.0,Kindergarten
,,Northshore Charter School,,Washington,100.0,6th Grade
,,Northshore Charter School,,Washington,100.0,Kindergarten
,,Pine School,,Washington,100.0,6th Grade
,,Pine School,,Washington,100.0,11th Grade
,,The Bowling Green School,,Washington,94.59,6th Grade
,,The Bowling Green School,,Washington,93.94,11th Grade
,,The Bowling Green School,,Washington,97.62,Kindergarten
,,Thomas Elementary School,,Washington,98.91,Kindergarten
,,Varnado High School,,Washington,100.0,6th Grade
,,Varnado High School,,Washington,97.37,11th Grade
,,Wesley Ray Elementary School,,Washington,94.59,Kindergarten
,,Browning Elementary,,Webster,84.81,Kindergarten
,,Central Elementary School,,Webster,92.86,Kindergarten
,,Doyline High School,,Webster,100.0,6th Grade
,,Doyline High School,,Webster,100.0,11th Grade
,,Doyline High School,,Webster,84.62,Kindergarten
,,Glenbrook School,,Webster,98.15,6th Grade
,,Glenbrook School,,Webster,96.36,11th Grade
,,Glenbrook School,,Webster,90.48,Kindergarten
,,J. A. Phillips Elementary School,,Webster,93.29,Kindergarten
,,Lakeside Junior-Senior High School,,Webster,97.1,6th Grade
,,Lakeside Junior-Senior High School,,Webster,100.0,11th Grade
,,Minden High School,,Webster,99.45,11th Grade
,,North Webster High School,,Webster,98.04,11th Grade
,,North Webster Junior High,,Webster,96.94,6th Grade
,,North Webster Lower Elementary,,Webster,94.44,Kindergarten
,,Webster Junior High School,,Webster,96.99,6th Grade
,,Brusly Elementary School,,West Baton Rouge,94.9,Kindergarten
,,Brusly High School,,West Baton Rouge,99.44,11th Grade
,,Brusly Middle School,,West Baton Rouge,99.43,6th Grade
,,Caneview K-8,,West Baton Rouge,100.0,6th Grade
,,Caneview K-8,,West Baton Rouge,77.78,Kindergarten
,,Holy Family School,,West Baton Rouge,100.0,6th Grade
,,Holy Family School,,West Baton Rouge,89.13,Kindergarten
,,Port Allen Elementary School,,West Baton Rouge,96.59,Kindergarten
,,Port Allen Middle School,,West Baton Rouge,100.0,6th Grade
,,Forest School,,West Carroll,100.0,6th Grade
,,Forest School,,West Carroll,100.0,11th Grade
,,Forest School,,West Carroll,100.0,Kindergarten
,,Oak Grove Elementary School,,West Carroll,74.19,Kindergarten
,,Oak Grove High School,,West Carroll,98.73,6th Grade
,,Oak Grove High School,,West Carroll,100.0,11th Grade
,,Bains Lower Elementary School,,West Feliciana,97.08,Kindergarten
,,West Feliciana High School,,West Feliciana,99.32,11th Grade
,,West Feliciana Middle School,,West Feliciana,98.25,6th Grade
,,Calvin High School,,Winn,100.0,6th Grade
,,Calvin High School,,Winn,100.0,11th Grade
,,Calvin High School,,Winn,100.0,Kindergarten
,,Dodson High School,,Winn,100.0,6th Grade
,,Dodson High School,,Winn,100.0,11th Grade
,,Dodson High School,,Winn,100.0,Kindergarten
,,Winnfield Middle School,,Winn,100.0,6th Grade
,,Winnfield Primary School,,Winn,98.86,Kindergarten
,,Winnfield Senior High School,,Winn,100.0,11th Grade
