Facility Number,School Type,School District or Name,Facility Address,County,MMR Vaccination Rate,Age Group
,Public,BARNSTABLE COMMUNITY INNOVATION SCHOOL,,Barnstable,95.0,Kindergarten
,Public,CENTERVILLE ELEMENTARY,,Barnstable,100.0,Kindergarten
,Public,HYANNIS WEST ELEMENTARY,,Barnstable,99.0,Kindergarten
,Public,WEST BARNSTABLE ELEMENTARY,,Barnstable,94.0,Kindergarten
,Public,WEST VILLAGES ELEMENTARY SCHOOL,,Barnstable,96.0,Kindergarten
,Public,BOURNEDALE ELEMENTARY,,Barnstable,96.0,Kindergarten
,Public,STONY BROOK ELEMENTARY,,Barnstable,93.0,Kindergarten
,Public,EZRA H BAKER,,Barnstable,90.0,Kindergarten
,Public,MULLEN-HALL ELEMENTARY,,Barnstable,93.0,Kindergarten
,Public,NORTH FALMOUTH ELEMENTARY,,Barnstable,98.0,Kindergarten
,Public,TEATICKET ELEMENTARY,,Barnstable,100.0,Kindergarten
,Public,HARWICH ELEMENTARY,,Barnstable,95.0,Kindergarten
,Public,K C COOMBS SCHOOL,,Barnstable,100.0,Kindergarten
,Public,FORESTDALE ELEMENTARY SCHOOL,,Barnstable,98.0,Kindergarten
,Private,ST PIUS X SCHOOL,,Barnstable,93.0,Kindergarten
,Public,MARGUERITE E SMALL ELEMENTARY,,Barnstable,95.0,Kindergarten
,Public,STATION AVENUE ELEMENTARY,,Barnstable,91.0,Kindergarten
,Public,HOOSAC VALLEY ELEMENTARY,,Berkshire,100.0,Kindergarten
,Public,CRANEVILLE,,Berkshire,95.0,Kindergarten
,Public,MUDDY BROOK ELEMENTARY,,Berkshire,90.0,Kindergarten
,Public,KITTREDGE,,Berkshire,91.0,Kindergarten
,Public,LEE ELEMENTARY,,Berkshire,97.0,Kindergarten
,Public,MORRIS ELEMENTARY,,Berkshire,100.0,Kindergarten
,Public,BRAYTON ELEMENTARY,,Berkshire,83.0,Kindergarten
,Public,ALLENDALE ELEMENTARY,,Berkshire,100.0,Kindergarten
,Public,CROSBY ELEMENTARY,,Berkshire,94.0,Kindergarten
,Public,EGREMONT SCHOOL,,Berkshire,98.0,Kindergarten
,Public,MORNINGSIDE COMMUNITY,,Berkshire,97.0,Kindergarten
,Public,ROBERT CAPELESS SCHOOL,,Berkshire,100.0,Kindergarten
,Public,SILVIO CONTE COMMUNITY SCHOOL,,Berkshire,88.0,Kindergarten
,Public,STEARNS,,Berkshire,93.0,Kindergarten
,Public,WILLIAMS ELEMENTARY,,Berkshire,89.0,Kindergarten
,Public,WILLIAMSTOWN ELEMENTARY,,Berkshire,95.0,Kindergarten
,Public,ACUSHNET ELEMENTARY,,Bristol,93.0,Kindergarten
,Public,HILL-ROBERTS ELEMENTARY,,Bristol,99.0,Kindergarten
,Public,HYMAN FINE ELEMENTARY,,Bristol,97.0,Kindergarten
,Public,PETER THACHER ELEMENTARY,,Bristol,98.0,Kindergarten
,Public,STUDLEY ELEMENTARY,,Bristol,100.0,Kindergarten
,Public,THOMAS E WILLETT SCHOOL,,Bristol,96.0,Kindergarten
,Public,BERKLEY COMMUNITY SCHOOL,,Bristol,99.0,Kindergarten
,Public,DEMELLO ELEMENTARY SCHOOL,,Bristol,100.0,Kindergarten
,Public,GEORGE H POTTER ELEMENTARY,,Bristol,98.0,Kindergarten
,Public,JAMES M QUINN SCHOOL,,Bristol,95.0,Kindergarten
,Public,DIGHTON ELEMENTARY,,Bristol,97.0,Kindergarten
,Public,BLANCHE A. AMES ELEMENTARY SCHOOL,,Bristol,99.0,Kindergarten
,Public,EAST FAIRHAVEN,,Bristol,98.0,Kindergarten
,Public,LEROY WOOD SCHOOL,,Bristol,100.0,Kindergarten
,Private,HOLY TRINITY SCHOOL,,Bristol,90.0,Kindergarten
,Public,CARLTON VIVEIROS ELEMENTARY,,Bristol,99.0,Kindergarten
,Public,FRANK M SILVIA SCHOOL,,Bristol,97.0,Kindergarten
,Public,HENRY LORD COMMUNITY SCHOOL,,Bristol,99.0,Kindergarten
,Public,JAMES TANSEY ELEMENTARY,,Bristol,100.0,Kindergarten
,Public,JOHN J DORAN SCHOOL,,Bristol,100.0,Kindergarten
,Public,LETOURNEAU ELEMENTARY,,Bristol,99.0,Kindergarten
,Public,MARY FONSECA ELEMENTARY,,Bristol,98.0,Kindergarten
,Public,SAMUEL WATSON,,Bristol,97.0,Kindergarten
,Public,SPENCER BORDEN,,Bristol,99.0,Kindergarten
,Public,WESTALL SCHOOL,,Bristol,98.0,Kindergarten
,Public,WILLIAM S GREENE,,Bristol,99.0,Kindergarten
,Public Charter,ATLANTIS CHARTER SCHOOL,,Bristol,99.0,Kindergarten
,Public,FREETOWN ELEMENTARY,,Bristol,96.0,Kindergarten
,Public,EVERETT W ROBINSON SCHOOL,,Bristol,99.0,Kindergarten
,Public,ABRAHAM LINCOLN,,Bristol,97.0,Kindergarten
,Public,ALFRED J GOMES,,Bristol,99.0,Kindergarten
,Public,BETSY WINSLOW SCHOOL,,Bristol,100.0,Kindergarten
,Public,CARLOS PACHECO ELEMENTARY,,Bristol,100.0,Kindergarten
,Public,CARNEY ACADEMY,,Bristol,98.0,Kindergarten
,Public,CHARLES S ASHLEY,,Bristol,100.0,Kindergarten
,Public,E G CAMPBELL PERFORMING ARTS MAGNET,,Bristol,97.0,Kindergarten
,Public,ELIZABETH C BROOKS,,Bristol,98.0,Kindergarten
,Public,HAYDEN-MCFADDEN,,Bristol,97.0,Kindergarten
,Public,JACOBS ELEMENTARY,,Bristol,98.0,Kindergarten
,Public,JAMES B CONGDON,,Bristol,100.0,Kindergarten
,Public,JOHN B DEVALLES,,Bristol,100.0,Kindergarten
,Public,PULASKI,,Bristol,98.0,Kindergarten
,Public,WILLIAM H TAYLOR,,Bristol,97.0,Kindergarten
,Public Charter,ALMA DEL MAR CHARTER SCHOOL,,Bristol,100.0,Kindergarten
,Public,AMVET BLVD SCHOOL,,Bristol,98.0,Kindergarten
,Public,COMMUNITY SCHOOL,,Bristol,98.0,Kindergarten
,Public,FALLS ELEMENTARY SCHOOL,,Bristol,97.0,Kindergarten
,Public,JOSEPH W MARTIN SCHOOL,,Bristol,99.0,Kindergarten
,Public,ROOSEVELT AVENUE SCHOOL,,Bristol,100.0,Kindergarten
,Public,J.C. SOLMONESE ELEMENTARY SCHOOL,,Bristol,96.0,Kindergarten
,Public,L.G. NOURSE ELEMENTARY SCHOOL,,Bristol,100.0,Kindergarten
,Public,MERRILL ELEMENTARY,,Bristol,99.0,Kindergarten
,Public,PALMER RIVER ELEMENTARY,,Bristol,98.0,Kindergarten
,Public,GEORGE R MARTIN SCHOOL,,Bristol,97.0,Kindergarten
,Public,MILDRED AITKEN SCHOOL,,Bristol,96.0,Kindergarten
,Public,CHACE STREET SCHOOL,,Bristol,98.0,Kindergarten
,Public,NORTH ELEMENTARY,,Bristol,96.0,Kindergarten
,Public,SOUTH ELEMENTARY SCHOOL,,Bristol,97.0,Kindergarten
,Public,GARDNER ELEMENTARY,,Bristol,99.0,Kindergarten
,Public,M.G. HOYLE ELEMENTARY,,Bristol,98.0,Kindergarten
,Public,EAST TAUNTON ELEMENTARY,,Bristol,95.0,Kindergarten
,Public,EDMUND HATCH BENNETT,,Bristol,93.0,Kindergarten
,Public,ELIZABETH POLE SCHOOL,,Bristol,98.0,Kindergarten
,Public,H H GALLIGAN SCHOOL,,Bristol,98.0,Kindergarten
,Public,JOSEPH C CHAMBERLAIN,,Bristol,95.0,Kindergarten
,Public,MULCAHEY ELEMENTARY SCHOOL,,Bristol,98.0,Kindergarten
,Public,ALICE A MACOMBER,,Bristol,97.0,Kindergarten
,Public,OAK BLUFFS ELEMENTARY,,Dukes,95.0,Kindergarten
,Public,WEST TISBURY SCHOOL,,Dukes,97.0,Kindergarten
,Public,JORDAN SHAY MEMORIAL LOWER ELEMENTARY,,Essex,91.0,Kindergarten
,Private,ST AUGUSTINE SCHOOL,,Essex,89.0,Kindergarten
,Public,BANCROFT ELEMENTARY,,Essex,100.0,Kindergarten
,Public,HENRY C SANBORN,,Essex,98.0,Kindergarten
,Public,HIGH PLAIN ELEMENTARY,,Essex,100.0,Kindergarten
,Public,SOUTH ELEMENTARY,,Essex,100.0,Kindergarten
,Public,WEST ELEMENTARY,,Essex,99.0,Kindergarten
,Public,AYERS RYAL SIDE SCHOOL,,Essex,97.0,Kindergarten
,Public,CENTERVILLE ELEMENTARY,,Essex,98.0,Kindergarten
,Public,COVE ELEMENTARY,,Essex,97.0,Kindergarten
,Public,HANNAH ELEMENTARY SCHOOL,,Essex,99.0,Kindergarten
,Public,NORTH BEVERLY SCHOOL,,Essex,94.0,Kindergarten
,Public Charter,PIONEER CHARTER SCHOOL OF SCIENCE LOWER II,,Essex,98.0,Kindergarten
,Public,HARRY LEE COLE,,Essex,95.0,Kindergarten
,Public,GREAT OAK,,Essex,100.0,Kindergarten
,Public,HIGHLANDS,,Essex,98.0,Kindergarten
,Public,IVAN G SMITH,,Essex,100.0,Kindergarten
,Public,RIVERSIDE ELEMENTARY,,Essex,91.0,Kindergarten
,Public,WILLIS E THORPE,,Essex,100.0,Kindergarten
,Public,ESSEX ELEMENTARY SCHOOL,,Essex,97.0,Kindergarten
,Public,PENN BROOK SCHOOL,,Essex,94.0,Kindergarten
,Public,BEEMAN SCHOOL,,Essex,100.0,Kindergarten
,Public,EAST VETERANS ELEMENTARY SCHOOL,,Essex,100.0,Kindergarten
,Public,PLUM COVE,,Essex,100.0,Kindergarten
,Public,WEST PARISH SCHOOL,,Essex,90.0,Kindergarten
,Public,DR ELMER BAGNALL,,Essex,91.0,Kindergarten
,Public,CUTLER SCHOOL,,Essex,100.0,Kindergarten
,Public,WINTHROP SCHOOL,,Essex,95.0,Kindergarten
,Public,BRADFORD ELEMENTARY,,Essex,89.0,Kindergarten
,Public,CALEB DUSTIN HUNKING SCHOOL,,Essex,99.0,Kindergarten
,Public,GOLDEN HILL,,Essex,100.0,Kindergarten
,Public,PENTUCKET LAKE SCHOOL,,Essex,97.0,Kindergarten
,Public,TILTON LOWER,,Essex,91.0,Kindergarten
,Public,WALNUT SQUARE SCHOOL,,Essex,95.0,Kindergarten
,Public Charter,HILL VIEW MONTESSORI CHARTER PUBLIC SCHOOL,,Essex,92.0,Kindergarten
,Public Charter,SILVER HILL HORACE MANN CHARTER,,Essex,97.0,Kindergarten
,Public,PAUL DOYON ELEMENTARY,,Essex,97.0,Kindergarten
,Public,WINTHROP ELEMENTARY,,Essex,100.0,Kindergarten
,Private,GLCAC CHILD CARE CENTER,,Essex,100.0,Kindergarten
,Public,ARLINGTON ELEMENTARY SCHOOL,,Essex,97.0,Kindergarten
,Public,EDWARD F. PARTHUM ELEMENTARY SCHOOL,,Essex,99.0,Kindergarten
,Public,EMILY G WETHERBEE SCHOOL,,Essex,100.0,Kindergarten
,Public,FRANCIS M. LEAHY ELEMENTARY SCHOOL,,Essex,97.0,Kindergarten
,Public,FROST ELEMENTARY SCHOOL,,Essex,100.0,Kindergarten
,Public,HENNESSEY,,Essex,99.0,Kindergarten
,Public,JOHN BREEN SCHOOL,,Essex,99.0,Kindergarten
,Public,LAWRENCE EARLY CHILDHOOD CENTER,,Essex,98.0,Kindergarten
,Public,LAWRENCE FAMILY PUBLIC ACADEMY,,Essex,100.0,Kindergarten
,Public,OLIVER ELEMENTARY SCHOOL,,Essex,95.0,Kindergarten
,Public Charter,COMMUNITY DAY CHARTER SCHOOL - GATEWAY,,Essex,98.0,Kindergarten
,Public Charter,COMMUNITY DAY CHARTER SCHOOL - PROSPECT,,Essex,88.0,Kindergarten
,Public Charter,COMMUNITY DAY CHARTER SCHOOL - WEBSTER,,Essex,98.0,Kindergarten
,Public Charter,LAWRENCE FAMILY DEVELOP CHARTER SCH,,Essex,100.0,Kindergarten
,Private,ST PIUS V,,Essex,97.0,Kindergarten
,Public,A DREWICZ ELEMENTARY,,Essex,96.0,Kindergarten
,Public,ABORN ELEMENTARY,,Essex,100.0,Kindergarten
,Public,BRICKETT ELEMENTARY,,Essex,100.0,Kindergarten
,Public,CAPT WM SHOEMAKER SCHOOL,,Essex,96.0,Kindergarten
,Public,COBBET ELEMENTARY,,Essex,95.0,Kindergarten
,Public,E J HARRINGTON,,Essex,96.0,Kindergarten
,Public,HOOD SCHOOL,,Essex,100.0,Kindergarten
,Public,INGALLS SCHOOL,,Essex,99.0,Kindergarten
,Public,JULIA F CALLAHAN,,Essex,77.0,Kindergarten
,Public,LYNN WOODS SCHOOL,,Essex,97.0,Kindergarten
,Public,ROBERT L FORD,,Essex,94.0,Kindergarten
,Public,SISSON,,Essex,94.0,Kindergarten
,Public,TRACY,,Essex,100.0,Kindergarten
,Public,WASHINGTON ELEMENTARY,,Essex,99.0,Kindergarten
,Public,WM P CONNERY,,Essex,100.0,Kindergarten
,Public Charter,KIPP ACADEMY LYNN CHARTER,,Essex,98.0,Kindergarten
,Private,OUR LADY OF THE ASSUMPTION,,Essex,92.0,Kindergarten
,Public,HUCKLEBERRY HILL,,Essex,100.0,Kindergarten
,Public,SUMMER STREET,,Essex,94.0,Kindergarten
,Public,MANCHESTER MEMORIAL SCHOOL,,Essex,97.0,Kindergarten
,Public,GLOVER SCHOOL,,Essex,98.0,Kindergarten
,Public,LUCRETIA & JOSEPH BROWN ELEMENTARY SCHOOL,,Essex,97.0,Kindergarten
,Public,DR FREDERICK N SWEETSIR,,Essex,98.0,Kindergarten
,Public,COMPREHENSIVE GRAMMAR SCHOOL,,Essex,97.0,Kindergarten
,Public,DONALD P TIMONY GRAMMAR SCHOOL,,Essex,96.0,Kindergarten
,Public,MARSH GRAMMAR SCHOOL,,Essex,100.0,Kindergarten
,Public,TENNEY GRAMMAR SCHOOL,,Essex,97.0,Kindergarten
,Public,FULLER MEADOW SCHOOL,,Essex,95.0,Kindergarten
,Public,NEWBURY ELEMENTARY,,Essex,94.0,Kindergarten
,Public,FRANCIS T BRESNAHAN ELEMENTARY,,Essex,97.0,Kindergarten
,Public Charter,RIVER VALLEY CHARTER SCHOOL,,Essex,91.0,Kindergarten
,Private,ST MICHAEL ELEMENTARY,,Essex,89.0,Kindergarten
,Public,ANN BRADSTREET EARLY CHILDHOOD CENTER,,Essex,98.0,Kindergarten
,Private,COVENANT CHRISTIAN ACADEMY,,Essex,91.0,Kindergarten
,Private,SAINT JOHN THE BAPTIST SCHOOL,,Essex,100.0,Kindergarten
,Public,CENTER SCHOOL,,Essex,100.0,Kindergarten
,Public,JOHN E BURKE ELEMENTARY,,Essex,98.0,Kindergarten
,Public,JOHN E MCCARTHY SCHOOL,,Essex,97.0,Kindergarten
,Public,SAMUEL BROWN SCHOOL,,Essex,98.0,Kindergarten
,Public,SOUTH MEMORIAL SCHOOL,,Essex,97.0,Kindergarten
,Public,THOMAS CARROLL SCHOOL,,Essex,98.0,Kindergarten
,Public,WEST MEMORIAL SCHOOL,,Essex,100.0,Kindergarten
,Public,WILLIAM A WELCH SCHOOL,,Essex,95.0,Kindergarten
,Public,ROCKPORT ELEMENTARY,,Essex,100.0,Kindergarten
,Public,PINE GROVE,,Essex,88.0,Kindergarten
,Public,BATES ELEMENTARY,,Essex,97.0,Kindergarten
,Public,BENTLEY ACADEMY INNOVATION SCHOOL,,Essex,100.0,Kindergarten
,Public,CARLTON SCHOOL,,Essex,98.0,Kindergarten
,Public,HORACE MANN LABORATORY,,Essex,100.0,Kindergarten
,Public,SALTONSTALL SCHOOL,,Essex,100.0,Kindergarten
,Public,WITCHCRAFT HEIGHTS,,Essex,100.0,Kindergarten
,Public,SALISBURY ELEMENTARY,,Essex,84.0,Kindergarten
,Public,VETERANS MEMORIAL ELEMENTARY SCHOOL,,Essex,94.0,Kindergarten
,Public,SWAMPSCOTT ELEMENTARY SCHOOL,,Essex,96.0,Kindergarten
,Public,STEWARD ELEMENTARY,,Essex,96.0,Kindergarten
,Public,BESSIE BUKER ELEMENTARY,,Essex,100.0,Kindergarten
,Public,DR JOHN C PAGE ELEMENTARY,,Essex,96.0,Kindergarten
,Public,FEDERAL STREET SCHOOL,,Franklin,84.0,Kindergarten
,Public,FOUR CORNERS,,Franklin,87.0,Kindergarten
,Public,NEWTON SCHOOL,,Franklin,76.0,Kindergarten
,Public,HILLCREST ELEMENTARY,,Franklin,96.0,Kindergarten
,Public,FISHER HILL,,Franklin,93.0,Kindergarten
,Public,BENJAMIN PHELPS,,Hampden,95.0,Kindergarten
,Public,CLIFFORD M GRANGER,,Hampden,92.0,Kindergarten
,Public,JAMES CLARK SCHOOL,,Hampden,86.0,Kindergarten
,Public,WILLIAM SAPELLI SCHOOL,,Hampden,88.0,Kindergarten
,Public,BRIMFIELD ELEMENTARY,,Hampden,100.0,Kindergarten
,Public,ANNA E BARRY,,Hampden,92.0,Kindergarten
,Public,BELCHER SCHOOL,,Hampden,96.0,Kindergarten
,Public,BOWIE MEMORIAL SCHOOL,,Hampden,97.0,Kindergarten
,Public,FAIRVIEW ELEMENTARY,,Hampden,94.0,Kindergarten
,Public,JOHN J STEFANIK SCHOOL,,Hampden,96.0,Kindergarten
,Public,LAMBERT-LAVOIE,,Hampden,93.0,Kindergarten
,Public,PATRICK E BOWE,,Hampden,97.0,Kindergarten
,Public,STREIBER MEMORIAL,,Hampden,100.0,Kindergarten
,Public,MEADOW BROOK,,Hampden,98.0,Kindergarten
,Public,GREEN MEADOWS,,Hampden,100.0,Kindergarten
,Public,HOLLAND ELEMENTARY,,Hampden,94.0,Kindergarten
,Public,EDWARD N WHITE SCHOOL,,Hampden,97.0,Kindergarten
,Public,H.B. LAWRENCE SCHOOL,,Hampden,95.0,Kindergarten
,Public,KELLY ELEMENTARY,,Hampden,90.0,Kindergarten
,Public,LT ELMER J MCMAHON ELEMENTARY,,Hampden,97.0,Kindergarten
,Public,MAURICE A DONAHUE SCHOOL,,Hampden,98.0,Kindergarten
,Public,MORGAN ELEMENTARY,,Hampden,96.0,Kindergarten
,Public,BLUEBERRY HILL,,Hampden,97.0,Kindergarten
,Public,CENTER SCHOOL,,Hampden,98.0,Kindergarten
,Public,WOLF SWAMP ROAD SCHOOL,,Hampden,100.0,Kindergarten
,Public,EAST ST ELEMENTARY,,Hampden,98.0,Kindergarten
,Public,QUARRY HILL SCHOOL,,Hampden,90.0,Kindergarten
,Public,OLD MILL POND SCHOOL,,Hampden,93.0,Kindergarten
,Public,WOODLAND ELEMENTARY,,Hampden,96.0,Kindergarten
,Private,ST MICHAELS ELEMENTARY,,Hampden,93.0,Kindergarten
,Public,ALFRED G ZANETTI,,Hampden,91.0,Kindergarten
,Public,ALICE BEAL ELEMENTARY,,Hampden,100.0,Kindergarten
,Public,BENJAMIN SWAN SCHOOL,,Hampden,98.0,Kindergarten
,Public,BRIGHTWOOD SCHOOL,,Hampden,93.0,Kindergarten
,Public,DANIEL B BRUNTON SCHOOL,,Hampden,92.0,Kindergarten
,Public,DRYDEN MEMORIAL SCHOOL,,Hampden,98.0,Kindergarten
,Public,EDWARD P BOLAND ELEMENTARY,,Hampden,98.0,Kindergarten
,Public,FRANK H FREEDMAN SCHOOL,,Hampden,84.0,Kindergarten
,Public,FREDRICK HARRIS SCHOOL,,Hampden,93.0,Kindergarten
,Public,GERENA SCHOOL,,Hampden,96.0,Kindergarten
,Public,GLENWOOD SCHOOL,,Hampden,100.0,Kindergarten
,Public,GLICKMAN ELEMENTARY,,Hampden,93.0,Kindergarten
,Public,HIRAM L DORMAN SCHOOL,,Hampden,92.0,Kindergarten
,Public,INDIAN ORCHARD ELEMENTARY,,Hampden,97.0,Kindergarten
,Public,KENSINGTON AVENUE SCHOOL,,Hampden,91.0,Kindergarten
,Public,LIBERTY SCHOOL,,Hampden,98.0,Kindergarten
,Public,LINCOLN ELEMENTARY,,Hampden,98.0,Kindergarten
,Public,MARY M WALSH SCHOOL,,Hampden,98.0,Kindergarten
,Public,MARY O POTTENGER SCHOOL,,Hampden,98.0,Kindergarten
,Public,MILTON BRADLEY SCHOOL,,Hampden,97.0,Kindergarten
,Public,REBECCA JOHNSON SCHOOL,,Hampden,91.0,Kindergarten
,Public,SAMUEL BOWLES SCHOOL,,Hampden,98.0,Kindergarten
,Public,SUMNER AVE ELEMENTARY,,Hampden,96.0,Kindergarten
,Public,THOMAS M BALLIET SCHOOL,,Hampden,100.0,Kindergarten
,Public,WARNER SCHOOL,,Hampden,97.0,Kindergarten
,Public,WASHINGTON ELEMENTARY SCHOOL,,Hampden,98.0,Kindergarten
,Public,WHITE STREET SCHOOL,,Hampden,95.0,Kindergarten
,Public,WILLIAM N DEBERRY SCHOOL,,Hampden,97.0,Kindergarten
,Public Charter,MARTIN LUTHER KING CHARTER SCHOOL,,Hampden,95.0,Kindergarten
,Public Charter,SABIS CHARTER SCHOOL,,Hampden,96.0,Kindergarten
,Public Charter,SPRINGFIELD PREP CHARTER SCHOOL,,Hampden,95.0,Kindergarten
,Public,JOHN ASHLEY,,Hampden,95.0,Kindergarten
,Public,PHIILIP G COBURN SCHOOL,,Hampden,89.0,Kindergarten
,Public,TATHAM ELEMENTARY SCHOOL,,Hampden,97.0,Kindergarten
,Public,HIGHLAND SCHOOL,,Hampden,87.0,Kindergarten
,Public,MUNGER HILL ELEMENTARY,,Hampden,91.0,Kindergarten
,Public,SOUTHAMPTON ROAD,,Hampden,86.0,Kindergarten
,Public,WESTFIELD RIVER ELEMENTARY SCHOOL,,Hampden,89.0,Kindergarten
,Public,MILE TREE ELEMENTARY,,Hampden,98.0,Kindergarten
,Public,CROCKER FARM ELEMENTARY,,Hampshire,97.0,Kindergarten
,Public,FORT RIVER ELEMENTARY,,Hampshire,97.0,Kindergarten
,Public,WILDWOOD ELEMENTARY,,Hampshire,89.0,Kindergarten
,Public,COLD SPRING SCHOOL,,Hampshire,95.0,Kindergarten
,Public,MOUNTAIN VIEW SCHOOL,,Hampshire,82.0,Kindergarten
,Public,HADLEY ELEMENTARY,,Hampshire,100.0,Kindergarten
,Public Charter,PIONEER VALLEY CHINESE CHARTER SCH,,Hampshire,98.0,Kindergarten
,Public,LITTLEVILLE ELEMENTARY,,Hampshire,94.0,Kindergarten
,Public,BRIDGE STREET SCHOOL,,Hampshire,100.0,Kindergarten
,Public,ROBERT K FINN SCHOOL,,Hampshire,100.0,Kindergarten
,Public,PLAINS ELEMENTARY,,Hampshire,97.0,Kindergarten
,Public,WILLIAM E NORRIS,,Hampshire,100.0,Kindergarten
,Public,STANLEY M KOZIOL SCHOOL,,Hampshire,98.0,Kindergarten
,Public,C.T. DOUGLAS,,Middlesex,100.0,Kindergarten
,Public,LUTHER CONANT,,Middlesex,100.0,Kindergarten
,Public,MCCARTHY TOWNE,,Middlesex,100.0,Kindergarten
,Public,MERRIAM SCHOOL,,Middlesex,97.0,Kindergarten
,Public,P.P. GATES,,Middlesex,100.0,Kindergarten
,Public,BRACKETT ELEMENTARY,,Middlesex,100.0,Kindergarten
,Public,CYRUS DALLIN ELEMENTARY,,Middlesex,98.0,Kindergarten
,Public,HARDY ELEMENTARY,,Middlesex,99.0,Kindergarten
,Public,JOHN A BISHOP ELEMENTARY,,Middlesex,100.0,Kindergarten
,Public,M NORCROSS STRATTON SCHOOL,,Middlesex,100.0,Kindergarten
,Public,PEIRCE SCHOOL,,Middlesex,100.0,Kindergarten
,Public,THOMPSON,,Middlesex,100.0,Kindergarten
,Public,HENRY E WARREN ELEMENTARY,,Middlesex,98.0,Kindergarten
,Public,PAGE HILLTOP ELEMENTARY,,Middlesex,100.0,Kindergarten
,Public,LT ELEAZAR DAVIS SCHOOL,,Middlesex,97.0,Kindergarten
,Public,DANIEL BUTLER SCHOOL,,Middlesex,97.0,Kindergarten
,Public,MARY LEE BURBANK SCHOOL,,Middlesex,100.0,Kindergarten
,Public,ROGER WELLINGTON,,Middlesex,99.0,Kindergarten
,Public,WINN BROOK SCHOOL,,Middlesex,100.0,Kindergarten
,Public,DUTILE ELEMENTARY,,Middlesex,97.0,Kindergarten
,Public,HAJJAR ELEMENTARY,,Middlesex,98.0,Kindergarten
,Public,KENNEDY SCHOOL,,Middlesex,100.0,Kindergarten
,Public,PARKER SCHOOL,,Middlesex,97.0,Kindergarten
,Public,THOMAS DITSON SCHOOL,,Middlesex,98.0,Kindergarten
,Public,BLANCHARD MEMORIAL,,Middlesex,98.0,Kindergarten
,Public,FOX HILL SCHOOL,,Middlesex,100.0,Kindergarten
,Public,FRANCIS WYMAN ELEMENTARY,,Middlesex,99.0,Kindergarten
,Public,MEMORIAL SCHOOL,,Middlesex,97.0,Kindergarten
,Public,PINE GLEN ELEMENTARY,,Middlesex,100.0,Kindergarten
,Private,BUCKINGHAM BROWNE AND NICHOLS,,Middlesex,100.0,Kindergarten
,Private,SHADY HILL SCHOOL,,Middlesex,100.0,Kindergarten
,Public,AMIGOS SCHOOL,,Middlesex,100.0,Kindergarten
,Public,CAMBRIDGEPORT SCHOOL,,Middlesex,94.0,Kindergarten
,Public,FLETCHER-MAYNARD ACADEMY,,Middlesex,94.0,Kindergarten
,Public,GRAHAM & PARKS SCHOOL,,Middlesex,100.0,Kindergarten
,Public,HAGGERTY,,Middlesex,92.0,Kindergarten
,Public,JOHN M TOBIN SCHOOL,,Middlesex,98.0,Kindergarten
,Public,KING OPEN SCHOOL,,Middlesex,96.0,Kindergarten
,Public,MARIA L BALDWIN,,Middlesex,98.0,Kindergarten
,Public,MARTIN LUTHER KING JR SCHOOL,,Middlesex,100.0,Kindergarten
,Public,MORSE SCHOOL,,Middlesex,94.0,Kindergarten
,Public,PEABODY SCHOOL,,Middlesex,100.0,Kindergarten
,Public Charter,BENJAMIN BANNEKER CHARTER PUBLIC SCHOOL,,Middlesex,100.0,Kindergarten
,Public,CARLISLE SCHOOL,,Middlesex,98.0,Kindergarten
,Public,BYAM SCHOOL,,Middlesex,99.0,Kindergarten
,Public,CENTER ELEMENTARY,,Middlesex,99.0,Kindergarten
,Public,CHARLES D HARRINGTON,,Middlesex,97.0,Kindergarten
,Public,SOUTH ROW SCHOOL,,Middlesex,96.0,Kindergarten
,Private,NASHOBA BROOKS SCHOOL,,Middlesex,87.0,Kindergarten
,Public,ALCOTT,,Middlesex,93.0,Kindergarten
,Public,THOREAU SCHOOL,,Middlesex,100.0,Kindergarten
,Public,WILLARD ELEMENTARY,,Middlesex,100.0,Kindergarten
,Public,BROOKSIDE ELEMENTARY,,Middlesex,100.0,Kindergarten
,Public,GEORGE H ENGLESBY ELEMENTARY,,Middlesex,99.0,Kindergarten
,Public,GREENMONT AVENUE,,Middlesex,95.0,Kindergarten
,Public,JOSEPH A. CAMPBELL,,Middlesex,96.0,Kindergarten
,Public,SWALLOW UNION SCHOOL,,Middlesex,97.0,Kindergarten
,Private,ST. ANTHONY SCHOOL,,Middlesex,42.0,Kindergarten
,Public,KEVERIAN SCHOOL,,Middlesex,98.0,Kindergarten
,Public,LAFAYETTE SCHOOL,,Middlesex,100.0,Kindergarten
,Public,MADELINE ENGLISH SCHOOL,,Middlesex,100.0,Kindergarten
,Public,PARLIN SCHOOL,,Middlesex,100.0,Kindergarten
,Public,SUMNER G WHITTIER SCHOOL,,Middlesex,98.0,Kindergarten
,Public,WEBSTER SCHOOL,,Middlesex,98.0,Kindergarten
,Public Charter,PIONEER CHARTER SCHOOL OF SCIENCE LOWER I,,Middlesex,98.0,Kindergarten
,Public,BARBIERI ELEMENTARY,,Middlesex,100.0,Kindergarten
,Public,BROPHY SCHOOL,,Middlesex,100.0,Kindergarten
,Public,CHARLOTTE A DUNNING,,Middlesex,100.0,Kindergarten
,Public,HEMENWAY ELEMENTARY,,Middlesex,100.0,Kindergarten
,Public,KING ELEMENTARY,,Middlesex,100.0,Kindergarten
,Public,MARY E STAPLETON,,Middlesex,100.0,Kindergarten
,Public,MIRIAM MCCARTHY SCHOOL,,Middlesex,99.0,Kindergarten
,Public,POTTER ROAD,,Middlesex,100.0,Kindergarten
,Public,WOODROW WILSON,,Middlesex,100.0,Kindergarten
,Public,FLORENCE ROCHE SCHOOL,,Middlesex,98.0,Kindergarten
,Public,PLACENTINO SCHOOL,,Middlesex,100.0,Kindergarten
,Public,MARATHON SCHOOL,,Middlesex,96.0,Kindergarten
,Public,FARLEY ELEMENTARY,,Middlesex,100.0,Kindergarten
,Public,FOREST AVE ELEMENTARY,,Middlesex,100.0,Kindergarten
,Public,BOWMAN,,Middlesex,100.0,Kindergarten
,Public,BRIDGE,,Middlesex,100.0,Kindergarten
,Public,FISKE SCHOOL,,Middlesex,97.0,Kindergarten
,Public,HARRINGTON ELEMENTARY,,Middlesex,100.0,Kindergarten
,Public,JOSEPH ESTABROOK SCHOOL,,Middlesex,98.0,Kindergarten
,Public,MARIA HASTINGS SCHOOL,,Middlesex,100.0,Kindergarten
,Public,HANSCOM PRIMARY,,Middlesex,93.0,Kindergarten
,Public,LINCOLN SCHOOL,,Middlesex,100.0,Kindergarten
,Public,SHAKER LANE,,Middlesex,97.0,Kindergarten
,Private,IMMACULATE CONCEPTION,,Middlesex,97.0,Kindergarten
,Private,LOWELL CATHOLIC,,Middlesex,100.0,Kindergarten
,Public,ABRAHAM LINCOLN ELEMENTARY SCHOOL,,Middlesex,100.0,Kindergarten
,Public,BARTLETT COMMUNITY PARTNERSHIP,,Middlesex,100.0,Kindergarten
,Public,CHARLES W. MOREY ELEMENTRY,,Middlesex,99.0,Kindergarten
,Public,CHARLOTTE M MURKLAND ELEMENTARY,,Middlesex,100.0,Kindergarten
,Public,CHRISTA MCAULIFFE ELEMENTARY,,Middlesex,98.0,Kindergarten
,Public,DR GERTRUDE BAILEY,,Middlesex,98.0,Kindergarten
,Public,GREENHALGE,,Middlesex,100.0,Kindergarten
,Public,J G PYNE ARTS MAGNET SCHOOL,,Middlesex,100.0,Kindergarten
,Public,JOSEPH MCAVINNUE ELEMENTARY,,Middlesex,99.0,Kindergarten
,Public,MOODY SCHOOL,,Middlesex,100.0,Kindergarten
,Public,PAWTUCKETVILLE MEMORIAL,,Middlesex,97.0,Kindergarten
,Public,PETER W REILLY,,Middlesex,99.0,Kindergarten
,Public,ROGERS EARLY LEARNING CENTER,,Middlesex,100.0,Kindergarten
,Public,SHAUGHNESSY,,Middlesex,97.0,Kindergarten
,Public,WASHINGTON ELEMENTARY SCHOOL,,Middlesex,100.0,Kindergarten
,Public Charter,COLLEGIATE CHARTER SCHOOL OF LOWELL,,Middlesex,96.0,Kindergarten
,Public Charter,LOWELL COMMUNITY CHARTER SCHOOL,,Middlesex,97.0,Kindergarten
,Private,CHEVERUS CENTENNIAL SCHOOL,,Middlesex,100.0,Kindergarten
,Public,BEEBE SCHOOL,,Middlesex,100.0,Kindergarten
,Public,FERRYWAY SCHOOL,,Middlesex,98.0,Kindergarten
,Public,FORESTDALE SCHOOL,,Middlesex,98.0,Kindergarten
,Public,LINDEN,,Middlesex,99.0,Kindergarten
,Public,SALEMWOOD SCHOOL,,Middlesex,99.0,Kindergarten
,Public Charter,MYSTIC VALLEY REG CHARTER SCHOOL,,Middlesex,97.0,Kindergarten
,Public,CHARLES JAWOREK SCHOOL,,Middlesex,98.0,Kindergarten
,Public,FRANCIS J KANE SCHOOL,,Middlesex,100.0,Kindergarten
,Public,GOODNOW BROTHERS ELEMENTARY SCHOOL,,Middlesex,100.0,Kindergarten
,Public,RICHER SCHOOL,,Middlesex,100.0,Kindergarten
,Public,GREEN MEADOW SCHOOL,,Middlesex,97.0,Kindergarten
,Public,BROOKS SCHOOL,,Middlesex,99.0,Kindergarten
,Public,JOHN J MCGLYNN,,Middlesex,94.0,Kindergarten
,Public,MISSITUK ELEMENTARY SCHOOL,,Middlesex,99.0,Kindergarten
,Public,ROBERTS SCHOOL,,Middlesex,100.0,Kindergarten
,Public,HERBERT CLARK HOOVER,,Middlesex,100.0,Kindergarten
,Public,HORACE MANN,,Middlesex,100.0,Kindergarten
,Public,LINCOLN ELEMENTARY,,Middlesex,100.0,Kindergarten
,Public,ROOSEVELT,,Middlesex,100.0,Kindergarten
,Public,WINTHROP,,Middlesex,98.0,Kindergarten
,Private,ST. BENEDICT CLASSICAL ACADEMY,,Middlesex,80.0,Kindergarten
,Public,BENNETT-HEMENWAY SCHOOL,,Middlesex,99.0,Kindergarten
,Public,BROWN SCHOOL,,Middlesex,99.0,Kindergarten
,Public,LILJA ELEMENTARY,,Middlesex,99.0,Kindergarten
,Public,MEMORIAL ELEMENTARY,,Middlesex,99.0,Kindergarten
,Private,FESSENDEN SCHOOL HEALTH CTR,,Middlesex,100.0,Kindergarten
,Private,MT ALVERNIA ACADEMY,,Middlesex,100.0,Kindergarten
,Private,SOLOMON SCHECHTER DAY SCHOOL OF GREATER BOSTON,,Middlesex,100.0,Kindergarten
,Public,ANGIER SCHOOL,,Middlesex,100.0,Kindergarten
,Public,BOWEN ELEMENTARY,,Middlesex,96.0,Kindergarten
,Public,C C BURR ELEMENTARY,,Middlesex,98.0,Kindergarten
,Public,CABOT ELEMENTARY,,Middlesex,100.0,Kindergarten
,Public,COUNTRYSIDE ELEMENTARY,,Middlesex,98.0,Kindergarten
,Public,EDITH C BAKER,,Middlesex,100.0,Kindergarten
,Public,FRANKLIN ELEMENTARY,,Middlesex,100.0,Kindergarten
,Public,HEATH SCHOOL,,Middlesex,100.0,Kindergarten
,Public,HORACE MANN ELEMENTARY,,Middlesex,100.0,Kindergarten
,Public,JOHN WARD ELEMENTARY,,Middlesex,97.0,Kindergarten
,Public,LINCOLN-ELIOT ELEMENTARY,,Middlesex,96.0,Kindergarten
,Public,MASON-RICE ELEMENTARY,,Middlesex,100.0,Kindergarten
,Public,MEMORIAL SPAULDING SCHOOL,,Middlesex,100.0,Kindergarten
,Public,PEIRCE ELEMENTARY,,Middlesex,97.0,Kindergarten
,Public,UNDERWOOD ELEMENTARY,,Middlesex,100.0,Kindergarten
,Public,ZERVAS SCHOOL,,Middlesex,94.0,Kindergarten
,Public,E ETHEL LITTLE SCHOOL,,Middlesex,100.0,Kindergarten
,Public,J TURNER HOOD SCHOOL,,Middlesex,97.0,Kindergarten
,Public,L D BATCHELDER,,Middlesex,98.0,Kindergarten
,Public,VARNUM BROOK ELEMENTARY,,Middlesex,98.0,Kindergarten
,Public,ALICE BARROWS,,Middlesex,100.0,Kindergarten
,Public,BIRCH MEADOW SCHOOL,,Middlesex,100.0,Kindergarten
,Public,J WARREN KILLAM,,Middlesex,97.0,Kindergarten
,Public,JOSHUA EATON,,Middlesex,100.0,Kindergarten
,Public,WOOD END ELEMENTARY,,Middlesex,98.0,Kindergarten
,Public,PINE HILL,,Middlesex,100.0,Kindergarten
,Public,LURA WHITE ELEMENTARY,,Middlesex,98.0,Kindergarten
,Public,ALBERT F ARGENZIANO SCHOOL,,Middlesex,97.0,Kindergarten
,Public,ARTHUR D HEALEY SCHOOL,,Middlesex,100.0,Kindergarten
,Public,BENJAMIN BROWN SCHOOL,,Middlesex,100.0,Kindergarten
,Public,CAPUANO EARLY CHILDHOOD CENTER,,Middlesex,98.0,Kindergarten
,Public,EAST SOMERVILLE COMMUNITY SCHOOL,,Middlesex,97.0,Kindergarten
,Public,JOHN F KENNEDY ELEMENTARY,,Middlesex,100.0,Kindergarten
,Public,WEST SOMERVILLE NEIGHBORHOOD SCHOOL,,Middlesex,95.0,Kindergarten
,Private,ST PATRICK,,Middlesex,97.0,Kindergarten
,Public,COLONIAL PARK,,Middlesex,98.0,Kindergarten
,Public,ROBIN HOOD SCHOOL,,Middlesex,98.0,Kindergarten
,Public,SOUTH SCHOOL,,Middlesex,100.0,Kindergarten
,Public,CENTER SCHOOL,,Middlesex,97.0,Kindergarten
,Public,GENERAL JOHN NIXON SCHOOL,,Middlesex,100.0,Kindergarten
,Public,ISRAEL LORING SCHOOL,,Middlesex,97.0,Kindergarten
,Public,JOSIAH HAYNES SCHOOL,,Middlesex,100.0,Kindergarten
,Public,PETER NOYES,,Middlesex,97.0,Kindergarten
,Public,HEATH BROOK,,Middlesex,100.0,Kindergarten
,Public,L F DEWING,,Middlesex,99.0,Kindergarten
,Public,SQUANNACOOK EARLY CHILDHOOD CENTER,,Middlesex,98.0,Kindergarten
,Private,ACADEMY OF NOTRE DAME,,Middlesex,97.0,Kindergarten
,Public,TYNGSBORO ELEMENTARY SCHOOL,,Middlesex,93.0,Kindergarten
,Public,DOLBEARE SCHOOL,,Middlesex,96.0,Kindergarten
,Public,GREENWOOD SCHOOL,,Middlesex,100.0,Kindergarten
,Public,WALTON ELEMENTARY SCHOOL,,Middlesex,98.0,Kindergarten
,Public,WOODVILLE SCHOOL,,Middlesex,96.0,Kindergarten
,Public,DOUGLAS MACARTHUR ELEMENTARY,,Middlesex,99.0,Kindergarten
,Public,HENRY WHITTEMORE ELEMENTARY,,Middlesex,100.0,Kindergarten
,Public,JAMES FITZGERALD ELEMENTARY,,Middlesex,100.0,Kindergarten
,Public,NORTHEAST ELEMENTARY SCHOOL,,Middlesex,98.0,Kindergarten
,Public,THOMAS R PLYMPTON ELEMENTARY SCHOOL,,Middlesex,100.0,Kindergarten
,Public,WALTHAM DUAL LANGUAGE SCHOOL,,Middlesex,100.0,Kindergarten
,Public,WILLIAM STANLEY ELEMENTARY,,Middlesex,98.0,Kindergarten
,Public,CUNNIFF,,Middlesex,100.0,Kindergarten
,Public,HOSMER-EAST,,Middlesex,98.0,Kindergarten
,Public,JAMES RUSSELL LOWELL,,Middlesex,99.0,Kindergarten
,Public,CLAYPIT HILL SCHOOL,,Middlesex,99.0,Kindergarten
,Public,HAPPY HOLLOW,,Middlesex,100.0,Kindergarten
,Public,LOKER SCHOOL,,Middlesex,98.0,Kindergarten
,Public,COL JOHN ROBINSON ELEMENTARY,,Middlesex,94.0,Kindergarten
,Public,NABNASSET ELEMENTARY,,Middlesex,100.0,Kindergarten
,Public,RITA MILLER ELEMENTARY,,Middlesex,100.0,Kindergarten
,Public,COUNTRY ELEMENTARY,,Middlesex,97.0,Kindergarten
,Public,WOODLAND,,Middlesex,97.0,Kindergarten
,Public,BOUTWELL SCHOOL,,Middlesex,98.0,Kindergarten
,Public,WILDWOOD SCHOOL,,Middlesex,99.0,Kindergarten
,Public,AMBROSE ELEMENTARY,,Middlesex,100.0,Kindergarten
,Public,FRANCIS J MURACO ELEMENTARY,,Middlesex,100.0,Kindergarten
,Public,LYNCH ELEMENTARY,,Middlesex,100.0,Kindergarten
,Public,VINSON OWEN ELEMENTARY,,Middlesex,100.0,Kindergarten
,Public,CLYDE REEVES ELEMENTARY,,Middlesex,96.0,Kindergarten
,Public,GOODYEAR ELEMENTARY,,Middlesex,100.0,Kindergarten
,Public,HURLD WYMAN SCHOOL,,Middlesex,97.0,Kindergarten
,Public,LINSCOTT-RUMFORD,,Middlesex,100.0,Kindergarten
,Public,MALCOLM WHITE ELEMENTARY,,Middlesex,98.0,Kindergarten
,Public,MARY D ALTAVESTA,,Middlesex,100.0,Kindergarten
,Public,SHAMROCK,,Middlesex,98.0,Kindergarten
,Public,NANTUCKET ELEMENTARY,,Nantucket,95.0,Kindergarten
,Public,RALPH BUTLER SCHOOL,,Norfolk,89.0,Kindergarten
,Public,DIPIETRO ELEMENTARY,,Norfolk,98.0,Kindergarten
,Public,STALL BROOK SCHOOL,,Norfolk,97.0,Kindergarten
,Public,HIGHLANDS SCHOOL,,Norfolk,95.0,Kindergarten
,Public,HOLLIS SCHOOL,,Norfolk,99.0,Kindergarten
,Public,LIBERTY ELEMENTARY SCHOOL,,Norfolk,100.0,Kindergarten
,Public,MARY E FLAHERTY SCHOOL,,Norfolk,98.0,Kindergarten
,Public,MORRISON ELEMENTARY,,Norfolk,100.0,Kindergarten
,Public,ROSS ELEMENTARY SCHOOL,,Norfolk,100.0,Kindergarten
,Private,DEXTER SCHOOL,,Norfolk,100.0,Kindergarten
,Private,PARK SCHOOL,,Norfolk,100.0,Kindergarten
,Private,ST MARY OF THE ASSUMPTION SCHOOL,,Norfolk,93.0,Kindergarten
,Public,FLORIDA RUFFIN RIDLEY,,Norfolk,100.0,Kindergarten
,Public,JOHN D RUNKLE,,Norfolk,100.0,Kindergarten
,Public,LAWRENCE,,Norfolk,99.0,Kindergarten
,Public,MICHAEL DRISCOLL,,Norfolk,100.0,Kindergarten
,Public,PIERCE SCHOOL,,Norfolk,98.0,Kindergarten
,Public,WILLIAM H LINCOLN ELEMENTARY,,Norfolk,100.0,Kindergarten
,Public,DEAN S LUCE,,Norfolk,93.0,Kindergarten
,Public,JOHN F KENNEDY,,Norfolk,99.0,Kindergarten
,Public,LT PETER M HANSEN SCHOOL,,Norfolk,95.0,Kindergarten
,Public,JOSEPH OSGOOD,,Norfolk,100.0,Kindergarten
,Private,DEDHAM COUNTRY DAY,,Norfolk,90.0,Kindergarten
,Public,EARLY CHILDHOOD EDUCATION CTR,,Norfolk,98.0,Kindergarten
,Public,CHICKERING,,Norfolk,95.0,Kindergarten
,Public,CHARLES TAYLOR ELEMENTARY,,Norfolk,96.0,Kindergarten
,Public,VINCENT M IGO ELEMENTARY,,Norfolk,99.0,Kindergarten
,Public Charter,FOXBORO REG CHARTER SCHOOL,,Norfolk,96.0,Kindergarten
,Public,LINCOLN STREET K-2 ELEMENTARY SCHOOL,,Norfolk,99.0,Kindergarten
,Public,WASHINGTON STREET K-2 ELEMENTARY SCHOOL,,Norfolk,99.0,Kindergarten
,Public Charter,BENJAMIN FRANKLIN CLASSICAL CHARTER SCHOOL,,Norfolk,97.0,Kindergarten
,Public,MEMORIAL SCHOOL,,Norfolk,99.0,Kindergarten
,Public,JOHN D MCGOVERN SCHOOL,,Norfolk,97.0,Kindergarten
,Public,CLYDE BROWN SCHOOL,,Norfolk,99.0,Kindergarten
,Private,ST AGATHA ELEMENTARY,,Norfolk,93.0,Kindergarten
,Public,COLLICOT,,Norfolk,100.0,Kindergarten
,Public,CUNNINGHAM,,Norfolk,99.0,Kindergarten
,Public,GLOVER SCHOOL,,Norfolk,100.0,Kindergarten
,Public,TUCKER SCHOOL,,Norfolk,98.0,Kindergarten
,Private,ST JOSEPH SCHOOL,,Norfolk,100.0,Kindergarten
,Public,BROADMEADOW,,Norfolk,100.0,Kindergarten
,Public,ELIOT ELEMENTARY,,Norfolk,98.0,Kindergarten
,Public,NEWMAN ELEMENTARY EARLY CHILDHOOD,,Norfolk,100.0,Kindergarten
,Public,SUNITA WILLIAMS ELEMENTARY,,Norfolk,99.0,Kindergarten
,Public,WILLIAM MITCHELL SCHOOL,,Norfolk,99.0,Kindergarten
,Private,ST CATHERINE OF SIENA SCHOOL,,Norfolk,97.0,Kindergarten
,Public,GEORGE F WILLETT ELEMENTARY,,Norfolk,99.0,Kindergarten
,Public,ANNA WARE JACKSON SCHOOL,,Norfolk,98.0,Kindergarten
,Private,QUINCY CATHOLIC ACADEMY,,Norfolk,97.0,Kindergarten
,Public,ATHERTON HOUGH,,Norfolk,93.0,Kindergarten
,Public,BEECHWOOD KNOLL ELEMENTARY,,Norfolk,98.0,Kindergarten
,Public,CHARLES BERNAZZANI SCHOOL,,Norfolk,98.0,Kindergarten
,Public,CLIFFORD MARSHALL SCHOOL,,Norfolk,98.0,Kindergarten
,Public,FRANCIS W PARKER ELEMENTARY,,Norfolk,100.0,Kindergarten
,Public,LINCOLN- HANCOCK ELEMENTARY,,Norfolk,98.0,Kindergarten
,Public,MERRYMOUNT,,Norfolk,100.0,Kindergarten
,Public,MONTCLAIR ELEMENTARY,,Norfolk,98.0,Kindergarten
,Public,SNUG HARBOR,,Norfolk,94.0,Kindergarten
,Public,SQUANTUM ELEMENTARY,,Norfolk,94.0,Kindergarten
,Public,WOLLASTON SCHOOL,,Norfolk,100.0,Kindergarten
,Public,J F KENNEDY ELEMENTARY,,Norfolk,98.0,Kindergarten
,Public,MARGARET L DONOVAN SCHOOL,,Norfolk,97.0,Kindergarten
,Public,MARTIN E YOUNG ELEMENTARY,,Norfolk,100.0,Kindergarten
,Public,NORTH RANDOLPH ELEMENTARY SCHOOL,,Norfolk,100.0,Kindergarten
,Public,COTTAGE ST SCHOOL,,Norfolk,100.0,Kindergarten
,Public,EAST ELEMENTARY,,Norfolk,100.0,Kindergarten
,Public,HEIGHTS ELEMENTARY,,Norfolk,100.0,Kindergarten
,Public,HELEN HANSEN SCHOOL,,Norfolk,96.0,Kindergarten
,Public,JOSEPH H GIBBONS ELEMENTARY,,Norfolk,100.0,Kindergarten
,Public,JOSEPH R DAWE ELEMENTARY,,Norfolk,98.0,Kindergarten
,Public,SOUTH ELEMENTARY,,Norfolk,100.0,Kindergarten
,Public,WEST ELEMENTARY,,Norfolk,98.0,Kindergarten
,Private,BLESSED SACRAMENT - WALPOLE,,Norfolk,54.0,Kindergarten
,Public,BOYDEN ELEMENTARY,,Norfolk,97.0,Kindergarten
,Public,ELM ST SCHOOL,,Norfolk,97.0,Kindergarten
,Public,FISHER ELEMENTARY SCHOOL,,Norfolk,100.0,Kindergarten
,Public,OLD POST RD ELEMENTARY,,Norfolk,100.0,Kindergarten
,Public,TEC CONNECTIONS ACADEMY COMMONWEALTH VIRTUAL SCHOOL,,Norfolk,84.0,Kindergarten
,Public,HUNNEWELL,,Norfolk,98.0,Kindergarten
,Public,JOHN D HARDY SCHOOL,,Norfolk,100.0,Kindergarten
,Public,JOSEPH E FISKE,,Norfolk,100.0,Kindergarten
,Public,KATHARINE LEE BATES SCHOOL,,Norfolk,100.0,Kindergarten
,Public,SCHOFIELD ELEMENTARY,,Norfolk,100.0,Kindergarten
,Public,SPRAGUE ELEMENTARY,,Norfolk,100.0,Kindergarten
,Public,DOWNEY SCHOOL,,Norfolk,98.0,Kindergarten
,Public,MARTHA JONES SCHOOL,,Norfolk,100.0,Kindergarten
,Public,PINE HILL,,Norfolk,100.0,Kindergarten
,Public,WILLIAM E SHEEHAN SCHOOL,,Norfolk,98.0,Kindergarten
,Private,SACRED HEART ELEMENTARY,,Norfolk,94.0,Kindergarten
,Public,FREDERICK MURPHY SCHOOL,,Norfolk,97.0,Kindergarten
,Public,RALPH TALBOT SCHOOL,,Norfolk,100.0,Kindergarten
,Public,THOMAS V NASH SCHOOL,,Norfolk,99.0,Kindergarten
,Public,THOMAS W HAMILTON SCHOOL,,Norfolk,99.0,Kindergarten
,Public,WESSAGUSSET ELEMENTARY,,Norfolk,97.0,Kindergarten
,Public,WM. SEACH SCHOOL,,Norfolk,97.0,Kindergarten
,Private,DELANEY SCHOOL,,Norfolk,100.0,Kindergarten
,Private,SAINT BRIDGET SCHOOL - ABINGTON,,Plymouth,90.0,Kindergarten
,Public,BEAVER BROOK ELEMENTARY,,Plymouth,100.0,Kindergarten
,Public,GEORGE MITCHELL ELEMENTARY,,Plymouth,99.0,Kindergarten
,Private,TRINITY CATHOLIC ACADEMY LOWER CAMPUS,,Plymouth,71.0,Kindergarten
,Public,BROOKFIELD SCHOOL,,Plymouth,96.0,Kindergarten
,Public,DOWNEY SCHOOL,,Plymouth,97.0,Kindergarten
,Public,DR W ARNONE SCHOOL,,Plymouth,93.0,Kindergarten
,Public,EDGAR B DAVIS ELEMENTARY,,Plymouth,93.0,Kindergarten
,Public,GILMORE ELEMENTARY K-5,,Plymouth,99.0,Kindergarten
,Public,HANCOCK ELEMENTARY,,Plymouth,87.0,Kindergarten
,Public,JOHN F KENNEDY ELEMENTARY,,Plymouth,100.0,Kindergarten
,Public,LOUIS F ANGELO ELEMENTARY,,Plymouth,96.0,Kindergarten
,Public,MANTHALA GEORGE SCHOOL,,Plymouth,95.0,Kindergarten
,Public,MARY E BAKER SCHOOL,,Plymouth,98.0,Kindergarten
,Public,OSCAR F RAYMOND,,Plymouth,95.0,Kindergarten
,Public,CARVER ELEMENTARY,,Plymouth,96.0,Kindergarten
,Public,CHANDLER ELEMENTARY,,Plymouth,93.0,Kindergarten
,Public,CENTRAL SCHOOL,,Plymouth,97.0,Kindergarten
,Public,HALIFAX ELEMENTARY SCHOOL,,Plymouth,99.0,Kindergarten
,Public,CEDAR ELEMENTARY SCHOOL,,Plymouth,94.0,Kindergarten
,Public,INDIAN HEAD,,Plymouth,98.0,Kindergarten
,Public,EAST ELEMENTARY SCHOOL,,Plymouth,99.0,Kindergarten
,Public,FOSTER ELEMENTARY,,Plymouth,99.0,Kindergarten
,Public,PLYMOUTH RIVER SCHOOL,,Plymouth,100.0,Kindergarten
,Public,SOUTH ELEMENTARY,,Plymouth,100.0,Kindergarten
,Public,LILLIAN JACOBS,,Plymouth,100.0,Kindergarten
,Public,KINGSTON ELEMENTARY,,Plymouth,97.0,Kindergarten
,Public,ASSAWOMPSET SCHOOL,,Plymouth,99.0,Kindergarten
,Public,SIPPICAN ELEMENTARY SCHOOL,,Plymouth,98.0,Kindergarten
,Public,DANIEL WEBSTER,,Plymouth,100.0,Kindergarten
,Public,EAMES WAY SCHOOL,,Plymouth,96.0,Kindergarten
,Public,GOV EDWARD WINSLOW SCHOOL,,Plymouth,89.0,Kindergarten
,Public,MARTINSON ELEMENTARY SCHOOL,,Plymouth,99.0,Kindergarten
,Public,SOUTH RIVER,,Plymouth,93.0,Kindergarten
,Public,CENTER SCHOOL,,Plymouth,94.0,Kindergarten
,Public,MEMORIAL EARLY CHILDHOOD CTR,,Plymouth,94.0,Kindergarten
,Public,GRACE FARRAR COLE,,Plymouth,99.0,Kindergarten
,Public,WILLIAM G VINAL,,Plymouth,99.0,Kindergarten
,Public Charter,SOUTH SHORE CHARTER SCHOOL,,Plymouth,94.0,Kindergarten
,Public,BRYANTVILLE ELEMENTARY,,Plymouth,98.0,Kindergarten
,Public,HOBOMOCK ELEMENTARY,,Plymouth,93.0,Kindergarten
,Public,NORTH PEMBROKE ELEMENTARY,,Plymouth,100.0,Kindergarten
,Public,COLD SPRING SCHOOL,,Plymouth,94.0,Kindergarten
,Public,FEDERAL FURNACE,,Plymouth,94.0,Kindergarten
,Public,INDIAN BROOK ELEMENTARY,,Plymouth,96.0,Kindergarten
,Public,MANOMET ELEMENTARY,,Plymouth,100.0,Kindergarten
,Public,NATHANIEL MORTON SCHOOL,,Plymouth,95.0,Kindergarten
,Public,SOUTH ELEMENTARY SCHOOL,,Plymouth,98.0,Kindergarten
,Public,WEST SCHOOL,,Plymouth,97.0,Kindergarten
,Public,DENNETT ELEMENTARY,,Plymouth,83.0,Kindergarten
,Public,ROCHESTER MEMORIAL,,Plymouth,92.0,Kindergarten
,Public,R STEWART ESTEN,,Plymouth,96.0,Kindergarten
,Public,CUSHING ELEMENTARY,,Plymouth,92.0,Kindergarten
,Public,HATHERLY ELEMENTARY,,Plymouth,98.0,Kindergarten
,Public,JENKINS ELEMENTARY,,Plymouth,98.0,Kindergarten
,Public,WAMPATUCK ELEMENTARY,,Plymouth,98.0,Kindergarten
,Public,WAREHAM ELEMENTARY SCHOOL,,Plymouth,97.0,Kindergarten
,Public,SPRING ST SCHOOL,,Plymouth,95.0,Kindergarten
,Public,JOHN H DUVAL SCHOOL,,Plymouth,96.0,Kindergarten
,Public,LOUISE A CONLEY SCHOOL,,Plymouth,95.0,Kindergarten
,Private,HOLY NAME PARISH SCHOOL,,Suffolk,100.0,Kindergarten
,Private,KINGSLEY MONTESSORI,,Suffolk,100.0,Kindergarten
,Private,POPE JOHN PAUL II (NEPONSET CAMPUS),,Suffolk,95.0,Kindergarten
,Private,SAINT COLUMBKILLE PARTNERSHIP SCHOOL,,Suffolk,97.0,Kindergarten
,Private,SAINT JOHN PAUL CATHOLIC ACADEMY,,Suffolk,100.0,Kindergarten
,Private,SAINT THERESA OF AVILA,,Suffolk,100.0,Kindergarten
,Private,THE CROFT SCHOOL BOSTON,,Suffolk,100.0,Kindergarten
,Public,BALDWIN EARLY LEARNING PILOT ACADEMY,,Suffolk,100.0,Kindergarten
,Public,BEETHOVEN,,Suffolk,95.0,Kindergarten
,Public,BLACKSTONE COMMUNITY,,Suffolk,93.0,Kindergarten
,Public,CURLEY K-8 SCHOOL,,Suffolk,99.0,Kindergarten
,Public,DANTE ALIGHIERI,,Suffolk,100.0,Kindergarten
,Public,DAVID A ELLIS,,Suffolk,91.0,Kindergarten
,Public,DENNIS HALEY,,Suffolk,94.0,Kindergarten
,Public,DONALD MCKAY,,Suffolk,100.0,Kindergarten
,Public,DR WILLIAM HENDERSON SCHOOL,,Suffolk,98.0,Kindergarten
,Public,EEC/EAST BOSTON,,Suffolk,95.0,Kindergarten
,Public,ELIOT ELEMENTARY,,Suffolk,98.0,Kindergarten
,Public,ELLIS MENDELL,,Suffolk,95.0,Kindergarten
,Public,ELLISON/PARKS EARLY EDUCATION SCHOOL,,Suffolk,100.0,Kindergarten
,Public,FRANKLIN ROOSEVELT LOWER CAMPUS,,Suffolk,89.0,Kindergarten
,Public,GARDNER PILOT ACADEMY,,Suffolk,97.0,Kindergarten
,Public,HARVARD-KENT SCHOOL,,Suffolk,93.0,Kindergarten
,Public,HAYNES EARLY EDUCATION CTR,,Suffolk,95.0,Kindergarten
,Public,HIGGINSON SCHOOL,,Suffolk,93.0,Kindergarten
,Public,HUGH ROE ODONNELL,,Suffolk,89.0,Kindergarten
,Public,J.F. KENNEDY,,Suffolk,100.0,Kindergarten
,Public,JAMES CHITTICK,,Suffolk,90.0,Kindergarten
,Public,JAMES CONDON,,Suffolk,92.0,Kindergarten
,Public,JAMES HENNIGAN,,Suffolk,97.0,Kindergarten
,Public,JAMES OTIS,,Suffolk,95.0,Kindergarten
,Public,JOSEPH J HURLEY,,Suffolk,98.0,Kindergarten
,Public,JOSEPH LEE SCHOOL,,Suffolk,94.0,Kindergarten
,Public,JOSEPH TYNAN,,Suffolk,87.0,Kindergarten
,Public,JOSIAH QUINCY,,Suffolk,91.0,Kindergarten
,Public,KILMER K-8 LOWER CAMPUS,,Suffolk,93.0,Kindergarten
,Public,KING K-8,,Suffolk,88.0,Kindergarten
,Public,LEE ACADEMY,,Suffolk,92.0,Kindergarten
,Public,LYNDON SCHOOL,,Suffolk,98.0,Kindergarten
,Public,MANASSAH BRADLEY,,Suffolk,97.0,Kindergarten
,Public,MARIO UMANA ACADEMY,,Suffolk,96.0,Kindergarten
,Public,MATHER SCHOOL,,Suffolk,89.0,Kindergarten
,Public,MATTAHUNT,,Suffolk,90.0,Kindergarten
,Public,MILDRED AVENUE K-8,,Suffolk,93.0,Kindergarten
,Public,O W HOLMES SCHOOL,,Suffolk,90.0,Kindergarten
,Public,OLIVER H PERRY,,Suffolk,96.0,Kindergarten
,Public,ORCHARD GARDENS SCHOOL,,Suffolk,97.0,Kindergarten
,Public,PATRICK J KENNEDY SCHOOL,,Suffolk,100.0,Kindergarten
,Public,PERKINS ELEMENTARY SCHOOL,,Suffolk,97.0,Kindergarten
,Public,PHINEAS BATES,,Suffolk,97.0,Kindergarten
,Public,RAFAEL HERNANDEZ,,Suffolk,100.0,Kindergarten
,Public,RICHARD J MURPHY SCHOOL,,Suffolk,100.0,Kindergarten
,Public,SARAH GREENWOOD,,Suffolk,88.0,Kindergarten
,Public,SARAH ROBERTS ELEMENTARY SCHOOL,,Suffolk,99.0,Kindergarten
,Public,SHAW ELEMENTARY SCHOOL,,Suffolk,96.0,Kindergarten
,Public,THOMAS A. EDISON K8 SCHOOL,,Suffolk,94.0,Kindergarten
,Public,THOMAS KENNY,,Suffolk,97.0,Kindergarten
,Public,WARREN PRESCOTT,,Suffolk,99.0,Kindergarten
,Public,WILLIAM E RUSSELL,,Suffolk,84.0,Kindergarten
,Public,WILLIAM ELLERY CHANNING ELEM,,Suffolk,94.0,Kindergarten
,Public,WILLIAM MONROE TROTTER,,Suffolk,96.0,Kindergarten
,Public,WINSHIP SCHOOL,,Suffolk,93.0,Kindergarten
,Public,YOUNG ACHIEVERS SCIENCE & MATH SCH,,Suffolk,89.0,Kindergarten
,Public Charter,BOSTON RENAISSANCE CHARTER PUBLIC SCHOOL,,Suffolk,98.0,Kindergarten
,Public Charter,BRIDGE BOSTON CHARTER SCHOOL,,Suffolk,100.0,Kindergarten
,Public Charter,BROOKE ROSLINDALE,,Suffolk,98.0,Kindergarten
,Public Charter,DUDLEY ST NEIGHBORHOOD CHARTER SCHOOL,,Suffolk,97.0,Kindergarten
,Public Charter,EDWARD BROOKE CHARTER SCHOOL 3,,Suffolk,98.0,Kindergarten
,Public Charter,EDWARD W BROOKE CHARTER SCHOOL 2,,Suffolk,100.0,Kindergarten
,Public Charter,KIPP ACADEMY BOSTON SCHOOL,,Suffolk,91.0,Kindergarten
,Public Charter,MATCH COMMUNITY DAY,,Suffolk,27.0,Kindergarten
,Public Charter,NEIGHBORHOOD HOUSE CHARTER SCHOOL - QUEEN STREET,,Suffolk,100.0,Kindergarten
,Public Charter,UP ACADEMY DORCHESTER,,Suffolk,91.0,Kindergarten
,Public Charter,UP ACADEMY HOLLAND,,Suffolk,90.0,Kindergarten
,Private,IMMACULATE CONCEPTION,,Suffolk,95.0,Kindergarten
,Public,A C WHELAN ELEMENTARY,,Suffolk,99.0,Kindergarten
,Public,ABRAHAM LINCOLN,,Suffolk,99.0,Kindergarten
,Public,BEACHMONT,,Suffolk,100.0,Kindergarten
,Public,GARFIELD ELEMENTARY,,Suffolk,96.0,Kindergarten
,Public,PAUL REVERE,,Suffolk,98.0,Kindergarten
,Public,STAFF SARGENT JAMES J. HILL ELEMENTARY SCHOOL,,Suffolk,100.0,Kindergarten
,Public,FORT BANKS ELEMENTARY,,Suffolk,99.0,Kindergarten
,Public,BRIGGS ELEMENTARY,,Worcester,98.0,Kindergarten
,Public,BRYN MAWR,,Worcester,97.0,Kindergarten
,Public,PAKACHOAG SCHOOL,,Worcester,98.0,Kindergarten
,Public,RUGGLES LANE ELEMENTARY,,Worcester,96.0,Kindergarten
,Public,BERLIN MEMORIAL,,Worcester,97.0,Kindergarten
,Public,FLORENCE SAWYER SCHOOL,,Worcester,97.0,Kindergarten
,Public,BOYLSTON ELEMENTARY SCHOOL,,Worcester,98.0,Kindergarten
,Public,BROOKFIELD ELEMENTARY,,Worcester,97.0,Kindergarten
,Public,CHARLTON ELEMENTARY SCHOOL,,Worcester,99.0,Kindergarten
,Public,CLINTON ELEMENTARY,,Worcester,96.0,Kindergarten
,Public,DOUGLAS PRIMARY,,Worcester,95.0,Kindergarten
,Public,MASON ROAD SCHOOL,,Worcester,97.0,Kindergarten
,Public,SOUTH STREET EARLY LEARNING CENTER,,Worcester,98.0,Kindergarten
,Private,HOLY FAMILY,,Worcester,97.0,Kindergarten
,Public,GARDNER ELEMENTARY SCHOOL,,Worcester,91.0,Kindergarten
,Public,NORTH GRAFTON ELEMENTARY,,Worcester,96.0,Kindergarten
,Public,SOUTH GRAFTON ELEMENTARY,,Worcester,97.0,Kindergarten
,Public,HILDRETH ELEMENTARY SCHOOL,,Worcester,98.0,Kindergarten
,Public,DAVIS HILL ELEMENTARY,,Worcester,99.0,Kindergarten
,Public,DAWSON ELEMENTARY,,Worcester,92.0,Kindergarten
,Public,LEROY E MAYO SCHOOL,,Worcester,97.0,Kindergarten
,Public,MEMORIAL SCHOOL,,Worcester,94.0,Kindergarten
,Public,HUBBARDSTON CENTER SCHOOL,,Worcester,77.0,Kindergarten
,Public,MARY ROWLANDSON SCHOOL,,Worcester,95.0,Kindergarten
,Public,LEICESTER ELEMENTARY,,Worcester,99.0,Kindergarten
,Public,FALL BROOK SCHOOL,,Worcester,95.0,Kindergarten
,Public,FRANCES DRAKE SCHOOL,,Worcester,96.0,Kindergarten
,Public,JOHNNY APPLESEED SCHOOL,,Worcester,99.0,Kindergarten
,Public,PRIEST STREET,,Worcester,97.0,Kindergarten
,Public,LUNENBURG PRIMARY SCHOOL,,Worcester,98.0,Kindergarten
,Public,HENRY P CLOUGH SCHOOL,,Worcester,97.0,Kindergarten
,Public,BROOKSIDE ELEMENTARY,,Worcester,100.0,Kindergarten
,Public,MEMORIAL ELEMENTARY,,Worcester,99.0,Kindergarten
,Public,ELMWOOD ST SCHOOL,,Worcester,96.0,Kindergarten
,Public,MILLVILLE ELEMENTARY SCHOOL,,Worcester,97.0,Kindergarten
,Public,FANNIE PROCTOR,,Worcester,98.0,Kindergarten
,Public,LINCOLN ST. ELEMENTARY SCHOOL,,Worcester,100.0,Kindergarten
,Public,MARGUERITE PEASLEE,,Worcester,98.0,Kindergarten
,Public,MARION E ZEH SCHOOL,,Worcester,100.0,Kindergarten
,Private,WHITINSVILLE CHRISTIAN SCHOOL,,Worcester,89.0,Kindergarten
,Public,NORTHBRIDGE ELEMENTARY SCHOOL,,Worcester,96.0,Kindergarten
,Public,ALFRED M CHAFFEE ELEMENTARY,,Worcester,92.0,Kindergarten
,Public,PAXTON CENTER,,Worcester,100.0,Kindergarten
,Public,THOMAS PRINCE ELEMENTARY,,Worcester,91.0,Kindergarten
,Public,NAQUAG ELEMENTARY,,Worcester,96.0,Kindergarten
,Public,BEAL SCHOOL,,Worcester,94.0,Kindergarten
,Public,CALVIN COOLIDGE SCHOOL,,Worcester,100.0,Kindergarten
,Public,FLORAL STREET SCHOOL,,Worcester,100.0,Kindergarten
,Public,SPRING STREET SCHOOL,,Worcester,98.0,Kindergarten
,Public,WALTER J PATON SCHOOL,,Worcester,98.0,Kindergarten
,Public,MARY E FINN SCHOOL,,Worcester,96.0,Kindergarten
,Public,EASTFORD ROAD,,Worcester,99.0,Kindergarten
,Public,WIRE VILLAGE SCHOOL,,Worcester,95.0,Kindergarten
,Public,HOUGHTON SCHOOL,,Worcester,97.0,Kindergarten
,Public,BURGESS ELEMENTARY,,Worcester,94.0,Kindergarten
,Public Charter,OLD STURBRIDGE ACADEMY CHARTER PUBLIC SCHOOL,,Worcester,92.0,Kindergarten
,Public,SUTTON EARLY LEARNING,,Worcester,96.0,Kindergarten
,Public,TEMPLETON CENTER ELEMENTARY,,Worcester,95.0,Kindergarten
,Public,TAFT EARLY LEARNING CENTER,,Worcester,97.0,Kindergarten
,Public,WARREN ELEMENTARY,,Worcester,94.0,Kindergarten
,Public,PARK AVENUE ELEMENTARY,,Worcester,98.0,Kindergarten
,Public,MAJOR EDWARDS ELEMENTARY,,Worcester,98.0,Kindergarten
,Public,WEST BROOKFIELD ELEMENTARY,,Worcester,98.0,Kindergarten
,Public,ANNIE E FALES SCHOOL,,Worcester,97.0,Kindergarten
,Public,ELISE A HASTINGS SCHOOL,,Worcester,99.0,Kindergarten
,Public,J HARDING ARMSTRONG,,Worcester,91.0,Kindergarten
,Public,MEETINGHOUSE ELEMENTARY,,Worcester,94.0,Kindergarten
,Private,ST PETER CENTRAL CATHOLIC,,Worcester,100.0,Kindergarten
,Public,BELMONT ST COMMUNITY,,Worcester,93.0,Kindergarten
,Public,BURNCOAT STREET,,Worcester,97.0,Kindergarten
,Public,CANTERBURY ST SCHOOL,,Worcester,94.0,Kindergarten
,Public,CHANDLER ELEM. COMMUNITY SCHOOL,,Worcester,91.0,Kindergarten
,Public,CHANDLER MAGNET,,Worcester,99.0,Kindergarten
,Public,CITY VIEW ELEMENTARY,,Worcester,98.0,Kindergarten
,Public,CLARK ST ELEMENTARY,,Worcester,97.0,Kindergarten
,Public,COLUMBUS PARK PREP ACADEMY,,Worcester,96.0,Kindergarten
,Public,ELM PARK COMMUNITY,,Worcester,98.0,Kindergarten
,Public,FLAGG STREET SCHOOL,,Worcester,100.0,Kindergarten
,Public,GATES LANE,,Worcester,93.0,Kindergarten
,Public,GODDARD SCHOOL OF SCIENCE & TECH,,Worcester,89.0,Kindergarten
,Public,GRAFTON STREET,,Worcester,96.0,Kindergarten
,Public,HEARD STREET SCHOOL,,Worcester,97.0,Kindergarten
,Public,JACOB HIATT MAGNET SCHOOL,,Worcester,98.0,Kindergarten
,Public,LAKE VIEW,,Worcester,96.0,Kindergarten
,Public,LINCOLN STREET,,Worcester,100.0,Kindergarten
,Public,MAY STREET,,Worcester,100.0,Kindergarten
,Public,MIDLAND STREET,,Worcester,100.0,Kindergarten
,Public,NELSON PLACE,,Worcester,98.0,Kindergarten
,Public,NORRBACK AVENUE,,Worcester,100.0,Kindergarten
,Public,QUINSIGAMOND STREET SCHOOL,,Worcester,91.0,Kindergarten
,Public,RICE SQUARE,,Worcester,97.0,Kindergarten
,Public,ROOSEVELT SCHOOL,,Worcester,99.0,Kindergarten
,Public,TATNUCK ELEMENTARY,,Worcester,94.0,Kindergarten
,Public,THORNDYKE ROAD,,Worcester,98.0,Kindergarten
,Public,UNION HILL,,Worcester,98.0,Kindergarten
,Public,VERNON HILL,,Worcester,96.0,Kindergarten
,Public,WEST TATNUCK,,Worcester,100.0,Kindergarten
,Public,WOODLAND ACADEMY,,Worcester,92.0,Kindergarten
,Public,WORCESTER ARTS MAGNET SCHOOL,,Worcester,100.0,Kindergarten
,Public Charter,ABBY KELLEY FOSTER REG CHARTER SCH,,Worcester,97.0,Kindergarten
,Public,BARNSTABLE MIDDLE SCHOOL,,Barnstable,99.0,7th Grade
,Public,BOURNE MIDDLE SCHOOL,,Barnstable,100.0,7th Grade
,Public,MONOMOY REGIONAL MIDDLE SCHOOL,,Barnstable,100.0,7th Grade
,Public,LAWRENCE SCHOOL,,Barnstable,96.0,7th Grade
,Public Charter,CAPE COD LIGHTHOUSE CHARTER SCHOOL,,Barnstable,92.0,7th Grade
,Public,MASHPEE MIDDLE SCHOOL,,Barnstable,99.0,7th Grade
,Public,NAUSET REG MIDDLE SCHOOL,,Barnstable,93.0,7th Grade
,Public,SANDWICH MIDDLE HIGH SCHOOL,,Barnstable,97.0,7th Grade
,Public,MATTACHEESE MIDDLE SCHOOL,,Barnstable,97.0,7th Grade
,Public Charter,BERKSHIRE ARTS & TECHNOLOGY CHARTER,,Berkshire,89.0,7th Grade
,Public,HOOSAC VALLEY MIDDLE SCHOOL,,Berkshire,98.0,7th Grade
,Public,NESSACUS REGIONAL MIDDLE,,Berkshire,98.0,7th Grade
,Public,MONUMENT VALLEY REG MIDDLE SCHOOL,,Berkshire,98.0,7th Grade
,Public,LEE MIDDLE/HIGH SCHOOL,,Berkshire,100.0,7th Grade
,Public,LENOX MEMORIAL SCHOOL,,Berkshire,90.0,7th Grade
,Public,DRURY HIGH,,Berkshire,100.0,7th Grade
,Public,JOHN T REID SCHOOL,,Berkshire,89.0,7th Grade
,Public,THEODORE HERBERG MIDDLE,,Berkshire,97.0,7th Grade
,Public,MT EVERETT REG SCHOOL,,Berkshire,95.0,7th Grade
,Public,MT GREYLOCK REGIONAL HIGH,,Berkshire,82.0,7th Grade
,Public,ALBERT F FORD MIDDLE SCHOOL,,Bristol,98.0,7th Grade
,Public,CYRIL K BRENNAN MIDDLE SCHOOL,,Bristol,99.0,7th Grade
,Public,ROBERT J COELHO SCHOOL,,Bristol,95.0,7th Grade
,Public,WAMSUTTA MIDDLE SCHOOL,,Bristol,100.0,7th Grade
,Public,BERKLEY MIDDLE SCHOOL,,Bristol,97.0,7th Grade
,Private,FRIENDS ACADEMY,,Bristol,97.0,7th Grade
,Public,DARTMOUTH MIDDLE SCHOOL,,Bristol,98.0,7th Grade
,Public,DIGHTON MIDDLE SCHOOL,,Bristol,100.0,7th Grade
,Public,EASTON MIDDLE SCHOOL,,Bristol,100.0,7th Grade
,Public,HASTINGS MIDDLE SCHOOL,,Bristol,98.0,7th Grade
,Private,ESPIRITO SANTO,,Bristol,94.0,7th Grade
,Private,HOLY TRINITY SCHOOL,,Bristol,97.0,7th Grade
,Public,HENRY LORD COMMUNITY SCHOOL,,Bristol,100.0,7th Grade
,Public,JOHN J DORAN SCHOOL,,Bristol,100.0,7th Grade
,Public,MATTHEW J KUSS SCHOOL,,Bristol,99.0,7th Grade
,Public,MORTON MIDDLE SCHOOL,,Bristol,100.0,7th Grade
,Public,TALBOT INNOVATION SCHOOL,,Bristol,99.0,7th Grade
,Public Charter,ARGOSY COLLEGIATE CHARTER SCHOOL,,Bristol,100.0,7th Grade
,Public Charter,ATLANTIS CHARTER SCHOOL,,Bristol,100.0,7th Grade
,Public,HAROLD L QUALTERS SCHOOL,,Bristol,98.0,7th Grade
,Public,KEITH MIDDLE SCHOOL,,Bristol,100.0,7th Grade
,Public,ROOSEVELT MIDDLE SCHOOL,,Bristol,98.0,7th Grade
,Public Charter,ALMA DEL MAR CHARTER SCHOOL,,Bristol,91.0,7th Grade
,Public Charter,GLOBAL LEARNING CHARTER PUB SCHOOL,,Bristol,99.0,7th Grade
,Public,NORTH ATTLEBORO MIDDLE SCHOOL,,Bristol,99.0,7th Grade
,Public,NORTON MIDDLE SCHOOL,,Bristol,99.0,7th Grade
,Public,RAYNHAM MIDDLE SCHOOL,,Bristol,98.0,7th Grade
,Public,DOROTHY L BECKWITH SCHOOL,,Bristol,99.0,7th Grade
,Public,DR KEVIN M HURLEY MIDDLE SCHOOL,,Bristol,99.0,7th Grade
,Public,JOSEPH CASE JR HIGH SCHOOL,,Bristol,99.0,7th Grade
,Public,BENJAMIN FRIEDMAN SCHOOL,,Bristol,100.0,7th Grade
,Public,JOHN F PARKER SCHOOL,,Bristol,98.0,7th Grade
,Public,JOSEPH H MARTIN MIDDLE SCHOOL,,Bristol,97.0,7th Grade
,Public,OAK BLUFFS ELEMENTARY,,Dukes,100.0,7th Grade
,Public,WEST TISBURY SCHOOL,,Dukes,96.0,7th Grade
,Public,AMESBURY MIDDLE SCHOOL,,Essex,96.0,7th Grade
,Private,PIKE SCHOOL,,Essex,100.0,7th Grade
,Private,ST AUGUSTINE SCHOOL,,Essex,97.0,7th Grade
,Public,ANDOVER WEST MIDDLE,,Essex,99.0,7th Grade
,Public,DOHERTY MIDDLE,,Essex,98.0,7th Grade
,Public,WOOD HILL MIDDLE SCHOOL,,Essex,98.0,7th Grade
,Public,BEVERLY MIDDLE SCHOOL,,Essex,99.0,7th Grade
,Public,MASCONOMET REGIONAL MIDDLE,,Essex,99.0,7th Grade
,Private,ST JOHNS PREPARATORY SCHOOL,,Essex,97.0,7th Grade
,Private,ST MARY OF THE ANNUNCIATION,,Essex,100.0,7th Grade
,Public,HOLTEN-RICHMOND MIDDLE SCHOOL,,Essex,100.0,7th Grade
,Public,GEORGETOWN MIDDLE SCHOOL,,Essex,99.0,7th Grade
,Public,RALPH B OMALEY SCHOOL,,Essex,99.0,7th Grade
,Public,MILES RIVER MIDDLE SCHOOL,,Essex,99.0,7th Grade
,Public,CALEB DUSTIN HUNKING SCHOOL,,Essex,100.0,7th Grade
,Public,CONSENTINO MIDDLE SCHOOL,,Essex,100.0,7th Grade
,Public,DR PAUL NETTLE MIDDLE SCHOOL,,Essex,95.0,7th Grade
,Public,JOHN G WHITTIER SCHOOL,,Essex,97.0,7th Grade
,Public Charter,HILL VIEW MONTESSORI CHARTER PUBLIC SCHOOL,,Essex,97.0,7th Grade
,Public,IPSWICH MIDDLE SCHOOL,,Essex,96.0,7th Grade
,Public,ALEXANDER B BRUCE SCHOOL,,Essex,100.0,7th Grade
,Public,ARLINGTON MIDDLE SCHOOL,,Essex,99.0,7th Grade
,Public,EDWARD F. PARTHUM MIDDLE SCHOOL,,Essex,100.0,7th Grade
,Public,EMILY G WETHERBEE SCHOOL,,Essex,100.0,7th Grade
,Public,FROST MIDDLE SCHOOL,,Essex,100.0,7th Grade
,Public,GUILMETTE MIDDLE SCHOOL,,Essex,100.0,7th Grade
,Public,SPARK ACADEMY,,Essex,99.0,7th Grade
,Public Charter,COMMUNITY DAY CHARTER SCHOOL - GATEWAY,,Essex,100.0,7th Grade
,Public Charter,COMMUNITY DAY CHARTER SCHOOL - PROSPECT,,Essex,100.0,7th Grade
,Public Charter,COMMUNITY DAY CHARTER SCHOOL - WEBSTER,,Essex,100.0,7th Grade
,Public Charter,FRANCIS M LEAHY MIDDLE SCHOOL,,Essex,100.0,7th Grade
,Public Charter,LAWRENCE FAMILY DEVELOP CHARTER SCH,,Essex,100.0,7th Grade
,Public Charter,OLIVER MIDDLE SCHOOL,,Essex,100.0,7th Grade
,Private,ST MARY REG JR/SR HIGH,,Essex,98.0,7th Grade
,Private,ST PIUS V,,Essex,94.0,7th Grade
,Public,BREED MIDDLE SCHOOL,,Essex,100.0,7th Grade
,Public,PICKERING MIDDLE SCHOOL,,Essex,100.0,7th Grade
,Public,THURGOOD MARSHALL MIDDLE SCHOOL,,Essex,98.0,7th Grade
,Public Charter,KIPP ACADEMY LYNN CHARTER,,Essex,100.0,7th Grade
,Private,OUR LADY OF THE ASSUMPTION,,Essex,100.0,7th Grade
,Public,LYNNFIELD MIDDLE SCHOOL,,Essex,97.0,7th Grade
,Public,MANCHESTER ESSEX REG MIDDLE SCHOOL,,Essex,100.0,7th Grade
,Special Education,LANDMARK ELEMENTARY AND MIDDLE SCHOOL,,Essex,96.0,7th Grade
,Private,TOWER SCHOOL,,Essex,100.0,7th Grade
,Public,MARBLEHEAD VETERANS MIDDLE SCHOOL,,Essex,99.0,7th Grade
,Public Charter,MARBLEHEAD COMMUNITY CHARTER SCHOOL,,Essex,100.0,7th Grade
,Public,COMPREHENSIVE GRAMMAR SCHOOL,,Essex,99.0,7th Grade
,Public,DONALD P TIMONY GRAMMAR SCHOOL,,Essex,100.0,7th Grade
,Public,MARSH GRAMMAR SCHOOL,,Essex,99.0,7th Grade
,Public,TENNEY GRAMMAR SCHOOL,,Essex,99.0,7th Grade
,Public,TRITON REG MIDDLE SCHOOL,,Essex,96.0,7th Grade
,Public,RUPERT A NOCK MIDDLE SCHOOL,,Essex,99.0,7th Grade
,Public Charter,RIVER VALLEY CHARTER SCHOOL,,Essex,94.0,7th Grade
,Private,ST MICHAEL ELEMENTARY,,Essex,96.0,7th Grade
,Public,NORTH ANDOVER MIDDLE SCHOOL,,Essex,99.0,7th Grade
,Private,COVENANT CHRISTIAN ACADEMY,,Essex,97.0,7th Grade
,Private,SAINT JOHN THE BAPTIST SCHOOL,,Essex,100.0,7th Grade
,Public,J HENRY HIGGINS MIDDLE SCHOOL,,Essex,100.0,7th Grade
,Public,ROCKPORT MIDDLE SCHOOL,,Essex,100.0,7th Grade
,Public,COLLINS MIDDLE SCHOOL,,Essex,100.0,7th Grade
,Public Charter,SALEM ACADEMY CHARTER SCHOOL,,Essex,100.0,7th Grade
,Public,BELMONTE SAUGUS MIDDLE,,Essex,89.0,7th Grade
,Public Charter,PIONEER CHARTER SCHOOL OF SCIENCE UPPER II,,Essex,92.0,7th Grade
,Public,SWAMPSCOTT MIDDLE SCHOOL,,Essex,99.0,7th Grade
,Public,PENTUCKET REG MIDDLE SCHOOL,,Essex,99.0,7th Grade
,Private,BEMENT SCHOOL,,Franklin,100.0,7th Grade
,Private,EAGLEBROOK SCHOOL,,Franklin,100.0,7th Grade
,Public,FRONTIER REGIONAL SCHOOL,,Franklin,99.0,7th Grade
,Public,GREATER COMMONWEALTH VIRTUAL SCHOOL,,Franklin,77.0,7th Grade
,Public,GREENFIELD MIDDLE SCHOOL,,Franklin,100.0,7th Grade
,Public Charter,FOUR RIVERS CHARTER SCHOOL,,Franklin,92.0,7th Grade
,Public,PIONEER VALLEY REGIONAL,,Franklin,95.0,7th Grade
,Public,RALPH C MAHAR REGIONAL SCHOOL,,Franklin,97.0,7th Grade
,Public,MOHAWK TRAIL REG HIGH SCHOOL,,Franklin,97.0,7th Grade
,Public,AGAWAM JR HIGH SCHOOL,,Hampden,97.0,7th Grade
,Public,BELLAMY MIDDLE SCHOOL,,Hampden,99.0,7th Grade
,Public,DUPONT MIDDLE SCHOOL,,Hampden,98.0,7th Grade
,Public,BIRCHLAND PARK SCHOOL,,Hampden,96.0,7th Grade
,Public,LT. CLAYRE P. SULLIVAN SCHOOL,,Hampden,93.0,7th Grade
,Public,PECK-LAWRENCE FULL SERVICE COMM SCHOOL (LAWRENCE CAMPUS),,Hampden,88.0,7th Grade
,Public,GLENBROOK MIDDLE,,Hampden,99.0,7th Grade
,Public,WILLIAMS MIDDLE SCHOOL,,Hampden,97.0,7th Grade
,Public,PAUL R BAIRD MIDDLE SCHOOL,,Hampden,99.0,7th Grade
,Public,MONSON HIGH SCHOOL,,Hampden,99.0,7th Grade
,Public,PALMER HIGH,,Hampden,98.0,7th Grade
,Public,SOUTHWICK REGIONAL SCHOOL,,Hampden,96.0,7th Grade
,Private,ST MICHAELS ELEMENTARY,,Hampden,100.0,7th Grade
,Public,ALFRED G ZANETTI,,Hampden,100.0,7th Grade
,Public,CHESTNUT ACCELERATED MIDDLE SCHOOL (IMPACT PROGRAM AT CHESTNUT SOUTH),,Hampden,99.0,7th Grade
,Public,CHESTNUT ACCELERATED MIDDLE SCHOOL (TALENTED AND GIFTED),,Hampden,100.0,7th Grade
,Public,CONSERVATORY OF THE ARTS,,Hampden,100.0,7th Grade
,Public,EMERGENCE ACADEMY,,Hampden,100.0,7th Grade
,Public,FOREST PARK MIDDLE SCHOOL,,Hampden,100.0,7th Grade
,Public,JOHN F KENNEDY MIDDLE SCHOOL,,Hampden,90.0,7th Grade
,Public,JOHN J DUGGAN MIDDLE SCHOOL,,Hampden,99.0,7th Grade
,Public,KILEY ACADEMY,,Hampden,99.0,7th Grade
,Public,KILEY PREP,,Hampden,100.0,7th Grade
,Public,SOUTH END MIDDLE SCHOOL,,Hampden,98.0,7th Grade
,Public,SPRINGFIELD LEGACY ACADEMY,,Hampden,98.0,7th Grade
,Public,SPRINGFIELD RENAISSANCE,,Hampden,100.0,7th Grade
,Public,STEM MIDDLE ACADEMY,,Hampden,100.0,7th Grade
,Public,VAN SICKLE INTERNATIONAL BACCALAUREATE,,Hampden,100.0,7th Grade
,Public,VAN SICKLE MIDDLE SCHOOL,,Hampden,100.0,7th Grade
,Public Charter,BAYSTATE ACADEMY CHARTER PUBLIC SCHOOL,,Hampden,82.0,7th Grade
,Public Charter,SABIS CHARTER SCHOOL,,Hampden,98.0,7th Grade
,Public Charter,SPRINGFIELD PREP CHARTER SCHOOL,,Hampden,100.0,7th Grade
,Public Charter,VERITAS PREPARATORY CHARTER,,Hampden,98.0,7th Grade
,Public,WEST SPRINGFIELD MIDDLE SCHOOL,,Hampden,96.0,7th Grade
,Public Charter,HAMPDEN CHARTER SCHOOL OF SCIENCE MIDDLE SCHOOL,,Hampden,99.0,7th Grade
,Public,SOUTH MIDDLE SCHOOL,,Hampden,95.0,7th Grade
,Public,WILBRAHAM MIDDLE SCHOOL,,Hampden,99.0,7th Grade
,Public,AMHERST REGIONAL MIDDLE SCHOOL,,Hampshire,97.0,7th Grade
,Public,JABISH BROOK MIDDLE SCHOOL,,Hampshire,99.0,7th Grade
,Private,WILLISTON/NORTHAMPTON SCHOOL,,Hampshire,100.0,7th Grade
,Public,MOUNTAIN VIEW SCHOOL,,Hampshire,99.0,7th Grade
,Public Charter,HILLTOWN COOPERATIVE CHARTER PUBLIC SCHOOL,,Hampshire,93.0,7th Grade
,Public,GRANBY JR/SR HIGH SCHOOL,,Hampshire,100.0,7th Grade
,Public,HOPKINS ACADEMY,,Hampshire,100.0,7th Grade
,Public Charter,PIONEER VALLEY CHINESE CHARTER SCH,,Hampshire,100.0,7th Grade
,Public,GATEWAY REGIONAL SCHOOL,,Hampshire,95.0,7th Grade
,Public,JOHN F KENNEDY MIDDLE SCHOOL,,Hampshire,100.0,7th Grade
,Public,MICHAEL E SMITH MIDDLE SCHOOL,,Hampshire,100.0,7th Grade
,Public,WARE JR-SR HIGH SCHOOL,,Hampshire,100.0,7th Grade
,Public,HAMPSHIRE REG HIGH SCHOOL,,Hampshire,97.0,7th Grade
,Public,RAYMOND J GREY REG JR HIGH SCHOOL,,Middlesex,99.0,7th Grade
,Private,ST AGNES ELEMENTARY,,Middlesex,100.0,7th Grade
,Public,OTTOSON MIDDLE SCHOOL,,Middlesex,99.0,7th Grade
,Public,ASHLAND MIDDLE SCHOOL,,Middlesex,98.0,7th Grade
,Public Charter,FRANCIS W PARKER CHARTER SCHOOL,,Middlesex,99.0,7th Grade
,Public,JOHN GLENN MIDDLE SCHOOL,,Middlesex,100.0,7th Grade
,Private,BELMONT DAY,,Middlesex,100.0,7th Grade
,Private,BELMONT HILL SCHOOL,,Middlesex,100.0,7th Grade
,Public,BELMONT MIDDLE SCHOOL,,Middlesex,99.0,7th Grade
,Public,LOCKE MIDDLE SCHOOL,,Middlesex,98.0,7th Grade
,Public,MARSHALL MIDDLE SCHOOL,,Middlesex,100.0,7th Grade
,Public,MARSHALL SIMONDS MIDDLE,,Middlesex,100.0,7th Grade
,Private,BUCKINGHAM BROWNE AND NICHOLS,,Middlesex,100.0,7th Grade
,Private,INTERNATIONAL SCHOOL OF BOSTON,,Middlesex,100.0,7th Grade
,Private,SHADY HILL SCHOOL,,Middlesex,100.0,7th Grade
,Public,AMIGOS SCHOOL,,Middlesex,100.0,7th Grade
,Public,CAMBRIDGE STREET UPPER SCHOOL,,Middlesex,97.0,7th Grade
,Public,DARBY VASSAL LANE UPPER SCHOOL,,Middlesex,99.0,7th Grade
,Public,PUTNAM AVE UPPER SCHOOL,,Middlesex,99.0,7th Grade
,Public,RINDGE AVENUE UPPER SCHOOL,,Middlesex,100.0,7th Grade
,Public Charter,COMMUNITY CHARTER SCHOOL OF CAMBRIDGE,,Middlesex,92.0,7th Grade
,Public,CARLISLE SCHOOL,,Middlesex,100.0,7th Grade
,Public,MCCARTHY MIDDLE SCHOOL,,Middlesex,100.0,7th Grade
,Private,THE FENN SCHOOL,,Middlesex,98.0,7th Grade
,Public,CONCORD MIDDLE SCHOOL - SANBORN,,Middlesex,100.0,7th Grade
,Public,RICHARDSON MIDDLE SCHOOL,,Middlesex,99.0,7th Grade
,Public,KEVERIAN SCHOOL,,Middlesex,97.0,7th Grade
,Public,LAFAYETTE SCHOOL,,Middlesex,99.0,7th Grade
,Public,MADELINE ENGLISH SCHOOL,,Middlesex,100.0,7th Grade
,Public,PARLIN SCHOOL,,Middlesex,100.0,7th Grade
,Public,SUMNER G WHITTIER SCHOOL,,Middlesex,97.0,7th Grade
,Public Charter,PIONEER CHARTER SCHOOL OF SCIENCE LOWER I,,Middlesex,100.0,7th Grade
,Public,CAMERON MIDDLE SCHOOL,,Middlesex,100.0,7th Grade
,Public,FULLER MIDDLE SCHOOL,,Middlesex,99.0,7th Grade
,Public,WALSH MIDDLE SCHOOL,,Middlesex,100.0,7th Grade
,Public Charter,MCAULIFFE REGIONAL CHARTER SCHOOL,,Middlesex,97.0,7th Grade
,Public,GROTON DUNSTABLE REG MIDDLE SCHOOL,,Middlesex,99.0,7th Grade
,Public,ROBERT H ADAMS MIDDLE SCHOOL,,Middlesex,100.0,7th Grade
,Public,HOPKINTON MIDDLE SCHOOL,,Middlesex,99.0,7th Grade
,Public,DAVID J QUINN MIDDLE SCHOOL,,Middlesex,99.0,7th Grade
,Private,LEXINGTON CHRISTIAN ACADEMY,,Middlesex,91.0,7th Grade
,Public,JONAS CLARKE MIDDLE SCHOOL,,Middlesex,100.0,7th Grade
,Public,WILLIAM DIAMOND MIDDLE SCHOOL,,Middlesex,100.0,7th Grade
,Public,HANSCOM MIDDLE SCHOOL,,Middlesex,100.0,7th Grade
,Public,LINCOLN SCHOOL,,Middlesex,100.0,7th Grade
,Special Education,CARROLL SCHOOL,,Middlesex,97.0,7th Grade
,Public,LITTLETON MIDDLE SCHOOL,,Middlesex,100.0,7th Grade
,Private,IMMACULATE CONCEPTION,,Middlesex,100.0,7th Grade
,Private,LOWELL CATHOLIC,,Middlesex,100.0,7th Grade
,Public,BARTLETT COMMUNITY PARTNERSHIP,,Middlesex,98.0,7th Grade
,Public,BUTLER MIDDLE SCHOOL,,Middlesex,100.0,7th Grade
,Public,DR AN WANG SCHOOL,,Middlesex,99.0,7th Grade
,Public,HENRY J ROBINSON SCHOOL,,Middlesex,96.0,7th Grade
,Public,J G PYNE ARTS MAGNET SCHOOL,,Middlesex,100.0,7th Grade
,Public,JAMES S DALEY MIDDLE SCHOOL,,Middlesex,99.0,7th Grade
,Public,JAMES SULLIVAN MIDDLE SCHOOL,,Middlesex,99.0,7th Grade
,Public,ROGERS EARLY LEARNING CENTER,,Middlesex,100.0,7th Grade
,Public,STOKLOSA MIDDLE SCHOOL,,Middlesex,100.0,7th Grade
,Public Charter,COLLEGIATE CHARTER SCHOOL OF LOWELL,,Middlesex,100.0,7th Grade
,Public Charter,LOWELL COMMUNITY CHARTER SCHOOL,,Middlesex,100.0,7th Grade
,Private,MALDEN CATHOLIC HIGH SCHOOL,,Middlesex,98.0,7th Grade
,Public,BEEBE SCHOOL,,Middlesex,99.0,7th Grade
,Public,FERRYWAY SCHOOL,,Middlesex,98.0,7th Grade
,Public,FORESTDALE SCHOOL,,Middlesex,98.0,7th Grade
,Public,LINDEN,,Middlesex,100.0,7th Grade
,Public,SALEMWOOD SCHOOL,,Middlesex,99.0,7th Grade
,Public Charter,MYSTIC VALLEY REG CHARTER SCHOOL,,Middlesex,100.0,7th Grade
,Private,HILLSIDE SCHOOL,,Middlesex,97.0,7th Grade
,Public,1 LT CHARLES W. WHITCOMB SCHOOL,,Middlesex,98.0,7th Grade
,Public Charter,ADVANCED MATH AND SCIENCE ACADEMY CHARTER SCHOOL,,Middlesex,99.0,7th Grade
,Public,FOWLER SCHOOL,,Middlesex,98.0,7th Grade
,Public,JOHN J MCGLYNN,,Middlesex,75.0,7th Grade
,Public,MADELEINE DUGGER ANDREWS,,Middlesex,99.0,7th Grade
,Public,MELROSE MIDDLE SCHOOL,,Middlesex,99.0,7th Grade
,Public,JOHN F KENNEDY MIDDLE SCHOOL,,Middlesex,100.0,7th Grade
,Public,WILSON MIDDLE SCHOOL,,Middlesex,100.0,7th Grade
,Private,BEAVER COUNTRY DAY SCHOOL,,Middlesex,100.0,7th Grade
,Private,FESSENDEN SCHOOL HEALTH CTR,,Middlesex,100.0,7th Grade
,Private,NEWTON COUNTRY DAY SCHOOL OF THE SACRED HEART,,Middlesex,100.0,7th Grade
,Private,SOLOMON SCHECHTER DAY SCHOOL OF GREATER BOSTON,,Middlesex,100.0,7th Grade
,Public,BIGELOW MIDDLE SCHOOL,,Middlesex,98.0,7th Grade
,Public,CHARLES E BROWN MIDDLE SCHOOL,,Middlesex,100.0,7th Grade
,Public,EDITH C BAKER,,Middlesex,97.0,7th Grade
,Public,F A DAY JR HIGH SCHOOL,,Middlesex,99.0,7th Grade
,Public,HEATH SCHOOL,,Middlesex,100.0,7th Grade
,Public,OAK HILL MIDDLE SCHOOL,,Middlesex,100.0,7th Grade
,Public,NORTH READING MIDDLE SCHOOL,,Middlesex,100.0,7th Grade
,Public,NISSITISSIT MIDDLE SCHOOL,,Middlesex,100.0,7th Grade
,Private,AUSTIN PREP SCHOOL,,Middlesex,100.0,7th Grade
,Public,ARTHUR W COOLIDGE SCHOOL,,Middlesex,100.0,7th Grade
,Public,WALTER S PARKER SCHOOL,,Middlesex,98.0,7th Grade
,Public,AYER SHIRLEY REGIONAL MIDDLE SCHOOL,,Middlesex,98.0,7th Grade
,Public,ALBERT F ARGENZIANO SCHOOL,,Middlesex,98.0,7th Grade
,Public,ARTHUR D HEALEY SCHOOL,,Middlesex,100.0,7th Grade
,Public,EAST SOMERVILLE COMMUNITY SCHOOL,,Middlesex,100.0,7th Grade
,Public,JOHN F KENNEDY ELEMENTARY,,Middlesex,100.0,7th Grade
,Public,WEST SOMERVILLE NEIGHBORHOOD SCHOOL,,Middlesex,100.0,7th Grade
,Public,WINTER HILL COMMUNITY,,Middlesex,100.0,7th Grade
,Public,STONEHAM MIDDLE SCHOOL,,Middlesex,100.0,7th Grade
,Public,HALE SCHOOL,,Middlesex,99.0,7th Grade
,Public,EPHRAIM CURTIS MIDDLE SCHOOL,,Middlesex,100.0,7th Grade
,Public,JOHN WYNN MIDDLE SCHOOL,,Middlesex,100.0,7th Grade
,Public,HAWTHORNE BROOK MIDDLE,,Middlesex,99.0,7th Grade
,Public,TYNGSBORO MIDDLE SCHOOL,,Middlesex,99.0,7th Grade
,Public,GALVIN MIDDLE SCHOOL,,Middlesex,98.0,7th Grade
,Public,JOHN MCDEVITT MIDDLE SCHOOL,,Middlesex,99.0,7th Grade
,Public,WATERTOWN MIDDLE SCHOOL,,Middlesex,99.0,7th Grade
,Public,WAYLAND MIDDLE SCHOOL,,Middlesex,100.0,7th Grade
,Public,BLANCHARD MIDDLE SCHOOL,,Middlesex,99.0,7th Grade
,Public,STONY BROOK SCHOOL,,Middlesex,100.0,7th Grade
,Private,MEADOWBROOK SCHOOL OF WESTON,,Middlesex,100.0,7th Grade
,Public,WESTON MIDDLE SCHOOL,,Middlesex,99.0,7th Grade
,Public,WILMINGTON MIDDLE SCHOOL,,Middlesex,100.0,7th Grade
,Public,MCCALL MIDDLE SCHOOL,,Middlesex,99.0,7th Grade
,Public,DANIEL L JOYCE MIDDLE SCHOOL,,Middlesex,99.0,7th Grade
,Public,JOHN F KENNEDY JR HIGH SCHOOL,,Middlesex,100.0,7th Grade
,Public,CYRUS PEIRCE SCHOOL,,Nantucket,96.0,7th Grade
,Public,AVON MIDDLE SCHOOL,,Norfolk,97.0,7th Grade
,Public,BELLINGHAM MEMORIAL MIDDLE SCHOOL,,Norfolk,100.0,7th Grade
,Private,ARCHBISHOP WILLIAMS HIGH,,Norfolk,98.0,7th Grade
,Private,THAYER ACADEMY,,Norfolk,98.0,7th Grade
,Public,EAST MIDDLE SCHOOL,,Norfolk,100.0,7th Grade
,Public,SOUTH MIDDLE SCHOOL,,Norfolk,100.0,7th Grade
,Private,DEXTER SCHOOL,,Norfolk,99.0,7th Grade
,Private,MAIMONIDES SCHOOL,,Norfolk,100.0,7th Grade
,Private,PARK SCHOOL,,Norfolk,100.0,7th Grade
,Public,FLORIDA RUFFIN RIDLEY,,Norfolk,100.0,7th Grade
,Public,JOHN D RUNKLE,,Norfolk,98.0,7th Grade
,Public,LAWRENCE,,Norfolk,100.0,7th Grade
,Public,MICHAEL DRISCOLL,,Norfolk,97.0,7th Grade
,Public,PIERCE SCHOOL,,Norfolk,100.0,7th Grade
,Public,WILLIAM H LINCOLN ELEMENTARY,,Norfolk,100.0,7th Grade
,Public,WILLIAM H GALVIN SCHOOL,,Norfolk,100.0,7th Grade
,Public,COHASSET MIDDLE SCHOOL,,Norfolk,100.0,7th Grade
,Private,DEDHAM COUNTRY DAY,,Norfolk,100.0,7th Grade
,Private,NOBLE & GREENOUGH SCHOOL,,Norfolk,98.0,7th Grade
,Private,RASHI SCHOOL,,Norfolk,97.0,7th Grade
,Private,URSULINE ACADEMY,,Norfolk,96.0,7th Grade
,Public,DEDHAM MIDDLE SCHOOL,,Norfolk,100.0,7th Grade
,Public,DOVER SHERBORN MIDDLE SCHOOL,,Norfolk,99.0,7th Grade
,Public,JOHN J AHERN SCHOOL,,Norfolk,99.0,7th Grade
,Public Charter,FOXBORO REG CHARTER SCHOOL,,Norfolk,98.0,7th Grade
,Public,FRANKLIN MIDDLE SCHOOL,,Norfolk,99.0,7th Grade
,Public Charter,BENJAMIN FRANKLIN CLASSICAL CHARTER SCHOOL,,Norfolk,98.0,7th Grade
,Public,HOLBROOK JR/SR HIGH SCHOOL,,Norfolk,99.0,7th Grade
,Public,THOMAS BLAKE MIDDLE SCHOOL,,Norfolk,99.0,7th Grade
,Public,MEDWAY MIDDLE SCHOOL,,Norfolk,99.0,7th Grade
,Public,MILLIS MIDDLE SCHOOL,,Norfolk,99.0,7th Grade
,Private,MILTON ACADEMY HEALTH SERVICES,,Norfolk,100.0,7th Grade
,Private,ST AGATHA ELEMENTARY,,Norfolk,97.0,7th Grade
,Public,CHARLES S PIERCE MIDDLE SCHOOL,,Norfolk,100.0,7th Grade
,Private,ST SEBASTIANS SCHOOL,,Norfolk,98.0,7th Grade
,Public,POLLARD MIDDLE SCHOOL,,Norfolk,100.0,7th Grade
,Public,KING PHILIP REGIONAL MIDDLE SCHOOL,,Norfolk,100.0,7th Grade
,Public,PHILIP COAKLEY MIDDLE SCHOOL,,Norfolk,93.0,7th Grade
,Public,ATLANTIC MIDDLE SCHOOL,,Norfolk,99.0,7th Grade
,Public,BROAD MEADOWS SCHOOL,,Norfolk,99.0,7th Grade
,Public,CENTRAL MIDDLE SCHOOL,,Norfolk,100.0,7th Grade
,Public,POINT WEBSTER MIDDLE SCHOOL,,Norfolk,100.0,7th Grade
,Public,REAY E STERLING MIDDLE SCHOOL,,Norfolk,99.0,7th Grade
,Public,RANDOLPH COMMUNITY MIDDLE SCHOOL,,Norfolk,100.0,7th Grade
,Public,SHARON MIDDLE SCHOOL,,Norfolk,100.0,7th Grade
,Public,O'DONNELL MIDDLE SCHOOL,,Norfolk,99.0,7th Grade
,Public,TEC CONNECTIONS ACADEMY COMMONWEALTH VIRTUAL SCHOOL,,Norfolk,93.0,7th Grade
,Public,WALPOLE MIDDLE SCHOOL,,Norfolk,100.0,7th Grade
,Private,DANA HALL SCHOOL,,Norfolk,100.0,7th Grade
,Public,WELLESLEY MIDDLE SCHOOL,,Norfolk,100.0,7th Grade
,Private,XAVERIAN BROTHERS HIGH SCHOOL,,Norfolk,97.0,7th Grade
,Public,E W THURSTON JR HIGH SCHOOL,,Norfolk,100.0,7th Grade
,Private,ST FRANCIS XAVIER,,Norfolk,97.0,7th Grade
,Public,MARIA WESTON CHAPMAN MIDDLE,,Norfolk,99.0,7th Grade
,Public,ABINGTON MIDDLE SCHOOL,,Plymouth,99.0,7th Grade
,Public,BRIDGEWATER MIDDLE SCHOOL,,Plymouth,99.0,7th Grade
,Private,TRINITY CATHOLIC ACADEMY UPPER,,Plymouth,97.0,7th Grade
,Public,ASHFIELD MIDDLE SCHOOL,,Plymouth,98.0,7th Grade
,Public,EAST MIDDLE SCHOOL,,Plymouth,96.0,7th Grade
,Public,EDGAR B DAVIS ELEMENTARY,,Plymouth,100.0,7th Grade
,Public,JOSEPH F PLOUFFE ACADEMY,,Plymouth,85.0,7th Grade
,Public,NORTH MIDDLE SCHOOL,,Plymouth,99.0,7th Grade
,Public,SOUTH MIDDLE SCHOOL,,Plymouth,94.0,7th Grade
,Public,WEST MIDDLE SCHOOL,,Plymouth,95.0,7th Grade
,Public Charter,NEW HEIGHTS CHARTER SCHOOL OF BROCKTON,,Plymouth,95.0,7th Grade
,Public,CARVER MIDDLE HIGH SCHOOL,,Plymouth,99.0,7th Grade
,Public,DUXBURY MIDDLE SCHOOL,,Plymouth,99.0,7th Grade
,Public,EAST BRIDGEWATER JR SR HIGH SCHOOL,,Plymouth,98.0,7th Grade
,Public,HANOVER MIDDLE SCHOOL,,Plymouth,99.0,7th Grade
,Public,HANSON MIDDLE SCHOOL,,Plymouth,100.0,7th Grade
,Private,DERBY ACADEMY,,Plymouth,100.0,7th Grade
,Public,HINGHAM MIDDLE SCHOOL,,Plymouth,98.0,7th Grade
,Public,LILLIAN JACOBS,,Plymouth,100.0,7th Grade
,Public,SILVER LAKE MIDDLE SCHOOL,,Plymouth,100.0,7th Grade
,Public,FREETOWN LAKEVILLE MIDDLE SCHOOL,,Plymouth,100.0,7th Grade
,Public,FURNACE BROOK MIDDLE SCHOOL,,Plymouth,99.0,7th Grade
,Public,OLD ROCHESTER REG JR HIGH SCHOOL,,Plymouth,100.0,7th Grade
,Public,NORWELL MIDDLE SCHOOL,,Plymouth,99.0,7th Grade
,Public Charter,SOUTH SHORE CHARTER SCHOOL,,Plymouth,99.0,7th Grade
,Public,PEMBROKE COMMUNITY MIDDLE SCHOOL,,Plymouth,98.0,7th Grade
,Public,PLYMOUTH SOUTH MIDDLE SCHOOL,,Plymouth,99.0,7th Grade
,Public,PLYMOUTH/COMMUNITY INTERMEDIATE SCHOOL,,Plymouth,98.0,7th Grade
,Public Charter,RISING TIDE CHARTER SCHOOL,,Plymouth,96.0,7th Grade
,Public,JOHN W ROGERS MIDDLE SCHOOL,,Plymouth,98.0,7th Grade
,Public,GATES INTERMEDIATE SCHOOL,,Plymouth,99.0,7th Grade
,Public,WAREHAM MIDDLE SCHOOL,,Plymouth,100.0,7th Grade
,Public,WHITMAN MIDDLE SCHOOL,,Plymouth,99.0,7th Grade
,Private,BOSTON COLLEGE HS SCHOOL,,Suffolk,100.0,7th Grade
,Private,CATHOLIC MEMORIAL,,Suffolk,100.0,7th Grade
,Private,ROXBURY LATIN SCHOOL,,Suffolk,100.0,7th Grade
,Private,THE WINSOR SCHOOL,,Suffolk,100.0,7th Grade
,Public,BOSTON GREEN ACADEMY,,Suffolk,95.0,7th Grade
,Public,BOSTON LATIN ACADEMY,,Suffolk,95.0,7th Grade
,Public,BOSTON LATIN SCHOOL,,Suffolk,98.0,7th Grade
,Public,BRIGHTON HIGH SCHOOL,,Suffolk,89.0,7th Grade
,Public,CHARLESTOWN HIGH SCHOOL,,Suffolk,90.0,7th Grade
,Public,CURLEY K-8 SCHOOL,,Suffolk,94.0,7th Grade
,Public,DEARBORN MIDDLE SCHOOL,,Suffolk,94.0,7th Grade
,Public,DONALD MCKAY,,Suffolk,97.0,7th Grade
,Public,EAST BOSTON HIGH SCHOOL,,Suffolk,96.0,7th Grade
,Public,ELIOT ELEMENTARY,,Suffolk,82.0,7th Grade
,Public,FRANKLIN D ROOSEVELT SCHOOL,,Suffolk,96.0,7th Grade
,Public,HENDERSON UPPER SCHOOL,,Suffolk,91.0,7th Grade
,Public,HIGGINSON/LEWIS K-8 SCHOOL,,Suffolk,96.0,7th Grade
,Public,JAMES CONDON,,Suffolk,98.0,7th Grade
,Public,JOSEPH LEE SCHOOL,,Suffolk,98.0,7th Grade
,Public,KILMER K-8 UPPER CAMPUS,,Suffolk,100.0,7th Grade
,Public,LYNDON SCHOOL,,Suffolk,93.0,7th Grade
,Public,MARGARITA MUNIZ ACADEMY,,Suffolk,92.0,7th Grade
,Public,MARIO UMANA ACADEMY,,Suffolk,97.0,7th Grade
,Public,MAURICE J TOBIN SCHOOL,,Suffolk,93.0,7th Grade
,Public,MILDRED AVENUE K-8,,Suffolk,92.0,7th Grade
,Public,NEW MISSION HIGH SCHOOL,,Suffolk,97.0,7th Grade
,Public,O'BRYANT SCHOOL MATH & SCIENCE,,Suffolk,99.0,7th Grade
,Public,ORCHARD GARDENS SCHOOL,,Suffolk,96.0,7th Grade
,Public,QUINCY UPPER SCHOOL,,Suffolk,97.0,7th Grade
,Public,RICHARD J MURPHY SCHOOL,,Suffolk,100.0,7th Grade
,Public,RUTH BATSON ACADEMY,,Suffolk,94.0,7th Grade
,Public,TECH BOSTON ACADEMY,,Suffolk,92.0,7th Grade
,Public,THE ENGLISH HIGH,,Suffolk,94.0,7th Grade
,Public,WILLIAM H OHRENBERGER SCHOOL,,Suffolk,89.0,7th Grade
,Public Charter,BOSTON COLLEGIATE CHARTER SCHOOL,,Suffolk,99.0,7th Grade
,Public Charter,BOSTON PREPARATORY CHARTER PUBLIC SCHOOL,,Suffolk,96.0,7th Grade
,Public Charter,BROOKE ROSLINDALE,,Suffolk,100.0,7th Grade
,Public Charter,EDWARD BROOKE CHARTER SCHOOL 3,,Suffolk,100.0,7th Grade
,Public Charter,EDWARD W BROOKE CHARTER SCHOOL 2,,Suffolk,100.0,7th Grade
,Public Charter,EXCEL ACADEMY CHARTER,,Suffolk,95.0,7th Grade
,Public Charter,EXCEL ACADEMY GREENWAY,,Suffolk,100.0,7th Grade
,Public Charter,KIPP ACADEMY BOSTON SCHOOL,,Suffolk,97.0,7th Grade
,Public Charter,MATCH MIDDLE SCHOOL,,Suffolk,95.0,7th Grade
,Public Charter,NEIGHBORHOOD HOUSE CHARTER SCHOOL - QUEEN STREET,,Suffolk,100.0,7th Grade
,Public Charter,UP ACADEMY DORCHESTER,,Suffolk,97.0,7th Grade
,Public,CLARK AVENUE SCHOOL,,Suffolk,100.0,7th Grade
,Public,EUGENE WRIGHT SCIENCE,,Suffolk,96.0,7th Grade
,Public,JOSEPH A BROWNE SCHOOL,,Suffolk,96.0,7th Grade
,Public Charter,EXCEL ACADEMY CHARTER SCHOOL - CHELSEA,,Suffolk,96.0,7th Grade
,Public,JAMES GARFIELD MIDDLE SCHOOL,,Suffolk,99.0,7th Grade
,Public,SUSAN B ANTHONY MIDDLE SCHOOL,,Suffolk,100.0,7th Grade
,Public,WINTHROP MIDDLE,,Suffolk,99.0,7th Grade
,Public,OVERLOOK MIDDLE SCHOOL,,Worcester,97.0,7th Grade
,Public,AUBURN MIDDLE SCHOOL,,Worcester,100.0,7th Grade
,Public,QUABBIN REG MIDDLE SCHOOL,,Worcester,98.0,7th Grade
,Public,FREDERICK W HARTNETT SCHOOL,,Worcester,97.0,7th Grade
,Public,FLORENCE SAWYER SCHOOL,,Worcester,100.0,7th Grade
,Public,TAHANTO REG HIGH SCHOOL,,Worcester,97.0,7th Grade
,Public,CHARLTON MIDDLE SCHOOL,,Worcester,98.0,7th Grade
,Public,CLINTON MIDDLE SCHOOL,,Worcester,100.0,7th Grade
,Public,DOUGLAS MIDDLE SCHOOL,,Worcester,100.0,7th Grade
,Public,DUDLEY MIDDLE SCHOOL,,Worcester,98.0,7th Grade
,Public,ARTHUR LONGSJO MIDDLE SCHOOL,,Worcester,99.0,7th Grade
,Public,MEMORIAL MIDDLE SCHOOL,,Worcester,100.0,7th Grade
,Public Charter,SIZER SCHOOL A NORTH CENTRAL CHARTER ESSENTIAL SCHOOL,,Worcester,97.0,7th Grade
,Public,GARDNER MIDDLE SCHOOL,,Worcester,99.0,7th Grade
,Public,GRAFTON MIDDLE SCHOOL,,Worcester,98.0,7th Grade
,Public,BROMFIELD SCHOOL,,Worcester,100.0,7th Grade
,Public,MOUNTVIEW MIDDLE SCHOOL,,Worcester,99.0,7th Grade
,Public,HOPEDALE JR/SR HIGH SCHOOL,,Worcester,100.0,7th Grade
,Public,LUTHER BURBANK MIDDLE SCHOOL,,Worcester,96.0,7th Grade
,Public,LEICESTER MIDDLE SCHOOL,,Worcester,100.0,7th Grade
,Public,SAMOSET SCHOOL,,Worcester,99.0,7th Grade
,Public,SKY VIEW MIDDLE SCHOOL,,Worcester,100.0,7th Grade
,Public,LUNENBURG MIDDLE SCHOOL,,Worcester,98.0,7th Grade
,Public,MISCOE HILL MIDDLE SCHOOL,,Worcester,100.0,7th Grade
,Public,STACY MIDDLE SCHOOL,,Worcester,100.0,7th Grade
,Public,MILLBURY JR/SR HIGH SCHOOL,,Worcester,98.0,7th Grade
,Public,MELICAN MIDDLE SCHOOL,,Worcester,99.0,7th Grade
,Private,WHITINSVILLE CHRISTIAN SCHOOL,,Worcester,100.0,7th Grade
,Public,NORTHBRIDGE MIDDLE SCHOOL,,Worcester,99.0,7th Grade
,Public,PAXTON CENTER,,Worcester,100.0,7th Grade
,Public,THOMAS PRINCE ELEMENTARY,,Worcester,97.0,7th Grade
,Public,CENTRAL TREE MIDDLE SCHOOL,,Worcester,100.0,7th Grade
,Public,OAK MIDDLE SCHOOL,,Worcester,100.0,7th Grade
,Private,FAY SCHOOL,,Worcester,100.0,7th Grade
,Public,P BRENT TROTTIER MIDDLE SCHOOL,,Worcester,98.0,7th Grade
,Public,SOUTHBRIDGE MIDDLE,,Worcester,98.0,7th Grade
,Public,KNOX TRAIL JR HIGH SCHOOL,,Worcester,100.0,7th Grade
,Public,CHOCKSETT MIDDLE SCHOOL,,Worcester,98.0,7th Grade
,Public,TANTASQUA REG JR HIGH SCHOOL,,Worcester,92.0,7th Grade
,Public Charter,OLD STURBRIDGE ACADEMY CHARTER PUBLIC SCHOOL,,Worcester,100.0,7th Grade
,Public,SUTTON MIDDLE SCHOOL,,Worcester,98.0,7th Grade
,Public,NARRAGANSETT MIDDLE SCHOOL,,Worcester,100.0,7th Grade
,Public,WHITIN ELEMENTARY SCHOOL,,Worcester,99.0,7th Grade
,Public,WEBSTER MIDDLE SCHOOL,,Worcester,99.0,7th Grade
,Public,WEST BOYLSTON JR/SR HIGH SCHOOL,,Worcester,90.0,7th Grade
,Public,SARAH GIBBONS MIDDLE SCHOOL,,Worcester,99.0,7th Grade
,Public,MURDOCK MIDDLE/HIGH SCHOOL,,Worcester,91.0,7th Grade
,Private,ST PETER CENTRAL CATHOLIC,,Worcester,100.0,7th Grade
,Private,ST. PAUL DIOCESAN JR SR HIGH SCHOOL,,Worcester,92.0,7th Grade
,Public,BURNCOAT MIDDLE SCHOOL,,Worcester,100.0,7th Grade
,Public,CLAREMONT ACADEMY,,Worcester,100.0,7th Grade
,Public,FOREST GROVE SCHOOL,,Worcester,99.0,7th Grade
,Public,SULLIVAN MIDDLE SCHOOL,,Worcester,98.0,7th Grade
,Public,UNIVERSITY PARK CAMPUS SCHOOL,,Worcester,100.0,7th Grade
,Public,WORCESTER EAST MIDDLE SCHOOL,,Worcester,82.0,7th Grade
,Public Charter,ABBY KELLEY FOSTER REG CHARTER SCH,,Worcester,100.0,7th Grade
,Private,SAINT JOHN PAUL II HS,,Barnstable,98.0,12th Grade
,Public,BARNSTABLE HIGH,,Barnstable,99.0,12th Grade
,Public Charter,STURGIS CHARTER PUBLIC SCHOOL - EAST CAMPUS,,Barnstable,99.0,12th Grade
,Public Charter,STURGIS CHARTER PUBLIC SCHOOL WEST CAMPUS,,Barnstable,95.0,12th Grade
,Public,BOURNE HIGH SCHOOL,,Barnstable,100.0,12th Grade
,Public,UPPER CAPE COD VOCATIONAL TECHNICAL,,Barnstable,99.0,12th Grade
,Public,NAUSET REGIONAL HIGH,,Barnstable,97.0,12th Grade
,Public,FALMOUTH HIGH,,Barnstable,99.0,12th Grade
,Public,CAPE COD REGIONAL TECHNICAL HIGH SCHOOL,,Barnstable,98.0,12th Grade
,Public,MONOMOY REGIONAL HIGH SCHOOL,,Barnstable,99.0,12th Grade
,Public,MASHPEE HIGH,,Barnstable,100.0,12th Grade
,Public,SANDWICH MIDDLE HIGH SCHOOL,,Barnstable,98.0,12th Grade
,Special Education,RIVERVIEW SCHOOL,,Barnstable,100.0,12th Grade
,Public,DENNIS-YARMOUTH REGIONAL HIGH,,Barnstable,89.0,12th Grade
,Public Charter,BERKSHIRE ARTS & TECHNOLOGY CHARTER,,Berkshire,85.0,12th Grade
,Public,HOOSAC VALLEY HIGH SCHOOL,,Berkshire,100.0,12th Grade
,Public,WAHCONAH REGIONAL HIGH,,Berkshire,97.0,12th Grade
,Public,MONUMENT MT REGIONAL HIGH,,Berkshire,92.0,12th Grade
,Public,LEE MIDDLE/HIGH SCHOOL,,Berkshire,97.0,12th Grade
,Public,LENOX MEMORIAL SCHOOL,,Berkshire,90.0,12th Grade
,Public,DRURY HIGH,,Berkshire,91.0,12th Grade
,Public,MCCANN TECHNICAL SCHOOL,,Berkshire,99.0,12th Grade
,Private,MISS HALL'S SCHOOL,,Berkshire,100.0,12th Grade
,Public,PITTSFIELD HIGH,,Berkshire,94.0,12th Grade
,Public,TACONIC HIGH,,Berkshire,97.0,12th Grade
,Private,BERKSHIRE SCHOOL,,Berkshire,100.0,12th Grade
,Public,MT EVERETT REG SCHOOL,,Berkshire,89.0,12th Grade
,Public,MT GREYLOCK REGIONAL HIGH,,Berkshire,100.0,12th Grade
,Public,ATTLEBORO HIGH SCHOOL,,Bristol,100.0,12th Grade
,Public,BISHOP FEEHAN HIGH SCHOOL,,Bristol,99.0,12th Grade
,Private,BISHOP STANG HIGH SCHOOL,,Bristol,100.0,12th Grade
,Public,DARTMOUTH HIGH,,Bristol,98.0,12th Grade
,Public,BRISTOL COUNTY AGRICULTURAL HIGH,,Bristol,98.0,12th Grade
,Public,DIGHTON-REHOBOTH REGIONAL HIGH SCHOOL,,Bristol,99.0,12th Grade
,Public,OLIVER AMES HIGH,,Bristol,100.0,12th Grade
,Public,FAIRHAVEN HIGH,,Bristol,99.0,12th Grade
,Public,B M C DURFEE HIGH,,Bristol,100.0,12th Grade
,Public,DIMAN REGIONAL VOCATIONAL TECHNICAL HIGH,,Bristol,90.0,12th Grade
,Public Charter,ARGOSY COLLEGIATE CHARTER SCHOOL,,Bristol,100.0,12th Grade
,Public Charter,ATLANTIS CHARTER SCHOOL,,Bristol,100.0,12th Grade
,Public,MANSFIELD HIGH,,Bristol,98.0,12th Grade
,Public,GREATER NEW BEDFORD VOCATIONAL TECHNICAL HIGH SCHOOL,,Bristol,99.0,12th Grade
,Public,NEW BEDFORD HIGH,,Bristol,98.0,12th Grade
,Public,WHALING CITY JR/SR HIGH,,Bristol,100.0,12th Grade
,Public Charter,GLOBAL LEARNING CHARTER PUB SCHOOL,,Bristol,100.0,12th Grade
,Public,NORTH ATTLEBORO HIGH,,Bristol,99.0,12th Grade
,Public,NORTON HIGH SCHOOL,,Bristol,96.0,12th Grade
,Public,SOMERSET BERKLEY REGIONAL HIGH SCHOOL,,Bristol,100.0,12th Grade
,Public,JOSEPH CASE HIGH,,Bristol,100.0,12th Grade
,Public,BRISTOL-PLYMOUTH VOCATIONAL TECHNICAL,,Bristol,100.0,12th Grade
,Public,TAUNTON ALTERNATIVE HIGH SCHOOL,,Bristol,100.0,12th Grade
,Public,TAUNTON HIGH,,Bristol,99.0,12th Grade
,Public,MARTHA'S VINEYARD REGIONAL HIGH,,Dukes,99.0,12th Grade
,Public,AMESBURY HIGH,,Essex,88.0,12th Grade
,Public,ANDOVER HIGH,,Essex,100.0,12th Grade
,Public,GREATER LAWRENCE TECHNICAL HIGH SCHOOL,,Essex,100.0,12th Grade
,Public,BEVERLY HIGH,,Essex,99.0,12th Grade
,Public,MASCONOMET REGIONAL HIGH SCHOOL,,Essex,99.0,12th Grade
,Private,ST JOHNS PREPARATORY SCHOOL,,Essex,99.0,12th Grade
,Public,DANVERS HIGH,,Essex,100.0,12th Grade
,Public,ESSEX NORTH SHORE AGRICULTURAL & TECHNICAL SCHOOL,,Essex,99.0,12th Grade
,Public,GEORGETOWN HIGH SCHOOL,,Essex,100.0,12th Grade
,Public,GLOUCESTER HIGH,,Essex,97.0,12th Grade
,Private,PINGREE SCHOOL,,Essex,100.0,12th Grade
,Public,HAMILTON-WENHAM REGIONAL HIGH,,Essex,97.0,12th Grade
,Public,HAVERHILL HIGH,,Essex,95.0,12th Grade
,Public,WHITTIER REGIONAL VOCATIONAL TECHNICAL HIGH SCHOOL,,Essex,98.0,12th Grade
,Public,IPSWICH HIGH,,Essex,100.0,12th Grade
,Public,HIGH SCHOOL LEARNING CENTER,,Essex,99.0,12th Grade
,Public,LAWRENCE HIGH SCHOOL,,Essex,100.0,12th Grade
,Private,ST MARY REG JR/SR HIGH,,Essex,98.0,12th Grade
,Public,CLASSICAL HIGH,,Essex,97.0,12th Grade
,Public,FREDERICK DOUGLASS COLLEGIATE ACADEMY (ECHS),,Essex,100.0,12th Grade
,Public,HAROLD DURGIN SUCCESS ACADEMY,,Essex,100.0,12th Grade
,Public,LYNN ENGLISH HIGH,,Essex,99.0,12th Grade
,Public,LYNN VOCATIONAL TECHNICAL INSTITUTE,,Essex,100.0,12th Grade
,Public Charter,KIPP ACADEMY LYNN CHARTER,,Essex,100.0,12th Grade
,Public,LYNNFIELD HIGH,,Essex,99.0,12th Grade
,Public,MANCHESTER ESSEX REGIONAL HIGH SCHOOL,,Essex,99.0,12th Grade
,Public,MARBLEHEAD HIGH,,Essex,99.0,12th Grade
,Public,METHUEN HIGH,,Essex,100.0,12th Grade
,Public,TRITON REGIONAL HIGH SCHOOL,,Essex,99.0,12th Grade
,Public,NEWBURYPORT HIGH SCHOOL,,Essex,99.0,12th Grade
,Public,NORTH ANDOVER HIGH,,Essex,98.0,12th Grade
,Public,PEABODY VETERANS MEMORIAL HIGH,,Essex,100.0,12th Grade
,Public,ROCKPORT HIGH,,Essex,96.0,12th Grade
,Public,SALEM HIGH,,Essex,99.0,12th Grade
,Public Charter,SALEM ACADEMY CHARTER SCHOOL,,Essex,100.0,12th Grade
,Public,SAUGUS HIGH,,Essex,99.0,12th Grade
,Public Charter,PIONEER CHARTER SCHOOL OF SCIENCE UPPER II,,Essex,98.0,12th Grade
,Public,SWAMPSCOTT HIGH,,Essex,98.0,12th Grade
,Public,PENTUCKET REGIONAL HIGH SCHOOL,,Essex,100.0,12th Grade
,Private,DS CHEN HEALTH AND WELLNESS CENTER,,Franklin,99.0,12th Grade
,Public,FRONTIER REGIONAL SCHOOL,,Franklin,98.0,12th Grade
,Private,NORTHFIELD MOUNT HERMON SCHOOL,,Franklin,99.0,12th Grade
,Public,GREATER COMMONWEALTH VIRTUAL SCHOOL,,Franklin,91.0,12th Grade
,Public Charter,FOUR RIVERS CHARTER SCHOOL,,Franklin,92.0,12th Grade
,Public,FRANKLIN COUNTY TECHNICAL,,Franklin,97.0,12th Grade
,Public,RALPH C MAHAR REGIONAL SCHOOL,,Franklin,97.0,12th Grade
,Public,AGAWAM HIGH SCHOOL,,Hampden,97.0,12th Grade
,Public,CHICOPEE COMPREHENSIVE HIGH SCHOOL,,Hampden,97.0,12th Grade
,Public,CHICOPEE HIGH,,Hampden,96.0,12th Grade
,Public,EAST LONGMEADOW HIGH,,Hampden,98.0,12th Grade
,Public,HOLYOKE HIGH SCHOOL NORTH CAMPUS,,Hampden,81.0,12th Grade
,Public,JOSEPH METCALF SCHOOL,,Hampden,75.0,12th Grade
,Public,WM J DEAN VOCATIONAL TECHNICAL HIGH,,Hampden,97.0,12th Grade
,Public,LONGMEADOW HIGH,,Hampden,100.0,12th Grade
,Public,LUDLOW SENIOR HIGH,,Hampden,100.0,12th Grade
,Public,MONSON HIGH SCHOOL,,Hampden,100.0,12th Grade
,Public,PALMER HIGH,,Hampden,96.0,12th Grade
,Public,PATHFINDER VOCATIONAL TECHNICAL,,Hampden,99.0,12th Grade
,Public,SOUTHWICK REGIONAL SCHOOL,,Hampden,99.0,12th Grade
,Private,POPE FRANCIS PREPARATORY SCHOOL,,Hampden,100.0,12th Grade
,Public,CONSERVATORY OF THE ARTS,,Hampden,100.0,12th Grade
,Public,DISCOVERY HIGH SCHOOL,,Hampden,100.0,12th Grade
,Public,EMERGENCE ACADEMY,,Hampden,100.0,12th Grade
,Public,HIGH SCHOOL OF COMMERCE,,Hampden,100.0,12th Grade
,Public,JOHN J DUGGAN MIDDLE SCHOOL,,Hampden,100.0,12th Grade
,Public,ROGER L. PUTNAM VOCATIONAL TECHNICAL ACADEMY,,Hampden,100.0,12th Grade
,Public,SPRINGFIELD CENTRAL HIGH,,Hampden,100.0,12th Grade
,Public,SPRINGFIELD HIGH SCHOOL OF SCIENCE AND TECHNOLOGY,,Hampden,100.0,12th Grade
,Public,SPRINGFIELD RENAISSANCE,,Hampden,97.0,12th Grade
,Public Charter,BAYSTATE ACADEMY CHARTER PUBLIC SCHOOL,,Hampden,83.0,12th Grade
,Public Charter,SABIS CHARTER SCHOOL,,Hampden,97.0,12th Grade
,Public Charter,VERITAS PREPARATORY CHARTER,,Hampden,100.0,12th Grade
,Public,WEST SPRINGFIELD HIGH SCHOOL,,Hampden,98.0,12th Grade
,Public,WESTFIELD HIGH,,Hampden,91.0,12th Grade
,Private,WILBRAHAM MONSON ACADEMY,,Hampden,100.0,12th Grade
,Public,MINNECHAUG REGIONAL HIGH,,Hampden,99.0,12th Grade
,Public,AMHERST REGIONAL HIGH SCHOOL,,Hampshire,98.0,12th Grade
,Public,BELCHERTOWN HIGH,,Hampshire,100.0,12th Grade
,Private,WILLISTON/NORTHAMPTON SCHOOL,,Hampshire,99.0,12th Grade
,Public,EASTHAMPTON HIGH,,Hampshire,99.0,12th Grade
,Private,THE MACDUFFIE SCHOOL,,Hampshire,98.0,12th Grade
,Public,GRANBY JR/SR HIGH SCHOOL,,Hampshire,100.0,12th Grade
,Public,HOPKINS ACADEMY,,Hampshire,100.0,12th Grade
,Public,GATEWAY REGIONAL SCHOOL,,Hampshire,100.0,12th Grade
,Public,NORTHAMPTON HIGH,,Hampshire,100.0,12th Grade
,Public,SOUTH HADLEY HIGH,,Hampshire,100.0,12th Grade
,Public,WARE JR-SR HIGH SCHOOL,,Hampshire,100.0,12th Grade
,Public,HAMPSHIRE REG HIGH SCHOOL,,Hampshire,97.0,12th Grade
,Public,ACTON-BOXBOROUGH REGIONAL HIGH,,Middlesex,99.0,12th Grade
,Public,ARLINGTON HIGH SCHOOL,,Middlesex,100.0,12th Grade
,Public,ASHLAND HIGH,,Middlesex,100.0,12th Grade
,Public,AYER SHIRLEY REGIONAL HIGH SCHOOL,,Middlesex,99.0,12th Grade
,Public Charter,FRANCIS W PARKER CHARTER SCHOOL,,Middlesex,98.0,12th Grade
,Public,BEDFORD HIGH,,Middlesex,100.0,12th Grade
,Private,BELMONT HILL SCHOOL,,Middlesex,98.0,12th Grade
,Public,BELMONT HIGH SCHOOL,,Middlesex,100.0,12th Grade
,Public,BILLERICA MEMORIAL HIGH SCHOOL,,Middlesex,99.0,12th Grade
,Public,SHAWSHEEN VALLEY VOCATIONAL TECHNICAL HIGH SCHOOL,,Middlesex,100.0,12th Grade
,Public,BURLINGTON HIGH,,Middlesex,100.0,12th Grade
,Private,BUCKINGHAM BROWNE AND NICHOLS,,Middlesex,100.0,12th Grade
,Private,INTERNATIONAL SCHOOL OF BOSTON,,Middlesex,100.0,12th Grade
,Public,CAMBRIDGE RINDGE AND LATIN HS,,Middlesex,99.0,12th Grade
,Public,CHELMSFORD HIGH,,Middlesex,100.0,12th Grade
,Private,CONCORD ACADEMY HEALTH CENTER,,Middlesex,100.0,12th Grade
,Public,CONCORD-CARLISLE HIGH SCHOOL,,Middlesex,99.0,12th Grade
,Public,DRACUT SENIOR HIGH,,Middlesex,100.0,12th Grade
,Public,EVERETT HIGH,,Middlesex,99.0,12th Grade
,Public Charter,PIONEER CHARTER SCHOOL OF SCIENCE UPPER I,,Middlesex,100.0,12th Grade
,Public,FRAMINGHAM HIGH SCHOOL,,Middlesex,96.0,12th Grade
,Public,KEEFE REGIONAL TECHNICAL SCHOOL,,Middlesex,100.0,12th Grade
,Private,LAWRENCE ACADEMY,,Middlesex,98.0,12th Grade
,Public,GROTON DUNSTABLE REGIONAL HIGH SCHOOL,,Middlesex,99.0,12th Grade
,Public,HOLLISTON HIGH,,Middlesex,98.0,12th Grade
,Public,HOPKINTON HIGH,,Middlesex,98.0,12th Grade
,Public,HUDSON HIGH,,Middlesex,99.0,12th Grade
,Private,LEXINGTON CHRISTIAN ACADEMY,,Middlesex,100.0,12th Grade
,Public,LEXINGTON HIGH,,Middlesex,100.0,12th Grade
,Public,MINUTEMAN REGIONAL VOCATIONAL TECHNICAL,,Middlesex,99.0,12th Grade
,Public,LITTLETON HIGH SCHOOL,,Middlesex,99.0,12th Grade
,Private,LOWELL CATHOLIC,,Middlesex,100.0,12th Grade
,Public,LOWELL HIGH SCHOOL,,Middlesex,99.0,12th Grade
,Public Charter,COLLEGIATE CHARTER SCHOOL OF LOWELL,,Middlesex,93.0,12th Grade
,Private,MALDEN CATHOLIC HIGH SCHOOL,,Middlesex,100.0,12th Grade
,Public,MALDEN HIGH,,Middlesex,98.0,12th Grade
,Public Charter,MYSTIC VALLEY REG CHARTER SCHOOL,,Middlesex,100.0,12th Grade
,Public,ASSABET VALLEY REGIONAL TECHNICAL HIGH SCHOOL,,Middlesex,99.0,12th Grade
,Public,MARLBOROUGH HIGH,,Middlesex,100.0,12th Grade
,Public Charter,ADVANCED MATH AND SCIENCE ACADEMY CHARTER SCHOOL,,Middlesex,100.0,12th Grade
,Public,MAYNARD HIGH,,Middlesex,100.0,12th Grade
,Public,MEDFORD HIGH,,Middlesex,100.0,12th Grade
,Public,MELROSE HIGH,,Middlesex,100.0,12th Grade
,Public,NATICK HIGH,,Middlesex,99.0,12th Grade
,Private,BEAVER COUNTRY DAY SCHOOL,,Middlesex,100.0,12th Grade
,Private,BRIMMER AND MAY SCHOOL,,Middlesex,100.0,12th Grade
,Private,NEWTON COUNTRY DAY SCHOOL OF THE SACRED HEART,,Middlesex,100.0,12th Grade
,Public,NEWTON NORTH HIGH,,Middlesex,99.0,12th Grade
,Public,NEWTON SOUTH HIGH,,Middlesex,100.0,12th Grade
,Public,NORTH READING HIGH,,Middlesex,100.0,12th Grade
,Private,AUSTIN PREP SCHOOL,,Middlesex,99.0,12th Grade
,Public,READING MEMORIAL HIGH,,Middlesex,95.0,12th Grade
,Public,SOMERVILLE HIGH,,Middlesex,100.0,12th Grade
,Public,STONEHAM HIGH,,Middlesex,100.0,12th Grade
,Public,TEWKSBURY MEMORIAL HIGH,,Middlesex,99.0,12th Grade
,Public,NORTH MIDDLESEX REGIONAL,,Middlesex,96.0,12th Grade
,Private,ACADEMY OF NOTRE DAME,,Middlesex,100.0,12th Grade
,Public,GREATER LOWELL TECHNICAL HIGH SCHOOL,,Middlesex,97.0,12th Grade
,Public,TYNGSBOROUGH HIGH SCHOOL,,Middlesex,99.0,12th Grade
,Public,WAKEFIELD MEMORIAL HIGH,,Middlesex,100.0,12th Grade
,Private,GANN ACADEMY,,Middlesex,100.0,12th Grade
,Public,WALTHAM SR HIGH,,Middlesex,100.0,12th Grade
,Public,WATERTOWN HIGH,,Middlesex,98.0,12th Grade
,Public,WAYLAND HIGH SCHOOL,,Middlesex,98.0,12th Grade
,Public,NASHOBA VALLEY TECHNICAL HIGH SCHOOL,,Middlesex,99.0,12th Grade
,Public,WESTFORD ACADEMY,,Middlesex,100.0,12th Grade
,Public,WESTON HIGH,,Middlesex,99.0,12th Grade
,Public,WILMINGTON HIGH,,Middlesex,99.0,12th Grade
,Public,WINCHESTER HIGH SCHOOL,,Middlesex,99.0,12th Grade
,Public,WOBURN HIGH,,Middlesex,100.0,12th Grade
,Public,NANTUCKET HIGH,,Nantucket,94.0,12th Grade
,Public,AVON MIDDLE SCHOOL,,Norfolk,94.0,12th Grade
,Public,BELLINGHAM HIGH SCHOOL,,Norfolk,95.0,12th Grade
,Private,ARCHBISHOP WILLIAMS HIGH,,Norfolk,98.0,12th Grade
,Private,THAYER ACADEMY,,Norfolk,99.0,12th Grade
,Public,BRAINTREE HIGH SCHOOL,,Norfolk,99.0,12th Grade
,Private,DEXTER SCHOOL,,Norfolk,100.0,12th Grade
,Private,MAIMONIDES SCHOOL,,Norfolk,100.0,12th Grade
,Public,BROOKLINE HIGH,,Norfolk,100.0,12th Grade
,Public,BLUE HILLS REGIONAL TECHNICAL SCHOOL,,Norfolk,95.0,12th Grade
,Public,CANTON HIGH SCHOOL,,Norfolk,100.0,12th Grade
,Public,COHASSET HIGH SCHOOL,,Norfolk,99.0,12th Grade
,Private,NOBLE & GREENOUGH SCHOOL,,Norfolk,100.0,12th Grade
,Private,URSULINE ACADEMY,,Norfolk,99.0,12th Grade
,Public,DEDHAM HIGH,,Norfolk,100.0,12th Grade
,Public,DOVER-SHERBORN REGIONAL HIGH,,Norfolk,99.0,12th Grade
,Public,FOXBOROUGH HIGH,,Norfolk,99.0,12th Grade
,Public Charter,FOXBORO REG CHARTER SCHOOL,,Norfolk,100.0,12th Grade
,Public,FRANKLIN HIGH SCHOOL,,Norfolk,99.0,12th Grade
,Public,HOLBROOK JR/SR HIGH SCHOOL,,Norfolk,97.0,12th Grade
,Public,MEDFIELD SENIOR HIGH,,Norfolk,100.0,12th Grade
,Public,MEDWAY HIGH,,Norfolk,98.0,12th Grade
,Public,MILLIS HIGH SCHOOL,,Norfolk,100.0,12th Grade
,Private,MILTON ACADEMY HEALTH SERVICES,,Norfolk,100.0,12th Grade
,Public,MILTON HIGH,,Norfolk,100.0,12th Grade
,Private,ST SEBASTIANS SCHOOL,,Norfolk,100.0,12th Grade
,Public,NEEDHAM HIGH,,Norfolk,100.0,12th Grade
,Public,NORWOOD HIGH,,Norfolk,100.0,12th Grade
,Public,NORTH QUINCY HIGH,,Norfolk,99.0,12th Grade
,Public,QUINCY HIGH,,Norfolk,98.0,12th Grade
,Public,RANDOLPH HIGH,,Norfolk,99.0,12th Grade
,Public,SHARON HIGH,,Norfolk,97.0,12th Grade
,Public,STOUGHTON HIGH,,Norfolk,99.0,12th Grade
,Public,NORFOLK COUNTY AGRICULTURAL,,Norfolk,96.0,12th Grade
,Public,TEC CONNECTIONS ACADEMY COMMONWEALTH VIRTUAL SCHOOL,,Norfolk,92.0,12th Grade
,Public,WALPOLE HIGH,,Norfolk,99.0,12th Grade
,Private,DANA HALL SCHOOL,,Norfolk,100.0,12th Grade
,Public,WELLESLEY SR HIGH,,Norfolk,100.0,12th Grade
,Private,XAVERIAN BROTHERS HIGH SCHOOL,,Norfolk,99.0,12th Grade
,Public,WESTWOOD HIGH,,Norfolk,100.0,12th Grade
,Public,WEYMOUTH HIGH SCHOOL,,Norfolk,98.0,12th Grade
,Public,KING PHILIP REGIONAL HIGH,,Norfolk,99.0,12th Grade
,Public,ABINGTON HIGH,,Plymouth,97.0,12th Grade
,Public,BRIDGEWATER-RAYNHAM REGIONAL HIGH SCHOOL,,Plymouth,99.0,12th Grade
,Public,EDISON NIGHT ACADEMY,,Plymouth,60.0,12th Grade
,Public,PROMISE SCHOOL,,Plymouth,97.0,12th Grade
,Public Charter,NEW HEIGHTS CHARTER SCHOOL OF BROCKTON,,Plymouth,100.0,12th Grade
,Public,CARVER MIDDLE HIGH SCHOOL,,Plymouth,100.0,12th Grade
,Public,DUXBURY HIGH SCHOOL,,Plymouth,100.0,12th Grade
,Public,EAST BRIDGEWATER JR SR HIGH SCHOOL,,Plymouth,99.0,12th Grade
,Public,HANOVER HIGH,,Plymouth,99.0,12th Grade
,Public,SOUTH SHORE VOCATIONAL TECHNICAL HIGH,,Plymouth,99.0,12th Grade
,Public,HINGHAM HIGH,,Plymouth,100.0,12th Grade
,Public,HULL HIGH SCHOOL,,Plymouth,100.0,12th Grade
,Public,SILVER LAKE REGIONAL HIGH,,Plymouth,99.0,12th Grade
,Public,APPONEQUET REGIONAL HIGH SCHOOL,,Plymouth,100.0,12th Grade
,Private,TABOR ACADEMY,,Plymouth,99.0,12th Grade
,Public,MARSHFIELD HIGH,,Plymouth,100.0,12th Grade
,Public,OLD ROCHESTER REGIONAL HIGH SCHOOL,,Plymouth,100.0,12th Grade
,Public,MIDDLEBOROUGH HIGH,,Plymouth,95.0,12th Grade
,Public,NORWELL HIGH,,Plymouth,99.0,12th Grade
,Public Charter,SOUTH SHORE CHARTER SCHOOL,,Plymouth,81.0,12th Grade
,Public,PEMBROKE HIGH SCHOOL,,Plymouth,99.0,12th Grade
,Public,PLYMOUTH NORTH HIGH,,Plymouth,95.0,12th Grade
,Public,PLYMOUTH SOUTH HIGH,,Plymouth,100.0,12th Grade
,Public Charter,MAP ACADEMY CHARTER SCHOOL,,Plymouth,56.0,12th Grade
,Public Charter,RISING TIDE CHARTER SCHOOL,,Plymouth,97.0,12th Grade
,Public,OLD COLONY REGIONAL VOCATIONAL TECHNICAL,,Plymouth,99.0,12th Grade
,Public,ROCKLAND SENIOR HIGH,,Plymouth,99.0,12th Grade
,Public,SCITUATE HIGH SCHOOL,,Plymouth,98.0,12th Grade
,Public,WAREHAM SENIOR HIGH,,Plymouth,100.0,12th Grade
,Public,WHITMAN HANSON REGIONAL,,Plymouth,99.0,12th Grade
,Private,BOSTON COLLEGE HS SCHOOL,,Suffolk,99.0,12th Grade
,Private,CATHOLIC MEMORIAL,,Suffolk,97.0,12th Grade
,Private,CRISTO REY BOSTON HIGH SCHOOL,,Suffolk,100.0,12th Grade
,Private,ROXBURY LATIN SCHOOL,,Suffolk,100.0,12th Grade
,Private,THE WINSOR SCHOOL,,Suffolk,100.0,12th Grade
,Public,ANOTHER COURSE TO COLLEGE,,Suffolk,90.0,12th Grade
,Public,BOSTON ADULT TECHINCAL ACADEMY,,Suffolk,59.0,12th Grade
,Public,BOSTON DAY AND EVENING ACADEMY,,Suffolk,96.0,12th Grade
,Public,BOSTON GREEN ACADEMY,,Suffolk,98.0,12th Grade
,Public,BOSTON INTERNATIONAL HIGH SCHOOL,,Suffolk,79.0,12th Grade
,Public,BOSTON LATIN ACADEMY,,Suffolk,98.0,12th Grade
,Public,BOSTON LATIN SCHOOL,,Suffolk,99.0,12th Grade
,Public,BRIGHTON HIGH SCHOOL,,Suffolk,81.0,12th Grade
,Public,CHARLESTOWN HIGH SCHOOL,,Suffolk,71.0,12th Grade
,Public,COMMUNITY ACADEMY OF SCIENCE AND HEALTH (CASH),,Suffolk,85.0,12th Grade
,Public,DEARBORN MIDDLE SCHOOL,,Suffolk,72.0,12th Grade
,Public,EAST BOSTON HIGH SCHOOL,,Suffolk,80.0,12th Grade
,Public,EMK HEALTH CAREERS (FENWAY) 11-12,,Suffolk,100.0,12th Grade
,Public,EXCEL HIGH SCHOOL,,Suffolk,89.0,12th Grade
,Public,FENWAY HIGH SCHOOL,,Suffolk,100.0,12th Grade
,Public,GREATER EGELSTON HIGH ALT ED,,Suffolk,100.0,12th Grade
,Public,HENDERSON UPPER SCHOOL,,Suffolk,97.0,12th Grade
,Public,MADISON PARK TECHNICAL VOCATIONAL HIGH SCHOOL,,Suffolk,98.0,12th Grade
,Public,MARGARITA MUNIZ ACADEMY,,Suffolk,92.0,12th Grade
,Public,NEW MISSION HIGH SCHOOL,,Suffolk,97.0,12th Grade
,Public,O'BRYANT SCHOOL MATH & SCIENCE,,Suffolk,99.0,12th Grade
,Public,QUINCY UPPER SCHOOL,,Suffolk,100.0,12th Grade
,Public,RUTH BATSON ACADEMY,,Suffolk,95.0,12th Grade
,Public,SNOWDEN INTERNATIONAL SCHOOL AT COPLEY,,Suffolk,100.0,12th Grade
,Public,TECH BOSTON ACADEMY,,Suffolk,93.0,12th Grade
,Public,THE ENGLISH HIGH,,Suffolk,83.0,12th Grade
,Public Charter,ACADEMY OF THE PACIFIC RIM CHARTER SCHOOL,,Suffolk,100.0,12th Grade
,Public Charter,BOSTON COLLEGIATE CHARTER SCHOOL,,Suffolk,100.0,12th Grade
,Public Charter,BOSTON PREPARATORY CHARTER PUBLIC SCHOOL,,Suffolk,97.0,12th Grade
,Public Charter,EXCEL ACADEMY CHARTER HIGH SCHOOL,,Suffolk,100.0,12th Grade
,Public Charter,MATCH HIGH SCHOOL,,Suffolk,100.0,12th Grade
,Public Charter,NEIGHBORHOOD HOUSE CHARTER SCHOOL - CENTRE STREET,,Suffolk,100.0,12th Grade
,Public,CHELSEA HIGH SCHOOL,,Suffolk,96.0,12th Grade
,Public,REVERE HIGH SCHOOL,,Suffolk,99.0,12th Grade
,Public,WINTHROP SR HIGH,,Suffolk,99.0,12th Grade
,Private,CUSHING ACADEMY,,Worcester,99.0,12th Grade
,Public,OAKMONT REGIONAL HIGH SCHOOL,,Worcester,99.0,12th Grade
,Public,ATHOL HIGH,,Worcester,98.0,12th Grade
,Public,AUBURN SENIOR HIGH SCHOOL,,Worcester,99.0,12th Grade
,Public,IB SCHOOL OF QUABBIN,,Worcester,99.0,12th Grade
,Public,BLACKSTONE MILLVILLE RHS,,Worcester,100.0,12th Grade
,Public,NASHOBA REGIONAL HIGH SCHOOL,,Worcester,99.0,12th Grade
,Public,TAHANTO REG HIGH SCHOOL,,Worcester,93.0,12th Grade
,Public,CLINTON SENIOR HIGH,,Worcester,100.0,12th Grade
,Public,DOUGLAS HIGH SCHOOL,,Worcester,97.0,12th Grade
,Public,SHEPHERD HILL REGIONAL HIGH,,Worcester,98.0,12th Grade
,Public,FITCHBURG HIGH SCHOOL,,Worcester,99.0,12th Grade
,Public,MONTACHUSETT REGIONAL VOCATIONAL TECHNICAL,,Worcester,97.0,12th Grade
,Public Charter,SIZER SCHOOL A NORTH CENTRAL CHARTER ESSENTIAL SCHOOL,,Worcester,100.0,12th Grade
,Public,GARDNER ACADEMY FOR LEARNING AND TECHNOLOGY,,Worcester,94.0,12th Grade
,Public,GARDNER HIGH,,Worcester,97.0,12th Grade
,Public,GRAFTON HIGH SCHOOL,,Worcester,99.0,12th Grade
,Private,EAGLE HILL SCHOOL,,Worcester,98.0,12th Grade
,Public,BROMFIELD SCHOOL,,Worcester,100.0,12th Grade
,Public,WACHUSETT REGIONAL HIGH,,Worcester,99.0,12th Grade
,Public,HOPEDALE JR/SR HIGH SCHOOL,,Worcester,97.0,12th Grade
,Public,LEICESTER HIGH,,Worcester,100.0,12th Grade
,Public,CENTER FOR TECHNICAL EDUCATION INNOVATION,,Worcester,99.0,12th Grade
,Public,LEOMINSTER CENTER FOR EXCELLENCE,,Worcester,98.0,12th Grade
,Public,LEOMINSTER HIGH SCHOOL,,Worcester,100.0,12th Grade
,Public,LUNENBURG HIGH,,Worcester,98.0,12th Grade
,Public,MILFORD HIGH,,Worcester,100.0,12th Grade
,Public,MILLBURY JR/SR HIGH SCHOOL,,Worcester,100.0,12th Grade
,Public,ALGONQUIN REGIONAL HIGH,,Worcester,100.0,12th Grade
,Private,WHITINSVILLE CHRISTIAN SCHOOL,,Worcester,97.0,12th Grade
,Public,NORTHBRIDGE HIGH,,Worcester,100.0,12th Grade
,Public,SHREWSBURY HIGH SCHOOL,,Worcester,99.0,12th Grade
,Public,SOUTHBRIDGE HIGH SCHOOL,,Worcester,97.0,12th Grade
,Public,DAVID PROUTY HIGH,,Worcester,100.0,12th Grade
,Public,TANTASQUA REGIONAL SR HIGH,,Worcester,99.0,12th Grade
,Public,SUTTON HIGH SCHOOL,,Worcester,95.0,12th Grade
,Public,NARRAGANSETT REGIONAL HIGH,,Worcester,99.0,12th Grade
,Public,BLACKSTONE VALLEY REGIONAL VOCATIONAL TECHNICAL SCHOOL,,Worcester,98.0,12th Grade
,Public,NIPMUC REGIONAL HIGH,,Worcester,100.0,12th Grade
,Public,UXBRIDGE HIGH,,Worcester,98.0,12th Grade
,Public,BARTLETT HIGH SCHOOL,,Worcester,100.0,12th Grade
,Public,WEST BOYLSTON JR/SR HIGH SCHOOL,,Worcester,98.0,12th Grade
,Public,WESTBOROUGH HIGH SCHOOL,,Worcester,100.0,12th Grade
,Public,MURDOCK MIDDLE/HIGH SCHOOL,,Worcester,98.0,12th Grade
,Private,ST. PAUL DIOCESAN JR SR HIGH SCHOOL,,Worcester,100.0,12th Grade
,Private,WORCESTER ACADEMY,,Worcester,99.0,12th Grade
,Public,BURNCOAT SENIOR HIGH,,Worcester,100.0,12th Grade
,Public,CLAREMONT ACADEMY,,Worcester,100.0,12th Grade
,Public,DOHERTY MEMORIAL HIGH,,Worcester,99.0,12th Grade
,Public,GERALD CREAMER CENTER,,Worcester,100.0,12th Grade
,Public,MA ACADEMY FOR MATH AND SCIENCE SCHOOL,,Worcester,96.0,12th Grade
,Public,NORTH HIGH,,Worcester,100.0,12th Grade
,Public,SOUTH HIGH COMMUNITY,,Worcester,100.0,12th Grade
,Public,UNIVERSITY PARK CAMPUS SCHOOL,,Worcester,100.0,12th Grade
,Public,WORCESTER TECHNICAL HIGH,,Worcester,99.0,12th Grade
,Public Charter,ABBY KELLEY FOSTER REG CHARTER SCH,,Worcester,100.0,12th Grade
