Facility Number,School Type,School District or Name,Facility Address,County,MMR Vaccination Rate,Age Group
280211030004.0,Public School,SCHOOL 4,,Nassau,99.62,All Grades
662300010038.0,Public School,LINCOLN H S,,Westchester,99.74,All Grades
680601060005.0,Public School,PENN YAN ELEM SCHOOL,,Yates,100.0,All Grades
161502120001.0,Private School,HIDDEN PINES,,Franklin,77.78,All Grades
461300010008.0,Public School,OSWEGO S H S,,Oswego,99.91,All Grades
332000229822.0,Private School,GAN YISROEL - 15TH AVE,,Kings,89.29,All Grades
440601977423.0,"Schools, OCFS - 100",GOSHEN SECURE CENTER,,Orange,100.0,All Grades
530600010017.0,Public School,YATES SCHOOL,,Schenectady,100.0,All Grades
411701040002.0,Public School,REMSEN J S H S,,Oneida,100.0,All Grades
331500229996.0,Private School,YESHIVA BETH JOSEPH ZVI DUSHINSKY,,Kings,100.0,All Grades
520401040009.0,Public School,CORINTH ELEMENTARY SCHOOL,,Saratoga,100.0,All Grades
321100806052.0,Private School,WAKE EDEN CHRISTIAN ACADEMY,,Bronx,100.0,All Grades
140600010133.0,Public School,PS 131 ACADEMY SCHOOL @86,,Erie,100.0,All Grades
430300999235.0,Private School,SANDY KNOLL SCHOOL,,Ontario,58.62,All Grades
141401060009.0,Public School,LAKE SHORE CENTRAL MS,,Erie,100.0,All Grades
161501060014.0,Public School,FRANKLIN ACADEMY H S,,Franklin,100.0,All Grades
261600010015.0,Public School,SCHOOL 15 CHILDREN'S SCHOOL OF ROCHESTER (THE)- see school 28 for lead rpting,,Monroe,98.87,All Grades
261600010112.0,Public School,LORETTA JOHNSON MIDDLE SCHOOL,,Monroe,100.0,All Grades
500101060002.0,Public School,BARDONIA ELEM SCHOOL,,Rockland,99.43,All Grades
660900010023.0,Public School,LONGFELLOW MIDDLE SCHOOL,,Westchester,100.0,All Grades
80601040002.0,Public School,GREENE INTERMEDIATE SCHOOL,,Chenango,100.0,All Grades
660102060006.0,Public School,FOX LANE H S,,Westchester,99.91,All Grades
181302040000.0,School District,PEMBROKE CENTRAL SCHOOL,,Genesee,98.63,All Grades
261501060007.0,Public School,CHURCHVILLE-CHILI MIDDLE SCHOOL,,Monroe,99.83,All Grades
641401040001.0,Public School,PUTNAM CENTRAL SCHOOL,,Washington,100.0,All Grades
241001060003.0,Public School,DANSVILLE HS,,Livingston,100.0,All Grades
130200805048.0,Private School,NEW COVENANT LEARNING CENTER,,Dutchess,93.94,All Grades
181101040006.0,Public School,OAKFIELD ALABAMA ELEM SCHOOL,,Genesee,99.65,All Grades
280202227573.0,Private School,HEBREW ACADEMY OF NASSAU COUNTY - MS/HS,,Nassau,100.0,All Grades
161401155868.0,Private School,ST BERNARDS SCHOOL,,Franklin,98.61,All Grades
261401060001.0,Public School,ALLEN CREEK SCHOOL,,Monroe,100.0,All Grades
541102060002.0,Public School,COBLESKILL RICH HS,,Schoharie,100.0,All Grades
580909999588.0,Private School,HAYGROUND SCHOOL,,Suffolk,93.85,All Grades
342700229329.0,Private School,MERCAZ HATORAH OF BELLE HARBOR,,Queens,100.0,All Grades
261600010023.0,Public School,SCHOOL 23 FRANCIS PARKER,,Monroe,99.67,All Grades
62601659167.0,Private School,PLEASANT VALLEY SCHOOL,,Chautauqua,15.38,All Grades
280201030002.0,Public School,FULTON SCHOOL,,Nassau,99.49,All Grades
80201040003.0,Public School,GUILFORD ES,,Chenango,99.08,All Grades
261801060003.0,Public School,BROCKPORT H S,,Monroe,99.9,All Grades
440301060002.0,Public School,CORNWALL ON HUDSON ELEM SCHOOL,,Orange,100.0,All Grades
31401060000.0,School District,WHITNEY POINT CENTRAL SCHOOL DISTRICT,,Broome,99.84,All Grades
490301115686.0,Private School,HOLY SPIRIT SCHOOL,,Rensselaer,100.0,All Grades
610801040003.0,Public School,LANSING MIDDLE SCHOOL,,Tompkins,100.0,All Grades
331400226446.0,Private School,BETH RACHEL SCHOOL FOR GIRLS - 60,,Kings,99.43,All Grades
22101040000.0,School District,WHITESVILLE CENTRAL SCHOOL DISTRICT,,Allegany,99.09,All Grades
661100010001.0,Public School,HENRY BARNARD ELEM SCHOOL,,Westchester,100.0,All Grades
661500010009.0,Public School,PEEKSKILL H S,,Westchester,99.91,All Grades
280522030001.0,Public School,ALBANY AVENUE ELEM SCHOOL,,Nassau,99.81,All Grades
660102060003.0,Public School,MT KISCO ELEM SCHOOL,,Westchester,99.8,All Grades
170801040001.0,Public School,MAYFIELD ELEM SCHOOL,,Fulton,100.0,All Grades
580234020002.0,Public School,EAST MORICHES ELEMENTARY SCHOOL,,Suffolk,100.0,All Grades
411501060003.0,Public School,HUGHES ELEM SCHOOL,,Oneida,99.59,All Grades
31701060004.0,Public School,PALMER ELEM/WINDSOR MS,,Broome,99.61,All Grades
571502060002.0,Public School,CANISTEO-GREENWOOD ELEM/MIDDLE SCHOOL,,Steuben,100.0,All Grades
230901040001.0,Public School,LOWVILLE ELEMENTARY SCHOOL,,Lewis,100.0,All Grades
141601060006.0,Public School,HAMBURG JHS,,Erie,100.0,All Grades
400301060002.0,Public School,PRIMARY EDUCATION CENTER,,Niagara,100.0,All Grades
221001040000.0,Public School,SACKETS HARBOR CENTRAL SCHOOL,,Jefferson,99.51,All Grades
661500010002.0,Public School,OAKSIDE SCHOOL,,Westchester,97.1,All Grades
661100010014.0,Public School,ISAAC E. YOUNG JHS,,Westchester,99.82,All Grades
161401060004.0,Public School,BLOOMINGDALE SCHOOL,,Franklin,100.0,All Grades
500402226151.0,Private School,CONGREGATION KHAL YEREIM YESH BAIS HILLEL,,Rockland,100.0,All Grades
580101030002.0,Public School,BABYLON J S H S,,Suffolk,99.85,All Grades
411701040001.0,Public School,REMSEN ELEM SCHOOL,,Oneida,100.0,All Grades
331900228395.0,Private School,BEER HAGOLAH INSTITUTE ELEMENTARY SCHOOL,,Kings,98.0,All Grades
580211060009.0,Public School,DAWNWOOD J H S,,Suffolk,100.0,All Grades
580413998548.0,Private School,LONG ISLAND SCHOOL-GIFTED,,Suffolk,100.0,All Grades
141800010000.0,Public School,LACKAWANNA CITY SCHOOL DISTRICT,,Erie,99.41,All Grades
460102040006.0,Public School,ALTMAR-PARISH-WILLIAMSTOWN JR/SR HS,,Oswego,100.0,All Grades
61503040002.0,Public School,FORESTVILLE ES,,Chautauqua,100.0,All Grades
410601040007.0,Public School,CAMDEN ELEM SCHOOL,,Oneida,85.64,All Grades
21601040004.0,Public School,FRIENDSHIP CENTRAL SCHOOL,,Allegany,100.0,All Grades
280517998105.0,Private School,BROOKVILLE CENTER FOR CHILDREN'S SERVICES,,Nassau,96.75,All Grades
140101060006.0,Public School,ALDEN SENIOR HIGH SCHOOL,,Erie,100.0,All Grades
661100010011.0,Public School,DANIEL WEBSTER ELEM SCHOOL,,Westchester,100.0,All Grades
211701040000.0,School District,VAN HORNSVILLE-O D YOUNG CENTRAL SCH,,Herkimer,98.73,All Grades
260501060001.0,Public School,AUTUMN LANE ELEM SCHOOL,,Monroe,100.0,All Grades
51101658564.0,Private School,FINGER LAKES MENNONITE SCHOOL,,Cayuga,94.44,All Grades
60701655117.0,Private School,MAPLE LANE SCHOOL,,Chautauqua,62.96,All Grades
332100126097.0,Private School,OUR LADY OF GRACE SCHOOL,,Kings,99.4,All Grades
130200010006.0,Public School,SARGENT SCHOOL,,Dutchess,99.61,All Grades
580512030016.0,Public School,NORTH MIDDLE SCHOOL,,Suffolk,99.43,All Grades
512300010004.0,Public School,GRANT C MADILL ELEMENTARY SCHOOL,,St.Lawrence,100.0,All Grades
332000996880.0,Private School,ADELPHI ACADEMY,,Kings,100.0,All Grades
280404996624.0,Private School,VINCENT SMITH SCHOOL,,Nassau,100.0,All Grades
230201040001.0,Public School,COPENHAGEN CENTRAS SCHOOL,,Lewis,97.76,All Grades
662200010005.0,Public School,POST ROAD SCHOOL,,Westchester,99.83,All Grades
580413999321.0,Private School,DAYTOP PREPARATORY SCHOOL,,Suffolk,100.0,All Grades
421800010041.0,Public School,DELAWARE SCHOOL,,Onondaga,96.7,All Grades
131601060008.0,Public School,ARLINGTON HS,,Dutchess,100.0,All Grades
332000126013.0,Private School,BAY RIDGE CATHOLIC ACADEMY,,Kings,100.0,All Grades
260401060001.0,Public School,GATES CHILI H S,,Monroe,100.0,All Grades
580405977995.0,"Schools, OCFS - 100",BRENTWOOD RESIDENTIAL CENTER,,Suffolk,90.48,All Grades
621801060004.0,Public School,PLATTEKILL ELEM SCHOOL,,Ulster,98.77,All Grades
331500226123.0,Private School,MESILAS BAIS YAAKOV,,Kings,100.0,All Grades
140203806578.0,Private School,CHRISTIAN CENTRAL ACADEMY,,Erie,98.65,All Grades
101300010004.0,Public School,HUDSON JUNIOR HIGH SCHOOL (no lead reporting),,Columbia,100.0,All Grades
353100996532.0,Private School,EDEN II - LITTLE MIRACLES,,Richmond,100.0,All Grades
580404999502.0,Private School,OUR LADY OF GUADALUPE SCHOOL OF LONG ISLAND WEST CAMPUS,,Suffolk,100.0,All Grades
421902040002.0,Public School,TULLY ELEM SCHOOL,,Onondaga,99.4,All Grades
131101996465.0,Private School,MILLBROOK SCHOOL,,Dutchess,99.7,All Grades
680601060002.0,Public School,PENN YAN MIDDLE SCHOOL,,Yates,100.0,All Grades
510401040002.0,Public School,CLIFTON-FINE ELEMENTARY,,St.Lawrence,100.0,All Grades
22401040003.0,Public School,SCIO CENTRAL SCHOOL,,Allegany,100.0,All Grades
662300010044.0,Public School,YONKERS MONTESSORI ACADEMY,,Westchester,100.0,All Grades
580512030021.0,Public School,SOUTH MIDDLE SCHOOL,,Suffolk,99.59,All Grades
480503040001.0,Public School,PUTNAM VALLEY HIGH SCHOOL,,Putnam,100.0,All Grades
610801040002.0,Public School,LANSING HIGH SCHOOL,,Tompkins,100.0,All Grades
140600010310.0,Public School,PS 208 RIVERSIDE ACADEMY (formerly 205),,Erie,99.64,All Grades
500402226280.0,Private School,UNITED TALMUDICAL ACADEMY - 214,,Rockland,100.0,All Grades
580801060016.0,Public School,NESAQUAKE MIDDLE SCHOOL,,Suffolk,100.0,All Grades
331300229955.0,Private School,TALMUD TORAH DNITRA,,Kings,96.97,All Grades
61101040001.0,Public School,HARVEY C FENNER ES,,Chautauqua,91.4,All Grades
430501040004.0,Public School,BLOOMFIELD ELEM SCHOOL,,Ontario,100.0,All Grades
580509030007.0,Public School,PAUL J BELLEW ELEM SCHOOL,,Suffolk,100.0,All Grades
500402996676.0,Private School,GREEN MEADOW WALDORF SCHOOL,,Rockland,99.6,All Grades
280405177211.0,Private School,NOTRE DAME SCHOOL,,Nassau,100.0,All Grades
411800010001.0,Public School,GANSEVOORT SCHOOL,,Oneida,100.0,All Grades
331400227203.0,Private School,BETH RACHEL SCHOOL FOR GIRLS - 82,,Kings,97.65,All Grades
342500998065.0,Private School,PHYLLIS L SUSSER SCHOOL FOR EXCEPTIONAL CHILDREN,,Queens,100.0,All Grades
280201030003.0,Public School,JACKSON MAIN SCHOOL,,Nassau,100.0,All Grades
662200145185.0,Private School,ARCHBISHOP STEPINAC H S,,Westchester,100.0,All Grades
580233175585.0,Private School,OUR LADY QUEEN OF APOSTLES,,Suffolk,100.0,All Grades
280405020001.0,Public School,GARDEN CITY PARK SCHOOL,,Nassau,100.0,All Grades
342400125875.0,Private School,CATHEDRAL PREPARATORY SEMINARY,,Queens,100.0,All Grades
421001060002.0,Public School,FAYETTEVILLE MANLIUS S H S,,Onondaga,99.93,All Grades
120701040000.0,School District,FRANKLIN CENTRAL SCHOOL DISTRICT,,Delaware,98.99,All Grades
250301040002.0,Public School,DERUYTER CENTRAL SCHOOL,,Madison,100.0,All Grades
190701040000.0,School District,GREENVILLE CENTRAL SCHOOL,,Greene,100.0,All Grades
140203060003.0,Public School,MAPLE ES,,Erie,99.83,All Grades
280215226230.0,Private School,SHULAMITH SCHOOL FOR GIRLS,,Nassau,100.0,All Grades
580103030001.0,Public School,BELMONT ELEMENTARY SCHOOL,,Suffolk,100.0,All Grades
610801040001.0,Public School,RAYMOND C BUCKLEY ELEMENTARY SCHOOL,,Tompkins,100.0,All Grades
60401040006.0,Public School,CASSADAGA VALLEY MIDDLE/HS,,Chautauqua,100.0,All Grades
421800010015.0,Public School,HUNTINGTON SCHOOL,,Onondaga,98.92,All Grades
332000226250.0,Private School,CONGREGATION DARKEI AVOS SANZ OF BP,,Kings,97.62,All Grades
400301060000.0,School District,LEWISTON PORTER CENTRAL SCHOOL,,Niagara,99.74,All Grades
140203060005.0,Public School,HEIM ES,,Erie,100.0,All Grades
211701040001.0,Public School,OWEN D YOUNG CENTRAL SCHOOL,,Herkimer,98.73,All Grades
280212030005.0,Public School,MALVERNE S H S,,Nassau,100.0,All Grades
31701060003.0,Public School,C R WEEKS ES,,Broome,100.0,All Grades
331400226020.0,Private School,CONG DARKEI TSHIVO OF DINOV,,Kings,100.0,All Grades
651501060005.0,Public School,NORTH ROSE-WOLCOTT H S,,Wayne,99.69,All Grades
151102996600.0,Private School,NORTH COUNTRY SCHOOL,,Essex,100.0,All Grades
140707030004.0,Public School,DEPEW MS,,Erie,100.0,All Grades
280215030004.0,Public School,LAWRENCE EARLY CHILDHOOD CENTER AT #4 SCHOOL,,Nassau,79.27,All Grades
420303060002.0,Public School,BEAR ROAD ELEM SCHOOL,,Onondaga,100.0,All Grades
161201040002.0,Public School,SALMON RIVER SHS,,Franklin,100.0,All Grades
141604060006.0,Public School,PINEHURST ES,,Erie,100.0,All Grades
401201060000.0,School District,ROYALTON HARTLAND CENT SCH,,Niagara,99.81,All Grades
441201060011.0,Public School,SAPPHIRE ELEM SCHOOL,,Orange,100.0,All Grades
140301136236.0,Private School,IMMACULATE CONCEPTION SCHOOL - EAST AURORA,,Erie,100.0,All Grades
333200125708.0,Private School,CRISTO REY BROOKLYN HIGH SCHOOL,,Kings,97.89,All Grades
10306060003.0,Public School,ELSMERE ES,,Albany,100.0,All Grades
400800010012.0,Public School,GJ MANN ELEMENTARY,,Niagara,99.13,All Grades
500402060016.0,Public School,ELMWOOD ELEM SCHOOL,,Rockland,98.56,All Grades
580205060003.0,Public School,HIAWATHA SCHOOL,,Suffolk,99.45,All Grades
142801137104.0,Private School,QUEEN OF HEAVEN SCHOOL,,Erie,99.32,All Grades
10100860829.0,Charter School,BRIGHTER CHOICE CHARTER SCHOOL FOR BOYS,,Albany,100.0,All Grades
280215217122.0,Private School,BRANDEIS SCHOOL (THE),,Nassau,100.0,All Grades
10100860902.0,Private School,KIPP TECH VALLEY CHARTER MIDDLE - NORTHERN BOULEVARD,,Albany,99.43,All Grades
461300808392.0,Private School,OSWEGO COMMUNITY CHRISTIAN SCHOOL,,Oswego,100.0,All Grades
660404996304.0,Private School,HUDSON LAB SCHOOL INC,,Westchester,100.0,All Grades
280229999021.0,Private School,PROGRESSIVE SCHOOL OF LONG ISLAND,,Nassau,97.18,All Grades
10100010043.0,Public School,PHILIP SCHUYLER ACHIEVEMENT ACADEMY,,Albany,100.0,All Grades
280220030006.0,Public School,LYNBROOK SOUTH MIDDLE SCHOOL,,Nassau,100.0,All Grades
222000010013.0,Public School,CASE MIDDLE SCHOOL,,Jefferson,100.0,All Grades
280223030001.0,Public School,FOREST LAKE SCHOOL,,Nassau,100.0,All Grades
190901999257.0,Private School,PLATTE CLOVE SCHOOL,,Greene,98.25,All Grades
500402225550.0,Private School,BOBOVER YESHIVA OF MONSEY,,Rockland,93.54,All Grades
30200010011.0,Public School,MAC ARTHUR SCHOOL,,Broome,99.48,All Grades
662300010027.0,Public School,MONTESSORI 27,,Westchester,100.0,All Grades
321100145436.0,Private School,CARDINAL SPELLMAN H S,,Bronx,99.76,All Grades
141901136332.0,Private School,ST MARY'S HIGH SCHOOL,,Erie,99.73,All Grades
350000010001.0,Public School,RICHMOND - STATEN ISLAND DISTRICT,,Richmond,99.68,All Grades
520302060004.0,Public School,OKTE ELEM SCHOOL,,Saratoga,99.81,All Grades
140707030005.0,Public School,CAYUGA HEIGHTS ES,,Erie,100.0,All Grades
280202030004.0,Public School,GRAND AVENUE SCHOOL,,Nassau,99.26,All Grades
41101040003.0,Public School,FRANKLINVILLE ES,,Cattaraugus,99.2,All Grades
512001060008.0,Public School,MASSENA S H S,,St.Lawrence,100.0,All Grades
520401808772.0,Private School,THE KINGS SCHOOL,,Saratoga,95.29,All Grades
331800329923.0,Private School,GREAT COMMISSION CHRISTIAN SCHOOL,,Kings,100.0,All Grades
320800145286.0,Private School,MONSIGNOR SCANLAN HIGH SCHOOL,,Bronx,93.41,All Grades
591401226672.0,Private School,ICHUD MOSDOS MONTICELLO,,Sullivan,67.86,All Grades
580404030002.0,Public School,FIFTH AVENUE ELEM SCHOOL,,Suffolk,100.0,All Grades
662300010026.0,Public School,CASIMIR PULASKI,,Westchester,99.82,All Grades
310400996575.0,Private School,REECE SCHOOL,,New York,98.75,All Grades
580235060005.0,Public School,FRANK P. LONG INTERMEDIATE SCHOOL,,Suffolk,99.63,All Grades
10802060007.0,Public School,LYNNWOOD ES,,Albany,100.0,All Grades
321000995652.0,Private School,ETHICAL CULTURE FIELDSTON MIDDLE SCHOOL,,Bronx,100.0,All Grades
480401040003.0,Public School,HALDANE MIDDLE SCHOOL,,Putnam,99.45,All Grades
580208020003.0,Public School,MILLER PLACE H S,,Suffolk,100.0,All Grades
590501226076.0,Private School,BEIS YAAKOV OF SOUTH FALLSBURG,,Sullivan,100.0,All Grades
50701040005.0,Public School,SOUTHERN CAYUGA JSHS,,Cayuga,100.0,All Grades
500101060008.0,Public School,NEW CITY ELEM SCHOOL,,Rockland,100.0,All Grades
69200008077.0,BOCES School,ERIE 2 BOCES ACADEMY AT MAPLE AVE,,Chautauqua,100.0,All Grades
620901996285.0,Private School,ACORN SCHOOL,,Ulster,100.0,All Grades
280201030010.0,Public School,ALBERTA G. SCHULTZ MIDDLE SCHOOL,,Nassau,96.11,All Grades
490301060005.0,Public School,CITIZEN EDMOND GENET SCHOOL,,Rensselaer,100.0,All Grades
43501060006.0,Public School,PIONEER SHS,,Cattaraugus,100.0,All Grades
280225020001.0,Public School,BIRCH SCHOOL,,Nassau,99.82,All Grades
440901040003.0,Public School,JAMES I O NEILL H S,,Orange,100.0,All Grades
500201145043.0,Private School,ST GREGORY BARBARIGO SCHOOL,,Rockland,99.4,All Grades
332000226379.0,Private School,CONGREGATION MACHNA SHALVA I,,Kings,100.0,All Grades
281496011201.0,Public School,SEAL SCHOOL,,Nassau,100.0,All Grades
662200999517.0,Private School,KODOMONO KUNI,,Westchester,100.0,All Grades
240101040003.0,Public School,AVON MIDDLE SCHOOL,,Livingston,100.0,All Grades
141901060008.0,Public School,LANCASTER H S,,Erie,22.84,All Grades
170901040001.0,Public School,NORTHVILLE H S,,Fulton,100.0,All Grades
101001040001.0,Public School,MARY E DARDESS ES,,Columbia,100.0,All Grades
440401060009.0,Public School,PINE BUSH ELEMENTARY SCHOOL,,Orange,99.83,All Grades
662300010017.0,Public School,SCHOOL 17,,Westchester,100.0,All Grades
641501040001.0,Public School,SALEM HIGH SCHOOL,,Washington,100.0,All Grades
650901060002.0,Public School,PALMYRA-MACEDON INTERMEDIATE SCHOOL,,Wayne,100.0,All Grades
332100228502.0,Private School,SHULAMITH H.S. FOR GIRLS,,Kings,100.0,All Grades
10500010000.0,School District,COHOES CITY SCHOOL DISTRICT,,Albany,81.75,All Grades
661100145129.0,Private School,IONA PREP SCHOOL - UPPER,,Westchester,99.87,All Grades
141601060003.0,Public School,CHARLOTTE AVENUE ES,,Erie,100.0,All Grades
530515060001.0,Public School,BRADT PRIMARY SCHOOL,,Schenectady,100.0,All Grades
580507060000.0,School District,CONNETQUOT CENT SCH OF ISLIP,,Suffolk,93.45,All Grades
280502060004.0,Public School,BAYLIS SCHOOL,,Nassau,100.0,All Grades
662300625497.0,Private School,ANDALUSIA SCHOOL,,Westchester,100.0,All Grades
343000230141.0,Private School,GANEINU EARLY LEARNING CENTER,,Queens,85.5,All Grades
580405060000.0,School District,HALF HOLLOW HILLS CENTRAL SCH,,Suffolk,100.0,All Grades
491200010007.0,Public School,RENSSELAER JUNIOR SENIOR HIGH SCHOOL,,Rensselaer,100.0,All Grades
280517175577.0,Private School,HOLY FAMILY SCHOOL,,Nassau,100.0,All Grades
140600010097.0,Public School,PS 192 BUFFALO ACADEMY FOR ARTS,,Erie,100.0,All Grades
50100010005.0,Public School,HERMAN AVENUE ES,,Cayuga,100.0,All Grades
530600010013.0,Public School,PAIGE ELEM SCHOOL,,Schenectady,99.77,All Grades
82001040003.0,Public School,SHERBURNE EARLVILLE JHS,,Chenango,100.0,All Grades
412300010011.0,Public School,MARTIN LUTHER KING JR SCHOOL,,Oneida,100.0,All Grades
661100145183.0,Private School,SALESIAN H S,,Westchester,100.0,All Grades
141604060003.0,Public School,BIG TREE ES,,Erie,99.8,All Grades
342500208524.0,Private School,SHEVACH H.S.,,Queens,100.0,All Grades
110200010009.0,Public School,RANDALL MIDDLE SCHOOL,,Cortland,100.0,All Grades
261600166206.0,Private School,NAZARETH ELEMENTARY SCHOOL,,Monroe,97.5,All Grades
411800010023.0,Public School,LOUIS DENTI SCHOOL,,Oneida,99.66,All Grades
640502040001.0,Public School,FORT ANN ELEM/MIDDLE/HIGH SCHOOL,,Washington,99.77,All Grades
441903020002.0,Public School,GEORGE GRANT MASON ES,,Orange,100.0,All Grades
420411185480.0,Private School,HOLY CROSS SCHOOL,,Onondaga,100.0,All Grades
420401060002.0,Public School,FREMONT ELEM SCHOOL,,Onondaga,100.0,All Grades
400400010009.0,Public School,EMMET BELKNAP J H S,,Niagara,100.0,All Grades
251601060001.0,Public School,BRIDGEPORT ELEM SCHOOL,,Madison,100.0,All Grades
580101030003.0,Public School,BABYLON ELEM SCHOOL,,Suffolk,100.0,All Grades
141901060001.0,Public School,JOHN A SCIOLE ELEM SCHOOL,,Erie,100.0,All Grades
140600010000.0,School District,BUFFALO CITY SCHOOLS,,Erie,98.86,All Grades
280226030006.0,Public School,ISLAND TREES S H S,,Nassau,99.86,All Grades
421800185515.0,Private School,ALL SAINTS ELEMENTARY OF TIPPERARY HILL,,Onondaga,100.0,All Grades
50100010013.0,Public School,AUBURN HS,,Cayuga,99.91,All Grades
460701040003.0,Public School,FAIRLEY SCHOOL,,Oswego,99.54,All Grades
261600165998.0,Private School,NATIVITY PREPARATORY ACADEMY,,Monroe,100.0,All Grades
472202040001.0,Public School,CHERRY VALLEY-SPRINGFIELD JUNIOR-SENIOR HS (and Elem for lead reporting),,Otsego,100.0,All Grades
580206020003.0,Public School,E L VANDERMEULEN H S,,Suffolk,100.0,All Grades
421800010067.0,Public School,PROMISING FUTURES LEADERSHIP ACADEMY,,Onondaga,100.0,All Grades
151801040001.0,Public School,MOUNTAIN VIEW CAMPUS,,Essex,100.0,All Grades
261600861153.0,Charter School,ACADEMY OF HEALTH SCIENCES CHARTER SCHOOL,,Monroe,100.0,All Grades
530301060003.0,Public School,GLENCLIFF SCHOOL,,Schenectady,12.81,All Grades
580410030005.0,Public School,INDIAN HOLLOW SCHOOL,,Suffolk,100.0,All Grades
140600860961.0,Charter School,HEALTH SCIENCES CHARTER SCHOOL,,Erie,100.0,All Grades
50100010002.0,Public School,CASEY PARK ES,,Cayuga,100.0,All Grades
140201060002.0,Public School,AMHERST CENTRAL HS,,Erie,100.0,All Grades
170500010007.0,Public School,PARK TERRACE SCHOOL,,Fulton,99.61,All Grades
480102060003.0,Public School,MATTHEW PATERSON ELEM SCHOOL,,Putnam,99.56,All Grades
331500229762.0,Private School,SHEMA KOLAINU - HEAR OUR VOICES,,Kings,100.0,All Grades
140600010042.0,Public School,PS 42 OCCUPATIONAL TRAINING CTR,,Erie,100.0,All Grades
260501060023.0,Public School,GREECE ARCADIA MIDDLE SCHOOL,,Monroe,100.0,All Grades
280209030007.0,Public School,FREEPORT H S,,Nassau,100.0,All Grades
500402229315.0,Private School,OHR V'DAAS - RISE,,Rockland,100.0,All Grades
420101185482.0,Private School,HOLY FAMILY SCHOOL,,Onondaga,100.0,All Grades
31601060023.0,Public School,GLENWOOD ES,,Broome,99.68,All Grades
580501030004.0,Public School,FIFTH AVENUE SCHOOL,,Suffolk,100.0,All Grades
620803040001.0,Public School,HIGHLAND ELEM SCHOOL,,Ulster,100.0,All Grades
42400010000.0,School District,OLEAN CITY SCHOOLS,,Cattaraugus,99.78,All Grades
332000206898.0,Private School,BETH JACOB H S,,Kings,100.0,All Grades
580233020003.0,Public School,CLAYTON HUEY ELEMENTARY SCHOOL,,Suffolk,100.0,All Grades
140600010006.0,Public School,PS 6 BUFFALO ELEMENTARY SCHOOL OF TECHNOLOGY,,Erie,99.04,All Grades
580205060015.0,Public School,CHIPPEWA ELEM SCHOOL,,Suffolk,99.45,All Grades
580512030009.0,Public School,OAK PARK ELEMENTARY SCHOOL,,Suffolk,99.85,All Grades
261600860906.0,Charter School,ROCHESTER PREP CHARTER - BROOKS AVE,,Monroe,98.45,All Grades
560603659823.0,Private School,DIAMOND CROSSING SCHOOL,,Seneca,52.17,All Grades
441600010010.0,Public School,NEW WINDSOR SCHOOL,,Orange,100.0,All Grades
521701040005.0,Public School,SCHUYLERVILLE MIDDLE SCHOOL,,Saratoga,100.0,All Grades
280521030003.0,Public School,CHARLES CAMPAGNE SCHOOL,,Nassau,100.0,All Grades
500402225674.0,Private School,BNEI YAKOV YOSEF OF MONSEY,,Rockland,64.17,All Grades
580917020001.0,Public School,EAST QUOGUE SCHOOL,,Suffolk,99.0,All Grades
581010020002.0,Public School,GREENPORT ELEM SCHOOL,,Suffolk,99.0,All Grades
141101060002.0,Public School,COLDEN ES,,Erie,100.0,All Grades
500402060013.0,Public School,CHESTNUT RIDGE MIDDLE SCHOOL,,Rockland,99.03,All Grades
580602860032.0,Charter School,RIVERHEAD CHARTER SCHOOL,,Suffolk,100.0,All Grades
280503996472.0,Private School,PORTLEDGE SCHOOL,,Nassau,99.62,All Grades
621201060005.0,Public School,ONTEORA H S,,Ulster,100.0,All Grades
661901030002.0,Public School,RYE NECK S H S,,Westchester,100.0,All Grades
500402226478.0,Private School,ADOLPH SCHREIBER HEBREW ACADEMY OF ROCKLAND,,Rockland,98.75,All Grades
513102040001.0,Public School,EDWARDS-KNOX ES,,St.Lawrence,98.9,All Grades
50203990001.0,Private School,SAINT ALBERT THE GREAT ACADEMY,,Cayuga,100.0,All Grades
580201998125.0,Private School,LAUREL HILL SCH,,Suffolk,98.66,All Grades
101001040006.0,Public School,CHATHAM MS,,Columbia,100.0,All Grades
353100145558.0,Private School,BISHOP PATRICK V AHERN HIGH SCHOOL,,Richmond,100.0,All Grades
661401030007.0,Public School,OSSINING S H S,,Westchester,100.0,All Grades
560603659827.0,Private School,COUNTRY SIDE SCHOOL,,Seneca,16.67,All Grades
353100145402.0,Private School,ST PETERS H S-BOYS,,Richmond,99.14,All Grades
520302060007.0,Public School,KARIGON ELEM SCHOOL,,Saratoga,100.0,All Grades
140600010094.0,Public School,PS 89 LYDIA T. WRIGHT SCHOOL,,Erie,96.89,All Grades
620901060001.0,Public School,RONDOUT VALLEY H S,,Ulster,99.63,All Grades
140600860987.0,Charter School,BUFFALO CREEK ACADEMY CHARTER SCHOOL,,Erie,99.44,All Grades
132201040002.0,Public School,ALDEN PLACE ELEMENTARY SCHOOL,,Dutchess,99.36,All Grades
261313995996.0,Private School,ST JOHN BOSCO SCHOOL,,Monroe,96.32,All Grades
280406030003.0,Public School,MUNSEY PARK ELEM SCHOOL,,Nassau,99.88,All Grades
332100999764.0,Private School,BROOKLYN AMITY SCHOOL,,Kings,100.0,All Grades
321000996857.0,Private School,HORACE MANN SCHOOL MIDDLE DIVISION,,Bronx,100.0,All Grades
280205030015.0,Public School,DIVISION AVENUE S H S,,Nassau,100.0,All Grades
261101856502.0,Private School,LAKE ONTARIO BAPTIST ACADEMY,,Monroe,100.0,All Grades
580201060009.0,Public School,PAUL J GELINAS J H S,,Suffolk,100.0,All Grades
22902040001.0,Public School,BOLIVAR-RICHBURG ELEMENTARY SCHOOL,,Allegany,99.51,All Grades
342303201441.0,Private School,HADAR BET YAAKOV,,Queens,100.0,All Grades
280100010001.0,Public School,DEASY SCHOOL,,Nassau,99.68,All Grades
580506030004.0,Public School,BRETTON WOODS ELEM SCHOOL,,Suffolk,99.61,All Grades
280203030012.0,Public School,MEADOWBROOK ELEM SCHOOL,,Nassau,100.0,All Grades
670201060001.0,Public School,ATTICA S H S,,Wyoming,99.69,All Grades
580906178656.0,Private School,OUR LADY OF THE HAMPTONS SCHOOL,,Suffolk,100.0,All Grades
332100229813.0,Private School,MARILYN DAVID IVDU GIRLS UPPER SCHOOL,,Kings,100.0,All Grades
280253070002.0,Public School,GRAND AVENUE MIDDLE SCHOOL,,Nassau,100.0,All Grades
280205030011.0,Public School,NORTHSIDE SCHOOL,,Nassau,100.0,All Grades
10402060008.0,Public School,RAVENA MS,,Albany,100.0,All Grades
662300010019.0,Public School,HOSTOS MICROSOCIETY SCHOOL,,Westchester,99.26,All Grades
64563234231.0,Private School,Deer Run Amish School,,Chautauqua,30.3,All Grades
260501060010.0,Public School,GREECE ARCADIA H S,,Monroe,100.0,All Grades
251601060005.0,Public School,CHITTENANGO H S,,Madison,100.0,All Grades
142801060003.0,Public School,ALLENDALE SCHOOL,,Erie,100.0,All Grades
280206175651.0,Private School,ST WILLIAM THE ABBOT SCHOOL,,Nassau,100.0,All Grades
131601060012.0,Public School,LAGRANGE MS,,Dutchess,100.0,All Grades
51301040003.0,Public School,MORAVIA JSHS,,Cayuga,100.0,All Grades
310200626122.0,Private School,ISLAMIC CULTURAL CENTER SCHOOL,,New York,100.0,All Grades
41401040001.0,Public School,HINSDALE CENTRAL SCHOOL,,Cattaraugus,100.0,All Grades
261600997048.0,Private School,MARY CARIOLA CHILDRENS CENTER,,Monroe,98.62,All Grades
332000229340.0,Private School,SHALSHELES BAIS YAAKOV,,Kings,100.0,All Grades
140600136386.0,Private School,CANISIUS HS,,Erie,100.0,All Grades
342800629258.0,Private School,AL-IMAN SCHOOL,,Queens,100.0,All Grades
441903020000.0,School District,TUXEDO UNION FREE SCHOOL,,Orange,100.0,All Grades
661004060006.0,Public School,SEVEN BRIDGES MIDDLE SCHOOL,,Westchester,99.8,All Grades
610301060008.0,Public School,DRYDEN MIDDLE SCHOOL (report lead results under HS),,Tompkins,100.0,All Grades
580503030006.0,Public School,EAST ISLIP H S,,Suffolk,99.91,All Grades
110901040001.0,Public School,MARATHON HS,,Cortland,100.0,All Grades
31401060004.0,Public School,WHITNEY POINT SHS,,Broome,100.0,All Grades
580503030004.0,Public School,TIMBER POINT ELEM SCHOOL,,Suffolk,99.46,All Grades
260501060008.0,Public School,OLYMPIA S H S,,Monroe,99.91,All Grades
580413030012.0,Public School,MAPLEWOOD ELEM SCHOOL,,Suffolk,99.17,All Grades
471701040003.0,Public School,COOPERSTOWN CENTRAL JSH S (and MS for lead reporting),,Otsego,100.0,All Grades
10100860830.0,Charter School,BRIGHTER CHOICE CHARTER SCHOOL FOR GIRLS,,Albany,100.0,All Grades
431401040003.0,Public School,HONEOYE MIDDLE SCHOOL,,Ontario,100.0,All Grades
580503030001.0,Public School,CONNETQUOT ELEM SCHOOL,,Suffolk,99.73,All Grades
270301996102.0,Private School,FAITH BIBLE ACADEMY,,Montgomery,100.0,All Grades
261101060004.0,Public School,HILTON H S,,Monroe,100.0,All Grades
650902040000.0,School District,GANANDA CENTRAL SCHOOL,,Wayne,99.73,All Grades
280503060004.0,Public School,LOCUST VALLEY INTERMEDIATE SCHOOL,,Nassau,100.0,All Grades
10100115665.0,Private School,BLESSED SACRAMENT SCHOOL,,Albany,100.0,All Grades
280211030005.0,Public School,SCHOOL 5,,Nassau,100.0,All Grades
280501060005.0,Public School,NORTH SHORE MIDDLE,,Nassau,99.69,All Grades
260101060010.0,Public School,FRENCH ROAD ELEMENTARY SCHOOL,,Monroe,100.0,All Grades
421800010003.0,Public School,CLARY MIDDLE SCHOOL,,Onondaga,99.62,All Grades
662300010037.0,Public School,GORTON H S,,Westchester,99.91,All Grades
261300000003.0,BOCES School,MONROE #1 BOCES/BIRD/MORGAN SCHOOL,,Monroe,100.0,All Grades
331700999190.0,Private School,PHYL'S ACADEMY PREP SCHOOL,,Kings,100.0,All Grades
141701040002.0,Public School,HAROLD O BRUMSTED ELEMENTARY SCHOOL,,Erie,100.0,All Grades
342400315795.0,Private School,MARTIN LUTHER H S,,Queens,100.0,All Grades
630202040001.0,Public School,NORTH WARREN CENTRAL SCHOOL,,Warren,100.0,All Grades
332100229485.0,Private School,BIG APPLE ACAD.,,Kings,100.0,All Grades
530202060007.0,Public School,SCOTIA J H S,,Schenectady,100.0,All Grades
270301040004.0,Public School,EAST HILL SCHOOL,,Montgomery,100.0,All Grades
260501060013.0,Public School,ODYSSEY ACADEMY SCHOOL,,Monroe,99.79,All Grades
310200995196.0,Private School,LEMAN MANHATTAN PREPARATORY SCHOOL,,New York,99.66,All Grades
521200050003.0,Public School,MECHANICVILLE JR/SR HIGH SCHOOL,,Saratoga,99.72,All Grades
131601060001.0,Public School,ARTHUR S. MAY ELEMENTARY SCHOOL,,Dutchess,100.0,All Grades
490801116667.0,Private School,LA SALLE INSTITUTE,,Rensselaer,100.0,All Grades
321000997820.0,Private School,ETHICAL CULTURE FIELDSTON LOWER SCHOOL,,Bronx,100.0,All Grades
142601030025.0,Public School,KENMORE EAST S H S,,Erie,99.72,All Grades
280226030003.0,Public School,MICHAEL F STOKES SCHOOL,,Nassau,100.0,All Grades
580211060004.0,Public School,NORTH COLEMAN ROAD SCHOOL,,Suffolk,100.0,All Grades
161501159248.0,Private School,LONE MOOSE SCHOOL,,Franklin,58.06,All Grades
442101060000.0,School District,WARWICK VALLEY CENTRAL SCHOOL,,Orange,99.64,All Grades
332100226349.0,Private School,BIG APPLE INSTITUTE SITE 2,,Kings,100.0,All Grades
460901060003.0,Public School,MEXICO HIGH SCHOOL,,Oswego,99.84,All Grades
142301060002.0,Public School,ORCHARD PARK MIDDLE SCHOOL,,Erie,99.82,All Grades
280100010007.0,Public School,GLEN COVE H S,,Nassau,99.91,All Grades
141301060006.0,Public School,IROQUOIS SHS,,Erie,100.0,All Grades
580105030001.0,Public School,DEAUVILLE GARDENS ELEM SCHOOL,,Suffolk,100.0,All Grades
661301040002.0,Public School,PEQUENAKONCK ELEM SCHOOL,,Westchester,100.0,All Grades
660101030004.0,Public School,JOHN JAY S H S,,Westchester,99.89,All Grades
261901060013.0,Public School,KLEM ROAD SOUTH ELEM SCHOOL,,Monroe,100.0,All Grades
331400206969.0,Private School,YESHIVA YESODE HATORAH,,Kings,99.18,All Grades
62301040002.0,Public School,BROCTON CENTRAL SCHOOL,,Chautauqua,99.81,All Grades
161401060001.0,Public School,PETROVA ELEMENTARY SCH,,Franklin,99.31,All Grades
310400996590.0,Private School,COOKE SCHOOL AND INSTITUTE,,New York,99.57,All Grades
42901040002.0,Public School,PORTVILLE JSHS,,Cattaraugus,99.8,All Grades
662300010055.0,Public School,SCHOOL 42 - YONKERS MIDDLE HIGH SCHOOL,,Westchester,99.76,All Grades
420411185475.0,Private School,CHRISTIAN BROTHERS ACADEMY,,Onondaga,100.0,All Grades
332000226383.0,Private School,CONGREGATION MACHNA SHALVA V,,Kings,99.33,All Grades
260803060005.0,Public School,IRONDEQUOIT S H S,,Monroe,99.66,All Grades
580102030001.0,Public School,FOREST AVENUE SCHOOL,,Suffolk,100.0,All Grades
561006060002.0,Public School,LA FAYETTE SCHOOL,,Seneca,100.0,All Grades
580501030007.0,Public School,BAY SHORE MIDDLE SCHOOL,,Suffolk,99.13,All Grades
280504226650.0,Private School,MERCAZ ACADEMY,,Nassau,100.0,All Grades
331400226027.0,Private School,TALMUD TORAH TZEMACH TZADIK VIZNITZ,,Kings,98.28,All Grades
320800145324.0,Private School,ST JOSEPH SCHOOL FOR THE DEAF,,Bronx,97.3,All Grades
661100996718.0,Private School,THORNTON DONOVAN SCHOOL,,Westchester,96.84,All Grades
140600010037.0,Public School,PS 37 MARVA J DANIEL FUTURES PREP SCHOOL,,Erie,99.41,All Grades
70901060009.0,Public School,GARDNER ROAD ES,,Chemung,99.75,All Grades
440401060001.0,Public School,E J RUSSELL ELEM SCHOOL,,Orange,100.0,All Grades
441202020000.0,School District,KIRYAS JOEL VILLAGE UFSD,,Orange,99.25,All Grades
580502020002.0,Public School,COMMACK ROAD ELEM SCHOOL,,Suffolk,99.52,All Grades
630701040002.0,Public School,LAKE GEORGE JS HS,,Warren,100.0,All Grades
331500226466.0,Private School,GAN YISROEL - CHURCH AVE,,Kings,99.1,All Grades
662300010016.0,Public School,SCHOOL 16,,Westchester,99.82,All Grades
420702030007.0,Public School,SOLVAY MIDDLE SCHOOL,,Onondaga,99.69,All Grades
460500010007.0,Public School,GRANBY ELEM SCHOOL,,Oswego,99.78,All Grades
51901427120.0,"Schools, OCFS - 100",HARRIET TUBMAN RESIDENTIAL CENTER,,Cayuga,100.0,All Grades
60800808602.0,Private School,CENTRAL CHRISTIAN ACADEMY SCHOOL,,Chautauqua,100.0,All Grades
331500226378.0,Private School,BAIS ESTHER SCHOOL 3,,Kings,99.26,All Grades
251601060000.0,School District,CHITTENANGO CENTRAL SCHOOL,,Madison,99.94,All Grades
331400226444.0,Private School,BETH RACHEL SCHOOLFOR GIRLS - 68,,Kings,99.44,All Grades
140203060007.0,Public School,FOREST ES,,Erie,100.0,All Grades
270601040001.0,Public School,FONDA FULTONVILLE K-4 SCHOOL,,Montgomery,100.0,All Grades
580201060003.0,Public School,ARROWHEAD SCHOOL,,Suffolk,100.0,All Grades
580103030002.0,Public School,ROBERT MOSES MIDDLE SCH,,Suffolk,99.9,All Grades
280401030001.0,Public School,PARK SCHOOL,,Nassau,100.0,All Grades
591401060006.0,Public School,RJ KAISER MIDDLE SCHOOL,,Sullivan,99.49,All Grades
180300877197.0,Private School,NYS SCHOOL FOR BLIND,,Genesee,100.0,All Grades
140600010135.0,Public School,PS 415 MIDDLE EARLY COLLEGE HIGH SCHOOL,,Erie,100.0,All Grades
472202040000.0,School District,CHERRY VALLEY SPRINGFIELD CENT SCHOOL,,Otsego,100.0,All Grades
411504020003.0,Public School,NY MILLS UNION FREE SCHOOL,,Oneida,100.0,All Grades
420601040003.0,Public School,FABIUS JSHS,,Onondaga,99.69,All Grades
512501040002.0,Public School,PARISHVILLE-HOPKINGTON ELEMENTARY,,St.Lawrence,100.0,All Grades
331700226465.0,Private School,CHABAD GIRLS ACADEMY,,Kings,100.0,All Grades
342600225967.0,Private School,CHABAD ACADEMY OF ARTS AND SCIENCES & EARLY LEARNING CENTER,,Queens,92.31,All Grades
621101996566.0,Private School,MONTESSORI OF NEW PALTZ,,Ulster,96.43,All Grades
580203020008.0,Public School,COMSEWOGUE S H S,,Suffolk,99.49,All Grades
500108030003.0,Public School,A MACARTHUR BARR MIDDLE SCHOOL,,Rockland,76.69,All Grades
262001997047.0,Private School,CRESTWOOD CHILDRENS CENTER,,Monroe,100.0,All Grades
331400229999.0,Private School,BNOS SQUARE OF WILLIAMSBURG,,Kings,98.21,All Grades
310500808793.0,Private School,FELLOWSHIP OF LEARNING SCHOOL,,New York,100.0,All Grades
580105030006.0,Public School,COPIAGUE J H S,,Suffolk,99.82,All Grades
261600010008.0,Public School,SCHOOL 8 ROBERTO CLEMENTE,,Monroe,99.4,All Grades
530515060004.0,Public School,MOHONASEN SHS,,Schenectady,99.36,All Grades
160801040002.0,Public School,CHATEAUGAY S H S,,Franklin,100.0,All Grades
500101060022.0,Public School,FELIX FESTA DETERMINATION MIDDLE SCHOOL,,Rockland,99.85,All Grades
60601040003.0,Public School,PINE VALLEY CENTRAL JSHS,,Chautauqua,100.0,All Grades
650101806701.0,Private School,EAST PALMYRA CHRISTIAN SCHOOL,,Wayne,96.5,All Grades
261201060008.0,Public School,BAY TRAIL MIDDLE SCHOOL,,Monroe,100.0,All Grades
280300999445.0,Private School,HARRIET EISMAN COMM SCHOOL,,Nassau,100.0,All Grades
530600010014.0,Public School,PLEASANT VALLEY SCHOOL,,Schenectady,100.0,All Grades
30701060001.0,Public School,CHENANGO VALLEY HIGH SCHOOL,,Broome,100.0,All Grades
580505020005.0,Public School,ACADEMY ST ELEM SCHOOL,,Suffolk,100.0,All Grades
140600860896.0,Charter School,ELMWOOD VILLAGE CHARTER SCHOOL - DAYS PARK,,Erie,99.77,All Grades
110200010011.0,Public School,CORTLAND JUNIOR HIGH / HIGH SCHOOL,,Cortland,99.88,All Grades
500402229918.0,Private School,CHEDER CHABAD OF MONSEY,,Rockland,100.0,All Grades
342500806983.0,Private School,FLUSHING CHRISTIAN SCHOOL,,Queens,100.0,All Grades
31301040003.0,Public School,DEPOSIT JSHS,,Broome,99.78,All Grades
580512030010.0,Public School,PINE PARK ELEMENTARY SCHOOL,,Suffolk,99.46,All Grades
611001040000.0,School District,TRUMANSBURG CENTRAL SCHOOL,,Tompkins,100.0,All Grades
110200808583.0,Private School,CORTLAND CHRISTIAN ACADEMY,,Cortland,98.78,All Grades
411501060001.0,Public School,NEW HARTFORD S H S,,Oneida,99.83,All Grades
51901425832.0,Private School,UNION SPRINGS ACADEMY,,Cayuga,100.0,All Grades
430300999234.0,Private School,LAKE COUNTRY SCHOOL,,Ontario,59.26,All Grades
480102060005.0,Public School,CARMEL H S,,Putnam,100.0,All Grades
661901030004.0,Public School,RYE NECK MIDDLE SCHOOL,,Westchester,100.0,All Grades
261313030001.0,Public School,EAST ROCHESTER ELEMENTARY SCHOOL,,Monroe,99.49,All Grades
660203207622.0,Private School,Ohr Sholomo Yeshiya High school,,Kings,100.0,All Grades
500108030001.0,Public School,HIGHVIEW ELEMENTARY SCHOOL,,Rockland,100.0,All Grades
571000999992.0,Private School,ALTERNATIVE SCHOOL FOR MATH AND SCIENCE,,Steuben,100.0,All Grades
662401060004.0,Public School,LINCOLN TITUS ELEM SCHOOL,,Westchester,100.0,All Grades
441600010009.0,Public School,HORIZON ON HUDSON MAGNET SCHOOL,,Orange,100.0,All Grades
42400010013.0,Public School,OLEAN SHS,,Cattaraugus,99.7,All Grades
411800185531.0,Private School,ROME CATHOLIC SCHOOL,,Oneida,99.66,All Grades
280251070002.0,Public School,NORTH H S,,Nassau,100.0,All Grades
610901040002.0,Public School,NEWFIELD ELEM SCHOOL,,Tompkins,100.0,All Grades
31101060005.0,Public School,MAINE ENDWELL MS,,Broome,99.83,All Grades
120501040001.0,Public School,DELAWARE ACADEMY ES,,Delaware,100.0,All Grades
660900010025.0,Public School,NELSON MANDELA COMMUNITY SCHOOL,,Westchester,99.12,All Grades
571000808888.0,Private School,CORNING CHRISTIAN ACADEMY,,Steuben,100.0,All Grades
331700305781.0,Private School,EPIPHANY LUTHERAN ELEM SCHOOL,,Kings,96.49,All Grades
331700226429.0,Private School,GAN ACADEMY,,Kings,92.86,All Grades
261701998567.0,Private School,NORMAN HOWARD SCHOOL,,Monroe,100.0,All Grades
190501040001.0,Public School,COXSACKIE-ATHENS HIGH SCHOOL,,Greene,100.0,All Grades
280252070003.0,Public School,FLORAL PARK MEMORIAL H S,,Nassau,100.0,All Grades
261201166604.0,Private School,OUR LADY OF MERCY SCHOOL FOR YOUNG WOMEN,,Monroe,99.49,All Grades
660405030002.0,Public School,ARDSLEY MIDDLE SCHOOL,,Westchester,100.0,All Grades
261600860826.0,Charter School,GENESEE COMMUNITY CHARTER SCHOOL AT THE ROCHESTER,,Monroe,100.0,All Grades
140600010130.0,Public School,PS 30 FRANK A SEDITA ACADEMY,,Erie,97.92,All Grades
132201040001.0,Public School,MILLBROOK MIDDLE SCHOOL,,Dutchess,100.0,All Grades
662200010016.0,Public School,EASTVIEW MIDDLE SCHOOL,,Westchester,100.0,All Grades
660406030001.0,Public School,GREENVILLE SCHOOL,,Westchester,99.81,All Grades
170500010011.0,Public School,KINGSBOROUGH SCHOOL,,Fulton,99.66,All Grades
50401040003.0,Public School,CATO MERIDIAN MS/SHS,,Cayuga,100.0,All Grades
180300010005.0,Public School,BATAVIA MIDDLE SCHOOL,,Genesee,100.0,All Grades
280521030006.0,Public School,BETHPAGE S H S,,Nassau,100.0,All Grades
580405998671.0,Private School,ST PIUS V SCHOOL,,Suffolk,100.0,All Grades
431101040001.0,Public School,RED JACKET ELEM SCHOOL,,Ontario,100.0,All Grades
321100145296.0,Private School,HOLY ROSARY SCHOOL,,Bronx,98.64,All Grades
180202040002.0,Public School,ALEXANDER ELEM SCHOOL,,Genesee,100.0,All Grades
530301060008.0,Public School,IROQUOIS MIDDLE SCHOOL,,Schenectady,99.76,All Grades
332200226215.0,Private School,YAD YISROEL,,Kings,87.5,All Grades
331400996720.0,Private School,MS LAM MONTESSORI SCHOOL - N9,,Kings,100.0,All Grades
331400226885.0,Private School,BETH CHANA SCHOOL FOR GIRLS,,Kings,100.0,All Grades
200401040001.0,Public School,INDIAN LAKE CENTRAL SCHOOL,,Hamilton,100.0,All Grades
331800996297.0,Private School,OUR FUTURE SCHOOL/ATIDAYNU,,Kings,96.77,All Grades
31501060001.0,Public School,CHARLES F JOHNSON JR ES,,Broome,98.81,All Grades
520302996103.0,Private School,SARA MARIE SCHOOL,,Saratoga,100.0,All Grades
261701060004.0,Public School,MONICA B LEARY ELEM SCHOOL,,Monroe,99.77,All Grades
660301145127.0,Private School,IMMACULATE CONCEPTION SCHOOL - TUCKAHOE,,Westchester,100.0,All Grades
140600010019.0,Public School,PS 19 NATIVE AMERICAN MAGNET SCHOOL,,Erie,98.86,All Grades
141901060005.0,Public School,COURT STREET ELEM SCHOOL,,Erie,22.84,All Grades
332200126049.0,Private School,GOOD SHEPHERD CATHOLIC ACADEMY,,Kings,100.0,All Grades
332100225340.0,Private School,ELITE HIGH SCHOOL,,Kings,100.0,All Grades
421902040000.0,School District,TULLY CENTRAL SCHOOL,,Onondaga,99.71,All Grades
670201060002.0,Public School,ATTICA ELEM SCHOOL,,Wyoming,99.52,All Grades
621101060000.0,School District,NEW PALTZ CENTRAL SCHOOL,,Ulster,100.0,All Grades
581012020001.0,Public School,MATTITUCK J S H S,,Suffolk,100.0,All Grades
222000010007.0,Public School,KNICKERBOCKER SCHOOL,,Jefferson,100.0,All Grades
662300010056.0,Public School,BARACK OBAMA SCHOOL FOR SOCIAL JUSTICE,,Westchester,99.57,All Grades
580507995141.0,Private School,DEVELOPMENTAL DISABILITIES INSTITUTE - RONKONKOMA,,Suffolk,100.0,All Grades
661004060003.0,Public School,ROBERT E BELL SCHOOL,,Westchester,100.0,All Grades
62201060003.0,Public School,FREDONIA HS,,Chautauqua,99.93,All Grades
580503175607.0,Private School,ST MARY SCHOOL,,Suffolk,100.0,All Grades
140600010053.0,Public School,PS 53 COMMUNITY SCHOOL,,Erie,98.86,All Grades
280502060000.0,School District,SYOSSET CENTRAL SCHOOL,,Nassau,99.94,All Grades
580801060005.0,Public School,MT PLEASANT ELEM SCHOOL,,Suffolk,100.0,All Grades
260501060006.0,Public School,ENGLISH VILLAGE SCHOOL,,Monroe,100.0,All Grades
610600010001.0,Public School,BELLE SHERMAN SCHOOL,,Tompkins,99.71,All Grades
580805060006.0,Public School,FORT SALONGA ES,,Suffolk,99.42,All Grades
610600995513.0,Private School,ITHACA WALDORF SCHOOL,,Tompkins,96.55,All Grades
420601040001.0,Public School,FABIUS-POMPEY ELEMENTARY SCHOOL,,Onondaga,100.0,All Grades
353100226208.0,Private School,STATEN ISLAND HEBREW ACADEMY,,Richmond,96.23,All Grades
310200996792.0,Private School,LYCEE FRANCAIS DE N Y,,New York,99.91,All Grades
640701040002.0,Public School,MARY J TANNER ELEM SCHOOL,,Washington,100.0,All Grades
420101189405.0,Private School,BISHOP LUDDEN JSHS,,Onondaga,100.0,All Grades
661401030003.0,Public School,PARK EARLY CHILDHOOD CENTER,,Westchester,100.0,All Grades
262212101231.0,Charter School,CITIZENSHIP AND SCIENCE ACADEMY OF ROCHESTER CHARTER SCHOOL,,Monroe,99.47,All Grades
342500125930.0,Private School,HOLY CROSS H S,,Queens,99.85,All Grades
140600010018.0,Public School,PS 18 ANTONIA PANTOJA SCHOOL OF ACADEMIC EXCELLENCE,,Erie,99.11,All Grades
280502060006.0,Public School,ROBBINS LANE SCHOOL,,Nassau,99.78,All Grades
10402060003.0,Public School,PIETER B COEYMANS SCHOOL,,Albany,100.0,All Grades
51101040001.0,Public School,AA GATES ES,,Cayuga,100.0,All Grades
310200996806.0,Private School,NIGHTINGALE BAMFORD SCHOOL,,New York,100.0,All Grades
141601060007.0,Public School,HAMBURG SHS,,Erie,99.7,All Grades
491200995972.0,Private School,HUDSON RIDGE SCHOOL,,Rensselaer,100.0,All Grades
280231020001.0,Public School,LINCOLN ORENS SCHOOL,,Nassau,99.62,All Grades
650101060001.0,Public School,PERKINS ELEM SCHOOL,,Wayne,100.0,All Grades
310300149994.0,Private School,CRISTO REY NEW YORK HIGH SCHOOL,,New York,100.0,All Grades
261301060006.0,Public School,JEFFERSON AVENUE SCHOOL,,Monroe,99.67,All Grades
131201040002.0,Public School,PAWLING HS,,Dutchess,99.72,All Grades
140801136238.0,Private School,NATIVITY OF B V M SCHOOL,,Erie,100.0,All Grades
661601030003.0,Public School,PROSPECT HILL SCHOOL,,Westchester,99.7,All Grades
650902040001.0,Public School,RUBIN A CIRILLO HIGH SCHOOL,,Wayne,100.0,All Grades
130801997760.0,Private School,ABILITIES FIRST INC - FIREMENS WAY - FW,,Dutchess,100.0,All Grades
43200050004.0,Public School,PROSPECT ES,,Cattaraugus,97.36,All Grades
31502060005.0,Public School,JOHNSON CITY MIDDLE SCHOOL,,Broome,99.71,All Grades
140600010080.0,Public School,PS 80 HIGHGATE HEIGHTS ELEMENTARY SCHOOL,,Erie,98.51,All Grades
412201060005.0,Public School,GEN WILLIAM FLOYD ELEM SCHOOL,,Oneida,100.0,All Grades
271201040004.0,Public School,OPPENHEIM-EPHRATAH-ST JOHNSVILLE JS HS,,Montgomery,100.0,All Grades
580503030003.0,Public School,JOHN F KENNEDY ELEM SCHOOL,,Suffolk,100.0,All Grades
522001040000.0,School District,STILLWATER CENTRAL SCHOOL,,Saratoga,100.0,All Grades
50100010009.0,Public School,AUBURN JUNIOR HIGH SCHOOL,,Cayuga,100.0,All Grades
332100229099.0,Private School,BET YAAKOV ATERET TORAH,,Kings,99.6,All Grades
280409996434.0,Private School,BUCKLEY COUNTRY DAY SCHOOL,,Nassau,100.0,All Grades
660202030001.0,Public School,CARRIE E TOMPKINS SCHOOL,,Westchester,98.98,All Grades
620803040002.0,Public School,HIGHLAND H S,,Ulster,100.0,All Grades
411800010015.0,Public School,JOHN E. JOY ELEM SCHOOL,,Oneida,99.73,All Grades
560603659824.0,Private School,SHADY LANE SCHOOL C/O DANIEL HERTZLER,,Seneca,4.17,All Grades
142601030028.0,Public School,KENMORE JUNIOR SENIOR HIGH SCHOOL,,Erie,100.0,All Grades
580103030009.0,Public School,MARION G. VEDDER ELEMENTARY SCHOOL,,Suffolk,100.0,All Grades
22302040002.0,Public School,CUBA RUSHFORD ELEMENTARY SCHOOL,,Allegany,100.0,All Grades
280215227128.0,Private School,HAFTR ELEMENTARY SCHOOL,,Nassau,100.0,All Grades
500108030002.0,Public School,GEORGE W MILLER ELEM SCHOOL,,Rockland,99.52,All Grades
660501060002.0,Public School,HARRISON AVENUE ELEM SCHOOL,,Westchester,99.67,All Grades
580413030003.0,Public School,OAKWOOD PRIMARY CENTER,,Suffolk,100.0,All Grades
260901808131.0,Private School,LIMA CHRISTIAN SCHOOL,,Livingston,100.0,All Grades
140600860862.0,Private School,BUFFALO ACADEMY OF SCIENCE CHARTER ELEMENTARY SCHOOL,,Erie,100.0,All Grades
660402020002.0,Public School,MAIN STREET SCHOOL,,Westchester,100.0,All Grades
662200010006.0,Public School,RIDGEWAY SCHOOL,,Westchester,100.0,All Grades
140101060005.0,Public School,ALDEN MIDDLE SCHOOL,,Erie,99.71,All Grades
321000228919.0,Private School,YESHIVA OF TELSHE ALUMNI,,Bronx,100.0,All Grades
580507999853.0,Private School,SAUL & ELAINE SEIFF EDUCARE CENTER-NYSARCINC.,,Suffolk,100.0,All Grades
10500010005.0,Public School,ABRAM LANSING SCHOOL,,Albany,99.68,All Grades
580201060008.0,Public School,MINNESAUKE SCHOOL,,Suffolk,100.0,All Grades
280208860024.0,Charter School,ROOSEVELT CHILDRENS ACADEMY CHARTER SCHOOL,,Nassau,99.85,All Grades
140600010061.0,Public School,PS 61 ARTHUR O EVE SCHOOL OF DISTINCTION EARLY CHILDHOOD CENTER,,Erie,99.25,All Grades
662300145172.0,Private School,ST PETER SCHOOL,,Westchester,100.0,All Grades
42400010016.0,Public School,OLEAN JHS,,Cattaraugus,100.0,All Grades
471701040001.0,Public School,COOPERSTOWN ELEM SCHOOL,,Otsego,100.0,All Grades
470901040001.0,Public School,SCHENEVUS CENTRAL SCHOOL,,Otsego,100.0,All Grades
580905020004.0,Public School,HAMPTON BAYS MIDDLE SCHOOL,,Suffolk,100.0,All Grades
140600010314.0,Public School,PS 48 AT DR KING MULTUCULTURAL INSTITUTE,,Erie,97.65,All Grades
331700229779.0,Private School,BNOS MENACHEM INC,,Kings,100.0,All Grades
61700010007.0,Public School,MILTON J FLETCHER ES,,Chautauqua,99.77,All Grades
590901060005.0,Public School,LIBERTY ELEM SCHOOL,,Sullivan,97.35,All Grades
500402226545.0,Private School,UNITED TALMUDICAL ACADEMY - 106,,Rockland,99.2,All Grades
460901060005.0,Public School,MEXICO MIDDLE SCHOOL,,Oswego,100.0,All Grades
660102060004.0,Public School,POUND RIDGE ELEM SCHOOL,,Westchester,100.0,All Grades
31501060014.0,Public School,ANN G MCGUINNESS INTRMD SCH,,Broome,100.0,All Grades
521800010007.0,Public School,GREENFIELD CENTER SCHOOL,,Saratoga,100.0,All Grades
332000228679.0,Private School,BAIS YAAKOV OF 18TH AVE,,Kings,99.63,All Grades
353100226476.0,Private School,Congregation Bnos Chaya,,Richmond,93.65,All Grades
489000000002.0,BOCES School,PUTNAM NORTHERN WESTCHESTER BOCES - WALDEN SCHOOL,,Putnam,100.0,All Grades
662300010008.0,Public School,PATRICIA DICHIARO,,Westchester,100.0,All Grades
61700010010.0,Public School,JEFFERSON JHS,,Chautauqua,100.0,All Grades
661701999087.0,Private School,DEVEREUX FOUNDATION - RADIO CIR,,Westchester,97.3,All Grades
590801040002.0,Public School,GEORGE ROSS MACKENZIE ES,,Sullivan,84.04,All Grades
610600010015.0,Public School,DEWITT MIDDLE SCHOOL,,Tompkins,100.0,All Grades
490101040000.0,School District,BERLIN CENTRAL SCHOOL,,Rensselaer,100.0,All Grades
332100228724.0,Private School,SHAARE TORAH HS,,Kings,100.0,All Grades
660701030002.0,Public School,CHATSWORTH AVENUE SCHOOL,,Westchester,99.85,All Grades
91101060004.0,Public School,PERU PRIMARY SCHOOL,,Clinton,100.0,All Grades
421001060007.0,Public School,MOTT ROAD ELEM SCHOOL,,Onondaga,99.8,All Grades
660303030004.0,Public School,BRONXVILLE MIDDLE SCHOOL,,Westchester,100.0,All Grades
260501060011.0,Public School,LAKESHORE ELEM SCHOOL,,Monroe,100.0,All Grades
662300010024.0,Public School,PAIDEIA PROGRAM AT SCHOOL 24,,Westchester,100.0,All Grades
661100998325.0,Private School,HUDSON COUNTRY MONTESSORI SCHOOL,,Westchester,100.0,All Grades
280225809777.0,Private School,GRACE CHRISTIAN ACAD,,Nassau,100.0,All Grades
280253070007.0,Public School,JOHN F KENNEDY S H S,,Nassau,100.0,All Grades
580203020005.0,Public School,CLINTON AVENUE SCHOOL,,Suffolk,99.22,All Grades
660407147445.0,Private School,MARIA REGINA H S,,Westchester,100.0,All Grades
500402226369.0,Private School,BNOS VISNITZ - 1 SCHOOL TERRACE,,Rockland,99.94,All Grades
461300010003.0,Public School,LEIGHTON ELEM SCHOOL,,Oswego,100.0,All Grades
500402226129.0,Private School,MESIVTA AHAVAS HATORAH,,Rockland,99.06,All Grades
280222020002.0,Public School,JOHN LEWIS CHILDS SCHOOL,,Nassau,99.51,All Grades
661401030002.0,Public School,CLAREMONT SCHOOL,,Westchester,100.0,All Grades
120401040001.0,Public School,CHARLOTTE VALLEY SCHOOL,,Delaware,99.64,All Grades
640701040004.0,Public School,QUAKER ST ELEM SCHOOL,,Washington,99.24,All Grades
310200998266.0,Private School,LA SCUOLA D'ITALIA GUGLIELMO MARCONI,,New York,84.25,All Grades
70901060003.0,Public School,CENTER STREET SCHOOL,,Chemung,99.63,All Grades
641301060005.0,Public School,HUDSON FALLS PRIMARY BUILDING,,Washington,100.0,All Grades
140600139127.0,Private School,NATIVITYMIGUEL MIDDLE SCHOOL BUFFALO,,Erie,100.0,All Grades
140600861196.0,Private School,BRICK BUFFALO ACADEMY CHARTER SCHOOL,,Erie,100.0,All Grades
212001040005.0,Public School,MOUNT MARKHAM MIDDLE SCHOOL,,Herkimer,100.0,All Grades
310200145454.0,Private School,ST VINCENT FERRER H S,,New York,100.0,All Grades
140301030004.0,Public School,EAST AURORA MS,,Erie,100.0,All Grades
580505020004.0,Public School,BAYPORT-BLUE POINT H S,,Suffolk,99.83,All Grades
210402060001.0,Public School,FRANKFORT SCHUYLER MIDDLE /HIGH SCHOOL,,Herkimer,100.0,All Grades
620600997425.0,Private School,CHILDRENS HOME-KINGSTON INC,,Ulster,100.0,All Grades
40901040002.0,Public School,ELLICOTTVILLE MSHS,,Cattaraugus,100.0,All Grades
280403030000.0,School District,ROSLYN UNION FREE SCHOOL,,Nassau,99.91,All Grades
70600010010.0,Public School,HENDY AVE SCHOOL,,Chemung,99.74,All Grades
580512030006.0,Public School,NORTH ELEMENTARY SCHOOL,,Suffolk,99.44,All Grades
240901040001.0,Public School,MOUNT MORRIS CENTRAL SCHOOL K-12,,Livingston,99.81,All Grades
91200010001.0,Public School,BAILEY AVENUE SCHOOL,,Clinton,100.0,All Grades
471400010007.0,Public School,ONEONTA MIDDLE SCHOOL,,Otsego,100.0,All Grades
591502040003.0,Public School,SULLIVAN WEWST ES @ JEFFERSONVILLE,,Sullivan,99.6,All Grades
660412020003.0,Public School,CLARK ACADEMY,,Westchester,99.36,All Grades
280502060014.0,Public School,SYOSSET S H S,,Nassau,99.92,All Grades
441201060009.0,Public School,MONROE WOODBURY MIDDLE SCHOOL,,Orange,99.81,All Grades
580205060014.0,Public School,MERRIMAC SCHOOL,,Suffolk,99.72,All Grades
630902030002.0,Public School,QUEENSBURY S H S,,Warren,99.69,All Grades
441000010009.0,Public School,MIDDLETOWN S H S,,Orange,99.96,All Grades
10601060006.0,Public School,SHAKER RD ES,,Albany,100.0,All Grades
331300996473.0,Private School,BROOKLYN INDEPENDENT MIDDLE SCHOOL,,Kings,100.0,All Grades
310200996469.0,Private School,DALTON SCHOOL 91ST ST,,New York,100.0,All Grades
310500145347.0,Private School,ST MARK THE EVANGELIST SCHOOL,,New York,87.11,All Grades
280209030003.0,Public School,CAROLINE G ATKINSON SCHOOL,,Nassau,99.77,All Grades
660701030003.0,Public School,MAMARONECK AVENUE SCHOOL,,Westchester,100.0,All Grades
260101060004.0,Public School,BRIGHTON S H S,,Monroe,99.83,All Grades
280214030002.0,Public School,HEWLETT ELEM SCHOOL,,Nassau,100.0,All Grades
280208030005.0,Public School,ROOSEVELT HIGH SCHOOL,,Nassau,100.0,All Grades
280215226474.0,Private School,MESIVTA TORAS MOSHE,,Nassau,100.0,All Grades
70600010015.0,Public School,RIVERSIDE SCHOOL,,Chemung,100.0,All Grades
240801060002.0,Public School,LIVONIA MIDDLE/HIGH SCHOOL,,Livingston,99.76,All Grades
331700227690.0,Private School,OHOLEI TORAH ELEM,,Kings,99.49,All Grades
59000000000.0,BOCES School,CAYUGA-ONONDAGA BOCES,,Cayuga,100.0,All Grades
280204020003.0,Public School,NEWBRIDGE ROAD SCHOOL,,Nassau,99.7,All Grades
500401225586.0,Private School,CONGREGATION BAIS CHANA MALKA,,Rockland,100.0,All Grades
429000001013.0,BOCES School,ONONDAGA-CORTLAND-MADISON BOCES - INNOVATION TECH,,Onondaga,63.33,All Grades
90201040005.0,Public School,AUSABLE VALLEY MIDDLE SCHOOL (no lead reporting),,Clinton,99.79,All Grades
530515997783.0,Private School,WILDWOOD SCHOOL,,Schenectady,98.72,All Grades
509000000000.0,BOCES School,ROCKLAND BOCES,,Rockland,99.26,All Grades
660401996449.0,Private School,HACKLEY SCHOOL,,Westchester,100.0,All Grades
580403030014.0,Public School,FINLEY MIDDLE SCHOOL,,Suffolk,99.83,All Grades
320700449657.0,Private School,BRONX-MANHATTAN SEVENTH DAY ADVENTIST SCHOOL,,Bronx,100.0,All Grades
580224030003.0,Public School,BAY AVENUE SCHOOL,,Suffolk,99.07,All Grades
81501040003.0,Public School,OXFORD ACADEMY PRIMARY SCHOOL,,Chenango,100.0,All Grades
620600996107.0,Private School,MOUNT SCHOOL,,Ulster,100.0,All Grades
69200000001.0,BOCES School,ERIE 2 BOCES CHAUTAUQUA-CATTARAUGUS HEWES CENTER BLDG C,,Chautauqua,100.0,All Grades
580224030009.0,Public School,EAGLE DRIVE ELEM SCHOOL,,Suffolk,100.0,All Grades
130801060006.0,Public School,HAVILAND JHS,,Dutchess,100.0,All Grades
260401857742.0,Private School,NORTHSTAR CHRISTIAN ACADEMY,,Monroe,98.23,All Grades
520101060006.0,Public School,BURNT HILLS S H S,,Saratoga,99.56,All Grades
400400997431.0,Private School,HENRIETTA G. LEWIS CAMPUS SCHOOL,,Niagara,100.0,All Grades
442115020001.0,Public School,S S SEWARD INSTITUTE,,Orange,96.41,All Grades
400701060005.0,Public School,ERRICK ROAD ELEM SCHOOL,,Niagara,14.74,All Grades
131801998687.0,Private School,ASTOR SERVICES FOR CHILDREN & FAMILIES,,Dutchess,100.0,All Grades
580211060016.0,Public School,CENTEREACH H S,,Suffolk,100.0,All Grades
280215030002.0,Public School,LAWRENCE PRIMARY SCHOOL 2,,Nassau,93.79,All Grades
280252070002.0,Public School,ELMONT MEMORIAL J S H S,,Nassau,99.72,All Grades
31101060004.0,Public School,MAINE MEMORIAL SCHOOL,,Broome,99.78,All Grades
411603040004.0,Public School,SAUQUOIT VALLEY MIDDLE SCHOOL,,Oneida,100.0,All Grades
260801060005.0,Public School,IVAN L GREEN SCHOOL,,Monroe,100.0,All Grades
280410030006.0,Public School,MINEOLA H S,,Nassau,100.0,All Grades
421800010031.0,Public School,H W SMITH ELEM SCHOOL,,Onondaga,99.58,All Grades
110101040001.0,Public School,CINCINNATUS SCHOOL UPK-12,,Cortland,100.0,All Grades
280407229998.0,Private School,SILVERSTEIN HEBREW ACADEMY,,Nassau,100.0,All Grades
580402060005.0,Public School,GOOSEHILL PRIMARY CTR,,Suffolk,100.0,All Grades
10306060005.0,Public School,HAMAGRAEL ES,,Albany,100.0,All Grades
512001060004.0,Public School,MADISON ELEM SCHOOL,,St.Lawrence,100.0,All Grades
321000145390.0,Private School,OUR LADY OF REFUGE SCHOOL,,Bronx,95.38,All Grades
140600010093.0,Public School,PS 93 SOUTHSIDE ELEMENTARY SCHOOL,,Erie,99.86,All Grades
580514020001.0,Public School,WOODHULL SCHOOL,,Suffolk,100.0,All Grades
140600010017.0,Public School,PS 17 EARLY CHILDHOOD CENTER,,Erie,100.0,All Grades
530202060002.0,Public School,GLENDAAL SCHOOL,,Schenectady,99.55,All Grades
580909020001.0,Public School,BRIDGEHAMPTON ELEM AND H S,,Suffolk,97.59,All Grades
500402226347.0,Private School,AVIR YAKOV EARLY ELEMENTARY,,Rockland,100.0,All Grades
411501060005.0,Public School,MYLES ELEM SCHOOL,,Oneida,100.0,All Grades
580513030007.0,Public School,ANDREW T MORROW SCHOOL,,Suffolk,99.76,All Grades
61700010006.0,Public School,G A PERSELL MS,,Chautauqua,100.0,All Grades
400601060006.0,Public School,NEWFANE S H S,,Niagara,100.0,All Grades
641301060003.0,Public School,MARGARET MURPHY KINDERGARTEN CENTER,,Washington,100.0,All Grades
141201060001.0,Public School,EDEN JR/SR HIGH SCHOOL,,Erie,100.0,All Grades
512902060003.0,Public School,POTSDAM S H S,,St.Lawrence,100.0,All Grades
161502110001.0,Private School,CEDAR RIDGE,,Franklin,64.71,All Grades
571901040004.0,Public School,ARKPORT J S H S,,Steuben,100.0,All Grades
332200226920.0,Private School,JOSEPH S GRUSS YESHIVAH H S,,Kings,100.0,All Grades
211103040001.0,Public School,POLAND ES/JSHS (AND ES FOR LEAD REPORTING),,Herkimer,100.0,All Grades
280503060002.0,Public School,BAYVILLE PRIMARY SCHOOL,,Nassau,99.38,All Grades
10623060007.0,Public School,LOUDONVILLE SCHOOL,,Albany,100.0,All Grades
131701060006.0,Public School,MILL ROAD - INTERMEDIATE GRADES,,Dutchess,100.0,All Grades
660803020003.0,Public School,LINDEN HILL SCHOOL,,Westchester,100.0,All Grades
140702030006.0,Public School,MARYVALE SHS,,Erie,100.0,All Grades
490202040000.0,School District,BRUNSWICK CENTRAL SCHOOL,,Rensselaer,100.0,All Grades
660401030006.0,Public School,WASHINGTON IRVING ES,,Westchester,100.0,All Grades
650701040002.0,Public School,MARION J S H S,,Wayne,100.0,All Grades
500402229896.0,Private School,BAIS YAAKOV D'RAV HIRSCH,,Rockland,100.0,All Grades
130502020000.0,School District,DOVER UNION FREE SCHOOL DISTRICT,,Dutchess,99.54,All Grades
401501060000.0,School District,WILSON CENTRAL SCHOOL,,Niagara,99.9,All Grades
540801040000.0,School District,GILBOA CONESVILLE CENT SCH,,Schoharie,11.52,All Grades
650101060000.0,School District,NEWARK CENTRAL SCHOOL,,Wayne,73.51,All Grades
511201040001.0,Public School,HAMMOND CENTRAL SCHOOL,,St.Lawrence,100.0,All Grades
20101040000.0,School District,ALFRED ALMOND CENTRAL SCHOOL DISTRICT,,Allegany,99.79,All Grades
142801325775.0,Private School,TRINITY LUTHERAN SCHOOL,,Erie,97.56,All Grades
140600010059.0,Public School,PS 59 DR. CHARLES DREW SCIENCE MAGNET,,Erie,99.66,All Grades
651201060004.0,Public School,SODUS INTERMEDIATE SCHOOL,,Wayne,100.0,All Grades
332100229598.0,Private School,YESHIVAT OR HATORAH,,Kings,100.0,All Grades
342700226701.0,Private School,TORAH AND LANGUAGE ACADEMY,,Queens,87.18,All Grades
522001040003.0,Public School,STILLWATER J S H S,,Saratoga,100.0,All Grades
521800010008.0,Public School,CAROLINE STREET SCHOOL,,Saratoga,100.0,All Grades
332000228904.0,Private School,YESHIVAS NOVOMINSK,,Kings,100.0,All Grades
310200998057.0,Private School,THE CHILD SCHOOL/LEGACY HIGH SCHOOL,,New York,99.62,All Grades
470501040000.0,School District,EDMESTON CENTRAL SCHOOL,,Otsego,100.0,All Grades
571800010000.0,School District,HORNELL CITY SCHOOLS,,Steuben,99.5,All Grades
530600010125.0,Public School,WASHINGTON IRVING EDUCATIONAL CENTER,,Schenectady,100.0,All Grades
51101658562.0,Private School,CONQUEST PAROCHIAL SCHOOL,,Cayuga,100.0,All Grades
131701060000.0,School District,RED HOOK CENTRAL SCHOOL,,Dutchess,100.0,All Grades
261201060000.0,School District,PENFIELD CENTRAL SCHOOL,,Monroe,99.98,All Grades
640601020001.0,Public School,FORT EDWARD SCHOOL,,Washington,99.15,All Grades
490301999028.0,Private School,WOODLAND HILL MONTESSORI SCHOOL,,Rensselaer,100.0,All Grades
520101060000.0,School District,BURNT HILLS BALLSTON LAKE CENT,,Saratoga,100.0,All Grades
580201060005.0,Public School,WARD MELVILLE S H S,,Suffolk,99.93,All Grades
332000227945.0,Private School,TOMER DVORA HIGH SCHOOL FOR GIRLS - SITE 1,,Kings,100.0,All Grades
500402226510.0,Private School,YESHIVA DARKEI EMUNAH BNOS BINAH,,Rockland,98.81,All Grades
160101060000.0,School District,TUPPER LAKE CENTRAL SCHOOL,,Franklin,100.0,All Grades
580106175606.0,Private School,ST MARTIN OF TOURS SCHOOL,,Suffolk,100.0,All Grades
10100010023.0,Public School,ALBANY SCHOOL OF HUMANITIES,,Albany,99.74,All Grades
621001060000.0,School District,MARLBORO CENTRAL SCHOOL,,Ulster,99.35,All Grades
342600126047.0,Private School,ST FRANCIS PREPARATORY SCHOOL,,Queens,99.88,All Grades
671201659765.0,Private School,SILVER LAKE MENNONITE SCHOOL,,Wyoming,35.29,All Grades
400900010000.0,School District,NORTH TONAWANDA CITY SCHOOLS,,Niagara,99.94,All Grades
61501040003.0,Public School,SILVER CREEK ES,,Chautauqua,99.5,All Grades
580104030008.0,Public School,WILLIAM RALL SCHOOL,,Suffolk,99.46,All Grades
310200516754.0,Private School,TREVOR DAY SCHOOL,,New York,100.0,All Grades
520302060005.0,Public School,TESAGO ELEM SCHOOL,,Saratoga,100.0,All Grades
280224020004.0,Public School,WILLIAM L BUCK SCHOOL,,Nassau,99.01,All Grades
310400995720.0,Private School,MANHATTAN FREE SCHOOL,,New York,100.0,All Grades
141101060000.0,School District,SPRINGVILLE-GRIFF INST CENTRAL SCHOOL,,Erie,99.61,All Grades
591502040000.0,School District,SULLIVAN WEST CSD,,Sullivan,100.0,All Grades
271201040000.0,School District,OPPENHEIM-EPHRATAH-ST. JOHNSVILLE CSD,,Montgomery,99.85,All Grades
331700207384.0,Private School,BETH RIVKA HIGH SCHOOL,,Kings,98.96,All Grades
662200010011.0,Public School,WHITE PLAINS S H S,,Westchester,99.49,All Grades
570201040000.0,School District,AVOCA CENTRAL SCHOOL,,Steuben,99.73,All Grades
411902040001.0,Public School,MEMORIAL PARK ELEMENTARY SCHOOL,,Oneida,99.74,All Grades
651402040000.0,School District,WILLIAMSON CENTRAL SCHOOL,,Wayne,100.0,All Grades
342600997796.0,Private School,SUMMIT SCHOOL (THE),,Queens,100.0,All Grades
121701040000.0,School District,STAMFORD CENTRAL SCHOOL DISTRICT,,Delaware,100.0,All Grades
600801040001.0,Public School,SPENCER VAN ETTEN MIDDLE SCHOOL,,Tioga,100.0,All Grades
580413030000.0,School District,SOUTH HUNTINGTON SCHOOL DISTRICT,,Suffolk,99.75,All Grades
280221030000.0,School District,ROCKVILLE CENTRE U F S,,Nassau,99.97,All Grades
131301040004.0,Public School,STISSING MOUNTAIN MIDDLE SCHOOL,,Dutchess,100.0,All Grades
332000228797.0,Private School,YESHIVA TIFERETH BUNIM,,Kings,97.1,All Grades
140201060000.0,School District,AMHERST CENTRAL SCHOOL,,Erie,99.97,All Grades
500401229393.0,Private School,YESHIVAS OHR REUVEN,,Rockland,100.0,All Grades
491501040000.0,School District,SCHODACK CENTRAL SCHOOL,,Rensselaer,99.64,All Grades
661100010000.0,School District,NEW ROCHELLE CITY SCHOOLS,,Westchester,99.93,All Grades
512501040000.0,School District,PARISHVL HOPKINTON CENT SCH,,St.Lawrence,100.0,All Grades
650701040000.0,School District,MARION CENTRAL SCHOOL,,Wayne,100.0,All Grades
670201060000.0,School District,ATTICA CENTRAL SCHOOL,,Wyoming,99.63,All Grades
191401040001.0,Public School,WINDHAM ASHLAND CENTRAL SCHOOL,,Greene,100.0,All Grades
280100996475.0,Private School,TIEGERMAN MIDDLE SCHOOL,,Nassau,100.0,All Grades
580913080001.0,Public School,TUCKAHOE SCHOOL,,Suffolk,98.33,All Grades
580509030000.0,School District,WEST ISLIP UNION FREE SCHOOL,,Suffolk,100.0,All Grades
661201060005.0,Public School,WAMPUS SCHOOL,,Westchester,100.0,All Grades
121401040000.0,School District,MARGARETVILLE CENTRAL SCHOOL DISTRICT,,Delaware,100.0,All Grades
620600010017.0,Public School,ROBERT R GRAVES SCHOOL,,Ulster,99.09,All Grades
280515030000.0,School District,JERICHO UNION FREE SCHOOL,,Nassau,99.69,All Grades
589300000007.0,BOCES School,JAMES E ALLEN ELEMENTARY,,Suffolk,99.57,All Grades
120906040000.0,School District,HANCOCK CENTRAL SCHOOL DISTRICT,,Delaware,100.0,All Grades
580201060000.0,School District,THREE VILLAGE CENTRAL SCHOOL,,Suffolk,99.98,All Grades
310600226845.0,Private School,YESHIVA RABBI S R HIRSCH,,New York,93.06,All Grades
440102060000.0,School District,WASHINGTONVILLE CENTRAL SCHOOL,,Orange,99.97,All Grades
331300996376.0,Private School,WINCHENDON SCHOOL (THE),,Kings,84.0,All Grades
671501040002.0,Public School,WARSAW J S H S,,Wyoming,100.0,All Grades
280204020000.0,School District,NORTH BELLMORE U F S,,Nassau,99.91,All Grades
142801060018.0,Public School,WEST SENECA WEST ELEM,,Erie,100.0,All Grades
500402226512.0,Private School,YESHIVA DERECH HATORAH OF MONSEY - ROUTE 306,,Rockland,100.0,All Grades
580224030002.0,Public School,TREMONT AVENUE SCHOOL,,Suffolk,100.0,All Grades
573002040003.0,Public School,WAYLAND-COHOCTON MIDDLE SCHOOL,,Steuben,99.75,All Grades
180300137106.0,Private School,ST JOSEPH SCHOOL,,Genesee,100.0,All Grades
420411060002.0,Public School,JAMESVILLE ELEM SCHOOL,,Onondaga,100.0,All Grades
441201060005.0,Public School,SMITH CLOVE ES,,Orange,99.79,All Grades
151501060000.0,School District,TICONDEROGA CENTRAL SCHOOL,,Essex,100.0,All Grades
140701060006.0,Public School,CHEEKTOWAGA HIGH SCHOOL,,Erie,99.67,All Grades
442111020001.0,Public School,GREENWOOD LAKE MIDDLE SCHOOL,,Orange,100.0,All Grades
270301040000.0,School District,CANAJOHARIE CENTRAL SCHOOL,,Montgomery,100.0,All Grades
421800010035.0,Public School,GRANT MIDDLE SCHOOL,,Onondaga,99.68,All Grades
660804020000.0,School District,MOUNT PLEASANT-COTTAGE U F S,,Westchester,89.33,All Grades
332200228580.0,Private School,YESHIVA DERECH HATORAH,,Kings,100.0,All Grades
651503040000.0,School District,RED CREEK CENTRAL SCHOOL,,Wayne,100.0,All Grades
310600145266.0,Private School,ST ELIZABETH SCHOOL,,New York,86.49,All Grades
580205060022.0,Public School,SAMOSET MIDDLE SCHOOL,,Suffolk,99.88,All Grades
142801060008.0,Public School,WINCHESTER POTTER ELEMENTARY SCHOOL,,Erie,100.0,All Grades
500401226706.0,Private School,CONG KOLEL CHASIDEI RACHMISTRIVKA - 86 HIGHVIEW,,Rockland,95.71,All Grades
580405808574.0,Private School,UPPER ROOM CHRISTIAN SCHOOL,,Suffolk,100.0,All Grades
660102997771.0,Private School,THE KARAFIN SCHOOL,,Westchester,79.63,All Grades
332000126112.0,Private School,ST PATRICK CATHOLIC ACADEMY,,Kings,100.0,All Grades
660701227842.0,Private School,WESTCHESTER HEBREW HS,,Westchester,100.0,All Grades
420101060003.0,Public School,STONEHEDGE SCHOOL,,Onondaga,99.86,All Grades
510401040000.0,School District,CLIFTON FINE CENTRAL SCHOOL DISTRICT,,St.Lawrence,100.0,All Grades
11003060003.0,Public School,VOORHEESVILLE MIDDLE SCHOOL,,Albany,100.0,All Grades
332100226160.0,Private School,PATHWAY STUDY CENTER INC. (THE),,Kings,100.0,All Grades
331500126058.0,Private School,ST JOSEPH THE WORKER CATHOLIC ACADEMY,,Kings,98.48,All Grades
440601145074.0,Private School,ST JOHNS SCHOOL,,Orange,100.0,All Grades
510201060001.0,Public School,F S BANFORD ELEM SCHOOL,,St.Lawrence,99.14,All Grades
630801040000.0,School District,HADLEY LUZERNE CENTRAL SCHOOL,,Warren,100.0,All Grades
280216020006.0,Public School,GOTHAM AVENUE SCHOOL,,Nassau,100.0,All Grades
141601060001.0,Public School,ARMOR ELEMENTARY SCHOOL,,Erie,100.0,All Grades
260803060004.0,Public School,ROGERS MIDDLE SCHOOL,,Monroe,100.0,All Grades
280214226497.0,Private School,YESHIVA TORAS CHAIM OF SOUTH SHORE,,Nassau,100.0,All Grades
140600136295.0,Private School,ST JOSEPH UNIVERSITY SCHOOL,,Erie,100.0,All Grades
280410219458.0,Private School,SOLOMON SCHECHTER SCHOOL OF LONG ISLAND,,Nassau,100.0,All Grades
131201040003.0,Public School,PAWLING MS,,Dutchess,99.69,All Grades
31501060012.0,Public School,UNION ENDICOTT SHS,,Broome,99.41,All Grades
661201060000.0,School District,BYRAM HILLS CENTRAL SCHOOL,,Westchester,99.86,All Grades
61001040000.0,School District,BEMUS POINT CENTRAL SCHOOL DISTRICT,,Chautauqua,99.81,All Grades
280225020000.0,School District,MERRICK UNION FREE SCHOOL,,Nassau,99.87,All Grades
580306020000.0,School District,MONTAUK UNION FREE SCHOOL,,Suffolk,98.89,All Grades
60201060006.0,Public School,SOUTHWESTERN MS,,Chautauqua,100.0,All Grades
61101040000.0,School District,FALCONER CENTRAL SCHOOL DISTRICT,,Chautauqua,97.78,All Grades
662101060000.0,School District,SOMERS CENTRAL SCHOOL,,Westchester,99.92,All Grades
30701998858.0,Private School,CHILDRENS HOME OF WYOMING CONF,,Broome,100.0,All Grades
280214030006.0,Public School,WOODMERE MIDDLE SCHOOL,,Nassau,100.0,All Grades
121901040000.0,School District,WALTON CENTRAL SCHOOL DISTRICT,,Delaware,100.0,All Grades
280208030003.0,Public School,ULYSSES BYAS SCHOOL,,Nassau,98.33,All Grades
521401040000.0,School District,SOUTH GLENS FALLS CENTRAL SCHOOL,,Saratoga,99.71,All Grades
480102060000.0,School District,CARMEL CENTRAL SCHOOL,,Putnam,100.0,All Grades
180300010000.0,School District,BATAVIA CITY SCHOOLS,,Genesee,100.0,All Grades
662200996242.0,Private School,WINDWARD SCHOOL (THE) - WESTCHESTER MIDDLE SCHOOL,,Westchester,100.0,All Grades
471400010000.0,School District,ONEONTA CITY SCHOOLS,,Otsego,99.94,All Grades
580235809581.0,Private School,VICTORY CHRISTIAN ACAD,,Suffolk,100.0,All Grades
190501040000.0,School District,COXSACKIE- ATHENS C S,,Greene,99.55,All Grades
580501030002.0,Public School,GARDINER MANOR SCHOOL,,Suffolk,99.86,All Grades
660900010007.0,Public School,LONGFELLOW SCHOOL,,Westchester,99.41,All Grades
662200998528.0,Private School,THE GERMAN SCHOOL,,Westchester,100.0,All Grades
461801040000.0,School District,PULASKI CENTRAL SCHOOL,,Oswego,99.89,All Grades
662300010058.0,Public School,YONKERS EARLY CHILDHOOD ACADEMY,,Westchester,98.77,All Grades
331400229318.0,Private School,YESHIVA BNOS SPINKA,,Kings,100.0,All Grades
480102145019.0,Private School,ST JAMES THE APOSTLE,,Putnam,100.0,All Grades
260101060008.0,Public School,TWELVE CORNERS MID-SCHOOL,,Monroe,100.0,All Grades
332200226005.0,Private School,CONGREGATION BNOS YAAKOV,,Kings,100.0,All Grades
662200996541.0,Private School,WINDWARD SCHOOL (THE) - WESTCHESTER LOWER SCHOOL,,Westchester,100.0,All Grades
81200050002.0,Public School,STANFORD J GIBSON PRIMARY SCHOOL,,Chenango,99.7,All Grades
332200226113.0,Private School,YESHIVAT MEKOR HAIM,,Kings,100.0,All Grades
151102040001.0,Public School,LAKE PLACID J S H S,,Essex,100.0,All Grades
280517315810.0,Private School,TRINITY LUTHERAN SCHOOL,,Nassau,100.0,All Grades
142500010010.0,Public School,TONAWANDA MIDDLE SCHOOL,,Erie,100.0,All Grades
332200126034.0,Private School,ST EDMUND ELEM SCHOOL,,Kings,100.0,All Grades
660203060007.0,Public School,BLUE MOUNTAIN MIDDLE SCHOOL,,Westchester,100.0,All Grades
580232030002.0,Public School,WILLIAM FLOYD HS,,Suffolk,99.93,All Grades
50301040002.0,Public School,WEEDSPORT JSHS,,Cayuga,99.72,All Grades
332000229319.0,Private School,TIFERES MIRIAM HS FOR GIRLS,,Kings,100.0,All Grades
521401040007.0,Public School,SOUTH GLENS FALLS SENIOR HS,,Saratoga,99.89,All Grades
401001060004.0,Public School,STARPOINT MIDDLE SCHOOL,,Niagara,100.0,All Grades
280224020000.0,School District,VALLEY STREAM UNION FREE SCHOOL DISTRICT 24,,Nassau,99.71,All Grades
342700126000.0,Private School,ST THOMAS THE APOSTLE CATHOLIC ACADEMY,,Queens,100.0,All Grades
140600010129.0,Public School,PS 79 W J GRABIARZ SCHOOL OF EXCELLENCE,,Erie,100.0,All Grades
60401040003.0,Public School,SINCLAIRVILLE ES,,Chautauqua,99.73,All Grades
280300010000.0,School District,LONG BEACH CITY SCHOOLS,,Nassau,99.94,All Grades
580902020001.0,Public School,WESTHAMPTON BEACH S H S,,Suffolk,99.59,All Grades
630300119303.0,Private School,ST MARYS-ST ALPHONSUS RGNL CATHOLIC,,Warren,100.0,All Grades
591401060000.0,School District,MONTICELLO CENTRAL SCHOOL,,Sullivan,99.05,All Grades
411800010000.0,School District,ROME CITY SCHOOLS,,Oneida,99.84,All Grades
280221030008.0,Public School,WILSON SCHOOL,,Nassau,99.74,All Grades
10601060000.0,School District,SOUTH COLONIE CENTRAL SCHOOL DISTRICT,,Albany,68.01,All Grades
140600860874.0,Charter School,WESTMINSTER COMMUNITY CHARTER SCHOOL,,Erie,100.0,All Grades
561006060000.0,School District,WATERLOO CENTRAL SCHOOL,,Seneca,100.0,All Grades
441800050002.0,Public School,N A HAMILTON BICENTENIAL SCH,,Orange,100.0,All Grades
660401030000.0,School District,TARRYTOWN UFSD,,Westchester,100.0,All Grades
353100145214.0,Private School,ST ANN SCHOOL,,Richmond,100.0,All Grades
621801060006.0,Public School,WALLKILL MIDDLE SCHOOL,,Ulster,99.26,All Grades
220101040000.0,School District,SOUTH JEFFERSON CENTRAL SCHOOL,,Jefferson,99.94,All Grades
400800010042.0,Public School,CATARACT ELEMENTARY SCHOOL,,Niagara,100.0,All Grades
510101040003.0,Public School,ST LAWRENCE J S H S,,St.Lawrence,100.0,All Grades
231301040004.0,Public School,BEAVER RIVER MIDDLE SCHOOL,,Lewis,100.0,All Grades
42400139126.0,Private School,SOUTHERN TIER CATHOLIC SCHOOL,,Cattaraugus,100.0,All Grades
580501030005.0,Public School,SOUTH COUNTRY SCHOOL,,Suffolk,100.0,All Grades
430700010000.0,School District,GENEVA CITY SCHOOLS,,Ontario,99.89,All Grades
280215229558.0,Private School,YESHIVA KETANA OF LONG ISLAND,,Nassau,100.0,All Grades
560501040004.0,Public School,SOUTH SENECA MIDDLE HIGH SCHOOL,,Seneca,100.0,All Grades
530501060000.0,School District,SCHALMONT CENT SCH-ROTTERDAM,,Schenectady,100.0,All Grades
530600010029.0,Public School,WOODLAWN SCHOOL,,Schenectady,100.0,All Grades
353100226610.0,Private School,YESHIVAS SANZ STATEN ISLAND,,Richmond,100.0,All Grades
610501040000.0,School District,GROTON CENTRAL SCHOOL,,Tompkins,100.0,All Grades
651201060000.0,School District,SODUS CENTRAL SCHOOL,,Wayne,99.89,All Grades
60800010003.0,Public School,SCHOOL 3,,Chautauqua,100.0,All Grades
580207020000.0,School District,MOUNT SINAI UNION FREE SCHOOL,,Suffolk,99.75,All Grades
220301060010.0,Public School,INDIAN RIVER INTERMEDIATE SCHOOL,,Jefferson,100.0,All Grades
660203060005.0,Public School,HENDRICK HUDSON H S,,Westchester,99.87,All Grades
580303020000.0,School District,AMAGANSETT UNION FREE SCHOOL,,Suffolk,100.0,All Grades
573002040002.0,Public School,WAYLAND-COHOCTON ELEMENTARY SCHOOL,,Steuben,99.77,All Grades
660403030001.0,Public School,SPRINGHURST PRIMARY SCHOOL,,Westchester,100.0,All Grades
660301030000.0,School District,EASTCHESTER UNION FREE SCHOOL,,Westchester,99.93,All Grades
332000226331.0,Private School,TALMUD TORAH DCHASIDEI GUR,,Kings,100.0,All Grades
431301000001.0,BOCES School,WAYNE-FINGER LAKES BOCES - MIDLAKES MIDDLE SCHOOL AND HIGH SCHOOL,,Ontario,100.0,All Grades
280201030000.0,School District,HEMPSTEAD UNION FREE SCHOOL,,Nassau,99.32,All Grades
401301040000.0,School District,BARKER CENTRAL SCHOOL,,Niagara,99.7,All Grades
132101145062.0,Private School,ST MARY SCHOOL,,Dutchess,100.0,All Grades
280517030005.0,Public School,LEE AVENUE SCHOOL,,Nassau,100.0,All Grades
570603040001.0,Public School,CAMPBELL-SAVONA ELEMENTARY SCHOOL,,Steuben,100.0,All Grades
500101060024.0,Public School,FELIX FESTA ACHIEVEMENT MIDDLE SCHOOL,,Rockland,100.0,All Grades
560701060000.0,School District,SENECA FALLS CENTRAL SCHOOL,,Seneca,99.82,All Grades
400400010000.0,School District,LOCKPORT CITY SCHOOLS,,Niagara,99.75,All Grades
420401189442.0,Private School,BISHOP GRIMES JSHS,,Onondaga,100.0,All Grades
261600010095.0,Public School,SCHOOL 95 EDISON CAREER & TECHNOLOGY HIGH SCHOOL,,Monroe,99.62,All Grades
441301060006.0,Public School,VALLEY CENTRAL MIDDLE SCHOOL,,Orange,100.0,All Grades
140600860838.0,Charter School,TAPESTRY CHARTER SCHOOL,,Erie,99.91,All Grades
131701999086.0,Private School,DEVEREUX FOUNDATION - DEVEREUX WAY,,Dutchess,100.0,All Grades
30200010014.0,Public School,WOODROW WILSON SCHOOL,,Broome,100.0,All Grades
660803020000.0,School District,HAWTHORNE-CEDAR KNOLLS UFSD,,Westchester,100.0,All Grades
661100997871.0,Private School,THE HALLEN SCHOOL,,Westchester,98.55,All Grades
471601040000.0,School District,OTEGO-UNADILLA CENTRAL SCHOOL DISTRICT,,Otsego,99.57,All Grades
580209020000.0,School District,ROCKY POINT UNION FREE SCHOOL,,Suffolk,100.0,All Grades
512201040000.0,School District,NORWOOD NORFOLK CENTRAL SCHOOL,,St.Lawrence,99.88,All Grades
512101040000.0,School District,MORRISTOWN CENTRAL SCHOOL,,St.Lawrence,100.0,All Grades
81003040000.0,School District,UNADILLA VALLEY CENTRAL SCHOOLS,,Chenango,99.86,All Grades
10100115724.0,Private School,ACADEMY OF THE HOLY NAMES,,Albany,100.0,All Grades
280218030004.0,Public School,STRATFORD AVENUE SCHOOL,,Nassau,100.0,All Grades
280202030006.0,Public School,SMITH STREET SCHOOL,,Nassau,99.76,All Grades
190901040000.0,School District,HUNTER TANNERSVL CENT SCH,,Greene,86.89,All Grades
471101040000.0,School District,MILFORD CENTRAL SCHOOL,,Otsego,100.0,All Grades
101601996549.0,Private School,THE DARROW SCHOOL,,Columbia,100.0,All Grades
472506040001.0,Public School,WORCESTER SCHOOL,,Otsego,100.0,All Grades
280300010003.0,Public School,LIDO ELEM SCHOOL,,Nassau,100.0,All Grades
421201040000.0,School District,ONONDAGA CENTRAL SCHOOL,,Onondaga,100.0,All Grades
441202226467.0,Private School,SHERI TORAH INC.- FOREST,,Orange,98.99,All Grades
60201060007.0,Public School,SOUTHWESTERN ES,,Chautauqua,99.29,All Grades
431701060000.0,School District,VICTOR CENTRAL SCHOOL,,Ontario,100.0,All Grades
280521030000.0,School District,BETHPAGE UNION FREE SCHOOL,,Nassau,100.0,All Grades
10500010008.0,Public School,COHOES MS,,Albany,100.0,All Grades
210302040005.0,Public School,WEST CANADA VALLEY ELEM SCHOOL,,Herkimer,100.0,All Grades
280210030000.0,School District,BALDWIN UNION FREE SCHOOL,,Nassau,99.88,All Grades
650501040000.0,School District,LYONS CENTRAL SCHOOL,,Wayne,99.18,All Grades
10100010000.0,School District,ALBANY CITY SCHOOL DISTRICT,,Albany,96.68,All Grades
60800010009.0,Public School,DUNKIRK HIGH SCHOOL,,Chautauqua,99.89,All Grades
421201040002.0,Public School,WHEELER MIDDLE SCHOOL,,Onondaga,100.0,All Grades
280219030004.0,Public School,CENTRE AVENUE ELEM SCHOOL,,Nassau,100.0,All Grades
280221175546.0,Private School,ST AGNES CATHEDRAL ELEM SCHOOL,,Nassau,100.0,All Grades
241701040004.0,Public School,YORK J S H S,,Livingston,100.0,All Grades
580509996137.0,Private School,THE BRIDGES ACADEMY,,Suffolk,100.0,All Grades
472506040000.0,School District,WORCESTER CENTRAL SCHOOL,,Otsego,100.0,All Grades
460901060000.0,School District,MEXICO CENTRAL SCHOOL,,Oswego,99.9,All Grades
331700809374.0,Private School,MOUNT MORIAH CHRISTIAN ACADEMY,,Kings,100.0,All Grades
342500227011.0,Private School,YESHIVA OF CENTRAL QUEENS,,Queens,99.88,All Grades
521200050000.0,School District,MECHANICVILLE CITY SCHOOLS,,Saratoga,99.84,All Grades
412000050000.0,School District,SHERRILL CITY SCHOOLS,,Oneida,65.93,All Grades
500401060009.0,Public School,SUFFERN S H S,,Rockland,99.63,All Grades
280220030000.0,School District,LYNBROOK UNION FREE SCHOOL,,Nassau,92.81,All Grades
142801807861.0,Private School,WEST SENECA CHRISTIAN SCHOOL,,Erie,100.0,All Grades
110200809373.0,Private School,VICTORY CHRISTIAN ACADEMY,,Cortland,100.0,All Grades
600903040003.0,Public School,TIOGA ELEM SCHOOL,,Tioga,100.0,All Grades
580405060014.0,Public School,WEST HOLLOW J H S,,Suffolk,100.0,All Grades
580512030001.0,Public School,SOUTHWEST ELEMENTARY SCHOOL,,Suffolk,99.79,All Grades
521301060006.0,Public School,WOOD ROAD INTERMEDIATE SCHOOL,,Saratoga,100.0,All Grades
250901060000.0,School District,CANASTOTA CENTRAL SCHOOL,,Madison,75.0,All Grades
500402226294.0,Private School,TALMUD TORAH IMREI BINA,,Rockland,100.0,All Grades
332100226459.0,Private School,YESHIVAT DARCHE ERES GIRLS ELEMENTARY SCHOOL,,Kings,98.77,All Grades
431301060003.0,Public School,MIDLAKES ELEMENTARY SCHOOL,,Ontario,100.0,All Grades
140600010045.0,Public School,PS 45 INTERNATIONAL SCHOOL,,Erie,96.32,All Grades
120102040001.0,Public School,ANDES CENTRAL SCHOOL,,Delaware,100.0,All Grades
580405060013.0,Public School,SIGNAL HILL ELEM SCHOOL,,Suffolk,100.0,All Grades
580234020000.0,School District,EAST MORICHES U F SCH,,Suffolk,100.0,All Grades
332100226440.0,Private School,YESHIVAT LEV TORAH HIGH SCHOOL,,Kings,100.0,All Grades
331700528070.0,Private School,ST MARKS DAY SCHOOL,,Kings,100.0,All Grades
61503040000.0,School District,FORESTVILLE CENTRAL SCHOOL DISTRICT,,Chautauqua,100.0,All Grades
241701040003.0,Public School,YORK CENTRAL ELEM SCHOOL,,Livingston,99.64,All Grades
120301040001.0,Public School,DOWNSVILLE CENTRAL SCHOOL,,Delaware,100.0,All Grades
310300515340.0,Private School,HARLEM ACADEMY,,New York,97.16,All Grades
80601040000.0,School District,GREENE CENTRAL SCHOOL DISTRICT,,Chenango,100.0,All Grades
31701060007.0,Public School,WINDSOR SHS,,Broome,100.0,All Grades
30101060004.0,Public School,CHENANGO FORKS HIGH SCHOOL,,Broome,99.84,All Grades
211103040000.0,School District,POLAND CENTRAL SCHOOL,,Herkimer,100.0,All Grades
580602040007.0,Public School,RILEY AVENUE SCHOOL,,Suffolk,99.38,All Grades
660805030003.0,Public School,VIRGINIA ROAD ELEMENTARY SCHOOL,,Westchester,100.0,All Grades
222201060000.0,School District,CARTHAGE CENTRAL SCHOOL,,Jefferson,97.87,All Grades
572702040000.0,School District,JASPER-TROUPSBURG CENT SCHOOL,,Steuben,100.0,All Grades
491700858430.0,Private School,REDEMPTION CHRISTIAN ACADEMY,,Rensselaer,100.0,All Grades
110101040000.0,School District,CINCINNATUS CENTRAL SCHOOL DISTRICT,,Cortland,100.0,All Grades
491700010021.0,Public School,W KENNETH DOYLE MIDDLE SCHOOL,,Rensselaer,99.73,All Grades
630701040000.0,School District,LAKE GEORGE CENTRAL SCHOOL,,Warren,99.65,All Grades
140203060013.0,Public School,WILLIAMSVILLE EAST H S,,Erie,100.0,All Grades
140207060000.0,School District,SWEET HOME CENTRAL SCHOOL,,Erie,99.97,All Grades
31401060002.0,Public School,TIOUGHNIOGA RIVERSIDE ACADEMY,,Broome,99.81,All Grades
660900010026.0,Public School,THORNTON HIGH SCHOOL,,Westchester,50.06,All Grades
70902060000.0,School District,ELMIRA HEIGHTS CENTRAL SCHOOL DISTRICT,,Chemung,99.27,All Grades
310200145447.0,Private School,TRANSFIGURATION SCHOOL,,New York,99.47,All Grades
141401060008.0,Public School,A J SCHMIDT ES,,Erie,100.0,All Grades
280523030000.0,School District,MASSAPEQUA UNION FREE SCHOOL,,Nassau,100.0,All Grades
131601999527.0,Private School,HAWK MEADOW MONTESSORI SCHOOL,,Dutchess,100.0,All Grades
491200010000.0,School District,RENSSELAER CITY SCHOOLS,,Rensselaer,100.0,All Grades
420701060003.0,Public School,WALBERTA PARK PRIMARY SCHOOL,,Onondaga,100.0,All Grades
332200226423.0,Private School,YESHIVA BAIS CHAYA ESTHER,,Kings,100.0,All Grades
491302060000.0,School District,AVERILL PARK CENTRAL SCHOOL,,Rensselaer,100.0,All Grades
580404030000.0,School District,NORTHPORT-EAST NORTHPORT UNION FREE SCHOOL DISTRICT,,Suffolk,100.0,All Grades
332000227460.0,Private School,YESHIVA SHAAREI YOSHER,,Kings,100.0,All Grades
280411030002.0,Public School,RUSHMORE AVENUE SCHOOL,,Nassau,100.0,All Grades
261001060002.0,Public School,WILLIAM C MUNN SCHOOL,,Monroe,99.37,All Grades
500304145050.0,Private School,ST PAUL SCHOOL,,Rockland,100.0,All Grades
321100145413.0,Private School,ST RAYMOND ACADEMY-GIRLS,,Bronx,95.91,All Grades
462001060000.0,School District,PHOENIX CENTRAL SCHOOL,,Oswego,99.81,All Grades
261001060006.0,Public School,TERRY TAYLOR ELEM SCHOOL,,Monroe,99.76,All Grades
240101040000.0,School District,AVON CENTRAL SCHOOL DISTRICT,,Livingston,99.88,All Grades
342800996441.0,Private School,TIEGERMAN WOODSIDE,,Queens,100.0,All Grades
261600860985.0,Charter School,UNIVERSITY PREPARATORY CHARTER SCHOOL FOR YOUNG MEN,,Monroe,100.0,All Grades
91101060000.0,School District,PERU CENTRAL SCHOOL,,Clinton,99.92,All Grades
142801060010.0,Public School,WEST SENECA WEST S H S,,Erie,100.0,All Grades
500402226231.0,Private School,YESHIVA OF SPRING VALLEY - GIRLS DIVISION,,Rockland,99.77,All Grades
511101155007.0,Private School,ST JAMES SCHOOL,,St.Lawrence,100.0,All Grades
280100996414.0,Private School,TIEGERMAN ELEMENTARY,,Nassau,100.0,All Grades
491302060005.0,Public School,WEST SAND LAKE ES,,Rensselaer,100.0,All Grades
141604136402.0,Private School,ST FRANCIS H S,,Erie,100.0,All Grades
500301060008.0,Public School,SOUTH ORANGETOWN J H S,,Rockland,100.0,All Grades
170600010000.0,School District,JOHNSTOWN CITY SCHOOLS,,Fulton,99.86,All Grades
500401060000.0,School District,SUFFERN CENTRAL SCHOOLS,,Rockland,99.87,All Grades
131500858427.0,Private School,TABERNACLE CHRISTIAN ACADEMY,,Dutchess,96.97,All Grades
161601040000.0,School District,BRUSHTON-MOIRA CENTRAL SCHOOL,,Franklin,100.0,All Grades
240201040002.0,Public School,CALEDONIA MUMFORD HIGH SCHOOL,,Livingston,100.0,All Grades
660900010011.0,Public School,TRAPHAGEN SCHOOL,,Westchester,98.23,All Grades
650100000000.0,BOCES School,WAYNE-FINGER LAKES BOCES - NEWARK EDUCATION CENTER,,Wayne,100.0,All Grades
161201040001.0,Public School,ST REGIS MOHAWK SCHOOL,,Franklin,100.0,All Grades
353100315791.0,Private School,ST JOHN'S LUTHERAN SCHOOL,,Richmond,97.56,All Grades
629000000000.0,BOCES School,ULSTER BOCES,,Ulster,100.0,All Grades
332200226966.0,Private School,YESHIVA TORAS EMES KAMENITZ,,Kings,100.0,All Grades
420807040000.0,School District,LA FAYETTE CENTRAL SCHOOL,,Onondaga,99.86,All Grades
332100226075.0,Private School,YESHIVAT DARCHEI ERES,,Kings,97.04,All Grades
581005020000.0,School District,SOUTHOLD UNION FREE SCHOOL,,Suffolk,100.0,All Grades
280252070000.0,School District,SEWANHAKA CENTRAL HIGH SCHOOL,,Nassau,99.87,All Grades
321100145253.0,Private School,ST CLARE SCHOOL,,Bronx,98.77,All Grades
260101996451.0,Private School,THE HARLEY SCHOOL,,Monroe,99.05,All Grades
10306060006.0,Public School,SLINGERLANDS ES,,Albany,100.0,All Grades
310600145378.0,Private School,OUR LADY OF LOURDES SCHOOL - NYC,,New York,98.65,All Grades
140709030002.0,Public School,WOODROW WILSON ES,,Erie,100.0,All Grades
440102060004.0,Public School,WASHINGTONVILLE J H S,,Orange,100.0,All Grades
440301060000.0,School District,CORNWALL CENTRAL SCHOOL DISTRICT,,Orange,100.0,All Grades
580906030000.0,School District,SOUTHAMPTON UNION FREE SCHOOL,,Suffolk,98.93,All Grades
31601060041.0,Public School,VESTAL MIDDLE SCHOOL,,Broome,99.76,All Grades
140600999851.0,Private School,UNIVERSAL SCHOOL OF BUFFALO,,Erie,99.5,All Grades
331800438510.0,Private School,EXCELSIOR SEVENTH DAY ADVENTIST,,Kings,97.5,All Grades
220701040003.0,Public School,THOUSAND ISLANDS H S,,Jefferson,100.0,All Grades
280231020000.0,School District,ISLAND PARK UNION FREE SCHOOL,,Nassau,99.24,All Grades
500101060016.0,Public School,STRAWTOWN ELEM SCHOOL,,Rockland,100.0,All Grades
600101060000.0,School District,WAVERLY CENTRAL SCHOOL,,Tioga,99.87,All Grades
571000010000.0,School District,CORNING PAINTED POST AREA SCHOOL DISTRICT,,Steuben,99.98,All Grades
521301060008.0,Public School,MILTON TERRACE NORTH ELEMENTARY SCHOOL,,Saratoga,100.0,All Grades
441600229607.0,Private School,CONGREGATION MESIFTA OHR HATALMUD A.K.A. MESIVTA OHR NAFTOLI,,Orange,100.0,All Grades
580232030004.0,Public School,WILLIAM FLOYD ELEM SCHOOL,,Suffolk,99.48,All Grades
80201040000.0,School District,BAINBRIDGE GUILFORD CENTRAL SCHOOL DISTRICT,,Chenango,99.87,All Grades
420303060008.0,Public School,SMITH ROAD ELEM SCHOOL,,Onondaga,99.46,All Grades
342800125960.0,Private School,ST NICHOLAS-TOLENTINE SCHOOL,,Queens,100.0,All Grades
261401168384.0,Private School,TRINITY MONTESSORI SCHOOL,,Monroe,100.0,All Grades
650801060001.0,Public School,WAYNE CENTRAL ELEMENTARY SCHOOL,,Wayne,100.0,All Grades
510201060000.0,School District,CANTON CENTRAL SCHOOL,,St.Lawrence,99.49,All Grades
131601060013.0,Public School,TITUSVILLE INTERMEDIATE,,Dutchess,100.0,All Grades
541102060004.0,Public School,WILLIAM H GOLDING MS,,Schoharie,99.71,All Grades
120102040000.0,School District,ANDES CENTRAL SCHOOL DISTRICT,,Delaware,100.0,All Grades
280208030000.0,School District,ROOSEVELT UNION FREE SCHOOL,,Nassau,100.0,All Grades
441201148378.0,Private School,THEVENET MONTESSORI SCHOOL (PREK PROGRAM),,Orange,100.0,All Grades
31502185486.0,Private School,ST JAMES SCHOOL,,Broome,100.0,All Grades
441301060007.0,Public School,BEREA ELEM SCHOOL,,Orange,100.0,All Grades
420411060003.0,Public School,MOSES DEWITT ELEM SCHOOL,,Onondaga,100.0,All Grades
660701030000.0,School District,MAMARONECK UNION FREE SCHOOL,,Westchester,69.05,All Grades
280503060000.0,School District,LOCUST VALLEY CENTRAL SCHOOL,,Nassau,99.77,All Grades
412300010000.0,School District,UTICA CITY SCHOOLS,,Oneida,100.0,All Grades
310300997576.0,Private School,YORK PREPARATORY SCHOOL,,New York,100.0,All Grades
680601060001.0,Public School,PENN YAN ACADEMY,,Yates,100.0,All Grades
500402229103.0,Private School,TALMUD TORAH KHAL ADAS YEREIM,,Rockland,98.77,All Grades
671201060000.0,School District,PERRY CENTRAL SCHOOL,,Wyoming,99.72,All Grades
140301030000.0,School District,EAST AURORA UNION FREE SCHOOL,,Erie,100.0,All Grades
561006060001.0,Public School,WATERLOO HIGH SCHOOL,,Seneca,100.0,All Grades
580104030010.0,Public School,LINDENHURST S H S,,Suffolk,100.0,All Grades
650301040000.0,School District,CLYDE-SAVANNAH CENTRAL SCHOOL,,Wayne,100.0,All Grades
580501030000.0,School District,BAY SHORE UNION FREE SCHOOL,,Suffolk,99.77,All Grades
650801060000.0,School District,WAYNE CENTRAL SCHOOL,,Wayne,100.0,All Grades
490926201205.0,Private School,NURSES MIDDLE COLLEGE CHARTER HIGH SCHOOL CAPITAL REGION,,Rensselaer,100.0,All Grades
10623995677.0,Private School,ST COLMAN'S EMOTIONAL HANDICAPPED DR,,Albany,100.0,All Grades
580506030005.0,Public School,HAUPPAUGE MIDDLE SCHOOL,,Suffolk,100.0,All Grades
260401166221.0,Private School,ST PIUS X SCHOOL,,Monroe,100.0,All Grades
121901040003.0,Public School,WALTON MS,,Delaware,100.0,All Grades
342500125902.0,Private School,ST ANDREW AVELLINO SCHOOL,,Queens,99.49,All Grades
590501227506.0,Private School,ZICHRON MOSHE - 99,,Sullivan,100.0,All Grades
170301020001.0,Public School,WHEELERVILLE SCHOOL,,Fulton,100.0,All Grades
261901166223.0,Private School,ST RITAS SCHOOL,,Monroe,100.0,All Grades
500402226168.0,Private School,YESHIVA KINYAN TORAH,,Rockland,100.0,All Grades
412801040002.0,Public School,WESTMORELAND ELEM SCHOOL,,Oneida,99.76,All Grades
460500010011.0,Public School,VOLNEY ELEM SCHOOL,,Oswego,99.65,All Grades
580211060000.0,School District,MIDDLE COUNTRY CENTRAL SCHOOL DISTRICT,,Suffolk,99.94,All Grades
231101040009.0,Public School,SOUTH LEWIS ELEM,,Lewis,100.0,All Grades
,BOCES School,ULSTER BOCES - CITL @ MT MARION,,Ulster,100.0,All Grades
332200226937.0,Private School,TORAH VODAATH H S,,Kings,100.0,All Grades
140707030000.0,School District,DEPEW UNION FREE SCHOOL,,Erie,100.0,All Grades
420901060005.0,Public School,VAN BUREN ELEMENTARY SCHOOL,,Onondaga,100.0,All Grades
191401040000.0,School District,WINDHAM-ASHLAND CENTRAL SCHOOL,,Greene,100.0,All Grades
580512030013.0,Public School,TWIN PINES ELEMENTARY SCHOOL,,Suffolk,100.0,All Grades
251501040000.0,Public School,STOCKBRIDGE VALLEY CENTRAL SCHOOL,,Madison,100.0,All Grades
160801040001.0,Public School,CHATEAUGAY ELEM-JR H SCHOOL,,Franklin,100.0,All Grades
181101040000.0,School District,OAKFIELD ALABAMA CENTRAL SCHOOL,,Genesee,99.84,All Grades
140203136252.0,Private School,ST MARY'S SCHOOL,,Erie,100.0,All Grades
580211060014.0,Public School,STAGE COACH SCHOOL,,Suffolk,100.0,All Grades
280208030004.0,Public School,WASHINGTON ROSE SCHOOL,,Nassau,100.0,All Grades
310200996541.0,Private School,SPENCE SCHOOL AT 93RD (THE),,New York,100.0,All Grades
353100997022.0,Private School,STATEN ISLAND ACADEMY,,Richmond,99.7,All Grades
500402228423.0,Private School,UNITED TALMUDICAL ACADEMY - GIRLS,,Rockland,97.92,All Grades
310300996043.0,Private School,THE LANG SCHOOL,,New York,100.0,All Grades
310200996749.0,Private School,CHAPIN SCHOOL (THE),,New York,100.0,All Grades
222000010016.0,Public School,WATERTOWN S H S,,Jefferson,99.72,All Grades
310200880425.0,Private School,GILLEN BREWER SCHOOL,,New York,100.0,All Grades
661601030000.0,School District,PELHAM UNION FREE SCHOOL,,Westchester,99.96,All Grades
261600010054.0,Public School,SCHOOL 54 FLOWER CITY SCHOOL (THE),,Monroe,98.96,All Grades
261301060000.0,School District,FAIRPORT CENTRAL SCHOOL,,Monroe,99.88,All Grades
346663611385.0,Private School,Sacred Heart Catholic Academy,,Queens,100.0,All Grades
400301136456.0,Private School,ST PETER SCHOOL,,Niagara,100.0,All Grades
541401040000.0,School District,SHARON SPRINGS CENTRAL SCHOOL,,Schoharie,100.0,All Grades
61501040002.0,Public School,SILVER CREEK MIDDLE SCHOOL,,Chautauqua,100.0,All Grades
280202179356.0,Private School,ST MARTIN DE PORRES MARIANIST SCHOOL,,Nassau,100.0,All Grades
141604060000.0,School District,FRONTIER CENTRAL SCHOOL,,Erie,99.88,All Grades
571000010007.0,Public School,FREDERICK CARDER ELEM SCHOOL,,Steuben,100.0,All Grades
90601020000.0,School District,CHAZY UNION FREE SCHOOL,,Clinton,99.78,All Grades
10100996428.0,Private School,ALBANY ACADEMY - 140,,Albany,100.0,All Grades
332000228254.0,Private School,UNITED TAL ACAD TOR V YIRAH-BORO,,Kings,100.0,All Grades
430501040000.0,School District,EAST BLOOMFIELD CENTRAL SCHOOL DISTRICT,,Ontario,100.0,All Grades
151001040000.0,School District,NEWCOMB CENTRAL SCHOOL,,Essex,97.67,All Grades
400701326654.0,Private School,ST PETERS LUTHERAN SCHOOL,,Niagara,100.0,All Grades
580902020004.0,Public School,WESTHAMPTON J H S,,Suffolk,100.0,All Grades
251400189608.0,Private School,HOLY CROSS ACADEMY,,Madison,73.58,All Grades
590501226115.0,Private School,YESHIVA ZICHRON MAYIR,,Sullivan,100.0,All Grades
460500010000.0,School District,FULTON CITY SCHOOLS,,Oswego,99.83,All Grades
150901040000.0,School District,MORIAH CENTRAL SCHOOL,,Essex,99.49,All Grades
343000445841.0,Private School,GREATER NEW YORK ACADEMY,,Queens,96.4,All Grades
580232030006.0,Public School,MORICHES ELEM SCHOOL,,Suffolk,99.42,All Grades
310300229306.0,Private School,BEIT RABBAN SCHOOL - 86TH ST,,New York,100.0,All Grades
170901040000.0,School District,NORTHVILLE CENTRAL SCHOOL,,Fulton,100.0,All Grades
490501060003.0,Public School,HOOSICK FALLS J S H S,,Rensselaer,100.0,All Grades
280223030004.0,Public School,WANTAGH SCHOOL,,Nassau,100.0,All Grades
580212060006.0,Public School,LONGWOOD MIDDLE SCHOOL,,Suffolk,100.0,All Grades
400601060000.0,School District,NEWFANE CENTRAL SCHOOL,,Niagara,100.0,All Grades
260501060007.0,Public School,WEST RIDGE SCHOOL,,Monroe,100.0,All Grades
621601996642.0,Private School,MIDDLE WAY SCHOOL,,Ulster,100.0,All Grades
660410020003.0,Public School,ZICCOLELLA MIDDLE SCHOOL,,Westchester,100.0,All Grades
660809030003.0,Public School,PLEASANTVILLE H S,,Westchester,99.81,All Grades
140201136411.0,Private School,ST BENEDICTS SCHOOL,,Erie,100.0,All Grades
22601060005.0,Public School,WELLSVILLE ELEMENTARY SCHOOL,,Allegany,99.79,All Grades
520701040000.0,School District,GALWAY CENTRAL SCHOOL,,Saratoga,99.87,All Grades
580101030000.0,School District,BABYLON UNION FREE SCHOOL,,Suffolk,100.0,All Grades
669000000065.0,BOCES School,SOUTHERN WESTCHESTER BOCES - RYE LAKE UPPER CAMPUS - BLDG 2,,Westchester,100.0,All Grades
461300185528.0,Private School,TRINITY CATHOLIC SCHOOL,,Oswego,100.0,All Grades
10802060000.0,School District,GUILDERLAND CENTRAL SCHOOL DISTRICT,,Albany,99.95,All Grades
310300999133.0,Private School,THE PARKSIDE SCHOOL,,New York,100.0,All Grades
280226030000.0,School District,ISLAND TREES UNION FREE SCHOOL,,Nassau,99.91,All Grades
580401020000.0,School District,ELWOOD UNION FREE SCH,,Suffolk,99.94,All Grades
11200010000.0,School District,WATERVLIET CITY SCHOOL DISTRICT,,Albany,99.65,All Grades
580105030000.0,School District,COPIAGUE UNION FREE SCHOOL,,Suffolk,99.32,All Grades
651402040002.0,Public School,WILLIAMSON S H S,,Wayne,100.0,All Grades
420901805035.0,Private School,WORD OF LIFE CHRISTIAN ACADEMY,,Onondaga,100.0,All Grades
580402060003.0,Public School,WEST SIDE SCHOOL,,Nassau,100.0,All Grades
230901040000.0,School District,LOWVILLE CENTRAL SCHOOL,,Lewis,99.67,All Grades
641001040000.0,School District,HARTFORD CENTRAL SCHOOL,,Washington,100.0,All Grades
262001040000.0,School District,WHEATLAND CHILI CENTRAL SCHOOL,,Monroe,100.0,All Grades
440301997129.0,Private School,STORM KING SCHOOL,,Orange,100.0,All Grades
580906030003.0,Public School,SOUTHAMPTON S H S,,Suffolk,98.93,All Grades
353100629737.0,Private School,MIRAJ ISLAMIC SCHOOL,,Richmond,97.45,All Grades
343000125923.0,Private School,ST FRANCIS OF ASSISI SCHOOL,,Queens,99.19,All Grades
580504030003.0,Public School,SUNRISE DRIVE ELEM SCHOOL,,Suffolk,100.0,All Grades
142601030000.0,School District,KENMORE-TONAWANDA UNION FREE SCHOOL DISTRICT,,Erie,99.79,All Grades
280227030000.0,School District,WEST HEMPSTEAD U F S,,Nassau,99.31,All Grades
450704040000.0,School District,HOLLEY CENTRAL SCHOOL,,Orleans,100.0,All Grades
580902020000.0,School District,WESTHAMPTON BEACH U F S,,Suffolk,99.75,All Grades
331400226464.0,Private School,UNITED TALMUDICAL ACADEMY - 128,,Kings,99.47,All Grades
11003060001.0,Public School,VOORHEESVILLE ES,,Albany,100.0,All Grades
500402060019.0,Public School,LIME KILN ELEM SCHOOL,,Rockland,98.48,All Grades
580503030000.0,School District,EAST ISLIP UNION FREE SCHOOL,,Suffolk,99.82,All Grades
580404179346.0,Private School,TRINITY REG SCH - E NORTHPORT,,Suffolk,100.0,All Grades
280504060006.0,Public School,H B MATTLIN MIDDLE SCHOOL,,Nassau,100.0,All Grades
61700010011.0,Public School,ABRAHAM LINCOLN ELEMENTARY SCHOOL,,Chautauqua,100.0,All Grades
662300997779.0,Private School,WESTCHESTER SCHOOL FOR SPEC CHILDREN,,Westchester,100.0,All Grades
50701999254.0,Private School,PEACHTOWN ES,,Cayuga,100.0,All Grades
522101115719.0,Private School,ST MARY'S CATHOLIC SCHOOL,,Saratoga,100.0,All Grades
500304030005.0,Public School,VALLEY COTTAGE ELEMENTARY SCHOOL,,Rockland,100.0,All Grades
580232030014.0,Public School,WILLIAM FLOYD LEARNING CENTER - Immunization Survey Reporting Only,,Suffolk,100.0,All Grades
660801060006.0,Public School,WESTLAKE H S,,Westchester,99.82,All Grades
280502060010.0,Public School,VILLAGE SCHOOL,,Nassau,100.0,All Grades
270100010003.0,Public School,WILLIAM H BARKLEY MICROSOCIETY MAGNET SCHOOL,,Montgomery,100.0,All Grades
280218175551.0,Private School,ST ANNE'S SCHOOL,,Nassau,100.0,All Grades
662402060002.0,Public School,MILDRED E STRANG MIDDLE SCHOOL,,Westchester,100.0,All Grades
151501060003.0,Public School,TICONDEROGA ELEM SCHOOL (and MS for lead reporting),,Essex,100.0,All Grades
500401226726.0,Private School,MOSDOS SANZ KLAUSENBURG OF MONSEY - HIGHVIEW,,Rockland,100.0,All Grades
580105030002.0,Public School,GREAT NECK ROAD ELEM SCHOOL,,Suffolk,99.77,All Grades
660401030002.0,Public School,W L MORSE SCHOOL,,Westchester,99.76,All Grades
42801060000.0,School District,GOWANDA CENTRAL SCHOOL DISTRICT,,Cattaraugus,99.41,All Grades
60601040002.0,Public School,PINE VALLEY ES,,Chautauqua,100.0,All Grades
431401040000.0,School District,HONEOYE CENTRAL SCHOOL,,Ontario,100.0,All Grades
280502996642.0,Private School,THE CENTER FOR DEVELOPMENTAL DISABILITIES,,Nassau,100.0,All Grades
570401040000.0,School District,BRADFORD CENTRAL SCHOOL,,Schuyler,100.0,All Grades
100902040004.0,Public School,GERMANTOWN JUNIOR-SENIOR HIGH SCHOOL,,Columbia,100.0,All Grades
140203229522.0,Private School,JEWISH HERITAGE DAY SCHOOL,,Erie,100.0,All Grades
31301040000.0,School District,DEPOSIT CENTRAL SCHOOL DISTRICT,,Broome,99.78,All Grades
661301040000.0,School District,NORTH SALEM CENTRAL SCHOOL DISTRICT,,Westchester,100.0,All Grades
491700010000.0,School District,TROY CITY SCHOOLS,,Rensselaer,99.74,All Grades
331400226332.0,Private School,UNITED TALMUDICAL ACADEMY - 75,,Kings,93.56,All Grades
280506177485.0,Private School,ST DOMINIC ELEM SCHOOL,,Nassau,100.0,All Grades
321000145344.0,Private School,ST MARGARET OF CORTONA SCHOOL,,Bronx,86.74,All Grades
580905020000.0,School District,HAMPTON BAYS UNION FREE SCHOOL,,Suffolk,99.95,All Grades
261901999886.0,Private School,WEBSTER MONTESSORI SCHOOL,,Monroe,100.0,All Grades
265447234589.0,Private School,UTA of Kiryas Joel - Kahan,,Orange,100.0,All Grades
500301145260.0,Private School,ST DOMINIC SCHOOL,,Rockland,100.0,All Grades
140801060000.0,School District,CLARENCE CENTRAL SCHOOL,,Erie,98.36,All Grades
31501060013.0,Public School,THOMAS J WATSON SR ES,,Broome,100.0,All Grades
342500997003.0,Private School,WHITESTONE ACADEMY,,Queens,100.0,All Grades
442302201359.0,Private School,ST. THERESE CLASSICAL ACADEMY AND CHESTERTON ACADEMY,,Orange,100.0,All Grades
270701040000.0,School District,FORT PLAIN CENTRAL SCHOOL,,Montgomery,99.68,All Grades
421800010060.0,Public School,SYRACUSE STEM AT BLODGETT,,Onondaga,100.0,All Grades
580513030000.0,School District,CENTRAL ISLIP U F S,,Suffolk,100.0,All Grades
142101040002.0,Public School,AKRON HIGH SCHOOL,,Erie,100.0,All Grades
280206030005.0,Public School,SEAFORD MIDDLE SCHOOL,,Nassau,100.0,All Grades
331400996498.0,Private School,MS LAM MONTESSORI - N5,,Kings,100.0,All Grades
412801040000.0,School District,WESTMORELAND CENTRAL SCHOOL,,Oneida,99.87,All Grades
570101040000.0,School District,ADDISON CENTRAL SCHOOL,,Steuben,99.01,All Grades
580801808242.0,Private School,SMITHTOWN CHRISTIAN SCHOOL,,Suffolk,100.0,All Grades
400301060003.0,Public School,INTERMEDIATE EDUCATION CENTER,,Niagara,100.0,All Grades
280203030010.0,Public School,W TRESPER CLARKE H S,,Nassau,100.0,All Grades
140201060006.0,Public School,WINDERMERE BLVD SCHOOL,,Erie,100.0,All Grades
130801996542.0,Private School,ANDERSON CENTER FOR AUTISM,,Dutchess,100.0,All Grades
580232030012.0,Public School,WILLIAM PACA MIDDLE SCHOOL,,Suffolk,99.72,All Grades
280216020007.0,Public School,STEWART MANOR ELEM SCHOOL,,Nassau,100.0,All Grades
599000000000.0,BOCES School,SULLIVAN BOCES,,Sullivan,100.0,All Grades
22001040001.0,Public School,FILLMORE HIGH SCHOOL,,Allegany,99.81,All Grades
620901060000.0,School District,RONDOUT VALLEY CENTRAL SCHOOL,,Ulster,99.94,All Grades
139000000001.0,BOCES School,DUTCHESS BOCES SALT POINT EDUCATIONAL CENTER,,Dutchess,100.0,All Grades
500402229549.0,Private School,YESHIVA GEDOLAH OF SOUTH MONSEY,,Rockland,100.0,All Grades
140703020000.0,School District,CLEVELAND HILL UNION FREE SCHOOL,,Erie,99.93,All Grades
660404030001.0,Public School,HILLSIDE ELEMENTARY SCHOOL,,Westchester,100.0,All Grades
521401040002.0,Public School,SOUTH GLENS FALLS J H S,,Saratoga,99.84,All Grades
212101040000.0,School District,CENTRAL VALLEY SCHOOL DISTRICT,,Herkimer,99.95,All Grades
62601658579.0,Private School,VALLEY VIEW SCHOOL,,Chautauqua,59.38,All Grades
561006060003.0,Public School,WATERLOO MIDDLE SCHOOL,,Seneca,100.0,All Grades
660802040000.0,School District,POCANTICO HILLS CENTRAL SCHOOL,,Westchester,99.66,All Grades
140702030000.0,School District,CHEEKTOWAGA-MARYVALE UNION FREE SCHOOL,,Erie,100.0,All Grades
332000226665.0,Private School,BNOS PEREL,,New York,100.0,All Grades
660302030001.0,Public School,WILLIAM E COTTLE SCHOOL,,Westchester,100.0,All Grades
20601040000.0,School District,ANDOVER CENTRAL SCHOOL DISTRICT,,Allegany,100.0,All Grades
580102030008.0,Public School,WEST BABYLON SENIOR HIGH SCHOOL,,Suffolk,100.0,All Grades
140207136286.0,Private School,ST CHRISTOPHERS SCHOOL,,Erie,100.0,All Grades
40901040000.0,School District,ELLICOTTVILLE CENTRAL SCHOOL DISTRICT,,Cattaraugus,100.0,All Grades
521800010000.0,School District,SARATOGA SPRINGS CITY SCHOOLS,,Saratoga,99.95,All Grades
650801060003.0,Public School,WAYNE SENIOR HIGH SCHOOL,,Wayne,100.0,All Grades
661904030000.0,School District,PORT CHESTER-RYE U F S,,Westchester,100.0,All Grades
660501060000.0,School District,HARRISON CENTRAL SCHOOL,,Westchester,99.92,All Grades
200601040000.0,School District,LAKE PLEASANT CENTRAL SCHOOL,,Hamilton,100.0,All Grades
221301040000.0,School District,LYME CENTRAL SCHOOL,,Jefferson,100.0,All Grades
22302040000.0,School District,CUBA-RUSHFORD CENTRAL SCHOOL DISTRICT,,Allegany,97.38,All Grades
280214030000.0,School District,HEWLETT WOODMERE PUBLIC SCHOOLS,,Nassau,100.0,All Grades
280221030001.0,Public School,SOUTH SIDE S H S,,Nassau,100.0,All Grades
530301115682.0,Private School,ST KATERI PARISH SCHOOL,,Schenectady,100.0,All Grades
500301060006.0,Public School,WILLIAM O SCHAEFER ELEMENTARY SCHOOL,,Rockland,100.0,All Grades
342400125995.0,Private School,ST STANISLAUS KOSTKA SCHOOL,,Queens,97.19,All Grades
441202226269.0,Private School,UTA OF KIRYAS JOEL - MB,,Orange,100.0,All Grades
500402227455.0,Private School,YESHIVA BETH DAVID,,Rockland,96.99,All Grades
421800010058.0,Public School,THE EXPEDITIONARY LEARNING SCHOOL,,Onondaga,100.0,All Grades
400400010011.0,Public School,LOCKPORT S H S,,Niagara,99.92,All Grades
11200010002.0,Public School,WATERVLIET ES,,Albany,99.65,All Grades
421601060005.0,Public School,SKANEATELES MIDDLE SCHOOL,,Onondaga,100.0,All Grades
640101040000.0,School District,ARGYLE CENTRAL SCHOOL,,Washington,99.78,All Grades
541001040000.0,School District,MIDDLEBURGH CENTRAL SCHOOL,,Schoharie,100.0,All Grades
440401060000.0,School District,PINE BUSH CENTRAL SCHOOL,,Orange,99.84,All Grades
43200050008.0,Public School,WARRIOR ACADEMY,,Cattaraugus,100.0,All Grades
410601979474.0,"Schools, OCFS - 100",TABERG RESIDENTIAL CENTER,,Oneida,100.0,All Grades
660102996431.0,Private School,THE RIPPOWAM CISQUA SCHOOL - UPPER CAMPUS,,Westchester,100.0,All Grades
280502060001.0,Public School,WALT WHITMAN SCHOOL,,Nassau,100.0,All Grades
630300010000.0,School District,GLENS FALLS CITY SCHOOLS,,Warren,99.95,All Grades
170301020000.0,School District,WHEELERVILLE UNION FREE SCHOOL,,Fulton,100.0,All Grades
140301030005.0,Public School,EAST AURORA SHS,,Erie,100.0,All Grades
331400226354.0,Private School,UTA 125,,Kings,96.63,All Grades
421001060001.0,Public School,FAYETTEVILLE ELEM SCHOOL,,Onondaga,99.57,All Grades
411603040000.0,School District,SAUQUOIT VALLEY CENTRAL,,Oneida,100.0,All Grades
161201040005.0,Public School,SALMON RIVER MIDDLE SCHOOL,,Franklin,100.0,All Grades
660409990027.0,Private School,ELMWOOD DAY SCHOOL,,Westchester,100.0,All Grades
146390214150.0,Private School,THE ARC ERIE COUNTY ? GREEN ACHERS PRESCHOOL,,Erie,100.0,All Grades
500402227589.0,Private School,YESHIVA AHAVATH ISRAEL-BNOS VISNITZ (BOYS),,Rockland,99.55,All Grades
580406060009.0,Public School,THOMAS J LAHEY ELEM SCHOOL,,Suffolk,100.0,All Grades
331700997636.0,Private School,THE LEAGUE SCHOOL AND DAY TREATMENT CENTER,,Kings,100.0,All Grades
140600010119.0,Public School,PS 95 WATERFRONT ELEMENTARY SCHOOL,,Erie,98.15,All Grades
101300010000.0,School District,HUDSON CITY SCHOOLS,,Columbia,98.91,All Grades
412300010009.0,Public School,HUGH R JONES SCHOOL,,Oneida,99.74,All Grades
662300145113.0,Private School,ST EUGENE'S,,Westchester,99.38,All Grades
91200010006.0,Public School,PLATTSBURGH SHS,,Clinton,100.0,All Grades
132101060007.0,Public School,VASSAR ROAD ES,,Dutchess,100.0,All Grades
460102040000.0,School District,ALTMAR-PARISH-WILLIAMSTOWN CSD,,Oswego,100.0,All Grades
280401030006.0,Public School,WESTBURY MIDDLE SCHOOL,,Nassau,99.79,All Grades
331400225735.0,Private School,YESHIVA BNOS SPINKA BOYS SCHOOL,,Kings,100.0,All Grades
491700010019.0,Public School,TROY H S,,Rensselaer,99.57,All Grades
280221030002.0,Public School,SOUTH SIDE MIDDLE SCHOOL,,Nassau,100.0,All Grades
530600010024.0,Public School,MOUNT PLEASANT MIDDLE SCHOOL,,Schenectady,89.7,All Grades
140201136433.0,Private School,CHRIST THE KING SCHOOL,,Erie,100.0,All Grades
332200226125.0,Private School,YESHIVA OHR YISRAEL,,Kings,100.0,All Grades
310300996831.0,Private School,STEPHEN GAYNOR SCHOOL,,New York,100.0,All Grades
420101060009.0,Public School,WEST GENESEE S H S,,Onondaga,100.0,All Grades
441202226255.0,Private School,UTA OF KIRYAS JOEL - BAIS RACHEL,,Orange,100.0,All Grades
571901040003.0,Public School,ARKPORT ELEM SCHOOL,,Steuben,100.0,All Grades
280218175589.0,Private School,ST JOSEPH SCHOOL,,Nassau,100.0,All Grades
580404996484.0,Private School,THE SCHOOL HOUSE,,Suffolk,100.0,All Grades
320800145452.0,Private School,VILLA MARIA ACADEMY-ELEM,,Bronx,99.38,All Grades
101001040000.0,School District,CHATHAM CENTRAL SCHOOL DISTRICT,,Columbia,98.96,All Grades
280209030000.0,School District,FREEPORT UNION FREE SCHOOL,,Nassau,100.0,All Grades
530202060005.0,Public School,SACANDAGA SCHOOL,,Schenectady,100.0,All Grades
660409145159.0,Private School,OUR LADY OF MT CARMEL SCHOOL,,Westchester,99.19,All Grades
660403030002.0,Public School,DOBBS FERRY H S,,Westchester,100.0,All Grades
161501060016.0,Public School,ST JOSEPH S ELEM SCHOOL,,Franklin,100.0,All Grades
431301000000.0,BOCES School,WAYNE-FINGER LAKES BOCES - MIDLAKES EDUCATION CENTER,,Ontario,100.0,All Grades
130200010002.0,Public School,SOUTH AVE SCHOOL,,Dutchess,99.57,All Grades
120501040000.0,School District,DELHI CENTRAL SCHOOL DISTRICT,,Delaware,100.0,All Grades
110901040000.0,School District,MARATHON CENTRAL SCHOOL DISTRICT,,Cortland,100.0,All Grades
220301060000.0,School District,INDIAN RIVER CENTRAL SCHOOL,,Jefferson,99.97,All Grades
230301040000.0,School District,HARRISVILLE CENTRAL SCHOOL,,Lewis,100.0,All Grades
660407229899.0,Private School,THE LEFFELL SCHOOL - UPPER SCHOOL,,Westchester,99.8,All Grades
332000226935.0,Private School,TOMER DVORA SCHOOL FOR GIRLS - SITE 2,,Kings,100.0,All Grades
342400125898.0,Private School,ST ADALBERT SCHOOL,,Queens,100.0,All Grades
589300000029.0,BOCES School,WESTERN SUFFOLK BOCES MANOR PLAINS SCHOOL,,Suffolk,100.0,All Grades
660407060009.0,Public School,HIGHVIEW SCHOOL,,Westchester,100.0,All Grades
441600010012.0,Public School,VAILS GATE HIGH TECH MAGNET SCHOOL,,Orange,100.0,All Grades
353100145397.0,Private School,ST PATRICK SCHOOL,,Richmond,99.32,All Grades
261901060000.0,School District,WEBSTER CENTRAL SCHOOL,,Monroe,99.5,All Grades
320800145231.0,Private School,ST BENEDICT SCHOOL,,Bronx,100.0,All Grades
280220030004.0,Public School,WEST END SCHOOL,,Nassau,99.74,All Grades
331400229052.0,Private School,TALMUD TORAH TOLDOS HILLEL-KRASNA,,Kings,98.16,All Grades
81200050000.0,School District,NORWICH CITY SCHOOL DISTRICT,,Chenango,99.74,All Grades
600801040002.0,Public School,SPENCER VAN ETTEN HIGH SCHOOL,,Tioga,100.0,All Grades
610600010003.0,Public School,CAYUGA HEIGHTS SCHOOL,,Tompkins,100.0,All Grades
421800010052.0,Public School,DR EDWIN E WEEKS SCHOOL,,Onondaga,99.24,All Grades
90301060006.0,Public School,BEEKMANTOWN H S,,Clinton,100.0,All Grades
140600010311.0,Public School,PS 363 LEWIS J BENNETT SCHOOL OF INNOVATIVE TECHNOLOGY,,Erie,100.0,All Grades
490601060000.0,School District,LANSINGBURGH CENT SCH AT TROY,,Rensselaer,100.0,All Grades
580104030009.0,Public School,WEST GATES AVENUE SCHOOL,,Suffolk,99.01,All Grades
342600718097.0,Private School,WILLIAM SPYROPOULOS SCHOOL,,Queens,100.0,All Grades
580102030005.0,Public School,SOUTH BAY SCHOOL,,Suffolk,100.0,All Grades
280211030009.0,Public School,WALTER S BOARDMAN J H S,,Nassau,100.0,All Grades
43200050000.0,School District,SALAMANCA CITY SCHOOLS,,Cattaraugus,99.13,All Grades
511301040000.0,School District,HERMON DEKALB CENTRAL SCHOOL,,St.Lawrence,99.73,All Grades
261701977655.0,"Schools, OCFS - 100",INDUSTRY LIMITED SECURE,,Monroe,100.0,All Grades
412300010014.0,Public School,THOMAS JEFFERSON SCHOOL,,Oneida,95.38,All Grades
131801040002.0,Public School,CHANCELLOR LIVINGSTON ES,,Dutchess,99.75,All Grades
580801060008.0,Public School,SMITHTOWN ELEM SCHOOL,,Suffolk,100.0,All Grades
151801040000.0,School District,BOQUET VALLEY CSD,,Essex,99.72,All Grades
460801060000.0,School District,CENTRAL SQUARE CENTRAL SCHOOL,,Oswego,100.0,All Grades
280409175548.0,Private School,ST AIDAN SCHOOL -WEST CAMPUS,,Nassau,100.0,All Grades
101401040000.0,School District,KINDERHOOK/ICHABOD CENTRAL SCHOOL DISTRICT,,Columbia,100.0,All Grades
580105030004.0,Public School,SUSAN E WILEY SCHOOL,,Suffolk,100.0,All Grades
310200145299.0,Private School,ST IGNATIUS LOYOLA SCHOOL,,New York,100.0,All Grades
630601040000.0,School District,JOHNSBURG CENTRAL SCHOOL,,Warren,100.0,All Grades
500402226477.0,Private School,YESHIVA OF SPRING VALLEY - BOYS DIVISION,,Rockland,99.35,All Grades
541102060005.0,Public School,JOSEPH B RADEZ ES,,Schoharie,100.0,All Grades
120301040000.0,School District,DOWNSVILLE CENTRAL SCHOOL DISTRICT,,Delaware,100.0,All Grades
500308030000.0,School District,PEARL RIVER UNION FREE SCHOOL,,Rockland,100.0,All Grades
441301060000.0,School District,VALLEY CENTRAL SCHOOL DISTRICT,,Orange,84.28,All Grades
570302859584.0,Private School,VICTORY BAPTIST ACADEMY,,Steuben,100.0,All Grades
142101040000.0,School District,AKRON CENTRAL SCHOOL,,Erie,100.0,All Grades
100501997955.0,Private School,HAWTHORNE VALLEY SCHOOL,,Columbia,99.63,All Grades
630902030000.0,School District,QUEENSBURY UNION FREE SCHOOL,,Warren,99.86,All Grades
420101060000.0,School District,WEST GENESEE CSD AT CAMILLUS,,Onondaga,99.93,All Grades
161501159249.0,Private School,SUNNYSIDE SCHOOL,,Franklin,80.95,All Grades
50401040000.0,School District,CATO MERIDIAN CENTRAL SCHOOL DISTRICT,,Cayuga,100.0,All Grades
331500229665.0,Private School,YESHIVA KEHILATH YAKOV (FORT HAMILTON),,Kings,100.0,All Grades
100501040006.0,Public School,TACONIC HILLS ELEMENTARY SCHOOL,,Columbia,98.18,All Grades
421001060000.0,School District,FAYVILL-MANLIUS CENT SCH,,Onondaga,99.85,All Grades
660302030003.0,Public School,TUCKAHOE MIDDLE SCHOOL,,Westchester,100.0,All Grades
411504020000.0,School District,NEW YORK MILLS U F S,,Oneida,100.0,All Grades
140101060007.0,Public School,ALDEN INTERMEDIATE SCHOOL,,Erie,100.0,All Grades
60201060000.0,School District,SOUTH WESTERN CENTRAL-JAMESTOWN DISTRICT,,Chautauqua,99.67,All Grades
142301060001.0,Public School,WINDOM ELEM SCHOOL,,Erie,100.0,All Grades
10201040000.0,School District,BERNE KNOX WESTERLO CENTRAL SCHOOL DISTRICT,,Albany,100.0,All Grades
411800010014.0,Public School,STOKES SCHOOL,,Oneida,100.0,All Grades
431701060004.0,Public School,VICTOR S H S,,Ontario,100.0,All Grades
321100145339.0,Private School,ST LUCY SCHOOL,,Bronx,100.0,All Grades
280205030010.0,Public School,WISDOM LANE MIDDLE SCHOOL,,Nassau,99.87,All Grades
490202040002.0,Public School,TAMARAC S H S,,Rensselaer,100.0,All Grades
221001040000.0,School District,SACKETS HARBOR CENTRAL SCHOOL - District,,Jefferson,99.51,All Grades
480401040000.0,School District,HALDANE CENTRAL SCHOOL DISTRICT,,Putnam,99.21,All Grades
661100010008.0,Public School,TRINITY ELEM SCHOOL,,Westchester,100.0,All Grades
261901060007.0,Public School,SPRY MIDDLE SCHOOL,,Monroe,100.0,All Grades
471101997806.0,Private School,SPRINGBROOK,,Otsego,100.0,All Grades
151701040000.0,School District,WILLSBORO CENTRAL SCHOOL,,Essex,98.66,All Grades
450607040003.0,Public School,KENDALL ELEM SCHOOL,,Orleans,100.0,All Grades
662300010023.0,Public School,SCHOOL 23,,Westchester,99.37,All Grades
310200996323.0,Private School,HORACE MANN SCHOOL NURSERY-KINDERGARTEN,,New York,100.0,All Grades
260803060011.0,Public School,SOUTHLAWN SCHOOL,,Monroe,100.0,All Grades
421800860845.0,Charter School,SOUTHSIDE ACADEMY CHARTER SCHOOL,,Onondaga,100.0,All Grades
440601040005.0,Public School,GOSHEN INTERMEDIATE SCHOOL,,Orange,100.0,All Grades
220701040004.0,Public School,THOUSAND ISLANDS MIDDLE SCHOOL,,Jefferson,100.0,All Grades
90901040000.0,School District,NORTHERN ADIRONDACK CENTRAL SCHOOL,,Clinton,99.87,All Grades
50301040000.0,School District,WEEDSPORT CENTRAL SCHOOL DISTRICT,,Cayuga,99.85,All Grades
310200997908.0,Private School,VILLAGE COMMUNITY SCHOOL,,New York,100.0,All Grades
231101040000.0,School District,SOUTH LEWIS CENTRAL SCHOOL,,Lewis,100.0,All Grades
580232030005.0,Public School,TANGIER SMITH SCHOOL,,Suffolk,99.49,All Grades
660302030002.0,Public School,TUCKAHOE HIGH SCHOOL,,Westchester,100.0,All Grades
321100145229.0,Private School,ST BARNABAS ELEM SCHOOL,,Bronx,91.55,All Grades
580512030000.0,School District,BRENTWOOD UNION FREE SCHOOL,,Suffolk,99.99,All Grades
50100010004.0,Public School,GENESEE STREET ELEMENTARY SCHOOL,,Cayuga,100.0,All Grades
620803040000.0,School District,HIGHLAND CENTRAL SCHOOL,,Ulster,100.0,All Grades
490601060008.0,Public School,TURNPIKE ELEM SCHOOL,,Rensselaer,100.0,All Grades
131601060014.0,Public School,VAIL FARM ELEMENTARY SCHOOL,,Dutchess,100.0,All Grades
430300050000.0,School District,CANANDAIGUA CITY SCHOOLS,,Ontario,99.77,All Grades
620600995752.0,Private School,ZENA DEMOCRATIC SCHOOL,,Ulster,100.0,All Grades
332200225005.0,Private School,NESIVOS BAIS YAAKOV - FOSTER,,Kings,100.0,All Grades
250201060000.0,School District,CAZENOVIA CENTRAL SCHOOL,,Madison,100.0,All Grades
140709030001.0,Public School,THEODORE ROOSEVELT SCHOOL,,Erie,99.63,All Grades
140709030000.0,School District,CHEEKTOWAGA-SLOAN UNION FREE SCHOOL,,Erie,100.0,All Grades
70600010000.0,School District,ELMIRA CITY SCHOOL DISTRICT,,Chemung,96.38,All Grades
332000126020.0,Private School,ST BERNADETTE SCHOOL,,Kings,99.67,All Grades
141601060004.0,Public School,UNION PLEASANT AVENUE ES,,Erie,99.85,All Grades
412801040003.0,Public School,WESTMORELAND MS / HS,,Oneida,100.0,All Grades
280205995630.0,Private School,THE ELIJA SCHOOL,,Nassau,100.0,All Grades
332000226101.0,Private School,YESHIVA AND MESIVTA WIZNITZ OF USA,,Kings,100.0,All Grades
660101030000.0,School District,KATONAH LEWISBORO U F S,,Westchester,99.96,All Grades
60800010000.0,School District,DUNKIRK CITY SCHOOL DISTRICT,,Chautauqua,99.95,All Grades
441600145069.0,Private School,BISHOP DUNN MEMORIAL SCHOOL,,Orange,100.0,All Grades
580601040003.0,Public School,WADING RIVER SCHOOL,,Suffolk,99.77,All Grades
332000229159.0,Private School,TALMUD TORAH D RABINA YOEL,,Kings,99.62,All Grades
161801040000.0,Public School,ST REGIS FALLS CENTRAL SCHOOL,,Franklin,100.0,All Grades
40302060000.0,School District,ALLEGANY-LIMESTONE CSD,,Cattaraugus,99.9,All Grades
580405060011.0,Public School,VANDERBILT ELEM SCHOOL,,Suffolk,99.86,All Grades
260101625038.0,Private School,WESTFALL ACADEMY ISLAMIC CTR,,Monroe,100.0,All Grades
580212060000.0,School District,LONGWOOD CENTRAL SCHOOL DISTRICT,,Suffolk,99.84,All Grades
310200996834.0,Private School,TOWN SCHOOL (THE),,New York,100.0,All Grades
610600010000.0,School District,ITHACA CITY SCHOOLS,,Tompkins,99.67,All Grades
280506175570.0,Private School,ST DOMINIC H S,,Nassau,100.0,All Grades
500308145046.0,Private School,ST MARGARET OF ANTIOCH SCHOOL,,Rockland,100.0,All Grades
560701060005.0,Public School,SENECA FALLS MIDDLE SCHOOL,,Seneca,100.0,All Grades
400701325766.0,Private School,ST JOHN LUTHERAN SCHOOL,,Niagara,99.24,All Grades
500108145040.0,Private School,ST ANTHONY SCHOOL,,Rockland,100.0,All Grades
280202030010.0,Public School,UNIONDALE H S,,Nassau,98.95,All Grades
90301060000.0,School District,BEEKMANTOWN CENTRAL SCHOOL,,Clinton,99.93,All Grades
610301060000.0,School District,DRYDEN CENTRAL SCHOOL,,Tompkins,100.0,All Grades
421800010048.0,Public School,LINCOLN MIDDLE SCHOOL,,Onondaga,99.57,All Grades
332200229475.0,Private School,YESHIVAS VYELIPOL,,Kings,100.0,All Grades
39000000101.0,BOCES School,BROOME-DELAWARE-TIOGA BOCES EAST LEARNING CENTER,,Broome,100.0,All Grades
31401060005.0,Public School,CARYL E ADAMS PRIMARY SCHOOL,,Broome,99.73,All Grades
421800860854.0,Charter School,SYRACUSE ACADEMY OF SCIENCE CHARTER,,Onondaga,99.9,All Grades
50301040003.0,Public School,WEEDSPORT ES,,Cayuga,100.0,All Grades
62901040002.0,Public School,WESTFIELD HS,,Chautauqua,100.0,All Grades
151102040000.0,School District,LAKE PLACID CENTRAL SCHOOL,,Essex,99.63,All Grades
661800997127.0,Private School,RYE COUNTRY DAY SCHOOL,,Westchester,100.0,All Grades
280212030000.0,School District,MALVERNE UNION FREE SCHOOL,,Nassau,100.0,All Grades
121702040001.0,Public School,SOUTH KORTRIGHT CENTRAL SCHOOL,,Delaware,100.0,All Grades
660203060000.0,School District,HENDRICK HUDSON CENTRAL SCHOOL,,Westchester,99.91,All Grades
310200145309.0,Private School,ST JEAN BAPTISTE H S,,New York,98.37,All Grades
580805060000.0,School District,KINGS PARK CENTRAL SCHOOL,,Suffolk,99.76,All Grades
150801040000.0,School District,MINERVA CENTRAL SCHOOL,,Essex,100.0,All Grades
222201060001.0,Public School,CARTHAGE CENTRAL HIGH SCHOOL,,Jefferson,99.89,All Grades
241001060000.0,School District,DANSVILLE CENTRAL SCHOOL,,Livingston,99.91,All Grades
142601030020.0,Public School,THOMAS A EDISON ELEM SCHOOL,,Erie,100.0,All Grades
431201040000.0,School District,NAPLES CENTRAL SCHOOL,,Ontario,99.64,All Grades
660302030000.0,School District,TUCKAHOE UNION FREE SCHOOL,,Westchester,100.0,All Grades
332200226244.0,Private School,YESHIVAT LEV TORAH - SITE 2,,Kings,100.0,All Grades
580509030012.0,Public School,WEST ISLIP SHS,,Suffolk,99.83,All Grades
500401060002.0,Public School,R P CONNORS,,Rockland,99.26,All Grades
401001060001.0,Public School,STARPOINT HIGH SCHOOL,,Niagara,100.0,All Grades
662200010000.0,School District,WHITE PLAINS CITY SCHOOLS,,Westchester,99.5,All Grades
530301060000.0,School District,NISKAYUNA CENTRAL SCHOOL,,Schenectady,84.29,All Grades
280522030000.0,School District,FARMINGDALE UNION FREE SCHOOL,,Nassau,100.0,All Grades
560501040003.0,Public School,SOUTH SENECA ELEM SCHOOL,,Seneca,100.0,All Grades
412300010012.0,Public School,WATSON WILLIAMS ES,,Oneida,100.0,All Grades
441600010000.0,School District,NEWBURGH ENLARGED CITY SCHOOL DISTRICT,,Orange,99.58,All Grades
662401060000.0,School District,LAKELAND CENTRAL SCHOOL DISTRICT,,Westchester,100.0,All Grades
280205030013.0,Public School,JONAS E SALK J H S,,Nassau,99.89,All Grades
500101060010.0,Public School,WEST NYACK SCHOOL,,Rockland,100.0,All Grades
280203030008.0,Public School,CLARKE MS,,Nassau,100.0,All Grades
142301060000.0,School District,ORCHARD PARK CENTRAL SCHOOL,,Erie,99.93,All Grades
572901040000.0,School District,HAMMONDSPORT CENTRAL SCHOOL,,Steuben,99.74,All Grades
270100115723.0,Private School,ST MARYS INSTITUTE ELEM SCHOOL,,Montgomery,100.0,All Grades
261901060015.0,Public School,WEBSTER THOMAS HIGH SCHOOL,,Monroe,96.91,All Grades
10500010006.0,Public School,VAN SCHAICK ISLAND SCHOOL,,Albany,100.0,All Grades
280502175571.0,Private School,ST EDWARD CONFESSOR SCHOOL,,Nassau,100.0,All Grades
280227030004.0,Public School,CORNWELL AVENUE SCHOOL,,Nassau,99.7,All Grades
342800626153.0,Private School,RISING STARS ISLAMIC SCHOOL,,Queens,100.0,All Grades
222000010000.0,School District,WATERTOWN CITY SCHOOLS,,Jefferson,96.79,All Grades
280201030016.0,Public School,PROSPECT ELEMENTARY SCHOOL,,Nassau,99.47,All Grades
441201060000.0,School District,MONROE WOODBURY CENTRAL SCHOOL,,Orange,57.81,All Grades
267920714120.0,Private School,SOLID ROCK CHRISTIAN ACADEMY,,New York,100.0,All Grades
220202040000.0,School District,ALEXANDRIA CENTRAL ELEM. & HIGH SCHO,,Jefferson,99.55,All Grades
110304040000.0,School District,MCGRAW CENTRAL SCHOOL DISTRICT,,Cortland,100.0,All Grades
661004060005.0,Public School,WESTORCHARD SCHOOL,,Westchester,100.0,All Grades
332000229673.0,Private School,VIZNITZER CHAIDER TIFERES YISROEL,,Kings,97.92,All Grades
210402060000.0,School District,FRANKFORT SCHUYLER CENTRAL SCHOOL,,Herkimer,99.88,All Grades
261901060009.0,Public School,WEBSTER SCHROEDER HIGH SCHOOL,,Monroe,100.0,All Grades
421001060006.0,Public School,WELLWOOD MIDDLE SCHOOL,,Onondaga,100.0,All Grades
353100145332.0,Private School,ST JOSEPH HILL ACADEMY-ELEM,,Richmond,100.0,All Grades
280523526653.0,Private School,VARIETY CHILD LEARNING CENTER - LEVITTOWN,,Nassau,100.0,All Grades
220301060004.0,Public School,THERESA PRIMARY SCHOOL,,Jefferson,100.0,All Grades
331500226334.0,Private School,UNITED TALMUDICAL ACADEMY - 1275,,Kings,100.0,All Grades
441000010006.0,Public School,WILLIAM A CARTER SCHOOL,,Orange,100.0,All Grades
353100145331.0,Private School,ST JOSEPH HILL ACADEMY H S,,Richmond,100.0,All Grades
261313030000.0,School District,EAST ROCHESTER U F S,,Monroe,99.77,All Grades
353100145269.0,Private School,MONSIGNOR FARRELL HIGH SCHOOL,,Richmond,100.0,All Grades
321200145315.0,Private School,ST JOHN CHRYSOSTOM SCHOOL,,Bronx,100.0,All Grades
343000125936.0,Private School,ST JOAN OF ARC SCHOOL,,Queens,100.0,All Grades
412902060000.0,School District,WHITESBORO CENTRAL SCHOOL,,Oneida,77.43,All Grades
260401060008.0,Public School,WALT DISNEY SCHOOL,,Monroe,100.0,All Grades
261101060001.0,Public School,VILLAGE ELEMENTARY SCHOOL,,Monroe,100.0,All Grades
42302040000.0,School District,CATTARAUGUS-LITTLE VALLEY CSD,,Cattaraugus,100.0,All Grades
51101658563.0,Private School,CAYUGA MENNONITE SCHOOL - TYRE ROAD,,Cayuga,97.06,All Grades
170600010007.0,Public School,KNOX MIDDLE SCHOOL,,Fulton,99.71,All Grades
500201060000.0,School District,HAVERSTRAW-STONEY POINT CSD,,Rockland,98.38,All Grades
280506060003.0,Public School,THEODORE ROOSEVELT SCHOOL,,Nassau,100.0,All Grades
51901040005.0,Public School,UNION SPRINGS MIDDLE SCHOOL AND HIGH SCHOOL,,Cayuga,100.0,All Grades
160101928203.0,Private School,SUNMOUNT DEVELOPMENTAL CENTER,,Franklin,100.0,All Grades
231101040007.0,Public School,SOUTH LEWIS H S,,Lewis,100.0,All Grades
140207060007.0,Public School,WILLOW RIDGE ES,,Erie,100.0,All Grades
342500125955.0,Private School,ST. MICHAEL'S CATHOLIC ACADEMY,,Queens,100.0,All Grades
261701060000.0,School District,RUSH HENRIETTA CENTRAL SCHOOL,,Monroe,99.96,All Grades
662300010029.0,Public School,WESTCHESTER HILLS SCHOOL 29,,Westchester,100.0,All Grades
280517030001.0,Public School,BURNS AVENUE SCHOOL,,Nassau,100.0,All Grades
621601060000.0,School District,SAUGERTIES CENTRAL SCHOOL,,Ulster,100.0,All Grades
280202030009.0,Public School,TURTLE HOOK MIDDLE SCHOOL,,Nassau,99.84,All Grades
580203020001.0,Public School,TERRYVILLE ROAD SCHOOL,,Suffolk,99.79,All Grades
342800227222.0,Private School,YESHIVA TIFERETH MOSHE,,Queens,99.78,All Grades
70600010016.0,Public School,THOMAS K BEECHER SCHOOL,,Chemung,100.0,All Grades
30200010016.0,Public School,WEST MIDDLE SCHOOL,,Broome,100.0,All Grades
580203996106.0,Private School,SUNSHINE ALTERNATIVE EDUCATION CENTER,,Suffolk,100.0,All Grades
331500999568.0,Private School,BROOKLYN HEIGHTS MONTESSORI SCHOOL,,Kings,100.0,All Grades
441600010016.0,Public School,SOUTH MIDDLE SCHOOL,,Orange,99.49,All Grades
280523030007.0,Public School,UNQUA ELEM SCHOOL,,Nassau,100.0,All Grades
142601996358.0,Private School,STANLEY G FALK SCHOOL,,Erie,99.83,All Grades
10802060004.0,Public School,WESTMERE ES,,Albany,100.0,All Grades
310100996176.0,Private School,NORD ANGLIA INTERNATIONAL SCHOOL,,New York,100.0,All Grades
31501060009.0,Public School,JENNIE F SNAPP MS,,Broome,99.36,All Grades
20101040001.0,Public School,ALFRED-ALMOND ELEMENTARY SCHOOL (see JR SR HS for lead reporting),,Allegany,99.58,All Grades
580301020000.0,School District,EAST HAMPTON UNION FREE SCHOOL,,Suffolk,99.76,All Grades
589300000000.0,BOCES School,WESTERN SUFFOLK BOCES JAMES E ALLEN ALTERNATIVE SCHOOL,,Suffolk,100.0,All Grades
440102060003.0,Public School,WASHINGTONVILLE S H S,,Orange,99.77,All Grades
661100010016.0,Public School,NEW ROCHELLE S H S,,Westchester,99.89,All Grades
320700145216.0,Private School,ST ANSELM SCHOOL,,Bronx,100.0,All Grades
573002040000.0,School District,WAYLAND-COHOCTON CENTRAL SCHOOL DIST,,Steuben,99.83,All Grades
280522030006.0,Public School,WOODWARD PARKWAY SCHOOL,,Nassau,100.0,All Grades
222201060006.0,Public School,WEST CARTHAGE ELEM SCHOOL,,Jefferson,99.72,All Grades
570302060000.0,School District,BATH CENTRAL SCHOOL,,Steuben,99.77,All Grades
160101060003.0,Public School,L P QUINN ELEM SCHOOL,,Franklin,100.0,All Grades
590801040000.0,School District,ELDRED CENTRAL SCHOOL,,Sullivan,91.85,All Grades
621001060006.0,Public School,MARLBORO ELEMENTARY SCHOOL,,Ulster,98.6,All Grades
640601020000.0,School District,FORT EDWARD UNION FREE SCHOOL,,Washington,99.15,All Grades
421800010043.0,Public School,WEBSTER SCHOOL,,Onondaga,99.16,All Grades
410401060002.0,Public School,WEST LEYDEN ELEM SCHOOL,,Oneida,100.0,All Grades
332200229577.0,Private School,NEFESH ACADEMY,,Kings,100.0,All Grades
280224809613.0,Private School,VALLEY STREAM CHRISTIAN ACADEMY,,Nassau,100.0,All Grades
171102040000.0,School District,BROADALBIN-PERTH CENTRAL SCHOOLS,,Fulton,99.8,All Grades
660809030000.0,School District,PLEASANTVILLE U F S,,Westchester,99.94,All Grades
580103030006.0,Public School,WOODS RD ELEMENTARY SCHOOL,,Suffolk,100.0,All Grades
261901060006.0,Public School,STATE ROAD ELEM SCHOOL,,Monroe,100.0,All Grades
142301060005.0,Public School,SOUTH DAVIS ELEM SCHOOL,,Erie,99.71,All Grades
80601040003.0,Public School,GREENE HS,,Chenango,100.0,All Grades
660407060000.0,School District,GREENBURGH CENTRAL SCHOOL,,Westchester,100.0,All Grades
580801175633.0,Private School,SS PHILIP & JAMES SCHOOL,,Suffolk,100.0,All Grades
280210030011.0,Public School,STEELE ELEMENTARY SCHOOL,,Nassau,99.65,All Grades
580203020004.0,Public School,JOHN F KENNEDY J H S,,Suffolk,97.8,All Grades
660101030005.0,Public School,JOHN JAY MIDDLE SCHOOL,,Westchester,100.0,All Grades
280406175609.0,Private School,ST MARYS ELEM SCHOOL,,Nassau,100.0,All Grades
412300999381.0,Private School,UPSTATE CEREBRAL PALSY - CHADWICKS VOCATIONAL,,Oneida,100.0,All Grades
512001060000.0,School District,MASSENA CENTRAL SCHOOL,,St.Lawrence,99.96,All Grades
42801060006.0,Public School,GOWANDA SHS,,Cattaraugus,99.41,All Grades
660801060000.0,School District,MT PLEASANT CENTRAL SCHOOL,,Westchester,99.9,All Grades
650901060000.0,School District,PALMYRA-MACEDON CENTRAL SCHOOL,,Wayne,99.94,All Grades
61700010000.0,School District,JAMESTOWN CITY SCHOOL DISTRICT,,Chautauqua,99.82,All Grades
280406030000.0,School District,MANHASSET UNION FREE SCHOOL,,Nassau,99.87,All Grades
570101040001.0,Public School,TUSCARORA ELEM SCHOOL,,Steuben,97.92,All Grades
262001040003.0,Public School,WHEATLAND CHILI H S,,Monroe,100.0,All Grades
342600226695.0,Private School,YESHIVA HAR TORAH PREK-2,,Kings,98.97,All Grades
280229020000.0,School District,NORTH MERRICK U F S,,Nassau,100.0,All Grades
421800860855.0,Private School,SYRACUSE ACADEMY OF SCIENCE - ELEMENTARY SCHOOL,,Onondaga,99.74,All Grades
500402228999.0,Private School,YESHIVA HIGH SCHOOL OF MONSEY,,Rockland,100.0,All Grades
662401060009.0,Public School,BENJAMIN FRANKLIN ELEM SCHOOL,,Westchester,100.0,All Grades
580502020006.0,Public School,WING ELEMENTARY SCHOOL,,Suffolk,97.61,All Grades
460701040002.0,Public School,HANNIBAL HIGH SCHOOL,,Oswego,100.0,All Grades
280406179302.0,Private School,ST MARYS HS,,Nassau,100.0,All Grades
580406060007.0,Public School,HARBORFIELDS S H S,,Suffolk,100.0,All Grades
332000126142.0,Private School,XAVERIAN H S,,Kings,99.94,All Grades
520302060002.0,Public School,SKANO ELEM SCHOOL,,Saratoga,100.0,All Grades
310200999964.0,Private School,AARON SCHOOL,,New York,100.0,All Grades
580302080001.0,Public School,WAINSCOTT COMMON SCHOOL,,Suffolk,100.0,All Grades
441201319543.0,Private School,ST PAUL CHRISTIAN EDUCATION CENTER,,Orange,100.0,All Grades
580905020002.0,Public School,HAMPTON BAYS ELEM SCHOOL,,Suffolk,99.84,All Grades
82001040000.0,School District,SHERBURNE EARLVILLE CENTRAL SCHOOL DISTRICT,,Chenango,100.0,All Grades
580603020000.0,School District,LITTLE FLOWER U F S,,Suffolk,98.1,All Grades
650301040004.0,Public School,CS MIDDLE SCHOOL,,Wayne,100.0,All Grades
61700010012.0,Public School,WASHINGTON JHS,,Chautauqua,100.0,All Grades
310200998518.0,Private School,WINSTON PREPARATORY SCHOOL,,New York,99.53,All Grades
410601996273.0,Private School,WILDWOOD MONTESSORI SCHOOL,,Oneida,100.0,All Grades
580206020000.0,School District,PORT JEFFERSON UNION FREE SCHOOL,,Suffolk,99.41,All Grades
500402226460.0,Private School,YESHIVA KETANA TORAS CHAIM,,Rockland,96.71,All Grades
141701040000.0,School District,HOLLAND CENTRAL SCHOOL,,Erie,100.0,All Grades
320800145271.0,Private School,ST FRANCES DE CHANTAL SCHOOL,,Bronx,99.59,All Grades
600601060000.0,School District,OWEGO APALACHIN CENTRAL SCHOOL,,Tioga,99.78,All Grades
260803166171.0,Private School,ST KATERI SCHOOL,,Monroe,100.0,All Grades
310300226461.0,Private School,GAN ALIYA,,New York,92.31,All Grades
62401040000.0,School District,RIPLEY CENTRAL SCHOOL DISTRICT,,Chautauqua,100.0,All Grades
310300515858.0,Private School,SS HILDA & HUGH SCHOOL,,New York,100.0,All Grades
600101060005.0,Public School,WAVERLY MIDDLE SCHOOL,,Tioga,99.87,All Grades
280411030000.0,School District,CARLE PLACE UNION FREE SCHOOL,,Nassau,100.0,All Grades
339590030392.0,Private School,YESODOT HATORAH,,Kings,100.0,All Grades
620600010000.0,School District,KINGSTON CITY SCHOOLS,,Ulster,99.95,All Grades
441101040000.0,School District,MINISINK VALLEY CENTRAL SCHOOL,,Orange,85.21,All Grades
411501060000.0,School District,NEW HARTFORD CENTRAL SCHOOL,,Oneida,92.07,All Grades
470202040000.0,School District,GILBERTVILLE-MT UPTON CSD,,Otsego,100.0,All Grades
142500010003.0,Public School,TONAWANDA ELEMENTARY SCHOOL,,Erie,100.0,All Grades
660407229898.0,Private School,THE LEFFELL SCHOOL - LOWER SCHOOL,,Westchester,99.73,All Grades
420701060001.0,Public School,WESTHILL S H S,,Onondaga,100.0,All Grades
661500010000.0,School District,PEEKSKILL CITY SCHOOLS,,Westchester,99.11,All Grades
421601060000.0,School District,SKANEATELES CENTRAL SCHOOL,,Onondaga,100.0,All Grades
320800145225.0,Private School,ST ATHANASIUS SCHOOL,,Bronx,95.45,All Grades
70902060004.0,Public School,COHEN MIDDLE SCHOOL,,Chemung,100.0,All Grades
132101060000.0,School District,WAPPINGERS CENTRAL SCHOOL,,Dutchess,99.8,All Grades
580232030000.0,School District,WILLIAM FLOYD U F SCHOOL,,Suffolk,99.73,All Grades
261701060005.0,Public School,DAVID B CRANE ELEM SCHOOL,,Monroe,100.0,All Grades
401501060002.0,Public School,WILSON ELEMENTARY SCHOOL,,Niagara,99.9,All Grades
280502060012.0,Public School,SOUTH WOODS J H S,,Nassau,100.0,All Grades
431701060001.0,Public School,VICTOR INTERMEDIATE SCHOOL,,Ontario,100.0,All Grades
622002060000.0,School District,ELLENVILLE CENTRAL SCHOOL,,Ulster,99.71,All Grades
460701040000.0,School District,HANNIBAL CENTRAL SCHOOL,,Oswego,99.83,All Grades
280230020000.0,School District,VALLEY STREAM UNION FREE SCHOOL DISTRICT 30,,Nassau,99.93,All Grades
310200997686.0,Private School,THE BEEKMAN SCHOOL,,New York,100.0,All Grades
150203040000.0,School District,CROWN POINT CENTRAL SCHOOL,,Essex,98.59,All Grades
261401060000.0,School District,PITTSFORD CENTRAL SCHOOL,,Monroe,99.95,All Grades
571800010007.0,Public School,NORTH HORNELL SCHOOL,,Steuben,100.0,All Grades
580913998965.0,Private School,SOUTHAMPTON MONTESSORI,,Suffolk,100.0,All Grades
530202060000.0,School District,SCOTIA GLENVILLE CENT SCH,,Schenectady,100.0,All Grades
440601040000.0,School District,GOSHEN CENTRAL SCHOOL,,Orange,100.0,All Grades
342500125942.0,Private School,ST LUKES SCHOOL,,Queens,100.0,All Grades
580107030000.0,School District,DEER PARK UNION FREE SCHOOL,,Suffolk,99.91,All Grades
500402060014.0,Public School,SPRING VALLEY S H S,,Rockland,99.18,All Grades
261901807039.0,Private School,ROCHESTER CHRISTIAN SCHOOL,,Monroe,100.0,All Grades
661100010009.0,Public School,WILLIAM B WARD ELEM SCHOOL,,Westchester,100.0,All Grades
261101060000.0,School District,HILTON CENTRAL SCHOOL,,Monroe,100.0,All Grades
62201060000.0,School District,FREDONIA CENTRAL SCHOOL DISTRICT,,Chautauqua,99.93,All Grades
580913080000.0,School District,TUCKAHOE COM SCH-SOUTHAMPTON,,Suffolk,98.33,All Grades
500402060002.0,Public School,GRANDVIEW ELEM SCHOOL,,Rockland,98.84,All Grades
280506060000.0,School District,OYSTER BAY-EAST NORWICH CENTRAL SCHOOL,,Nassau,100.0,All Grades
662401060007.0,Public School,LAKELAND SR HIGH SCHOOL,,Westchester,100.0,All Grades
270601040000.0,School District,FONDA FULTONVILLE CENTRAL SCHOOL,,Montgomery,100.0,All Grades
331500126125.0,Private School,ST SAVIOUR H S,,Kings,100.0,All Grades
580506030000.0,School District,HAUPPAUGE UNION FREE SCHOOLS,,Suffolk,100.0,All Grades
400800010020.0,Public School,HYDE PARK SCHOOL,,Niagara,100.0,All Grades
581005020003.0,Public School,SOUTHOLD JR - SR HS,,Suffolk,100.0,All Grades
261600010113.0,Public School,THURGOOD MARSHALL MIDDLE SCHOOL,,Monroe,97.67,All Grades
331400226362.0,Private School,UTA 590,,Kings,93.48,All Grades
420411060000.0,School District,JAMESVILLE-DEWITT CENTRAL SCHOOL,,Onondaga,99.75,All Grades
441202226261.0,Private School,UTA OF KIRYAS JOEL - PARADISE,,Orange,100.0,All Grades
310500145250.0,Private School,ST CHARLES BORROMEO SCHOOL,,New York,96.44,All Grades
261501060000.0,School District,CHURCHVILLE CHILI CENTRAL SCHOOL,,Monroe,99.97,All Grades
332200126077.0,Private School,ST MARK SCHOOL,,Kings,98.86,All Grades
331400226363.0,Private School,YESHIVA BNOS AHAVAS ISRAEL,,Kings,99.69,All Grades
342500125940.0,Private School,ST KEVIN SCHOOL,,Queens,98.03,All Grades
500201060011.0,Public School,THIELLS ELEM SCHOOL,,Rockland,100.0,All Grades
629000000014.0,BOCES School,ULSTER BOCES - CITL @ PORT EWEN,,Ulster,100.0,All Grades
500402226272.0,Private School,TALMUD TORAH DARKEI AVOS - MONSEY,,Rockland,96.94,All Grades
280217020000.0,School District,FRANKLIN SQ U F S,,Nassau,99.94,All Grades
142301060007.0,Public School,ELLICOTT ROAD ELEM SCHOOL,,Erie,100.0,All Grades
500108030000.0,School District,NANUET UNION FREE SCHOOL,,Rockland,92.88,All Grades
140701060004.0,Public School,UNION EAST ES,,Erie,98.53,All Grades
420901185501.0,Private School,ST MARY'S ACADEMY,,Onondaga,100.0,All Grades
31601060026.0,Public School,TIOGA HILLS ES,,Broome,100.0,All Grades
342900996046.0,Private School,THE NURTURING CENTER,,Queens,100.0,All Grades
573002040001.0,Public School,WAYLAND-COHOCTON HIGH SCHOOL,,Steuben,100.0,All Grades
353100145249.0,Private School,ST CHARLES SCHOOL,,Richmond,100.0,All Grades
280227227943.0,Private School,HEBREW ACADEMY OF NASSAU COUNTY-WEST HEMPSTEAD ES & ECC,,Nassau,99.36,All Grades
211003040000.0,School District,DOLGEVILLE CSD,,Herkimer,99.87,All Grades
131500010016.0,Public School,EARLY LEARNING CENTER AT SMITH SCHOOL,,Dutchess,99.55,All Grades
332100226510.0,Private School,YESHIVA OF BELLE HARBOR/YESHIVAT BITAHON,,Kings,100.0,All Grades
580504806692.0,Private School,WEST SAYVILLE CHRISTIAN SCHOOL,,Suffolk,100.0,All Grades
580403030010.0,Public School,JACK ABRAMS STEM MAGNET SCHOOL,,Suffolk,100.0,All Grades
580106030000.0,School District,AMITYVILLE UNION FREE SCHOOL,,Suffolk,99.42,All Grades
571000010012.0,Public School,WM E SEVERN ELEM SCHOOL,,Steuben,100.0,All Grades
332100226947.0,Private School,YESHIVA OF BROOKLYN - 1470,,Kings,99.56,All Grades
500304030000.0,School District,NYACK UNION FREE SCHOOL,,Rockland,99.89,All Grades
142801060000.0,School District,WEST SENECA CENTRAL SCHOOL,,Erie,99.97,All Grades
620901999364.0,Private School,ARC ULSTER COUNTY-BROOKSIDE SCHOOL,,Ulster,100.0,All Grades
511101060000.0,School District,GOUVERNEUR CENTRAL SCHOOL,,St.Lawrence,99.93,All Grades
441202226257.0,Private School,UTA OF KIRYAS JOEL - MARKOWITZ BOYS,,Orange,100.0,All Grades
591301040000.0,School District,ROSCOE CENTRAL SCHOOL,,Sullivan,99.47,All Grades
342700127164.0,Private School,ST HELEN CATHOLIC ACADEMY,,Queens,100.0,All Grades
650101060005.0,Public School,NEWARK MIDDLE SCHOOL,,Wayne,100.0,All Grades
310200515859.0,Private School,ST LUKES SCHOOL,,New York,100.0,All Grades
161501060000.0,School District,MALONE CENTRAL SCHOOL,,Franklin,100.0,All Grades
331400207091.0,Private School,YESHIVA JESODA HATORAH,,Kings,100.0,All Grades
280202030003.0,Public School,CALIFORNIA AVENUE SCHOOL,,Nassau,99.85,All Grades
490804998235.0,Private School,VANDERHEYDEN,,Rensselaer,100.0,All Grades
651402040001.0,Public School,WILLIAMSON MIDDLE SCHOOL,,Wayne,100.0,All Grades
530600010030.0,Public School,KEANE ELEMENTARY SCHOOL,,Schenectady,18.63,All Grades
442115020000.0,School District,FLORIDA UNION FREE SCHOOL,,Orange,97.66,All Grades
342700125924.0,Private School,ST FRANCIS DE SALES SCHOOL,,Queens,99.26,All Grades
510101040002.0,Public School,ST LAWRENCE ELEM SCHOOL,,St.Lawrence,100.0,All Grades
412300010023.0,Public School,JOHN F. KENNEDY MIDDLE SCHOOL,,Oneida,99.0,All Grades
331400226465.0,Private School,UNITED TALMUDICAL ACADEMY - 25,,Kings,98.69,All Grades
462001060004.0,Public School,EMERSON J DILLON MIDDLE SCHOOL,,Oswego,99.8,All Grades
662402228667.0,Private School,YESHIVA FARM SETTLEMENT SCHOOL,,Westchester,74.63,All Grades
280207020000.0,School District,BELLMORE UNION FREE SCHOOL,,Nassau,99.61,All Grades
580205060012.0,Public School,WENONAH SCHOOL,,Suffolk,99.79,All Grades
31502060000.0,School District,JOHNSON CITY CENTRAL SCHOOL DISTRICT,,Broome,100.0,All Grades
260501060002.0,Public School,LONGRIDGE SCHOOL,,Monroe,99.87,All Grades
210800050000.0,School District,LITTLE FALLS CITY SCHOOLS,,Herkimer,100.0,All Grades
440301060001.0,Public School,WILLOW AVENUE SCHOOL,,Orange,99.58,All Grades
420701060000.0,School District,WESTHILL CENTRAL SCHOOL,,Onondaga,99.94,All Grades
280211030007.0,Public School,BOARDMAN ELEM SCHOOL,,Nassau,100.0,All Grades
131601060000.0,School District,ARLINGTON CENTRAL SCHOOL DISTRICT,,Dutchess,100.0,All Grades
522101030000.0,School District,WATERFORD-HALFMOON U F SCH,,Saratoga,99.56,All Grades
160101060001.0,Public School,TUPPER LAKE J S H S,,Franklin,100.0,All Grades
332200226034.0,Private School,YESHIVAT OHEL TORAH,,Kings,100.0,All Grades
131101040000.0,School District,NORTHEAST CENTRAL SCHOOL DISTRICT,,Dutchess,98.15,All Grades
530101040000.0,School District,DUANESBURG CENTRAL SCHOOL,,Schenectady,100.0,All Grades
660404030000.0,School District,HASTINGS ON HUDSON U F S,,Westchester,100.0,All Grades
500402229520.0,Private School,YESHIVA AVIR YAKOV-GIRLS,,Rockland,98.41,All Grades
660405030000.0,School District,ARDSLEY UNION FREE SCHOOL,,Westchester,99.96,All Grades
280251070000.0,School District,VALLEY STREAM CENTRAL HIGH SCHOOL,,Nassau,64.11,All Grades
490804020000.0,School District,WYNANTSKILL UNION FREE SCHOOL,,Rensselaer,100.0,All Grades
660805030000.0,School District,VALHALLA UNION FREE SCHOOL,,Westchester,100.0,All Grades
261401167057.0,Private School,ST LOUIS SCHOOL,,Monroe,100.0,All Grades
500402226680.0,Private School,BETH ROCHEL SCHOOL - GIRLS,,Rockland,95.55,All Grades
660403030000.0,School District,DOBBS FERRY UNION FREE SCHOOL,,Westchester,100.0,All Grades
262001040004.0,Public School,T J CONNOR ELEM SCHOOL,,Monroe,100.0,All Grades
580224030000.0,School District,PATCHOGUE-MEDFORD U F SCH,,Suffolk,99.75,All Grades
310200145439.0,Private School,ST STEPHEN OF HUNGARY SCHOOL,,New York,100.0,All Grades
471601040005.0,Public School,UNATEGO J S H S,,Otsego,100.0,All Grades
280515030001.0,Public School,CANTIAGUE ELEM SCHOOL,,Nassau,99.77,All Grades
441202226232.0,Private School,UTA OF KIRYAS JOEL - GOLDBERGER BOYS,,Orange,99.91,All Grades
280409030000.0,School District,HERRICKS UNION FREE SCHOOL,,Nassau,99.95,All Grades
680801040000.0,School District,DUNDEE CENTRAL SCHOOL,,Yates,100.0,All Grades
620901060003.0,Public School,KERHONKSON ELEM SCHOOL,,Ulster,99.55,All Grades
342700226483.0,Private School,TORAH ACAD HIGH SCHOOL FOR GIRLS,,Queens,100.0,All Grades
261123287885.0,Private School,UTA of Kiryas Joel - Goldstein Boys,,Orange,99.84,All Grades
342900999633.0,Private School,STEPPING STONE OF SOUTHEASTERN QUEEN,,Queens,100.0,All Grades
421501060000.0,School District,LIVERPOOL CENTRAL SCHOOL,,Onondaga,99.86,All Grades
412902060006.0,Public School,WHITESBORO MIDDLE SCHOOL,,Oneida,100.0,All Grades
430700166227.0,Private School,ST FRANCIS DE SALES ST STEPHENS,,Ontario,100.0,All Grades
500308030010.0,Public School,FRANKLIN AVENUE SCHOOL,,Rockland,100.0,All Grades
321000145406.0,Private School,ST PHILIP NERI SCHOOL,,Bronx,100.0,All Grades
441600010020.0,Public School,TEMPLE HILL SCHOOL,,Orange,99.44,All Grades
132101060010.0,Public School,WAPPINGERS FALLS JHS,,Dutchess,100.0,All Grades
530600010026.0,Public School,VAN CORLAER ELEM SCHOOL,,Schenectady,99.69,All Grades
62201060005.0,Public School,WHEELOCK PRIMARY SCHOOL,,Chautauqua,100.0,All Grades
580909020000.0,School District,BRIDGEHAMPTON U F S,,Suffolk,97.59,All Grades
140101060000.0,School District,ALDEN CENTRAL SCHOOL,,Erie,99.86,All Grades
270100010009.0,Public School,WILBUR H LYNCH LITERACY ACADEMY,,Montgomery,98.59,All Grades
500101060000.0,School District,CLARKSTOWN CENTRAL SCHOOL,,Rockland,100.0,All Grades
510401040001.0,Public School,CLIFTON-FINE JSHS,,St.Lawrence,100.0,All Grades
280100010005.0,Public School,LANDING SCHOOL,,Nassau,98.83,All Grades
310500206847.0,Private School,YESHIVA UNIVERSITY HIGH SCHOOL FOR BOYS,,New York,95.08,All Grades
611001040003.0,Public School,BUILDING 2 ELEM SCHOOL,,Tompkins,100.0,All Grades
660202030002.0,Public School,PIERRE VAN CORTLANDT SCHOOL,,Westchester,99.78,All Grades
510201999730.0,Private School,LITTLE RIVER COMM SCHOOL,,St.Lawrence,100.0,All Grades
332000226957.0,Private School,YESHIVA OHEL MOSHE,,Kings,25.0,All Grades
541102060000.0,School District,COBLESKILL-RICHMONDVILLE CSD,,Schoharie,99.93,All Grades
490601060003.0,Public School,LANSINGBURGH S H S,,Rensselaer,100.0,All Grades
500402060000.0,School District,EAST RAMAPO CENTRAL SCHOOL,,Rockland,97.5,All Grades
580902020002.0,Public School,WESTHAMPTON BEACH ELEM SCHOOL,,Suffolk,100.0,All Grades
580512030015.0,Public School,WEST MIDDLE SCHOOL,,Suffolk,99.12,All Grades
621201060000.0,School District,ONTEORA CENTRAL SCHOOL,,Ulster,100.0,All Grades
280203030000.0,School District,EAST MEADOW UNION FREE SCHOOL,,Nassau,100.0,All Grades
580601040000.0,School District,SHOREHAM-WADING RIVER CENT SCH,,Suffolk,100.0,All Grades
139000000002.0,BOCES School,DUTCHESS BOCES CAREER & TECHNICAL INSTITUTE @ SALT POINT CAMPUS,,Dutchess,98.36,All Grades
260101060000.0,School District,BRIGHTON CENTRAL SCHOOL,,Monroe,99.94,All Grades
669000000066.0,BOCES School,SOUTHERN WESTCHESTER BOCES - RYE LAKE LOWER CAMPUS - DECAGON (MAIN BLDG),,Westchester,100.0,All Grades
580402060000.0,School District,COLD SPRING HARBOR CENTRAL SCH,,Suffolk,99.93,All Grades
332000228769.0,Private School,YESHIVA IMREI YOSEF SPINKA,,Kings,100.0,All Grades
280219030000.0,School District,EAST ROCKAWAY U F S,,Nassau,100.0,All Grades
261401060010.0,Public School,PITTSFORD MENDON H S,,Monroe,99.89,All Grades
421601060004.0,Public School,STATE STREET INTERMEDIATE SCHOOL,,Onondaga,100.0,All Grades
420401060005.0,Public School,E SYRACUSE MINOA CENTRAL H S,,Onondaga,99.91,All Grades
310300515862.0,Private School,TRINITY EPISCOPAL SCHOOL,,New York,100.0,All Grades
521301060000.0,School District,BALLSTON SPA CENTRAL SCHOOL,,Saratoga,99.95,All Grades
280100010000.0,School District,GLEN COVE CITY SCHOOLS,,Nassau,99.58,All Grades
140203136273.0,Private School,ST GREGORY THE GREAT SCHOOL,,Erie,100.0,All Grades
212101040006.0,Public School,BARRINGER ROAD ELEM SCHOOL,,Herkimer,100.0,All Grades
500402209903.0,Private School,YESHIVA BAIS HACHINUCH,,Rockland,100.0,All Grades
131602020000.0,School District,SPACKENKILL UNION FREE SCHOOL,,Dutchess,99.68,All Grades
512300010000.0,School District,OGDENSBURG CITY SCHOOLS,,St.Lawrence,99.92,All Grades
641301060000.0,School District,HUDSON FALLS CENTRAL SCHOOL,,Washington,99.95,All Grades
332100225677.0,Private School,YESHIVAT MAGEN ABRAHAM,,Kings,100.0,All Grades
10100010030.0,Public School,WM S HACKETT MIDDLE SCHOOL,,Albany,99.66,All Grades
131301040002.0,Public School,STISSING SHS,,Dutchess,100.0,All Grades
332200126033.0,Private School,ST EDMUND H S,,Kings,97.89,All Grades
491401040000.0,School District,HOOSIC VALLEY CENTRAL SCHOOL,,Rensselaer,100.0,All Grades
132101060006.0,Public School,KINRY ROAD ES,,Dutchess,100.0,All Grades
580901020000.0,School District,REMSENBURG SPEONK U F S,,Suffolk,98.23,All Grades
332200229911.0,Private School,YESHIVA BIRCHAS SHMUEL,,Kings,89.71,All Grades
580403030017.0,Public School,WOODHULL INTERMEDIATE SCHOOL,,Suffolk,99.54,All Grades
641701060001.0,Public School,WHITEHALL ELEM SCHOOL,,Washington,99.68,All Grades
442111020000.0,School District,GREENWOOD LAKE UNION FREE SCHOOL,,Orange,100.0,All Grades
630801040003.0,Public School,STUART M TOWNSEND ELEMENTARY SCHOOL,,Warren,100.0,All Grades
420901060000.0,School District,BALDWINSVILLE CENTRAL SCHOOL,,Onondaga,92.45,All Grades
280223030002.0,Public School,MANDALAY ELEM SCHOOL,,Nassau,99.65,All Grades
51101040000.0,School District,PORT BYRON CENTRAL SCHOOL DISTRICT,,Cayuga,100.0,All Grades
581004020000.0,School District,FISHERS ISLAND CENTRAL SCHOOL,,Suffolk,96.15,All Grades
280410030000.0,School District,MINEOLA UNION FREE SCHOOL,,Nassau,100.0,All Grades
310300999993.0,Private School,WEST END DAY SCHOOL,,New York,100.0,All Grades
580512030012.0,Public School,SOUTHEAST ELEMENTARY SCHOOL,,Suffolk,98.88,All Grades
581005020002.0,Public School,SOUTHOLD ELEMENTARY,,Suffolk,99.67,All Grades
141800010005.0,Public School,LACKAWANNA MIDDLE SCHOOL,,Erie,99.41,All Grades
662001030000.0,School District,SCARSDALE UNION FREE SCHOOL,,Westchester,87.03,All Grades
421101060000.0,School District,MARCELLUS CENTRAL SCHOOL,,Onondaga,99.85,All Grades
221401040000.0,School District,LA FARGEVILLE CENTRAL SCHOOL,,Jefferson,99.53,All Grades
270100010000.0,School District,AMSTERDAM CITY SCHOOLS,,Montgomery,99.09,All Grades
181201040000.0,School District,PAVILION CENTRAL SCHOOL,,Genesee,100.0,All Grades
500101060015.0,Public School,WOODGLEN ELEM SCHOOL,,Rockland,100.0,All Grades
460500010008.0,Public School,J E LANIGAN SCHOOL,,Oswego,99.77,All Grades
580805060007.0,Public School,WILLIAM T ROGERS J H S,,Suffolk,99.83,All Grades
430300166197.0,Private School,ST MARYS SCHOOL,,Ontario,100.0,All Grades
91402060000.0,School District,SARANAC CENTRAL SCHOOL,,Clinton,99.93,All Grades
661500010004.0,Public School,WOODSIDE SCHOOL,,Westchester,100.0,All Grades
280202030007.0,Public School,WALNUT STREET SCHOOL,,Nassau,99.17,All Grades
130200010000.0,School District,BEACON CITY SCHOOLS,,Dutchess,99.96,All Grades
342800996069.0,Private School,TIEGERMAN HIGH SCHOOL,,Nassau,100.0,All Grades
90201040000.0,School District,AUSABLE VALLEY CENTRAL SCHOOL,,Clinton,99.9,All Grades
161401060000.0,School District,SARANAC LAKE CENTRAL SCHOOL,,Franklin,99.9,All Grades
662300997808.0,Private School,SCHOOL FOR INTEGRATIVE AND ADAPTIVE LEARNING AT FERNCLIFF MANOR,,Westchester,95.65,All Grades
660900625519.0,Private School,WESTCHESTER MUSLIM CENTER,,Westchester,100.0,All Grades
280252070005.0,Public School,NEW HYDE PARK MEMORIAL J S H S,,Nassau,99.88,All Grades
580502020001.0,Public School,ISLIP H S,,Suffolk,99.89,All Grades
260901060000.0,School District,HONEOYE FALLS-LIMA CENTRAL SCHOOL,,Monroe,100.0,All Grades
500201060001.0,Public School,WILLOW GROVE ES,,Rockland,99.82,All Grades
580401020005.0,Public School,ELWOOD MIDDLE SCHOOL,,Suffolk,100.0,All Grades
250301040000.0,School District,DE RUYTER CENTRAL SCHOOL,,Madison,100.0,All Grades
500304998107.0,Private School,SUMMIT SCHOOL (THE),,Rockland,99.01,All Grades
131101040006.0,Public School,WEBUTUCK ELEMENTARY SCHOOL,,Dutchess,98.15,All Grades
131602020005.0,Public School,SPACKENKILL HS,,Dutchess,99.81,All Grades
662001030004.0,Public School,HEATHCOTE SCHOOL,,Westchester,55.37,All Grades
580401020003.0,Public School,JOHN H GLENN HS,,Suffolk,100.0,All Grades
630902030004.0,Public School,QUEENSBURY 4TH & 5TH,,Warren,100.0,All Grades
353100966570.0,Private School,EDEN II - MANOR ROAD,,Richmond,100.0,All Grades
280402030000.0,School District,EAST WILLISTON U F S,,Nassau,100.0,All Grades
141201060000.0,School District,EDEN CENTRAL SCHOOL,,Erie,99.75,All Grades
420411060004.0,Public School,TECUMSEH ELEMENTARY SCHOOL,,Onondaga,98.66,All Grades
590901060000.0,School District,LIBERTY CENTRAL SCHOOL DISTRICT,,Sullivan,97.35,All Grades
580509177155.0,Private School,ST JOHN-BAPTIST DIOCESAN H S,,Suffolk,100.0,All Grades
51301040000.0,School District,MORAVIA CENTRAL SCHOOL DISTRICT,,Cayuga,100.0,All Grades
420901060006.0,Public School,THEODORE R DURGEE J H S,,Onondaga,100.0,All Grades
161201040000.0,School District,SALMON RIVER CENTRAL SCHOOL,,Franklin,100.0,All Grades
400400010001.0,Public School,ANNA MERRITT ELEM SCHOOL,,Niagara,100.0,All Grades
421504020000.0,School District,LYNCOURT UNION FREE SCHOOL,,Onondaga,99.48,All Grades
512902060000.0,School District,POTSDAM CENTRAL SCHOOL,,St.Lawrence,100.0,All Grades
280221030003.0,Public School,WATSON SCHOOL,,Nassau,100.0,All Grades
120401040000.0,School District,CHARLOTTE VALLEY CENTRAL SCHOOL DISTRICT,,Delaware,99.64,All Grades
580203020000.0,School District,BROOKHAVEN-COMSEWOGUE UNION FREE SCHOOL DISTRICT,,Suffolk,98.93,All Grades
512404040000.0,School District,HEUVELTON CENTRAL SCHOOL,,St.Lawrence,100.0,All Grades
331600226373.0,Private School,UTA 656,,Kings,96.18,All Grades
661401030006.0,Public School,ANNE M DORNER MIDDLE SCHOOL,,Westchester,100.0,All Grades
580505020003.0,Public School,SYLVAN AVENUE ELEM SCHOOL,,Suffolk,100.0,All Grades
500402226206.0,Private School,YESHIVA OHOLEI SHEM DNITRA,,Albany,98.96,All Grades
20702040000.0,School District,GENESEE VALLEY CENTRAL SCHOOL,,Allegany,99.81,All Grades
342700125990.0,Private School,ST ROSE OF LIMA SCHOOL,,Queens,100.0,All Grades
400701060000.0,School District,NIAGARA WHEATFIELD CENT SCH,,Niagara,65.99,All Grades
50100010000.0,School District,AUBURN CITY SCHOOLS,,Cayuga,99.97,All Grades
142301060009.0,BOCES School,ERIE 2 BOCES BAKER ROAD EDUCATIONAL CENTER,,Erie,100.0,All Grades
580801060018.0,Public School,TACKAN ELEM SCHOOL,,Suffolk,100.0,All Grades
170600010005.0,Public School,WARREN STREET SCHOOL,,Fulton,99.66,All Grades
10802115707.0,Private School,ST MADELEINE SOPHIE SCHOOL,,Albany,100.0,All Grades
131201516740.0,Private School,TRINITY PAWLING SCHOOL,,Dutchess,100.0,All Grades
310200145338.0,Private School,LOYOLA SCHOOL (THE),,New York,100.0,All Grades
480503040000.0,School District,PUTNAM VALLEY CENTRAL SCHOOL,,Putnam,100.0,All Grades
441202226259.0,Private School,UTA OF KIRYAS JOEL - WP,,Orange,100.0,All Grades
580201996687.0,Private School,STONY BROOK SCHOOL (THE),,Suffolk,100.0,All Grades
662401060005.0,Public School,VAN CORTLANDTVILLE SCHOOL,,Westchester,100.0,All Grades
121502040000.0,School District,ROXBURY CENTRAL SCHOOL DISTRICT,,Delaware,99.12,All Grades
31701060000.0,School District,WINDSOR CENTRAL SCHOOL DISTRICT,,Broome,99.72,All Grades
90501040000.0,School District,NORTHEASTERN CLINTON CENTRAL SCHOOL,,Clinton,100.0,All Grades
580304020000.0,School District,SPRINGS UNION FREE SCHOOL,,Suffolk,100.0,All Grades
141601136318.0,Private School,SS PETER & PAUL SCHOOL - HAMBURG,,Erie,98.11,All Grades
42901040000.0,School District,PORTVILLE CENTRAL SCHOOL DISTRICT,,Cattaraugus,99.57,All Grades
230301040001.0,Public School,HARRISVILLE ELEM SCHOOL,,Lewis,100.0,All Grades
310200996243.0,Private School,WINDWARD SCHOOL (THE) - WINDWARD MANHATTAN,,New York,100.0,All Grades
110200185503.0,Private School,ST MARYS SCHOOL,,Cortland,100.0,All Grades
261001060005.0,Public School,A M COSGROVE MIDDLE SCHOOL,,Monroe,99.88,All Grades
580406060000.0,School District,HARBORFIELDS CENTRAL SCHOOL,,Suffolk,84.86,All Grades
151501060001.0,Public School,TICONDEROGA S H S,,Essex,100.0,All Grades
261901060014.0,Public School,SCHLEGEL ROAD E S,,Monroe,100.0,All Grades
58812397011746.0,Public School,SOUTH HUNTINGTON ACADEMY,,Suffolk,100.0,All Grades
651501060000.0,School District,NORTH ROSE-WOLCOTT CENT SCH,,Wayne,99.69,All Grades
10100996179.0,Private School,CASTLE ISLAND BILINGUAL MONTESSORI,,Albany,100.0,All Grades
251400010000.0,School District,ONEIDA CITY SCHOOLS,,Madison,99.95,All Grades
141901060006.0,Public School,HILLVIEW ELEM SCHOOL,,Erie,99.55,All Grades
100902040000.0,School District,GERMANTOWN CENTRAL SCHOOL DISTRICT,,Columbia,99.15,All Grades
261600010067.0,Public School,SCHOOL 67 JOSEPH C WILSON MAGNET HS COMMENCEMENT ACADEMY,,Monroe,99.14,All Grades
641501040000.0,School District,SALEM CENTRAL SCHOOL,,Washington,100.0,All Grades
62601040003.0,Public School,SHERMAN JSHS,,Chautauqua,100.0,All Grades
441800050000.0,School District,PORT JERVIS CITY SCHOOLS,,Orange,100.0,All Grades
420601040000.0,School District,FABIUS-POMPEY CENTRAL SCHOOL,,Onondaga,99.84,All Grades
580212060004.0,Public School,WEST MIDDLE ISLAND SCHOOL,,Suffolk,100.0,All Grades
280502060007.0,Public School,SOUTH GROVE SCHOOL,,Nassau,100.0,All Grades
121601060000.0,School District,SIDNEY CENTRAL SCHOOL DISTRICT,,Delaware,99.79,All Grades
480404020000.0,School District,GARRISON UNION FREE SCHOOL,,Putnam,100.0,All Grades
580232030010.0,Public School,WILLIAM FLOYD MIDDLE SCHOOL,,Suffolk,99.82,All Grades
337509911231.0,Private School,SMITH STREET MATERNELLE,,Kings,100.0,All Grades
500201060012.0,Public School,WEST HAVERSTRAW ELEM SCHOOL,,Rockland,98.33,All Grades
431301060000.0,School District,PHELPS-CLIFTON SPRINGS CENTRAL SCHOOL,,Ontario,99.93,All Grades
132101060015.0,Public School,JOHN JAY SHS,,Dutchess,99.55,All Grades
280209030004.0,Public School,COLUMBUS AVENUE SCHOOL,,Nassau,100.0,All Grades
630101040001.0,Public School,BOLTON CENTRAL SCHOOL,,Warren,100.0,All Grades
570603040000.0,School District,CAMPBELL-SAVONA CENTRAL SCHOOL DIST,,Steuben,100.0,All Grades
431101040003.0,Public School,RED JACKET MIDDLE SCHOOL,,Ontario,100.0,All Grades
500402229080.0,Private School,YESHIVA BETH MIKROH,,Rockland,97.38,All Grades
81003040006.0,Public School,UNADILLA VALLEY ELEMENTARY SCHOOL,,Chenango,99.86,All Grades
331500995639.0,Private School,YALDEINU SCHOOL (THE),,Kings,100.0,All Grades
280401030007.0,Public School,WESTBURY HIGH SCHOOL,,Nassau,100.0,All Grades
91200010005.0,Public School,STAFFORD MIDDLE SCHOOL,,Clinton,100.0,All Grades
50100010008.0,Public School,WILLIAM H SEWARD ELEMENTARY SCHOOL,,Cayuga,100.0,All Grades
321100145284.0,Private School,ST HELENA SCHOOL,,Bronx,100.0,All Grades
31501060000.0,School District,UNION-ENDICOTT CENTRAL SCHOOL DISTRICT,,Broome,99.53,All Grades
590501060000.0,School District,FALLSBURGH CENTRAL SCHOOL,,Sullivan,100.0,All Grades
561006060004.0,Public School,SKOI-YASE SCHOOL,,Seneca,100.0,All Grades
471400010003.0,Public School,VALLEYVIEW ELEM SCHOOL,,Otsego,100.0,All Grades
261600010006.0,Public School,109 FRANKLIN LOWER SCHOOL,,Monroe,100.0,All Grades
140203060015.0,Public School,TRANSIT MS,,Erie,100.0,All Grades
580505020000.0,School District,BAYPORT BLUE PT U F SCH,,Suffolk,100.0,All Grades
342400125941.0,Private School,ST LEO SCHOOL,,Queens,98.52,All Grades
421800010000.0,School District,SYRACUSE CITY SCHOOLS,,Onondaga,98.79,All Grades
660805030004.0,Public School,VALHALLA HIGH SCHOOL,,Westchester,100.0,All Grades
400701060002.0,Public School,WEST ST ES,,Niagara,100.0,All Grades
280215229602.0,Private School,DAVIS RENOV STAHLER YESHIVA H.S. FOR BOYS,,Nassau,100.0,All Grades
280300206622.0,Private School,TORAH H S LONG BEACH,,Nassau,100.0,All Grades
450101060000.0,School District,ALBION CENTRAL SCHOOL,,Orleans,99.88,All Grades
260501166192.0,Private School,ST LAWRENCE SCHOOL,,Monroe,100.0,All Grades
600801040003.0,Public School,SPENCER VAN ETTEN ELEMENTARY SCHOOL,,Tioga,99.64,All Grades
500201060004.0,Public School,STONY POINT ELEM SCHOOL,,Rockland,99.86,All Grades
333200126023.0,Private School,ST BRIGID CATHOLIC ACADEMY,,Kings,100.0,All Grades
70901060000.0,School District,HORSEHEADS CENTRAL SCHOOL DISTRICT,,Chemung,92.22,All Grades
421800010006.0,Public School,VAN DUYN SCHOOL,,Onondaga,99.65,All Grades
412300861058.0,Charter School,UTICA ACADEMY OF SCIENCE CHARTER SCHOOL,,Herkimer,99.79,All Grades
442101809921.0,Private School,BELLVALE SCHOOL,,Orange,100.0,All Grades
31601060051.0,Public School,VESTAL SHS,,Broome,99.9,All Grades
353100145441.0,Private School,ST TERESA SCHOOL,,Richmond,99.03,All Grades
331400226942.0,Private School,YESHIVA AHAVAS ISRAEL,,Kings,99.56,All Grades
500301060007.0,Public School,TAPPAN ZEE H S,,Rockland,99.78,All Grades
580205060004.0,Public School,LYNWOOD AVENUE SCHOOL,,Suffolk,100.0,All Grades
332200206950.0,Private School,YESHIVAH OF FLATBUSH-JOEL BRAVERMAN H S,,Kings,100.0,All Grades
280216020000.0,School District,ELMONT UNION FREE SCHOOL,,Nassau,99.78,All Grades
461300010000.0,School District,OSWEGO CITY SCHOOLS,,Oswego,90.1,All Grades
332200228584.0,Private School,YESHIVA TIFERETH ELIMELECH,,Kings,100.0,All Grades
343000125938.0,Private School,ST JOSEPH SCHOOL,,Queens,94.61,All Grades
671501040001.0,Public School,WARSAW ELEM SCHOOL,,Wyoming,100.0,All Grades
500402229325.0,Private School,YESHIVA TZOIN YOSEF PUPA (BOYS),,Rockland,95.73,All Grades
130502020001.0,Public School,WINGDALE ES,,Dutchess,98.78,All Grades
580235060007.0,Public School,VERNE W CRITZ ELEM SCHOOL,,Suffolk,99.26,All Grades
280517030010.0,Public School,HICKSVILLE H S,,Nassau,99.49,All Grades
31601806564.0,Private School,ROSS CORNERS CHRISTIAN ACADEMY,,Broome,100.0,All Grades
280401606537.0,Private School,WESTBURY FRIENDS SCHOOL,,Nassau,87.5,All Grades
280402030003.0,Public School,THE WHEATLEY SCHOOL,,Nassau,100.0,All Grades
342700207577.0,Private School,YESHIVA OF FAR ROCKAWAY,,Queens,100.0,All Grades
332200226964.0,Private School,YESHIVA TORAH VODAATH,,Kings,100.0,All Grades
280523030003.0,Public School,EAST LAKE ELEM SCHOOL,,Nassau,99.62,All Grades
60503040000.0,School District,CHAUTAUQUA LAKE CENTRAL SCHOOL DISTRICT,,Chautauqua,99.74,All Grades
411101060001.0,Public School,CLINTON ES,,Oneida,100.0,All Grades
411800010010.0,Public School,STROUGH MIDDLE SCHOOL,,Oneida,100.0,All Grades
240901040000.0,School District,MOUNT MORRIS CENTRAL SCHOOL,,Livingston,99.81,All Grades
332100226446.0,Private School,IVDU ELEMENTARY SCHOOL,,Kings,100.0,All Grades
651402040003.0,Public School,WILLIAMSON PRIMARY SCHOOL,,Wayne,100.0,All Grades
331500226351.0,Private School,YESHIVA KEHILATH YAKOV,,Kings,100.0,All Grades
661401030000.0,School District,OSSINING UNION FREE SCHOOL,,Westchester,100.0,All Grades
331400226355.0,Private School,UTA 212,,Kings,92.33,All Grades
669000000060.0,BOCES School,SOUTHERN WESTCHESTER BOCES - IRVINGTON,,Westchester,100.0,All Grades
441903997088.0,Private School,TUXEDO PARK SCHOOL,,Orange,100.0,All Grades
30501040000.0,School District,HARPURSVILLE CENTRAL SCHOOL DISTRICT,,Broome,100.0,All Grades
60701040000.0,School District,CLYMER CENTRAL SCHOOL DISTRICT,,Chautauqua,99.36,All Grades
151401040000.0,School District,SCHROON LAKE CENTRAL SCHOOL,,Essex,100.0,All Grades
131201040000.0,School District,PAWLING CENTRAL SCHOOL DISTRICT,,Dutchess,99.43,All Grades
10601060011.0,Public School,VEEDER ES,,Albany,100.0,All Grades
31101060000.0,School District,MAINE ENDWELL CENTRAL SCHOOL DISTRICT,,Broome,99.84,All Grades
530202996535.0,Private School,CROSSROADS CENTER FOR CHILDREN,,Albany,100.0,All Grades
132201040000.0,School District,MILLBROOK CENTRAL SCHOOL,,Dutchess,99.86,All Grades
342800806166.0,Private School,ALLEN CHRISTIAN SCHOOL,,Queens,100.0,All Grades
649000000000.0,BOCES School,WASHINGTON-SARATOGA-WARREN-HAMILTON-ESSEX BOCES,,Washington,100.0,All Grades
580201860934.0,Private School,ACADEMY CHARTER SCHOOL - WYANDANCH,,Suffolk,99.79,All Grades
110200010010.0,Public School,SMITH INTERMEDIATE SCHOOL,,Cortland,100.0,All Grades
310300227929.0,Private School,RODEPH SHOLOM DAY SCHOOL,,New York,99.67,All Grades
142500010009.0,Public School,TONAWANDA S H S,,Erie,100.0,All Grades
662402145169.0,Private School,ST PATRICK SCHOOL,,Westchester,100.0,All Grades
441000010010.0,Public School,TWIN TOWERS MS,,Orange,99.88,All Grades
580413030011.0,Public School,WALT WHITMAN H S,,Suffolk,99.69,All Grades
581012020000.0,School District,MATTITUCK-CUTCHOGUE U F S,,Suffolk,99.9,All Grades
280222020000.0,School District,FLORAL PK-BELLROSE U F S,,Nassau,99.58,All Grades
580507060009.0,Public School,EDWARD J BOSTI ELEM SCHOOL,,Suffolk,100.0,All Grades
412300010024.0,Public School,THOMAS R. PROCTOR HS,,Oneida,100.0,All Grades
61501040001.0,Public School,SILVER CREEK HS,,Chautauqua,100.0,All Grades
660303145135.0,Private School,ST JOSEPH SCHOOL,,Westchester,100.0,All Grades
610600010012.0,Public School,SOUTH HILL SCHOOL,,Tompkins,100.0,All Grades
500402995550.0,Private School,YESHIVA DARKEI EMUNAH,,Rockland,99.69,All Grades
220101040006.0,Public School,SOUTH JEFFERSON MIDDLE SCHOOL,,Jefferson,100.0,All Grades
50301999417.0,Private School,HILLSIDE CHILDRENS CENTER-FINGERLAKE,,Monroe,99.0,All Grades
80101040000.0,School District,AFTON CENTRAL SCHOOL DISTRICT,,Chenango,99.76,All Grades
342900809825.0,Private School,TRUE DELIVERANCE CHRISTIAN SCHOOL,,Queens,100.0,All Grades
661402020001.0,Public School,TODD ELEM SCHOOL,,Westchester,100.0,All Grades
332000229460.0,Private School,THE CHEDER,,Kings,99.31,All Grades
280401175561.0,Private School,ST BRIGIDS SCHOOL,,Nassau,100.0,All Grades
140203060010.0,Public School,WILLIAMSVILLE NORTH HS,,Erie,99.92,All Grades
343000125994.0,Private School,ST SEBASTIAN SCHOOL,,Queens,99.55,All Grades
280518998058.0,Private School,THE HAGEDORN LITTLE VILLAGE SCHOOL,,Nassau,100.0,All Grades
411902040000.0,School District,WATERVILLE CENTRAL SCHOOL,,Oneida,99.74,All Grades
41101040000.0,School District,FRANKLINVILLE CENTRAL SCHOOL DISTRICT,,Cattaraugus,99.64,All Grades
661800010005.0,Public School,RYE MIDDLE SCHOOL,,Westchester,100.0,All Grades
280404030000.0,School District,PORT WASHINGTON U F S,,Nassau,68.76,All Grades
130801060005.0,Public School,VIOLET AVE SCHOOL,,Dutchess,99.68,All Grades
580107999915.0,Private School,ASCENT,,Suffolk,100.0,All Grades
660805030005.0,Public School,VALHALLA MIDDLE SCHOOL,,Westchester,100.0,All Grades
431701060003.0,Public School,VICTOR PRIMARY SCHOOL,,Ontario,100.0,All Grades
591401229947.0,Private School,TALMUD TORAH IMREI BURECH,,Sullivan,99.62,All Grades
430300999238.0,Private School,WILLOW RUN SCHOOL,,Ontario,59.26,All Grades
280504060015.0,Public School,STRATFORD ROAD SCHOOL,,Nassau,100.0,All Grades
130502020004.0,Public School,DOVER MS (no lead reporting),,Dutchess,99.0,All Grades
141301060004.0,Public School,WALES ES,,Erie,100.0,All Grades
331300996408.0,Private School,ST ANN'S SCHOOL - MS/HS - 129 PIERREPONT (GR 4-12),,Kings,100.0,All Grades
659000000000.0,BOCES School,WAYNE-FINGER LAKES BOCES - P-TECH,,Wayne,100.0,All Grades
662300145096.0,Private School,ST ANTHONY SCHOOL,,Westchester,100.0,All Grades
431701060005.0,Public School,VICTOR EARLY CHILDHOOD CTR,,Ontario,100.0,All Grades
141800010000.0,School District,LACKAWANNA CITY SCHOOLS,,Erie,99.41,All Grades
540901040000.0,School District,JEFFERSON CSD,,Schoharie,18.94,All Grades
170500010000.0,School District,GLOVERSVILLE ENLARGED SCHOOL DISTRICT,,Fulton,99.88,All Grades
81401040000.0,School District,OTSELIC VALLEY CENTRAL SCHOOL DISTRICT,,Chenango,100.0,All Grades
261600010000.0,School District,ROCHESTER CITY SCHOOLS,,Monroe,99.9,All Grades
660303030000.0,School District,BRONXVILLE UNION FREE SCHOOL,,Westchester,100.0,All Grades
660900010000.0,School District,MOUNT VERNON CITY SCHOOLS,,Westchester,91.08,All Grades
210601060000.0,School District,HERKIMER CENTRAL SCHOOL,,Herkimer,99.72,All Grades
521800010009.0,Public School,DIVISION STREET SCHOOL,,Saratoga,100.0,All Grades
680601166202.0,Private School,ST MICHAELS SCHOOL,,Yates,100.0,All Grades
280223030005.0,Public School,WANTAGH S H S,,Nassau,100.0,All Grades
310200145326.0,Private School,ST JOSEPH'S SCHOOL-YORKVILLE,,New York,99.64,All Grades
541201040000.0,School District,SCHOHARIE CENTRAL SCHOOL,,Schoharie,99.75,All Grades
280506060005.0,Public School,VERNON SCHOOL,,Nassau,100.0,All Grades
280203030003.0,Public School,MCVEY ELEM SCHOOL,,Nassau,99.76,All Grades
521800856216.0,Private School,WILTON BAPTIST ACADEMY,,Saratoga,100.0,All Grades
662300229082.0,Private School,STEIN YESHIVA OF LINCOLN PARK,,Westchester,100.0,All Grades
571000010013.0,Public School,WINFIELD STREET ES,,Steuben,100.0,All Grades
331700997089.0,Private School,ST FRANCIS DE SALES SCH-DEAF,,Kings,100.0,All Grades
530600010035.0,Public School,ONEIDA MIDDLE SCHOOL,,Schenectady,100.0,All Grades
43011020000.0,School District,RANDOLPH ACADEMY UFSD,,Cattaraugus,100.0,All Grades
280300010004.0,Public School,WEST ELEM SCHOOL,,Nassau,100.0,All Grades
140203060004.0,Public School,WILLIAMSVILLE SOUTH HS,,Erie,100.0,All Grades
110701060000.0,School District,HOMER CENTRAL SCHOOL DISTRICT,,Cortland,99.91,All Grades
590901226560.0,Private School,ACH TOV V'CHESED - 39 CHESTNUT,,Sullivan,100.0,All Grades
662401060001.0,Public School,THOMAS JEFFERSON ELEM SCHOOL,,Westchester,100.0,All Grades
650101060003.0,Public School,LINCOLN ELEM SCHOOL,,Wayne,100.0,All Grades
22001040003.0,Public School,FILLMORE ELEMENTARY SCHOOL,,Allegany,99.81,All Grades
580304020001.0,Public School,SPRINGS SCHOOL,,Suffolk,100.0,All Grades
411101060000.0,School District,CLINTON CENTRAL SCHOOL,,Oneida,100.0,All Grades
571901040000.0,School District,ARKPORT CENTRAL SCHOOL,,Steuben,100.0,All Grades
490801080000.0,School District,NORTH GREENBUSH COMMON SCHOOL DIST,,Rensselaer,100.0,All Grades
91200010000.0,School District,PLATTSBURGH CITY SCHOOL DISTRICT,,Clinton,99.94,All Grades
280217020004.0,Public School,WASHINGTON STREET SCHOOL,,Nassau,99.86,All Grades
332000229420.0,Private School,YESHIVA TIFERES SHMIEL,,New York,100.0,All Grades
420501060004.0,Public School,JORDAN ELBRIDGE MS,,Onondaga,100.0,All Grades
430300999236.0,Private School,WINDY HILL SCHOOL,,Ontario,64.29,All Grades
420901060007.0,Public School,CHARLES W BAKER H S,,Onondaga,100.0,All Grades
140201060005.0,Public School,SMALLWOOD DRIVE ELEM SCHOOL,,Erie,99.85,All Grades
261600227875.0,Private School,TALMUDICAL INST-UPSTATE N Y,,Monroe,100.0,All Grades
332000226489.0,Private School,BAIS BROCHO D'KARLIN STOLIN HIGH SCHOOL,,Kings,100.0,All Grades
580109020000.0,School District,WYANDANCH UNION FREE SCHOOL,,Suffolk,98.59,All Grades
610600010014.0,Public School,BOYNTON MIDDLE SCHOOL,,Tompkins,99.81,All Grades
261201996127.0,Private School,SOUTHEAST CHRISTIAN ACADEMY,,Monroe,100.0,All Grades
570302060001.0,Public School,VERNON E WIGHTMAN PRIMARY SCHOOL,,Steuben,99.77,All Grades
580801060014.0,Public School,SMITHTOWN HIGH SCHOOL EAST,,Suffolk,99.93,All Grades
353100145330.0,Private School,ST JOSEPH BY THE SEA H S,,Richmond,100.0,All Grades
31601060000.0,School District,VESTAL CENTRAL SCHOOL DISTRICT,,Broome,99.82,All Grades
461901040000.0,School District,SANDY CREEK CENTRAL SCHOOL,,Oswego,100.0,All Grades
310200996795.0,Private School,MONTESSORI SCHOOL OF NY INC,,New York,100.0,All Grades
30701060003.0,Public School,CHENANGO BRIDGE ES,,Broome,100.0,All Grades
180202040000.0,School District,ALEXANDER CENTRAL SCHOOL,,Genesee,100.0,All Grades
420303060009.0,Public School,GILLETTE ROAD MIDDLE SCHOOL,,Onondaga,100.0,All Grades
660102060007.0,Public School,WEST PATENT ELEM SCHOOL,,Westchester,100.0,All Grades
353100995152.0,Private School,SMILES AROUND US ACADEMY,,Richmond,100.0,All Grades
43501060000.0,School District,YORKSHIRE-PIONEER CENTRAL SCHOOL DISTRICT,,Cattaraugus,99.9,All Grades
520401040000.0,School District,CORINTH CENTRAL SCHOOL,,Saratoga,100.0,All Grades
22001040000.0,School District,FILLMORE CENTRAL SCHOOL DISTRICT,,Allegany,99.81,All Grades
30501040001.0,Public School,W A OLMSTED ES,,Broome,100.0,All Grades
190401060000.0,School District,CATSKILL CENTRAL SCHOOL,,Greene,99.92,All Grades
161401060002.0,Public School,SARANAC LAKE S H S (and JHS for lead reporting),,Franklin,100.0,All Grades
421501060019.0,Public School,WILLOW FIELD SCHOOL,,Onondaga,99.71,All Grades
500401060010.0,Public School,MONTEBELLO ROAD SCHOOL,,Rockland,100.0,All Grades
662200226120.0,Private School,WESTCHESTER TORAH ACADEMY,,Westchester,100.0,All Grades
421501060014.0,Public School,SOULE ROAD MIDDLE SCHOOL,,Onondaga,100.0,All Grades
500401229597.0,Private School,YESHIVA DARCHEI NOAM,,Rockland,100.0,All Grades
662402060000.0,School District,YORKTOWN CENTRAL SCHOOL,,Westchester,83.97,All Grades
280214229421.0,Private School,STELLA K. ABRAHAM HIGH SCHOOL FOR GIRLS,,Nassau,99.77,All Grades
332100226392.0,Private School,YESHIVA PREP HIGH SCHOOL,,Kings,100.0,All Grades
342900226848.0,Private School,YESHIVA UNIVERSITY HIGH SCHOOL FOR GIRLS,,Queens,91.19,All Grades
400800010000.0,School District,NIAGARA FALLS CITY SCHOOLS,,Niagara,100.0,All Grades
510101040000.0,School District,BRASHER FALLS CENT SCH DIST,,St.Lawrence,100.0,All Grades
591502040004.0,Public School,SULLIVAN WEST HIGH SCHOOL,,Sullivan,100.0,All Grades
660401030007.0,Public School,SLEEPY HOLLOW MIDDLE SCHOOL,,Westchester,97.91,All Grades
261600010007.0,Public School,SCHOOL 7 VIRGIL GRISSOM,,Monroe,100.0,All Grades
580234020001.0,Public School,EAST MORICHES MIDDLE SCHOOL,,Suffolk,100.0,All Grades
580410030014.0,Public School,WOOD PARK SCHOOL,,Suffolk,100.0,All Grades
181001060001.0,Public School,WOLCOTT STREET SCHOOL,,Genesee,99.82,All Grades
331400226953.0,Private School,YESHIVA KEHILATH YAKOV (WILSON ST),,Kings,98.43,All Grades
660409020000.0,School District,ELMSFORD UNION FREE SCHOOL,,Westchester,100.0,All Grades
310200996830.0,Private School,SPENCE SCHOOL,,New York,100.0,All Grades
439000000006.0,BOCES School,WAYNE-FINGER LAKES BOCES - WAYNE EDUCATION CENTER,,Wayne,100.0,All Grades
260801060000.0,School District,EAST IRONDEQUOIT CENTRAL SCHOOL,,Monroe,99.85,All Grades
490501060000.0,School District,HOOSICK FALLS CENTRAL SCHOOL,,Rensselaer,100.0,All Grades
310200997733.0,Private School,DALTON SCHOOL 89TH ST,,New York,100.0,All Grades
310000010001.0,Public School,MANHATTAN DISTRICT - NEW YORK,,New York,98.55,All Grades
60201060003.0,Public School,SOUTHWESTERN SHS,,Chautauqua,100.0,All Grades
280506060002.0,Public School,OYSTER BAY S H S,,Nassau,100.0,All Grades
530301060006.0,Public School,VAN ANTWERP MIDDLE SCHOOL,,Schenectady,100.0,All Grades
342900226050.0,Private School,YESHIVA RLKTI PRIMARY,,Queens,98.41,All Grades
580405060016.0,Public School,HALF HOLLOW HILLS H S-WEST,,Suffolk,100.0,All Grades
10701030000.0,School District,GREEN ISLAND UNION FREE SCHOOL DISTRICT,,Albany,100.0,All Grades
30200010008.0,Public School,THOMAS JEFFERSON SCHOOL,,Broome,100.0,All Grades
320800145442.0,Private School,ST THERESA SCHOOL,,Bronx,95.37,All Grades
580912060003.0,Public School,SOUTH ST ES,,Suffolk,99.62,All Grades
30200010000.0,School District,BINGHAMTON CITY SCHOOL DISTRICT,,Broome,100.0,All Grades
280215225246.0,Private School,KULANU ACADEMY,,Nassau,100.0,All Grades
410601040000.0,School District,CAMDEN CENTRAL SCHOOL,,Oneida,99.38,All Grades
513102040000.0,School District,EDWARDS-KNOX CENTRAL SCHOOL,,St.Lawrence,98.9,All Grades
181001060000.0,School District,LE ROY CENTRAL SCHOOL,,Genesee,99.82,All Grades
321100145414.0,Private School,ST RAYMOND SCHOOL,,Bronx,99.78,All Grades
400301136253.0,Private School,STELLA NIAGARA EDUCATION PARK,,Niagara,100.0,All Grades
261301060007.0,Public School,MINERVA DELAND SCHOOL,,Monroe,100.0,All Grades
331400226138.0,Private School,YESHIVA JESODE HATORAH WILSON,,Kings,93.04,All Grades
261801060000.0,School District,BROCKPORT CENTRAL SCHOOL,,Monroe,99.88,All Grades
231101040006.0,Public School,SOUTH LEWIS MS,,Lewis,100.0,All Grades
400400010005.0,Public School,GEORGE SOUTHARD ELEM SCHOOL,,Niagara,99.45,All Grades
310300229121.0,Private School,YESHIVA KETANA OF MANHATTAN,,New York,100.0,All Grades
280401030000.0,School District,WESTBURY UNION FREE SCHOOLS,,Nassau,100.0,All Grades
660203207620.0,Private School,YESHIVA OHR HAMEIR,,Westchester,100.0,All Grades
170801040000.0,School District,MAYFIELD CENTRAL SCHOOL,,Fulton,99.35,All Grades
580801060007.0,Public School,ST JAMES ELEM SCHOOL,,Suffolk,100.0,All Grades
231301040000.0,School District,BEAVER RIVER CENTRAL SCHOOL,,Lewis,99.88,All Grades
142500808948.0,Private School,NEW LIFE CHRISTIAN SCHOOL,,Erie,100.0,All Grades
321100145244.0,Private School,ST CATHARINE ACADEMY,,Bronx,100.0,All Grades
662200010012.0,Public School,WHITE PLAINS MS,,Westchester,98.44,All Grades
280401447645.0,Private School,WHISPERING PINES,,Nassau,91.07,All Grades
610901040000.0,School District,NEWFIELD CENTRAL SCHOOL,,Tompkins,100.0,All Grades
100501040000.0,School District,TACONIC HILLS CENTRAL SCHOOL,,Columbia,98.18,All Grades
280402030002.0,Public School,WILLETS ROAD SCHOOL,,Nassau,100.0,All Grades
250201060001.0,Public School,CAZENOVIA MIDDLE SCHOOL,,Madison,99.68,All Grades
342700226394.0,Private School,AL-IHSAN ACADEMY,,Queens,100.0,All Grades
651201060003.0,Public School,SODUS JR/SR HIGH SCHOOL,,Wayne,99.78,All Grades
621801060000.0,School District,WALLKILL CENTRAL SCHOOL,,Ulster,99.4,All Grades
661402020000.0,School District,BRIARCLIFF MANOR U F S,,Westchester,100.0,All Grades
662101060004.0,Public School,SOMERS MIDDLE SCHOOL,,Westchester,100.0,All Grades
430700010001.0,Public School,WEST ST ELEMENTARY,,Ontario,99.77,All Grades
241701040000.0,School District,YORK CENTRAL SCHOOL,,Livingston,99.84,All Grades
651201060001.0,Public School,SODUS PRIMARY SCHOOL,,Wayne,100.0,All Grades
480601060000.0,School District,BREWSTER CENTRAL SCHOOL,,Putnam,100.0,All Grades
110000000001.0,BOCES School,ONONDAGA-CORTLAND-MADISON BOCES - MCEVOY EDUCATION CAMPUS,,Cortland,99.18,All Grades
280407030000.0,School District,GREAT NECK UNION FREE SCHOOL,,Nassau,99.91,All Grades
600903040000.0,School District,TIOGA CENTRAL SCHOOL,,Tioga,100.0,All Grades
280504060000.0,School District,PLAINVIEW-OLD BETHPAGE CENT-SCH,,Nassau,92.8,All Grades
662300145131.0,Private School,ST JOHN THE BAPTIST SCHOOL,,Westchester,100.0,All Grades
280253070004.0,Public School,MERRICK AVENUE MIDDLE SCHOOL,,Nassau,99.76,All Grades
180901040000.0,School District,ELBA CENTRAL SCHOOL,,Genesee,99.75,All Grades
660303030002.0,Public School,BRONXVILLE HIGH SCHOOL,,Westchester,100.0,All Grades
30601060005.0,Public School,RICHARD T. STANK MS AT SUSQUEHANNA VALLEY,,Broome,100.0,All Grades
342700227924.0,Private School,TORAH ACAD FOR GIRLS-ELEMENTARY,,Queens,98.03,All Grades
332100228530.0,Private School,YESHIVAT ATERET TORAH,,Kings,99.7,All Grades
661800010000.0,School District,RYE CITY SCHOOL DISTRICT,,Westchester,100.0,All Grades
62901040001.0,Public School,WESTFIELD ES,,Chautauqua,100.0,All Grades
280523175641.0,Private School,ST ROSE OF LIMA SCHOOL,,Nassau,100.0,All Grades
264356245455.0,Private School,UTA of Kiryas Joel - Klein Boys,,Monroe,100.0,All Grades
500304030004.0,Public School,UPPER NYACK ELEMENTARY SCHOOL,,Rockland,100.0,All Grades
342500229646.0,Private School,YESHIVA KETANA OF QUEENS,,Queens,99.77,All Grades
141601060000.0,School District,HAMBURG CENTRAL SCHOOL,,Erie,99.87,All Grades
441000010011.0,Public School,TRUMAN MOON ELEMENTARY SCHOOL,,Orange,100.0,All Grades
260501166194.0,Private School,"THE CHILDREN'S CENTER OF BRIGHTON, INC.",,Monroe,100.0,All Grades
660101030006.0,Public School,MEADOW POND ELEM SCHOOL,,Westchester,100.0,All Grades
550301060000.0,School District,WATKINS GLEN CENTRAL SCHOOL,,Schuyler,98.57,All Grades
662300010030.0,Public School,SCHOOL 30,,Westchester,100.0,All Grades
640701040000.0,School District,GRANVILLE CENTRAL SCHOOL,,Washington,99.78,All Grades
610301997954.0,Private School,WILLOW GLEN CHRISTIAN SCHOOL,,Tompkins,100.0,All Grades
471201040000.0,School District,MORRIS CENTRAL SCHOOL,,Otsego,14.19,All Grades
441202226258.0,Private School,UTA OF KIRYAS JOEL - ATZEI CHAIM,,Orange,100.0,All Grades
641701060000.0,School District,WHITEHALL CENTRAL SCHOOL,,Washington,99.84,All Grades
60601040000.0,School District,PINE VALLEY CENT SCHOOL DISTRICT-(S DAYTON),,Chautauqua,100.0,All Grades
460901060001.0,Public School,MEXICO ELEM SCHOOL,,Oswego,100.0,All Grades
140701060000.0,School District,CHEEKTOWAGA CENTRAL SCHOOL,,Erie,99.07,All Grades
660701145134.0,Private School,SS JOHN & PAUL SCHOOL,,Westchester,100.0,All Grades
121701040001.0,Public School,STAMFORD CENTRAL SCHOOL,,Delaware,100.0,All Grades
660701227125.0,Private School,WESTCHESTER DAY SCHOOL,,Westchester,100.0,All Grades
500401060011.0,Public School,SUFFERN MIDDLE SCHOOL,,Rockland,100.0,All Grades
580211060018.0,Public School,UNITY DRIVE LRNG CENTER,,Suffolk,100.0,All Grades
491200010006.0,Public School,VAN RENSSELAER ELEM SCHOOL,,Rensselaer,100.0,All Grades
521701040000.0,School District,SCHUYLERVILLE CENTRAL SCHOOL,,Saratoga,100.0,All Grades
631201040001.0,Public School,WARRENSBURG J S H S,,Warren,100.0,All Grades
510101040001.0,Public School,ST LAWRENCE MIDDLE SCHOOL,,St.Lawrence,100.0,All Grades
280203030009.0,Public School,WOODLAND J H S,,Nassau,99.83,All Grades
431101040000.0,School District,MANCHESTER-SHORTSVILLE SCHOOL DISTRICT,,Ontario,100.0,All Grades
260101060001.0,Public School,COUNCIL ROCK SCHOOL,,Monroe,100.0,All Grades
10623115753.0,Private School,ST PIUS X SCHOOL,,Albany,100.0,All Grades
210302040000.0,School District,WEST CANADA VALLEY CENT SCH,,Herkimer,98.75,All Grades
62601658580.0,Private School,SUNSET VIEW SCHOOL,,Chautauqua,71.43,All Grades
580201060006.0,Public School,WILLIAM SIDNEY MOUNT SCHOOL,,Suffolk,99.79,All Grades
331400126128.0,Private School,ST STANISLAUS KOSTKA SCHOOL,,Kings,98.25,All Grades
660102060000.0,School District,BEDFORD CENTRAL SCHOOL,,Westchester,99.85,All Grades
230201040000.0,School District,COPENHAGEN CENTRAL SCHOOL,,Lewis,97.76,All Grades
420101060008.0,Public School,WEST GENESEE MIDDLE SCHOOL,,Onondaga,99.86,All Grades
580104030000.0,School District,LINDENHURST UNION FREE SCHOOL,,Suffolk,99.86,All Grades
220909040000.0,School District,BELLEVILLE HENDERSON CENTRAL,,Jefferson,99.79,All Grades
580506030003.0,Public School,PINES ELEM SCHOOL,,Suffolk,99.39,All Grades
401001060003.0,Public School,FRICANO PRIMARY SCHOOL,,Niagara,100.0,All Grades
521301115711.0,Private School,ST MARYS SCHOOL,,Saratoga,100.0,All Grades
121702040000.0,School District,SOUTH KORTRIGHT CENTRAL SCHOOL DISTRICT,,Delaware,100.0,All Grades
580502020000.0,School District,ISLIP UNION FREE SCHOOL,,Suffolk,96.33,All Grades
60301040000.0,School District,FREWSBURG CENTRAL SCHOOL DISTRICT,,Chautauqua,99.85,All Grades
430901060000.0,School District,GORHAM-MDLSEX CENT SCH,,Ontario,100.0,All Grades
280227030005.0,Public School,WEST HEMPSTEAD S H S,,Nassau,99.26,All Grades
142801060016.0,Public School,WEST SENECA EAST S H S,,Erie,100.0,All Grades
580801177172.0,Private School,ST PATRICKS SCHOOL,,Suffolk,100.0,All Grades
22902040000.0,School District,BOLIVAR-RICHBURG CENTRAL SCHOOL DISTRICT,,Allegany,99.84,All Grades
249000000012.0,Private School,GENESEE VALLEY BOCES DANSVILLE,,Livingston,100.0,All Grades
580235060000.0,School District,SOUTH COUNTRY CENTRAL SCHOOL,,Suffolk,99.36,All Grades
580224030011.0,Public School,SAXTON STREET MIDDLE SCHOOL,,Suffolk,100.0,All Grades
321100147410.0,Private School,ST FRANCIS OF ASSISI SCHOOL,,Bronx,90.34,All Grades
441202226265.0,Private School,UTA OF KIRYAS JOEL - KOZNITS,,Orange,99.55,All Grades
280300010005.0,Public School,LINDELL BOULEVARD SCHOOL,,Nassau,100.0,All Grades
421501060013.0,Public School,SOULE ROAD ELEMENTARY,,Onondaga,99.74,All Grades
140203060000.0,School District,WILLIAMSVILLE CENTRAL SCHOOL,,Erie,99.92,All Grades
580602040006.0,Public School,RIVERHEAD J H S,,Suffolk,99.62,All Grades
200901040000.0,School District,WELLS CENTRAL SCHOOL,,Hamilton,100.0,All Grades
421501060009.0,Public School,CHESTNUT HILL ELEMENTARY SCHOOL,,Onondaga,100.0,All Grades
580103030000.0,School District,NORTH BABYLON UNION FREE SCHOOL,,Suffolk,100.0,All Grades
332200229642.0,Private School,STEP-SPECIAL TORAH EDUC PROG,,Kings,100.0,All Grades
662402060001.0,Public School,YORKTOWN S H S,,Westchester,100.0,All Grades
580102030007.0,Public School,WEST BABYLON JUNIOR HIGH SCHOOL,,Suffolk,99.88,All Grades
640801040000.0,School District,GREENWICH CENTRAL SCHOOL,,Washington,100.0,All Grades
671501040000.0,School District,WARSAW CENTRAL SCHOOL,,Wyoming,100.0,All Grades
332100206938.0,Private School,LUBAVITCHER SCHOOL CHABAD,,Kings,90.32,All Grades
261001060000.0,School District,SPENCERPORT CENTRAL SCHOOL,,Monroe,99.83,All Grades
240401040000.0,School District,GENESEO CENTRAL SCHOOL,,Livingston,99.89,All Grades
331400226955.0,Private School,YESHIVA MESIVTA ARUGATH HABOSEM,,Kings,91.87,All Grades
140207060006.0,Public School,SWEET HOME HS,,Erie,99.93,All Grades
141701040001.0,Public School,HOLLAND HS,,Erie,100.0,All Grades
110200010000.0,School District,CORTLAND CITY SCHOOLS,,Cortland,99.89,All Grades
280220030007.0,Public School,LYNBROOK HS,,Nassau,100.0,All Grades
332000996503.0,Private School,BAY RIDGE PREPARATORY ACADEMY HIGH SCHOOL,,Kings,100.0,All Grades
51901040000.0,School District,UNION SPRINGS CENTRAL SCHOOL DISTRICT,,Cayuga,100.0,All Grades
621801060005.0,Public School,WALLKILL S H S,,Ulster,100.0,All Grades
260803060000.0,School District,WEST IRONDEQUOIT CENTRAL SCHOOL,,Monroe,99.89,All Grades
10100010044.0,Public School,SHERIDAN PREPARATORY ACADEMY,,Albany,100.0,All Grades
131601060015.0,Public School,UNION VALE MIDDLE SCHOOL,,Dutchess,100.0,All Grades
580403030002.0,Public School,SOUTHDOWN PRIMARY SCHOOL,,Suffolk,99.26,All Grades
660900809841.0,Private School,EMMANUEL CHILDREN'S MISSION SCHOOL,,Westchester,100.0,All Grades
190401996507.0,Private School,CATSKILL MONTESSORI SCHOOL,,Greene,100.0,All Grades
332000227463.0,Private School,YESHIVA YAGDIL TORAH,,Kings,98.8,All Grades
580403030000.0,School District,HUNTINGTON UNION FREE SCHOOL,,Suffolk,99.74,All Grades
450801060000.0,School District,MEDINA CENTRAL SCHOOL,,Orleans,99.68,All Grades
661100145450.0,Private School,URSULINE SCHOOL,,Westchester,100.0,All Grades
332100126015.0,Private School,ST ATHANASIUS SCHOOL,,Kings,100.0,All Grades
332100226958.0,Private School,YESHIVA RABBI CHAIM BERLIN,,Kings,100.0,All Grades
140600860986.0,Charter School,WEST BUFFALO CHARTER SCHOOL,,Erie,99.8,All Grades
332100226500.0,Private School,YESHIVA TORAH TEMIMAH,,Kings,100.0,All Grades
610801040000.0,School District,LANSING CENTRAL SCHOOL,,Tompkins,100.0,All Grades
280403030006.0,Public School,ROSLYN HEIGHTS ELEM SCHOOL,,Nassau,100.0,All Grades
310200996823.0,Private School,ST DAVIDS SCHOOL,,New York,100.0,All Grades
353100227999.0,Private School,YESHIVA RABBI JACOB JOSEPH FOR BOYS-MERKAZ HATORAH,,Richmond,93.85,All Grades
352212201408.0,Private School,YESHIVA KETANA OF STATEN ISLAND,,Richmond,100.0,All Grades
471601040006.0,Public School,UNATEGO MIDDLE SCHOOL,,Otsego,99.07,All Grades
500402060010.0,Public School,SUMMIT PARK ELEM SCHOOL,,Rockland,96.19,All Grades
200701040000.0,School District,LONG LAKE CENTRAL SCHOOL,,Hamilton,100.0,All Grades
580211060006.0,Public School,BICYCLE PATH ELEMENTARY SCHOOL,,Suffolk,99.34,All Grades
332000225465.0,Private School,TALMUD TORAH OHR MOSHE,,Kings,100.0,All Grades
660412020002.0,Public School,REACH ACADEMY (THE),,Westchester,97.83,All Grades
131801040000.0,School District,RHINEBECK CENTRAL SCHOOL,,Dutchess,79.95,All Grades
621201060004.0,Public School,WOODSTOCK ELEM SCHOOL,,Ulster,100.0,All Grades
412000050005.0,Public School,W A WETTEL ELEM SCHOOL,,Oneida,100.0,All Grades
420303185532.0,Private School,ST ROSE OF LIMA SCHOOL,,Onondaga,100.0,All Grades
589300000003.0,BOCES School,CHESTNUT HILL ELEMENTARY,,Suffolk,100.0,All Grades
332100226404.0,Private School,YESHIVA OF BROOKLYN - 1200,,Kings,94.12,All Grades
401001060000.0,School District,STARPOINT CENTRAL SCHOOL,,Niagara,100.0,All Grades
662402806729.0,Private School,HUDSON VALLEY CHRISTIAN ACADEMY LOWER CAMPUS,,Westchester,82.61,All Grades
332100226486.0,Private School,YESHIVAT MEKOR HAIM HIGH SCHOOL,,Kings,100.0,All Grades
661901030000.0,School District,RYE NECK UNION FREE SCHOOL,,Westchester,100.0,All Grades
70600010019.0,Public School,BROADWAY ACADEMY,,Chemung,99.73,All Grades
332200229143.0,Private School,YESHIVA TIFERES YISROEL,,Kings,100.0,All Grades
280223030000.0,School District,WANTAGH UNION FREE SCHOOL,,Nassau,100.0,All Grades
353100145254.0,Private School,ST CLARE SCHOOL,,Richmond,100.0,All Grades
471701040000.0,School District,COOPERSTOWN CENTRAL SCHOOL,,Otsego,100.0,All Grades
61501040000.0,School District,SILVER CREEK CENTRAL SCHOOL DISTRICT,,Chautauqua,99.77,All Grades
500402226504.0,Private School,BAIS CHINUCH TORAS EMACHU,,Rockland,100.0,All Grades
30701060000.0,School District,CHENANGO VALLEY CENTRAL SCHOOL DISTRICT,,Broome,99.94,All Grades
331400229671.0,Private School,TALMUD TORAH TASHBAR,,Kings,100.0,All Grades
261901060010.0,Public School,WILLINK MIDDLE SCHOOL,,Monroe,100.0,All Grades
280517030008.0,Public School,WOODLAND SCHOOL,,Nassau,99.64,All Grades
510501040000.0,School District,COLTON PIERREPT CENT SCH,,St.Lawrence,100.0,All Grades
10623060000.0,School District,NORTH COLONIE CENTRAL SCHOOL DISTRICT,,Albany,99.9,All Grades
500402226301.0,Private School,YESHIVA NER TORAH,,Rockland,100.0,All Grades
420303060000.0,School District,NORTH SYRACUSE CENTRAL SCHOOL,,Onondaga,99.93,All Grades
439000000009.0,BOCES School,WAYNE-FINGER LAKES BOCES - SECONDARY SCHOOLS,,Ontario,100.0,All Grades
62601040000.0,School District,SHERMAN CENTRAL SCHOOL DISTRICT,,Chautauqua,100.0,All Grades
321000226395.0,Private School,SINAI - SPECIAL NEEDS INSTITUTE INC,,Bronx,96.77,All Grades
660401030003.0,Public School,SLEEPY HOLLOW H S,,Westchester,100.0,All Grades
132101145054.0,Private School,ST DENIS - ST COLUMBA,,Dutchess,100.0,All Grades
660202030000.0,School District,CROTON HARMON U F S,,Westchester,99.55,All Grades
662101060003.0,Public School,SOMERS INTERMEDIATE SCHOOL,,Westchester,99.65,All Grades
442111020002.0,Public School,GREENWOOD LAKE ELEMENTARY SCHOOL,,Orange,100.0,All Grades
42400010002.0,Public School,WASHINGTON WEST ES,,Cattaraugus,99.63,All Grades
210601115680.0,Charter School,ST FRANCIS DE SALES SCHOOL,,Herkimer,100.0,All Grades
331800225971.0,Private School,YESHIVA GEDOLAH OHR YISROEL,,Kings,100.0,All Grades
332100226952.0,Private School,YESHIVA KARLIN STOLIN,,Kings,100.0,All Grades
141901060000.0,School District,LANCASTER CENTRAL SCHOOL,,Erie,47.54,All Grades
421800861124.0,Charter School,SYRACUSE ACADEMY OF SCIENCE AND CITIZENSHIP CHARTER SCHOOL,,Onondaga,99.87,All Grades
500402226252.0,Private School,UNITED TALMUDICAL ACADEMY - 415,,Rockland,92.97,All Grades
441301060004.0,Public School,VALLEY CENTRAL S H S,,Orange,100.0,All Grades
580403030009.0,Public School,WASHINGTON PRIMARY SCHOOL,,Suffolk,100.0,All Grades
280217020001.0,Public School,JOHN STREET SCHOOL,,Nassau,100.0,All Grades
260801165157.0,Private School,ST AMBROSE ACADEMY,,Monroe,100.0,All Grades
251101040000.0,School District,MADISON CENTRAL SCHOOL,,Madison,100.0,All Grades
280202030000.0,School District,UNIONDALE UNION FREE SCHOOL,,Nassau,99.19,All Grades
132201808016.0,Private School,UPTON LAKE CHRISTIAN SCHOOL,,Dutchess,96.72,All Grades
440102060002.0,Public School,TAFT ELEM SCHOOL,,Orange,99.81,All Grades
621101999524.0,Private School,MOUNTAIN LAUREL SCHOOL,,Ulster,100.0,All Grades
421800010070.0,Public School,"SYRACUSE LATIN SCHOOL (no lead reporting, see LeMoyne ES)",,Onondaga,99.68,All Grades
580413175554.0,Private School,ST ANTHONYS H S,,Suffolk,99.88,All Grades
332100228850.0,Private School,YESHIVA IMREI CHAIM VIZNITZ,,Kings,98.72,All Grades
22401040000.0,School District,SCIO CENTRAL SCHOOL DISTRICT,,Allegany,100.0,All Grades
420401060000.0,School District,EAST SYRACUSE-MINOA CENTRAL SCHOOL,,Onondaga,99.94,All Grades
662401060010.0,Public School,WALTER PANAS H S,,Westchester,100.0,All Grades
450607040000.0,School District,KENDALL CENTRAL SCHOOL,,Orleans,100.0,All Grades
641701060002.0,Public School,WHITEHALL J S H S,,Washington,100.0,All Grades
280223030006.0,Public School,WANTAGH MIDDLE SCHOOL,,Nassau,100.0,All Grades
21102040000.0,School District,CANASERAGA CENTRAL SCHOOL DISTRICT,,Allegany,100.0,All Grades
131301040000.0,School District,PINE PLAINS CENTRAL SCHOOL DISTRICT,,Dutchess,100.0,All Grades
670401040000.0,School District,LETCHWORTH CENT SCH AT GAINESVILLE,,Wyoming,100.0,All Grades
151102155008.0,Private School,ST AGNES PAROCHIAL SCHOOL - SARANAC AVENUE,,Essex,95.83,All Grades
342500997737.0,Private School,WINDSOR SCHOOL (THE),,Queens,100.0,All Grades
580405060003.0,Public School,SUNQUAM ELEMENTARY SCHOOL,,Suffolk,100.0,All Grades
41401040000.0,School District,HINSDALE CENTRAL SCHOOL DISTRICT,,Cattaraugus,100.0,All Grades
660809030004.0,Public School,PLEASANTVILLE MIDDLE SCHOOL,,Westchester,100.0,All Grades
190301040000.0,School District,CAIRO-DURHAM CENTRAL SCHOOL,,Greene,100.0,All Grades
580203020002.0,Public School,NORWOOD AVENUE SCHOOL,,Suffolk,97.74,All Grades
511602040000.0,School District,LISBON CENTRAL SCHOOL,,St.Lawrence,100.0,All Grades
130801145067.0,Private School,ST PETER SCHOOL,,Dutchess,100.0,All Grades
261600861020.0,Private School,YOUNG WOMENS COLLEGE PREP CHARTER,,Monroe,100.0,All Grades
10100010028.0,Public School,THOMAS S OBRIEN SCHOOL,,Albany,100.0,All Grades
580101449925.0,Private School,SOUTH BAY JR ACAD OF SDA,,Suffolk,100.0,All Grades
411800877482.0,Private School,N Y S SCHOOL FOR THE DEAF,,Oneida,100.0,All Grades
420411226658.0,Private School,SYRACUSE HEBREW DAY SCHOOL,,Onondaga,100.0,All Grades
332000225437.0,Private School,YESHIVA AND MESIFTA V'YOEL MOSHE SEAGATE,,Kings,100.0,All Grades
81200808719.0,Private School,VALLEY HEIGHTS CHRISTIAN ACADEMY,,Chenango,96.88,All Grades
142500010000.0,School District,TONAWANDA CITY SCHOOLS,,Erie,100.0,All Grades
250109040000.0,School District,BROOKFIELD CENTRAL SCHOOL,,Madison,100.0,All Grades
580410030021.0,Public School,MANDRACCHIA-SAW MILL INTERMEDIATE SCHOOL,,Suffolk,99.82,All Grades
620600010024.0,Public School,HARRY L EDSON SCHOOL,,Ulster,100.0,All Grades
412000050004.0,Public School,VER VERNA SHERRILL SHS,,Oneida,99.84,All Grades
81501040000.0,School District,OXFORD ACAD&CENT SCHOOL,,Chenango,100.0,All Grades
220701040000.0,School District,THOUSAND ISLANDS CENTRAL SCHOOL,,Jefferson,100.0,All Grades
10623060008.0,Public School,SOUTHGATE SCHOOL,,Albany,99.73,All Grades
140207060005.0,Public School,SWEET HOME MIDDLE SCHOOL,,Erie,100.0,All Grades
280205030000.0,School District,LEVITTOWN UNION FREE SCHOOL,,Nassau,92.59,All Grades
420501060001.0,Public School,ELBRIDGE ELEM SCHOOL,,Onondaga,99.65,All Grades
60401040000.0,School District,CASSADAGA VALLEY CENTRAL SCHOOL DISTRICT,,Chautauqua,99.87,All Grades
130801060000.0,School District,HYDE PARK CENTRAL SCHOOL DISTRICT,,Dutchess,99.58,All Grades
331400226342.0,Private School,UTA 110,,Kings,97.58,All Grades
180300329652.0,Private School,ST PAUL LUTHERAN SCHOOL,,Genesee,100.0,All Grades
332000809366.0,Private School,GATEWAY CITY ACADEMY - NEW HOPE,,Kings,100.0,All Grades
580201997962.0,Private School,NORTH SHORE MONTESSORI SCHOOL,,Suffolk,100.0,All Grades
121901040001.0,Public School,TOWNSEND ES,,Delaware,100.0,All Grades
420401060004.0,Public School,WOODLAND ELEM SCHOOL,,Onondaga,100.0,All Grades
660403997116.0,Private School,MASTERS SCHOOL (THE),,Westchester,100.0,All Grades
650801060004.0,Public School,WAYNE CENTRAL PRIMARY SCHOOL,,Wayne,99.77,All Grades
580912060000.0,School District,EASTPORT SOUTH MANOR CENTRAL SCHOOL,,Suffolk,100.0,All Grades
260401060000.0,School District,GATES CHILI CENTRAL SCHOOL,,Monroe,75.97,All Grades
10402060001.0,Public School,RAVENA SHS,,Albany,100.0,All Grades
801459752148.0,Private School,Upper Lake School,,Seneca,11.11,All Grades
522101030005.0,Public School,WATERFORD-HALFMOON SCHOOL UPK-12,,Saratoga,99.56,All Grades
521401040010.0,Public School,TANGLEWOOD ELEM SCHOOL,,Saratoga,99.75,All Grades
420501060000.0,School District,JORDAN ELBRIDGE CENTRAL SCHOOL,,Onondaga,99.9,All Grades
500402225047.0,Private School,TALMUD TORAH BOBOV,,Rockland,95.71,All Grades
310100147414.0,Private School,ST GEORGE ACADEMY,,New York,94.96,All Grades
241101040000.0,School District,KESHEQUA CENTRAL SCHOOL DISTRICT,,Livingston,99.8,All Grades
212001040000.0,School District,MOUNT MARKHAM CENTRAL SCHOOL DISTRICT,,Herkimer,100.0,All Grades
660406030000.0,School District,EDGEMONT UFS GREENBURGH,,Westchester,100.0,All Grades
310200996836.0,Private School,UNITED NATIONS INTERNATIONAL SCHOOL - MANHATTAN CAMPUS,,New York,100.0,All Grades
131601060005.0,Public School,TRAVER ROAD PRIMARY SCHOOL,,Dutchess,100.0,All Grades
580912060004.0,Public School,DAYTON AVE ES,,Suffolk,100.0,All Grades
251400185522.0,Private School,ST PATRICK SCHOOL,,Madison,97.78,All Grades
142801060011.0,Public School,WEST SENECA WEST MIDDLE SCHOOL,,Erie,100.0,All Grades
680601060000.0,School District,PENN YAN CENTRAL SCHOOL,,Yates,100.0,All Grades
661800999826.0,Private School,WESTFIELD DAY SCHOOL (THE),,Westchester,100.0,All Grades
661004060002.0,Public School,ROARING BROOK SCHOOL,,Westchester,100.0,All Grades
251400010006.0,Public School,W F PRIOR ELEMENTARY SCHOOL,,Madison,99.6,All Grades
140101136379.0,Private School,ST JOHN THE BAPTIST SCHOOL,,Erie,100.0,All Grades
650801060005.0,Public School,WAYNE CENTRAL MIDDLE SCHOOL,,Wayne,100.0,All Grades
581010020000.0,School District,GREENPORT UNION FREE SCHOOL,,Suffolk,98.85,All Grades
440901040000.0,School District,HIGHLAND FALLS CENTRAL SCHOOL,,Orange,99.77,All Grades
30101060000.0,School District,CHENANGO FORKS CENTRAL SCHOOL DISTRICT,,Broome,81.46,All Grades
500401060004.0,Public School,SLOATSBURG ELEM SCHOOL,,Rockland,100.0,All Grades
210302040003.0,Public School,WEST CANADA VALLEY J S H S,,Herkimer,97.43,All Grades
220401040000.0,School District,GENERAL BROWN CENTRAL SCHOOL,,Jefferson,100.0,All Grades
572301040000.0,School District,PRATTSBURG CENTRAL SCHOOL,,Steuben,100.0,All Grades
342900626081.0,Private School,WELLSPRING ELEMENTARY,,Queens,98.95,All Grades
580211060017.0,Public School,NEW LANE MEMORIAL ELEM SCHOOL,,Suffolk,99.61,All Grades
580413030005.0,Public School,SILAS WOOD 6TH GRADE CENTER-STIMSON ANNEX,,Suffolk,99.76,All Grades
661401145100.0,Private School,ST AUGUSTINE SCHOOL,,Westchester,99.71,All Grades
141301060000.0,School District,IROQUOIS CENTRAL SCHOOL,,Erie,90.68,All Grades
280220030002.0,Public School,MARION STREET SCHOOL,,Nassau,100.0,All Grades
460500010001.0,Public School,FAIRGRIEVE SCHOOL,,Oswego,99.75,All Grades
420101060006.0,Public School,SPLIT ROCK ELEM SCHOOL,,Onondaga,99.7,All Grades
220401040002.0,Public School,BROWNVILLE SCHOOL,,Jefferson,100.0,All Grades
331500995687.0,Private School,INTERNATIONAL SCHOOL OF BROOKLYN,,Kings,100.0,All Grades
280202861142.0,Charter School,ACADEMY CHARTER SCHOOL - UNIONDALE,,Nassau,99.62,All Grades
343000125964.0,Private School,OUR LADY OF FATIMA SCHOOL,,Queens,100.0,All Grades
580501030003.0,Public School,MARY G CLARKSON SCHOOL,,Suffolk,100.0,All Grades
660900010014.0,Public School,GRIMES SCHOOL,,Westchester,93.47,All Grades
90201806219.0,Private School,ADIRONDACK CHRISTIAN SCHOOL,,Clinton,93.67,All Grades
280100010008.0,Public School,ROBERT M. FINLEY MIDDLE SCHOOL,,Nassau,98.7,All Grades
660402020001.0,Public School,IRVINGTON S H S,,Westchester,99.81,All Grades
580205060020.0,Public School,SACHEM HIGH SCHOOL EAST,,Suffolk,100.0,All Grades
331300606463.0,Private School,BROOKLYN FRIENDS SCHOOL - UPPER,,Kings,100.0,All Grades
132101060016.0,Public School,ORCHARD VIEW ALTERNATIVE HIGH SCHOOL,,Dutchess,100.0,All Grades
142801060015.0,Public School,CLINTON STREET SCHOOL,,Erie,99.68,All Grades
421800010022.0,Public School,FRAZER SCHOOL,,Onondaga,85.6,All Grades
450801060002.0,Public School,OAK ORCHARD SCHOOL,,Orleans,98.75,All Grades
132201040005.0,Public School,MILLBROOK HIGH SCHOOL,,Dutchess,100.0,All Grades
331700999382.0,Private School,ARISTA PREP ACADEMY & NURSERY SCHOOL,,Kings,91.67,All Grades
590501060003.0,Public School,BENJAMIN COSOR ELEM SCHOOL,,Sullivan,100.0,All Grades
91402060004.0,Public School,SARANAC ES,,Clinton,100.0,All Grades
30200227054.0,Private School,HILLEL ACADEMY,,Broome,100.0,All Grades
261600010061.0,Public School,SCHOOL 61 EAST UPPER SCHOOL,,Monroe,99.83,All Grades
132201040003.0,Public School,ELM DRIVE ES,,Dutchess,100.0,All Grades
660407060001.0,Public School,LEE JACKSON SCHOOL,,Westchester,99.91,All Grades
512201040001.0,Public School,NORWOOD J S H S,,St.Lawrence,100.0,All Grades
261401060009.0,Public School,THORNELL ROAD SCHOOL,,Monroe,100.0,All Grades
580106030003.0,Public School,PARK AVENUE SCHOOL,,Suffolk,98.52,All Grades
500304030007.0,Public School,NYACK MIDDLE SCHOOL,,Rockland,99.69,All Grades
620600010012.0,Public School,GEORGE WASHINGTON SCHOOL,,Ulster,99.68,All Grades
240101040002.0,Public School,AVON HS,,Livingston,100.0,All Grades
353100998212.0,Private School,EDEN II SCHOOL FOR AUTISTIC CHILDREN,,Richmond,100.0,All Grades
261600997046.0,Private School,ROCHESTER SCHOOL FOR DEAF,,Monroe,97.94,All Grades
412902060003.0,Public School,HARTS HILL ELEM SCHOOL,,Oneida,100.0,All Grades
331700226450.0,Private School,Congregation Ohr Menachem - 1717,,Kings,100.0,All Grades
421101060003.0,Public School,MARCELLUS H S,,Onondaga,99.77,All Grades
421800807821.0,Private School,FAITH HERITAGE SCHOOL,,Onondaga,99.06,All Grades
441020101145.0,Private School,LITTLE LOTUS ACADEMY,,Orange,96.0,All Grades
342900125944.0,Private School,MARY LOUIS ACADEMY (THE),,Queens,100.0,All Grades
630701040003.0,Public School,LAKE GEORGE ELEMENTARY,,Warren,99.28,All Grades
310200996817.0,Private School,RUDOLF STEINER SCHOOL,,New York,96.83,All Grades
280218030007.0,Public School,GARDEN CITY S H S,,Nassau,23.22,All Grades
140600136376.0,Private School,ST MARK SCHOOL,,Erie,100.0,All Grades
261501060004.0,Public School,CHURCHVILLE CHILI S H S,,Monroe,100.0,All Grades
520101060001.0,Public School,FRANCIS L STEVENS ELEM SCHOOL,,Saratoga,100.0,All Grades
141501060000.0,School District,GRAND ISLAND CENTRAL SCHOOL,,Erie,99.93,All Grades
580509030004.0,Public School,MANETUCK ELEM SCHOOL,,Suffolk,100.0,All Grades
332100206993.0,Private School,RABBINICAL ACADEMY MESIVTA RABBI CHAIM BERLIN,,Kings,100.0,All Grades
412300999379.0,Private School,UPSTATE CEREBRAL PALSY - TRADEWINDS EDUCATION CENTER @ ROME,,Oneida,100.0,All Grades
441600996742.0,Private School,ABILITIES FIRST - Educational Learning Experience,,Orange,100.0,All Grades
280212175620.0,Private School,OUR LADY OF LOURDES SCHOOL - Malverne,,Nassau,100.0,All Grades
342500997772.0,Private School,LOWELL UPPER SCHOOL OF FLUSHING,,Queens,100.0,All Grades
662300010059.0,Public School,JUSTICE SONIA SOTOMAYER COMMUNITY SCHOOL DISTRICT,,Westchester,100.0,All Grades
641610040003.0,Public School,CAMBRIDGE J S H S,,Washington,100.0,All Grades
412300185517.0,Private School,NOTRE DAME ELEMENTARY SCHOOL,,Oneida,100.0,All Grades
500308030011.0,Public School,LINCOLN AVE SCHOOL,,Rockland,100.0,All Grades
280407229720.0,Private School,LONG ISLAND HEBREW ACADEMY,,Nassau,100.0,All Grades
530600998000.0,Private School,NORTHEAST PARENT & CHILD SOCIETY,,Schenectady,100.0,All Grades
661905020003.0,Public School,BLIND BROOK-RYE MIDDLE SCHOOL,,Westchester,100.0,All Grades
331500609288.0,Private School,MARY MCDOWELL CENTER FOR LEARNING - LOWER SCHOOL,,Kings,100.0,All Grades
280521030002.0,Public School,CENTRAL BLVD ELEM SCHOOL,,Nassau,100.0,All Grades
640801040003.0,Public School,GREENWICH ELEM SCHOOL,,Washington,100.0,All Grades
10601115674.0,Private School,CHRISTIAN BROTHERS ACADEMY,,Albany,99.82,All Grades
580211060015.0,Public School,JERICHO ELEM SCHOOL,,Suffolk,99.53,All Grades
480401996170.0,Private School,MANITOU SCHOOL (THE),,Putnam,90.14,All Grades
310300999956.0,Private School,SCHOOL @ COLUMBIA UNIVERSITY,,New York,100.0,All Grades
480601060003.0,Public School,BREWSTER HIGH SCHOOL,,Putnam,100.0,All Grades
590901226656.0,Private School,ACH TOV V'CHESED - 33 CHESTNUT,,Sullivan,100.0,All Grades
280523030004.0,Public School,FAIRFIELD ELEM SCHOOL,,Nassau,100.0,All Grades
420501060003.0,Public School,JORDAN ELBRIDGE HIGH SCHOOL,,Onondaga,100.0,All Grades
261201998352.0,Private School,PENFIELD VILLAGE NURSERY SCHOOL AND KINDERGARTEN,,Monroe,100.0,All Grades
621801060001.0,Public School,LEPTONDALE ELEM SCHOOL,,Ulster,99.56,All Grades
331500228974.0,Private School,BAIS BROCHO D'KARLIN STOLIN,,Kings,100.0,All Grades
332000228527.0,Private School,BNOS YERUSHALAYIM,,Kings,100.0,All Grades
441600010004.0,Public School,FOSTERTOWN ETC MAGNET SCHOOL,,Orange,99.83,All Grades
500402225490.0,Private School,THE SKILL BUILDING CENTER,,Rockland,100.0,All Grades
560701060004.0,Public School,E CADY STANTON ELEM SCHOOL,,Seneca,100.0,All Grades
310200145356.0,Private School,MARYMOUNT SCHOOL OF NEW YORK,,New York,99.86,All Grades
571000010017.0,Public School,CORNING-PAINTED POST HIGH SCHOOL,,Steuben,100.0,All Grades
10100010029.0,Public School,GIFFEN MEMORIAL SCHOOL,,Albany,98.7,All Grades
500402225496.0,Private School,BAIS TRANY OF MONSEY,,Rockland,98.58,All Grades
401301040003.0,Public School,BARKER J S H S,,Niagara,99.69,All Grades
343000125953.0,Private School,MONSIGNOR MCCLANCY MEMORIAL H S,,Queens,100.0,All Grades
280515030003.0,Public School,SEAMAN ELEMENTARY SCHOOL,,Nassau,100.0,All Grades
580805060001.0,Public School,R.J.O. IS,,Suffolk,100.0,All Grades
280252070006.0,Public School,SEWANHAKA H S,,Nassau,99.94,All Grades
180202040003.0,Public School,ALEXANDER J S H S,,Genesee,100.0,All Grades
461801040001.0,Public School,PULASKI MIDDLE/J S H S,,Oswego,100.0,All Grades
280210030009.0,Public School,BALDWIN S H S,,Nassau,100.0,All Grades
660501145118.0,Private School,SCHOOL OF THE HOLY CHILD H S,,Westchester,100.0,All Grades
190501040002.0,Public School,COXSACKIE ELEM SCHOOL,,Greene,98.42,All Grades
280210030004.0,Public School,LENOX ELEMENTARY SCHOOL,,Nassau,100.0,All Grades
630300010003.0,Public School,JACKSON HEIGHTS SCHOOL,,Warren,100.0,All Grades
321100996863.0,Private School,THE NEW YORK INSTITUTE FOR SPE ED,,Bronx,98.9,All Grades
332100226336.0,Private School,MESIVTA VERETZKY,,Kings,100.0,All Grades
10402060002.0,Public School,ALBERTUS W BECKER SCHOOL,,Albany,100.0,All Grades
69200000013.0,BOCES School,ERIE 2 BOCES LOGUDICE EDUCATIONAL CENTER A BLDG,,Chautauqua,98.61,All Grades
580205060019.0,Public School,SACHEM H S,,Suffolk,99.95,All Grades
310300999404.0,Private School,DWIGHT SCHOOL,,New York,99.86,All Grades
280404030005.0,Public School,JOHN J DALY ELEM SCHOOL,,Nassau,100.0,All Grades
500101060019.0,Public School,CLARKSTOWN SOUTH S H S,,Rockland,100.0,All Grades
580501030001.0,Public School,BROOK AVENUE ELEM SCHOOL,,Suffolk,99.12,All Grades
440901040004.0,Public School,HIGHLAND FALLS MIDDLE SCHOOL,,Orange,99.41,All Grades
212101040005.0,Public School,CENTRAL VALLEY ACADEMY,,Herkimer,100.0,All Grades
230301040002.0,Public School,HARRISVILLE J S H S,,Lewis,100.0,All Grades
660402020004.0,Public School,DOWS LANE (K-3) SCHOOL,,Westchester,100.0,All Grades
580211060002.0,Public School,HAWKINS PATH SCHOOL,,Suffolk,100.0,All Grades
580601040002.0,Public School,MILLER AVENUE SCHOOL,,Suffolk,100.0,All Grades
141228101216.0,Charter School,PRIMARY HALL PREPARATORY CHARTER SCHOOL,,Erie,100.0,All Grades
580506998128.0,Private School,DEVELOPMENTAL DISABILITIES INSTITUTE-SMITHTOWN,,Suffolk,100.0,All Grades
140709030003.0,Public School,JF KENNEDY MS,,Erie,100.0,All Grades
541001040002.0,Public School,MIDDLEBURGH ELEMENTARY SCHOOL,,Schoharie,100.0,All Grades
332000226900.0,Private School,BOBOVER YESHIVA BNEI ZION - 36TH STREET,,Kings,99.74,All Grades
60701659832.0,Private School,CLOVER HILL SCHOOL,,Chautauqua,46.67,All Grades
170500010009.0,Public School,GLOVERSVILLE H S,,Fulton,100.0,All Grades
353100145370.0,Private School,NOTRE DAME ACADEMY H S,,Richmond,100.0,All Grades
310200226798.0,Private School,MESIVTA TIFERETH JERUSALEM,,New York,98.31,All Grades
131500010006.0,Public School,G W KRIEGER SCHOOL,,Dutchess,99.76,All Grades
140600861109.0,Charter School,REACH ACADEMY CHARTER SCHOOL,,Erie,100.0,All Grades
181302040002.0,Public School,PEMBROKE J S H S,,Genesee,99.54,All Grades
441600010001.0,Public School,BALMVILLE SCHOOL,,Orange,99.69,All Grades
321000996867.0,Private School,RIVERDALE COUNTRY SCHOOL,,Bronx,100.0,All Grades
650902040002.0,Public School,RICHARD MANN ELEM SCHOOL,,Wayne,99.38,All Grades
20702040001.0,Public School,GENESEE VALLEY ELEMENTARY/MIDDLE/HIGH SCHOOL,,Allegany,99.81,All Grades
480401040002.0,Public School,HALDANE HIGH SCHOOL,,Putnam,99.08,All Grades
480401040001.0,Public School,HALDANE ELEMENTARY/MIDDLE SCHOOL,,Putnam,99.2,All Grades
421101060001.0,Public School,K C HEFFERNAN ELEM SCHOOL,,Onondaga,99.76,All Grades
280218030006.0,Public School,GARDEN CITY MIDDLE,,Nassau,100.0,All Grades
332000718760.0,Private School,D & G KALOIDIS PAROCHIAL SCHOOL,,Kings,90.21,All Grades
280205030016.0,Public School,GEN DOUGLAS MACARTHUR S H S,,Nassau,99.84,All Grades
161501060015.0,Public School,MALONE MIDDLE SCHOOL,,Franklin,100.0,All Grades
110701060003.0,Public School,HOMER INTERMEDIATE SCHOOL,,Cortland,100.0,All Grades
280404030008.0,Public School,CARRIE PALMER WEBER J H S,,Nassau,99.75,All Grades
220101040002.0,Public School,GEN BRUCE E CLARK HS,,Jefferson,100.0,All Grades
500402226298.0,Private School,MOSDOS SANZ KLAUSENBURG OF MONSEY - ECKERSON,,Rockland,99.13,All Grades
660900010005.0,Public School,HOLMES SCHOOL,,Westchester,96.84,All Grades
131601060010.0,Public School,JOSEPH D'AQUANNI WEST RD INTERMEDIATE SCHOOL,,Dutchess,100.0,All Grades
70901806239.0,Private School,FOUNDATIONS CHRISTIAN SCJOOL,,Chemung,98.39,All Grades
580801997107.0,Private School,HARBOR COUNTRY DAY SCHOOL,,Suffolk,100.0,All Grades
131601060011.0,Public School,NOXON ROAD ES,,Dutchess,100.0,All Grades
520601080000.0,Public School,EDINBURG COMMON SCHOOL,,Saratoga,93.62,All Grades
10605858417.0,Private School,LATHAM CHRISTIAN ACADEMY,,Albany,100.0,All Grades
630902996413.0,Private School,LANGAN SCHOOL AT PROSPECT CENTER,,Warren,100.0,All Grades
210402060003.0,Public School,FRANKFORT SCHUYLER ELEMENTARY SCHOOL,,Herkimer,99.74,All Grades
499352012033.0,BOCES School,SACKETT EDUCATIONAL CENTER,,Rensselaer,100.0,All Grades
480404020001.0,Public School,GARRISON SCHOOL,,Putnam,100.0,All Grades
621601060001.0,Public School,RICCARDI ELEMENTARY SCHOOL,,Ulster,100.0,All Grades
580801999902.0,Private School,KNOX SCHOOL,,Suffolk,5.86,All Grades
310200995529.0,Private School,BRITISH INTERNATIONAL SCHOOL OF NY,,New York,100.0,All Grades
261301060001.0,Public School,BROOKS HILL SCHOOL,,Monroe,99.46,All Grades
260803060012.0,Public School,BROOKVIEW SCHOOL,,Monroe,100.0,All Grades
520101060005.0,Public School,O'ROURKE MIDDLE SCHOOL,,Schenectady,100.0,All Grades
280501997101.0,Private School,SCO FAMILY OF SERVICES TYREE LEARNING CENTER,,Nassau,96.3,All Grades
661601030002.0,Public School,HUTCHINSON SCHOOL,,Westchester,100.0,All Grades
410601040006.0,Public School,CAMDEN S H S,,Oneida,100.0,All Grades
280403030008.0,Public School,ROSLYN H S,,Nassau,99.63,All Grades
331230201230.0,Private School,HADRAN ACADEMY,,Kings,100.0,All Grades
662001030005.0,Public School,QUAKER RIDGE SCHOOL,,Westchester,99.8,All Grades
471400010004.0,Public School,GREATER PLAINS ELEM SCHOOL,,Otsego,99.65,All Grades
621601060003.0,Public School,CAHILL SCHOOL,,Ulster,99.58,All Grades
629000000004.0,BOCES School,ULSTER BOCES - CITL @ ANNA DEVINE,,Ulster,100.0,All Grades
500402229299.0,Private School,BAIS SHIFRA MIRIAM,,Rockland,92.41,All Grades
410401060005.0,Public School,ADIRONDACK H S,,Oneida,100.0,All Grades
10100115684.0,Private School,ALL SAINTS CATHOLIC ACADEMY,,Albany,100.0,All Grades
580502020004.0,Public School,ISLIP J H S,,Suffolk,100.0,All Grades
10306999575.0,Private School,BETHLEHEM CHILDRENS SCHOOL,,Albany,100.0,All Grades
400800010031.0,Public School,HARRY F ABATE ELEM SCHOOL,,Niagara,99.54,All Grades
280208030009.0,Public School,ROOSEVELT MIDDLE SCHOOL,,Nassau,99.33,All Grades
353100145389.0,Private School,OUR LADY QUEEN OF PEACE SCHOOL,,Richmond,100.0,All Grades
261701060006.0,Public School,FLOYD S WINSLOW ELEM SCHOOL,,Monroe,99.77,All Grades
141401060001.0,Public School,HIGHLAND ES,,Erie,99.71,All Grades
280229020003.0,Public School,OLD MILL ROAD SCHOOL,,Nassau,100.0,All Grades
662200010002.0,Public School,GEORGE WASHINGTON SCHOOL,,Westchester,98.84,All Grades
500402207407.0,Private School,SHAAREI TORAH OF ROCKLAND,,Rockland,100.0,All Grades
310200999971.0,Private School,KESWELL SCHOOL (THE),,New York,100.0,All Grades
140600010054.0,Public School,PS 54 DR. GEORGE E. BLACKMAN SCHOOL OF EXCELLENCE,,Erie,100.0,All Grades
662200858400.0,Private School,RIDGEWAY NRSY SCHOOL & KINDERGARTEN,,Westchester,100.0,All Grades
132101060001.0,Public School,BRINCKERHOFF ES,,Dutchess,99.64,All Grades
42901040001.0,Public School,PORTVILLE ES,,Cattaraugus,99.29,All Grades
580404030006.0,Public School,PULASKI ROAD SCHOOL,,Suffolk,100.0,All Grades
470501997072.0,Private School,PATHFINDER VILLAGE SCHOOL,,Otsego,95.0,All Grades
261701060002.0,Public School,ETHEL K FYLE ELEM SCHOOL,,Monroe,100.0,All Grades
10201040001.0,Public School,BERNE KNOX JSHS,,Albany,100.0,All Grades
580403030013.0,Public School,HUNTINGTON H S,,Suffolk,99.59,All Grades
429000008003.0,BOCES School,ONONDAGA-CORTLAND-MADISON BOCES - CROWN ROAD CAMPUS,,Onondaga,100.0,All Grades
580405060008.0,Public School,CANDLEWOOD J H S,,Suffolk,99.44,All Grades
441202020001.0,Public School,KIRYAS JOEL VILLAGE SCHOOL,,Orange,99.25,All Grades
240201040000.0,School District,CALEDONIA MUMFORD CENT SCH,,Livingston,100.0,All Grades
270100010010.0,Public School,AMSTERDAM H S,,Montgomery,99.83,All Grades
280401030003.0,Public School,DRYDEN STREET SCHOOL,,Nassau,95.31,All Grades
331400226352.0,Private School,BNOS YAKOV,,Kings,98.55,All Grades
580602040003.0,Public School,AQUEBOGUE ELEM SCHOOL,,Suffolk,100.0,All Grades
530202807972.0,Private School,MEKEEL CHRISTIAN ACADEMY,,Schenectady,96.22,All Grades
261301060002.0,Public School,JOHANNA PERRIN SCHOOL,,Monroe,100.0,All Grades
661500010001.0,Public School,HILLCREST SCHOOL,,Westchester,97.88,All Grades
91402060005.0,Public School,SARANAC HS (and JHS for lead reporting),,Clinton,100.0,All Grades
181302040001.0,Public School,PEMBROKE INTERMEDIATE SCHOOL,,Genesee,99.59,All Grades
420411996003.0,Private School,MONTESSORI DISCOVERY SCHOOL,,Onondaga,100.0,All Grades
400800010041.0,Public School,LASALLE PREP SCHOOL,,Niagara,99.82,All Grades
310200145416.0,Private School,REGIS H S,,New York,99.81,All Grades
142601030003.0,Public School,BENJAMIN FRANKLIN MIDDLE SCHOOL,,Erie,100.0,All Grades
480601996087.0,Private School,LONGVIEW SCHOOL,,Putnam,100.0,All Grades
140600010069.0,Public School,PS 69 HOUGHTON ACADEMY,,Erie,99.76,All Grades
580206020004.0,Public School,EDNA LOUISE SPEAR ELEMENTARY,,Suffolk,98.75,All Grades
131301040001.0,Public School,SEYMOUR SMITH ES,,Dutchess,100.0,All Grades
342800125971.0,Private School,OUR LADY QUEEN-MARTYRS SCH,,Queens,99.64,All Grades
662300010014.0,Public School,ROSMARIE ANN SIRAGUSA,,Westchester,100.0,All Grades
280518030002.0,Public School,EASTPLAIN SCHOOL,,Nassau,100.0,All Grades
331400229323.0,Private School,BNOS CHAYIL,,Kings,100.0,All Grades
280215030000.0,School District,LAWRENCE UNION FREE SCHOOL,,Nassau,100.0,All Grades
260501999467.0,Private School,GREECE MONTESSORI SCHOOL,,Monroe,100.0,All Grades
660900010022.0,Public School,DAVIS MIDDLE SCHOOL,,Westchester,99.87,All Grades
580205060006.0,Public School,WAVERLY AVENUE SCHOOL,,Suffolk,99.8,All Grades
140600010118.0,Public School,PS 94 WEST HERTEL ACADEMY,,Erie,100.0,All Grades
480601060005.0,Public School,HENRY H WELLS MIDDLE SCHOOL,,Putnam,99.24,All Grades
170901040002.0,Public School,NORTHVILLE ELEM SCHOOL,,Fulton,100.0,All Grades
459000000000.0,BOCES School,ORLEANS NIAGARA BOCES,,Orleans,100.0,All Grades
310200228689.0,Private School,ABRAHAM JOSHUA HESCHEL SCHOOL,,New York,100.0,All Grades
261600997698.0,Private School,HILLSIDE CHILDRENS CTR SCHOOL,,Monroe,98.48,All Grades
440401060004.0,Public School,CRISPELL MIDDLE SCHOOL,,Orange,100.0,All Grades
591201040002.0,Public School,TRI VALLEY ELEM SCHOOL,,Sullivan,100.0,All Grades
471400010008.0,Public School,RIVERSIDE ELEM SCHOOL,,Otsego,100.0,All Grades
11003060000.0,School District,VOORHEESVILLE CENTRAL SCHOOL DISTRICT,,Albany,100.0,All Grades
50701040000.0,School District,SOUTHERN CAYUGA CENTRAL SCHOOL DISTRICT,,Cayuga,93.46,All Grades
261401060006.0,Public School,PITTSFORD S H S,,Monroe,100.0,All Grades
280518175603.0,Private School,MARIA REGINA SCHOOL,,Nassau,98.84,All Grades
500301060009.0,Public School,COTTAGE LANE SCHOOL,,Rockland,100.0,All Grades
310200996051.0,Private School,ECOLE INTERNATIONALE DE NEW YORK,,New York,100.0,All Grades
550301651235.0,Private School,ROCKSTREAM SCHOOL,,Schuyler,26.92,All Grades
280215227930.0,Private School,HAFTR HIGH SCHOOL,,Nassau,100.0,All Grades
550101040001.0,Public School,B C CATE ELEM SCHOOL,,Schuyler,100.0,All Grades
331900228604.0,Private School,BEER HAGOLAH INSTITUTE - HIGH SCHOOL,,Kings,98.4,All Grades
530600010009.0,Public School,HAMILTON ELEM SCHOOL,,Schenectady,99.28,All Grades
110901857870.0,Private School,MARATHON CHRISTIAN ACADEMY,,Cortland,100.0,All Grades
580201996321.0,Private School,MONTESSORI SCHOOL AT OLD FIELD,,Suffolk,100.0,All Grades
270100010018.0,Public School,WILLIAM B TECLER ARTS IN EDUCATION MAGNET SCHOOL,,Montgomery,99.77,All Grades
140207060003.0,Public School,MAPLEMERE ES,,Erie,99.79,All Grades
430901060002.0,Public School,GORHAM ELEM SCHOOL,,Ontario,100.0,All Grades
641610040000.0,School District,CAMBRIDGE CENTRAL SCHOOL,,Washington,99.69,All Grades
620600010020.0,Public School,J WATSON BAILEY SCHOOL,,Ulster,100.0,All Grades
500401226345.0,Private School,CONG KOLEL CHASIDEI RACHMISTRIVKA - 93 HIGHVIEW,,Rockland,88.61,All Grades
660301030006.0,Public School,EASTCHESTER HIGH SCHOOL,,Westchester,99.77,All Grades
441101040002.0,Public School,MINISINK VALLEY ELEM SCHOOL,,Orange,100.0,All Grades
500402229966.0,Private School,BAIS YEHUDA,,Rockland,100.0,All Grades
400601060002.0,Public School,NEWFANE ELEM SCHOOL,,Niagara,100.0,All Grades
260501060012.0,Public School,BUCKMAN HEIGHTS SCHOOL,,Monroe,100.0,All Grades
61700010001.0,Public School,CARLYLE C RING ES,,Chautauqua,99.1,All Grades
280409030008.0,Public School,HERRICKS H S,,Nassau,99.93,All Grades
500308030008.0,Public School,PEARL RIVER S H S,,Rockland,99.77,All Grades
310300996653.0,Private School,SHIRLEY ANINIAS SCHOOL LLC (THE),,New York,100.0,All Grades
572901040002.0,Public School,GLENN CURTISS MEMORIAL SCHOOL,,Steuben,99.72,All Grades
342800229850.0,Private School,SHA'AREI ZION OHEL BRACHA,,Queens,96.86,All Grades
342500809793.0,Private School,FULL GOSPEL CHRISTIAN SCH,,Queens,100.0,All Grades
331700226524.0,Private School,BETH RIVKAH SCHOOL,,Kings,95.15,All Grades
510099110099.0,Private School,SAINT CATHERINE OF SIENA ACADEMY,,St.Lawrence,100.0,All Grades
342700226439.0,Private School,CONGREGATION YMH,,Queens,100.0,All Grades
662300010000.0,School District,YONKERS CITY SCHOOLS,,Westchester,95.0,All Grades
220101040003.0,Public School,MAYNARD P WILSON SCHOOL,,Jefferson,99.78,All Grades
30200010021.0,Public School,BINGHAMTON HS,,Broome,99.68,All Grades
630300010004.0,Public School,KENSINGTON ROAD SCHOOL,,Warren,100.0,All Grades
500101060020.0,Public School,BIRCHWOOD SCHOOL,,Rockland,100.0,All Grades
580502020005.0,Public School,SHERWOOD ELEM SCHOOL,,Suffolk,74.85,All Grades
270301040003.0,Public School,CANAJOHARIE MIDDLE SCHOOL,,Montgomery,100.0,All Grades
260101166603.0,Private School,MCQUAID JESUIT H S,,Monroe,99.87,All Grades
260801166610.0,Private School,BISHOP KEARNEY HS,,Monroe,100.0,All Grades
310200997065.0,Private School,ALLEN STEVENSON SCHOOL (THE),,New York,100.0,All Grades
580107030004.0,Public School,JOHN QUINCY ADAMS ELEMENTARY SCHOOL,,Suffolk,100.0,All Grades
470202040002.0,Public School,GILBERTSVILLE-MOUNT UPTON ELEMENTARY SCHOOL,,Otsego,100.0,All Grades
580513030005.0,Public School,CHARLES A MULLIGAN INTERMEDIATE SCHOOL,,Suffolk,100.0,All Grades
140600010101.0,Public School,PS 301 BURGARD HIGH SCHOOL,,Erie,93.32,All Grades
280407226329.0,Private School,YESHIVAT KOL YAAKOV,,Nassau,95.8,All Grades
331300606904.0,Private School,BROOKLYN FRIENDS SCHOOL,,Kings,100.0,All Grades
580602040004.0,Public School,PHILLIPS AVENUE SCHOOL,,Suffolk,99.49,All Grades
332200125181.0,Private School,MIDWOOD CATHOLIC ACADEMY,,Kings,99.55,All Grades
580512030002.0,Public School,EAST ELEMENTARY SCHOOL,,Suffolk,99.28,All Grades
662300315793.0,Private School,ST MARK LUTHERAN SCHOOL - KIMBALL,,Westchester,100.0,All Grades
140801060006.0,Public School,CLARENCE SHS,,Erie,99.68,All Grades
499000000000.0,BOCES School,RENSSELAER COLUMBIA GREENE BOCES,,Rensselaer,100.0,All Grades
280406030002.0,Public School,MANHASSET SECONDARY SCHOOL,,Nassau,100.0,All Grades
641301060004.0,Public School,HUDSON FALLS INTERMEDIATE BUILDING,,Washington,100.0,All Grades
261201809352.0,Private School,THE CHARLES FINNEY SCHOOL,,Monroe,99.02,All Grades
280215229704.0,Private School,HAFTR MS,,Nassau,100.0,All Grades
342700228893.0,Private School,SIACH YITZCHOK,,Queens,100.0,All Grades
660401030001.0,Public School,JOHN PAULDING SCHOOL,,Westchester,99.38,All Grades
440201020000.0,School District,CHESTER UNION FREE SCHOOL,,Orange,100.0,All Grades
430700998673.0,Private School,CHILDREN'S HOURS SCHOOL,,Ontario,100.0,All Grades
500201060009.0,Public School,NORTH ROCKLAND H S,,Rockland,95.81,All Grades
441201226531.0,Private School,SHERI TORAH INC. - LIZENSK,,Orange,95.36,All Grades
490301060001.0,Public School,DONALD P SUTHERLAND SCHOOL,,Rensselaer,99.6,All Grades
280213020001.0,Public School,JAMES A. DEVER SCHOOL,,Nassau,94.55,All Grades
280407030009.0,Public School,GREAT NECK/MANHASSSET PRE-K AT PARKVILLE PRE-K CTR,,Nassau,100.0,All Grades
630801040001.0,Public School,HADLEY LUZERNE JSHS,,Warren,100.0,All Grades
331700225617.0,Private School,CONGREGATION OHR MENACHEM,,Kings,96.88,All Grades
91200010004.0,Public School,OAK STREET ELEMENTARY,,Clinton,100.0,All Grades
31601060021.0,Public School,AFRICAN ROAD ELEMENTARY SCHOOL,,Broome,100.0,All Grades
660701030001.0,Public School,CENTRAL SCHOOL,,Westchester,99.8,All Grades
400900010009.0,Public School,SPRUCE SCHOOL (K-3),,Niagara,99.38,All Grades
610600010002.0,Public School,CAROLINE ELEM SCHOOL,,Tompkins,99.6,All Grades
550101040003.0,Public School,ODESSA MONTOUR MIDDLE/HIGH SCHOOL,,Schuyler,100.0,All Grades
10100010034.0,Public School,ALBANY H S,,Albany,99.75,All Grades
412300010018.0,Public School,KERNAN SCHOOL,,Oneida,100.0,All Grades
140600010043.0,Public School,PS 43 LOVEJOY DISCOVERY SCHOOL,,Erie,97.86,All Grades
161201040003.0,Public School,SALMON RIVER ELEM SCHOOL,,Franklin,100.0,All Grades
131201994052.0,Private School,DUANE LAKE ACADEMY,,Dutchess,85.71,All Grades
331400225751.0,Private School,ACH TOV V'CHESED - 27 SKILLMAN,,Kings,100.0,All Grades
421800010039.0,Public School,NOTTINGHAM H S,,Onondaga,100.0,All Grades
132101060002.0,Public School,FISHKILL ES,,Dutchess,99.32,All Grades
619000000000.0,BOCES School,TOMPKINS-SENECA-TIOGA BOCES (619000000000),,Tompkins,100.0,All Grades
261501060003.0,Public School,CHURCHVILLE ELEM SCHOOL,,Monroe,100.0,All Grades
669000000064.0,BOCES School,SOUTHERN WESTCHESTER BOCES - VALHALLA,,Westchester,97.22,All Grades
21601040000.0,School District,FRIENDSHIP CENTRAL SCHOOL DISTRICT,,Allegany,100.0,All Grades
581004020001.0,Public School,FISHERS ISLAND SCHOOL,,Suffolk,96.15,All Grades
421800010011.0,Public School,MEACHEM SCHOOL,,Onondaga,100.0,All Grades
260501060000.0,School District,GREECE CENTRAL SCHOOL,,Monroe,99.94,All Grades
280218030005.0,Public School,STEWART SCHOOL,,Nassau,100.0,All Grades
280406179461.0,Private School,OUR LADY OF GRACE MONTESSORI SCHOOL,,Nassau,100.0,All Grades
280208030002.0,Public School,CENTENNIAL AVENUE SCHOOL,,Nassau,99.28,All Grades
621101060001.0,Public School,DUZINE SCHOOL,,Ulster,100.0,All Grades
241001060004.0,Public School,DANSVILLE PRIMARY SCHOOL,,Livingston,99.61,All Grades
190501040003.0,Public School,ATHENS ELEM SCHOOL,,Greene,99.3,All Grades
662001030011.0,Public School,SCARSDALE J H S,,Westchester,100.0,All Grades
441101040003.0,Public School,MINISINK VALLEY MIDDLE SCHOOL,,Orange,100.0,All Grades
241101040001.0,Public School,DALTON-NUNDA MIDDLE SCHOOL,,Livingston,99.35,All Grades
661800010003.0,Public School,OSBORN SCHOOL,,Westchester,100.0,All Grades
580601040004.0,Public School,SHOREHAM-WADING RIVER MID SCH,,Suffolk,99.78,All Grades
261600010046.0,Public School,SCHOOL 46 CHARLES CARROLL,,Monroe,100.0,All Grades
561006066500.0,Private School,SUNNY ACRES,,Seneca,31.82,All Grades
310200997852.0,Private School,CHURCHILL SCHOOL (THE),,New York,100.0,All Grades
620901060008.0,Public School,RONDOUT VALLEY INTERMEDIATE/JUNIOR HIGH SCHOOL,,Ulster,100.0,All Grades
491302060001.0,Public School,MILLER HILL SAND LAKE SCHOOL,,Rensselaer,100.0,All Grades
580404030008.0,Public School,NORTHPORT MS,,Suffolk,100.0,All Grades
41101040002.0,Public School,FRANKLINVILLE JSHS,,Cattaraugus,100.0,All Grades
220202040001.0,Public School,ALEXANDRIA CENTRAL ES,,Jefferson,99.55,All Grades
342900125935.0,Private School,SS JOACHIM & ANNE SCHOOL,,Queens,99.47,All Grades
521301060002.0,Public School,MALTA AVENUE ELEMENTARY SCHOOL,,Saratoga,100.0,All Grades
500402226130.0,Private School,AHAVAS BAIS YAAKOV,,Rockland,100.0,All Grades
441800808644.0,Private School,CALVARY CHRISTIAN SCHOOL,,Orange,100.0,All Grades
261901060002.0,Public School,DEWITT ROAD ELEM SCHOOL,,Monroe,99.78,All Grades
122000000001.0,Private School,BOVINA CENTER MONTESSORI SCHOOL,,Delaware,96.3,All Grades
500101060011.0,Public School,CLARKSTOWN NORTH S H S,,Rockland,100.0,All Grades
441800050006.0,Public School,PORT JERVIS S H S,,Orange,100.0,All Grades
580912060005.0,Public School,TUTTLE AVENUE SCHOOL,,Suffolk,100.0,All Grades
140600010320.0,Public School,PS 90 EARLY CHILDHOOD CENTER,,Erie,100.0,All Grades
401201060001.0,Public School,ROYALTON HARTLAND ELEMENTARY SCHOOL,,Niagara,99.81,All Grades
580212060001.0,Public School,C E WALTERS SCHOOL,,Suffolk,100.0,All Grades
140207060008.0,Public School,HERITAGE HEIGHTS ES,,Erie,100.0,All Grades
261801808866.0,Private School,CORNERSTONE CHRISTIAN ACADEMY,,Monroe,97.22,All Grades
280214226491.0,Private School,MESIVTA NETZACH HATORAH,,Nassau,100.0,All Grades
580801060013.0,Public School,ACCOMPSETT ELEM SCHOOL,,Suffolk,99.43,All Grades
49000000000.0,BOCES School,BOCES CATT-ALLEG-ERIE-WYOMING,,Cattaraugus,97.91,All Grades
460801060005.0,Public School,PAUL V MOORE H S,,Oswego,100.0,All Grades
580801060004.0,Public School,MILLS POND ES,,Suffolk,99.71,All Grades
491700010020.0,Public School,CARROLL HILL SCHOOL,,Rensselaer,100.0,All Grades
280502060011.0,Public School,HARRY B THOMPSON MIDDLE SCHOOL,,Nassau,99.89,All Grades
261600010110.0,Public School,ANDREW LANGSTON MIDDLE SCHOOL,,Monroe,100.0,All Grades
140203997683.0,Private School,GATEWAY-LONGVIEW THERAPEUTIC PRESCHOOL,,Erie,100.0,All Grades
412300189443.0,Private School,NOTRE DAME JSHS,,Oneida,100.0,All Grades
661601030005.0,Public School,PELHAM MEMORIAL S H S,,Westchester,100.0,All Grades
580103030008.0,Public School,NORTH BABYLON HIGH SCHOOL,,Suffolk,100.0,All Grades
140101060003.0,Public School,ALDEN PRIMARY SCHOOL,,Erie,99.67,All Grades
190301040001.0,Public School,CAIRO-DURHAM ELEMENTARY SCHOOL,,Greene,100.0,All Grades
280502060002.0,Public School,ALICE P WILLITS SCHOOL,,Nassau,100.0,All Grades
43200050005.0,Public School,SENECA ES,,Cattaraugus,99.75,All Grades
610801979416.0,"Schools, OCFS - 100",FINGERLAKES RESIDENTIAL CENTER,,Tompkins,100.0,All Grades
280209030009.0,Public School,NEW VISIONS ES,,Nassau,98.83,All Grades
43001040002.0,Public School,RANDOLPH JSHS,,Cattaraugus,98.93,All Grades
51101658565.0,Private School,FOREST VIEW MENNONITE SCHOOL,,Cayuga,100.0,All Grades
140600010065.0,Public School,PS 65 ROOSEVELT EARLY CHILDHOOD CENTER,,Erie,100.0,All Grades
620600996089.0,Private School,MOUNT ACADEMY (THE),,Ulster,100.0,All Grades
580410997795.0,Private School,UNITED CEREBRAL PALSY -SMITHS LANE SCHOOL,,Suffolk,97.5,All Grades
151102996601.0,Private School,NORTHWOOD SCHOOL,,Essex,100.0,All Grades
662300010047.0,Public School,PEARLS HAWTHORNE SCHOOL,,Westchester,99.87,All Grades
90301060003.0,Public School,CUMBERLAND HEAD ELEM SCHOOL,,Clinton,99.79,All Grades
31501060002.0,Public School,GEORGE F. JOHNSON ES,,Broome,100.0,All Grades
660801060003.0,Public School,HAWTHORNE ELEM SCHOOL,,Westchester,100.0,All Grades
441000010015.0,Public School,MAPLE HILL ELEM SCHOOL,,Orange,99.9,All Grades
142801060005.0,Public School,WEST SENECA EAST MIDDLE SCHOOL,,Erie,100.0,All Grades
101300010001.0,Public School,HUDSON SENIOR HIGH SCHOOL (and MS for lead reporting),,Columbia,96.75,All Grades
130200996177.0,Private School,HUDSON HILLS ENRICHMENT,,Dutchess,100.0,All Grades
280410175547.0,Private School,ST AIDAN SCHOOL-UPPER DIVISION,,Nassau,100.0,All Grades
30701060004.0,Public School,PORT DICKINSON ES,,Broome,99.71,All Grades
331400227886.0,Private School,MOSDOS CHASIDEI SQUARE,,Kings,100.0,All Grades
421501060010.0,Public School,LIVERPOOL ELEMENTARY SCHOOL,,Onondaga,100.0,All Grades
310600996677.0,Private School,BIRCH FAMILY SERVICES - WASHINGTON HEIGHTS EDUCATION CENTER,,New York,100.0,All Grades
580405060012.0,Public School,PAUMANOK ELEM SCHOOL,,Suffolk,99.83,All Grades
280230020003.0,Public School,SHAW AVENUE SCHOOL,,Nassau,100.0,All Grades
580801060000.0,School District,SMITHTOWN CENTRAL SCHOOL DISTRICT,,Suffolk,99.92,All Grades
530600010011.0,Public School,LINCOLN SCHOOL,,Schenectady,99.67,All Grades
220301060001.0,Public School,ANTWERP PRIMARY SCHOOL,,Jefferson,100.0,All Grades
280227030003.0,Public School,CHESTNUT ST SCHOOL,,Nassau,100.0,All Grades
499000000801.0,BOCES School,TECH VALLEY HIGH SCHOOL,,Albany,100.0,All Grades
661401997756.0,Private School,CLEAR VIEW SCHOOL (THE),,Westchester,100.0,All Grades
421800010010.0,Public School,ROBERTS SCHOOL,,Onondaga,98.89,All Grades
420303060010.0,Public School,NORTH SYRACUSE JHS,,Onondaga,100.0,All Grades
261600861049.0,Charter School,ROCHESTER PREP CHARTER - ST JACOB,,Monroe,98.28,All Grades
512001185654.0,Private School,HOLY NAME OF JESUS ACADEMY,,St.Lawrence,100.0,All Grades
43011020001.0,Public School,RANDOLPH ACADEMY RANDOLPH CAMPUS,,Cattaraugus,100.0,All Grades
260101226476.0,Private School,HILLEL SCHOOL,,Monroe,100.0,All Grades
660402020000.0,School District,IRVINGTON UNION FREE SCHOOL,,Westchester,100.0,All Grades
331700229949.0,Private School,DARCHAI MENACHEM INC,,Kings,68.7,All Grades
330509201156.0,Private School,BASIS INDEPENDENT BROOKLYN LOWER SCHOOL,,Kings,100.0,All Grades
280201030007.0,Public School,HEMPSTEAD H S,,Nassau,98.85,All Grades
222201060005.0,Public School,CARTHAGE ELEM SCHOOL,,Jefferson,100.0,All Grades
261600010089.0,Public School,NORTHEAST COLLEGE PREPARATORY JUNIOR HIGH SCHOOL,,Monroe,100.0,All Grades
580107030008.0,Public School,JOHN F KENNEDY INTERMEDIATE SCHOOL,,Suffolk,99.89,All Grades
321000145270.0,Private School,FORDHAM PREPARATORY SCHOOL,,Bronx,99.89,All Grades
200601040001.0,Public School,LAKE PLEASANT SCHOOL,,Hamilton,100.0,All Grades
500402229165.0,Private School,YESHIVA DEGEL HATORAH,,Rockland,99.45,All Grades
10100010020.0,Public School,NORTH ALBANY ACADEMY,,Albany,99.82,All Grades
571800010001.0,Public School,HORNELL MIDDLE SCHOOL,,Steuben,100.0,All Grades
580513030002.0,Public School,FRANCIS J ONEILL SCHOOL,,Suffolk,100.0,All Grades
22001807067.0,Private School,HOUGHTON ACADEMY,,Allegany,100.0,All Grades
500402225056.0,Private School,MESIVTA MAAMAR MORDECHAI,,Rockland,95.24,All Grades
332000226225.0,Private School,YESHIVA TOLDOS YESUSCHER,,Kings,95.27,All Grades
441301147141.0,Private School,MOST PRECIOUS BLOOD SCHOOL,,Orange,100.0,All Grades
480503040002.0,Public School,PUTNAM VALLEY MS,,Putnam,99.78,All Grades
580507060010.0,Public School,RONKONKOMA MIDDLE SCHOOL,,Suffolk,100.0,All Grades
420807040002.0,Public School,ONONDAGA NATION SCHOOL,,Onondaga,99.07,All Grades
580212060007.0,Public School,LONGWOOD JHS,,Suffolk,99.78,All Grades
269100000000.0,BOCES School,MONROE BOCES-FORMAN FAIRPORT,,Monroe,100.0,All Grades
80101040003.0,Public School,AFTON CENTRAL SCHOOL K-12,,Chenango,99.76,All Grades
460801060007.0,Public School,HASTINGS MALLORY ELEM SCHOOL,,Oswego,100.0,All Grades
441800050001.0,Public School,PORT JERVIS MIDDLE SCHOOL,,Orange,100.0,All Grades
331300227040.0,Private School,BAIS RUCHEL DSATMAR BR1,,Kings,76.86,All Grades
310300996757.0,Private School,COLUMBIA GRAMMAR & PREP SCHOOL,,New York,99.91,All Grades
321100809031.0,Private School,NEW COVENANT CHRISTIAN SCHOOL,,Bronx,100.0,All Grades
421501060004.0,Public School,ELMCREST ELEM SCHOOL,,Onondaga,99.72,All Grades
660301030001.0,Public School,ANNE HUTCHINSON SCHOOL,,Westchester,100.0,All Grades
580506030007.0,Public School,HAUPPAUGE H S,,Suffolk,100.0,All Grades
180300010003.0,Public School,JACKSON SCHOOL,,Genesee,100.0,All Grades
580912060001.0,Public School,EASTPORT SOUTH MANOR CENTRAL JR SHS,,Suffolk,100.0,All Grades
421800185466.0,Private School,BLESSED SACRAMENT CATHOLIC SCHOOL,,Onondaga,100.0,All Grades
240801060001.0,Public School,LIVONIA ELEMENTARY SCHOOL,,Livingston,100.0,All Grades
491401040001.0,Public School,HOOSIC VALLEY ELEM SCHOOL,,Rensselaer,100.0,All Grades
131601145055.0,Private School,HOLY TRINITY SCHOOL,,Dutchess,100.0,All Grades
140203060002.0,Public School,DODGE ES,,Erie,99.5,All Grades
261801060006.0,Public School,HILL SCHOOL,,Monroe,99.8,All Grades
43011020002.0,Public School,RANDOLPH ACADEMY HAMBURG CAMPUS,,Cattaraugus,100.0,All Grades
280253070000.0,School District,BELLMORE-MERRICK CENT SCH,,Nassau,100.0,All Grades
10615020001.0,Public School,MENANDS SCHOOL,,Albany,99.31,All Grades
621101060004.0,Public School,NEW PALTZ MIDDLE SCHOOL,,Ulster,100.0,All Grades
260501060009.0,Public School,PADDY HILL ELEM SCHOOL,,Monroe,100.0,All Grades
580402060004.0,Public School,COLD SPRING HARBOR - K12,,Suffolk,99.86,All Grades
611001040001.0,Public School,RUSSELL I DOIG MIDDLE SCHOOL,,Tompkins,100.0,All Grades
240801060000.0,School District,LIVONIA CENTRAL SCHOOL,,Livingston,99.9,All Grades
260801060011.0,Public School,HELENDALE RD PRIMARY SCHOOL,,Monroe,100.0,All Grades
571000010005.0,Public School,ERWIN VALLEY ELEM SCHOOL,,Steuben,100.0,All Grades
70902060006.0,Public School,COHEN ELEMENTARY SCHOOL,,Chemung,98.29,All Grades
530600115681.0,Private School,NOTRE DAME-BISHOP GIBBONS H S,,Schenectady,99.45,All Grades
441301060002.0,Public School,MONTGOMERY ELEMENTARY SCHOOL,,Orange,99.82,All Grades
400900010008.0,Public School,OHIO SCHOOL (K-3),,Niagara,100.0,All Grades
353100145295.0,Private School,FATHER VINCENT CAPODANNO CATHOLIC ACADEMY,,Richmond,98.99,All Grades
450101060002.0,Public School,ALBION ELEMENTARY SCHOOL,,Orleans,100.0,All Grades
141301060007.0,Public School,ELMA PRIMARY,,Erie,100.0,All Grades
140600996459.0,Private School,ST MARYS SCHOOL FOR THE DEAF,,Erie,100.0,All Grades
521800010014.0,Public School,GEYSER ROAD ELEM SCHOOL,,Saratoga,100.0,All Grades
571000010003.0,Public School,CALVIN U SMITH ELEM SCHOOL,,Steuben,100.0,All Grades
500402060018.0,Public School,RAMAPO S H S,,Rockland,93.5,All Grades
10100115705.0,Private School,LA SALLE SCHOOL,,Albany,100.0,All Grades
130200010001.0,Public School,J V FORRESTAL ES,,Dutchess,99.53,All Grades
210800050001.0,Public School,BENTON HALL SCHOOL,,Herkimer,100.0,All Grades
460801060001.0,Public School,AA COLE ELEMENTARY,,Oswego,100.0,All Grades
660900861000.0,Charter School,AMANI PUBLIC CHARTER SCHOOL,,Westchester,100.0,All Grades
280502060003.0,Public School,BERRY HILL SCHOOL,,Nassau,100.0,All Grades
661904030003.0,Public School,JOHN F KENNEDY SCHOOL,,Westchester,100.0,All Grades
240201040001.0,Public School,CALEDONIA MUMFORD ELEM SCHOOL,,Livingston,100.0,All Grades
620901998943.0,Private School,HIGH MEADOW SCHOOL,,Ulster,100.0,All Grades
400900010007.0,Public School,NORTH TONAWANDA INTERMEDIATE,,Niagara,100.0,All Grades
280219030001.0,Public School,RHAME AVENUE ELEM SCHOOL,,Nassau,100.0,All Grades
442115020002.0,Public School,GOLDEN HILL ELEMENTARY SCHOOL,,Orange,99.32,All Grades
342900125993.0,Private School,SACRED HEART SCHOOL - CAMBRIA HEIGHTS,,Queens,100.0,All Grades
261600010005.0,Public School,SCHOOL 5 JOHN WILLIAMS,,Monroe,98.86,All Grades
280504060001.0,Public School,PASADENA ELEMENTARY SCHOOL,,Nassau,99.57,All Grades
620600010015.0,Public School,ER CROSBY ES,,Ulster,99.68,All Grades
332200226926.0,Private School,MIRRER YESHIVA H S,,Kings,100.0,All Grades
660301030005.0,Public School,EASTCHESTER MIDDLE SCHOOL,,Westchester,99.94,All Grades
430901060003.0,Public School,MARCUS WHITMAN MIDDLE SCHOOL,,Ontario,100.0,All Grades
342800999761.0,Private School,KEW-FOREST SCHOOL,,Queens,96.97,All Grades
580303020001.0,Public School,AMAGANSETT SCHOOL,,Suffolk,100.0,All Grades
580501030006.0,Public School,BAY SHORE S H S,,Suffolk,99.95,All Grades
500304030006.0,Public School,NYACK SENIOR HIGH SCHOOL,,Rockland,99.89,All Grades
22302040001.0,Public School,CUBA-RUSHFORD MS HS,,Allegany,94.94,All Grades
130200010005.0,Public School,BEACON HS,,Dutchess,99.76,All Grades
261600166178.0,Private School,HOLY CROSS SCHOOL,,Monroe,100.0,All Grades
511101060007.0,Public School,GOUVERNEUR MIDDLE SCHOOL,,St.Lawrence,100.0,All Grades
500402226190.0,Private School,CONGREGATION YESHUOS MOSHE VIZNITZ,,Rockland,87.89,All Grades
331700229743.0,Private School,YESHIVA BEIS CHAYA MUSHKA,,Kings,98.31,All Grades
570603040002.0,Public School,CAMPBELL JR SR HIGH SCHOOL,,Steuben,100.0,All Grades
332100225735.0,Private School,BNOT CHAYA ACADEMY,,Kings,100.0,All Grades
280220030001.0,Public School,KNDG CTR AT ATLANTIC AVE,,Nassau,100.0,All Grades
560701859281.0,Private School,FINGER LAKES CHRISTIAN SCHOOL,,Seneca,100.0,All Grades
142301060006.0,Public School,ORCHARD PARK H S,,Erie,99.85,All Grades
280517030013.0,Public School,EAST ST SCHOOL,,Nassau,99.74,All Grades
280401175576.0,Private School,OLD WESTBURY SCHOOL -HOLY CHILD ACADEMY,,Nassau,90.1,All Grades
570302060003.0,Public School,HAVERLING J S H S,,Steuben,99.77,All Grades
662300010045.0,Public School,SCHOOL 40 - CESAR CHAVEZ,,Westchester,99.63,All Grades
580507060007.0,Public School,CHEROKEE STREET ELEM SCHOOL,,Suffolk,99.68,All Grades
662300010043.0,Public School,ROOSEVELT H S,,Westchester,99.82,All Grades
600402040000.0,School District,NEWARK VALLEY CENTRAL SCHOOL DISTRICT,,Tioga,99.35,All Grades
240401040002.0,Public School,GENESEO ELEM SCHOOL,,Livingston,99.89,All Grades
411603040003.0,Public School,SAUQUOIT VALLEY SHS,,Oneida,100.0,All Grades
580504030006.0,Public School,LINCOLN AVENUE ELEM SCHOOL,,Suffolk,100.0,All Grades
400701060009.0,Public School,EDWARD TOWN J H S,,Niagara,100.0,All Grades
332100995351.0,Private School,IMAGINE ACADEMY,,Kings,95.24,All Grades
251601060003.0,Public School,CHITTENANGO MIDDLE,,Madison,100.0,All Grades
321100145376.0,Private School,OUR LADY OF GRACE SCHOOL,,Bronx,100.0,All Grades
142801807920.0,Private School,CENTER ROAD CHRISTIAN ACADEMY,,Erie,100.0,All Grades
660410020002.0,Public School,MARTIN LUTHER KING HIGH SCHOOL,,Westchester,100.0,All Grades
580406060005.0,Public School,OLDFIELD J H S,,Suffolk,100.0,All Grades
521800999102.0,Private School,WALDORF SCHOOL OF SARATOGA SPRING,,Saratoga,100.0,All Grades
130200010003.0,Public School,GLENHAM SCHOOL,,Dutchess,100.0,All Grades
131301040003.0,Public School,COLD SPRING ES,,Dutchess,100.0,All Grades
280407226636.0,Private School,NORTH SHORE HEBREW ACADEMY,,Nassau,100.0,All Grades
500402229084.0,Private School,BAIS YAAKOV CHOFETZ CHAIM OF POMONA,,Rockland,99.68,All Grades
280403030009.0,Public School,ROSLYN J H S,,Nassau,100.0,All Grades
500402226104.0,Private School,BAIS YAAKOV ELEMENTARY SCHOOL OF ROCKLAND,,Rockland,97.79,All Grades
197566012422.0,BOCES School,MARILYN A. NOONAN SCHOOL - DURHAM,,Greene,100.0,All Grades
610301060003.0,Public School,DRYDEN JSHS (AND MS FOR LEAD RPTING),,Tompkins,100.0,All Grades
10100010027.0,Public School,EAGLE POINT ELEMENTARY SCHOOL,,Albany,99.64,All Grades
280214030003.0,Public School,OGDEN ELEM SCHOOL,,Nassau,100.0,All Grades
310300226796.0,Private School,MANHATTAN DAY SCHOOL,,New York,99.36,All Grades
261801060005.0,Public School,OLIVER MIDDLE SCHOOL,,Monroe,100.0,All Grades
331800229152.0,Private School,BAIS MEIR,,Kings,100.0,All Grades
21102040001.0,Public School,CANASERAGA SCHOOL,,Allegany,100.0,All Grades
660803020002.0,Public School,CEDAR KNOWLES ACADEMY ELEMENTARY/MIDDLE SCHOOL,,Westchester,100.0,All Grades
280503060005.0,Public School,ANNE MCARTHUR PRIMARY SCHOOL,,Nassau,100.0,All Grades
140600137113.0,Private School,NARDIN ACADEMY-ELEMENTARY,,Erie,100.0,All Grades
280209030002.0,Public School,BAYVIEW AVENUE SCHOOL,,Nassau,100.0,All Grades
280410030002.0,Public School,HAMPTON STREET SCHOOL,,Nassau,100.0,All Grades
440401060008.0,Public School,PAKANASINK ELEM SCHOOL,,Orange,100.0,All Grades
342800127163.0,Private School,OUR LADY OF MERCY SCHOOL,,Queens,99.07,All Grades
440102996173.0,Private School,BIRCH SCHOOL (THE),,Orange,95.65,All Grades
580224175573.0,Private School,HOLY ANGELS REGIONAL SCHOOL,,Suffolk,100.0,All Grades
580235060006.0,Public School,BELLPORT SHS,,Suffolk,99.85,All Grades
51301040001.0,Public School,MILLARD FILLMORE ES,,Cayuga,100.0,All Grades
331400226240.0,Private School,CONG YESHOUS MOSHE OF WILLIAMSBURG,,Kings,98.28,All Grades
630300010006.0,Public School,GLENS FALLS MIDDLE,,Warren,100.0,All Grades
310200996742.0,Private School,BROWNING SCHOOL (THE),,New York,100.0,All Grades
280409996453.0,Private School,HENRY VISCARDI SCHOOL,,Nassau,99.3,All Grades
222201155866.0,Private School,AUGUSTINIAN ACADEMY-ELEM,,Jefferson,100.0,All Grades
421501060012.0,Public School,MORGAN ROAD ELEMENTARY AND MIDDLE SCHOOL,,Onondaga,100.0,All Grades
140600010064.0,Public School,PS 64 FREDERICK LAW OLMSTEAD NORTH,,Erie,100.0,All Grades
331500606365.0,Private School,MARY MCDOWELL FRIENDS SCHOOL - MIDDLE SCHOOL,,Kings,100.0,All Grades
580102030004.0,Public School,SANTAPOGUE SCHOOL,,Suffolk,100.0,All Grades
580208020001.0,Public School,NORTH COUNTRY ROAD MIDDLE SCHOOL,,Suffolk,100.0,All Grades
449000000000.0,BOCES School,ORANGE-ULSTER BOCES,,Orange,99.8,All Grades
490101040001.0,Public School,BERLIN ELEMENTARY SCHOOL,,Rensselaer,100.0,All Grades
661301040003.0,Public School,NORTH SALEM MS/HS,,Westchester,99.8,All Grades
331400229492.0,Private School,TALMUD TORAH OF KASHO,,Kings,100.0,All Grades
250401040004.0,Public School,MORRISVILLE J S H S,,Madison,100.0,All Grades
280503060001.0,Public School,BAYVILLE INTERMEDIATE SCHOOL,,Nassau,99.4,All Grades
660411020000.0,School District,GREENBURGH ELEVEN UFSD,,Westchester,91.34,All Grades
460801060006.0,Public School,MILLARD HAWK ELEMENTARY SCHOOL,,Oswego,100.0,All Grades
130502020002.0,Public School,DOVER ES,,Dutchess,100.0,All Grades
591201040000.0,School District,TRI VALLEY CENTRAL SCHOOL,,Sullivan,100.0,All Grades
431301060004.0,Public School,MIDLAKES MIDDLE/HIGH SCHOOL,,Ontario,99.85,All Grades
660501060009.0,Public School,LOUIS M KLEIN MIDDLE SCHOOL,,Westchester,99.89,All Grades
520302060000.0,School District,SHENENDEHOWA CENTRAL SCHOOL,,Saratoga,100.0,All Grades
580224030004.0,Public School,MEDFORD AVENUE SCHOOL,,Suffolk,99.57,All Grades
280207020002.0,Public School,SHORE ROAD SCHOOL,,Nassau,100.0,All Grades
642212201236.0,Private School,KINGSWAY CHRISTIAN ACADEMY,,Washington,100.0,All Grades
591401229948.0,Private School,BAIS YISROEL SCHOOL,,Sullivan,99.38,All Grades
550301651234.0,Private School,HICKORY KNOLL - ATTN BARBARA BESLEY,,Schuyler,65.0,All Grades
421800010040.0,Public School,HENNINGER H S,,Onondaga,99.41,All Grades
261600010058.0,Public School,SCHOOL 58 WORLD OF INQUIRY SCHOOL,,Monroe,99.86,All Grades
280410030003.0,Public School,JACKSON AVENUE SCHOOL,,Nassau,100.0,All Grades
342500226479.0,Private School,RABBINICAL SEMINARY OF AMERICA,,Queens,100.0,All Grades
310100227822.0,Private School,BETH JACOB ELEM SCHOOL,,New York,100.0,All Grades
490301060008.0,Public School,HOWARD L GOFF SCHOOL,,Rensselaer,100.0,All Grades
140707137080.0,Private School,BEYOND LEARNING,,Erie,98.79,All Grades
131602020003.0,Public School,NASSAU SCHOOL,,Dutchess,100.0,All Grades
421501060016.0,Public School,DONLIN DRIVE,,Onondaga,99.75,All Grades
490301060003.0,Public School,GREEN MEADOW SCHOOL,,Rensselaer,100.0,All Grades
140600010122.0,Public School,PS 32 BENNETT PARK MONTESSORI SCHOOL,,Erie,98.28,All Grades
101401040004.0,Public School,ICHABOD CRANE PRIMARY SCHOOL,,Columbia,100.0,All Grades
630902030003.0,Public School,QUEENSBURY MIDDLE SCHOOL,,Warren,99.85,All Grades
620600010011.0,Public School,CHAMBERS SCHOOL,,Ulster,100.0,All Grades
421501060011.0,Public School,LIVERPOOL HIGH SCHOOL,,Onondaga,99.85,All Grades
280518030000.0,School District,PLAINEDGE UFSD,,Nassau,100.0,All Grades
580211060011.0,Public School,SELDEN J H S,,Suffolk,100.0,All Grades
661800010002.0,Public School,MILTON SCHOOL,,Westchester,100.0,All Grades
280219030002.0,Public School,EAST ROCKAWAY J S H S,,Nassau,100.0,All Grades
611001040002.0,Public School,CHARLES O DICKERSON H S,,Tompkins,100.0,All Grades
130801808737.0,Private School,MILLENNIAL KINGDOM FAMILY SCHOOL,,Dutchess,100.0,All Grades
90501040007.0,Public School,NORTHEASTERN CLINTON MIDDLE SCHOOL,,Clinton,100.0,All Grades
310200986779.0,Private School,HUNTER COLLEGE CAMPUS SCHOOLS,,New York,100.0,All Grades
261600861069.0,Charter School,VERTUS CHARTER SCHOOL,,Monroe,100.0,All Grades
260501060024.0,Public School,PINE BROOK ELEM SCHOOL,,Monroe,100.0,All Grades
260803060009.0,Public School,COLEBROOK SCHOOL,,Monroe,100.0,All Grades
590801996577.0,Private School,HOMESTEAD SCHOOL,,Sullivan,100.0,All Grades
610600010007.0,Public School,ENFIELD SCHOOL,,Tompkins,94.9,All Grades
580910080001.0,Public School,SAGAPONACK SCHOOL,,Suffolk,92.31,All Grades
20101040002.0,Public School,ALFRED-ALMOND JUNIOR-SENIOR HIGH SCHOOL (and ES for lead reporting),,Allegany,100.0,All Grades
621601060005.0,Public School,SAUGERTIES JR. HS,,Ulster,100.0,All Grades
310100145336.0,Private School,LA SALLE ACADEMY,,New York,98.27,All Grades
332000126038.0,Private School,FONTBONNE HALL ACADEMY,,Kings,99.65,All Grades
321100996711.0,Private School,A PLACE OF MIRACLES LEARNING CENTER,,Bronx,100.0,All Grades
580102030000.0,School District,WEST BABYLON UNION FREE SCHOOL,,Suffolk,100.0,All Grades
180300010001.0,Public School,JOHN KENNEDY INTERMEDIATE SCHOOL,,Genesee,100.0,All Grades
280227030006.0,Public School,GEORGE WASHINGTON ELEMENTARY SCHOOL,,Nassau,98.82,All Grades
480101060006.0,Public School,FULMAR ROAD ELEM SCHOOL,,Putnam,100.0,All Grades
560701060003.0,Public School,MYNDERSE ACADEMY,,Seneca,100.0,All Grades
261201060006.0,Public School,PENFIELD S H S,,Monroe,99.93,All Grades
500401226135.0,Private School,CENTRAL UTA OF MONSEY-GIRLS,,Rockland,97.9,All Grades
441600010017.0,Public School,NEWBURGH FREE ACADEMY,,Orange,99.29,All Grades
10100115658.0,Private School,ST ANNE INSTITUTE,,Albany,100.0,All Grades
500402060006.0,Public School,EAST RAMAPO EARLY CHILDHOOD,,Rockland,97.84,All Grades
170600010004.0,Public School,PLEASANT AVENUE SCHOOL,,Fulton,100.0,All Grades
342700226221.0,Private School,BAIS YAAKOV ATERES MIRIAM,,Queens,95.2,All Grades
141800626108.0,Private School,AL-RASHEED ACADEMY,,Erie,98.29,All Grades
31502060006.0,Public School,JOHNSON CITY SENIOR HIGH SCHOOL,,Broome,100.0,All Grades
580513030006.0,Public School,CENTRAL ISLIP HIGH SCHOOL,,Suffolk,100.0,All Grades
280523030010.0,Public School,A. G. BERNER MIDDLE SCHOOL,,Nassau,99.93,All Grades
280503060003.0,Public School,LOCUST VALLEY HS/MS,,Nassau,99.8,All Grades
440301060004.0,Public School,CORNWALL ELEM SCHOOL,,Orange,100.0,All Grades
81200050001.0,Public School,PERRY BROWNE INTERMEDIATE SCHOOL,,Chenango,100.0,All Grades
332100229830.0,Private School,B'NOT RACHEL HS FOR GIRLS,,Kings,30.16,All Grades
261901060003.0,Public School,KLEM ROAD NORTH ELEM SCHOOL,,Monroe,100.0,All Grades
260803060014.0,Public School,LISTWOOD SCHOOL,,Monroe,100.0,All Grades
521701040003.0,Public School,SCHUYLERVILLE ELEM SCHOOL,,Saratoga,100.0,All Grades
420303060011.0,Public School,ROXBORO ROAD MIDDLE SCHOOL,,Onondaga,99.86,All Grades
662401060008.0,Public School,LAKELAND COPPER BEECH MIDDLE SCHOOL,,Westchester,100.0,All Grades
280209030006.0,Public School,JOHN W DODD MIDDLE SCHOOL,,Nassau,99.89,All Grades
580201060004.0,Public School,NASSAKEAG SCHOOL,,Suffolk,100.0,All Grades
662200010001.0,Public School,CHURCH STREET SCHOOL,,Westchester,99.33,All Grades
31101060003.0,Public School,HOMER BRINK SCHOOL,,Broome,99.86,All Grades
280212305784.0,Private School,GRACE LUTHERAN SCHOOL,,Nassau,98.63,All Grades
331900808781.0,Private School,NEW GRACE CENTER,,Kings,100.0,All Grades
500108030004.0,Public School,NANUET S H S,,Rockland,100.0,All Grades
660701996249.0,Private School,FRENCH-AMERICAN SCHOOL-3 (ELEMENTARY SCHOOL),,Westchester,100.0,All Grades
420702030000.0,School District,SOLVAY UNION FREE SCHOOL,,Onondaga,99.69,All Grades
280517030000.0,School District,HICKSVILLE UNION FREE SCHOOL,,Nassau,99.71,All Grades
280523030011.0,Public School,MASSAPEQUA H S,,Nassau,99.93,All Grades
500402227568.0,Private School,BAIS YAAKOV HS OF SPRING VALLEY,,Rockland,100.0,All Grades
580305020001.0,Public School,SAG HARBOR ELEM SCHOOL,,Suffolk,99.49,All Grades
401001060005.0,Public School,REGAN INTERMEDIATE SCHOOL,,Niagara,100.0,All Grades
662101060002.0,Public School,PRIMROSE SCHOOL,,Westchester,99.81,All Grades
412902996148.0,Private School,CHRISTIAN HERITAGE SCHOOL,,Oneida,96.83,All Grades
441600145592.0,Private School,NORA CRONIN PRESENTATION ACADEMY,,Orange,100.0,All Grades
321000145383.0,Private School,OUR LADY OF MT CARMEL SCHOOL,,Bronx,100.0,All Grades
441201060006.0,Public School,MONROE WOODBURY S H S,,Orange,25.3,All Grades
662200996417.0,Private School,ELIZABETH SETON CHILDREN'S SCHOOL,,Westchester,100.0,All Grades
580503030008.0,Public School,EAST ISLIP MIDDLE SCHOOL,,Suffolk,99.87,All Grades
142601136325.0,Private School,ST JOSEPHS COLLEGIATE INST,,Erie,99.37,All Grades
631201040002.0,Public School,WARRENSBURG ELEM SCHOOL,,Warren,98.69,All Grades
10100010019.0,Public School,P S 19,,Albany,100.0,All Grades
500101999089.0,Private School,BLUE ROCK SCHOOL,,Rockland,100.0,All Grades
520302060011.0,Public School,ACADIA MIDDLE SCHOOL,,Saratoga,100.0,All Grades
500401226004.0,Private School,CONG KOLEL CHASIDEI RACHMISTRIVKA - 97 HIGHVIEW,,Rockland,96.88,All Grades
660406030002.0,Public School,SEELY PLACE SCHOOL,,Westchester,100.0,All Grades
420901060004.0,Public School,L PEARL PALMER ELEM SCHOOL,,Onondaga,100.0,All Grades
130801060002.0,Public School,NETHERWOOD SCHOOL,,Dutchess,99.02,All Grades
22001040004.0,Public School,FILLMORE MIDDLE SCHOOL,,Allegany,99.81,All Grades
90601020002.0,Public School,CHAZY CENTRAL RURAL JSHS,,Clinton,99.78,All Grades
420901857741.0,Private School,BALDWINSVILLE CHRISTIAN ACADEMY,,Onondaga,100.0,All Grades
280501060000.0,School District,NORTH SHORE CENTRAL SCHOOL,,Nassau,99.92,All Grades
661004060001.0,Public School,DOUGLAS G GRAFFLIN SCHOOL,,Westchester,99.52,All Grades
131801040001.0,Public School,RHINEBECK SHS,,Dutchess,22.84,All Grades
280407030015.0,Public School,GREAT NECK NORTH S H S,,Nassau,100.0,All Grades
461801040003.0,Public School,PULASKI ELEM SCHOOL,,Oswego,99.73,All Grades
261401060011.0,Public School,CALKINS ROAD MIDDLE SCHOOL,,Monroe,99.83,All Grades
310200996152.0,Private School,QUAD PREPARATORY SCHOOL - LOWER,,New York,100.0,All Grades
280230020002.0,Public School,FOREST ROAD SCHOOL,,Nassau,99.69,All Grades
621001060004.0,Public School,MARLBORO MS,,Ulster,99.77,All Grades
421001060008.0,Public School,ENDERS ROAD ELEM SCHOOL,,Onondaga,99.63,All Grades
660303315778.0,Private School,CHAPEL SCHOOL (THE),,Westchester,100.0,All Grades
151102040002.0,Public School,LAKE PLACID ELEM SCHOOL,,Essex,99.13,All Grades
491700010002.0,Public School,P S 2,,Rensselaer,100.0,All Grades
660404030003.0,Public School,HASTINGS H S,,Westchester,100.0,All Grades
442101060003.0,Public School,WARWICK VALLEY MIDDLE SCHOOL,,Orange,99.72,All Grades
470202040003.0,Public School,GILBERTSVILLE-MOUNT UPTON JUNIOR-SENIOR HS,,Otsego,100.0,All Grades
500201060008.0,Public School,JAMES A FARLEY ELEMENTARY SCHOOL,,Rockland,100.0,All Grades
353100809513.0,Private School,GATEWAY ACADEMY,,Richmond,100.0,All Grades
280202175545.0,Private School,KELLENBERG MEMORIAL HS,,Nassau,99.66,All Grades
620901060002.0,Public School,MARBLETOWN ELEM SCHOOL,,Ulster,100.0,All Grades
461300010006.0,Public School,MINETTO ELEM SCHOOL,,Oswego,100.0,All Grades
561006658407.0,Private School,FAYETTE MENNONITE SCHOOL,,Seneca,100.0,All Grades
261701329066.0,Private School,PINNACLE LUTHERAN SCHOOL,,Monroe,100.0,All Grades
491302999322.0,Private School,ROBERT C PARKER SCHOOL,,Rensselaer,100.0,All Grades
140600010128.0,Public School,PS 212 LEONARDO DA VINCI HIGH SCHOOL,,Erie,99.72,All Grades
660501060008.0,Public School,SAMUAL J PRESTON SCHOOL,,Westchester,100.0,All Grades
491700010016.0,Public School,P S 16,,Rensselaer,100.0,All Grades
660805030001.0,Public School,KENSICO SCHOOL,,Westchester,100.0,All Grades
342500217123.0,Private School,SOLOMON SCHECHTER SCH-QUEENS,,Queens,77.81,All Grades
441000999534.0,Private School,NEW BEGINNINGS MONTESSORI SCHOOL,,Orange,100.0,All Grades
580107030009.0,Public School,ROBERT FROST JUNIOR HIGH SCHOOL,,Suffolk,99.89,All Grades
310200226157.0,Private School,SHEFA SCHOOL,,New York,100.0,All Grades
43001040003.0,Public School,RANDOLPH ES,,Cattaraugus,100.0,All Grades
280202030005.0,Public School,NORTHERN PARKWAY SCHOOL,,Nassau,97.86,All Grades
441201060001.0,Public School,PINE TREE ELEM SCHOOL,,Orange,99.73,All Grades
662300010018.0,Public School,SCHOLASTIC ACADEMY,,Westchester,100.0,All Grades
320900145430.0,Private School,SACRED HEART PRIMARY DIVISION,,Bronx,98.99,All Grades
261600010102.0,Public School,SCHOOL 102 ROCHESTER EARLY COLLEGE INTERNATIONAL HS-see sch 68 for lead rpting,,Monroe,100.0,All Grades
500402226317.0,Private School,CONG VIEN OF MONSEY - BNOS CHANA VIEN,,Rockland,98.18,All Grades
10601629639.0,Private School,ANNUR ISLAMIC SCHOOL,,Schenectady,100.0,All Grades
141101060003.0,Public School,SPRINGVILLE ES,,Erie,98.99,All Grades
280216020004.0,Public School,DUTCH BROADWAY SCHOOL,,Nassau,99.7,All Grades
331500226079.0,Private School,BNOS MARGULIA VIZNITZ,,Kings,99.1,All Grades
120501040002.0,Public School,DELAWARE ACADEMY JSHS,,Delaware,100.0,All Grades
310400145294.0,Private School,MT CARMEL-HOLY ROSARY CONSOL,,New York,97.76,All Grades
661100145130.0,Private School,IONA PREP SCHOOL - LOWER,,Westchester,99.55,All Grades
591302040000.0,School District,LIVINGSTON MANOR CENTRAL SCHOOL,,Sullivan,100.0,All Grades
580206020002.0,Public School,PORT JEFFERSON MS,,Suffolk,99.56,All Grades
310200145268.0,Private School,EPIPHANY SCHOOL,,New York,99.71,All Grades
441600010021.0,Public School,MEADOW HILL GLOBAL EXPLORATIONS MAGNET,,Orange,99.38,All Grades
280226030002.0,Public School,RICHARD N SEGERDAHL MIDDLE SCHOOL,,Nassau,100.0,All Grades
560501659820.0,Private School,GROVES CREEK SCHOOL,,Seneca,8.33,All Grades
140203060001.0,Public School,MILL MS,,Erie,99.87,All Grades
470801040001.0,Public School,LAURENS CENTRAL SCHOOL,,Otsego,99.63,All Grades
260501060015.0,Public School,CRAIG HILL ELEM SCHOOL,,Monroe,99.66,All Grades
140600861072.0,Charter School,CHARTER SCHOOL OF INQUIRY,,Erie,96.3,All Grades
70901060011.0,Public School,HORSEHEADS INTERMEDIATE SCHOOL,,Chemung,100.0,All Grades
580106030002.0,Public School,NORTHWEST ELEM SCHOOL,,Suffolk,100.0,All Grades
530515060003.0,Public School,DRAPER MIDDLE SCHOOL,,Schenectady,99.85,All Grades
332100227684.0,Private School,YESHIVA OF FLATBUSH ELEM SCH,,Kings,100.0,All Grades
480101060005.0,Public School,LAKEVIEW ELEM SCHOOL,,Putnam,100.0,All Grades
40901040001.0,Public School,ELLICOTTVILLE ES,,Cattaraugus,100.0,All Grades
212101040002.0,Public School,HARRY M FISHER ELEMENTARY SCHOOL,,Herkimer,100.0,All Grades
490202040003.0,Public School,BRUNSWICK ELEM SCHOOL,,Rensselaer,100.0,All Grades
661800010004.0,Public School,RYE H S,,Westchester,100.0,All Grades
320800145288.0,Private School,HOLY CROSS SCHOOL,,Bronx,100.0,All Grades
332000226199.0,Private School,CONGREGATION YESHIVA B'NEI TORAH,,Kings,97.58,All Grades
530600010008.0,Public School,MARTIN LUTHER KING SCHOOL,,Schenectady,98.49,All Grades
550101040002.0,Public School,HOWARD A HANLON ELEM SCHOOL,,Schuyler,100.0,All Grades
261301060004.0,Public School,MARTHA BROWN J H S,,Monroe,99.84,All Grades
332100226100.0,Private School,CONGREGATION BNOS CHAYA - 14TH AVE,,Kings,95.45,All Grades
142601997712.0,Private School,ARC ERIE COUNTY - MARYVALE,,Erie,98.2,All Grades
410401060001.0,Public School,ADIRONDACK MIDDLE SCHOOL,,Oneida,100.0,All Grades
500402229623.0,Private School,CONGREGATION BAIS MALKA,,Rockland,98.71,All Grades
650701040001.0,Public School,MARION ELEM SCHOOL,,Wayne,100.0,All Grades
140600010104.0,Public School,PS 302 EMERSON SCHOOL OF HOSPITALITY,,Erie,99.74,All Grades
332000226359.0,Private School,BAIS ESTHER SCHOOL 2,,Kings,100.0,All Grades
42400010004.0,Public School,EAST VIEW ES,,Cattaraugus,99.68,All Grades
280504060014.0,Public School,PLAINVIEW-OLD BETHPAGE MID SCH,,Nassau,100.0,All Grades
141604060005.0,Public School,CLOVERBANK ES,,Erie,100.0,All Grades
530600010025.0,Public School,SCHENECTADY HIGH SCHOOL,,Schenectady,99.74,All Grades
661905997804.0,Private School,"CEREBRAL PALSY OF WESTCHESTER, INC",,Westchester,87.1,All Grades
261901060011.0,Public School,PLANK ROAD SOUTH ELEM SCHOOL,,Monroe,100.0,All Grades
132101808641.0,Private School,FAITH CHRISTIAN ACADEMY,,Dutchess,99.15,All Grades
660102060001.0,Public School,BEDFORD VILLAGE E S,,Westchester,99.4,All Grades
142601030013.0,Public School,HOLMES ELEM SCHOOL,,Erie,99.64,All Grades
131602020004.0,Public School,ORVILLE A TODD MS,,Dutchess,99.21,All Grades
560701856180.0,Private School,SENECA BIBLE BAPTIST SCHOOL,,Seneca,100.0,All Grades
493226412180.0,BOCES School,ROBERT H GIBSON TECHNICAL SCHOOL,,Rensselaer,100.0,All Grades
110000008037.0,BOCES School,ONONDAGA-CORTLAND-MADISON BOCES - SEVEN VALLEYS - CORTLAND ALT,,Cortland,99.17,All Grades
342600125931.0,Private School,HOLY FAMILY SCHOOL,,Queens,100.0,All Grades
212001040003.0,Public School,MOUNT MARKHAM S H S,,Herkimer,100.0,All Grades
662300010033.0,Public School,ENRICO FERMI SCHOOL,,Westchester,99.06,All Grades
480101060000.0,School District,MAHOPAC CENTRAL SCHOOL,,New York,100.0,All Grades
500401996118.0,Private School,PASCACK VALLEY LEARNING CENTER,,Rockland,100.0,All Grades
621601997896.0,Private School,WOODSTOCK DAY SCHOOL,,Ulster,99.29,All Grades
331500716881.0,Private School,A FANTIS PAROCHIAL SCHOOL,,Kings,100.0,All Grades
660301030003.0,Public School,GREENVALE SCHOOL,,Westchester,100.0,All Grades
660407145178.0,Private School,SACRED HEART SCHOOL - HARTSDALE,,Westchester,100.0,All Grades
140801060007.0,Public School,CLARENCE CENTER PRIMARY SCHOOL,,Erie,100.0,All Grades
310200998981.0,Private School,DE LA SALLE ACADEMY,,New York,100.0,All Grades
90201040001.0,Public School,KEESVILLE PRIMARY SCHOOL,,Clinton,100.0,All Grades
310200515854.0,Private School,CHOIR SCHOOL-ST THOMAS CHURCH,,New York,100.0,All Grades
310200995987.0,Private School,THE SPEYER LEGACY SCHOOL,,New York,100.0,All Grades
261600010074.0,Public School,SCHOOL 74 SCHOOL OF THE ARTS,,Monroe,100.0,All Grades
310200995508.0,Private School,REBECCA SCHOOL,,New York,97.53,All Grades
280517030011.0,Public School,HICKSVILLE MIDDLE SCHOOL,,Nassau,99.84,All Grades
580211319411.0,Private School,OUR SAVIOR NEW AMERICAN SCHOOL,,Suffolk,100.0,All Grades
280207179359.0,Private School,ST ELIZABETH ANN SETON REG SCHOOL (SOUTH CAMPUS),,Nassau,99.05,All Grades
91101159175.0,Private School,SETON CATHOLIC HIGH SCHOOL,,Clinton,99.5,All Grades
440401060007.0,Public School,CIRCLEVILLE MIDDLE SCHOOL,,Orange,100.0,All Grades
280405020002.0,Public School,NEW HYDE PARK ROAD SCHOOL,,Nassau,100.0,All Grades
421501060002.0,Public School,CHESTNUT HILL MIDDLE SCHOOL,,Onondaga,100.0,All Grades
280409030004.0,Public School,SEARINGTOWN SCHOOL,,Nassau,100.0,All Grades
220909040010.0,Public School,BELLEVILLE HENDERSON CENTRAL SCHOOL,,Jefferson,99.79,All Grades
62601659163.0,Private School,CLEARVIEW SCHOOL,,Chautauqua,47.83,All Grades
521800010006.0,Public School,DOROTHY NOLAN SCHOOL,,Saratoga,99.51,All Grades
450704040005.0,Public School,HOLLEY ES,,Orleans,100.0,All Grades
662401060003.0,Public School,GEORGE WASHINGTON ELEM SCHOOL,,Westchester,100.0,All Grades
500402229834.0,Private School,CONGREGATION NOAM E LISENK,,Rockland,100.0,All Grades
600402040004.0,Public School,NEWARK VALLEY S H S,,Tioga,99.35,All Grades
331400226899.0,Private School,BNOS YAKOV SCHOOL FOR GIRLS (HARRISON AVE),,Kings,99.85,All Grades
10100860899.0,Charter School,KIPP ALBANY COMMUNITY CHARTER MIDDLE SCHOOL - SOUTH DOVE,,Albany,99.56,All Grades
70600166568.0,Private School,NOTRE DAME HIGH SCHOOL,,Chemung,100.0,All Grades
400301060006.0,Public School,LEWISTON PORTER S H S,,Niagara,99.24,All Grades
250701808879.0,Private School,NEW LIFE CHRISTIAN SCHOOL,,Madison,100.0,All Grades
70600861078.0,Charter School,FINN ACADEMY: AN ELMIRA CHARTER SCHOOL,,Chemung,99.51,All Grades
121401040001.0,Public School,MARGARETVILLE CENTRAL SCHOOL,,Delaware,100.0,All Grades
131601060004.0,Public School,OVERLOOK PRIMARY SCHOOL,,Dutchess,99.22,All Grades
140600860814.0,Charter School,KING CENTER CHARTER SCHOOL,,Erie,100.0,All Grades
70901060005.0,Public School,BIG FLATS SCHOOL,,Chemung,99.7,All Grades
280209179906.0,Private School,DE LA SALLE SCHOOL (THE),,Nassau,100.0,All Grades
332000226126.0,Private School,MOSDOS SATMAR BP - OCEAN PARKWAY,,Kings,95.93,All Grades
31502995612.0,Private School,CRESCENT ACADEMY,,Broome,100.0,All Grades
220701040002.0,Public School,BASHAW ELEMENTARY,,Jefferson,100.0,All Grades
280230020001.0,Public School,CLEARSTREAM AVENUE SCHOOL,,Nassau,100.0,All Grades
10100997791.0,Private School,R & E MAY SCHOOL,,Albany,100.0,All Grades
140600010316.0,Public School,PS 357 PATHWAYS ACADEMY,,Erie,100.0,All Grades
500402226276.0,Private School,BAIS BINYOMIN ACADEMY,,Rockland,100.0,All Grades
580104030005.0,Public School,HARDING AVENUE SCHOOL,,Suffolk,99.64,All Grades
420303060003.0,Public School,CICERO ELEM SCHOOL,,Onondaga,100.0,All Grades
660101996492.0,Private School,HARVEY SCHOOL (THE),,Westchester,100.0,All Grades
82001040004.0,Public School,SHERBURNE EARLVILLE SHS,,Chenango,100.0,All Grades
440401226688.0,Private School,MOSDOS SATMAR OF BLOOMINGBURG - 36 YD,,Orange,97.01,All Grades
310300996335.0,Private School,BASIS INDEPENDENT MANHATTAN,,New York,100.0,All Grades
331300226574.0,Private School,BAIS RUCHEL D'SATMAR GIRLS ANNEX,,Kings,99.46,All Grades
320900145199.0,Private School,ALL HALLOWS INSTITUTE,,Bronx,100.0,All Grades
140600010082.0,Public School,PS 82 EARLY CHILDHOOD CENTER,,Erie,100.0,All Grades
491700997083.0,Private School,EMMA WILLARD SCHOOL,,Rensselaer,99.44,All Grades
280517177171.0,Private School,HOLY TRINITY DIOCESAN H S,,Nassau,100.0,All Grades
280517030002.0,Public School,DUTCH LANE SCHOOL,,Nassau,99.1,All Grades
280204020005.0,Public School,SAW MILL ROAD SCHOOL,,Nassau,100.0,All Grades
280211030010.0,Public School,OCEANSIDE S H S,,Nassau,93.93,All Grades
342700228139.0,Private School,SHAAR HATORAH H S,,Queens,100.0,All Grades
31601060028.0,Public School,VESTAL HILLS ES,,Broome,99.49,All Grades
332000228915.0,Private School,BAIS YAAKOV OF GUR HIGH SCHOOL,,Kings,100.0,All Grades
480101060004.0,Public School,MAHOPAC MIDDLE SCHOOL,,Putnam,100.0,All Grades
10306060004.0,Public School,GLENMONT ES,,Albany,100.0,All Grades
261401060002.0,Public School,JEFFERSON ROAD SCHOOL,,Monroe,99.8,All Grades
660501060003.0,Public School,PARSONS MEMORIAL SCHOOL,,Westchester,100.0,All Grades
342400125968.0,Private School,NOTRE DAME CATHOLIC ACADEMY OF RIDGEWOOD,,Queens,94.53,All Grades
332200226488.0,Private School,PROSPECT PARK BNOS LEAH H.S.,,Kings,100.0,All Grades
190401060003.0,Public School,CATSKILL S H S,,Greene,100.0,All Grades
280224020003.0,Public School,ROBERT W CARBONARO SCHOOL,,Nassau,100.0,All Grades
580801997644.0,Private School,CLEARY SCHOOL FOR THE DEAF,,Suffolk,100.0,All Grades
280229020001.0,Public School,CAMP AVENUE SCHOOL,,Nassau,100.0,All Grades
521701040002.0,Public School,SCHUYLERVILLE S H S,,Saratoga,100.0,All Grades
260803060001.0,Public School,BRIARWOOD SCHOOL,,Monroe,100.0,All Grades
520401040007.0,Public School,CORINTH MIDDLE/HIGH SCHOOL,,Saratoga,100.0,All Grades
500402229806.0,Private School,MOSDOS SANZ KLAUSENBURG OF MONSEY - GIBBS,,Rockland,99.13,All Grades
580224030005.0,Public School,RIVER AVENUE SCHOOL,,Suffolk,100.0,All Grades
19000000000.0,BOCES School,ALBANY-SCHOHARIE-SCHENECTADY-SARATOGA BOCES,,Albany,100.0,All Grades
80201040002.0,Public School,GREENLAWN ES,,Chenango,100.0,All Grades
332100226924.0,Private School,MAGEN DAVID YESH-ISAAC SHLM E,,Kings,99.9,All Grades
342900435844.0,Private School,LINDEN SEVENTH-DAY ADVENTIST ELEMENTARY SCHOOL,,Queens,99.05,All Grades
621201060001.0,Public School,REGINALD BENNETT ELEM SCHOOL,,Ulster,100.0,All Grades
140600010132.0,Public School,PS 197 MATH SCIENCE TECHNOLOGY PREP SCHOOL,,Erie,96.83,All Grades
140801060002.0,Public School,HARRIS HILL ES,,Erie,100.0,All Grades
131701060008.0,Public School,MILL ROAD - PRIMARY GRADES,,Dutchess,100.0,All Grades
660412020001.0,Public School,GREENBURGH ACADEMY,,Westchester,83.46,All Grades
332000227520.0,Private School,BAIS YITZCHAK SCHOOL,,Kings,99.34,All Grades
662300010015.0,Public School,SCHOOL 15,,Westchester,100.0,All Grades
580512030005.0,Public School,LORETTA PARK ELEMENTARY SCHOOL,,Suffolk,99.68,All Grades
530600010000.0,School District,SCHENECTADY CITY SCHOOLS,,Schenectady,96.69,All Grades
280253070005.0,Public School,SANFORD H. CALHOUN HIGH SCHOOL,,Nassau,100.0,All Grades
131500010001.0,Public School,CHARLES B. WARRING ELEM SCHOOL,,Dutchess,99.29,All Grades
10100860960.0,Charter School,ALBANY LEADERSHIP CHARTER HIGH SCHOOL FOR GIRLS,,Albany,100.0,All Grades
132101060011.0,Public School,ROY C KETCHAM SHS,,Dutchess,99.81,All Grades
211901020001.0,Public School,TOWN OF WEBB SCHOOL,,Herkimer,99.53,All Grades
310200996755.0,Private School,THE CITY AND COUNTRY SCHOOL,,New York,100.0,All Grades
472202040004.0,Public School,CHERRY VALLEY-SPRINGFIELD ELEMENTARY SCHOOL (see JR SNR HS for lead data),,Otsego,100.0,All Grades
662001030001.0,Public School,EDGEWOOD SCHOOL,,Westchester,99.51,All Grades
280517030004.0,Public School,FORK LANE SCHOOL,,Nassau,100.0,All Grades
660410020001.0,Public School,ZICCOLELLA ELEMENTARY,,Westchester,100.0,All Grades
580603020001.0,Public School,LITTLE FLOWER SCHOOL,,Suffolk,98.1,All Grades
261401060004.0,Public School,PARK ROAD SCHOOL,,Monroe,100.0,All Grades
431401040002.0,Public School,HONEOYE S H S,,Ontario,100.0,All Grades
141401060003.0,Public School,LAKE SHORE SHS,,Erie,100.0,All Grades
280215229603.0,Private School,HEBREW ACADEMY FOR SPECIAL CHILDREN - WOODMERE,,Nassau,100.0,All Grades
130801060008.0,Public School,NORTH PARK ES,,Dutchess,99.32,All Grades
140701060007.0,Public School,CHEEKTOWAGA MIDDLE SCHOOL,,Erie,99.25,All Grades
589300000004.0,BOCES School,DICKINSON AVE ELEMENTARY,,Suffolk,100.0,All Grades
491302060004.0,Public School,POESTENKILL ELEMENTARY SCHOOL,,Rensselaer,100.0,All Grades
101300010003.0,Public School,MONTGOMERY C SMITH ELEMENTARY,,Columbia,100.0,All Grades
641301060002.0,Public School,HUDSON FALLS MIDDLE SCHOOL,,Washington,100.0,All Grades
142301060003.0,Public School,EGGERT ROAD ELEM SCHOOL,,Erie,100.0,All Grades
660900010010.0,Public School,GRAHAM SCHOOL,,Westchester,93.51,All Grades
480102996724.0,Private School,GREEN CHIMNEYS - CLEARPOOL CAMPUS,,Putnam,100.0,All Grades
580209020002.0,Public School,ROCKY POINT HIGH SCHOOL,,Suffolk,99.66,All Grades
140600010031.0,Public School,PS 31 HARRIET ROSS TUBMAN SCHOOL,,Erie,99.04,All Grades
560603658896.0,Private School,CRANBERRY MARSH SCHOOL,,Seneca,9.09,All Grades
81200050003.0,Public School,NORWICH MS,,Chenango,99.48,All Grades
412000050001.0,Public School,JOHN D GEORGE ELEM SCHOOL,,Oneida,12.99,All Grades
662300010001.0,Public School,ROBERT C DODSON SCHOOL,,Westchester,99.42,All Grades
132101060003.0,Public School,FISHKILL PLAINS ES,,Dutchess,99.65,All Grades
580404030007.0,Public School,EAST NORTHPORT MS,,Suffolk,100.0,All Grades
511901040000.0,School District,MADRID WADDINGTON CENTRAL SCHOOL,,St.Lawrence,100.0,All Grades
100902040003.0,Public School,GERMANTOWN ELEMENTARY SCHOOL,,Columbia,98.81,All Grades
310300996773.0,Private School,ANGLO AMERICAN INTERNATIONAL SCHOOL,,New York,100.0,All Grades
280518030003.0,Public School,JOHN H WEST SCHOOL,,Nassau,100.0,All Grades
420101060001.0,Public School,EAST HILL ELEM SCHOOL,,Onondaga,100.0,All Grades
261001060007.0,Public School,CANAL VIEW ES,,Monroe,100.0,All Grades
310200997700.0,Private School,MONTESSORRI FAMILY SCHOOL-MANHTN,,New York,100.0,All Grades
120906040001.0,Public School,HANCOCK ES,,Delaware,100.0,All Grades
412300010003.0,Public School,ALBANY SCHOOL,,Oneida,99.18,All Grades
621601060007.0,Public School,SAUGERTIES SR. HS,,Ulster,99.83,All Grades
280523030014.0,Public School,MHS AMES CAMPUS,,Nassau,100.0,All Grades
580513030009.0,Public School,ANTHONY ALFANO ELEMENTARY SCHOOL,,Suffolk,100.0,All Grades
412300999380.0,Private School,UPSTATE CEREBRAL PALSY - TRADEWINDS EDUCATION CENTER @ UTICA,,Oneida,97.67,All Grades
61101040005.0,Public School,FALCONER MIDDLE/HIGH SCHOOL,,Chautauqua,100.0,All Grades
132201998894.0,Private School,CARDINAL HAYES SCHOOL FOR CHILDREN,,Dutchess,100.0,All Grades
251400010008.0,Public School,OTTO L SHORTELL MIDDLE SCHOOL,,Madison,100.0,All Grades
580513030003.0,Public School,MARGUERITE L MULVEY SCHOOL,,Suffolk,100.0,All Grades
650501040001.0,Public School,LYONS ELEMENTARY SCHOOL,,Wayne,98.48,All Grades
491700590949.0,BOCES School,HUDSON VALLEY COMMUNITY COLLEGE - QUESTSTAR III - HS,,Rensselaer,100.0,All Grades
580410030017.0,Public School,COMMACK HIGH SCHOOL,,Suffolk,97.75,All Grades
440601145071.0,Private School,JOHN J BURKE CATHOLIC H S,,Orange,99.53,All Grades
400800010015.0,Public School,HENRY J KALFAS SCHOOL,,Niagara,99.57,All Grades
30601060000.0,School District,SUSQUEHANNA VALLEY CENTRAL SCHOOL DISTRICT,,Broome,99.64,All Grades
310300996412.0,Private School,GENEVA SCHOOL OF MANHATTAN,,New York,100.0,All Grades
591401060003.0,Public School,GEORGE L COOKE SCHOOL,,Sullivan,97.57,All Grades
580402060002.0,Public School,LLOYD HARBOR SCHOOL,,Suffolk,100.0,All Grades
661100996715.0,Private School,MOUNT TOM DAY SCHOOL,,Westchester,100.0,All Grades
520101060004.0,Public School,PASHLEY ELEM SCHOOL,,Saratoga,100.0,All Grades
60800010007.0,Public School,SCHOOL 7,,Chautauqua,100.0,All Grades
131500010010.0,Public School,POUGHKEEPSIE HS,,Dutchess,92.73,All Grades
580224030008.0,Public School,PATCHOGUE-MEDFORD H S,,Suffolk,99.88,All Grades
580224030006.0,Public School,OREGON AVENUE MIDDLE SCHOOL,,Suffolk,99.82,All Grades
660102060002.0,Public School,BEDFORD HILLS ELEM SCHOOL,,Westchester,99.66,All Grades
412902060005.0,Public School,DEERFIELD ELEM SCHOOL,,Oneida,99.69,All Grades
520302060008.0,Public School,KODA MIDDLE SCHOOL,,Saratoga,100.0,All Grades
10500010007.0,Public School,COHOES HS,,Albany,100.0,All Grades
661402020002.0,Public School,BRIARCLIFF HS,,Westchester,100.0,All Grades
512201040002.0,Public School,NORWOOD-NORFOLK GRADE SCHOOL,,St.Lawrence,99.65,All Grades
10623060002.0,Public School,BLUE CREEK SCHOOL,,Albany,100.0,All Grades
62601658578.0,Private School,LAKEVIEW SCHOOL,,Chautauqua,16.0,All Grades
280214226687.0,Private School,SHULAMITH HIGH SCHOOL FOR GIRLS,,Nassau,96.88,All Grades
220301060008.0,Public School,INDIAN RIVER MIDDLE SCHOOL,,Jefferson,100.0,All Grades
342400125966.0,Private School,OUR LADY OF HOPE SCHOOL,,Queens,99.53,All Grades
580506030008.0,Public School,FOREST BROOK KNDG CTR,,Suffolk,99.71,All Grades
310200999880.0,Private School,HAWTHORNE COUNTRY DAY SCHOOL MANHATTAN CAMPUS,,New York,100.0,All Grades
671002040001.0,Public School,WYOMING CENTRAL SCHOOL,,Wyoming,100.0,All Grades
251400010009.0,Public School,ONEIDA SHS,,Madison,100.0,All Grades
142801060017.0,Public School,NORTHWOOD ELEM SCHOOL - WEST SENECA,,Erie,99.76,All Grades
140600010081.0,Public School,PS 81 BUFFALO PUBLIC SCHOOL,,Erie,99.56,All Grades
261801060002.0,Public School,GINTHER ELEM SCHOOL,,Monroe,99.27,All Grades
310200996794.0,Private School,LYCEUM KENNEDY,,New York,98.88,All Grades
90901040002.0,Public School,NORTHERN ADIRONDACK MS/HS,,Clinton,99.87,All Grades
442101060007.0,Public School,SANFORDVILLE SCHOOL,,Orange,99.88,All Grades
280521030008.0,Public School,JOHN F KENNEDY J H S,,Nassau,99.87,All Grades
600301040000.0,School District,CANDOR CENTRAL SCHOOL,,Tioga,99.85,All Grades
411701040000.0,School District,REMSEN CENTRAL SCHOOL,,Oneida,100.0,All Grades
580512030007.0,Public School,NORTHEAST ELEMENTARY SCHOOL,,Suffolk,99.78,All Grades
280205030002.0,Public School,ABBEY LANE SCHOOL,,Nassau,15.46,All Grades
91200010003.0,Public School,MOMOT ELEMENTARY SCHOOL,,Clinton,99.73,All Grades
500402226350.0,Private School,OHR YOSEF OF ROCKLAND COUNTY,,Rockland,100.0,All Grades
142201040000.0,School District,NORTH COLLINS CENTRAL SCHOOL,,Erie,99.48,All Grades
412201060000.0,School District,HOLLAND PATENT CENTRAL SCHOOL,,Oneida,78.69,All Grades
591401060004.0,Public School,KENNETH L RUTHERFORD SCHOOL,,Sullivan,99.79,All Grades
480601060004.0,Public School,JOHN F KENNEDY ELEM SCHOOL,,Putnam,100.0,All Grades
580401020001.0,Public School,JAMES H BOYD / CUBA HILL ELEMENTARY,,Suffolk,100.0,All Grades
511901040004.0,Public School,MADRID WADDINGTON ES,,St.Lawrence,100.0,All Grades
141800136305.0,Private School,OUR LADY OF VICTORY ELEMENTARY SCHOOL,,Erie,100.0,All Grades
450101060005.0,Public School,ALBION MIDDLE SCHOOL,,Orleans,100.0,All Grades
660409020002.0,Public School,ALICE E GRADY ELEM SCHOOL,,Westchester,99.75,All Grades
580405175602.0,Private School,MADONNA HGTS SCHOOL FOR GIRLS,,Suffolk,93.33,All Grades
343000315808.0,Private School,QUEENS LUTHERAN SCHOOL,,Queens,18.75,All Grades
411101060004.0,Public School,CLINTON MIDDLE SCHOOL,,Oneida,100.0,All Grades
580102030002.0,Public School,JOHN F KENNEDY SCHOOL,,Suffolk,100.0,All Grades
521301995550.0,Private School,MALTA MONTESSORI SCHOOL,,Saratoga,96.55,All Grades
50100996169.0,Private School,JOHN PAUL II ACADEMY OF AUBURN,,Cayuga,100.0,All Grades
580404030009.0,Public School,NORTHPORT S H S,,Suffolk,100.0,All Grades
210800050005.0,Public School,LITTLE FALLS HIGH SCHOOL,,Herkimer,100.0,All Grades
660900010002.0,Public School,EDWARD WILLIAMS,,Westchester,99.19,All Grades
332100229811.0,Private School,BARKAI YESHIVA,,Kings,98.14,All Grades
310200145242.0,Private School,CATHEDRAL High School,,New York,87.82,All Grades
580413030013.0,Public School,HENRY L STIMSON J H S,,Suffolk,100.0,All Grades
280407226637.0,Private School,NORTH SHORE HEBREW ACADEMY MIDDLE SCHOOL,,Nassau,100.0,All Grades
580224030007.0,Public School,SO OCEAN AVE MID SCH,,Suffolk,99.81,All Grades
10402060000.0,School District,RAVENA COEYMANS SELKIRK CENTRAL SCHOOL DISTRICT,,Albany,100.0,All Grades
30200010002.0,Public School,CALVIN COOLIDGE SCHOOL,,Broome,100.0,All Grades
480601060002.0,Public School,CV STARR,,Putnam,100.0,All Grades
90501040002.0,Public School,NORTHEAST CLINTON SENIOR HS,,Clinton,100.0,All Grades
280522030002.0,Public School,SALTZMAN EAST MEMORIAL ELEM SCHOOL,,Nassau,100.0,All Grades
662300860862.0,Charter School,CHARTER SCHOOL OF EDUCATIONAL EXCELLENCE,,Westchester,100.0,All Grades
662300010005.0,Public School,SCHOOL 5,,Westchester,99.81,All Grades
661901030001.0,Public School,F E BELLOWS ELEM SCHOOL,,Westchester,100.0,All Grades
342800225513.0,Private School,BNOS MALKA ACADEMY,,Queens,98.66,All Grades
140600860861.0,Charter School,BUFFALO ACADEMY OF SCIENCE CHARTER SCHOOL,,Erie,99.82,All Grades
62901040000.0,School District,WESTFIELD CENTRAL SCHOOL DISTRICT,,Chautauqua,100.0,All Grades
141901429616.0,Private School,BUFFALO SUBURBAN CHRISTIAN ACADEMY,,Erie,100.0,All Grades
280213020002.0,Public School,HOWELL ROAD SCHOOL,,Nassau,100.0,All Grades
280406226313.0,Private School,MAGEN ISRAEL/GAN ISRAEL CENTER,,Nassau,97.56,All Grades
621201060006.0,Public School,ONTEORA MS,,Ulster,100.0,All Grades
580232030011.0,Public School,NATHANIEL WOODHULL ELEMENTARY SCHOOL,,Suffolk,99.64,All Grades
331300996172.0,Private School,FUSION ACADEMY,,Kings,97.37,All Grades
661905020002.0,Public School,BLIND BROOK HIGH SCHOOL,,Westchester,100.0,All Grades
310200227467.0,Private School,RAMAZ SCHOOL,,New York,100.0,All Grades
341699011416.0,Private School,SAINT ELIZABETH CATHOLIC ACADEMY,,Queens,99.39,All Grades
589300000005.0,BOCES School,LINCOLN ELEMENTARY,,Suffolk,100.0,All Grades
90201040004.0,Public School,AUSABLE FORKS PRIMARY SCHOOL,,Clinton,100.0,All Grades
141901137240.0,Private School,OUR LADY OF BLESSED SACRAMENT,,Erie,100.0,All Grades
132101060012.0,Public School,OAK GROVE ES,,Dutchess,100.0,All Grades
580104030002.0,Public School,ALLEGHANY AVENUE SCHOOL,,Suffolk,100.0,All Grades
441101040001.0,Public School,MINISINK VALLEY H S,,Orange,100.0,All Grades
580509030010.0,Public School,BEACH STREET MIDDLE SCHOOL,,Suffolk,100.0,All Grades
580104030003.0,Public School,DANIEL STREET SCHOOL,,Suffolk,99.8,All Grades
660407060003.0,Public School,RICHARD J BAILEY SCHOOL,,Westchester,100.0,All Grades
310200996790.0,Private School,LORGE SCHOOL,,New York,77.42,All Grades
60701656109.0,Private School,HIDDEN VALLEY SCHOOL,,Chautauqua,65.22,All Grades
2169100000048.0,BOCES School,BOCES Pathways Academy,,Herkimer,100.0,All Grades
500402226348.0,Private School,AVIR YAKOV MIDDLE,,Rockland,89.15,All Grades
442101060002.0,Public School,WARWICK VALLEY H S,,Orange,99.7,All Grades
280220030005.0,Public School,LYNBROOK NORTH MIDDLE SCHOOL,,Nassau,100.0,All Grades
580302999478.0,Private School,ROSS LOWER AND UPPER SCHOOL,,Suffolk,99.28,All Grades
310300998078.0,Private School,THE STUDIO SCHOOL,,New York,98.33,All Grades
280502996119.0,Private School,FUSION ACADEMY - LONG ISLAND,,Nassau,100.0,All Grades
10306060009.0,Public School,EAGLE ELEMENTARY SCHOOL,,Albany,99.78,All Grades
61601040001.0,Public School,PANAMA UPK-12,,Chautauqua,99.75,All Grades
331500228921.0,Private School,YESHIVAS BOYAN TIFRTH MORD SHOLOMO,,Kings,98.4,All Grades
620600996700.0,Private School,WOODCREST SCHOOL,,Ulster,98.53,All Grades
280210030001.0,Public School,BROOKSIDE ELEM SCHOOL,,Nassau,99.16,All Grades
140203060012.0,Public School,CASEY MS,,Erie,99.83,All Grades
140600010056.0,Public School,PS 156 FREDERICK LAW OLMSTEAD SCHOOL,,Erie,100.0,All Grades
580410030008.0,Public School,NORTH RIDGE SCHOOL,,Suffolk,100.0,All Grades
441000010000.0,School District,MIDDLETOWN CITY SCHOOLS,,Orange,99.92,All Grades
332100229256.0,Private School,BET YAKOV ATERET TORAH H.S.,,Kings,100.0,All Grades
491302060006.0,Public School,ALGONQUIN MS,,Rensselaer,100.0,All Grades
250901060006.0,Public School,SOUTH SIDE ELEM SCHOOL,,Madison,100.0,All Grades
280205030009.0,Public School,SUMMIT LANE SCHOOL,,Nassau,99.73,All Grades
661901030005.0,Public School,DANIEL WARREN ES,,Westchester,99.31,All Grades
310400145387.0,Private School,OUR LADY QUEEN OF ANGELS SCHOOL,,New York,100.0,All Grades
280211030000.0,School District,OCEANSIDE UNION FREE SCHOOL,,Nassau,98.0,All Grades
347241711432.0,Private School,ELHAAM ACADEMY,,Queens,77.78,All Grades
641610040002.0,Public School,CAMBRIDGE ELEM SCHOOL,,Washington,99.5,All Grades
140600010312.0,Public School,PS 92 NEW BUILD COMMUNITY SCHOOL,,Erie,100.0,All Grades
490101040006.0,Public School,BERLIN CENTRAL MIDDLE/HIGH SCHOOL,,Rensselaer,100.0,All Grades
580801060001.0,Public School,DOGWOOD ELEM SCHOOL,,Suffolk,100.0,All Grades
580602040000.0,School District,RIVERHEAD CENTRAL SCHOOL,,Suffolk,99.83,All Grades
261101325771.0,Private School,ST PAUL LUTHERAN SCHOOL,,Monroe,97.78,All Grades
261600229557.0,Private School,ORA ACADEMY,,Monroe,100.0,All Grades
332200998736.0,Private School,EBENEZER PREP SCHOOL,,Kings,100.0,All Grades
512501040004.0,Public School,PARISHVILLE-HOPKINGTON JUNIOR/SENIOR HIGH SCHOOL,,St.Lawrence,99.32,All Grades
500402225708.0,Private School,MONSEY BEIS CHAYA MUSHKA-HIGH SCHOOL,,Rockland,99.1,All Grades
280517030006.0,Public School,OLD COUNTRY ROAD SCHOOL,,Nassau,100.0,All Grades
280216020001.0,Public School,ALDEN TERRACE SCHOOL,,Nassau,100.0,All Grades
671201060002.0,Public School,PERRY HIGH SCHOOL,,Wyoming,99.72,All Grades
142201040002.0,Public School,NORTH COLLINS ELEM SCHOOL,,Erie,99.1,All Grades
411504997417.0,Private School,MISSION SPIRIT ACADEMY,,Oneida,100.0,All Grades
310100996213.0,Private School,PATHWAYS CHILDREN'S SCHOOL,,New York,93.33,All Grades
140600996445.0,Private School,ELMWOOD FRANKLIN SCHOOL,,Erie,99.29,All Grades
460500010005.0,Public School,G RAY BODLEY H S,,Oswego,99.89,All Grades
310200606536.0,Private School,FRIENDS SEMINARY,,New York,100.0,All Grades
661904030010.0,Public School,PORT CHESTER MIDDLE SCHOOL,,Westchester,100.0,All Grades
560603040001.0,Public School,ROMULUS CENTRAL SCHOOL,,Seneca,100.0,All Grades
580232030008.0,Public School,JOHN S HOBART ELEM SCHOOL,,Suffolk,99.75,All Grades
240201040003.0,Public School,CALEDONIA MUMFORD MIDDLE SCHOOL,,Livingston,100.0,All Grades
131701060002.0,Public School,RED HOOK SHS,,Dutchess,99.62,All Grades
280201030009.0,Public School,JACKSON ANNEX SCHOOL,,Nassau,100.0,All Grades
510201060004.0,Public School,JM MCKENNEY MIDDLE (4-8) SCHOOL,,St.Lawrence,99.34,All Grades
280401030002.0,Public School,DREXEL SCHOOL,,Nassau,100.0,All Grades
212001040002.0,Public School,MOUNT MARKHAM ELEM SCHOOL,,Herkimer,100.0,All Grades
260801225023.0,Private School,DERECH HATORAH OF ROCHESTER,,Monroe,100.0,All Grades
580405060010.0,Public School,HALF HOLLOW HILLS H S-EAST,,Suffolk,99.71,All Grades
332100229120.0,Private School,CONGREGATION OHR SHRAGA D'VERETZKY,,Kings,100.0,All Grades
339438911219.0,Private School,AHRC MIDDLE/HIGH SCHOOL,,Kings,100.0,All Grades
512201040003.0,Public School,NORWOOD-NORFOLK MIDDLE SCHOOL,,St.Lawrence,100.0,All Grades
590501227505.0,Private School,ZICHRON MOSHE - 84,,Sullivan,100.0,All Grades
210800050006.0,Public School,LITTLE FALLS MIDDLE SCHOOL,,Herkimer,100.0,All Grades
500402206673.0,Private School,MESIFTA BETH SHRAGA,,Rockland,100.0,All Grades
261001060001.0,Public School,E J WILSON S H S,,Monroe,100.0,All Grades
331300126075.0,Private School,BISHOP LOUGHLIN MEMORIAL H S,,Kings,85.79,All Grades
280227996019.0,Private School,GERSH ACADEMY - WEST HEMPSTEAD,,Nassau,99.38,All Grades
280216625599.0,Private School,HAMZA ACADEMY,,Nassau,100.0,All Grades
440901040001.0,Public School,FORT MONTGOMERY ELEMENTARY SCHOOL,,Orange,100.0,All Grades
580410030000.0,School District,COMMACK UNION FREE SCHOOL,,Suffolk,99.22,All Grades
500401226326.0,Private School,CONGREGATION YESHIVA ZERA YAKOV,,Rockland,98.72,All Grades
500201060014.0,Public School,GERALD F NEARY ELEMENTARY SCHOOL,,Rockland,100.0,All Grades
580208020002.0,Public School,ANDREW MULLER PRIMARY SCHOOL,,Suffolk,100.0,All Grades
310200997115.0,Private School,LITTLE RED SCHOOL HOUSE,,New York,100.0,All Grades
310400998072.0,Private School,NORTHSIDE CENTER DAY SCHOOL,,New York,100.0,All Grades
521401040003.0,Public School,HARRISON AVENUE ELEM SCHOOL,,Saratoga,98.56,All Grades
660701996248.0,Private School,FRENCH-AMERICAN SCHOOL-2 (MIDDLE SCHOOL),,Westchester,100.0,All Grades
332000229010.0,Private School,BNOS YAKOV OF BORO PARK,,Kings,100.0,All Grades
450607040002.0,Public School,KENDALL J S H S,,Orleans,100.0,All Grades
530515060005.0,Public School,PINEWOOD INTERMEDIATE SCHOOL,,Schenectady,99.66,All Grades
332200226549.0,Private School,NESIVOS BAIS YAAKOV - 36TH,,Kings,100.0,All Grades
280215229372.0,Private School,RAM BAM MESIVTA H.S.,,Nassau,99.43,All Grades
412201061111.0,Private School,SCENIC VIEW SCHOOL,,Oneida,21.74,All Grades
310300997763.0,Private School,GATEWAY SCHOOL OF NEW YORK,,New York,99.35,All Grades
441201226402.0,Private School,SHERI TORAH INC. - GOLDBERGER,,Orange,96.19,All Grades
10100010050.0,Public School,ALBANY INTERNATIONAL ACADEMY,,Albany,98.68,All Grades
521800119176.0,Private School,ST CLEMENT'S REGIONAL CATHOLIC SCHOOL,,Saratoga,99.29,All Grades
140707030003.0,Public School,DEPEW HS,,Erie,100.0,All Grades
10623806562.0,Private School,LOUDONVILLE CHRISTIAN SCHOOL,,Albany,100.0,All Grades
591401226474.0,Private School,HEBREW DAY SCHOOL OF SULLIVAN & ULSTER COUNTY,,Sullivan,75.86,All Grades
500402226275.0,Private School,YESHIVA OF BOBOV MONSEY,,Rockland,100.0,All Grades
332100227202.0,Private School,AHI EZER YESHIVA,,Kings,100.0,All Grades
421800010004.0,Public School,BELLEVUE SCHOOL,,Onondaga,100.0,All Grades
90501040003.0,Public School,ROUSES POINT ES,,Clinton,100.0,All Grades
140600010001.0,Public School,PS 67 DISCOVERY SCHOOL,,Erie,100.0,All Grades
43001040000.0,School District,RANDOLPH CENTRAL SCHOOL DISTRICT,,Cattaraugus,99.46,All Grades
650901060003.0,Public School,PALMYRA-MACEDON PRIMARY SCHOOL,,Wayne,100.0,All Grades
280401997289.0,Private School,RED ROBIN COUNTRY DAY SCHOOL,,Nassau,100.0,All Grades
412300010006.0,Public School,GENERAL HERKIMER SCHOOL,,Oneida,99.69,All Grades
310300145234.0,Private School,BLESSED SACRAMENT SCHOOL,,New York,100.0,All Grades
132101060005.0,Public School,JAMES S EVANS ES,,Dutchess,100.0,All Grades
108415712534.0,BOCES School,DONALD R. KLINE TECHNICAL SCHOOL,,Columbia,100.0,All Grades
10802060008.0,Public School,GUILDERLAND MS,,Albany,100.0,All Grades
461901040003.0,Public School,SANDY CREEK MS,,Oswego,100.0,All Grades
620803978221.0,"Schools, OCFS - 100",HIGHLAND CHODIKEE SCHOOL,,Ulster,96.15,All Grades
581012020002.0,Public School,CUTCHOGUE EAST ELEM SCH,,Suffolk,99.78,All Grades
332000305792.0,Private School,LUTH ELEM SCH-BAY RIDGE,,Kings,100.0,All Grades
22601060000.0,School District,WELLSVILLE CENTRAL SCHOOL DISTRICT,,Allegany,99.36,All Grades
342400125914.0,Private School,CHRIST THE KING REGIONAL H S,,Queens,100.0,All Grades
580203020007.0,Public School,BOYLE ROAD ELEM SCHOOL,,Suffolk,99.35,All Grades
280515317093.0,Private School,LONG ISLAND LUTHERAN MIDDLE & HIGH SCHOOL,,Nassau,99.56,All Grades
662101147146.0,Private School,KENNEDY CATHOLIC HIGH SCHOOL,,Westchester,100.0,All Grades
80601040001.0,Public School,GREENE PRIMARY SCHOOL,,Chenango,100.0,All Grades
332000226385.0,Private School,MOSDOS SATMAR BP - 15TH AVE,,Kings,96.57,All Grades
280222020001.0,Public School,FLORAL PARK BELLEROSE SCHOOL,,Nassau,99.63,All Grades
660801060007.0,Public School,WESTLAKE MIDDLE SCHOOL,,Westchester,99.79,All Grades
580410999391.0,Private School,NSSA-MARTIN BARELL SCHOOL,,Nassau,88.89,All Grades
331400226143.0,Private School,OHEL CHAYA,,Kings,98.41,All Grades
580205060018.0,BOCES School,(LEAD ONLY) EASTERN SUFFOLK BOCES TECUMSEH ELEMENTARY SCHOOL,,Suffolk,100.0,All Grades
650101060002.0,Public School,NORMAN R KELLEY ELEM SCHOOL,,Wayne,100.0,All Grades
342800229926.0,Private School,JEWISH INSTITUTE OF QUEENS,,Queens,97.22,All Grades
580602040002.0,Public School,ROANOKE AVENUE SCHOOL,,Suffolk,99.5,All Grades
410601040002.0,Public School,MCCONNELLSVILLE ELEM SCHOOL,,Oneida,100.0,All Grades
500101226405.0,Public School,BNOS LEAH PROSPECT PARK OF MONSEY,,Rockland,97.89,All Grades
661100010013.0,Public School,ALBERT LEONARD MIDDLE SCHOOL,,Westchester,100.0,All Grades
491302060003.0,BOCES School,GEORGE WASHINGTON SCHOOL,,New York,100.0,All Grades
30200010022.0,Public School,HORACE MANN SCHOOL,,Broome,99.07,All Grades
412902060007.0,Public School,PARKWAY MIDDLE SCHOOL,,Oneida,100.0,All Grades
181302040003.0,Public School,PEMBROKE PRIMARY SCHOOL,,Genesee,95.45,All Grades
190701859503.0,Private School,GRAPEVILLE CHRISTIAN SCHOOL,,Greene,100.0,All Grades
141101060004.0,Public School,GRIFFITH INST MS,,Erie,100.0,All Grades
70600010014.0,Public School,PINE CITY SCHOOL,,Chemung,98.55,All Grades
580105030007.0,Public School,DEAUVILLE GARDENS WEST ELEMENTARY SCHOOL,,Suffolk,99.76,All Grades
580211060007.0,Public School,EUGENE AVER MEMORIAL,,Suffolk,100.0,All Grades
500586510956.0,Private School,BNOS DERECH YISROEL - NEW CITY,,Rockland,100.0,All Grades
450101060003.0,Public School,ALBION H S,,Orleans,99.6,All Grades
170801040002.0,Public School,MAYFIELD JSHS,,Fulton,98.68,All Grades
280218030000.0,School District,GARDEN CITY UNION FREE SCHOOL,,Nassau,76.88,All Grades
431701060002.0,Public School,VICTOR J H S,,Ontario,100.0,All Grades
660405030001.0,Public School,ARDSLEY H S,,Westchester,100.0,All Grades
10306060000.0,School District,BETHLEHEM CENTRAL SCHOOL DISTRICT,,Albany,93.19,All Grades
280225020003.0,Public School,CHATTERTON SCHOOL,,Nassau,99.76,All Grades
90301060001.0,Public School,BEEKMANTOWN ELEM SCHOOL,,Clinton,100.0,All Grades
490804020002.0,Public School,GARDNER DICKINSON SCHOOL,,Rensselaer,100.0,All Grades
261901805659.0,Private School,LAKESIDE ALPHA SCHOOL,,Monroe,100.0,All Grades
141901060004.0,Public School,COMO PARK ELEM SCHOOL,,Erie,100.0,All Grades
460701040001.0,Public School,DENNIS M. KENNEY MIDDLE SCHOOLQ,,Oswego,100.0,All Grades
310300999860.0,Private School,GREAT TOMORROWS USA SCH.,,New York,100.0,All Grades
661904145111.0,Private School,CORPUS CHRISTI SCHOOL,,Westchester,99.35,All Grades
280201030004.0,Public School,BARACK OBAMA SCHOOL,,Nassau,100.0,All Grades
620600999061.0,Private School,MAPLE RIDGE SCHOOL,,Ulster,100.0,All Grades
469000000000.0,BOCES School,OSWEGO BOCES,,Oswego,100.0,All Grades
461901040001.0,Public School,SANDY CREEK H S,,Oswego,100.0,All Grades
280207020003.0,Public School,WINTHROP AVENUE SCHOOL,,Nassau,100.0,All Grades
420101060005.0,Public School,ONONDAGA ROAD ELEM SCHOOL,,Onondaga,100.0,All Grades
140600860851.0,Charter School,BUFFALO UNITED CHARTER SCHOOL,,Erie,100.0,All Grades
262211201414.0,Charter School,GENESEE COMMUNITY CHARTER SCHOOL FLOUR CITY,,Monroe,100.0,All Grades
580504030005.0,Public School,SAYVILLE MIDDLE SCHOOL,,Suffolk,100.0,All Grades
310200228218.0,Private School,PARK EAST DAY SCHOOL,,New York,99.07,All Grades
261600167041.0,Private School,AQUINAS INST-ROCHESTER,,Monroe,100.0,All Grades
580413030008.0,Public School,BIRCHWOOD SCHOOL,,Suffolk,100.0,All Grades
400400010007.0,Public School,ROY KELLEY ELEM SCHOOL,,Niagara,100.0,All Grades
280226030004.0,Public School,J FRED SPARKE SCHOOL,,Nassau,99.69,All Grades
580404030005.0,Public School,OCEAN AVENUE SCHOOL,,Suffolk,100.0,All Grades
142301136425.0,Private School,NATIVITY OF OUR LORD SCHOOL,,Erie,11.05,All Grades
230901040003.0,Public School,LOWVILLE MIDDLE SCHOOL,,Lewis,100.0,All Grades
61700010009.0,Public School,SAMUEL G. LOVE ES,,Chautauqua,99.15,All Grades
280201860934.0,Charter School,ACADEMY CHARTER SCHOOL - HEMPSTEAD,,Nassau,99.25,All Grades
260401060002.0,Public School,FLORENCE BRASSER SCHOOL,,Monroe,99.74,All Grades
580205060007.0,Public School,SAGAMORE J H S,,Suffolk,99.89,All Grades
660900145166.0,Private School,OUR LADY OF VICTORY SCHOOL - FIFTH AVENUE,,Westchester,99.51,All Grades
142601030024.0,Public School,HERBERT HOOVER ELEM SCHOOL,,Erie,99.65,All Grades
342600807968.0,Private School,HOLY MARTYRS ARMENIAN DAY SCHOOL,,Queens,97.92,All Grades
650901060001.0,Public School,PALMYRA MACEDON S H S,,Wayne,99.8,All Grades
480601996550.0,Private School,GREEN CHIMNEYS SCHOOL - LITTLE FOLKS,,Putnam,98.65,All Grades
480101060002.0,Public School,AUSTIN ROAD ELEM SCHOOL,,Putnam,99.83,All Grades
580512030026.0,Public School,FRESHMAN CENTER,,Suffolk,100.0,All Grades
320000010001.0,Public School,BRONX DISTRICT,,Bronx,99.06,All Grades
512300010009.0,Public School,OGDENSBURG FREE ACADEMY,,St.Lawrence,99.85,All Grades
421504020001.0,Public School,LYNCOURT SCHOOL,,Onondaga,99.48,All Grades
310200996800.0,Private School,HEWITT SCHOOL (THE),,New York,100.0,All Grades
441301805702.0,Private School,FOX HILL SCHOOL,,Orange,100.0,All Grades
280100010003.0,Public School,CONNOLLY SCHOOL,,Nassau,100.0,All Grades
280212030006.0,Public School,HOWARD T HERBER MIDDLE SCHOOL,,Nassau,100.0,All Grades
412300010005.0,Public School,COLUMBUS SCHOOL,,Oneida,99.67,All Grades
512001060005.0,Public School,NIGHTENGALE ELEM SCHOOL,,St.Lawrence,100.0,All Grades
491700010018.0,Public School,P S 18,,Rensselaer,100.0,All Grades
310200515856.0,Private School,GRACE CHURCH SCHOOL,,New York,99.6,All Grades
30101859690.0,Private School,CENTRAL BAPTIST CHRISTIAN ACAD,,Broome,98.39,All Grades
580917020000.0,School District,EAST QUOGUE UNION FREE SCHOOL,,Suffolk,99.0,All Grades
650901060004.0,Public School,PALMYRA MACEDON MIDDLE SCHOOL,,Wayne,100.0,All Grades
280518030006.0,Public School,CHARLES E SCHWARTING SCHOOL,,Nassau,100.0,All Grades
280220175625.0,Private School,OUR LADY OF PEACE SCHOOL,,Nassau,98.59,All Grades
342500625444.0,Private School,AL-MAMOOR SCHOOL,,Queens,99.62,All Grades
420101060011.0,Public School,CAMILLUS MIDDLE SCHOOL,,Onondaga,100.0,All Grades
412300010016.0,Public School,JOHN F HUGHES SCHOOL,,Oneida,100.0,All Grades
500402060005.0,Public School,MARGETTS ELEM SCHOOL,,Rockland,95.1,All Grades
500401226671.0,Private School,TIFERES BAIS YAAKOV,,Rockland,92.31,All Grades
640101040001.0,Public School,ARGYLE ES-JS-HS,,Washington,99.78,All Grades
260901060004.0,Public School,HONEOYE FALLS-LIMA S H S,,Monroe,100.0,All Grades
662300010002.0,Public School,SCHOOL 32-FAMILY SCHOOL,,Westchester,99.43,All Grades
280523030001.0,Public School,BIRCH LANE ELEM SCHOOL,,Nassau,100.0,All Grades
131801040003.0,Public School,BULKELEY SCHOOL,,Dutchess,100.0,All Grades
331400229425.0,Private School,YESHIVA TZEMACH TZADIK VIZNITZ,,Kings,99.21,All Grades
332000996629.0,Private School,BROOKLYN BLUE FEATHER ELEMENTARY,,Kings,99.18,All Grades
660405030003.0,Public School,CONCORD ROAD SCHOOL,,Westchester,99.87,All Grades
580410030018.0,Public School,ROLLING HILLS PRIMARY SCHOOL,,Suffolk,99.59,All Grades
440601040004.0,Public School,CJ HOOKER MS,,Orange,100.0,All Grades
280206030000.0,School District,SEAFORD UNION FREE SCHOOL,,Nassau,82.5,All Grades
280401030005.0,Public School,POWELLS LANE SCHOOL,,Nassau,99.16,All Grades
411603040001.0,Public School,SAUQUOIT VALLEY ELEMENTARY SCHOOL,,Oneida,100.0,All Grades
641501040002.0,Public School,SALEM ELEM SCHOOL,,Washington,100.0,All Grades
132101060004.0,Public School,GAYHEAD ES,,Dutchess,100.0,All Grades
520302060010.0,Public School,CHANGO ELEM SCHOOL,,Saratoga,100.0,All Grades
190301040003.0,Public School,CAIRO HIGH SCHOOL,,Greene,100.0,All Grades
280214226330.0,Private School,IVDU LONG ISLAND,,Nassau,100.0,All Grades
520701040001.0,Public School,JOSEPH HENRY ELEM SCHOOL,,Saratoga,100.0,All Grades
520101998694.0,Private School,CHARLTON SCHOOL/KETCHUM-GRANDE SCHOOL,,Saratoga,97.5,All Grades
440601040001.0,Public School,GOSHEN CENTRAL H S,,Orange,99.9,All Grades
620600010013.0,Public School,ERNEST C MYER SCHOOL,,Ulster,100.0,All Grades
520101060002.0,Public School,CHARLTON HTS ELEM SCHOOL,,Saratoga,99.8,All Grades
331300996011.0,Private School,BROOKLYN WALDORF SCHOOL,,Kings,95.38,All Grades
140600136375.0,Private School,MOUNT MERCY ACADEMY,,Erie,99.45,All Grades
580109020006.0,Public School,LA FRANCES HARDIMAN ELEMENTARY SCHOOL,,Suffolk,100.0,All Grades
160801040000.0,School District,CHATEAUGAY CENTRAL SCHOOL,,Franklin,100.0,All Grades
222000010014.0,Public School,NORTH ELEMENTARY SCHOOL,,Jefferson,99.54,All Grades
412201060001.0,Public School,HOLLAND PATENT MIDDLE SCHOOL,,Oneida,100.0,All Grades
11003060002.0,Public School,CLAYTON A. BOUTON HS,,Albany,100.0,All Grades
280225020002.0,Public School,NORMAN J. LEVY-LAKESIDE SCHOOL,,Nassau,100.0,All Grades
31601060022.0,Public School,CLAYTON AVE ES,,Broome,100.0,All Grades
510501040001.0,Public School,COLTON-PIERREPONT JSHS,,St.Lawrence,100.0,All Grades
660402020003.0,Public School,IRVINGTON MIDDLE SCHOOL,,Westchester,100.0,All Grades
580212060005.0,Public School,LONGWOOD H S,,Suffolk,99.77,All Grades
280523030012.0,Public School,MCKENNA ES,,Nassau,99.79,All Grades
280100010004.0,Public School,GRIBBIN SCHOOL,,Nassau,99.7,All Grades
310100149439.0,Private School,CONNELLY CTR EDUCATION-HOLY CHILD-MS,,New York,93.83,All Grades
280224020001.0,Public School,BROOKLYN AVENUE SCHOOL,,Nassau,100.0,All Grades
70901060007.0,Public School,HORSEHEADS SHS,,Chemung,99.91,All Grades
580104030011.0,Public School,LINDENHURST J H S,,Suffolk,100.0,All Grades
200901040001.0,Public School,WELLS SCHOOL,,Hamilton,100.0,All Grades
421601060002.0,Public School,SKANEATELES S H S,,Onondaga,100.0,All Grades
580513030001.0,Public School,CORDELLO AVENUE ELEMENTARY SCHOOL,,Suffolk,99.39,All Grades
222000809092.0,Private School,FAITH FELLOWSHIP,,Jefferson,97.46,All Grades
580504030001.0,Public School,CHERRY AVENUE ELEM SCHOOL,,Suffolk,100.0,All Grades
332200226044.0,Private School,MAVAKSHAI HASHEM,,Kings,98.21,All Grades
231301040002.0,Public School,BEAVER RIVER SHS,,Lewis,100.0,All Grades
411504997416.0,Private School,TILTON SCHOOL AT THE HOUSE OF GOOD SHEPHERD,,Oneida,100.0,All Grades
280221030005.0,Public School,HEWITT SCHOOL,,Nassau,100.0,All Grades
660412020004.0,Public School,KAPLAN CAREER ACADEMY,,Westchester,100.0,All Grades
332100226333.0,Private School,YESHIVA & MESIFTA VYOEL MOSHE - SEAGATE,,Kings,100.0,All Grades
580233020000.0,School District,CENTER MORICHES U F SCH,,Suffolk,99.86,All Grades
500402229565.0,Private School,BNOS ESTHER PUPA (GIRLS),,Rockland,99.37,All Grades
310200147087.0,Private School,CONVENT-SACRED HEART SCH,,New York,100.0,All Grades
170500010004.0,Public School,BOULEVARD SCHOOL,,Fulton,100.0,All Grades
60601659293.0,Private School,PINE VIEW SCHOOL,,Chautauqua,66.67,All Grades
130801060007.0,Public School,F D ROOSEVELT SHS,,Dutchess,99.51,All Grades
321000996856.0,Private School,HORACE MANN UPPER SCHOOL,,Bronx,99.86,All Grades
662300010050.0,Public School,RIVERSIDE HS,,Westchester,97.25,All Grades
280403030007.0,Public School,HARBOR HILL SCHOOL,,Nassau,100.0,All Grades
261600010035.0,Public School,SCHOOL 35 PINNACLE,,Monroe,98.84,All Grades
521401040009.0,Public School,BALLARD ELEM SCHOOL,,Saratoga,100.0,All Grades
332200225688.0,Private School,MASORES BAIS YAAKOV HIGH SCHOOL,,Kings,100.0,All Grades
342800227503.0,Private School,EZRA ACADEMY,,Queens,100.0,All Grades
560701060001.0,Public School,FRANK M KNIGHT ELEM SCHOOL,,Seneca,99.16,All Grades
310300996488.0,Private School,MANHATTAN STAR ACADEMY UPPER SCHOOL,,New York,100.0,All Grades
500101060001.0,Public School,LITTLE TOR ELEM SCHOOL,,Rockland,99.24,All Grades
10100860907.0,Charter School,GREEN TECH HIGH CHARTER SCHOOL,,Albany,100.0,All Grades
342700228636.0,Private School,BNOS BAIS YAAKOV OF FAR ROCKAWAY,,Queens,99.65,All Grades
580602040009.0,Public School,PULASKI STREET ELEM SCHOOL,,Suffolk,99.88,All Grades
140600996468.0,Private School,NICHOLS SCHOOL,,Erie,49.69,All Grades
500401060001.0,Public School,CHERRY LANE ELEM SCHOOL,,Rockland,100.0,All Grades
521800999327.0,Private School,SARATOGA INDEPENDENT SCHOOL,,Saratoga,100.0,All Grades
310200996184.0,Private School,PINE STREET SCHOOL,,New York,99.1,All Grades
40204040001.0,Public School,WEST VALLEY CENTRAL SCHOOL,,Cattaraugus,100.0,All Grades
450801060003.0,Public School,CLIFFORD WISE MIDDLE SCHOOL,,Orleans,100.0,All Grades
610301060001.0,Public School,DRYDEN ELEMENTARY SCHOOL,,Tompkins,100.0,All Grades
180300137112.0,Private School,NOTRE DAME HS,,Genesee,100.0,All Grades
280404998318.0,Private School,HAPPY MONTESSORI SCH OF PORT WASHINGTON,,Nassau,100.0,All Grades
310300996766.0,Private School,ETHICAL CULTURE FIELDSTON SCHOOL,,New York,100.0,All Grades
342800229507.0,Private School,MESIVTA YESODI YESHURAN,,Queens,100.0,All Grades
260801428508.0,Private School,BAY KNOLL SDA CHURCH SCHOOL,,Monroe,100.0,All Grades
142601030011.0,Public School,HOOVER MS,,Erie,100.0,All Grades
211901020000.0,School District,TOWN OF WEBB UNION FREE SCHOOL,,Herkimer,99.53,All Grades
261600010034.0,Public School,SCHOOL 34 DR LOUIS A CERULLI,,Monroe,98.58,All Grades
530908221601.0,Private School,DESTINE PREPARATORY CHARTER SCHOOL,,Schenectady,96.65,All Grades
80601040004.0,Public School,GREENE MS,,Chenango,100.0,All Grades
489000000000.0,BOCES School,PUTNAM-NORTHERN WESTCHESTER BOCES,,Putnam,100.0,All Grades
110304040002.0,Public School,MCGRAW HS,,Cortland,100.0,All Grades
580101030001.0,Public School,BABYLON MEMORIAL GRADE SCHOOL,,Suffolk,100.0,All Grades
140600136362.0,Private School,BISHOP TIMON HS,,Erie,98.97,All Grades
10623116561.0,Private School,SAINT GREGORY'S SCHOOL,,Albany,100.0,All Grades
280229020002.0,Public School,HAROLD D FAYETTE SCHOOL,,Nassau,100.0,All Grades
420401060009.0,Public School,MINOA ELEM SCHOOL,,Onondaga,100.0,All Grades
30200010015.0,Public School,EAST MS,,Broome,99.78,All Grades
141604136382.0,Private School,SOUTHTOWNS CATHOLIC ELEM,,Erie,100.0,All Grades
621001060005.0,Public School,MARLBORO CENTRAL H S,,Ulster,100.0,All Grades
261401060008.0,Public School,BARKER ROAD MIDDLE SCHOOL,,Monroe,99.86,All Grades
280523030006.0,Public School,LOCKHART ELEM SCHOOL,,Nassau,99.72,All Grades
331500606366.0,Private School,MARY MCDOWELL FRIENDS SCHOOL - UPPER SCHOOL,,Kings,95.08,All Grades
660403030003.0,Public School,DOBBS FERRY MIDDLE SCHOOL,,Westchester,100.0,All Grades
280407030007.0,Public School,JOHN F KENNEDY SCHOOL,,Nassau,99.17,All Grades
662300010025.0,Public School,MUSEUM 25,,Westchester,99.1,All Grades
280203030001.0,Public School,BARNUM WOODS SCHOOL,,Nassau,99.88,All Grades
10623115655.0,Private School,CATHOLIC CENTRAL SCHOOL,,Albany,100.0,All Grades
662300010007.0,Public School,SCHOOL 66 - WILLIAM BOYCE THOMSON,,Westchester,100.0,All Grades
400701325764.0,Private School,HOLY GHOST LUTHERAN SCHOOL,,Niagara,97.78,All Grades
490801080001.0,Public School,NORTH GREENBUSH SCHOOL,,Rensselaer,100.0,All Grades
669000000062.0,BOCES School,SOUTHERN WESTCHESTER BOCES - ST MATTHEW'S,,Westchester,100.0,All Grades
421101060004.0,Public School,C S DRIVER MIDDLE SCHOOL,,Onondaga,100.0,All Grades
580602996112.0,Private School,PECONIC COMMUNITY SCHOOL,,Suffolk,100.0,All Grades
261600860705.0,Charter School,ROCHESTER PREP CHARTER - CHILI AVE,,Monroe,99.76,All Grades
441000145081.0,Private School,OUR LADY OF MT CARMEL SCHOOL,,Orange,99.29,All Grades
490601060009.0,Public School,RENSSELAER PARK ELEM SCHOOL,,Rensselaer,100.0,All Grades
280210030007.0,Public School,PLAZA ELEM SCHOOL,,Nassau,99.77,All Grades
40302060001.0,Public School,ALLEGANY-LIMESTONE HS,,Cattaraugus,100.0,All Grades
280204020006.0,Public School,JOHN G DINKELMEYER SCHOOL,,Nassau,100.0,All Grades
580405060001.0,Public School,OTSEGO ELEM SCHOOL,,Suffolk,100.0,All Grades
310200996095.0,Private School,AVENUES - THE WORLD SCHOOL,,New York,99.88,All Grades
101300977424.0,"Schools, OCFS - 100",BROOKWOOD SECURE CENTER,,Columbia,90.48,All Grades
280217020003.0,Public School,POLK STREET SCHOOL,,Nassau,100.0,All Grades
280214030001.0,Public School,FRANKLIN EARLY CHILDHOOD CENTER,,Nassau,100.0,All Grades
662001030003.0,Public School,GREENACRES SCHOOL,,Westchester,99.72,All Grades
22902040003.0,Public School,BOLIVAR-RICHBURG PRE-K PROGRAM,,Allegany,100.0,All Grades
280208997798.0,Private School,CHILDREN'S LEARNING CENTER,,Nassau,100.0,All Grades
261600010022.0,Public School,SCHOOL 22 LINCOLN (see School 97 Vanguard for lead reporting),,Monroe,100.0,All Grades
580506998127.0,Private School,IVY LEAGUE SCHOOL,,Suffolk,97.26,All Grades
332000226416.0,Private School,MARILYN DAVID IVDU BOYS UPPER SCHOOL,,Kings,100.0,All Grades
580306020001.0,Public School,MONTAUK SCHOOL,,Suffolk,98.89,All Grades
10100010016.0,Public School,PINE HILLS ELEMENTARY SCHOOL,,Albany,100.0,All Grades
580224030010.0,Public School,CANAAN ELEM SCHOOL,,Suffolk,98.59,All Grades
580205060005.0,Public School,NOKOMIS SCHOOL,,Suffolk,99.8,All Grades
591302040003.0,Public School,LIVINGSTON MANOR ELEMENTARY,,Sullivan,100.0,All Grades
441000010014.0,Public School,MONHAGEN MS,,Orange,99.88,All Grades
141201060005.0,Public School,EDEN ELEMENTARY,,Erie,99.65,All Grades
460901060002.0,Public School,PALERMO SCHOOL,,Oswego,100.0,All Grades
284150011598.0,Private School,SHULAMITH HIGH SCHOOL FOR GIRLS - FRANKLIN PL,,Nassau,100.0,All Grades
441800050005.0,Public School,EAST MAIN ELEMENTARY SCHOOL,,Orange,100.0,All Grades
500402808884.0,Private School,CORNERSTONE CHRISTIAN,,Rockland,100.0,All Grades
500402225721.0,Private School,CONGREGATION KOIFER NEFESH / TORAS EMACHU,,Rockland,100.0,All Grades
500402226384.0,Private School,BAIS YAAKOV SHIRAS MIRIAM,,Rockland,100.0,All Grades
571000809093.0,Private School,HOPE CHRISTIAN ACADEMY,,Steuben,100.0,All Grades
660407060004.0,Public School,WOODLAND S H S (and JHS for lead reporting),,Westchester,100.0,All Grades
39000000000.0,BOCES School,BROOME-DELAWARE-TIOGA BOCES,,Broome,99.38,All Grades
580805060004.0,Public School,KINGS PARK H S,,Suffolk,99.88,All Grades
500402226608.0,Private School,LEGADEL,,Rockland,100.0,All Grades
671201060001.0,Public School,PERRY PreK-8 SCHOOL,,Wyoming,99.72,All Grades
420701060004.0,Public School,ONONDAGA HILL MIDDLE SCHOOL,,Onondaga,99.83,All Grades
280213225541.0,Private School,CHEDER AT THE OHEL,,Nassau,92.45,All Grades
530301060005.0,Public School,ROSENDALE SCHOOL - SCHENECTADY,,Schenectady,100.0,All Grades
141101060001.0,Public School,GRIFFITH INSTITUTE HS,,Erie,99.8,All Grades
621801060003.0,Public School,OSTRANDER ELEM SCHOOL,,Ulster,98.72,All Grades
60503040002.0,Public School,CHAUTAUQUA LAKE ES,,Chautauqua,99.74,All Grades
662300010004.0,Public School,MONTESSORI SCHOOL 31,,Westchester,100.0,All Grades
430700010006.0,Public School,GENEVA S H S,,Ontario,100.0,All Grades
331500996181.0,Private School,BASIS INDEPENDENT BROOKLYN,,Kings,100.0,All Grades
280253070006.0,Public School,WELLINGTON C. MEPHAM HIGH SCHOOL,,Nassau,100.0,All Grades
280504060010.0,Public School,PLAINVIEW OLD BETHPAGE JOHN F KENNEDY HS,,Nassau,100.0,All Grades
261701060013.0,Public School,RUSH HENRIETTA SENIOR HIGH SCHOOL,,Monroe,100.0,All Grades
580413030009.0,Public School,COUNTRYWOOD PRIMARY CENTER,,Suffolk,99.49,All Grades
110701060002.0,Public School,HOMER ES,,Cortland,99.89,All Grades
400701860890.0,Charter School,NIAGARA CHARTER SCHOOL,,Niagara,100.0,All Grades
342900125933.0,Private School,IMMACULATE CONCEPTION SCHOOL - JAMAICA,,Queens,99.01,All Grades
170500010008.0,Public School,GLOVERSVILLE MIDDLE SCHOOL,,Fulton,99.83,All Grades
261501060006.0,Public School,FAIRBANKS ROAD ELEM SCHOOL,,Monroe,100.0,All Grades
261600010069.0,Public School,SCHOOL 69 SCHOOL WITHOUT WALLS COMMENCEMENT ACADEMY,,Monroe,100.0,All Grades
400800996105.0,Private School,CHRIST THE KING PREPARATORY ACADEMY,,Niagara,100.0,All Grades
280407030012.0,Public School,RICHARD S SHERMAN GREAT NECK NORTH MIDDLE SCHOOL,,Nassau,100.0,All Grades
10100997850.0,Private School,CENTER FOR DISABILITY SERVICES - KEVIN G. LAGAN SCHOOL,,Albany,100.0,All Grades
512300010002.0,Public School,J F KENNEDY SCHOOL,,St.Lawrence,100.0,All Grades
500401226455.0,Private School,CONGREGATION RAMAPO CHEDER PRESCHOOL,,Rockland,100.0,All Grades
520302060003.0,Public School,ARONGEN ELEM SCHOOL,,Saratoga,99.83,All Grades
310200145432.0,Private School,SACRED HEART OF JESUS SCHOOL,,New York,100.0,All Grades
30601060001.0,Public School,BROOKSIDE ES,,Broome,99.46,All Grades
331700229397.0,Private School,LUBAVITCHER YESHIVA,,Kings,99.43,All Grades
130502020003.0,Public School,DOVER HS (AND MS FOR LEAD REPORTING ONLY),,Dutchess,100.0,All Grades
20801040000.0,School District,BELFAST CENTRAL SCHOOL DISTRICT,,Allegany,99.3,All Grades
140600139125.0,Private School,CATHOLIC ACADEMY OF WEST BUFFALO,,Erie,100.0,All Grades
140600861186.0,Charter School,BUFFALO COMMONS CHARTER SCHOOL,,Erie,100.0,All Grades
331300225748.0,Private School,LURIA ACADEMY OF BROOKLYN,,Kings,100.0,All Grades
490301060000.0,School District,EAST GREENBUSH CENTRAL SCHOOL,,Rensselaer,91.28,All Grades
260101995574.0,Private School,MONTESSORI SCHOOL OF ROCHESTER,,Monroe,100.0,All Grades
441600010003.0,Public School,HERITAGE MIDDLE SCHOOL,,Orange,100.0,All Grades
131500010009.0,Public School,MORSE YOUNG CHILD MAGNET SCHOOL,,Dutchess,100.0,All Grades
441101040004.0,Public School,OTISVILLE ELEMENTARY SCHOOL,,Orange,100.0,All Grades
261101060005.0,Public School,MERTON WILLIAMS MIDDLE SCHOOL,,Monroe,100.0,All Grades
331500209521.0,Private School,HANNAH SENESH COMMUNITY DAY SCHOOL,,Kings,100.0,All Grades
280403030004.0,Public School,EAST HILLS SCHOOL,,Nassau,100.0,All Grades
430700010002.0,Public School,NORTH ST ELEM SCH,,Ontario,100.0,All Grades
280404030007.0,Public School,JOHN PHILIP SOUSA J H S,,Nassau,100.0,All Grades
61001040001.0,Public School,BEMUS ES,,Chautauqua,99.63,All Grades
661905020001.0,Public School,BRUNO M. PONTERIO/RIDGE STREET SCHOOL,,Westchester,99.83,All Grades
261101060006.0,Public School,NORTHWOOD ELEM SCHOOL,,Monroe,100.0,All Grades
161501159250.0,Private School,ASPEN GROVE SCHOOL,,Franklin,84.0,All Grades
222201060002.0,Public School,BLACK RIVER SCHOOL,,Jefferson,88.67,All Grades
471400010002.0,Public School,ONEONTA S H S,,Otsego,100.0,All Grades
581015996732.0,Private School,"CAM HELD ENTERPRISES, INC. - JUST EARLY KIDS CHILDHOOD LEARNING CENTER",,Suffolk,100.0,All Grades
332000226061.0,Private School,JEWISH CTR FOR SPEC EDUC,,Kings,100.0,All Grades
660101030002.0,Public School,KATONAH ELEM SCHOOL,,Westchester,100.0,All Grades
620803040003.0,Public School,HIGHLAND MIDDLE SCHOOL,,Ulster,100.0,All Grades
280501060003.0,Public School,SEA CLIFF ELEM SCHOOL,,Nassau,100.0,All Grades
10623060003.0,Public School,BOGHT HILLS SCHOOL,,Albany,100.0,All Grades
140600010315.0,Public School,PS 50 NORTH PARK COMMUNITY SCHOOL (formerly 66),,Erie,100.0,All Grades
353100229000.0,Private School,RABBI JACOB JOSEPH-GIRLS,,Richmond,95.05,All Grades
461901040002.0,Public School,SANDY CREEK ELEM SCHOOL,,Oswego,100.0,All Grades
500101229658.0,Private School,HEBREW ACADEMY-OHR MENACHEM CHABAD,,Rockland,97.92,All Grades
412902060009.0,Public School,WESTMORELAND ROAD ELEM SCHOOL,,Oneida,100.0,All Grades
500402060003.0,Public School,HEMPSTEAD ELEM SCHOOL,,Rockland,98.65,All Grades
140600010072.0,Public School,PS 72 LORRAINE ELEMENTARY SCHOOL,,Erie,100.0,All Grades
421800010047.0,Public School,INSTITUTE OF TECHNOLOGY,,Onondaga,100.0,All Grades
10201040002.0,Public School,BERNE ES,,Albany,100.0,All Grades
342500998962.0,Private School,LOWELL SCHOOL (THE),,Queens,100.0,All Grades
332200226299.0,Private School,MEVAKSHAI TORAH,,Kings,100.0,All Grades
310200999914.0,Private School,LEARNING SPRING ELEMENTARY SCHOOL,,New York,100.0,All Grades
620600996004.0,Private School,CENTER FOR SPECTRUM SERVICES - KINGSTON,,Ulster,100.0,All Grades
332000226457.0,Private School,MOSDOS SATMAR BP INC - GIRLS ELEMENTARY,,Kings,95.67,All Grades
660900010006.0,Public School,LINCOLN SCHOOL,,Westchester,88.96,All Grades
580205060000.0,School District,SACHEM CENT SCH AT HOLBROOK,,Suffolk,99.86,All Grades
101401040005.0,Public School,ICHABOD CRANE SHS,,Columbia,99.82,All Grades
140600010141.0,Public School,PS 207 LAFAYETTE INTERNATIONAL (formerly 204),,Erie,77.96,All Grades
342700125970.0,Private School,OUR LADY OF PERPETUAL HELP,,Queens,100.0,All Grades
411101060005.0,Public School,CLINTON HIGH SCHOOL,,Oneida,100.0,All Grades
280218030002.0,Public School,HOMESTEAD SCHOOL,,Nassau,100.0,All Grades
310200756744.0,Private School,OLIVET ACADEMY NYC,,New York,75.0,All Grades
660404030002.0,Public School,FARRAGUT MIDDLE SCHOOL,,Westchester,100.0,All Grades
280407030010.0,Public School,SADDLE ROCK SCHOOL,,Nassau,99.81,All Grades
490301060002.0,Public School,BELL TOP SCHOOL,,Rensselaer,100.0,All Grades
261501060002.0,Public School,CHESTNUT RIDGE ELEM SCHOOL,,Monroe,99.81,All Grades
332200228238.0,Private School,MIRRER YESHIVA ELEM SCH,,Kings,100.0,All Grades
401301040002.0,Public School,BARKER ELEM SCHOOL,,Niagara,99.72,All Grades
321100145359.0,Private School,MOUNT ST MICHAEL ACADEMY,,Bronx,99.68,All Grades
412300010026.0,Public School,CONKLING ELEMENTARY,,Oneida,98.83,All Grades
580410030019.0,Public School,COMMACK MIDDLE SCHOOL,,Suffolk,99.93,All Grades
140203997682.0,Private School,GATEWAY-LONGVIEW LYNDE SCHOOL,,Erie,100.0,All Grades
141701040004.0,Public School,HOLLAND MIDDLE SCHOOL,,Erie,100.0,All Grades
132101060009.0,Public School,VAN WYCK JHS,,Dutchess,99.89,All Grades
131201999655.0,Private School,MIZZENTOP DAY SCHOOL,,Dutchess,98.52,All Grades
441201229930.0,Private School,SHERI TORAH OF KHAL VYOEL MOSHE - LARKIN,,Orange,95.5,All Grades
550101040000.0,School District,ODESSA MONTOUR CENTRAL SCHOOL,,Schuyler,100.0,All Grades
151801040002.0,Public School,LAKE VIEW CAMPUS,,Essex,99.37,All Grades
661401030005.0,Public School,ROOSEVELT SCHOOL,,Westchester,100.0,All Grades
541001040001.0,Public School,MIDDLEBURGH JUNIOR SENIOR HIGH SCHOOL,,Schoharie,100.0,All Grades
10601060005.0,Public School,SADDLEWOOD ES,,Albany,100.0,All Grades
680801040001.0,Public School,DUNDEE CENTRAL SCHOOL (PK-12),,Yates,100.0,All Grades
420411060006.0,Public School,JAMESVILLE-DEWITT H S,,Onondaga,99.87,All Grades
40302060002.0,Public School,ALLEGANY LIMESTONE ES,,Cattaraugus,100.0,All Grades
261313030002.0,Public School,EAST ROCHESTER HIGH SCHOOL,,Monroe,100.0,All Grades
50100010007.0,Public School,OWASCO ES,,Cayuga,100.0,All Grades
421800010020.0,Public School,BRIGHTON ACADEMY,,Onondaga,100.0,All Grades
491700860933.0,Private School,KIPP TROY PREPARATORY MIDDLE SCHOOL - TYLER STREET,,Rensselaer,100.0,All Grades
421201040001.0,Public School,ROCKWELL ELEM SCHOOL,,Onondaga,100.0,All Grades
181201040001.0,Public School,PAVILION J S H S,,Genesee,100.0,All Grades
450801809551.0,Private School,ORLEANS COUNTY CHRISTIAN SCHOOL,,Orleans,100.0,All Grades
220401040004.0,Public School,GENERAL BROWN J S H S,,Jefferson,100.0,All Grades
421800010013.0,Public School,SALEM HYDE SCHOOL,,Onondaga,100.0,All Grades
231301658564.0,Private School,RIVER VALLEY MENNONITE SCHOOL,,Lewis,100.0,All Grades
,Private School,"ABILITIES FIRST, INC HYDE PARK - SUITE 202",,Dutchess,100.0,All Grades
280411030001.0,Public School,CHERRY LANE SCHOOL,,Nassau,100.0,All Grades
260501060004.0,Public School,BROOKSIDE ELEM SCHOOL,,Monroe,100.0,All Grades
421800010028.0,Public School,SEYMOUR SCHOOL,,Onondaga,99.78,All Grades
660804020003.0,Public School,EDENWALD SCHOOL,,Westchester,94.07,All Grades
440401060006.0,Public School,CIRCLEVILLE ELEM SCHOOL,,Orange,99.78,All Grades
500402226086.0,Private School,CONGREGATION YESHIVA OF GREATER MONSEY,,Rockland,100.0,All Grades
261600010066.0,Public School,SCHOOL 66 JAMES MONROE LOWER & UPPER SCHOOL,,Monroe,99.37,All Grades
150901040004.0,Public School,MORIAH JUNIOR-SENIOR HIGH SCHOOL,,Essex,99.49,All Grades
280214030007.0,Public School,GEORGE W HEWLETT H S,,Nassau,100.0,All Grades
131500010000.0,School District,POUGHKEEPSIE CITY SCHOOLS,,Dutchess,99.69,All Grades
310200997637.0,Private School,CAEDMON SCHOOL (THE),,New York,100.0,All Grades
289000000000.0,BOCES School,NASSAU BOCES,,Nassau,99.87,All Grades
280521030004.0,Public School,KRAMER ELEMENTARY SCHOOL,,Nassau,100.0,All Grades
421800010012.0,Public School,LEMOYNE ELEMENTARY SCHOOL,,Onondaga,99.59,All Grades
91101060005.0,Public School,PERU HIGH SCHOOL,,Clinton,99.82,All Grades
280222175628.0,Private School,OUR LADY OF VICTORY SCHOOL - BELLMORE STREET,,Nassau,100.0,All Grades
590401226287.0,Private School,MOSDOS SATMAR OF BLOOMINGBURG - 14 YD,,Sullivan,100.0,All Grades
332000228908.0,Private School,BAIS ESTHER SCHOOL,,Kings,99.86,All Grades
140702030004.0,Public School,MARYVALE INTERMEDIATE SCHOOL,,Erie,100.0,All Grades
420101185605.0,Private School,MATER DEI ACADEMY,,Onondaga,99.25,All Grades
500101060007.0,Public School,LINK ELEM SCHOOL,,Rockland,100.0,All Grades
491700010014.0,Public School,P S 14,,Rensselaer,99.55,All Grades
500402226305.0,Private School,BNEI YAKOV YOSEF OF MONSEY - SITE 2,,Rockland,92.47,All Grades
280218030003.0,Public School,LOCUST SCHOOL,,Nassau,42.38,All Grades
521800010010.0,Public School,SARATOGA SPRINGS H S,,Saratoga,100.0,All Grades
560501040000.0,School District,SOUTH SENECA CENTRAL SCHOOL,,Seneca,100.0,All Grades
441600226554.0,Private School,SHERI TORAH INC. - NEW WINDSOR,,Orange,97.08,All Grades
589300000006.0,BOCES School,BRENNAN MS/HS/ASPIRE,,Suffolk,100.0,All Grades
250701040000.0,School District,HAMILTON CENTRAL SCHOOL,,Madison,100.0,All Grades
140600010140.0,Public School,PS 309 EAST COMMUNITY HIGH SCHOOL (formerly 307),,Erie,98.63,All Grades
661601030001.0,Public School,COLONIAL SCHOOL,,Westchester,100.0,All Grades
31501187966.0,Private School,SETON CATHOLIC AT ALL SAINTS,,Broome,100.0,All Grades
280215226038.0,Private School,MESIVTA ATERES YAAKOV,,Nassau,100.0,All Grades
280501060002.0,Public School,GLENWOOD LANDING ELEM SCHOOL,,Nassau,100.0,All Grades
142101040001.0,Public School,AKRON ELEM SCHOOL,,Erie,100.0,All Grades
630300010007.0,Public School,GLENS FALLS HS,,Warren,99.66,All Grades
335486311208.0,Private School,BLESSED SACRAMENT CATHOLIC ACADEMY,,Kings,98.85,All Grades
420401808261.0,Private School,LIVING WORD ACADEMY,,Onondaga,100.0,All Grades
600601060001.0,Public School,APALACHIN ELEM SCHOOL,,Tioga,99.14,All Grades
641001040001.0,Public School,HARTFORD ELEM/MIDDLE/HIGH SCHOOL,,Washington,100.0,All Grades
280501060004.0,Public School,NORTH SHORE S H S,,Nassau,100.0,All Grades
610301060007.0,Public School,FREEVILLE ELEMENTARY,,Tompkins,100.0,All Grades
43501060004.0,Public School,PIONEER MS,,Cattaraugus,99.85,All Grades
140301997258.0,Private School,GOW SCHOOL (THE),,Erie,100.0,All Grades
441000996480.0,Private School,NORTHERN ACADEMY OF THE ARTS,,Orange,99.43,All Grades
70600010020.0,Public School,ELMIRA HIGH SCHOOL,,Chemung,99.92,All Grades
500301060000.0,School District,SOUTH ORANGETOWN CENTRAL SCHOOL DISTRICT,,Rockland,99.93,All Grades
280407229810.0,Private School,NORTH SHORE HEBREW ACADEMY HIGH SCHOOL,,Nassau,100.0,All Grades
220301060002.0,Public School,EVANS MILLS PRIMARY SCHOOL,,Jefferson,100.0,All Grades
142601860032.0,Private School,CHARTER MIDDLE SCHOOL FOR APPLIED TECHNOLOGIES (6-8),,Erie,100.0,All Grades
580413996468.0,Private School,GERSH ACADEMY - WEST HILLS,,Suffolk,100.0,All Grades
662300010013.0,Public School,SCHOOL 13,,Westchester,99.28,All Grades
660101030001.0,Public School,INCREASE MILLER ELEM SCHOOL,,Westchester,100.0,All Grades
660404998061.0,Private School,ORCHARD SCHOOL-ANDRUS CHILD HOME,,Westchester,100.0,All Grades
580602040008.0,Public School,RIVERHEAD S H S,,Suffolk,100.0,All Grades
661904030004.0,Public School,KING STREET SCHOOL,,Westchester,100.0,All Grades
421201040003.0,Public School,ONONDAGA H S,,Onondaga,100.0,All Grades
580235060002.0,Public School,KREAMER STREET ELEM SCHOOL,,Suffolk,99.29,All Grades
580910080000.0,School District,SAGAPONACK COMMON SCHOOL,,Suffolk,92.31,All Grades
280206030003.0,Public School,SEAFORD HARBOR SCHOOL,,Nassau,99.82,All Grades
280518030009.0,Public School,PLAINEDGE S H S,,Nassau,100.0,All Grades
280202030008.0,Public School,LAWRENCE ROAD MIDDLE SCHOOL,,Nassau,99.33,All Grades
62601659164.0,Private School,OPEN MEADOWS SCHOOL,,Chautauqua,28.13,All Grades
440301060005.0,Public School,CORNWALL MIDDLE SCHOOL,,Orange,99.89,All Grades
580509030011.0,Public School,UDALL ROAD MIDDLE SCHOOL,,Suffolk,100.0,All Grades
571502060000.0,School District,CANISTEO-GREENWOOD CENTRAL SCHOOL DISTRICT,,Steuben,100.0,All Grades
412201060006.0,Public School,HOLLAND PATENT CENTRAL H S,,Oneida,99.75,All Grades
500308030009.0,Public School,PEARL RIVER MIDDLE SCHOOL,,Rockland,100.0,All Grades
332100227245.0,Private School,BNOS ISRAEL SCHOOL FOR GIRL,,Kings,99.64,All Grades
43501856300.0,Private School,CENTRAL BAPTIST CHRISTIAN SCHOOL,,Cattaraugus,100.0,All Grades
190401060008.0,Public School,CATSKILL ELEMENTARY SCHOOL,,Greene,100.0,All Grades
661800010001.0,Public School,MIDLAND SCHOOL,,Westchester,100.0,All Grades
40302060004.0,Public School,ALLEGANY-LIMESTONE MS,,Cattaraugus,99.58,All Grades
131500010003.0,Public School,GOV GEORGE CLINTON SCHOOL,,Dutchess,100.0,All Grades
140600010076.0,Public School,PS 76 HERMAN BADILLO BILINGUAL ACADEMY,,Erie,97.01,All Grades
410401060000.0,School District,ADIRONDACK CENT SCH-BOONVILLE,,Oneida,100.0,All Grades
571000996187.0,Private School,KING'S WAY ACADEMY,,Steuben,92.86,All Grades
580233020001.0,Public School,CENTER MORICHES MS / HS,,Suffolk,99.75,All Grades
261600010033.0,Public School,SCHOOL 33 AUDUBON,,Monroe,99.38,All Grades
51101040004.0,Public School,DANA L WEST JR SR High School,,Cayuga,100.0,All Grades
420303060014.0,Public School,CICERO-NO SYRACUSE H S,,Onondaga,99.95,All Grades
260501060020.0,Public School,GREECE ATHENA J H S (no lead reporting),,Monroe,100.0,All Grades
400301137225.0,Private School,SACRED HEART VILLA SCHOOL,,Niagara,100.0,All Grades
310600809016.0,Private School,MANHATTAN CHRISTIAN ACADEMY,,New York,99.21,All Grades
140600861105.0,Charter School,ELMWOOD VILLAGE CHARTER SCHOOL - HERTEL,,Erie,100.0,All Grades
530600010018.0,Public School,JESSIE T ZOLLER SCHOOL,,Schenectady,100.0,All Grades
580805060005.0,Public School,PARKVIEW ES,,Suffolk,99.49,All Grades
580104030001.0,Public School,ALBANY AVENUE SCHOOL,,Suffolk,99.8,All Grades
331400228257.0,Private School,BNEI SHIMON YISROEL OF SOPRON,,Kings,100.0,All Grades
500201060013.0,Public School,FIELDSTONE MIDDLE SCHOOL,,Rockland,100.0,All Grades
490601060002.0,Public School,KNICKBACKER MIDDLE SCHOOL,,Rensselaer,100.0,All Grades
141604060007.0,Public School,FRONTIER MS,,Erie,99.91,All Grades
420901060009.0,Public School,DONALD S. RAY MIDDLE SCHOOL,,Onondaga,100.0,All Grades
280407030013.0,Public School,GREAT NECK SOUTH J H S,,Nassau,100.0,All Grades
431401040001.0,Public School,HONEOYE ELEM SCHOOL,,Ontario,100.0,All Grades
180701040001.0,Public School,BYRON BERGEN J S H S,,Genesee,100.0,All Grades
400400010003.0,Public School,CHARLOTTE CROSS SCHOOL,,Niagara,95.97,All Grades
141901136283.0,Private School,ST MARYS ELEM SCHOOL,,Erie,100.0,All Grades
332000225438.0,Private School,MESIVTA SHOLOM SCHACHNA,,Kings,100.0,All Grades
441000445847.0,Private School,MIDDLETOWN CHRISTIAN SCHOOL,,Orange,98.63,All Grades
342800226480.0,Private School,BAIS YAAKOV ACADEMY FOR GIRLS,,Queens,100.0,All Grades
140301030001.0,Public School,PARKDALE ES,,Erie,100.0,All Grades
261701060014.0,Public School,CHARLES H ROTH JUNIOR HIGH SCHOOL,,Monroe,100.0,All Grades
280405020004.0,Public School,MANOR OAKS WM BOWIE SCH,,Nassau,100.0,All Grades
260803060003.0,Public School,IROQUOIS MIDDLE SCHOOL,,Monroe,100.0,All Grades
440201020002.0,Public School,CHESTER ELEM SCHOOL,,Orange,100.0,All Grades
580209020003.0,Public School,FRANK J CARASITI ELEM SCHOOL,,Suffolk,100.0,All Grades
22310201201.0,Private School,PARKER JORDAN CHRISTAN ACADEMY,,Allegany,100.0,All Grades
140702030003.0,Public School,MARYVALE PRIMARY SCHOOL,,Erie,100.0,All Grades
610600010017.0,Public School,ITHACA S H S,,Tompkins,99.93,All Grades
181101040001.0,Public School,OAKFIELD ALABAMA MIDDLE-HIGH,,Genesee,100.0,All Grades
280205030001.0,Public School,EAST BROADWAY SCHOOL,,Nassau,99.85,All Grades
331400227041.0,Private School,BAIS RUCHEL DSATMAR BR3,,Kings,81.25,All Grades
140600629408.0,Private School,DARUL-ULOOM AL MADANIA,,Erie,99.42,All Grades
61700010003.0,Public School,CLINTON V BUSH ES,,Chautauqua,99.61,All Grades
70600010006.0,Public School,GEORGE M DIVEN SCHOOL,,Chemung,98.89,All Grades
670401040003.0,Public School,LETCHWORTH MS,,Wyoming,100.0,All Grades
10623060006.0,Public School,LATHAM RIDGE SCHOOL,,Albany,99.77,All Grades
261600860910.0,Charter School,ROCHESTER ACADEMY CHARTER SCHOOL,,Monroe,100.0,All Grades
10306809859.0,Private School,MT. MORIAH ACADEMY,,Albany,100.0,All Grades
10802060009.0,Public School,PINE BUSH ES,,Albany,99.58,All Grades
661904030006.0,Public School,THOMAS A EDISON SCHOOL,,Westchester,100.0,All Grades
30601060004.0,Public School,F P DONNELLY SCHOOL,,Broome,100.0,All Grades
580410030020.0,Public School,BURR INTERMEDIATE SCHOOL,,Suffolk,100.0,All Grades
31101060006.0,Public School,MAINE ENDWELL SHS,,Broome,99.86,All Grades
121601060002.0,Public School,SIDNEY ES,,Delaware,99.79,All Grades
631201040000.0,School District,WARRENSBURG CENTRAL SCHOOL,,Warren,98.88,All Grades
342500629637.0,Private School,MUSLIM CTR. JHS (Preschool - 8),,Queens,100.0,All Grades
171102040001.0,Public School,BROADALBIN-PERTH ELEMENTARY SCHOOL,,Fulton,99.63,All Grades
662001030010.0,Public School,SCARSDALE S H S,,Westchester,100.0,All Grades
620600999062.0,Private School,CENTER FOR SPECTRUM SERVICES-ELLENVILLE,,Ulster,100.0,All Grades
342700125928.0,Private School,HOLY CHILD JESUS SCHOOL,,Queens,100.0,All Grades
70901060010.0,Public School,HORSEHEADS MIDDLE SCHOOL,,Chemung,100.0,All Grades
342400446464.0,Private School,S.D.A. SCH-JACKSON HEIGHTS,,Queens,100.0,All Grades
530101040002.0,Public School,DUANESBURG ELEM SCHOOL,,Schenectady,100.0,All Grades
280300226621.0,Private School,HEBREW ACADEMY LONG BEACH,,Nassau,100.0,All Grades
480102060007.0,Public School,GEORGE FISHER MIDDLE SCHOOL,,Putnam,100.0,All Grades
161401060003.0,Public School,SARANAC LAKE MIDDLE SCHOOL,,Franklin,100.0,All Grades
61001040005.0,Public School,MAPLE GROVE JSHS,,Chautauqua,100.0,All Grades
280216020002.0,Public School,CLARA H CARLSON SCHOOL,,Nassau,99.04,All Grades
31502060003.0,Public School,JOHNSON CITY ELEMENTARY/PRIMARY SCHOOL,,Broome,100.0,All Grades
580106030005.0,Public School,AMITYVILLE MEMORIAL H S,,Suffolk,99.57,All Grades
332200227462.0,Private School,PROSPECT PARK YESHIVA,,Kings,100.0,All Grades
260101166208.0,Private School,SETON CATHOLIC SCHOOL (PRE-K - 6TH),,Monroe,99.22,All Grades
280215030005.0,Public School,LAWRENCE ELEMENTARY SCHOOL AT BROADWAY CAMPUS (no lead reporting),,Nassau,100.0,All Grades
332200225985.0,Private School,YESHIVAT LEV TORAH,,Kings,100.0,All Grades
580103030003.0,Public School,PARLIAMENT PLACE ELEMENTARY,,Suffolk,99.77,All Grades
140701996432.0,Private School,BUFFALO HEARING AND SPEECH CENTER - ROSEWOOD,,Erie,100.0,All Grades
521401040008.0,Public School,MOREAU ELEM SCHOOL,,Saratoga,99.57,All Grades
190301040004.0,Public School,CAIRO-DURHAM MIDDLE SCHOOL,,Greene,100.0,All Grades
140201060001.0,Public School,AMHERST MS,,Erie,99.85,All Grades
221401040001.0,Public School,LAFARGEVILLE CENTRAL SCHOOL,,Jefferson,99.53,All Grades
140203060011.0,Public School,COUNTRY PARKWAY ES,,Erie,100.0,All Grades
50100999499.0,Private School,TYBURN ACADEMY,,Cayuga,98.25,All Grades
411501060004.0,Public School,BRADLEY ELEMENTARY SCHOOL,,Oneida,99.79,All Grades
332100229088.0,Private School,MAGEN DAVID YESHIVAH H.S.,,Kings,100.0,All Grades
261201060003.0,Public School,COBBLES ELEM SCHOOL,,Monroe,100.0,All Grades
280201030017.0,Public School,Rhodes Academy,,Nassau,100.0,All Grades
521200050001.0,Public School,MECHANICVILLE ELEMENTARY SCHOOL,,Saratoga,100.0,All Grades
260901808132.0,Private School,EASTER SEALS - THE KESSLER CENTER,,Monroe,100.0,All Grades
440401060005.0,Public School,PINE BUSH S H S,,Orange,99.67,All Grades
580801060024.0,Public School,GREAT HOLLOW MIDDLE SCHOOL,,Suffolk,100.0,All Grades
610501040002.0,Public School,GROTON ELEM SCHOOL,,Tompkins,100.0,All Grades
660406030003.0,Public School,EDGEMONT JSHS,,Westchester,100.0,All Grades
140201997077.0,Private School,PARK SCHOOL OF BUFFALO,,Erie,100.0,All Grades
353100145556.0,Private School,MOTHER FRANCISKA ELEMENTARY SCHOOL,,Richmond,100.0,All Grades
430700010005.0,Public School,GENEVA MIDDLE SCHOOL,,Ontario,99.77,All Grades
280209809489.0,Private School,FREEPORT CHRISTIAN ACADEMY & DAY CARE,,Nassau,100.0,All Grades
280522030009.0,Public School,FARMINGDALE HIGH SCHOOL,,Nassau,100.0,All Grades
491700115756.0,Private School,SACRED HEART SCHOOL - TROY,,Rensselaer,100.0,All Grades
280214229933.0,Private School,SHULAMITH OF LONG ISLAND,,Nassau,100.0,All Grades
31501060007.0,Public School,LINNAEUS W. WEST SCHOOL,,Broome,100.0,All Grades
280211030008.0,Public School,SCHOOL 8,,Nassau,100.0,All Grades
500402060004.0,Public School,KAKIAT ELEM SCHOOL,,Rockland,99.26,All Grades
620600010025.0,Public School,M CLIFFORD MILLER J H S,,Ulster,100.0,All Grades
261701167030.0,Private School,SCHOOL OF HOLY CHILDHOOD,,Monroe,98.51,All Grades
10306060008.0,Public School,BETHLEHEM CENTRAL SCHOOL HIGH SCHOOL,,Albany,78.46,All Grades
91402060007.0,Public School,SARANAC JHS (no lead reporting),,Clinton,100.0,All Grades
261600010016.0,Public School,SCHOOL 16 JOHN WALTON SPENCER,,Monroe,99.45,All Grades
661100010003.0,Public School,GEORGE M DAVIS ELEM SCHOOL,,Westchester,99.85,All Grades
580512030018.0,Public School,ROSS AND SONDERLING HIGH SCHOOL,,Suffolk,98.83,All Grades
131201040001.0,Public School,PAWLING ES,,Dutchess,98.96,All Grades
421800010029.0,Public School,OASIS ACADEMY (LEAD & SCHOOL SURVEY),,Onondaga,100.0,All Grades
571502060001.0,Public School,CANISTEO-GREENWOOD JR-SR HIGH SCHOOL,,Steuben,100.0,All Grades
412902060002.0,Public School,MARCY ELEM SCHOOL,,Oneida,100.0,All Grades
610600998633.0,Private School,ELIZABETH ANN CLUNE MONTESSORI SCHOOL OF ITHACA,,Tompkins,100.0,All Grades
591401060002.0,Public School,EMMA C CHASE SCHOOL,,Sullivan,97.78,All Grades
497200012061.0,BOCES School,COLUMBIA HIGH SCHOOL - QUESTAR III CLASSROOM,,Rensselaer,100.0,All Grades
342800997832.0,Private School,FOREST HILLS MONTESSORI SCHOOL,,Queens,100.0,All Grades
321100145412.0,Private School,ST RAYMOND H S-BOYS,,Bronx,25.95,All Grades
662101060001.0,Public School,SOMERS S H S,,Westchester,100.0,All Grades
660809030002.0,Public School,BEDFORD ROAD SCHOOL,,Westchester,100.0,All Grades
10100010039.0,Public School,ARBOR HILL ES,,Albany,99.68,All Grades
342900125956.0,Private School,ARCHBISHOP MOLLOY H S,,Queens,100.0,All Grades
429000000014.0,BOCES School,ONONDAGA-CORTLAND-MADISON BOCES - ALTERNATIVE HIGH SCHOOL AT HENRY,,Onondaga,100.0,All Grades
500402226246.0,Private School,CONGREGATION BAIS CHINUCH ATERES BNO,,Rockland,97.7,All Grades
250201060006.0,Public School,BURTON STREET ELEM SCHOOL,,Madison,100.0,All Grades
212101040001.0,Public School,GREGORY B. JARVIS MIDDLE SCHOOL,,Herkimer,99.84,All Grades
170600010006.0,Public School,JOHNSTOWN S H S,,Fulton,100.0,All Grades
530301060004.0,Public School,HILLSIDE SCHOOL,,Schenectady,99.74,All Grades
321000996851.0,Private School,HORACE MANN SCHOOL LOWER DIVISION,,Bronx,100.0,All Grades
332000996520.0,Private School,HEARTSHARE EDUCATION CENTER,,Kings,72.73,All Grades
420807040004.0,Public School,C GRANT GRIMSHAW SCHOOL,,Onondaga,100.0,All Grades
480102805983.0,Private School,MISSION CHURCH ACADEMY AND PRESCHOOL,,Dutchess,100.0,All Grades
61101040009.0,Public School,PAUL B D TEMPLE ES,,Chautauqua,98.0,All Grades
331400226594.0,Private School,HAMASPIK SCHOOL,,Kings,100.0,All Grades
500401229697.0,Private School,ATERES BAIS YAAKOV ACADEMY OF ROCKLAND,,Rockland,97.52,All Grades
140600010110.0,Public School,PS 206 SOUTH PARK HIGH SCHOOL,,Erie,99.73,All Grades
580507060008.0,Public School,IDLE HOUR ELEM SCHOOL,,Suffolk,100.0,All Grades
441301808513.0,Private School,HARMONY CHRISTIAN SCHOOL,,Orange,100.0,All Grades
400800010010.0,Public School,SEVENTY NINTH STREET SCHOOL,,Niagara,100.0,All Grades
60201858116.0,Private School,CHAUTAUQUA CHRISTIAN ACADEMY,,Chautauqua,99.37,All Grades
660409020003.0,Public School,ALEXANDER HAMILTON H S,,Westchester,100.0,All Grades
312212201203.0,Private School,BASIS INDEPENDENT MANHATTAN - CHELSEA,,New York,100.0,All Grades
280221030006.0,Public School,WM S COVERT SCHOOL,,Nassau,100.0,All Grades
500402060023.0,Public School,ELDORADO ELEM SCHOOL,,Rockland,98.34,All Grades
141301060005.0,Public School,IROQUOIS MS,,Erie,100.0,All Grades
280522030008.0,Public School,HOWITT J H S,,Nassau,99.83,All Grades
530301995716.0,Private School,RIVERRUN MONTESSORI,,Schenectady,92.31,All Grades
261901997789.0,Private School,HILLSIDE-HALPERN EDUC. CENTER,,Monroe,100.0,All Grades
662300145095.0,Private School,ANNUNCIATION SCHOOL,,Westchester,100.0,All Grades
280205030006.0,Public School,LEE ROAD SCHOOL,,Nassau,99.68,All Grades
460500010006.0,Public School,FULTON J H S,,Oswego,100.0,All Grades
332000228436.0,Private School,BAIS TZIPORAH,,Kings,91.91,All Grades
420411997121.0,Private School,MANLIUS-PEBBLE HILL SCHOOL,,Onondaga,100.0,All Grades
110901040002.0,Public School,MARATHON ES,,Cortland,100.0,All Grades
580107030001.0,Public School,MAY MOORE ELEMENTARY SCHOOL,,Suffolk,99.5,All Grades
280211030003.0,Public School,SCHOOL 3,,Nassau,100.0,All Grades
660410020000.0,School District,GREENBURGH-GRAHAM U F S,,Westchester,100.0,All Grades
491501040002.0,Public School,MAPLE HILL H S,,Rensselaer,99.23,All Grades
580205060002.0,Public School,GRUNDY AVENUE SCHOOL,,Suffolk,98.89,All Grades
151102999844.0,Private School,MOUNTAIN LAKE ACADEMY,,Essex,96.67,All Grades
310200145611.0,Private School,ACADEMY OF ST. JOSEPH,,New York,100.0,All Grades
222000010015.0,Public School,OHIO STREET SCHOOL,,Jefferson,100.0,All Grades
332000445840.0,Private School,BROOKLYN SEVENTH DAY ADVENTIST SCHOOL,,Kings,90.59,All Grades
280221030004.0,Public School,RIVERSIDE SCHOOL,,Nassau,100.0,All Grades
580601040005.0,Public School,SHOREHAM-WADING RIVER H S,,Suffolk,100.0,All Grades
530202060001.0,Public School,GLEN WORDEN ELEMENTARY SCHOOL,,Schenectady,100.0,All Grades
222201060011.0,Public School,CARTHAGE MIDDLE SCHOOL,,Jefferson,100.0,All Grades
342400125973.0,Private School,OUR LADY OF SORROWS SCHOOL,,Queens,100.0,All Grades
660411020002.0,Public School,GREENBURGH ELEVEN ES,,Westchester,91.34,All Grades
580235060004.0,Public School,BELLPORT MIDDLE SCHOOL,,Suffolk,99.88,All Grades
332200229244.0,Private School,MASORES BAIS YAAKOV ELEMENTARY,,Kings,99.04,All Grades
280522030004.0,Public School,NORTHSIDE ELEM SCHOOL,,Nassau,100.0,All Grades
181001060002.0,Public School,LE ROY J S H S,,Genesee,99.82,All Grades
280211030002.0,Public School,SCHOOL 2,,Nassau,100.0,All Grades
280218996620.0,Private School,THE WALDORF SCHOOL OF GARDEN CITY,,Nassau,100.0,All Grades
310400997324.0,Private School,ST BERNARDS SCHOOL,,New York,99.74,All Grades
280409030001.0,Public School,CENTER STREET SCHOOL,,Nassau,100.0,All Grades
580801060022.0,Public School,SMITHTOWN HIGH SCHOOL WEST,,Suffolk,100.0,All Grades
310500998545.0,Private School,KINGS ACADEMY,,New York,100.0,All Grades
400900010011.0,Public School,NORTH TONAWANDA HIGH SCHOOL,,Niagara,100.0,All Grades
260401060004.0,Public School,GATES-CHILI MIDDLE SCHOOL,,Monroe,99.76,All Grades
641301425821.0,Private School,KINGSBURY SDA (SEVENTH DAY ADVENTIST) SCHOOL,,Washington,100.0,All Grades
421800629480.0,Private School,IHSAN SCHOOL OF EXCELLENCE,,Onondaga,100.0,All Grades
521301060001.0,Public School,BALLSTON SPA S H S,,Saratoga,99.92,All Grades
440102060001.0,Public School,LITTLE BRITAIN ELEM SCHOOL,,Orange,99.77,All Grades
500101060023.0,Public School,FELIX FESTA CHARACTER MIDDLE SCHOOL,,Rockland,99.84,All Grades
280515030006.0,Public School,JERICHO MS,,Nassau,99.64,All Grades
600601060002.0,Public School,OWEGO ELEM SCHOOL,,Tioga,100.0,All Grades
110701060006.0,Public School,HOMER JHS,,Cortland,100.0,All Grades
260901060001.0,Public School,LIMA ELEM SCHOOL,,Monroe,100.0,All Grades
580205060011.0,Public School,SENECA J H S,,Suffolk,100.0,All Grades
260401999477.0,Private School,HOPE HALL,,Monroe,100.0,All Grades
630902030001.0,Public School,QUEENSBURY ELEM SCHOOL,,Warren,100.0,All Grades
280251070003.0,Public School,VALLEY STREAM SOUTH HIGH SCHOOL,,Nassau,99.59,All Grades
22101040001.0,Public School,WHITESVILLE CENTRAL SCHOOL,,Allegany,99.09,All Grades
280300010006.0,Public School,LONG BEACH J H S,,Nassau,99.85,All Grades
421501060015.0,Public School,LONG BRANCH ELEM SCHOOL,,Onondaga,99.73,All Grades
411800010008.0,Public School,FRANCIS BELLAMY ELEMENTARY SCHOOL,,Oneida,99.82,All Grades
580503030007.0,Public School,RUTH C KINNEY ELEM SCHOOL,,Suffolk,99.7,All Grades
660501060005.0,Public School,PURCHASE SCHOOL,,Westchester,100.0,All Grades
310600145279.0,Private School,GOOD SHEPHERD SCHOOL,,New York,100.0,All Grades
10802060005.0,Public School,GUILDERLAND HS,,Albany,100.0,All Grades
530600010010.0,Public School,HOWE SCHOOL,,Schenectady,100.0,All Grades
140600861134.0,Charter School,PERSISTENCE PREP ACADEMY CHARTER SCH,,Erie,99.55,All Grades
580201060010.0,Public School,ROBERT CUSHMAN MURPHY J H S,,Suffolk,99.7,All Grades
331700225979.0,Private School,BNOS CHOMESH ACADEMY,,Nassau,100.0,All Grades
190701040004.0,Public School,GREENVILLE H S,,Greene,100.0,All Grades
131701060004.0,Public School,LINDEN AVENUE MIDDLE SCHOOL,,Dutchess,100.0,All Grades
280404030002.0,Public School,GUGGENHEIM ELEM SCHOOL,,Nassau,100.0,All Grades
331800126092.0,Private School,NAZARETH REGIONAL H S,,Kings,100.0,All Grades
120906040002.0,Public School,HANCOCK JSHS,,Delaware,100.0,All Grades
332200226487.0,Private School,CROWN HEIGHTS YESHIVA,,Kings,97.23,All Grades
541201040003.0,Public School,SCHOHARIE H S,,Schoharie,99.55,All Grades
132201996576.0,Private School,DUTCHESS DAY SCHOOL (THE),,Dutchess,100.0,All Grades
280402030001.0,Public School,NORTH SIDE SCHOOL,,Nassau,98.83,All Grades
140709030004.0,Public School,JOHN F KENNEDY HS,,Erie,100.0,All Grades
140201136377.0,Private School,BUFFALO ACADEMY OF THE SACRED HEART,,Erie,100.0,All Grades
580211060005.0,Public School,OXHEAD ROAD SCHOOL,,Suffolk,99.74,All Grades
420701425828.0,Private School,PARKVIEW JUNIOR ACADEMY,,Onondaga,100.0,All Grades
660701030004.0,Public School,MURRAY AVENUE SCHOOL,,Westchester,100.0,All Grades
331300996002.0,Private School,GREENE HILL SCHOOL,,Kings,100.0,All Grades
331500629786.0,Private School,AL-MADINAH SCH,,Kings,99.77,All Grades
280300175601.0,Private School,LONG BEACH CATHOLIC REGIONAL SCHOOL,,Nassau,99.55,All Grades
141401060000.0,School District,LAKE SHORE CENTRAL SCHOOL,,Erie,99.9,All Grades
260801060009.0,Public School,DURAND-EASTMAN SCHOOL,,Monroe,99.35,All Grades
142601860031.0,Charter School,CHARTER SCHOOL FOR APPLIED TECHNOLOGIES (K-5),,Erie,100.0,All Grades
353100145369.0,Private School,NOTRE DAME ACADEMY-ELEM,,Richmond,97.46,All Grades
332100225701.0,Private School,F.R.E.E./MAZEL DAY SCHOOL,,Kings,99.69,All Grades
10623060010.0,Public School,SHAKER HS,,Albany,99.95,All Grades
430300999237.0,Private School,MEADOW VIEW SCHOOL,,Ontario,62.96,All Grades
250401040001.0,Public School,EDWARD R ANDREWS ELEMENTARY SCHOOL,,Madison,99.22,All Grades
440301060003.0,Public School,CORNWALL J S H S,,Orange,100.0,All Grades
62601659168.0,Private School,ROCK HILL SCHOOL,,Chautauqua,46.88,All Grades
520701040002.0,Public School,GALWAY JSHS,,Saratoga,99.76,All Grades
511101060006.0,Public School,EAST SIDE ELEM SCHOOL,,St.Lawrence,99.78,All Grades
141501060003.0,Public School,KAEGEBEIN SCHOOL,,Erie,99.93,All Grades
670401040002.0,Public School,LETCHWORTH ES,,Wyoming,100.0,All Grades
280227996020.0,Private School,GERSH ACADEMY - QUEENS,,Queens,98.41,All Grades
441903020001.0,Public School,GEORGE F BAKER HS,,Orange,100.0,All Grades
660804020002.0,Public School,MOUNT PLEASANT-COTTAGE SCHOOL,,Westchester,85.19,All Grades
269200000000.0,BOCES School,MONROE 2 ORLEANS BOCES,,Monroe,100.0,All Grades
250701040001.0,Public School,HAMILTON CENTRAL SCHOOL - JUNIOR/SENIOR HIGHSCHOOL,,Madison,100.0,All Grades
280252070004.0,Public School,H FRANK CAREY J S H S,,Nassau,99.82,All Grades
310200996274.0,Private School,HUDSONWAY IMMERSION SCHOOL,,New York,100.0,All Grades
220301060009.0,Public School,CALCIUM PRIMARY SCHOOL,,Jefferson,99.81,All Grades
353100996631.0,Private School,AHRC NYC STATEN ISLAND PREPARATORY SCHOOL,,Richmond,100.0,All Grades
660900010013.0,Public School,MOUNT VERNON H S,,Westchester,97.73,All Grades
332100207932.0,Private School,LUBAVITCHER H S,,Kings,100.0,All Grades
661401030001.0,Public School,BROOKSIDE SCHOOL,,Westchester,100.0,All Grades
131601145060.0,Private School,ST MARTIN DE PORRES SCHOOL,,Dutchess,100.0,All Grades
10802060001.0,Public School,ALTAMONT ES,,Albany,100.0,All Grades
260803060007.0,Public School,SENECA SCHOOL,,Monroe,100.0,All Grades
500402226134.0,Private School,MESIVTA OF YESHIVA D'MONSEY,,Rockland,100.0,All Grades
260801060006.0,Public School,EASTRIDGE S H S,,Monroe,99.89,All Grades
400900805999.0,Private School,CHRISTIAN ACADEMY OF WESTERN NY,,Niagara,98.36,All Grades
440601040003.0,Public School,SCOTCHTOWN AVENUE SCHOOL,,Orange,100.0,All Grades
420303060001.0,Public School,ALLEN ROAD ELEM SCHOOL,,Onondaga,100.0,All Grades
260801060003.0,Public School,LAURELTON ELEM SCHOOL,,Monroe,99.62,All Grades
342400125943.0,Private School,ST MARGARET SCHOOL,,Queens,99.45,All Grades
580903020000.0,School District,QUOGUE UNION FREE SCHOOL,,Suffolk,98.61,All Grades
640801040002.0,Public School,GREENWICH J S H S,,Washington,100.0,All Grades
321000996192.0,Private School,HOPE ACADEMY OF THE BRONX,,Bronx,100.0,All Grades
332000228239.0,Private School,GERER YESHIVA,,Kings,100.0,All Grades
250701040002.0,Public School,HAMILTON CENTRAL SCHOOL - PRE-K - 5th GRADE,,Madison,100.0,All Grades
280515030002.0,Public School,GEORGE A JACKSON SCHOOL,,Nassau,99.77,All Grades
580504030000.0,School District,SAYVILLE UNION FREE SCHOOL,,Suffolk,100.0,All Grades
261600010019.0,Public School,SCHOOL 19 DR CHARLES T LUNSFORD,,Monroe,99.28,All Grades
580401020004.0,Public School,HARLEY AVE ELEM SCHOOL,,Suffolk,99.75,All Grades
332000226543.0,Private School,CONGREGATION BNOS CHAYA - 4502,,Kings,99.58,All Grades
580513030008.0,Public School,RALPH REED SCHOOL,,Suffolk,99.92,All Grades
310200999300.0,Private School,BIRCH WATHEN LENOX SCHOOL,,New York,99.7,All Grades
140600996006.0,Private School,SAINTS TABERNACLE OF EXCELLENCE,,Erie,100.0,All Grades
249000000011.0,BOCES School,GENESEE VALLEY BOCES-CG MAY CENTER,,Livingston,100.0,All Grades
589100000000.0,BOCES School,EASTERN SUFFOLK BOCES,,Suffolk,100.0,All Grades
280501997105.0,Private School,GREEN VALE SCHOOL (THE),,Nassau,100.0,All Grades
260401060009.0,Public School,NEIL ARMSTRONG SCHOOL,,Monroe,22.74,All Grades
310200145262.0,Private School,DOMINICAN ACADEMY,,New York,100.0,All Grades
580233808755.0,Private School,LEONARD E BURKET CHRISTIAN SCHOOL,,Suffolk,98.18,All Grades
610301060006.0,Public School,CASSAVANT ELEMENTARY,,Tompkins,100.0,All Grades
39000000100.0,BOCES School,BROOME-DELAWARE-TIOGA BOCES WEST LEARNING CENTER,,Tioga,100.0,All Grades
489000000003.0,BOCES School,PUTNAM NORTHERN WESTCHESTER BOCES - PINES BRIDGE SCHOOL,,Westchester,98.21,All Grades
280213020004.0,Public School,WILLOW ROAD SCHOOL,,Nassau,98.79,All Grades
520302995153.0,Private School,MOTHER TERESA ACADEMY,,Saratoga,100.0,All Grades
332000227819.0,Private School,BNOS ZION OF BOBOV,,Kings,99.84,All Grades
600801858416.0,Private School,NORTH SPENCER CHRISTIAN ACADEMY,,Tioga,100.0,All Grades
442101060004.0,Public School,PARK AVENUE ELEM SCHOOL,,Orange,98.92,All Grades
421800010027.0,Public School,PORTER MAGNET SCHOOL,,Onondaga,98.17,All Grades
572702040001.0,Public School,JASPER-TROUPSBURG ELEM SCHOOL,,Steuben,100.0,All Grades
50701040007.0,Public School,EMILY HOWLAND ELEMENTARY SCHOOL,,Cayuga,87.66,All Grades
441600010006.0,Public School,GIDNEY AVE MEMORIAL TECH MAGNET SCH,,Orange,100.0,All Grades
280501060001.0,Public School,GLEN HEAD ELEM SCHOOL,,Nassau,100.0,All Grades
180701040000.0,School District,BYRON BERGEN CENTRAL SCHOOL,,Genesee,100.0,All Grades
321100805715.0,Private School,CITY OF FAITH CHRISTIAN SCHOOL,,Bronx,100.0,All Grades
190701040001.0,Public School,GREENVILLE MS,,Greene,100.0,All Grades
121901040002.0,Public School,WALTON HS,,Delaware,100.0,All Grades
400400010010.0,Public School,NORTH PARK J H S,,Niagara,100.0,All Grades
142601030026.0,Public School,KENMORE WEST HIGH SCHOOL,,Erie,99.51,All Grades
580305020000.0,School District,SAG HARBOR UNION FREE SCHOOL DISTRICT,,Suffolk,99.55,All Grades
450704040001.0,Public School,HOLLEY MS/HS,,Orleans,100.0,All Grades
110701060001.0,Public School,HOMER SHS,,Cortland,99.83,All Grades
512001060001.0,Public School,JEFFERSON ELEM SCHOOL,,St.Lawrence,99.77,All Grades
331300995636.0,Private School,BROOKLYN AUTISM CENTER ACADEMY,,Kings,96.0,All Grades
270301000000.0,BOCES School,HAMILTON-FULTON-MONTGOMERY BOCES,,Montgomery,99.57,All Grades
420303060004.0,Public School,LAKESHORE ROAD ELEMENTARY SCHOOL,,Onondaga,100.0,All Grades
131500010011.0,Public School,POUGHKEEPSIE MS,,Dutchess,99.54,All Grades
320700145282.0,Private School,CARDINAL HAYES H S,,Bronx,99.85,All Grades
10306060007.0,Public School,BETHLEHEM CENTRAL MIDDLE SCHOOL,,Albany,100.0,All Grades
580212060003.0,Public School,RIDGE ELEM SCHOOL,,Suffolk,99.57,All Grades
441600010015.0,Public School,NEWBURGH FREE ACADEMY - NORTH,,Orange,99.74,All Grades
331800996245.0,Private School,A PLUS KIDZ ACADEMY,,Kings,100.0,All Grades
580801997261.0,Private School,DEVELOPMENTAL DISABILITIES INSTITUTE - HUNTINGTON,,Suffolk,99.03,All Grades
150601040001.0,Public School,KEENE CENTRAL SCHOOL,,Essex,99.39,All Grades
30200010005.0,Public School,BENJAMIN FRANKLIN ES,,Broome,99.72,All Grades
650501040003.0,Public School,LYONS MIDDLE SCHOOL,,Wayne,100.0,All Grades
140801060005.0,Public School,SHERIDAN HILL ES,,Erie,100.0,All Grades
331500996927.0,Private School,PACKER COLLEGIATE INSTITUTE (Pre-K-12),,Kings,100.0,All Grades
261401060005.0,Public School,MENDON CENTER ELEMENTARY SCHOOL,,Monroe,99.84,All Grades
441000996734.0,Private School,"ABILITIES FIRST, INC MIDDLETOWN EDUCATION CENTER - MEC",,Orange,100.0,All Grades
142601030006.0,Public School,CHARLES A LINDBERGH ELEM SCHOOL,,Erie,99.8,All Grades
261701060009.0,Public School,NINTH GRADE ACADEMY (New Name: CARLTON O. WEBSTER BUILDING),,Monroe,100.0,All Grades
261201166189.0,Private School,ST JOSEPH SCHOOL,,Monroe,100.0,All Grades
131602606741.0,Private School,OAKWOOD FRIENDS SCHOOL,,Dutchess,99.38,All Grades
430300050002.0,Public School,CANANDAIGUA ACADEMY,,Ontario,99.9,All Grades
530301060007.0,Public School,NISKAYUNA S H S,,Schenectady,99.71,All Grades
430501040001.0,Public School,BLOOMFIELD J S H S,,Ontario,100.0,All Grades
441600145510.0,Private School,SAN MIGUEL ACADEMY OF NEWBURGH,,Orange,100.0,All Grades
240101166156.0,Private School,ST AGNES PAROCHIAL SCHOOL - PARK PLACE,,Livingston,100.0,All Grades
70600010021.0,Public School,ERNIE DAVIS ACADEMY,,Chemung,100.0,All Grades
321000997736.0,Private School,ETHICAL CULTURE THE FIELDSTON UPPER SCHOOL,,Bronx,100.0,All Grades
541201040002.0,Public School,SCHOHARIE ELEM SCHOOL,,Schoharie,100.0,All Grades
271201040001.0,Public School,OPPENHEIM-EPHRATAH-ST JOHNSVILLE ELEMENTARY,,Fulton,99.7,All Grades
331900858851.0,Private School,TREY WHITFIELD SCHOOL,,Kings,100.0,All Grades
332000225453.0,Private School,CONGREGATION MACHNA SHALVA (BOYS & GIRLS DIVISION),,Kings,99.63,All Grades
280213020000.0,School District,VALLEY STREAM 13,,Nassau,97.41,All Grades
161501060011.0,Public School,DAVIS ELEMENTARY SCHOOL,,Franklin,100.0,All Grades
580305020004.0,Public School,PIERSON H S,,Suffolk,99.59,All Grades
662401626747.0,Private School,HVICC ISLAMIC SCHOOL WESTCHESTER INC,,Westchester,100.0,All Grades
321000226424.0,Private School,SALANTER AKIBA RIVERDALE SCHOOL,,Bronx,98.91,All Grades
60800010005.0,Public School,SCHOOL 5,,Chautauqua,100.0,All Grades
580107030007.0,Public School,DEER PARK HIGH SCHOOL,,Suffolk,100.0,All Grades
332000207910.0,Private School,BAIS RUCHEL SCHOOL - OF BORO PARK,,Kings,99.74,All Grades
61700010013.0,Public School,JAMESTOWN HS,,Chautauqua,100.0,All Grades
261600010053.0,Public School,SCHOOL 53 MONTESSORI ACADEMY,,Monroe,100.0,All Grades
50401040001.0,Public School,CATO MERIDIAN ES,,Cayuga,100.0,All Grades
332100226424.0,Private School,NESIVOS BAIS YAAKOV - OCEAN,,Kings,100.0,All Grades
353100225463.0,Private School,MESIVTA KESSER YISROEL OF WILLOWBROOK,,Richmond,100.0,All Grades
280203030002.0,Public School,BOWLING GREEN SCHOOL,,Nassau,100.0,All Grades
280206030006.0,Public School,SEAFORD S H S,,Nassau,100.0,All Grades
500402226201.0,Private School,CENTRAL UTA OF MONSEY-BOYS,,Rockland,98.02,All Grades
141601060002.0,Public School,BOSTON VALLEY ES,,Erie,99.06,All Grades
140600010027.0,Public School,PS 27 HILLERY PARK ACADEMY,,Erie,100.0,All Grades
441600010018.0,Public School,NEWBURGH FREE ACADEMY - WEST,,Orange,100.0,All Grades
310200999614.0,Private School,SCHOOL FOR YOUNG PERFORMERS,,New York,100.0,All Grades
241001060001.0,Public School,ELLIS B HYDE ELEM SCHOOL,,Livingston,100.0,All Grades
280209030005.0,Public School,LEO F GIBLYN SCHOOL,,Nassau,99.81,All Grades
331300997535.0,Private School,"SAINT ANN'S SCHOOL - LOWER - 153 PIERREPONT (PRE-K, K, GR 1-3)",,Kings,100.0,All Grades
462001060006.0,Public School,JOHN C BIRDLEBOUGH H S,,Oswego,99.79,All Grades
280515030005.0,Public School,JERICHO S H S,,Nassau,99.6,All Grades
460901060004.0,Public School,NEW HAVEN SCHOOL,,Oswego,99.51,All Grades
550301060002.0,Public School,WATKINS GLEN ELEM SCHOOL,,Schuyler,98.57,All Grades
520302060014.0,Public School,SHENENDEHOWA HIGH SCHOOL WEST,,Saratoga,99.45,All Grades
343000996786.0,Private School,LEXINGTON SCHOOL FOR THE DEAF,,Queens,96.7,All Grades
220701040001.0,Public School,GUARDINO ELEM SCHOOL,,Jefferson,100.0,All Grades
580208020004.0,Public School,LADDIE A DECKER SOUND BEACH SCHOOL,,Suffolk,99.35,All Grades
332100229424.0,Private School,GESHER YEHUDA,,Kings,98.51,All Grades
500402226341.0,Private School,CHEDER CHABAD OF MONSEY - GIRLS,,Rockland,100.0,All Grades
580801060019.0,Public School,ACCOMPSETT MIDDLE SCHOOL,,Suffolk,99.81,All Grades
660203060008.0,Public School,BUCHANAN-VERPLANCK ELEM SCHOOL,,Westchester,100.0,All Grades
140600010126.0,Public School,PS 99 STANLEY MAKOWSKI EARLY CHILDHD CENTER,,Erie,99.79,All Grades
331500226008.0,Private School,DARKEI CHAIM,,Kings,99.23,All Grades
140600010317.0,Public School,PS 366 RESEARCH LABORATORY HS-BIOINFORMATICS AND LIFE SCIENCES,,Erie,99.5,All Grades
662300010028.0,Public School,KAHLIL GILBRAN,,Westchester,99.61,All Grades
261201060009.0,Public School,HARRIS HILL ELEM SCHOOL,,Monroe,100.0,All Grades
261001060003.0,Public School,LEO BERNABI SCHOOL,,Monroe,99.4,All Grades
340200998065.0,Private School,BIRCH FAMILY SERVICES - SPRINGFIELD GARDENS,,New York,100.0,All Grades
332200229867.0,Private School,BONIM LAMOKOM,,Kings,97.96,All Grades
620600145037.0,Private School,KINGSTON CATHOLIC SCHOOL,,Ulster,100.0,All Grades
270301040002.0,Public School,CANAJOHARIE S H S,,Montgomery,100.0,All Grades
521800010015.0,Public School,MAPLE AVENUE MIDDLE SCHOOL,,Saratoga,100.0,All Grades
580403030005.0,Public School,JEFFERSON PRIMARY SCHOOL,,Suffolk,98.74,All Grades
400800010021.0,Public School,MAPLE AVENUE SCHOOL,,Niagara,99.39,All Grades
680601858004.0,Private School,EMMANUEL BAPTIST ACADEMY,,Yates,100.0,All Grades
660900010004.0,Public School,HAMILTON SCHOOL,,Westchester,97.55,All Grades
40204040000.0,School District,WEST VALLEY CENTRAL SCHOOL DISTRICT,,Cattaraugus,100.0,All Grades
310200228605.0,Private School,RAMAZ LOWER SCHOOL,,New York,99.79,All Grades
460801060008.0,Public School,CENTRAL SQUARE MIDDLE SCHOOL,,Oswego,100.0,All Grades
321100995200.0,Private School,LAVELLE SCHOOL FOR THE BLIND,,Bronx,100.0,All Grades
342400125986.0,Private School,RESURRECTION ASCENSION SCHOOL,,Queens,98.84,All Grades
500402229085.0,Private School,BAS MIKROH,,Rockland,97.57,All Grades
662300449883.0,Private School,OAKVIEW PREP SCHOOL,,Westchester,98.36,All Grades
662200145164.0,Private School,OUR LADY OF SORROWS SCHOOL,,Westchester,100.0,All Grades
660900010001.0,Public School,COLUMBUS SCHOOL,,Westchester,98.63,All Grades
62901040004.0,Public School,WESTFIELD MS,,Chautauqua,100.0,All Grades
240401809547.0,Private School,GENESEE COUNTRY CHRISTIAN SCHOOL,,Livingston,100.0,All Grades
280201860947.0,Charter School,EVERGREEN CHARTER SCHOOL,,Nassau,99.31,All Grades
580205060013.0,Public School,CAYUGA SCHOOL,,Suffolk,100.0,All Grades
61601040000.0,School District,PANAMA CENTRAL SCHOOL DISTRICT,,Chautauqua,99.75,All Grades
572901040004.0,Public School,HAMMONDSPORT J S H S,,Steuben,100.0,All Grades
22601060004.0,Public School,WELLSVILLE SECONDARY SCHOOL,,Allegany,99.04,All Grades
220301060007.0,Public School,INDIAN RIVER HIGH SCHOOL,,Jefferson,100.0,All Grades
421800010053.0,Public School,MCCARTHY AT BEARD,,Onondaga,100.0,All Grades
621601060002.0,Public School,MORSE SCHOOL,,Ulster,100.0,All Grades
280410030004.0,Public School,MEADOW DRIVE SCHOOL,,Nassau,99.67,All Grades
496352012144.0,BOCES School,QUESTAR III RENSSELAER ACADEMY,,Rensselaer,100.0,All Grades
261600010042.0,Public School,SCHOOL 42 ABELARD REYNOLDS,,Monroe,100.0,All Grades
400800010022.0,Public School,NIAGARA STREET SCHOOL,,Niagara,100.0,All Grades
261301060008.0,Public School,NORTHSIDE SCHOOL,,Monroe,100.0,All Grades
580105030005.0,Public School,COPIAGUE H S,,Suffolk,98.26,All Grades
261600010004.0,Public School,#4 GEORGE MATHER FORBES,,Monroe,99.15,All Grades
500402060015.0,Public School,POMONA MIDDLE SCHOOL,,Rockland,97.43,All Grades
580512030020.0,Public School,EAST MIDDLE SCHOOL,,Suffolk,99.27,All Grades
660409020001.0,Public School,CARL L DIXSON ELEM SCHOOL,,Westchester,98.31,All Grades
250901060005.0,Public School,ROBERTS STREET MIDDLE SCHOOL,,Madison,100.0,All Grades
231301040001.0,Public School,BEAVER RIVER ELEMENTARY SCHOOL,,Lewis,99.74,All Grades
280522437809.0,Private School,BETHESDA SDA JR. ACADEMY,,Nassau,100.0,All Grades
661402020004.0,Public School,BRIARCLIFF MS,,Westchester,100.0,All Grades
332000226486.0,Private School,BETH JACOB OF BORO PARK,,Kings,88.53,All Grades
431101040002.0,Public School,RED JACKET HS,,Ontario,100.0,All Grades
250901060003.0,Public School,PETERBORO STREET ELEM SCHOOL,,Madison,100.0,All Grades
141604060004.0,Public School,BLASDELL ES,,Erie,99.56,All Grades
310300995619.0,Private School,"THE MANHATTAN CHILDREN'S CENTER, INC",,New York,98.32,All Grades
140600010102.0,Public School,PS 195 CITY HONORS AT FMP,,Erie,99.91,All Grades
251601060002.0,Public School,BOLIVAR ROAD ELEM SCHOOL,,Madison,99.76,All Grades
130200010004.0,Public School,ROMBOUT SCHOOL,,Dutchess,99.83,All Grades
120701040001.0,Public School,FRANKLIN CENTRAL SCHOOL,,Delaware,98.99,All Grades
522001040002.0,Public School,STILLWATER ELEM SCHOOL,,Saratoga,100.0,All Grades
121601060006.0,Public School,SIDNEY HS,,Delaware,99.79,All Grades
222000010017.0,Public School,HAROLD T WILEY SCHOOL,,Jefferson,100.0,All Grades
460102040007.0,Public School,ALTMAR-PARISH-WILLIAMSTOWN ELEMENTARY SCHOOL,,Oswego,100.0,All Grades
342600125972.0,Private School,OUR LADY OF THE SNOWS SCHOOL,,Queens,100.0,All Grades
430901060001.0,Public School,MARCUS WHITMAN HIGH SCHOOL,,Ontario,100.0,All Grades
610600860944.0,Charter School,NEW ROOTS CHARTER SCHOOL,,Tompkins,100.0,All Grades
130801060003.0,Public School,RALPH R SMITH SCHOOL,,Dutchess,99.7,All Grades
280100607084.0,Private School,FRIENDS ACADEMY,,Nassau,100.0,All Grades
610600977984.0,"Schools, OCFS - 100",MACCORMICK SECURE CTR,,Tompkins,100.0,All Grades
261701060015.0,Public School,HENRY V BURGER JUNIOR HIGH SCHOOL,,Monroe,100.0,All Grades
101401040006.0,Public School,ICHABOD CRANE MS,,Columbia,100.0,All Grades
580507060004.0,Public School,EDITH L SLOCUM ELEM SCHOOL,,Suffolk,100.0,All Grades
51901040002.0,Public School,ANDREW J SMITH ELEMENTARY SCHOOL,,Cayuga,100.0,All Grades
419000000001.0,BOCES School,ONEIDA-HERKIMER-MADISON BOCES SPECIAL EDUCATION,,Oneida,99.56,All Grades
480102060002.0,Public School,KENT ELEMENTARY SCHOOL,,Putnam,99.74,All Grades
660102060005.0,Public School,FOX LANE MIDDLE SCHOOL,,Westchester,100.0,All Grades
431201040003.0,Public School,NAPLES ELEM SCHOOL,,Ontario,99.64,All Grades
661201060006.0,Public School,BYRAM HILLS S H S,,Westchester,99.87,All Grades
140203060009.0,Public School,HEIM MS,,Erie,99.69,All Grades
131601060002.0,Public School,BEEKMAN SCHOOL,,Dutchess,99.44,All Grades
400900010003.0,Public School,DRAKE SCHOOL (K-3),,Niagara,100.0,All Grades
421800010042.0,Public School,MCKINLEY-BRGHTON MAGNET SCH,,Onondaga,98.39,All Grades
280215030007.0,Public School,LAWRENCE S H S,,Nassau,99.06,All Grades
580105808967.0,Private School,COPIAGUE CHRISTIAN ACADEMY,,Suffolk,88.24,All Grades
140600861185.0,Charter School,BUFFALO ACADEMY OF SCIENCE - BUFFSCI II,,Erie,99.57,All Grades
171102808132.0,Private School,PERTH BIBLE CHRISTIAN ACADEMY,,Fulton,100.0,All Grades
490501060002.0,Public School,HOOSICK FALLS ELEM SCHOOL,,Rensselaer,100.0,All Grades
31601998080.0,Private School,CHILDRENS UNIT FOR TREATMENT & EVAL,,Broome,100.0,All Grades
660401995963.0,Private School,E F INTERNATIONAL ACADEMY,,Westchester,98.56,All Grades
280201030001.0,Public School,FRANKLIN SCHOOL,,Nassau,100.0,All Grades
571800010006.0,Public School,HORNELL S H S (AND JSH LEAD REPORTING),,Steuben,99.08,All Grades
661500010010.0,Public School,PEEKSKILL MIDDLE SCHOOL,,Westchester,99.53,All Grades
620600010014.0,Public School,JOHN F KENNEDY SCHOOL,,Ulster,99.38,All Grades
580403175631.0,Private School,ST PATRICK SCHOOL,,Suffolk,99.78,All Grades
521301060003.0,Public School,GORDON CREEK ELEMENTARY SCHOOL,,Saratoga,99.77,All Grades
331400225510.0,Private School,KHHD YOEL OF SATMAR BP,,Kings,98.98,All Grades
660900010008.0,Public School,PARKER SCHOOL,,Westchester,98.46,All Grades
222000010010.0,Public School,SHERMAN SCHOOL,,Jefferson,100.0,All Grades
331800226651.0,Private School,GAN ACADEMY - LINDEN (Yeshiva),,Kings,100.0,All Grades
69200000002.0,BOCES School,ERIE 2 BOCES CHAUTAUQUA-CATTARAUGUS BLOOM PROGRAM,,Chautauqua,100.0,All Grades
60301040004.0,Public School,FREWSBURG JSHS,,Chautauqua,99.85,All Grades
650301040002.0,Public School,CS ELEMENTARY,,Wayne,100.0,All Grades
261600010050.0,Public School,SCHOOL 50 HELEN BARRETT MONTGOMERY,,Monroe,98.95,All Grades
332000226948.0,Private School,MESIFTA CHSAN SOFER/RABBI SOLOMON KLUGER,,Kings,100.0,All Grades
660501999283.0,Private School,KEIO ACADEMY,,Westchester,100.0,All Grades
320900145251.0,Private School,CHRIST THE KING SCHOOL,,Bronx,99.53,All Grades
480101060001.0,Public School,MAHOPAC H S,,Putnam,99.68,All Grades
421902040001.0,Public School,TULLY J S H S,,Onondaga,100.0,All Grades
240101040001.0,Public School,AVON PRIMARY SCHOOL,,Livingston,99.64,All Grades
51901427119.0,Private School,FRONTENAC SDA SCHOOL,,Cayuga,100.0,All Grades
491501040003.0,Public School,CASTLETON ELEM SCHOOL,,Rensselaer,100.0,All Grades
421001185485.0,Private School,IMMACULATE CONCEPTION SCHOOL - FAYETTEVILLE,,Onondaga,100.0,All Grades
580211060010.0,Public School,NEWFIELD S H S,,Suffolk,99.93,All Grades
250401040000.0,School District,MORRISVILLE EATON CENTRAL SCHOOL DISTRICT,,Madison,99.64,All Grades
441600010005.0,Public School,GARDNERTOWN FUNDEMENTAL MAGNET SCHOOL,,Orange,98.76,All Grades
610600010011.0,Public School,NORTHEAST SCHOOL,,Tompkins,100.0,All Grades
641301060001.0,Public School,HUDSON FALLS S H S,,Washington,99.84,All Grades
580507060003.0,Public School,JOHN PEARL ELEM SCHOOL,,Suffolk,100.0,All Grades
430300050004.0,Public School,CANANDAIGUA MIDDLESCHOOL,,Ontario,99.71,All Grades
661904030008.0,Public School,PORT CHESTER S H S,,Westchester,100.0,All Grades
600301040002.0,Public School,CANDOR J S H S,,Tioga,99.85,All Grades
580512995496.0,Private School,MDQ ACADEMY,,Suffolk,100.0,All Grades
260901060002.0,Public School,MANOR ELEM SCHOOL,,Monroe,100.0,All Grades
140301998002.0,Private School,MANDALA SCHOOL,,Erie,85.0,All Grades
580602996426.0,Private School,ST JOHN PAUL II REGIONAL SCHOOL,,Suffolk,95.28,All Grades
590501060002.0,Public School,FALLSBURGH J S H S,,Sullivan,100.0,All Grades
342900305779.0,Private School,CHRIST LUTHERAN SCHOOL,,Queens,100.0,All Grades
316166510028.0,Private School,EMET CLASSICAL ACADEMY,,New York,100.0,All Grades
521800010012.0,Public School,LAKE AVENUE SCHOOL,,Saratoga,100.0,All Grades
660701996325.0,Private School,FRENCH-AMERICAN SCHOOL-1 (HIGH SCHOOL),,Westchester,98.29,All Grades
82001040002.0,Public School,SHERBURNE EARLVILLE ES,,Chenango,100.0,All Grades
580507060011.0,Public School,OAKDALE-BOHEMIA RD MIDDLE SCHOOL,,Suffolk,100.0,All Grades
420901060008.0,Public School,MAE E REYNOLDS SCHOOL,,Onondaga,99.78,All Grades
81501040001.0,Public School,OXFORD ACADEMY MS,,Chenango,100.0,All Grades
62301040000.0,School District,BROCTON CENTRAL SCHOOL DISTRICT,,Chautauqua,99.81,All Grades
251400010002.0,Public School,DURHAMVILLE SCHOOL,,Madison,100.0,All Grades
420701060002.0,Public School,CHERRY ROAD ELEM SCHOOL,,Onondaga,100.0,All Grades
10601060012.0,Public School,SAND CREEK MS,,Albany,100.0,All Grades
210800858546.0,Private School,MOHAWK VALLEY CHRISTIAN ACADEMY,,Herkimer,100.0,All Grades
662200996141.0,Private School,FUSION ACADEMY WESTCHESTER,,Westchester,100.0,All Grades
91402060002.0,Public School,MORRISONVILLE ES,,Clinton,99.69,All Grades
43501060001.0,Public School,DELEVAN ES,,Cattaraugus,99.67,All Grades
10100860867.0,Charter School,KIPP TECH VALLEY PRIMARY SCHOOL - DUDLEY HEIGHTS,,Albany,99.58,All Grades
90501040006.0,Public School,MOOERS ES,,Clinton,100.0,All Grades
441600996635.0,Private School,ABILITIES FIRST INC - STRAUSS FAMILY PAVILLION - SFP,,Dutchess,100.0,All Grades
500402226456.0,Private School,KESSER BAIS YAKOV,,Rockland,98.41,All Grades
660407997118.0,Private School,NEW YORK SCHOOL FOR THE DEAF,,Westchester,100.0,All Grades
581010020001.0,Public School,GREENPORT H S,,Suffolk,98.78,All Grades
10100860901.0,Private School,KIPP ALBANY COMMUNITY CHARTER ELEMENTARY SCHOOL - KRANK STREET,,Albany,99.61,All Grades
10601060003.0,Public School,ROESSLEVILLE SCHOOL,,Albany,36.99,All Grades
342700125597.0,Private School,DIVINE MERCY CATHOLIC ACADEMY,,Queens,97.78,All Grades
620600010022.0,Public School,KINGSTON S H S,,Ulster,99.94,All Grades
580224030001.0,Public School,BARTON AVENUE SCHOOL,,Suffolk,100.0,All Grades
580403030004.0,Public School,FLOWER HILL PRIMARY SCHOOL,,Suffolk,100.0,All Grades
261600010104.0,Public School,SCHOOL 1163 ROCHESTER INTERNATIONAL ACADEMY,,Monroe,100.0,All Grades
62601040002.0,Public School,SHERMAN ES,,Chautauqua,100.0,All Grades
50100996140.0,Private School,CREATIVE MINDS MONTESSORI SCHOOL,,Cayuga,100.0,All Grades
511101060005.0,Public School,GOUVERNEUR J S H S,,St.Lawrence,100.0,All Grades
430300999233.0,Private School,CALVARY CHAPEL ACADEMY,,Ontario,100.0,All Grades
111001100001.0,Charter School,TRUXTON ACADEMY CHARTER SCHOOL,,Cortland,97.56,All Grades
480102060001.0,Public School,KENT PRIMARY SCHOOL,,Putnam,99.73,All Grades
520101997785.0,Private School,OAK HILL SCHOOL,,Saratoga,97.06,All Grades
70900060000.0,BOCES School,GST BOCES,,Chemung,100.0,All Grades
60701040003.0,Public School,CLYMER CENTRAL SCHOOL,,Chautauqua,99.36,All Grades
280216020003.0,Public School,COVERT AVENUE SCHOOL,,Nassau,100.0,All Grades
580207020001.0,Public School,MOUNT SINAI SCHOOL,,Suffolk,99.75,All Grades
530501060004.0,Public School,SCHALMONT MIDDLE SCHOOL,,Schenectady,100.0,All Grades
462001060001.0,Public School,MICHAEL A MAROUN ELEMENTARY SCHOOL,,Oswego,99.83,All Grades
460801060002.0,Public School,BREWERTON ELEMENTARY SCHOOL,,Oswego,100.0,All Grades
321000145364.0,Private School,ACADEMY MT ST URSULA,,Bronx,100.0,All Grades
280406030004.0,Public School,SHELTER ROCK ELEM SCHOOL,,Nassau,99.53,All Grades
353100145263.0,Private School,ACADEMY OF ST DOROTHY,,Richmond,98.73,All Grades
461300010007.0,Public School,OSWEGO MIDDLE SCHOOL,,Oswego,100.0,All Grades
261201060005.0,Public School,SCRIBNER ROAD ELEM SCHOOL,,Monroe,100.0,All Grades
280407226328.0,Private School,BNOT YAAKOV,,Nassau,98.39,All Grades
20601040001.0,Public School,ANDOVER CENTRAL SCHOOL,,Allegany,100.0,All Grades
220401040003.0,Public School,DEXTER ELEM SCHOOL,,Jefferson,100.0,All Grades
430901060007.0,Public School,MARCUS WHITMAN VALLEY ES,,Ontario,100.0,All Grades
353100145428.0,Private School,SACRED HEART SCHOOL - STATEN ISLAND,,Richmond,99.47,All Grades
10623060004.0,Public School,FORTS FERRY SCHOOL,,Albany,99.07,All Grades
81501040002.0,Public School,OXFORD ACADEMY HS,,Chenango,100.0,All Grades
661904030005.0,Public School,PARK AVENUE SCHOOL,,Westchester,100.0,All Grades
591401997802.0,Private School,"THE CENTER FOR DISCOVERY, INC.",,Sullivan,99.5,All Grades
110200010003.0,Public School,BARRY PRIMARY SCHOOL,,Cortland,99.75,All Grades
261600010017.0,Public School,SCHOOL 17 ENRICO FERMI,,Monroe,99.06,All Grades
500308030003.0,Public School,EVANS PARK SCHOOL,,Rockland,100.0,All Grades
261600010009.0,Public School,"SCHOOL 9 DR MARTIN LUTHER KING, JR",,Monroe,98.88,All Grades
342700227891.0,Private School,YESHIVA DARCHE TORAH,,Queens,83.65,All Grades
10306115761.0,Private School,ST THOMAS THE APOSTLE SCHOOL,,Albany,99.19,All Grades
500101145198.0,Private School,ALBERTUS MAGNUS H S,,Rockland,100.0,All Grades
630300010001.0,Public School,BIG CROSS STREET SCHOOL,,Warren,100.0,All Grades
280201629311.0,Private School,CRESCENT SCHOOL,,Nassau,100.0,All Grades
140801060003.0,Public School,LEDGEVIEW ES,,Erie,84.12,All Grades
132101060013.0,Public School,MYERS CORNERS ROAD SCHOOL,,Dutchess,99.76,All Grades
530202060006.0,Public School,SCOTIA GLENVILLE S H S,,Schenectady,100.0,All Grades
400400010002.0,Public School,CHARLES A UPSON ELEM SCHOOL,,Niagara,99.77,All Grades
280407030014.0,Public School,GREAT NECK SOUTH S H S,,Nassau,100.0,All Grades
10601060010.0,Public School,FOREST PARK ES,,Albany,99.67,All Grades
10100115671.0,Private School,MATER CHRISTI SCHOOL,,Albany,100.0,All Grades
430300050001.0,Public School,CANANDAIGUA PRIMARY/ELEMENTARY SCHOOL,,Ontario,99.71,All Grades
580208020000.0,School District,MILLER PLACE UNION FREE SCHOOL,,Suffolk,100.0,All Grades
31701060002.0,Public School,FLOYD BELL ES,,Broome,99.2,All Grades
280204020007.0,Public School,MARTIN AVE ELEMENTARY SCHOOL,,Nassau,100.0,All Grades
280207020004.0,Public School,REINHARD EARLY CHLDHD CTR,,Nassau,99.11,All Grades
140600010033.0,Public School,PS 33 BILINGUAL CENTER,,Erie,98.02,All Grades
260101809946.0,Private School,DESTINY CHRISTIAN SCHOOL,,Monroe,100.0,All Grades
90901040001.0,Public School,NORTHERN ADIRONDACK ELEMENTARY SCHOOL,,Clinton,99.87,All Grades
480503040003.0,Public School,PUTNAM VALLEY ELEM SCHOOL,,Putnam,100.0,All Grades
530600010034.0,Public School,CENTRAL PARK MAGNET SCHOOL,,Schenectady,100.0,All Grades
500101060006.0,Public School,LAUREL PLAINS ELEM SCHOOL,,Rockland,100.0,All Grades
280210030013.0,Public School,MEADOW ELEMENTARY SCHOOL,,Nassau,99.84,All Grades
280404030004.0,Public School,MANORHAVEN ELEM SCHOOL,,Nassau,99.8,All Grades
331800127161.0,Private School,OUR LADY OF TRUST CATHOLIC ACADEMY,,Kings,100.0,All Grades
661905020000.0,School District,BLIND BROOK-RYE UFSD,,Westchester,99.92,All Grades
331400226442.0,Private School,BNOS SQUARE OF WILLIAMSBURG 2,,Kings,100.0,All Grades
530301060001.0,Public School,BIRCHWOOD ELEMENTARY SCHOOL,,Schenectady,100.0,All Grades
280215226155.0,Private School,YESHIVATH GESHER,,Nassau,96.92,All Grades
321000996214.0,Private School,CANARSIE CHILDRENFIRST ACADEMY,,Bronx,100.0,All Grades
30701060005.0,Public School,CHENANGO VALLEY MIDDLE SCHOOL,,Broome,100.0,All Grades
331300996268.0,Private School,GERMAN SCHOOL BROOKLYN,,Kings,97.18,All Grades
440401759101.0,Private School,CHAPEL FIELD CHRISTIAN SCHOOL,,Orange,98.46,All Grades
650902040003.0,Public School,GANANDA MIDDLE SCHOOL,,Wayne,100.0,All Grades
280506996444.0,Private School,EAST WOODS SCHOOL,,Nassau,100.0,All Grades
400800010034.0,Public School,NIAGARA FALLS HS,,Niagara,99.95,All Grades
411800010020.0,Public School,ROME FREE ACADEMY,,Oneida,99.8,All Grades
500402226233.0,Private School,BNOS ZION OF BOBOV MONSEY,,Rockland,100.0,All Grades
610600010019.0,Public School,ALTERNATIVE COMMUNITY SCHOOL,,Tompkins,100.0,All Grades
500402226346.0,Private School,AVIR YAKOV ELEMENTARY,,Rockland,98.44,All Grades
400301060005.0,Public School,LEWISTON PORTER J H S,,Niagara,100.0,All Grades
661601030006.0,Public School,PELHAM J H S,,Westchester,100.0,All Grades
261600010052.0,Public School,SCHOOL 52 FRANK FOWLER DOW,,Monroe,99.0,All Grades
43200050002.0,Public School,SALAMANCA JUNIOR SENIOR HIGH SCHOOL,,Cattaraugus,100.0,All Grades
280205030005.0,Public School,GARDINERS AVENUE SCHOOL,,Nassau,100.0,All Grades
30501040003.0,Public School,HARPURSVILLE JSHS,,Broome,100.0,All Grades
410401060004.0,Public School,BOONVILLE ELEMENTARY SCHOOL,,Oneida,100.0,All Grades
280405020000.0,School District,NEW HYDE PK-GARDEN CITY PK UFSD,,Nassau,99.86,All Grades
132101060008.0,Public School,SHEAFE ROAD ES,,Dutchess,99.51,All Grades
510201060003.0,Public School,H C WILLIAMS S H S,,St.Lawrence,100.0,All Grades
331500229003.0,Private School,BAIS YAAKOV FAIGEH SHONBERGER OF ADAS YEREIM,,Kings,99.84,All Grades
42400805651.0,Private School,NEW LIFE CHRISTIAN SCHOOL,,Cattaraugus,100.0,All Grades
520302060009.0,Public School,GOWANA MIDDLE SCHOOL,,Saratoga,99.87,All Grades
342600125962.0,Private School,OUR LADY OF BLESSED SACRAMENT SCH,,Queens,100.0,All Grades
280231020003.0,Public School,FRANCIS X HEGARTY ELEM SCHOOL,,Nassau,98.98,All Grades
590501996576.0,Private School,HOMESTEAD SCHOOL SULLIVAN CCHS,,Sullivan,100.0,All Grades
530515060000.0,School District,ROTTERDAM-MOHONASEN,,Schenectady,99.67,All Grades
580912060002.0,Public School,EASTPORT ES,,Suffolk,99.67,All Grades
400601060008.0,Public School,NEWFANE MIDDLE SCHOOL,,Niagara,100.0,All Grades
500402060001.0,Public School,FLEETWOOD ELEM SCHOOL,,Rockland,97.18,All Grades
261600010025.0,Public School,SCHOOL 25 NATHANIEL HAWTHORNE,,Monroe,99.05,All Grades
530501060006.0,Public School,SCHALMONT HIGH SCHOOL,,Schenectady,100.0,All Grades
140600010308.0,Public School,PS 198 INTERNATIONAL PREPARATORY SCHOOL,,Erie,100.0,All Grades
251400010003.0,Public School,NORTH BROAD STREET ELEMENTARY,,Madison,100.0,All Grades
70600010013.0,Public School,PARLEY COBURN SCHOOL,,Chemung,100.0,All Grades
332000126035.0,Private School,ST EPHREM SCHOOL,,Kings,98.18,All Grades
440102060005.0,Public School,ROUND HILL ELEM SCHOOL,,Orange,99.7,All Grades
332100227824.0,Private School,BAIS YAAKOV ACADEMY,,Kings,100.0,All Grades
142601860033.0,Private School,CHARTER HIGH SCHOOL FOR APPLIED TECHNOLOGIES (9-12),,Erie,100.0,All Grades
140203136333.0,Private School,SS PETER & PAUL SCHOOL - WILLIAMSVILLE,,Erie,100.0,All Grades
580901020001.0,Public School,REMSENBURG-SPEONK ES,,Suffolk,98.23,All Grades
149100000000.0,BOCES School,ERIE 1 BOCES,,Erie,100.0,All Grades
332000999653.0,Private School,BAYRIDGE PREP SCHOOL,,Kings,98.86,All Grades
280300010008.0,Public School,LONG BEACH S H S,,Nassau,99.92,All Grades
440301996660.0,Private School,NEW YORK MILITARY ACADEMY,,Orange,82.76,All Grades
280300010002.0,Public School,EAST ELEM SCHOOL,,Nassau,100.0,All Grades
353100227017.0,Private School,JEWISH FOUNDATION SCHOOL,,Richmond,100.0,All Grades
190901040001.0,Public School,HUNTER TANNERSVILLE J S H S,,Greene,100.0,All Grades
270100010019.0,Public School,MARIE CURIE INSTITUTE OF ENGINEERING & COMMUNICATIONS,,Montgomery,99.77,All Grades
353100809771.0,Private School,NEW DORP CHRISTIAN ACADEMY,,Richmond,100.0,All Grades
331500629494.0,Private School,AL-NOOR SCHOOL,,Kings,98.17,All Grades
490501506666.0,Private School,HOOSAC SCHOOL,,Rensselaer,100.0,All Grades
332100995457.0,Private School,REACH FOR THE STARS LEARNING CENTER,,Kings,74.07,All Grades
412000050006.0,Public School,E A MC ALLISTER ELEM SCHOOL,,Oneida,99.62,All Grades
219000000000.0,BOCES School,HERKIMER-FULTON-HAMILTON-OTSEGO BOCES-1,,Herkimer,100.0,All Grades
310300996185.0,Private School,MANHATTAN STAR ACADEMY,,New York,100.0,All Grades
250201060002.0,Public School,CAZENOVIA HIGH SCHOOL,,Madison,100.0,All Grades
331300996888.0,Private School,BERKELEY-CARROLL ST SCHOOL,,Kings,100.0,All Grades
622002060004.0,Public School,ELLENVILLE JUNIOR-SENIOR HIGH SCHOOL,,Ulster,99.71,All Grades
410601040010.0,Public School,CAMDEN MIDDLE SCHOOL,,Oneida,100.0,All Grades
571000010008.0,Public School,HUGH W GREGG ELEM SCHOOL,,Steuben,99.54,All Grades
101001858027.0,Private School,COLUMBIA CHRISTIAN ACADEMY,,Columbia,92.31,All Grades
331500226197.0,Private School,TALMUD TORAH TIFERES YECHIEL,,Kings,98.37,All Grades
421501060005.0,Public School,LIVERPOOL MIDDLE SCHOOL,,Onondaga,99.72,All Grades
580406999719.0,Private School,LOVE OF LEARNING MONTESSORI SCHOOL,,Suffolk,100.0,All Grades
530501060003.0,Public School,JEFFERSON ELEMENTARY SCHOOL,,Schenectady,100.0,All Grades
210601060005.0,Public School,HERKIMER JSHS,,Herkimer,99.64,All Grades
580903020001.0,Public School,QUOGUE ES,,Suffolk,98.61,All Grades
140600010098.0,Public School,PS 305 MCKINLEY HIGH SCHOOL,,Erie,99.66,All Grades
661601030004.0,Public School,SIWANOY SCHOOL,,Westchester,100.0,All Grades
110304040001.0,Public School,MCGRAW ELEMENTARY SCHOOL,,Cortland,100.0,All Grades
260803060002.0,Public School,DAKE MIDDLE SCHOOL,,Monroe,100.0,All Grades
10100010014.0,Public School,MONTESSORI MAGNET SCHOOL,,Albany,100.0,All Grades
400800010040.0,Public School,GASKILL PREP SCHOOL,,Niagara,100.0,All Grades
310200996679.0,Private School,INTERNATIONAL ACADEMY OF HOPE (THE IHOPE),,New York,90.63,All Grades
70600010022.0,Public School,BROADWAY ES,,Chemung,100.0,All Grades
400900010012.0,Public School,NORTH TONAWANDA MIDDLE SCHOOL,,Niagara,99.6,All Grades
211003040001.0,Public School,DOLGEVILLE ELEMENTARY SCHOOL,,Herkimer,99.87,All Grades
580507060006.0,Public School,CONNETQUOT H S,,Suffolk,100.0,All Grades
500402226150.0,Private School,YESHIVA OHR TORAH,,Rockland,91.58,All Grades
490301060007.0,Public School,COLUMBIA H S,,Rensselaer,100.0,All Grades
671201995611.0,Private School,GILEAD SCHOOL OF DISCIPLESHIP,,Wyoming,89.72,All Grades
310200145371.0,Private School,NOTRE DAME SCHOOL,,New York,100.0,All Grades
141401060004.0,Public School,JOHN T WAUGH INTRMD SCHOOL,,Erie,99.66,All Grades
400800135992.0,Private School,CATHOLIC ACADEMY OF NIAGARA FALLS,,Niagara,100.0,All Grades
421001060005.0,Public School,EAGLE HILL MIDDLE SCHOOL,,Onondaga,100.0,All Grades
331300996124.0,Private School,THE CO-OP SCHOOL,,Kings,98.13,All Grades
140600136307.0,Private School,NARDIN ACADEMY HS,,Erie,100.0,All Grades
670201060004.0,Public School,ATTICA J H S,,Wyoming,99.71,All Grades
261101060002.0,Public School,QUEST SCHOOL,,Monroe,100.0,All Grades
580509030001.0,Public School,BAYVIEW ELEM SCHOOL,,Suffolk,100.0,All Grades
461300010005.0,Public School,KINGSFORD PARK ELEM SCHOOL,,Oswego,100.0,All Grades
660203060006.0,Public School,FURNACE WOODS ELEM SCHOOL,,Westchester,100.0,All Grades
121502040001.0,Public School,ROXBURY CENTRAL SCHOOL,,Delaware,99.12,All Grades
580509030005.0,Public School,OQUENOCK ELEM SCHOOL,,Suffolk,100.0,All Grades
260501060016.0,Public School,HOLMES ROAD ELEM SCHOOL,,Monroe,99.7,All Grades
420303185533.0,Private School,LITTLE LAMB CHRISTIAN PRE-SCHOOL,,Onondaga,100.0,All Grades
500201060010.0,Public School,HAVERSTRAW ELEMENTARY SCHOOL,,Rockland,100.0,All Grades
140301999928.0,Private School,AURORA WALDORF SCHOOL,,Erie,100.0,All Grades
280210030012.0,Public School,BALDWIN MIDDLE SCHOOL,,Nassau,100.0,All Grades
280211030011.0,Public School,CASTLETON ACADEMY HIGH SCHOOL OF OCEANSIDE,,Nassau,85.19,All Grades
580106030004.0,Public School,EDMUND MILES MIDDLE SCHOOL,,Suffolk,99.83,All Grades
530600999304.0,Private School,BROWN SCHOOL,,Schenectady,100.0,All Grades
101001040002.0,Public School,CHATHAM HS,,Columbia,96.45,All Grades
99000000000.0,BOCES School,CHAMPLAIN VALLEY EDUCATIONAL SERVICES,,Clinton,100.0,All Grades
310200997740.0,Private School,CORLEARS SCHOOL,,New York,100.0,All Grades
10802060003.0,Public School,GUILDERLAND ES,,Albany,100.0,All Grades
260401060007.0,Public School,PAUL ROAD SCHOOL,,Monroe,99.53,All Grades
310300996756.0,Private School,COLLEGIATE SCHOOL,,New York,100.0,All Grades
621101060002.0,Public School,LENAPE ELEMENTARY SCHOOL,,Ulster,100.0,All Grades
662001145128.0,Private School,IMMACULATE HEART OF MARY SCH,,Westchester,100.0,All Grades
60800139173.0,Private School,NORTHERN CHAUTAUQUA CATHOLIC SCHOOL,,Chautauqua,100.0,All Grades
140600010197.0,Public School,PS 97 HARVEY AUSTIN SCHOOL,,Erie,99.31,All Grades
140801060008.0,Public School,CLARENCE MS,,Erie,100.0,All Grades
660501060004.0,Public School,HARRISON H S,,Westchester,100.0,All Grades
161501060006.0,Public School,FLANDERS ELEM SCHOOL,,Franklin,100.0,All Grades
260901060005.0,Public School,HONEOYE FALLS-LIMA MIDDLE SCH,,Monroe,100.0,All Grades
490804115704.0,Private School,ST JUDE THE APOSTLE SCHOOL,,Rensselaer,98.88,All Grades
541102060001.0,Public School,GEORGE D. RYDER ES,,Schoharie,100.0,All Grades
662300010036.0,Public School,CROSS HILL ACADEMY,,Westchester,99.4,All Grades
580413995755.0,Private School,HUNTINGTON MONTESSORI-NORTHSHORE LEARNING INC.,,Suffolk,100.0,All Grades
280410030007.0,Public School,MINEOLA MIDDLE SCHOOL,,Nassau,100.0,All Grades
332000229112.0,Private School,SINAI ACADEMIC CENTER,,Kings,98.44,All Grades
260501060019.0,Public School,GREECE ATHENA H S,,Monroe,100.0,All Grades
261301060009.0,Public School,FAIRPORT X H S,,Monroe,100.0,All Grades
580212060002.0,Public School,CORAM ELEM SCHOOL,,Suffolk,99.79,All Grades
500402226656.0,Private School,CONGREGATION RAMAPO CHEDER,,Rockland,100.0,All Grades
270701040001.0,Public School,HARRY HOAG SCHOOL,,Montgomery,99.35,All Grades
571000010020.0,Public School,CORNING-PAINTED POST MIDDLE SCHOOL,,Steuben,100.0,All Grades
280201175646.0,Private School,SACRED HEART ACADEMY,,Nassau,99.69,All Grades
10100996426.0,Private School,ALBANY ACADEMY - 135,,Albany,100.0,All Grades
662402060005.0,Public School,MOHANSIC SCHOOL,,Westchester,99.79,All Grades
261901060004.0,Public School,PLANK ROAD NORTH ELEM SCHOOL,,Monroe,100.0,All Grades
280411030003.0,Public School,CARLE PLACE J S H S,,Nassau,99.84,All Grades
660801060005.0,Public School,COLUMBUS ELEM SCHOOL,,Westchester,100.0,All Grades
140203998223.0,Private School,THE SUMMIT CENTER,,Erie,99.67,All Grades
171102040004.0,Public School,BROADALBIN-PERTH JUNIOR SENIOR HIGH SCHOOL,,Fulton,100.0,All Grades
412901040002.0,Public School,N A WALBRAN ELEM SCHOOL,,Oneida,100.0,All Grades
580201060007.0,Public School,SETAUKET SCHOOL,,Suffolk,100.0,All Grades
640502040000.0,School District,FORT ANN CENTRAL SCHOOL,,Washington,99.77,All Grades
140600010003.0,Public School,PS 3 D'YOUVILLE PORTER CAMPUS,,Erie,98.61,All Grades
280203030011.0,Public School,EAST MEADOW H S,,Nassau,100.0,All Grades
420401060003.0,Public School,EAST SYRACUSE ELEMENTARY,,Onondaga,100.0,All Grades
142201040001.0,Public School,NORTH COLLINS J S H S,,Erie,100.0,All Grades
450801060004.0,Public School,MEDINA H S,,Orleans,100.0,All Grades
580301020001.0,Public School,JOHN M MARSHALL ELEM SCHOOL,,Suffolk,99.76,All Grades
140203060008.0,Public School,MAPLE WEST ES,,Erie,100.0,All Grades
280405020003.0,Public School,HILLSIDE GRADE SCHOOL,,Nassau,99.51,All Grades
332000228651.0,Private School,BAIS YAAKOV D CHASSIDEI GUR,,Kings,100.0,All Grades
590801040001.0,Public School,ELDRED JS HS,,Sullivan,100.0,All Grades
500402226293.0,Private School,CONGREGATION BE'ER BAIS YAAKOV,,Rockland,99.07,All Grades
280407030006.0,Public School,E M BAKER SCHOOL,,Nassau,100.0,All Grades
280211030016.0,Public School,SCHOOL 6,,Nassau,99.41,All Grades
591401060005.0,Public School,MONTICELLO H S,,Sullivan,99.49,All Grades
662300010046.0,Public School,MARTIN LUTHER KING SCHOOL,,Westchester,100.0,All Grades
280203030006.0,Public School,PARKWAY SCHOOL,,Nassau,100.0,All Grades
491302060002.0,Public School,AVERILL PARK HS,,Rensselaer,100.0,All Grades
563451243657.0,Private School,Lakeview Mennonite School,,Seneca,100.0,All Grades
332200997799.0,Private School,"ADAPT COMMUNITY NETWORK, INC.",,Kings,98.84,All Grades
10100208496.0,Private School,MAIMONIDES HEBREW DAY SCHOOL,,Albany,89.22,All Grades
310200996739.0,Private School,BREARLEY SCHOOL (THE),,New York,99.74,All Grades
70902060002.0,Public School,THOMAS EDISON HS,,Chemung,100.0,All Grades
421800010033.0,Public School,CORCORAN HIGH SCHOOL,,Onondaga,99.18,All Grades
660203060002.0,Public School,FRANK G LINDSEY SCHOOL,,Westchester,99.38,All Grades
190501040004.0,Public School,COXSACKIE-ATHENS MIDDLE SCHOOL,,Greene,100.0,All Grades
310200996553.0,Private School,GERMAN SCHOOL MANHATTAN LLC,,New York,98.31,All Grades
280518030001.0,Public School,PLAINEDGE MIDDLE SCHOOL,,Nassau,100.0,All Grades
142601136593.0,Private School,CARDINAL O HARA H S,,Erie,99.5,All Grades
520302060001.0,Public School,SHENENDEHOWA H S,,Saratoga,100.0,All Grades
80201040001.0,Public School,BAINBRIDGE GUILFORD JSHS,,Chenango,100.0,All Grades
610600010008.0,Public School,FALL CREEK ELEM SCHOOL,,Tompkins,100.0,All Grades
342600125901.0,Private School,DIVINE WISDOM CATHOLIC ACADEMY,,Queens,99.64,All Grades
420401060010.0,Public School,PINE GROVE MIDDLE SCHOOL,,Onondaga,99.86,All Grades
140600010105.0,Public School,PS 304 HUTCHINSON CENTRAL TECHNICAL HIGH SCHOOL,,Erie,100.0,All Grades
332000226893.0,Private School,BETH JACOB DAY SCHOOL,,Kings,100.0,All Grades
,Public School,PUBLIC SERVICE LEADERSHIP ACAD. (no lead reporting- see LeMoyne ES),,Onondaga,100.0,All Grades
500101060014.0,Public School,LAKEWOOD ELEM SCHOOL,,Rockland,99.55,All Grades
342700226097.0,Private School,MESIVTA SHAAREI CHAIM,,Queens,100.0,All Grades
22902040002.0,Public School,BOLIVAR-RICHBURG JUNIOR-SENIOR HS,,Allegany,100.0,All Grades
420807040003.0,Public School,LA FAYETTE J S H S,,Onondaga,100.0,All Grades
181201040002.0,Public School,PAVILION ELEM SCHOOL,,Genesee,100.0,All Grades
421800010008.0,Public School,EDWARD SMITH PRE-K-8 SCHOOL,,Onondaga,98.81,All Grades
500402226345.0,Private School,AVIR YAKOV BOYS SCHOOL,,Rockland,100.0,All Grades
140600010074.0,Public School,PS 74 HAMLIN PARK CLAPP ACADEMY,,Erie,99.18,All Grades
142601030023.0,Public School,BEN FRANKLIN ELEM SCHOOL,,Erie,100.0,All Grades
353100145394.0,Private School,OUR LADY STAR OF THE SEA SCHOOL,,Richmond,97.73,All Grades
140702030005.0,Public School,MARYVALE JHS,,Erie,100.0,All Grades
520302060006.0,Public School,ORENDA ELEM SCHOOL,,Saratoga,100.0,All Grades
342500998958.0,Private School,SHIELD INSTITUTE FLUSHING,,Queens,100.0,All Grades
661800145175.0,Private School,RESURRECTION SCHOOL,,Westchester,100.0,All Grades
580504030004.0,Public School,SAYVILLE H S,,Suffolk,100.0,All Grades
251400010005.0,Public School,SENECA STREET ELEMENTARY SCHOOL,,Madison,100.0,All Grades
521301060005.0,Public School,BALLSTON SPA MIDDLE SCHOOL,,Saratoga,100.0,All Grades
310200996743.0,Private School,BUCKLEY SCHOOL,,New York,100.0,All Grades
580106030001.0,Public School,NORTHEAST SCHOOL,,Suffolk,94.44,All Grades
260801060012.0,Public School,EAST IRONDEQUOIT MIDDLE SCHOOL,,Monroe,100.0,All Grades
480101809662.0,Private School,HUDSON VALLEY CHRISTIAN ACADEMY - UPPER,,Putnam,95.83,All Grades
10615020000.0,School District,MENANDS UNION FREE SCHOOL DISTRICT,,Albany,99.31,All Grades
261501060008.0,Public School,CHURCHVILLE-CHILI 9TH GRADE ACADEMY,,Monroe,100.0,All Grades
670401040001.0,Public School,LETCHWORTH HS,,Wyoming,100.0,All Grades
280503315797.0,Private School,MILL NECK MANOR LUTH SCH-DEAF,,Nassau,98.65,All Grades
280407995049.0,Private School,COUNTRYSIDE MONTESSORI SCHOOL,,Nassau,100.0,All Grades
661004060004.0,Public School,HORACE GREELEY H S,,Westchester,100.0,All Grades
261701060016.0,Public School,MARY K VOLLMER ELEMENTARY SCHOOL,,Monroe,100.0,All Grades
81401040001.0,Public School,OTSELIC VALLEY CENTRAL SCHOOL,,Chenango,100.0,All Grades
310300516745.0,Private School,CATHEDRAL SCHOOL - AMSTERDAM AVE,,New York,4.9,All Grades
332000226183.0,Private School,BAIS SHIFRA,,Kings,99.41,All Grades
210601060006.0,Public School,HERKIMER ELEMENTARY SCHOOL,,Herkimer,99.8,All Grades
491700860931.0,Charter School,KIPP TROY PREPARATORY HIGH SCHOOL - POLK STREET,,Rensselaer,100.0,All Grades
140600010084.0,Public School,PS 84 ERIE COUNTY HEALTH CARE CENTER FOR CHILDREN,,Erie,99.25,All Grades
81200185526.0,Private School,HOLY FAMILY SCHOOL,,Chenango,100.0,All Grades
140600135498.0,Private School,NOTRE DAME ACADEMY - ABBOTT,,Erie,100.0,All Grades
489000000004.0,BOCES School,PUTNAM-NORTHERN WESTCHESTER BOCES - FOX MEADOW SCHOOL,,Westchester,100.0,All Grades
10623060009.0,Public School,SHAKER JHS,,Albany,99.87,All Grades
660303030003.0,Public School,BRONXVILLE ELEMENTARY SCHOOL,,Westchester,100.0,All Grades
140600860856.0,Charter School,ENTERPRISE CHARTER SCHOOL,,Erie,100.0,All Grades
332000226659.0,Private School,EMUNAS BAIS YAAKOV HIGH SCHOOL,,Kings,99.49,All Grades
340000010001.0,Public School,QUEENS DISTRICT,,Queens,98.96,All Grades
140703020002.0,Public School,CLEVELAND HILL ES,,Erie,99.93,All Grades
661201060002.0,Public School,COMAN HILL SCHOOL,,Westchester,99.65,All Grades
530101040001.0,Public School,DUANESBURG J S H S,,Schenectady,100.0,All Grades
411800010013.0,Public School,RIDGE MILLS SCHOOL,,Oneida,99.74,All Grades
580109020004.0,Public School,MILTON OLIVE MIDDLE SCHOOL,,Suffolk,98.03,All Grades
261600010028.0,Public School,SCHOOL 28 HENRY HUDSON,,Monroe,100.0,All Grades
241101040002.0,Public School,KESHEQUA ELEM SCHOOL,,Livingston,100.0,All Grades
42302040002.0,Public School,CATTARAUGUS/LITTLE VALLEY SCHOOL,,Cattaraugus,100.0,All Grades
330000010001.0,Public School,BROOKLYN DISTRICT - KINGS,,Kings,98.91,All Grades
61900000002.0,BOCES School,Regional Alternative School,,Tompkins,100.0,All Grades
331400229075.0,Private School,BEIKVEI HATZOIN,,Kings,100.0,All Grades
570101040002.0,Public School,ADDISON H S,,Steuben,100.0,All Grades
131601145065.0,Private School,OUR LADY OF LOURDES HS,,Dutchess,99.35,All Grades
190401060007.0,Public School,CATSKILL J H S,,Greene,99.63,All Grades
621101060005.0,Public School,NEW PALTZ S H S,,Ulster,100.0,All Grades
280204020004.0,Public School,PARK AVENUE SCHOOL,,Nassau,99.37,All Grades
241101040003.0,Public School,KESHEQUA HIGH SCHOOL,,Livingston,100.0,All Grades
260401994567.0,Private School,ARCHANGEL SCHOOL,,Monroe,97.92,All Grades
332000227133.0,Private School,HEBREW ACADEMY OF SPECIAL CHILDREN (HASC),,Kings,100.0,All Grades
471601859056.0,Private School,OTSEGO CHRISTIAN ACADEMY,,Otsego,99.23,All Grades
180300010006.0,Public School,BATAVIA HS,,Genesee,99.85,All Grades
10201805052.0,Private School,HELDERBERG CHRISTIAN SCHOOL,,Albany,96.97,All Grades
580211060003.0,Public School,HOLBROOK ROAD SCHOOL,,Suffolk,100.0,All Grades
60800010010.0,Public School,DUNKIRK INTERMEDIATE SCHOOL,,Chautauqua,99.83,All Grades
81200050004.0,Public School,NORWICH HS,,Chenango,99.8,All Grades
43501060005.0,Public School,ARCADE ES,,Cattaraugus,100.0,All Grades
353100145235.0,Private School,BLESSED SACRAMENT SCHOOL,,Richmond,99.22,All Grades
580512030004.0,Public School,LAUREL PARK ELEMENTARY SCHOOL,,Suffolk,100.0,All Grades
280218030001.0,Public School,HEMLOCK SCHOOL,,Nassau,100.0,All Grades
331400226374.0,Private School,BETH RACHEL SCHOOL FOR GIRLS - 720,,Kings,98.0,All Grades
411501060006.0,Public School,PERRY J H S,,Oneida,67.12,All Grades
332000228244.0,Private School,MOSDOS CHASIDEI SQ.-T.Y.Y. BORO PARK,,Kings,88.43,All Grades
261301060010.0,Public School,DUDLEY SCHOOL,,Monroe,100.0,All Grades
441000010018.0,Public School,PRESIDENTIAL PARK ELEMENTARY SCHOOL,,Orange,99.84,All Grades
141604060008.0,Public School,FRONTIER SHS,,Erie,99.92,All Grades
412901040000.0,School District,ORISKANY CENTRAL SCHOOL,,Oneida,64.53,All Grades
662300145180.0,Private School,SACRED HEART H S,,Westchester,93.07,All Grades
662300995058.0,Private School,JOHN A COLEMAN SCHOOL,,Westchester,99.11,All Grades
10100860892.0,Charter School,HENRY JOHNSON CHARTER SCHOOL,,Albany,93.37,All Grades
530600996315.0,Private School,BRIGHT HOPE ACADEMY CENTER,,Schenectady,100.0,All Grades
261701060012.0,Public School,EMMA E SHERMAN SCHOOL,,Monroe,100.0,All Grades
310200997330.0,Private School,MANHATTAN COUNTRY SCHOOL,,New York,100.0,All Grades
660802999880.0,Private School,HAWTHORNE COUNTRY DAY SCHOOL,,Westchester,99.03,All Grades
140600010313.0,Public School,PS 355 THE BUFFALO SCHOOL OF CULINARY ARTS & HOSPITALITY MGMT,,Erie,99.73,All Grades
620600998101.0,Private School,COMMUNITY REHABILITATION CENTER-CEREBRAL PALSY OF ULSTER COUNTY,,Ulster,100.0,All Grades
400400136417.0,Private School,DESALES CATHOLIC SCHOOL,,Niagara,100.0,All Grades
280409030007.0,Public School,HERRICKS MIDDLE SCHOOL,,Nassau,99.91,All Grades
261401997038.0,Private School,ALLENDALE COLUMBIA SCHOOL,,Monroe,100.0,All Grades
331900659843.0,Private School,FOLLOWERS OF JESUS SCH,,Kings,100.0,All Grades
270100010006.0,Public School,R J MCNULTY ACADEMY FOR INTERNATIONAL STUDIES & LITERACY MAGNET SCHOOL,,Montgomery,96.37,All Grades
600601060007.0,Public School,OWEGO FREE ACADEMY,,Tioga,100.0,All Grades
261600861196.0,Public School,INNOVA GIRLS ACADEMY CHARTER SCHOOL,,Monroe,96.99,All Grades
580905020001.0,Public School,HAMPTON BAYS HIGH SCHOOL,,Suffolk,100.0,All Grades
580512030003.0,Public School,HEMLOCK ELEMENTARY SCHOOL,,Suffolk,100.0,All Grades
220301060003.0,Public School,PHILADELPHIA ELEM SCHOOL,,Jefferson,100.0,All Grades
580505020002.0,Public School,BLUE POINT ELEM SCHOOL,,Suffolk,100.0,All Grades
261201060004.0,Public School,INDIAN LANDING ELEM SCHOOL,,Monroe,100.0,All Grades
500402226093.0,Private School,CONGREGATION YESHIVAS MEON HATORAH,,Rockland,100.0,All Grades
141201060002.0,Public School,GROVER L PRIESS PRIMARY SCHOOL,,Erie,99.28,All Grades
512001060009.0,Public School,J WM LEARY JHS,,St.Lawrence,100.0,All Grades
491700860932.0,Private School,KIPP TROY PREPARATORY ELEMENTARY SCHOOL - SIXTH AVENUE,,Rensselaer,100.0,All Grades
310400999536.0,Private School,EAST HARLEM SCHOOL AT EXODUS HOUSE,,New York,95.41,All Grades
310300756725.0,Private School,ALEXANDER ROBERTSON SCH,,New York,100.0,All Grades
131602020001.0,Public School,HAGAN SCHOOL,,Dutchess,99.71,All Grades
584494611235.0,Private School,BROOKLYN SCHOOL OF EXCELLENCE,,New York,100.0,All Grades
131500999463.0,Private School,RIDGE SCHOOL,,Dutchess,100.0,All Grades
580514020000.0,School District,FIRE ISLAND UNION FREE SCHOOL,,Suffolk,100.0,All Grades
661004060000.0,School District,CHAPPAQUA CENTRAL SCHOOL,,Westchester,99.92,All Grades
520302060013.0,Public School,SHATEKON ELEMENTARY SCHOOL,,Saratoga,100.0,All Grades
10701030001.0,Public School,HEATLY SCHOOL,,Albany,100.0,All Grades
,BOCES School,PAUL PUCCIO SCHOOL – MAPLE HILL,,Rensselaer,100.0,All Grades
20801040001.0,Public School,BELFAST SCHOOL,,Allegany,99.3,All Grades
270701040003.0,Public School,FORT PLAIN HS,,Montgomery,100.0,All Grades
62401040001.0,Public School,RIPLEY CENTRAL SCHOOL,,Chautauqua,100.0,All Grades
662300010022.0,Public School,SCHOOL 22,,Westchester,100.0,All Grades
332000226380.0,Private School,CONGREGATION MACHNA SHALVA II,,Kings,64.36,All Grades
580235060003.0,Public School,BROOKHAVEN ELEM SCHOOL,,Suffolk,97.07,All Grades
190701040005.0,Public School,GREENVILLE ELEM SCHOOL,,Greene,100.0,All Grades
30200185471.0,Private School,SETON CATHOLIC CENTRAL HS,,Broome,98.37,All Grades
660412020000.0,School District,GREENBURGH-NORTH CASTLE UFSD,,Westchester,93.46,All Grades
600801040000.0,School District,SPENCER VAN ETTEN CENTRAL SCHOOL,,Tioga,100.0,All Grades
420411999490.0,Private School,MONTESSORI SCHOOL OF SYRACUSE,,Onondaga,100.0,All Grades
280407030008.0,Public School,LAKEVILLE SCHOOL,,Nassau,99.74,All Grades
140203808420.0,Private School,AMHERST CHRISTIAN ACADEMY,,Erie,100.0,All Grades
343000996984.0,Private School,GARDEN SCHOOL,,Queens,100.0,All Grades
280409030002.0,Public School,DENTON AVENUE SCHOOL,,Nassau,100.0,All Grades
521800115750.0,Private School,SARATOGA CENTRAL CATHOLIC H S,,Saratoga,99.52,All Grades
30601060006.0,Public School,SUSQUEHANNA VALLEY SHS,,Broome,99.24,All Grades
259000000000.0,BOCES School,MADISON-ONEIDA BOCES,,Madison,99.76,All Grades
669000000063.0,BOCES School,SOUTHERN WESTCHESTER BOCES - TAPPAN HILL,,Westchester,100.0,All Grades
10601060013.0,Public School,LISHA KILL MS,,Albany,100.0,All Grades
280410175563.0,Private School,CHAMINADE H S,,Nassau,100.0,All Grades
320800145411.0,Private School,PRESTON H S,,Bronx,100.0,All Grades
261801060004.0,Public School,BARCLAY ELEM SCHOOL,,Monroe,100.0,All Grades
500401229384.0,Private School,BAIS YAAKOV OF RAMAPO,,Rockland,94.21,All Grades
141901060007.0,Public School,LANCASTER MIDDLE SCHOOL,,Erie,99.89,All Grades
650301040003.0,Public School,CS SENIOR HIGH SCHOOL,,Wayne,100.0,All Grades
660202030003.0,Public School,CROTON HARMON S H S,,Westchester,100.0,All Grades
461300010004.0,Public School,FITZHUGH PARK ELEM SCHOOL,,Oswego,100.0,All Grades
500304030002.0,Public School,LIBERTY ES,,Rockland,100.0,All Grades
420901060003.0,Public School,CATHERINE M MCNAMARA ELEM SCH,,Onondaga,99.78,All Grades
580505020006.0,Public School,JAMES WILSON YOUNG MS,,Suffolk,100.0,All Grades
220101040004.0,Public School,MANNSVILLE MANOR ELEM SCHOOL,,Jefferson,100.0,All Grades
421800185583.0,Private School,BISHOPS ACADEMY @ MOST HOLY ROSARY,,Onondaga,100.0,All Grades
511301040002.0,Public School,HERMON-DEKALB CENTRAL SCHOOL,,St.Lawrence,99.73,All Grades
230901040002.0,Public School,LOWVILLE HIGH SCHOOL,,Lewis,98.95,All Grades
651503040002.0,Public School,MARGARET W CUYLER ELEM SCHOOL,,Wayne,100.0,All Grades
141800860044.0,Charter School,GLOBAL CONCEPTS CHARTER SCHOOL,,Erie,100.0,All Grades
222000155013.0,Private School,IMMACULATE HEART CENTRAL PRIMARY SCH,,Jefferson,89.2,All Grades
441800995574.0,Private School,FEI TIAN ACADEMY OF THE ARTS,,Orange,98.92,All Grades
140600136471.0,Private School,NOTRE DAME ACADEMY - OKELL,,Erie,100.0,All Grades
610600010004.0,Public School,BEVERLY J MARTIN SCHOOL,,Tompkins,98.21,All Grades
580209020001.0,Public School,JOSEPH A EDGAR ELEM SCHOOL,,Suffolk,100.0,All Grades
420303060007.0,Public School,ROXBORO ROAD ELEM SCHOOL,,Onondaga,100.0,All Grades
280214999253.0,Private School,LAWRENCE WOODMERE ACADEMY,,Nassau,98.55,All Grades
661100010004.0,Public School,JEFFERSON ELEM SCHOOL,,Westchester,99.6,All Grades
332000226428.0,Private School,BAIS ESTHER SCHOOL 4,,Kings,99.05,All Grades
640701040003.0,Public School,GRANVILLE J S H S,,Washington,100.0,All Grades
