Facility Number,School Type,School District or Name,Facility Address,County,MMR Vaccination Rate,Age Group
,,Alloway Creek El Sch,,Adams,92.6,Kindergarten
,,Bermudian Springs El Sch,,Adams,91.4,Kindergarten
,,Bermudian Springs HS,,Adams,93.4,12th Grade
,,Bermudian Springs MS,,Adams,92.9,7th Grade
,,Biglerville El Sch,,Adams,93.7,Kindergarten
,,Biglerville HS,,Adams,96.9,12th Grade
,,Conewago Twp El Sch,,Adams,91.8,Kindergarten
,,Delone Catholic High School,,Adams,96.6,12th Grade
,,Fairfield Area El Sch,,Adams,98.4,Kindergarten
,,Fairfield Area HS,,Adams,97.1,12th Grade
,,Fairfield Area MS,,Adams,96.9,7th Grade
,,Franklin Twp El Sch,,Adams,91.9,Kindergarten
,,Gettysburg Area HS,,Adams,98.5,12th Grade
,,Gettysburg Area MS,,Adams,97.2,7th Grade
,,Gettysburg Montessori CS,,Adams,91.8,Kindergarten
,,James Gettys El Sch,,Adams,92.8,Kindergarten
,,Lincoln El Sch,,Adams,98.4,Kindergarten
,,Lincoln IU 12,,Adams,95.0,Kindergarten
,,Lincoln IU 12,,Adams,93.3,7th Grade
,,Lincoln IU 12,,Adams,93.3,12th Grade
,,Littlestown SHS,,Adams,95.6,12th Grade
,,Maple Avenue MS,,Adams,94.1,7th Grade
,,New Oxford El Sch,,Adams,93.4,Kindergarten
,,New Oxford MS,,Adams,96.3,7th Grade
,,New Oxford SHS,,Adams,97.2,12th Grade
,,St Francis Xavier School,,Adams,75.0,Kindergarten
,,St Teresa of Calcutta - Conewago,,Adams,93.5,Kindergarten
,,St Teresa of Calcutta - McSherrystown,,Adams,100.0,7th Grade
,,Upper Adams MS,,Adams,95.1,7th Grade
,,Vida CS,,Adams,98.0,Kindergarten
,,Abraham Lincoln El Sch,,Allegheny,94.4,Kindergarten
,,Academy at Westinghouse,,Allegheny,95.9,7th Grade
,,Academy at Westinghouse,,Allegheny,100.0,12th Grade
,,Acmetonia El Sch,,Allegheny,100.0,Kindergarten
,,Allegheny IU 3,,Allegheny,94.5,12th Grade
,,Aquinas Academy,,Allegheny,79.5,Kindergarten
,,Aquinas Academy,,Allegheny,88.9,7th Grade
,,Aquinas Academy,,Allegheny,89.2,12th Grade
,,Archangel Gabriel School,,Allegheny,91.2,Kindergarten
,,Archangel Gabriel School,,Allegheny,100.0,7th Grade
,,Avalon El Sch,,Allegheny,97.0,Kindergarten
,,Ave Maria Academy-Bethel Park Campus,,Allegheny,92.3,Kindergarten
,,Ave Maria Academy-Bethel Park Campus,,Allegheny,100.0,7th Grade
,,Ave Maria Academy-Mt Lebanon Campus,,Allegheny,92.0,Kindergarten
,,Avonworth HS,,Allegheny,98.6,12th Grade
,,Avonworth MS,,Allegheny,99.4,7th Grade
,,Avonworth Primary Center,,Allegheny,97.6,Kindergarten
,,Baker El Sch,,Allegheny,94.8,Kindergarten
,,Baldwin SHS,,Allegheny,99.1,12th Grade
,,Barrett El Sch,,Allegheny,93.3,Kindergarten
,,Bellevue El Sch,,Allegheny,95.7,Kindergarten
,,Benjamin Franklin El Sch,,Allegheny,96.0,Kindergarten
,,Bethel Memorial El Sch,,Allegheny,98.0,Kindergarten
,,Bethel Park HS,,Allegheny,96.7,12th Grade
,,Bishop Canevin High School,,Allegheny,95.1,12th Grade
,,Blessed Francis Seelos Academy,,Allegheny,91.8,Kindergarten
,,Blessed Francis Seelos Academy,,Allegheny,100.0,7th Grade
,,Blessed Trinity Academy,,Allegheny,91.3,Kindergarten
,,Bon Meade El Sch,,Allegheny,98.7,Kindergarten
,,Bradford Woods El Sch,,Allegheny,95.8,Kindergarten
,,Brentwood MS,,Allegheny,98.0,7th Grade
,,Brentwood MS,,Allegheny,98.6,12th Grade
,,Burchfield Primary Sch,,Allegheny,98.9,Kindergarten
,,Campus Lab School of Carlow University,,Allegheny,100.0,Kindergarten
,,Carlynton JSHS,,Allegheny,97.6,7th Grade
,,Carlynton JSHS,,Allegheny,97.2,12th Grade
,,Carnegie El Sch,,Allegheny,98.2,Kindergarten
,,Carson MS,,Allegheny,98.6,7th Grade
,,Catalyst Academy CS,,Allegheny,87.5,Kindergarten
,,Central Catholic,,Allegheny,97.8,12th Grade
,,Central El Sch - Allison Park location,,Allegheny,96.9,Kindergarten
,,Central El Sch - Elizabeth location,,Allegheny,93.9,Kindergarten
,,Chartiers Valley HS,,Allegheny,96.0,12th Grade
,,Chartiers Valley MS,,Allegheny,98.1,7th Grade
,,Chartiers Valley Primary Sch,,Allegheny,96.2,Kindergarten
,,City CHS,,Allegheny,97.9,12th Grade
,,Clairton El Sch,,Allegheny,94.0,Kindergarten
,,Clairton MS/HS,,Allegheny,96.9,7th Grade
,,Clairton MS/HS,,Allegheny,100.0,12th Grade
,,Clara Barton El Sch,,Allegheny,98.2,Kindergarten
,,Community Day School,,Allegheny,100.0,Kindergarten
,,Community Day School,,Allegheny,100.0,7th Grade
,,Cornell El Sch,,Allegheny,94.4,Kindergarten
,,Cornell HS,,Allegheny,97.8,7th Grade
,,Cornell HS,,Allegheny,100.0,12th Grade
,,Crafton El Sch,,Allegheny,88.9,Kindergarten
,,Curtisville Pri Ctr,,Allegheny,93.0,Kindergarten
,,David E Williams MS,,Allegheny,98.8,7th Grade
,,Day School,,Allegheny,88.0,12th Grade
,,Deer Lakes HS,,Allegheny,97.0,12th Grade
,,Deer Lakes MS,,Allegheny,95.7,7th Grade
,,Dickson Prep STEAM Academy,,Allegheny,74.0,7th Grade
,,Donaldson Elem Sch,,Allegheny,92.1,Kindergarten
,,Dormont El Sch,,Allegheny,96.4,Kindergarten
,,Dorseyville MS,,Allegheny,98.5,7th Grade
,,Dr Cleveland Steward Jr El Sch,,Allegheny,93.3,Kindergarten
,,Duquesne El Sch,,Allegheny,98.2,Kindergarten
,,Duquesne El Sch,,Allegheny,98.0,7th Grade
,,East Allegheny JSHS,,Allegheny,94.9,7th Grade
,,East Allegheny JSHS,,Allegheny,95.0,12th Grade
,,Eden Christian Academy,,Allegheny,75.0,Kindergarten
,,Eden Christian Academy - Mt Nebo,,Allegheny,93.9,7th Grade
,,Eden Christian Academy - Mt Nebo,,Allegheny,90.4,12th Grade
,,Eden Christian Academy - Wexford,,Allegheny,88.2,Kindergarten
,,Edgewood El STEAM Academy,,Allegheny,65.9,Kindergarten
,,Edgeworth El Sch,,Allegheny,96.8,Kindergarten
,,Eisenhower El Sch,,Allegheny,97.7,Kindergarten
,,Elizabeth Forward SHS,,Allegheny,97.9,12th Grade
,,Elroy Avenue El Sch,,Allegheny,97.8,Kindergarten
,,Environmental CS at Frick Park,,Allegheny,94.7,Kindergarten
,,Environmental CS at Frick Park,,Allegheny,98.1,7th Grade
,,Environmental CS at Frick Park,,Allegheny,97.0,12th Grade
,,Evergreen El Sch,,Allegheny,85.5,Kindergarten
,,Fairview El Sch,,Allegheny,97.2,Kindergarten
,,Falk Laboratory School,,Allegheny,100.0,Kindergarten
,,Falk Laboratory School,,Allegheny,100.0,7th Grade
,,Fort Couch MS,,Allegheny,98.1,7th Grade
,,Foster El Sch,,Allegheny,95.7,Kindergarten
,,Founders Hall Middle Sch,,Allegheny,94.4,7th Grade
,,Fox Chapel Area HS,,Allegheny,98.8,12th Grade
,,Francis McClure El Sch,,Allegheny,93.2,Kindergarten
,,Franklin El Sch,,Allegheny,96.3,Kindergarten
,,Fred L Aiken El Sch,,Allegheny,89.7,Kindergarten
,,Gateway MS,,Allegheny,96.9,7th Grade
,,Gateway SHS,,Allegheny,97.5,12th Grade
,,George Washington El Sch,,Allegheny,96.7,Kindergarten
,,Gill Hall El Sch,,Allegheny,98.2,Kindergarten
,,Glen Montessori School,,Allegheny,96.4,Kindergarten
,,Greenock El Sch,,Allegheny,94.0,Kindergarten
,,Guardian Angel Academy,,Allegheny,95.2,Kindergarten
,,Guardian Angel Academy,,Allegheny,100.0,7th Grade
,,Hampton HS,,Allegheny,97.1,12th Grade
,,Hampton MS,,Allegheny,96.1,7th Grade
,,Hance El Sch,,Allegheny,97.9,Kindergarten
,,Hartwood El Sch,,Allegheny,94.3,Kindergarten
,,Harvest Baptist Academy,,Allegheny,41.7,Kindergarten
,,Harvest Baptist Academy,,Allegheny,85.0,7th Grade
,,Highcliff El Sch,,Allegheny,94.7,Kindergarten
,,Highlands MS,,Allegheny,88.6,7th Grade
,,Highlands SHS,,Allegheny,96.2,12th Grade
,,Hillcrest Christian Academy,,Allegheny,90.0,Kindergarten
,,Hillel Academy of Pittsburgh,,Allegheny,96.3,7th Grade
,,Holy Cross Academy,,Allegheny,95.1,Kindergarten
,,Holy Family Catholic School,,Allegheny,100.0,Kindergarten
,,Homeville El Sch,,Allegheny,97.1,Kindergarten
,,Hoover El Sch,,Allegheny,100.0,Kindergarten
,,Hosack El Sch,,Allegheny,100.0,Kindergarten
,,Howe El Sch,,Allegheny,94.1,Kindergarten
,,Independence MS,,Allegheny,90.6,7th Grade
,,Ingomar El Sch,,Allegheny,97.4,Kindergarten
,,Ingomar MS,,Allegheny,98.9,7th Grade
,,J H Brooks El Sch,,Allegheny,96.1,Kindergarten
,,J.A. Allard El Sch,,Allegheny,98.1,Kindergarten
,,J.E. Harrison MS,,Allegheny,98.7,7th Grade
,,Jefferson El Sch,,Allegheny,100.0,Kindergarten
,,Jefferson MS,,Allegheny,96.0,7th Grade
,,Kelly Primary Sch,,Allegheny,96.4,Kindergarten
,,Kerr El Sch,,Allegheny,95.8,Kindergarten
,,Keystone Oaks HS,,Allegheny,99.3,12th Grade
,,Keystone Oaks MS,,Allegheny,98.9,7th Grade
,,Life Male STEAM Academy CS,,Allegheny,88.0,7th Grade
,,Lincoln El Sch,,Allegheny,98.5,Kindergarten
,,Linton MS,,Allegheny,97.3,7th Grade
,,Logan El Sch,,Allegheny,72.1,Kindergarten
,,Markham El Sch,,Allegheny,100.0,Kindergarten
,,Marshall El Sch,,Allegheny,93.8,Kindergarten
,,Marshall MS,,Allegheny,98.2,7th Grade
,,Marzolf Primary Sch,,Allegheny,95.2,Kindergarten
,,McAnnulty El Sch,,Allegheny,97.5,Kindergarten
,,McClellan El Sch,,Allegheny,94.6,Kindergarten
,,McCormick El Sch,,Allegheny,96.9,Kindergarten
,,McIntyre El Sch,,Allegheny,93.5,Kindergarten
,,McKee El Sch,,Allegheny,98.7,Kindergarten
,,McKeesport Area SHS,,Allegheny,74.5,12th Grade
,,McKeesport Area Tech Ctr,,Allegheny,74.5,12th Grade
,,McKnight El Sch,,Allegheny,94.6,Kindergarten
,,Mellon MS,,Allegheny,97.8,7th Grade
,,Montessori Childrens Schoolhouse,,Allegheny,100.0,Kindergarten
,,Montour El Sch,,Allegheny,94.2,Kindergarten
,,Montour HS,,Allegheny,99.6,12th Grade
,,Moon Area Upper MS,,Allegheny,97.9,7th Grade
,,Moon SHS,,Allegheny,96.9,12th Grade
,,Moore Sch,,Allegheny,100.0,Kindergarten
,,Mother of Mercy Academy,,Allegheny,84.6,Kindergarten
,,Mt Lebanon SHS,,Allegheny,98.0,12th Grade
,,Myrtle Ave Sch,,Allegheny,98.2,Kindergarten
,,Neighborhood Academy,,Allegheny,62.1,7th Grade
,,North Allegheny HS,,Allegheny,97.6,12th Grade
,,North Hills MS,,Allegheny,97.6,7th Grade
,,North Hills SHS,,Allegheny,96.8,12th Grade
,,Northgate MSHS,,Allegheny,97.3,7th Grade
,,Northgate MSHS,,Allegheny,100.0,12th Grade
,,O'Block El Sch,,Allegheny,97.7,Kindergarten
,,OHara El Sch,,Allegheny,96.9,Kindergarten
,,Oakland Catholic High School,,Allegheny,99.1,12th Grade
,,Osborne El Sch,,Allegheny,93.3,Kindergarten
,,Our Lady Sacred Heart HS,,Allegheny,96.6,12th Grade
,,Park El Sch,,Allegheny,94.9,Kindergarten
,,Passport Academy CS,,Allegheny,100.0,12th Grade
,,Peebles El Sch,,Allegheny,96.9,Kindergarten
,,Penn Hills CS of Entrepreneurship,,Allegheny,93.9,Kindergarten
,,Penn Hills CS of Entrepreneurship,,Allegheny,98.3,7th Grade
,,Penn Hills El Sch,,Allegheny,67.7,Kindergarten
,,Penn Hills SHS,,Allegheny,98.4,12th Grade
,,Penn Woods Classical Academy,,Allegheny,60.0,Kindergarten
,,Pennsylvania Distance Learning CS,,Allegheny,79.7,Kindergarten
,,Pennsylvania Distance Learning CS,,Allegheny,82.0,7th Grade
,,Pennsylvania Distance Learning CS,,Allegheny,79.5,12th Grade
,,Pine-Richland HS,,Allegheny,96.5,12th Grade
,,Pine-Richland MS,,Allegheny,98.1,7th Grade
,,Pittsburgh Allderdice HS,,Allegheny,99.7,12th Grade
,,Pittsburgh Allegheny 6-8,,Allegheny,100.0,7th Grade
,,Pittsburgh Allegheny K-5,,Allegheny,91.4,Kindergarten
,,Pittsburgh Arlington K-8,,Allegheny,78.9,Kindergarten
,,Pittsburgh Arlington K-8,,Allegheny,72.2,7th Grade
,,Pittsburgh Arsenal 6-8,,Allegheny,94.9,7th Grade
,,Pittsburgh Arsenal K-5,,Allegheny,99.4,Kindergarten
,,Pittsburgh Banksville K-5,,Allegheny,80.4,Kindergarten
,,Pittsburgh Beechwood K-5,,Allegheny,91.3,Kindergarten
,,Pittsburgh Brashear HS,,Allegheny,99.0,12th Grade
,,Pittsburgh Brookline K-8,,Allegheny,95.7,Kindergarten
,,Pittsburgh Brookline K-8,,Allegheny,97.8,7th Grade
,,Pittsburgh CAPA 6-12,,Allegheny,97.1,7th Grade
,,Pittsburgh CAPA 6-12,,Allegheny,95.6,12th Grade
,,Pittsburgh Carmalt K-8,,Allegheny,100.0,Kindergarten
,,Pittsburgh Carmalt K-8,,Allegheny,100.0,7th Grade
,,Pittsburgh Carrick HS,,Allegheny,97.9,12th Grade
,,Pittsburgh Christian Academy,,Allegheny,87.0,12th Grade
,,Pittsburgh Classical 6-8,,Allegheny,100.0,7th Grade
,,Pittsburgh Colfax K-8,,Allegheny,100.0,Kindergarten
,,Pittsburgh Colfax K-8,,Allegheny,97.8,7th Grade
,,Pittsburgh Concord K-5,,Allegheny,74.7,Kindergarten
,,Pittsburgh Conroy,,Allegheny,98.5,12th Grade
,,Pittsburgh Dilworth K-5,,Allegheny,95.3,Kindergarten
,,Pittsburgh Faison K-5,,Allegheny,96.8,Kindergarten
,,Pittsburgh Fulton K-5,,Allegheny,91.3,Kindergarten
,,Pittsburgh Grandview K-5,,Allegheny,93.5,Kindergarten
,,Pittsburgh Greenfield K-8,,Allegheny,100.0,Kindergarten
,,Pittsburgh Greenfield K-8,,Allegheny,100.0,7th Grade
,,Pittsburgh King K-8,,Allegheny,86.3,Kindergarten
,,Pittsburgh King K-8,,Allegheny,89.7,7th Grade
,,Pittsburgh Langley K-8,,Allegheny,87.0,Kindergarten
,,Pittsburgh Langley K-8,,Allegheny,95.6,7th Grade
,,Pittsburgh Liberty K-5,,Allegheny,87.5,Kindergarten
,,Pittsburgh Lincoln K-5,,Allegheny,94.3,Kindergarten
,,Pittsburgh Linden K-5,,Allegheny,90.5,Kindergarten
,,Pittsburgh Mifflin K-8,,Allegheny,93.9,Kindergarten
,,Pittsburgh Mifflin K-8,,Allegheny,96.4,7th Grade
,,Pittsburgh Miller K-5,,Allegheny,86.2,Kindergarten
,,Pittsburgh Milliones 6-12,,Allegheny,100.0,7th Grade
,,Pittsburgh Milliones 6-12,,Allegheny,100.0,12th Grade
,,Pittsburgh Minadeo K-5,,Allegheny,97.7,Kindergarten
,,Pittsburgh Montessori K-5,,Allegheny,98.1,Kindergarten
,,Pittsburgh Morrow K-8,,Allegheny,94.8,Kindergarten
,,Pittsburgh Morrow K-8,,Allegheny,100.0,7th Grade
,,Pittsburgh Obama 6-12,,Allegheny,100.0,7th Grade
,,Pittsburgh Obama 6-12,,Allegheny,100.0,12th Grade
,,Pittsburgh Online Academy,,Allegheny,91.7,12th Grade
,,Pittsburgh Perry HS,,Allegheny,100.0,12th Grade
,,Pittsburgh Phillips K-5,,Allegheny,95.0,Kindergarten
,,Pittsburgh Pioneer,,Allegheny,95.0,12th Grade
,,Pittsburgh Roosevelt K -5,,Allegheny,88.5,Kindergarten
,,Pittsburgh Schiller 6-8,,Allegheny,93.7,7th Grade
,,Pittsburgh Science and Technology Academy 6-12,,Allegheny,97.4,7th Grade
,,Pittsburgh Science and Technology Academy 6-12,,Allegheny,100.0,12th Grade
,,Pittsburgh South Brook 6-8,,Allegheny,98.6,7th Grade
,,Pittsburgh South Hills 6-8,,Allegheny,90.3,7th Grade
,,Pittsburgh Spring Hill K-5,,Allegheny,96.0,Kindergarten
,,Pittsburgh Sterrett 6-8,,Allegheny,96.7,7th Grade
,,Pittsburgh Sunnyside K-8,,Allegheny,71.4,Kindergarten
,,Pittsburgh Weil K-5,,Allegheny,96.8,Kindergarten
,,Pittsburgh West Liberty K-5,,Allegheny,84.6,Kindergarten
,,Pittsburgh Westwood K-5,,Allegheny,91.9,Kindergarten
,,Pittsburgh Whittier K-5,,Allegheny,93.1,Kindergarten
,,Pittsburgh Woolslair K-5,,Allegheny,97.1,Kindergarten
,,Pivik El Sch,,Allegheny,94.2,Kindergarten
,,Pleasant Hills MS,,Allegheny,99.3,7th Grade
,,Plum MS,,Allegheny,97.8,7th Grade
,,Plum SHS,,Allegheny,96.7,12th Grade
,,Poff El Sch,,Allegheny,89.3,Kindergarten
,,Propel CS-Braddock Hills,,Allegheny,83.7,Kindergarten
,,Propel CS-East,,Allegheny,97.6,Kindergarten
,,Propel CS-East,,Allegheny,95.6,7th Grade
,,Propel CS-McKeesport,,Allegheny,92.1,Kindergarten
,,Propel CS-McKeesport,,Allegheny,100.0,7th Grade
,,Propel CS-Montour,,Allegheny,100.0,Kindergarten
,,Propel CS-Montour,,Allegheny,100.0,7th Grade
,,Propel CS-Montour,,Allegheny,100.0,12th Grade
,,Propel CS-Northside,,Allegheny,96.9,Kindergarten
,,Propel CS-Northside,,Allegheny,100.0,7th Grade
,,Provident CS,,Allegheny,97.9,7th Grade
,,Quaker Valley HS,,Allegheny,98.1,12th Grade
,,Quaker Valley MS,,Allegheny,96.9,7th Grade
,,Ramsey El Sch,,Allegheny,91.2,Kindergarten
,,Reserve Primary Sch,,Allegheny,100.0,Kindergarten
,,Richland El Sch,,Allegheny,96.5,Kindergarten
,,Riverview JSHS,,Allegheny,100.0,7th Grade
,,Riverview JSHS,,Allegheny,100.0,12th Grade
,,Ross El Sch,,Allegheny,97.5,Kindergarten
,,Sacred Heart Elementary School,,Allegheny,91.9,Kindergarten
,,Sacred Heart Elementary School,,Allegheny,96.1,7th Grade
,,Scott Primary Sch,,Allegheny,96.6,Kindergarten
,,Serra Catholic High School,,Allegheny,100.0,12th Grade
,,Seton Lasalle High School,,Allegheny,85.0,12th Grade
,,Sewickley Academy,,Allegheny,93.5,Kindergarten
,,Sewickley Academy,,Allegheny,93.2,7th Grade
,,Sewickley Academy,,Allegheny,100.0,12th Grade
,,Shady Side Academy Country Day School,,Allegheny,100.0,Kindergarten
,,Shady Side Academy Junior Sch,,Allegheny,97.6,Kindergarten
,,Shady Side Academy Middle Sch,,Allegheny,100.0,7th Grade
,,Shady Side Academy Senior School,,Allegheny,100.0,12th Grade
,,Shaler Area HS,,Allegheny,98.0,12th Grade
,,Shaler Area MS,,Allegheny,97.6,7th Grade
,,Sister Thea Bowman Catholic Academy,,Allegheny,100.0,7th Grade
,,South Allegheny El Sch,,Allegheny,95.2,Kindergarten
,,South Allegheny HS,,Allegheny,100.0,12th Grade
,,South Allegheny MS,,Allegheny,99.0,7th Grade
,,South Fayette MS,,Allegheny,95.6,7th Grade
,,South Fayette Twp El Sch,,Allegheny,97.0,Kindergarten
,,South Fayette Twp HS,,Allegheny,96.7,12th Grade
,,South Hills Catholic Academy,,Allegheny,66.7,Kindergarten
,,South Hills Catholic Academy,,Allegheny,90.9,7th Grade
,,South Park Elem Center,,Allegheny,97.0,Kindergarten
,,South Park MS,,Allegheny,99.3,7th Grade
,,South Park SHS,,Allegheny,98.1,12th Grade
,,Spectrum CS,,Allegheny,100.0,12th Grade
,,Springdale JSHS,,Allegheny,100.0,7th Grade
,,Springdale JSHS,,Allegheny,96.9,12th Grade
,,St Bede School,,Allegheny,100.0,Kindergarten
,,St Bede School,,Allegheny,100.0,7th Grade
,,St Benedict the Moor,,Allegheny,95.0,Kindergarten
,,St Edmunds Academy,,Allegheny,92.1,Kindergarten
,,St Edmunds Academy,,Allegheny,100.0,7th Grade
,,St Louise De Marillac School,,Allegheny,91.7,Kindergarten
,,St Louise De Marillac School,,Allegheny,97.9,7th Grade
,,St Therese School,,Allegheny,90.5,Kindergarten
,,St Therese School,,Allegheny,100.0,7th Grade
,,Steel Valley MS,,Allegheny,96.3,7th Grade
,,Sto-Rox JSHS,,Allegheny,97.2,7th Grade
,,Sto-Rox JSHS,,Allegheny,98.8,12th Grade
,,Sto-Rox Primary Ctr,,Allegheny,100.0,Kindergarten
,,Streams El Sch,,Allegheny,97.4,Kindergarten
,,Tenth Street El Sch,,Allegheny,89.1,Kindergarten
,,The New Academy CS,,Allegheny,69.2,12th Grade
,,Thomas Jefferson HS,,Allegheny,98.6,12th Grade
,,Trinity Christian School,,Allegheny,91.4,Kindergarten
,,Trinity Christian School,,Allegheny,93.2,7th Grade
,,Trinity Christian School,,Allegheny,75.0,12th Grade
,,Turtle Creek EL STEAM Academy,,Allegheny,78.9,Kindergarten
,,Twin Rivers El Sch,,Allegheny,90.8,Kindergarten
,,University Park El Sch,,Allegheny,91.0,Kindergarten
,,Upper Saint Clair HS,,Allegheny,97.0,12th Grade
,,Urban Academy of Greater Pittsburgh CS,,Allegheny,96.7,Kindergarten
,,Urban Pathways 6-12 CS,,Allegheny,94.5,7th Grade
,,Urban Pathways 6-12 CS,,Allegheny,100.0,12th Grade
,,Urban Pathways K-5 College CS,,Allegheny,90.9,Kindergarten
,,Verner El Sch,,Allegheny,93.1,Kindergarten
,,Waldorf School of Pittsburgh,,Allegheny,95.2,Kindergarten
,,Washington El Sch,,Allegheny,98.1,Kindergarten
,,Watson Institute Education Center,,Allegheny,84.6,12th Grade
,,Watson Institute Education Center South,,Allegheny,81.0,12th Grade
,,West Allegheny MS,,Allegheny,97.9,7th Grade
,,West Allegheny SHS,,Allegheny,97.0,12th Grade
,,West Mifflin Area HS,,Allegheny,97.6,12th Grade
,,West Mifflin Area MS,,Allegheny,96.5,7th Grade
,,West View El Sch,,Allegheny,95.8,Kindergarten
,,Western PA School for Blind,,Allegheny,97.5,12th Grade
,,Wexford El Sch,,Allegheny,94.7,Kindergarten
,,Wilkins El STEAM Academy,,Allegheny,90.3,Kindergarten
,,William Penn El Sch - Bethel Park location,,Allegheny,87.5,Kindergarten
,,William Penn El Sch - Monongahela Location,,Allegheny,89.6,Kindergarten
,,Wilson El Sch,,Allegheny,92.1,Kindergarten
,,Winchester Thurston School,,Allegheny,97.2,Kindergarten
,,Winchester Thurston School,,Allegheny,97.9,7th Grade
,,Winchester Thurston School,,Allegheny,98.6,12th Grade
,,Woodland Hills HS,,Allegheny,96.6,12th Grade
,,Wyland El Sch,,Allegheny,95.0,Kindergarten
,,Yeshiva Achei Tmimim Schools-Boys,,Allegheny,85.7,Kindergarten
,,Young Scholars of Greater Allegheny CS,,Allegheny,81.8,Kindergarten
,,Young Scholars of Greater Allegheny CS,,Allegheny,97.0,7th Grade
,,Young Scholars of Western Pennsylvania CS,,Allegheny,100.0,Kindergarten
,,Young Scholars of Western Pennsylvania CS,,Allegheny,96.4,7th Grade
,,Apollo-Ridge Elem Sch,,Armstrong,94.3,Kindergarten
,,Apollo-Ridge HS,,Armstrong,94.1,7th Grade
,,Apollo-Ridge HS,,Armstrong,97.4,12th Grade
,,Armstrong JSHS,,Armstrong,93.3,7th Grade
,,Armstrong JSHS,,Armstrong,93.7,12th Grade
,,Buffalo El Sch,,Armstrong,97.6,Kindergarten
,,David Leech El Sch,,Armstrong,98.2,Kindergarten
,,Dayton El Sch,,Armstrong,87.5,Kindergarten
,,Elderton El Sch,,Armstrong,100.0,Kindergarten
,,Freeport Area MS,,Armstrong,96.6,7th Grade
,,Freeport Area SHS,,Armstrong,96.7,12th Grade
,,Leechburg Area HS,,Armstrong,97.6,12th Grade
,,Leechburg Area MS,,Armstrong,100.0,7th Grade
,,Lenape El Sch,,Armstrong,92.0,Kindergarten
,,Lenape Tech,,Armstrong,95.8,12th Grade
,,Orchard Hills Chrst Academy,,Armstrong,100.0,Kindergarten
,,Orchard Hills Chrst Academy,,Armstrong,100.0,7th Grade
,,Orchard Hills Chrst Academy,,Armstrong,100.0,12th Grade
,,Shannock Valley El Sch,,Armstrong,96.0,Kindergarten
,,South Buffalo El Sch,,Armstrong,77.8,Kindergarten
,,West Hills Primary Sch,,Armstrong,89.7,Kindergarten
,,West Shamokin JSHS,,Armstrong,90.7,7th Grade
,,West Shamokin JSHS,,Armstrong,95.1,12th Grade
,,Aliquippa El Sch,,Beaver,100.0,Kindergarten
,,Aliquippa JSHS,,Beaver,98.8,7th Grade
,,Aliquippa JSHS,,Beaver,100.0,12th Grade
,,Ambridge Area HS,,Beaver,94.4,12th Grade
,,Ambridge Area MS,,Beaver,98.3,7th Grade
,,Baden Academy CS,,Beaver,93.7,Kindergarten
,,Beaver Area MS,,Beaver,98.1,7th Grade
,,Beaver Area SHS,,Beaver,97.7,12th Grade
,,Beaver Co Christian Sch -Upper,,Beaver,74.1,12th Grade
,,Beaver Co Christian School Lower,,Beaver,58.6,7th Grade
,,Beaver Falls Area SHS,,Beaver,98.3,12th Grade
,,Beaver Falls MS,,Beaver,95.2,7th Grade
,,Big Beaver El Sch,,Beaver,97.5,Kindergarten
,,Blackhawk HS,,Beaver,97.4,12th Grade
,,Blackhawk Intermediate Sch,,Beaver,89.5,Kindergarten
,,Center Grange Primary School,,Beaver,97.5,Kindergarten
,,Central El Sch,,Beaver,94.4,Kindergarten
,,Central Valley HS,,Beaver,99.5,12th Grade
,,Central Valley MS,,Beaver,97.6,7th Grade
,,College Square El Sch,,Beaver,93.0,Kindergarten
,,Economy El Sch,,Beaver,92.6,Kindergarten
,,Fairview El Sch,,Beaver,95.3,Kindergarten
,,Freedom Area El Sch,,Beaver,96.5,Kindergarten
,,Freedom Area MS,,Beaver,96.4,7th Grade
,,Freedom Area SHS,,Beaver,93.3,12th Grade
,,Highland El Sch,,Beaver,90.9,Kindergarten
,,Highland MS,,Beaver,98.4,7th Grade
,,Hopewell El Sch,,Beaver,97.9,Kindergarten
,,Hopewell JHS,,Beaver,95.5,7th Grade
,,Hopewell SHS,,Beaver,97.5,12th Grade
,,Independence El Sch,,Beaver,94.4,Kindergarten
,,Lincoln Park Performing Arts CS,,Beaver,93.5,7th Grade
,,Lincoln Park Performing Arts CS,,Beaver,94.5,12th Grade
,,Margaret Ross El Sch,,Beaver,97.2,Kindergarten
,,Midland El/MS,,Beaver,90.3,Kindergarten
,,New Brighton Area El Sch,,Beaver,100.0,Kindergarten
,,New Brighton Area MS,,Beaver,100.0,7th Grade
,,New Brighton Area MS,,Beaver,98.9,12th Grade
,,Patterson Primary Sch,,Beaver,97.9,Kindergarten
,,Pennsylvania Cyber CS,,Beaver,74.0,Kindergarten
,,Pennsylvania Cyber CS,,Beaver,91.8,7th Grade
,,Pennsylvania Cyber CS,,Beaver,95.0,12th Grade
,,Riverside El Sch,,Beaver,88.8,Kindergarten
,,Riverside HS,,Beaver,99.1,12th Grade
,,Riverside MS,,Beaver,94.8,7th Grade
,,Rochester Area El Sch,,Beaver,91.2,Kindergarten
,,Rochester High School,,Beaver,100.0,12th Grade
,,Rochester MS,,Beaver,95.1,7th Grade
,,South Side El Sch,,Beaver,94.2,Kindergarten
,,South Side HS,,Beaver,97.2,12th Grade
,,South Side MS,,Beaver,94.3,7th Grade
,,State Street El Sch,,Beaver,100.0,Kindergarten
,,Sts Peter & Paul School,,Beaver,86.4,Kindergarten
,,Western Beaver Co JSHS,,Beaver,91.1,7th Grade
,,Western Beaver Co JSHS,,Beaver,96.4,12th Grade
,,Bedford El Sch,,Bedford,94.4,Kindergarten
,,Bedford MS,,Bedford,93.1,7th Grade
,,Bedford SHS,,Bedford,95.2,12th Grade
,,Chestnut Ridge Central El Sch,,Bedford,94.3,Kindergarten
,,Chestnut Ridge MS,,Bedford,97.5,7th Grade
,,Chestnut Ridge SHS,,Bedford,100.0,12th Grade
,,Everett Area El Sch,,Bedford,89.4,Kindergarten
,,Everett Area HS,,Bedford,99.0,12th Grade
,,Everett Area MS,,Bedford,95.7,7th Grade
,,Northern Bedford Co El Sch,,Bedford,95.0,Kindergarten
,,Northern Bedford County HS,,Bedford,98.0,12th Grade
,,Northern Bedford County MS,,Bedford,92.9,7th Grade
,,Tussey Mountain EL,,Bedford,95.0,Kindergarten
,,Tussey Mountain HS,,Bedford,96.9,12th Grade
,,Tussey Mountain MS,,Bedford,95.2,7th Grade
,,Amanda E Stout El Sch,,Berks,96.1,Kindergarten
,,Andrew Maier El Sch,,Berks,100.0,Kindergarten
,,Antietam HS,,Berks,100.0,12th Grade
,,Berks Catholic High School,,Berks,99.4,12th Grade
,,Bethel El Sch,,Berks,83.6,Kindergarten
,,Blue Mountain Academy,,Berks,75.0,12th Grade
,,Boyertown Area MS-East,,Berks,94.6,7th Grade
,,Boyertown Area MS-West,,Berks,92.5,7th Grade
,,Boyertown Area SHS,,Berks,98.8,12th Grade
,,Boyertown El Sch,,Berks,92.1,Kindergarten
,,Brandywine Heights Intrmd/MS,,Berks,95.2,Kindergarten
,,Brandywine Heights Intrmd/MS,,Berks,90.7,7th Grade
,,Brandywine Heights Intrmd/MS,,Berks,95.7,12th Grade
,,Brecknock El Sch,,Berks,92.9,Kindergarten
,,Central MS,,Berks,99.5,7th Grade
,,Colebrookdale El Sch,,Berks,97.9,Kindergarten
,,Conrad Weiser East El Sch,,Berks,92.3,Kindergarten
,,Conrad Weiser HS,,Berks,95.4,12th Grade
,,Conrad Weiser MS,,Berks,91.5,7th Grade
,,Conrad Weiser West El Sch,,Berks,94.3,Kindergarten
,,Cornwall Terrace El Sch,,Berks,97.1,Kindergarten
,,Cumru El Sch,,Berks,98.7,Kindergarten
,,Daniel Boone Area HS,,Berks,96.4,12th Grade
,,Daniel Boone Area MS,,Berks,97.2,7th Grade
,,Daniel Boone Area Primary Ctr,,Berks,93.8,Kindergarten
,,Earl El Sch,,Berks,86.5,Kindergarten
,,Exeter Twp JHS,,Berks,93.5,7th Grade
,,Exeter Twp SHS,,Berks,95.6,12th Grade
,,Fleetwood MS,,Berks,96.1,7th Grade
,,Fleetwood SHS,,Berks,98.8,12th Grade
,,Gilbertsville El Sch,,Berks,90.0,Kindergarten
,,Glenside El Sch,,Berks,94.9,Kindergarten
,,Governor Mifflin MS,,Berks,96.6,7th Grade
,,Governor Mifflin SHS,,Berks,99.4,12th Grade
,,Green Valley El Sch,,Berks,95.2,Kindergarten
,,Greenwich-Lenhartsville El Sch,,Berks,94.4,Kindergarten
,,Hamburg Area HS,,Berks,98.3,12th Grade
,,Hamburg Area Middle School,,Berks,92.4,7th Grade
,,High Point Baptist Academy,,Berks,60.0,Kindergarten
,,High Point Baptist Academy,,Berks,78.9,7th Grade
,,High Point Baptist Academy,,Berks,82.4,12th Grade
,,Holy Guardian Angels Regional School,,Berks,84.0,Kindergarten
,,Honey Brook El Ctr,,Berks,93.3,Kindergarten
,,Jacksonwald El Sch,,Berks,100.0,Kindergarten
,,Kerry C. Hoffman Intermediate Sch,,Berks,97.6,7th Grade
,,Kutztown Area MS,,Berks,90.5,7th Grade
,,Kutztown Area SHS,,Berks,92.2,12th Grade
,,Kutztown El Sch,,Berks,91.7,Kindergarten
,,Lauers Park El Sch,,Berks,94.1,Kindergarten
,,Lorane El Sch,,Berks,95.9,Kindergarten
,,Mifflin Park El Sch,,Berks,95.0,Kindergarten
,,Millmont El Sch,,Berks,97.3,Kindergarten
,,Montessori Country Day School,,Berks,85.0,Kindergarten
,,Muhlenberg El Ctr,,Berks,96.6,Kindergarten
,,Muhlenberg HS,,Berks,99.3,12th Grade
,,Muhlenberg Jr MS,,Berks,99.1,7th Grade
,,New Hanover-Upper Frederick El,,Berks,91.9,Kindergarten
,,Northeast MS,,Berks,99.5,7th Grade
,,Northwest El Sch,,Berks,99.1,Kindergarten
,,Oley Valley El Sch,,Berks,96.6,Kindergarten
,,Oley Valley MS,,Berks,93.4,7th Grade
,,Oley Valley SHS,,Berks,96.8,12th Grade
,,Owatin Creek El Sch,,Berks,97.4,Kindergarten
,,Penn Bernville El Sch,,Berks,77.1,Kindergarten
,,Perry El Sch,,Berks,100.0,Kindergarten
,,Pine Forge Academy,,Berks,80.0,12th Grade
,,Reading SHS,,Berks,99.5,12th Grade
,,Riverside El Sch,,Berks,99.3,Kindergarten
,,Robeson El Ctr,,Berks,93.3,Kindergarten
,,Schuylkill Valley El Sch,,Berks,91.7,Kindergarten
,,Schuylkill Valley HS,,Berks,100.0,12th Grade
,,Schuylkill Valley MS,,Berks,96.2,7th Grade
,,Shiloh Hills El Sch,,Berks,97.2,Kindergarten
,,Sixteenth & Haak El Sch,,Berks,95.4,Kindergarten
,,Southern MS,,Berks,100.0,7th Grade
,,Southwest MS,,Berks,100.0,7th Grade
,,Spring Ridge El Sch,,Berks,96.2,Kindergarten
,,St Catharine of Siena School,,Berks,92.6,Kindergarten
,,St Catharine of Siena School,,Berks,100.0,7th Grade
,,St Francis Classical Catholic Academy,,Berks,75.0,Kindergarten
,,St Ignatius Loyola School,,Berks,96.7,Kindergarten
,,St Ignatius Loyola School,,Berks,95.7,7th Grade
,,St Peter School,,Berks,92.9,Kindergarten
,,St Peter School,,Berks,100.0,7th Grade
,,Stony Creek El Sch,,Berks,91.9,Kindergarten
,,Tenth & Green El Sch,,Berks,97.7,Kindergarten
,,Tenth & Penn El Sch,,Berks,97.3,Kindergarten
,,Thirteenth & Green El Sch,,Berks,97.7,Kindergarten
,,Thirteenth & Union El Sch,,Berks,97.4,Kindergarten
,,Tilden El Center,,Berks,86.5,Kindergarten
,,Tulpehocken Area HS,,Berks,89.4,12th Grade
,,Tulpehocken Area MS,,Berks,93.8,7th Grade
,,Twelfth & Marion El Sch,,Berks,97.7,Kindergarten
,,Twin Valley El Ctr,,Berks,94.5,Kindergarten
,,Twin Valley HS,,Berks,93.0,12th Grade
,,Twin Valley MS,,Berks,98.4,7th Grade
,,Tyson-Schoener El Sch,,Berks,96.2,Kindergarten
,,Washington El Sch,,Berks,81.6,Kindergarten
,,Whitfield El Sch,,Berks,97.1,Kindergarten
,,Willow Creek El Sch,,Berks,96.1,Kindergarten
,,Wilson HS,,Berks,98.2,12th Grade
,,Wilson Southern MS,,Berks,98.5,7th Grade
,,Wilson West MS,,Berks,98.8,7th Grade
,,Wyomissing Hills El Ctr,,Berks,97.5,Kindergarten
,,Altoona Area HS,,Blair,98.6,12th Grade
,,Altoona Area Jr HS,,Blair,97.1,7th Grade
,,Baker El Sch,,Blair,95.5,Kindergarten
,,Bellwood Antis MS,,Blair,95.1,7th Grade
,,Bellwood-Antis HS,,Blair,95.7,12th Grade
,,Bishop Guilfoyle Academy - Eldorado,,Blair,96.0,7th Grade
,,Bishop Guilfoyle Academy - Eldorado,,Blair,96.1,12th Grade
,,Bishop Guilfoyle Academy - Fairview,,Blair,87.5,Kindergarten
,,Bishop Guilfoyle Catholic High School,,Blair,96.0,7th Grade
,,Bishop Guilfoyle Catholic High School,,Blair,96.1,12th Grade
,,Blair County Christian School,,Blair,45.0,Kindergarten
,,Central HS,,Blair,95.1,12th Grade
,,Central PA Digital Lrng Foundation CS,,Blair,92.9,12th Grade
,,Charles W Longer El Sch,,Blair,85.7,Kindergarten
,,Claysburg-Kimmel El Sch,,Blair,94.5,Kindergarten
,,Claysburg-Kimmel Jr HS,,Blair,98.3,7th Grade
,,Claysburg-Kimmel Sr HS,,Blair,98.6,12th Grade
,,Foot of Ten El Sch,,Blair,94.5,Kindergarten
,,Frankstown El Sch,,Blair,97.7,Kindergarten
,,Hollidaysburg Area JHS,,Blair,94.3,7th Grade
,,Hollidaysburg Area SHS,,Blair,95.8,12th Grade
,,Irving El Sch,,Blair,97.4,Kindergarten
,,Juniata El Sch,,Blair,97.3,Kindergarten
,,Juniata Gap El Sch,,Blair,96.1,Kindergarten
,,Lewis M Myers El Sch,,Blair,93.0,Kindergarten
,,Logan El Sch,,Blair,95.1,Kindergarten
,,Mowrie A Ebner El Sch,,Blair,95.2,Kindergarten
,,Penn-Lincoln El Sch,,Blair,93.9,Kindergarten
,,Pleasant Valley El Sch,,Blair,98.6,Kindergarten
,,Spring Cove El Sch,,Blair,94.7,Kindergarten
,,Spring Cove MS,,Blair,93.1,7th Grade
,,Tyrone Area El Sch,,Blair,96.2,Kindergarten
,,Tyrone Area HS,,Blair,96.2,12th Grade
,,Tyrone Area MS,,Blair,93.8,7th Grade
,,Williamsburg Community El Sch,,Blair,94.4,Kindergarten
,,Williamsburg Community JSHS,,Blair,97.5,7th Grade
,,Williamsburg Community JSHS,,Blair,100.0,12th Grade
,,Athens Area HS,,Bradford,93.6,12th Grade
,,Audrielle Lynch-Ellen Bustin El Sch,,Bradford,94.2,Kindergarten
,,Canton Area El Sch,,Bradford,89.1,Kindergarten
,,Canton JSHS,,Bradford,94.9,7th Grade
,,Canton JSHS,,Bradford,98.3,12th Grade
,,Harlan Rowe MS,,Bradford,94.0,7th Grade
,,Morrow El Sch,,Bradford,91.6,Kindergarten
,,North Rome Christian School,,Bradford,45.0,Kindergarten
,,Northeast Bradford El Sch,,Bradford,83.7,Kindergarten
,,Northeast Bradford JSHS,,Bradford,84.6,7th Grade
,,Northeast Bradford JSHS,,Bradford,90.9,12th Grade
,,SRU El Sch,,Bradford,87.5,Kindergarten
,,Sayre Area HS,,Bradford,94.9,7th Grade
,,Sayre Area HS,,Bradford,96.9,12th Grade
,,Snyder El Sch,,Bradford,98.2,Kindergarten
,,Towanda Area JSHS,,Bradford,97.6,7th Grade
,,Towanda Area JSHS,,Bradford,98.1,12th Grade
,,Troy Area JSHS,,Bradford,95.6,7th Grade
,,Troy Area JSHS,,Bradford,99.0,12th Grade
,,W R Croman Primary Sch,,Bradford,86.5,Kindergarten
,,Wyalusing Valley El Sch,,Bradford,87.3,Kindergarten
,,Wyalusing Valley JSHS,,Bradford,96.3,7th Grade
,,Wyalusing Valley JSHS,,Bradford,94.9,12th Grade
,,Afton El Sch,,Bucks,98.7,Kindergarten
,,Archbishop Wood Catholic HS,,Bucks,98.8,12th Grade
,,Barclay El Sch,,Bucks,93.4,Kindergarten
,,Bedminster El Sch,,Bucks,94.6,Kindergarten
,,Belmont Hills El Sch,,Bucks,82.9,Kindergarten
,,Benjamin Franklin MS,,Bucks,97.7,7th Grade
,,Benjamin Rush El Sch,,Bucks,95.8,Kindergarten
,,Bensalem Twp HS,,Bucks,96.1,12th Grade
,,Bridge Valley El Sch,,Bucks,87.7,Kindergarten
,,Bristol HS,,Bucks,94.4,12th Grade
,,Bristol MS,,Bucks,95.6,7th Grade
,,Brookwood El Sch,,Bucks,97.8,Kindergarten
,,Buckingham El Sch,,Bucks,95.0,Kindergarten
,,Bucks County Montessori CS,,Bucks,91.7,Kindergarten
,,Bucks County Technical High School,,Bucks,97.3,12th Grade
,,Butler El Sch,,Bucks,97.0,Kindergarten
,,Calvary Christian School,,Bucks,81.8,Kindergarten
,,Cecelia Snyder MS,,Bucks,98.7,7th Grade
,,Center for Student Learning CS at Pennsbury,,Bucks,96.4,12th Grade
,,Central Bucks HS-East,,Bucks,96.8,12th Grade
,,Central Bucks HS-South,,Bucks,98.5,12th Grade
,,Central Bucks HS-West,,Bucks,96.1,12th Grade
,,Charles H Boehm MS,,Bucks,98.0,7th Grade
,,Churchville El Sch,,Bucks,91.5,Kindergarten
,,Cold Spring El Sch,,Bucks,95.6,Kindergarten
,,Conwell Egan Catholic HS,,Bucks,98.8,12th Grade
,,Core Creek El Sch,,Bucks,97.1,Kindergarten
,,Cornwells El Sch,,Bucks,94.6,Kindergarten
,,Council Rock HS North,,Bucks,98.0,12th Grade
,,Council Rock HS South,,Bucks,97.5,12th Grade
,,Davis El Sch,,Bucks,96.0,Kindergarten
,,Deibler El Sch,,Bucks,85.4,Kindergarten
,,Doyle El Sch,,Bucks,94.4,Kindergarten
,,Durham-Nockamixon El Sch,,Bucks,86.0,Kindergarten
,,Edgewood El Sch,,Bucks,94.4,Kindergarten
,,Eleanor Roosevelt El Sch,,Bucks,93.4,Kindergarten
,,Faith Christian Academy-Elementary Campus,,Bucks,86.5,Kindergarten
,,Faith Christian Academy-Middle/Upper Campus,,Bucks,76.9,7th Grade
,,Faith Christian Academy-Middle/Upper Campus,,Bucks,77.8,12th Grade
,,Fallsington El Sch,,Bucks,87.1,Kindergarten
,,Gayman El Sch,,Bucks,97.1,Kindergarten
,,Goodnoe El Sch,,Bucks,96.9,Kindergarten
,,Grandview El Sch,,Bucks,95.5,Kindergarten
,,Grasse El Sch,,Bucks,92.6,Kindergarten
,,Groveland El Sch,,Bucks,96.4,Kindergarten
,,Hillcrest El Sch,,Bucks,91.9,Kindergarten
,,Holicong MS,,Bucks,96.6,7th Grade
,,Holland El Sch,,Bucks,92.0,Kindergarten
,,Holland MS,,Bucks,90.9,7th Grade
,,Holy Family Regional School,,Bucks,97.1,Kindergarten
,,Holy Family Regional School,,Bucks,100.0,7th Grade
,,Holy Ghost Preparatory School,,Bucks,100.0,12th Grade
,,Holy Trinity School,,Bucks,100.0,7th Grade
,,Hoover El Sch,,Bucks,97.3,Kindergarten
,,Jamison El Sch,,Bucks,96.9,Kindergarten
,,Joseph E Ferderbar El Sch,,Bucks,93.5,Kindergarten
,,Keystone El Sch,,Bucks,98.1,Kindergarten
,,Klinger MS,,Bucks,96.9,7th Grade
,,Kutz El Sch,,Bucks,94.6,Kindergarten
,,Lenape MS,,Bucks,94.4,7th Grade
,,Linden El Sch,,Bucks,95.7,Kindergarten
,,Log College MS,,Bucks,96.2,7th Grade
,,Makefield El Sch,,Bucks,92.2,Kindergarten
,,Manor El Sch,,Bucks,91.7,Kindergarten
,,Maple Point MS,,Bucks,97.9,7th Grade
,,Maureen M Welch El Sch,,Bucks,91.4,Kindergarten
,,McDonald El Sch,,Bucks,96.5,Kindergarten
,,Mill Creek El Sch - Levittown location,,Bucks,98.0,Kindergarten
,,Mill Creek El Sch - Warrington location,,Bucks,97.2,Kindergarten
,,Miller El Sch,,Bucks,94.9,Kindergarten
,,Morrisville HS,,Bucks,98.7,7th Grade
,,Morrisville HS,,Bucks,97.9,12th Grade
,,Nativity of Our Lord School,,Bucks,95.7,Kindergarten
,,Nativity of Our Lord School,,Bucks,97.9,7th Grade
,,Neidig El Sch,,Bucks,87.7,Kindergarten
,,Neil A Armstrong MS,,Bucks,97.7,7th Grade
,,Neshaminy HS,,Bucks,98.0,12th Grade
,,New Hope-Solebury HS,,Bucks,93.3,12th Grade
,,New Hope-Solebury Lower El Sch,,Bucks,98.6,Kindergarten
,,New Hope-Solebury MS,,Bucks,96.9,7th Grade
,,Newtown El Sch,,Bucks,97.2,Kindergarten
,,Newtown Friends School,,Bucks,91.7,Kindergarten
,,Newtown Friends School,,Bucks,77.4,7th Grade
,,Newtown MS,,Bucks,97.4,7th Grade
,,Our Lady of Good Counsel,,Bucks,95.8,Kindergarten
,,Our Lady of Good Counsel,,Bucks,100.0,7th Grade
,,Our Lady of Grace School,,Bucks,85.2,Kindergarten
,,Our Lady of Mount Carmel,,Bucks,96.2,Kindergarten
,,Our Lady of Mount Carmel,,Bucks,97.1,7th Grade
,,Oxford Valley El Sch,,Bucks,95.6,Kindergarten
,,Palisades HS,,Bucks,94.7,12th Grade
,,Palisades MS,,Bucks,85.2,7th Grade
,,Patricia A Guth El Sch,,Bucks,87.8,Kindergarten
,,Pen Ryn School,,Bucks,96.2,Kindergarten
,,Pen Ryn School,,Bucks,96.4,7th Grade
,,Penn Valley El Sch,,Bucks,100.0,Kindergarten
,,Pennridge Central MS,,Bucks,97.0,7th Grade
,,Pennridge HS,,Bucks,95.3,12th Grade
,,Pennridge North MS,,Bucks,97.8,7th Grade
,,Pennridge South MS,,Bucks,98.5,7th Grade
,,Pennsbury HS,,Bucks,99.9,12th Grade
,,Pennwood MS,,Bucks,94.6,7th Grade
,,Pfaff El Sch,,Bucks,94.4,Kindergarten
,,Pine Run El Sch,,Bucks,92.0,Kindergarten
,,Plumstead Christian School,,Bucks,64.7,Kindergarten
,,Plumstead Christian School,,Bucks,92.9,7th Grade
,,Plumstead Christian School,,Bucks,93.8,12th Grade
,,Poquessing MS,,Bucks,97.0,7th Grade
,,Quakertown Community HS,,Bucks,98.1,12th Grade
,,Quakertown El Sch,,Bucks,95.7,Kindergarten
,,Quarry Hill El Sch,,Bucks,98.6,Kindergarten
,,Richboro El Sch,,Bucks,91.1,Kindergarten
,,Richland El Sch,,Bucks,100.0,Kindergarten
,,Robert K Shafer MS,,Bucks,97.7,7th Grade
,,Rolling Hills El Sch,,Bucks,89.1,Kindergarten
,,Russell C Struble El Sch,,Bucks,94.4,Kindergarten
,,Samuel K Faust El Sch,,Bucks,95.4,Kindergarten
,,Sandburg MS,,Bucks,98.4,7th Grade
,,School Lane CS,,Bucks,92.8,Kindergarten
,,School Lane CS,,Bucks,99.2,7th Grade
,,School Lane CS,,Bucks,100.0,12th Grade
,,School of Saint Jude,,Bucks,100.0,Kindergarten
,,School of Saint Jude,,Bucks,100.0,7th Grade
,,Schweitzer El Sch,,Bucks,98.8,Kindergarten
,,Sellersville El Sch,,Bucks,88.0,Kindergarten
,,Seylar El Sch,,Bucks,94.2,Kindergarten
,,Sol Feinstone El Sch,,Bucks,97.7,Kindergarten
,,Solebury School,,Bucks,97.1,12th Grade
,,Springfield El Sch,,Bucks,100.0,Kindergarten
,,St Andrew School,,Bucks,93.7,Kindergarten
,,St Andrew School,,Bucks,100.0,7th Grade
,,St Ephrem School,,Bucks,100.0,Kindergarten
,,St Ephrem School,,Bucks,100.0,7th Grade
,,St Ignatius School,,Bucks,100.0,Kindergarten
,,St Ignatius School,,Bucks,100.0,7th Grade
,,St Isidore School,,Bucks,85.0,Kindergarten
,,St Joseph-St Robert School,,Bucks,95.0,Kindergarten
,,St Katharine Drexel Regional Catholic School,,Bucks,100.0,Kindergarten
,,St Katharine Drexel Regional Catholic School,,Bucks,100.0,7th Grade
,,Strayer MS,,Bucks,96.0,7th Grade
,,Tamanend MS,,Bucks,97.6,7th Grade
,,Tawanka El Sch,,Bucks,87.3,Kindergarten
,,Tinicum El Sch,,Bucks,100.0,Kindergarten
,,Titus El Sch,,Bucks,98.4,Kindergarten
,,Tohickon MS,,Bucks,98.5,7th Grade
,,Truman SHS,,Bucks,99.0,12th Grade
,,Trumbauersville El Sch,,Bucks,94.7,Kindergarten
,,Unami MS,,Bucks,97.8,7th Grade
,,Upper Bucks Christian School,,Bucks,77.3,Kindergarten
,,Upper Bucks Christian School,,Bucks,78.3,7th Grade
,,Valley El Sch,,Bucks,96.6,Kindergarten
,,Villa Joseph Marie High School,,Bucks,100.0,12th Grade
,,Walt Disney El Sch,,Bucks,98.3,Kindergarten
,,Warren Snyder-John Girotti El Sch,,Bucks,87.8,Kindergarten
,,Warwick El Sch,,Bucks,97.4,Kindergarten
,,West Rockhill El Sch,,Bucks,100.0,Kindergarten
,,William Penn MS,,Bucks,97.6,7th Grade
,,William Tennent HS,,Bucks,98.8,12th Grade
,,Willow Dale El Sch,,Bucks,89.2,Kindergarten
,,Windmill Academy,,Bucks,90.0,Kindergarten
,,Wrightstown El Sch,,Bucks,94.9,Kindergarten
,,Broad Street El Sch,,Butler,88.2,Kindergarten
,,Butler Area IHS,,Butler,96.8,7th Grade
,,Butler Area SHS,,Butler,97.7,12th Grade
,,Center Twp Sch,,Butler,89.5,Kindergarten
,,Connoquenessing El Sch,,Butler,91.1,Kindergarten
,,Connoquenessing Valley El Sch,,Butler,91.5,Kindergarten
,,Dassa McKinney El Sch,,Butler,94.7,Kindergarten
,,Ehrman Crest El Sch,,Butler,95.3,Kindergarten
,,Emily Brittain El Sch,,Butler,91.1,Kindergarten
,,Glade Run Academy,,Butler,100.0,12th Grade
,,Goddard School,,Butler,95.7,Kindergarten
,,Haine El Sch,,Butler,96.7,Kindergarten
,,Holy Sepulcher School,,Butler,100.0,Kindergarten
,,Karns City Area El Sch,,Butler,93.5,Kindergarten
,,Karns City Jr/Sr HS,,Butler,85.7,7th Grade
,,Karns City Jr/Sr HS,,Butler,100.0,12th Grade
,,Knoch HS,,Butler,96.8,12th Grade
,,Knoch MS,,Butler,92.8,7th Grade
,,Knoch Primary Sch,,Butler,93.7,Kindergarten
,,Mars Area MS,,Butler,95.6,7th Grade
,,Mars Area Primary Ctr,,Butler,94.7,Kindergarten
,,Mars Area SHS,,Butler,97.1,12th Grade
,,Mcquistion El Sch,,Butler,96.4,Kindergarten
,,Moniteau JSHS,,Butler,97.4,7th Grade
,,Moniteau JSHS,,Butler,98.7,12th Grade
,,Moraine El Sch,,Butler,85.4,Kindergarten
,,North Catholic High School,,Butler,95.2,12th Grade
,,Northwest El Sch,,Butler,91.2,Kindergarten
,,Rowan El Sch,,Butler,90.8,Kindergarten
,,Ryan Gloyer MS,,Butler,97.4,7th Grade
,,Seneca Valley HS,,Butler,95.9,12th Grade
,,Slippery Rock Area El Sch,,Butler,86.1,Kindergarten
,,Slippery Rock Area HS,,Butler,94.4,12th Grade
,,Slippery Rock Area MS,,Butler,92.6,7th Grade
,,St Gregory School,,Butler,91.7,Kindergarten
,,St Gregory School,,Butler,98.2,7th Grade
,,St Kilian Catholic School,,Butler,100.0,Kindergarten
,,St Kilian Catholic School,,Butler,96.6,7th Grade
,,St Luke Lutheran School,,Butler,100.0,Kindergarten
,,Summit El Sch,,Butler,97.2,Kindergarten
,,Bishop Carroll High School,,Cambria,82.4,12th Grade
,,Bishop McCort High School,,Cambria,95.7,7th Grade
,,Bishop McCort High School,,Cambria,88.1,12th Grade
,,Blacklick Valley El Ctr,,Cambria,89.7,Kindergarten
,,Blacklick Valley JSHS,,Cambria,97.7,7th Grade
,,Blacklick Valley JSHS,,Cambria,93.3,12th Grade
,,Cambria El Sch,,Cambria,92.8,Kindergarten
,,Cambria Heights El Sch,,Cambria,89.7,Kindergarten
,,Cambria Heights MS,,Cambria,95.3,7th Grade
,,Cambria Heights SHS,,Cambria,98.0,12th Grade
,,Central Cambria HS,,Cambria,97.5,12th Grade
,,Central Cambria MS,,Cambria,96.5,7th Grade
,,Conemaugh Valley El Sch,,Cambria,97.9,Kindergarten
,,Conemaugh Valley JSHS,,Cambria,96.4,7th Grade
,,Conemaugh Valley JSHS,,Cambria,100.0,12th Grade
,,Ferndale Area JSHS,,Cambria,100.0,7th Grade
,,Ferndale Area JSHS,,Cambria,100.0,12th Grade
,,Ferndale El Sch,,Cambria,92.6,Kindergarten
,,Forest Hills El Sch,,Cambria,98.2,Kindergarten
,,Forest Hills JSHS,,Cambria,98.4,7th Grade
,,Forest Hills JSHS,,Cambria,97.7,12th Grade
,,Greater Johnstown El Sch,,Cambria,93.2,Kindergarten
,,Greater Johnstown MS,,Cambria,95.0,7th Grade
,,Greater Johnstown SHS,,Cambria,99.1,12th Grade
,,Holy Name School,,Cambria,100.0,Kindergarten
,,Holy Name School,,Cambria,100.0,7th Grade
,,Jackson El Sch,,Cambria,96.0,Kindergarten
,,Northern Cambria El Sch,,Cambria,97.6,Kindergarten
,,Northern Cambria HS,,Cambria,96.8,7th Grade
,,Northern Cambria HS,,Cambria,95.7,12th Grade
,,Penn Cambria HS,,Cambria,98.1,7th Grade
,,Penn Cambria HS,,Cambria,97.8,12th Grade
,,Penn Cambria Pre-Primary,,Cambria,94.8,Kindergarten
,,Portage Area El Sch,,Cambria,93.8,Kindergarten
,,Portage Area JSHS,,Cambria,100.0,7th Grade
,,Portage Area JSHS,,Cambria,91.7,12th Grade
,,Richland El Sch,,Cambria,99.1,Kindergarten
,,Richland HS,,Cambria,99.2,7th Grade
,,Richland HS,,Cambria,96.1,12th Grade
,,Westmont Hilltop El Sch,,Cambria,97.9,Kindergarten
,,Westmont Hilltop JSHS,,Cambria,98.1,7th Grade
,,Westmont Hilltop JSHS,,Cambria,98.1,12th Grade
,,Cameron County JSHS,,Cameron,93.8,7th Grade
,,Cameron County JSHS,,Cameron,97.6,12th Grade
,,Woodland El Sch,,Cameron,78.8,Kindergarten
,,Carbon Career & Technical Institute,,Carbon,100.0,12th Grade
,,Jim Thorpe Area HS,,Carbon,95.0,12th Grade
,,L B Morris El Sch,,Carbon,87.9,Kindergarten
,,L B Morris El Sch,,Carbon,96.0,7th Grade
,,Lehighton Area Elementary Center,,Carbon,98.5,Kindergarten
,,Lehighton Area HS,,Carbon,98.7,12th Grade
,,Lehighton Area MS,,Carbon,98.7,7th Grade
,,Palmerton Area HS,,Carbon,100.0,12th Grade
,,Palmerton Area JHS,,Carbon,93.9,7th Grade
,,Panther Valley El Sch,,Carbon,99.3,Kindergarten
,,Panther Valley JSHS,,Carbon,98.4,7th Grade
,,Panther Valley JSHS,,Carbon,99.0,12th Grade
,,Parkside Education Center,,Carbon,91.0,Kindergarten
,,Penn-Kidder Campus,,Carbon,97.7,Kindergarten
,,Penn-Kidder Campus,,Carbon,81.2,7th Grade
,,Towamensing El Sch,,Carbon,93.0,Kindergarten
,,Weatherly Area El Sch,,Carbon,100.0,Kindergarten
,,Weatherly Area MS,,Carbon,96.6,7th Grade
,,Weatherly Area SHS,,Carbon,94.1,12th Grade
,,Bald Eagle Area JSHS,,Centre,97.6,7th Grade
,,Bald Eagle Area JSHS,,Centre,98.4,12th Grade
,,Bellefonte Area HS,,Centre,98.4,12th Grade
,,Bellefonte Area MS,,Centre,94.2,7th Grade
,,Bellefonte El Sch,,Centre,98.5,Kindergarten
,,Benner El Sch,,Centre,96.7,Kindergarten
,,Bennett Family Center,,Centre,95.0,Kindergarten
,,Centre Hall-Potter El Sch,,Centre,90.5,Kindergarten
,,Corl Street El Sch,,Centre,97.4,Kindergarten
,,Delta HS,,Centre,97.4,12th Grade
,,Delta MS,,Centre,100.0,7th Grade
,,Easterly Parkway El Sch,,Centre,97.9,Kindergarten
,,Ferguson Twp El Sch,,Centre,97.1,Kindergarten
,,Gray's Woods El Sch,,Centre,97.5,Kindergarten
,,Marion-Walker El Sch,,Centre,98.1,Kindergarten
,,Mount Nittany El Sch,,Centre,96.1,Kindergarten
,,Mount Nittany MS,,Centre,95.9,7th Grade
,,Our Lady of Victory School,,Centre,90.9,Kindergarten
,,Our Lady of Victory School,,Centre,96.6,7th Grade
,,Park Forest El Sch,,Centre,91.1,Kindergarten
,,Park Forest MS,,Centre,93.2,7th Grade
,,Penns Valley Area El and Intrmd Sch,,Centre,97.9,Kindergarten
,,Penns Valley Area JSHS,,Centre,93.5,7th Grade
,,Penns Valley Area JSHS,,Centre,91.5,12th Grade
,,Pleasant Gap El Sch,,Centre,93.8,Kindergarten
,,Radio Park El Sch,,Centre,98.2,Kindergarten
,,Spring Creek El Sch,,Centre,97.8,Kindergarten
,,St Josephs Catholic Academy,,Centre,96.2,12th Grade
,,State College Area HS,,Centre,96.9,12th Grade
,,Wingate El Sch,,Centre,94.6,Kindergarten
,,21st Century Cyber CS,,Chester,84.4,7th Grade
,,21st Century Cyber CS,,Chester,93.7,12th Grade
,,Achievement House CS,,Chester,96.6,7th Grade
,,Achievement House CS,,Chester,95.5,12th Grade
,,Assumption BVM School,,Chester,92.3,Kindergarten
,,Assumption BVM School,,Chester,100.0,7th Grade
,,Avon Grove CS,,Chester,96.2,Kindergarten
,,Avon Grove CS,,Chester,98.0,7th Grade
,,Avon Grove CS,,Chester,97.2,12th Grade
,,Avon Grove HS,,Chester,98.4,12th Grade
,,Avon Grove MS,,Chester,98.7,7th Grade
,,Beaumont El Sch,,Chester,97.3,Kindergarten
,,Beaver Creek El Sch,,Chester,97.4,Kindergarten
,,Bishop Shanahan High School,,Chester,100.0,12th Grade
,,Bradford Hgts El Sch,,Chester,89.9,Kindergarten
,,Brandywine-Wallace El Sch,,Chester,97.3,Kindergarten
,,CFS School At Church Farm,,Chester,100.0,12th Grade
,,Caln El Sch,,Chester,73.7,Kindergarten
,,Chadds Ford El Sch,,Chester,100.0,Kindergarten
,,Charles F Patton MS,,Chester,96.4,7th Grade
,,Charlestown El Sch,,Chester,100.0,Kindergarten
,,Chester Co Technical College HS-Pickering,,Chester,93.5,12th Grade
,,Chesterbrook Academy Elem Sch,,Chester,76.2,Kindergarten
,,Christ Memorial Lutheran School,,Chester,71.4,Kindergarten
,,Coatesville Area SHS,,Chester,97.6,12th Grade
,,Collegium CS,,Chester,97.5,Kindergarten
,,Collegium CS,,Chester,96.5,7th Grade
,,Collegium CS,,Chester,97.7,12th Grade
,,Conestoga SHS,,Chester,99.3,12th Grade
,,Delaware County Christian School - Elem,,Chester,82.9,Kindergarten
,,Delaware Valley Friends School,,Chester,100.0,7th Grade
,,Delaware Valley Friends School,,Chester,100.0,12th Grade
,,Devon El Sch,,Chester,100.0,Kindergarten
,,Devon Preparatory School,,Chester,95.2,7th Grade
,,Devon Preparatory School,,Chester,100.0,12th Grade
,,Downingtown HS East Campus,,Chester,98.2,12th Grade
,,Downingtown HS West Campus,,Chester,95.9,12th Grade
,,Downingtown MS,,Chester,97.0,7th Grade
,,Downingtown STEM Academy,,Chester,98.7,12th Grade
,,E N Peirce MS,,Chester,98.6,7th Grade
,,East Bradford El Sch,,Chester,100.0,Kindergarten
,,East Coventry El Sch,,Chester,97.4,Kindergarten
,,East Fallowfield El Sch,,Chester,93.8,Kindergarten
,,East Goshen El Sch,,Chester,94.3,Kindergarten
,,East Vincent El Sch,,Chester,97.5,Kindergarten
,,East Ward El Sch,,Chester,98.1,Kindergarten
,,Exton El Sch,,Chester,97.8,Kindergarten
,,Fern Hill El Sch,,Chester,94.6,Kindergarten
,,French Creek El Sch,,Chester,88.6,Kindergarten
,,Fusion Academy - Malvern,,Chester,100.0,12th Grade
,,General Wayne El Sch,,Chester,100.0,Kindergarten
,,Glen Acres El Sch,,Chester,91.8,Kindergarten
,,Great Valley HS,,Chester,100.0,12th Grade
,,Great Valley MS,,Chester,98.0,7th Grade
,,Greystone El Sch,,Chester,96.3,Kindergarten
,,Hillendale El Sch,,Chester,88.9,Kindergarten
,,Hillsdale El Sch,,Chester,97.5,Kindergarten
,,Hillside El Sch,,Chester,96.0,Kindergarten
,,Holy Family School,,Chester,96.7,Kindergarten
,,Insight PA Cyber CS,,Chester,98.2,Kindergarten
,,Insight PA Cyber CS,,Chester,99.1,7th Grade
,,Insight PA Cyber CS,,Chester,98.9,12th Grade
,,J R Fugett MS,,Chester,99.7,7th Grade
,,Jordan Bank Sch,,Chester,96.6,Kindergarten
,,Kathryn D. Markley El Sch,,Chester,98.7,Kindergarten
,,Kennett HS,,Chester,97.8,12th Grade
,,Kennett MS,,Chester,97.8,7th Grade
,,Kimberton Waldorf School,,Chester,67.4,Kindergarten
,,Kings Highway El Sch,,Chester,94.6,Kindergarten
,,Lionville El Sch,,Chester,96.8,Kindergarten
,,Lionville MS,,Chester,99.5,7th Grade
,,Malvern Preparatory School,,Chester,100.0,7th Grade
,,Malvern Preparatory School,,Chester,100.0,12th Grade
,,Mary C Howse El Sch,,Chester,96.9,Kindergarten
,,Mary D Lang Kdg Ctr,,Chester,97.7,Kindergarten
,,Montessori Childrens House of Valley Forge,,Chester,100.0,Kindergarten
,,Montgomery School,,Chester,87.5,Kindergarten
,,Montgomery School,,Chester,94.4,7th Grade
,,New Eagle El Sch,,Chester,100.0,Kindergarten
,,North Coventry El Sch,,Chester,93.3,Kindergarten
,,Octorara Area JSHS,,Chester,96.8,12th Grade
,,Octorara Area MS,,Chester,85.5,7th Grade
,,Octorara Primary LC,,Chester,92.8,Kindergarten
,,Owen J Roberts HS,,Chester,97.1,12th Grade
,,Owen J Roberts MS,,Chester,96.0,7th Grade
,,Oxford Area HS,,Chester,100.0,12th Grade
,,Penn London El Sch,,Chester,97.6,Kindergarten
,,Penn Wood El Sch,,Chester,87.5,Kindergarten
,,Penn's Grove Sch,,Chester,96.3,7th Grade
,,Pennsylvania Leadership CS,,Chester,76.5,Kindergarten
,,Pennsylvania Leadership CS,,Chester,87.9,7th Grade
,,Pennsylvania Leadership CS,,Chester,92.5,12th Grade
,,Phelps School,,Chester,100.0,12th Grade
,,Phoenixville Area HS,,Chester,100.0,12th Grade
,,Phoenixville Area MS,,Chester,95.9,7th Grade
,,Phoenixville Early Learning Ctr,,Chester,97.2,Kindergarten
,,Pickering Valley El Sch,,Chester,95.3,Kindergarten
,,Pocopson El Sch,,Chester,100.0,Kindergarten
,,Pope John Paul II Regional Catholic Elementary School,,Chester,90.1,Kindergarten
,,Pope John Paul II Regional Catholic Elementary School,,Chester,85.7,7th Grade
,,Rainbow El Sch,,Chester,95.7,Kindergarten
,,Reeceville El Sch,,Chester,97.5,Kindergarten
,,Renaissance Academy CS,,Chester,98.0,Kindergarten
,,Renaissance Academy CS,,Chester,98.8,7th Grade
,,Renaissance Academy CS,,Chester,100.0,12th Grade
,,SS Peter and Paul School,,Chester,100.0,Kindergarten
,,SS Peter and Paul School,,Chester,96.3,7th Grade
,,SS Simon & Jude School,,Chester,94.1,Kindergarten
,,SS Simon & Jude School,,Chester,100.0,7th Grade
,,Sarah W Starkweather El Sch,,Chester,95.8,Kindergarten
,,Scott MS,,Chester,99.4,7th Grade
,,Shamona Creek El Sch,,Chester,93.4,Kindergarten
,,Springton Manor El Sch,,Chester,95.3,Kindergarten
,,St Agnes School,,Chester,100.0,Kindergarten
,,St Agnes School,,Chester,100.0,7th Grade
,,St Elizabeth Parish School,,Chester,100.0,7th Grade
,,St Joseph School,,Chester,93.3,Kindergarten
,,St Joseph School,,Chester,97.5,7th Grade
,,St Norbert School,,Chester,96.9,Kindergarten
,,St Patrick School,,Chester,97.6,Kindergarten
,,St Patrick School,,Chester,100.0,7th Grade
,,Stetson MS,,Chester,98.6,7th Grade
,,Sugartown El Sch,,Chester,98.8,Kindergarten
,,Tredyffrin-Easttown MS,,Chester,99.2,7th Grade
,,Unionville El Sch,,Chester,96.0,Kindergarten
,,Unionville HS,,Chester,97.7,12th Grade
,,Uwchlan Hills El Sch,,Chester,97.6,Kindergarten
,,Valley Forge El Sch,,Chester,98.7,Kindergarten
,,Valley Forge MS,,Chester,98.0,7th Grade
,,Villa Maria Academy,,Chester,100.0,12th Grade
,,Villa Maria Academy Lwr School,,Chester,92.6,Kindergarten
,,Villa Maria Academy Lwr School,,Chester,94.3,7th Grade
,,West Bradford El Sch,,Chester,96.8,Kindergarten
,,West Chester Bayard Rustin HS,,Chester,98.6,12th Grade
,,West Chester East HS,,Chester,98.7,12th Grade
,,West Chester Friends School,,Chester,95.0,Kindergarten
,,West Chester Henderson HS,,Chester,99.7,12th Grade
,,West Fallowfield Christian School,,Chester,71.4,Kindergarten
,,West Vincent El Sch,,Chester,98.6,Kindergarten
,,Westtown School,,Chester,87.5,Kindergarten
,,Westtown School,,Chester,93.6,7th Grade
,,Westtown School,,Chester,97.6,12th Grade
,,Westtown-Thornbury El Sch,,Chester,91.7,Kindergarten
,,Windsor Christian Academy,,Chester,75.5,Kindergarten
,,Windsor Christian Academy,,Chester,91.3,7th Grade
,,Allegheny-Clarion Valley Elem,,Clarion,97.2,Kindergarten
,,Allegheny-Clarion Valley Elem,,Clarion,97.9,7th Grade
,,Allegheny-Clarion Valley Elem,,Clarion,100.0,12th Grade
,,Clarion Area El Sch,,Clarion,95.6,Kindergarten
,,Clarion Area JSHS,,Clarion,96.6,7th Grade
,,Clarion Area JSHS,,Clarion,97.0,12th Grade
,,Clarion-Limestone Area JSHS,,Clarion,97.2,7th Grade
,,Clarion-Limestone Area JSHS,,Clarion,93.8,12th Grade
,,Clarion-Limestone El Sch,,Clarion,86.4,Kindergarten
,,Keystone El Sch,,Clarion,86.4,Kindergarten
,,Keystone JSHS,,Clarion,95.2,7th Grade
,,Keystone JSHS,,Clarion,100.0,12th Grade
,,North Clarion Co El Sch,,Clarion,97.4,Kindergarten
,,North Clarion Co JSHS,,Clarion,98.1,7th Grade
,,North Clarion Co JSHS,,Clarion,95.7,12th Grade
,,Redbank Valley HS,,Clarion,98.8,7th Grade
,,Redbank Valley HS,,Clarion,100.0,12th Grade
,,Redbank Valley Primary School,,Clarion,92.7,Kindergarten
,,Sligo El Sch,,Clarion,91.4,Kindergarten
,,Union HS,,Clarion,97.9,7th Grade
,,Union HS,,Clarion,86.1,12th Grade
,,C G Johnson El Sch,,Clearfield,95.7,Kindergarten
,,Clearfield Area El Sch,,Clearfield,95.1,Kindergarten
,,Clearfield Area JSHS,,Clearfield,95.8,7th Grade
,,Clearfield Area JSHS,,Clearfield,97.1,12th Grade
,,Curwensville Area El Sch,,Clearfield,91.9,Kindergarten
,,Curwensville Area JSHS,,Clearfield,94.3,7th Grade
,,Curwensville Area JSHS,,Clearfield,96.2,12th Grade
,,DuBois Area Catholic Elementary School,,Clearfield,91.7,Kindergarten
,,DuBois Area Catholic High School,,Clearfield,100.0,7th Grade
,,DuBois Area Catholic High School,,Clearfield,100.0,12th Grade
,,DuBois Area MS,,Clearfield,97.7,7th Grade
,,DuBois Area SHS,,Clearfield,98.0,12th Grade
,,Glendale El Sch,,Clearfield,95.3,Kindergarten
,,Glendale JSHS,,Clearfield,100.0,7th Grade
,,Glendale JSHS,,Clearfield,100.0,12th Grade
,,Juniata El Sch,,Clearfield,86.0,Kindergarten
,,Moshannon Valley El Sch,,Clearfield,88.6,Kindergarten
,,Moshannon Valley JSHS,,Clearfield,92.0,7th Grade
,,Moshannon Valley JSHS,,Clearfield,98.5,12th Grade
,,Oklahoma El Sch,,Clearfield,97.0,Kindergarten
,,Osceola Mills El Sch,,Clearfield,95.6,Kindergarten
,,Philipsburg El Sch,,Clearfield,98.5,Kindergarten
,,Philipsburg-Osceola Area HS,,Clearfield,98.0,12th Grade
,,Philipsburg-Osceola Area MS,,Clearfield,99.2,7th Grade
,,Wasson Avenue El Sch,,Clearfield,100.0,Kindergarten
,,West Branch Area El Sch,,Clearfield,92.5,Kindergarten
,,West Branch Area HS,,Clearfield,97.5,12th Grade
,,West Branch MS,,Clearfield,95.9,7th Grade
,,Bucktail HS,,Clinton,100.0,7th Grade
,,Bucktail HS,,Clinton,88.5,12th Grade
,,Central Mountain HS,,Clinton,98.8,12th Grade
,,Central Mountain MS,,Clinton,97.4,7th Grade
,,Liberty-Curtin El Sch,,Clinton,97.2,Kindergarten
,,Mill Hall El Sch,,Clinton,90.2,Kindergarten
,,Renovo El Sch,,Clinton,81.8,Kindergarten
,,Robb El Sch,,Clinton,96.3,Kindergarten
,,Sugar Valley Rural CS,,Clinton,88.6,Kindergarten
,,Sugar Valley Rural CS,,Clinton,97.3,7th Grade
,,Sugar Valley Rural CS,,Clinton,97.1,12th Grade
,,Woodward El Sch,,Clinton,96.0,Kindergarten
,,Appleman El Sch,,Columbia,81.5,Kindergarten
,,Benton Area HS,,Columbia,96.3,12th Grade
,,Benton Area MS,,Columbia,92.2,7th Grade
,,Berwick Area HS,,Columbia,98.9,12th Grade
,,Berwick Area MS,,Columbia,98.6,7th Grade
,,Bloomsburg Area HS,,Columbia,95.8,12th Grade
,,Bloomsburg Area MS,,Columbia,96.6,7th Grade
,,Central Columbia El Sch,,Columbia,93.2,Kindergarten
,,Central Columbia El Sch,,Columbia,98.2,7th Grade
,,Central Columbia El Sch,,Columbia,97.3,12th Grade
,,Central Columbia MS,,Columbia,98.2,7th Grade
,,Columbia-Montour AVTS,,Columbia,100.0,12th Grade
,,East Berwick El Sch,,Columbia,92.6,Kindergarten
,,Hartman El Ctr,,Columbia,95.9,Kindergarten
,,Memorial El Sch,,Columbia,96.9,Kindergarten
,,Millville Area El Sch,,Columbia,97.7,Kindergarten
,,Millville Area JSHS,,Columbia,100.0,7th Grade
,,Millville Area JSHS,,Columbia,100.0,12th Grade
,,Southern Columbia HS,,Columbia,96.1,12th Grade
,,Southern Columbia MS,,Columbia,96.0,7th Grade
,,W W Evans Memorial El Sch,,Columbia,88.9,Kindergarten
,,West Berwick El Sch,,Columbia,97.1,Kindergarten
,,Cambridge Springs El Sch,,Crawford,93.6,Kindergarten
,,Cambridge Springs JSHS,,Crawford,90.3,7th Grade
,,Cambridge Springs JSHS,,Crawford,94.3,12th Grade
,,Cochranton El Sch,,Crawford,88.9,Kindergarten
,,Cochranton JSHS,,Crawford,95.1,7th Grade
,,Cochranton JSHS,,Crawford,98.2,12th Grade
,,Conneaut Area MS,,Crawford,91.2,7th Grade
,,Conneaut Area Senior High,,Crawford,99.3,12th Grade
,,Conneaut Lake-Sadsbury El Sch,,Crawford,89.0,Kindergarten
,,Conneaut Valley El Sch,,Crawford,90.2,Kindergarten
,,Crawford Christian Academy,,Crawford,69.0,Kindergarten
,,First District El Sch,,Crawford,97.6,Kindergarten
,,Maplewood El Sch,,Crawford,94.7,Kindergarten
,,Maplewood JSHS,,Crawford,97.1,7th Grade
,,Maplewood JSHS,,Crawford,95.5,12th Grade
,,Meadville Area SHS,,Crawford,98.0,12th Grade
,,Meadville MS,,Crawford,97.2,7th Grade
,,Neason Hill El Sch,,Crawford,90.2,Kindergarten
,,Saegertown El Sch,,Crawford,87.9,Kindergarten
,,Saegertown JSHS,,Crawford,93.2,7th Grade
,,Saegertown JSHS,,Crawford,92.0,12th Grade
,,Second District El Sch,,Crawford,88.2,Kindergarten
,,West End El Sch,,Crawford,95.2,Kindergarten
,,Bellaire El Sch,,Cumberland,95.5,Kindergarten
,,Big Spring HS,,Cumberland,94.8,12th Grade
,,Big Spring MS,,Cumberland,93.7,7th Grade
,,Boiling Springs HS,,Cumberland,96.5,12th Grade
,,Camp Hill MS,,Cumberland,93.8,7th Grade
,,Camp Hill SHS,,Cumberland,96.5,12th Grade
,,Carlisle Area HS,,Cumberland,89.1,12th Grade
,,Childrens Garden of St Johns Lutheran Church,,Cumberland,90.9,Kindergarten
,,Crestview El Sch,,Cumberland,97.7,Kindergarten
,,Cumberland Valley HS,,Cumberland,98.5,12th Grade
,,Eagle View MS,,Cumberland,97.9,7th Grade
,,East Pennsboro Area MS,,Cumberland,95.7,7th Grade
,,East Pennsboro Area SHS,,Cumberland,94.8,12th Grade
,,East Pennsboro El Sch,,Cumberland,100.0,Kindergarten
,,Goddard School,,Cumberland,100.0,Kindergarten
,,Grace B Luhrs Univ Elem,,Cumberland,95.0,Kindergarten
,,Green Ridge El Sch,,Cumberland,96.9,Kindergarten
,,Hamilton El Sch,,Cumberland,89.2,Kindergarten
,,Hampden El Sch,,Cumberland,87.7,Kindergarten
,,Harrisburg Academy,,Cumberland,100.0,Kindergarten
,,Hoover El Sch,,Cumberland,98.6,Kindergarten
,,James Burd El Sch,,Cumberland,93.6,Kindergarten
,,Kindergarten Academy,,Cumberland,95.7,Kindergarten
,,Lamberton MS,,Cumberland,95.9,7th Grade
,,Letort El Sch,,Cumberland,97.5,Kindergarten
,,Mechanicsburg Area SHS,,Cumberland,98.2,12th Grade
,,Mechanicsburg MS,,Cumberland,95.4,7th Grade
,,Middlesex El Sch,,Cumberland,98.1,Kindergarten
,,Monroe El Sch,,Cumberland,98.8,Kindergarten
,,Mooreland El Sch,,Cumberland,90.0,Kindergarten
,,Mount Rock Elem Sch,,Cumberland,100.0,Kindergarten
,,Mountain View MS,,Cumberland,96.9,7th Grade
,,Mt Holly Springs El Sch,,Cumberland,93.8,Kindergarten
,,Nancy Grayson El Sch,,Cumberland,91.4,Kindergarten
,,Newville El Sch,,Cumberland,99.1,Kindergarten
,,North Dickinson El Sch,,Cumberland,94.7,Kindergarten
,,Oak Flat El Sch,,Cumberland,99.2,Kindergarten
,,Shaull El Sch,,Cumberland,100.0,Kindergarten
,,Shippensburg Area MS,,Cumberland,97.1,7th Grade
,,Shippensburg Area SHS,,Cumberland,95.4,12th Grade
,,Silver Spring El Sch,,Cumberland,100.0,Kindergarten
,,Sporting Hill El Sch,,Cumberland,96.4,Kindergarten
,,St Joseph School,,Cumberland,100.0,Kindergarten
,,St Joseph School,,Cumberland,100.0,7th Grade
,,St Patrick School,,Cumberland,93.3,Kindergarten
,,St Patrick School,,Cumberland,95.0,7th Grade
,,St Theresa School,,Cumberland,100.0,Kindergarten
,,St Theresa School,,Cumberland,100.0,7th Grade
,,Trinity High School,,Cumberland,99.3,12th Grade
,,W.G. Rice El Sch,,Cumberland,96.3,Kindergarten
,,West Creek Hills El Sch,,Cumberland,95.5,Kindergarten
,,West Shore Christian Academy,,Cumberland,83.3,Kindergarten
,,West Shore Christian Academy,,Cumberland,73.9,7th Grade
,,West Shore Christian Academy,,Cumberland,72.2,12th Grade
,,Wilson MS,,Cumberland,96.8,7th Grade
,,Winding Creek El Sch,,Cumberland,95.3,Kindergarten
,,Yellow Breeches MS,,Cumberland,100.0,7th Grade
,,Benjamin Franklin Sch,,Dauphin,95.1,Kindergarten
,,Bishop McDevitt High School,,Dauphin,98.4,12th Grade
,,Camp Curtin Academy,,Dauphin,89.9,7th Grade
,,Capital Area School for the Arts CS,,Dauphin,93.5,12th Grade
,,Central Dauphin East MS,,Dauphin,99.2,7th Grade
,,Central Dauphin East SHS,,Dauphin,100.0,12th Grade
,,Central Dauphin MS,,Dauphin,98.1,7th Grade
,,Central Dauphin SHS,,Dauphin,95.9,12th Grade
,,Chambers Hill El Sch,,Dauphin,97.5,Kindergarten
,,Commonwealth Charter Academy CS,,Dauphin,69.4,Kindergarten
,,Commonwealth Charter Academy CS,,Dauphin,88.8,7th Grade
,,Commonwealth Charter Academy CS,,Dauphin,92.5,12th Grade
,,Conewago El Sch,,Dauphin,92.0,Kindergarten
,,Cougar Academy,,Dauphin,96.8,7th Grade
,,Covenant Christian Academy,,Dauphin,64.3,Kindergarten
,,Dauphin County Technical School,,Dauphin,98.6,12th Grade
,,Downey Sch,,Dauphin,77.6,Kindergarten
,,E. H. Phillips El Sch,,Dauphin,96.0,Kindergarten
,,East Hanover El Sch,,Dauphin,95.1,Kindergarten
,,Fink El Sch,,Dauphin,100.0,Kindergarten
,,Foose Sch,,Dauphin,83.3,Kindergarten
,,Halifax Area El Sch,,Dauphin,93.0,Kindergarten
,,Halifax Area HS,,Dauphin,82.0,12th Grade
,,Halifax Area MS,,Dauphin,91.4,7th Grade
,,Harrisburg Catholic Elementary School,,Dauphin,88.9,Kindergarten
,,Harrisburg Catholic Elementary School,,Dauphin,80.0,7th Grade
,,Harrisburg Christian School,,Dauphin,87.5,Kindergarten
,,Harrisburg Christian School,,Dauphin,86.7,7th Grade
,,Harrisburg HS,,Dauphin,86.6,12th Grade
,,Harrisburg HS - SciTech Cmp,,Dauphin,92.1,12th Grade
,,Hershey Early Childhood Ctr,,Dauphin,95.4,Kindergarten
,,Hershey HS,,Dauphin,98.3,12th Grade
,,Hershey MS,,Dauphin,98.4,7th Grade
,,Holy Name of Jesus School,,Dauphin,95.9,Kindergarten
,,Holy Name of Jesus School,,Dauphin,100.0,7th Grade
,,Infinity CS,,Dauphin,100.0,Kindergarten
,,Infinity CS,,Dauphin,100.0,7th Grade
,,Kunkel El Sch,,Dauphin,91.1,Kindergarten
,,Lawnton El Sch,,Dauphin,100.0,Kindergarten
,,Linglestown El Sch,,Dauphin,97.1,Kindergarten
,,Linglestown MS,,Dauphin,99.2,7th Grade
,,Londonderry El Sch,,Dauphin,87.8,Kindergarten
,,Londonderry School,,Dauphin,71.4,Kindergarten
,,Lower Dauphin HS,,Dauphin,97.5,12th Grade
,,Lower Dauphin MS,,Dauphin,97.2,7th Grade
,,Marshall Math Science Academy,,Dauphin,96.7,7th Grade
,,Melrose Sch,,Dauphin,91.9,Kindergarten
,,Middle Paxton El Sch,,Dauphin,90.5,Kindergarten
,,Middletown Area HS,,Dauphin,96.4,12th Grade
,,Middletown Area MS,,Dauphin,96.2,7th Grade
,,Millersburg Area MS,,Dauphin,89.3,7th Grade
,,Millersburg Area SHS,,Dauphin,96.6,12th Grade
,,Millersburg El Sch,,Dauphin,96.6,Kindergarten
,,Milton Hershey School,,Dauphin,100.0,Kindergarten
,,Milton Hershey School,,Dauphin,100.0,7th Grade
,,Milton Hershey School,,Dauphin,100.0,12th Grade
,,Mountain View El Sch,,Dauphin,94.1,Kindergarten
,,North Side El Sch,,Dauphin,93.8,Kindergarten
,,Nye El Sch,,Dauphin,94.9,Kindergarten
,,Paxtang El Sch,,Dauphin,98.4,Kindergarten
,,Paxtonia El Sch,,Dauphin,100.0,Kindergarten
,,Reach Cyber CS,,Dauphin,66.3,Kindergarten
,,Reach Cyber CS,,Dauphin,92.8,7th Grade
,,Reach Cyber CS,,Dauphin,95.6,12th Grade
,,Robert Reid El Sch,,Dauphin,95.5,Kindergarten
,,Rutherford El Sch,,Dauphin,100.0,Kindergarten
,,Sara Lindemuth El Sch,,Dauphin,94.7,Kindergarten
,,Scott at Lincoln School,,Dauphin,85.0,Kindergarten
,,Seven Sorrows BVM School,,Dauphin,96.6,Kindergarten
,,Seven Sorrows BVM School,,Dauphin,100.0,7th Grade
,,South Hanover El Sch,,Dauphin,98.1,Kindergarten
,,St Catherine Laboure School,,Dauphin,100.0,7th Grade
,,St Joan of Arc School,,Dauphin,92.5,Kindergarten
,,St Joan of Arc School,,Dauphin,97.1,7th Grade
,,Steele School,,Dauphin,88.2,Kindergarten
,,Steelton-Highspire El Sch,,Dauphin,92.6,Kindergarten
,,Steelton-Highspire HS,,Dauphin,95.1,7th Grade
,,Steelton-Highspire HS,,Dauphin,98.3,12th Grade
,,Susquehanna Twp HS,,Dauphin,98.0,12th Grade
,,Susquehanna Twp MS,,Dauphin,97.1,7th Grade
,,Swatara MS,,Dauphin,95.5,7th Grade
,,Sylvan Heights Science CS,,Dauphin,97.8,Kindergarten
,,Tri-Community El Sch,,Dauphin,97.5,Kindergarten
,,Upper Dauphin Area El Sch,,Dauphin,94.4,Kindergarten
,,Upper Dauphin Area HS,,Dauphin,100.0,12th Grade
,,Upper Dauphin Area MS,,Dauphin,98.8,7th Grade
,,Vista School,,Dauphin,100.0,12th Grade
,,West Hanover El Sch,,Dauphin,96.6,Kindergarten
,,Academy Park HS,,Delaware,98.0,12th Grade
,,Academy of Notre Dame,,Delaware,100.0,7th Grade
,,Academy of Notre Dame,,Delaware,100.0,12th Grade
,,Agnes Irwin School,,Delaware,96.8,Kindergarten
,,Agnes Irwin School,,Delaware,100.0,7th Grade
,,Agnes Irwin School,,Delaware,100.0,12th Grade
,,Aldan El Sch,,Delaware,94.7,Kindergarten
,,Amosland El Sch,,Delaware,98.8,Kindergarten
,,Archbishop John Carroll HS,,Delaware,98.8,12th Grade
,,Ardmore Avenue Sch,,Delaware,90.0,Kindergarten
,,Aronimink El Sch,,Delaware,100.0,Kindergarten
,,Aston El Sch,,Delaware,98.1,Kindergarten
,,Bell Avenue School,,Delaware,90.6,Kindergarten
,,Benchmark School,,Delaware,97.1,7th Grade
,,Bethel Springs El Sch,,Delaware,99.0,Kindergarten
,,Beverly Hills MS,,Delaware,99.6,7th Grade
,,Blessed Virgin Mary School,,Delaware,100.0,7th Grade
,,Boothwyn El Sch,,Delaware,92.0,Kindergarten
,,Cardinal John Foley Regional Catholic,,Delaware,100.0,Kindergarten
,,Cardinal John Foley Regional Catholic,,Delaware,95.7,7th Grade
,,Cardinal Ohara High School,,Delaware,98.6,12th Grade
,,Chatham Park El Sch,,Delaware,98.6,Kindergarten
,,Chester Charter Scholars Academy CS,,Delaware,84.6,Kindergarten
,,Chester Charter Scholars Academy CS,,Delaware,100.0,7th Grade
,,Chester Charter Scholars Academy CS,,Delaware,96.0,12th Grade
,,Chester Community CS,,Delaware,71.7,Kindergarten
,,Chester Community CS,,Delaware,90.4,7th Grade
,,Chester HS,,Delaware,70.8,12th Grade
,,Chester Upland Sch of Arts,,Delaware,85.7,Kindergarten
,,Chestnutwold El Sch,,Delaware,96.8,Kindergarten
,,Chichester MS,,Delaware,99.5,7th Grade
,,Chichester SHS,,Delaware,99.1,12th Grade
,,Christian Academy,,Delaware,93.1,12th Grade
,,Coebourn El Sch,,Delaware,93.5,Kindergarten
,,Colwyn El Sch,,Delaware,100.0,Kindergarten
,,Concord El Sch,,Delaware,92.1,Kindergarten
,,Coopertown El Sch,,Delaware,96.6,Kindergarten
,,Culbertson El Sch,,Delaware,93.9,Kindergarten
,,Darby Twp Sch,,Delaware,95.3,7th Grade
,,Delaware County Christian School,,Delaware,92.1,7th Grade
,,Delaware County Christian School,,Delaware,100.0,12th Grade
,,Delaware County IU 25,,Delaware,69.6,Kindergarten
,,Delaware County IU 25,,Delaware,33.9,12th Grade
,,Delcroft Sch,,Delaware,100.0,7th Grade
,,Drexel Hill MS,,Delaware,99.3,7th Grade
,,East Lansdowne El Sch,,Delaware,86.2,Kindergarten
,,Eddystone El Sch,,Delaware,100.0,Kindergarten
,,Edgewood El Sch,,Delaware,96.8,Kindergarten
,,Edgmont Scholars Academy,,Delaware,58.8,Kindergarten
,,Edgmont Scholars Academy,,Delaware,79.7,7th Grade
,,Episcopal Academy,,Delaware,98.6,Kindergarten
,,Episcopal Academy,,Delaware,100.0,7th Grade
,,Episcopal Academy,,Delaware,100.0,12th Grade
,,Garnet Valley HS,,Delaware,96.3,12th Grade
,,Garnet Valley MS,,Delaware,97.6,7th Grade
,,Garretts Way,,Delaware,100.0,Kindergarten
,,Glenolden Sch,,Delaware,97.5,7th Grade
,,Glenwood El Sch,,Delaware,100.0,Kindergarten
,,Grace Park El Sch,,Delaware,95.9,Kindergarten
,,Harris Sch,,Delaware,0.9,7th Grade
,,Haverford MS,,Delaware,98.6,7th Grade
,,Haverford SHS,,Delaware,99.2,12th Grade
,,Hillcrest El Sch,,Delaware,100.0,Kindergarten
,,Hilltop El Sch,,Delaware,95.2,Kindergarten
,,Holy Cross School,,Delaware,64.0,Kindergarten
,,Holy Cross School,,Delaware,76.9,7th Grade
,,Holy Family Regional Catholic School,,Delaware,100.0,7th Grade
,,Indian Lane El Sch,,Delaware,98.3,Kindergarten
,,Innovate Academy,,Delaware,57.1,Kindergarten
,,Interboro SHS,,Delaware,99.3,12th Grade
,,Ithan El Sch,,Delaware,95.1,Kindergarten
,,Jack M Barrack Hebrew Academy,,Delaware,100.0,7th Grade
,,Jack M Barrack Hebrew Academy,,Delaware,100.0,12th Grade
,,Kindergarten Academy,,Delaware,96.6,Kindergarten
,,Lakeview El Sch,,Delaware,97.0,Kindergarten
,,Leedom El Sch,,Delaware,96.7,Kindergarten
,,Linwood El Sch,,Delaware,97.7,Kindergarten
,,Loomis El Sch,,Delaware,100.0,Kindergarten
,,Lynnewood El Sch,,Delaware,97.5,Kindergarten
,,Main Street Sch,,Delaware,73.9,Kindergarten
,,Manoa El Sch,,Delaware,100.0,Kindergarten
,,Marcus Hook El Sch,,Delaware,96.3,Kindergarten
,,Marple Newtown SHS,,Delaware,99.1,12th Grade
,,Media El Sch,,Delaware,100.0,Kindergarten
,,Media Providence Friends Sch,,Delaware,100.0,Kindergarten
,,Monsignor Bonner Archbishop Prendergast Catholic High School,,Delaware,99.0,12th Grade
,,Mother of Providence Regional Catholic School,,Delaware,100.0,Kindergarten
,,Nether Providence El Sch,,Delaware,100.0,Kindergarten
,,Northley MS,,Delaware,97.7,7th Grade
,,Norwood Sch,,Delaware,97.3,7th Grade
,,Our Lady of Angels Regional Catholic School,,Delaware,100.0,Kindergarten
,,Our Lady of Angels Regional Catholic School,,Delaware,100.0,7th Grade
,,Park Lane El Sch,,Delaware,92.7,Kindergarten
,,Parkside El Sch,,Delaware,97.3,Kindergarten
,,Paxon Hollow MS,,Delaware,97.6,7th Grade
,,Penn Wood HS,,Delaware,100.0,12th Grade
,,Penn Wood MS,,Delaware,97.7,7th Grade
,,Penncrest HS,,Delaware,98.8,12th Grade
,,Pennell El Sch,,Delaware,95.8,Kindergarten
,,Primos El Sch,,Delaware,94.4,Kindergarten
,,Prospect Park Sch,,Delaware,98.4,7th Grade
,,Radnor El Sch,,Delaware,97.6,Kindergarten
,,Radnor MS,,Delaware,98.6,7th Grade
,,Radnor SHS,,Delaware,99.6,12th Grade
,,Richardson MS,,Delaware,98.9,7th Grade
,,Ridley HS,,Delaware,98.2,12th Grade
,,Ridley MS,,Delaware,99.1,7th Grade
,,Rose Tree El Sch,,Delaware,91.8,Kindergarten
,,Russell El Sch,,Delaware,100.0,Kindergarten
,,STEM at Showalter,,Delaware,99.2,12th Grade
,,Sacred Heart Academy Bryn Mawr,,Delaware,100.0,12th Grade
,,Sacred Heart School,,Delaware,100.0,Kindergarten
,,School in Rose Valley,,Delaware,89.3,Kindergarten
,,Sharon Hill Sch,,Delaware,91.1,7th Grade
,,Southeast Delco Kindergarten Center,,Delaware,88.7,Kindergarten
,,Springfield HS,,Delaware,99.4,12th Grade
,,Springfield Literacy Center,,Delaware,97.0,Kindergarten
,,Springton Lake MS,,Delaware,98.9,7th Grade
,,St Aloysius Academy,,Delaware,100.0,7th Grade
,,St Anastasia School,,Delaware,98.5,Kindergarten
,,St Anastasia School,,Delaware,100.0,7th Grade
,,St Andrew School,,Delaware,100.0,Kindergarten
,,St Andrew School,,Delaware,100.0,7th Grade
,,St Bernadette School,,Delaware,97.7,Kindergarten
,,St Bernadette School,,Delaware,100.0,7th Grade
,,St Cyril Alexandria School,,Delaware,100.0,Kindergarten
,,St Cyril Alexandria School,,Delaware,100.0,7th Grade
,,St Dorothy School,,Delaware,100.0,Kindergarten
,,St Dorothy School,,Delaware,100.0,7th Grade
,,St Eugene School,,Delaware,100.0,7th Grade
,,St Francis of Assisi School,,Delaware,68.3,Kindergarten
,,St Francis of Assisi School,,Delaware,100.0,7th Grade
,,St James Regional Catholic School,,Delaware,100.0,Kindergarten
,,St James Regional Catholic School,,Delaware,100.0,7th Grade
,,St Katharine of Siena,,Delaware,88.5,Kindergarten
,,St Katharine of Siena,,Delaware,96.4,7th Grade
,,St Laurence School,,Delaware,100.0,Kindergarten
,,St Laurence School,,Delaware,100.0,7th Grade
,,St Mary Magdalen School,,Delaware,93.8,Kindergarten
,,St Mary Magdalen School,,Delaware,96.3,7th Grade
,,St Pius X School,,Delaware,98.0,Kindergarten
,,St Pius X School,,Delaware,100.0,7th Grade
,,Stetser El Sch,,Delaware,85.7,Kindergarten
,,Strath Haven HS,,Delaware,99.3,12th Grade
,,Strath Haven MS,,Delaware,100.0,7th Grade
,,Sts Colman-John Neumann,,Delaware,97.9,Kindergarten
,,Sts Colman-John Neumann,,Delaware,100.0,7th Grade
,,Sun Valley HS,,Delaware,99.6,12th Grade
,,Swarthmore-Rutledge Sch,,Delaware,98.8,Kindergarten
,,Tinicum Sch,,Delaware,95.2,7th Grade
,,Toby Farms Intermediate School,,Delaware,66.4,7th Grade
,,Upper Darby Kdg Ctr,,Delaware,95.8,Kindergarten
,,Upper Darby SHS,,Delaware,98.9,12th Grade
,,Valley Forge Military Academy,,Delaware,100.0,12th Grade
,,Vision Academy CS,,Delaware,98.6,Kindergarten
,,Vision Academy CS,,Delaware,100.0,7th Grade
,,Vision Academy CS of Excellence,,Delaware,87.5,Kindergarten
,,W B Evans Magnet Sch,,Delaware,94.8,Kindergarten
,,Walden School,,Delaware,96.2,Kindergarten
,,Wallingford El Sch,,Delaware,100.0,Kindergarten
,,Walnut Street El Sch,,Delaware,98.2,Kindergarten
,,Wayne El Sch,,Delaware,98.2,Kindergarten
,,Westbrook Park El Sch,,Delaware,94.0,Kindergarten
,,Woodlyn El Sch,,Delaware,89.5,Kindergarten
,,Worrall El Sch,,Delaware,97.9,Kindergarten
,,Elk County Catholic,,Elk,97.6,12th Grade
,,Fox Twp El Sch,,Elk,92.3,Kindergarten
,,Francis S Grandinetti El Sch,,Elk,90.4,Kindergarten
,,Johnsonburg Area El Sch,,Elk,93.3,Kindergarten
,,Johnsonburg Area HS,,Elk,100.0,7th Grade
,,Johnsonburg Area HS,,Elk,100.0,12th Grade
,,Ridgway Area HS,,Elk,98.0,12th Grade
,,Ridgway Area MS,,Elk,98.6,7th Grade
,,South St Marys Street El Sch,,Elk,95.3,Kindergarten
,,St Marys Area MS,,Elk,100.0,7th Grade
,,St Marys Area SHS,,Elk,100.0,12th Grade
,,St Marys Catholic Elem School,,Elk,92.5,Kindergarten
,,St Marys Catholic Middle School,,Elk,100.0,7th Grade
,,Asbury El Sch,,Erie,96.9,Kindergarten
,,Belle Valley El Sch,,Erie,93.0,Kindergarten
,,Cathedral Preparatory School,,Erie,96.3,12th Grade
,,Chestnut Hill El Sch,,Erie,100.0,Kindergarten
,,Clark El Sch,,Erie,95.7,Kindergarten
,,Corry Area HS,,Erie,96.5,12th Grade
,,Corry Area MS,,Erie,95.8,7th Grade
,,Corry Area Primary Sch,,Erie,99.0,Kindergarten
,,Diehl Sch,,Erie,94.0,Kindergarten
,,Dr Gertrude A Barber Center,,Erie,100.0,12th Grade
,,East MS,,Erie,99.0,7th Grade
,,Edinboro El Sch,,Erie,92.1,Kindergarten
,,Edison El Sch,,Erie,85.7,Kindergarten
,,Elk Valley El Sch,,Erie,93.0,Kindergarten
,,Erie HS,,Erie,98.3,12th Grade
,,Erie Preparatory Academy,,Erie,72.7,12th Grade
,,Fairview El Sch,,Erie,91.4,Kindergarten
,,Fairview HS,,Erie,92.0,12th Grade
,,Fairview MS,,Erie,94.8,7th Grade
,,Fort LeBoeuf MS,,Erie,97.3,7th Grade
,,Fort LeBoeuf SHS,,Erie,98.4,12th Grade
,,General McLane HS,,Erie,96.5,12th Grade
,,Girard HS,,Erie,97.7,12th Grade
,,Grandview El Sch,,Erie,91.6,Kindergarten
,,Grover Cleveland El Sch,,Erie,92.9,Kindergarten
,,Harbor Creek Junior HS,,Erie,98.1,7th Grade
,,Harbor Creek Senior HS,,Erie,98.7,12th Grade
,,Harding Sch,,Erie,93.1,Kindergarten
,,Iroquois El Sch,,Erie,93.0,Kindergarten
,,Iroquois JSHS,,Erie,92.0,7th Grade
,,Iroquois JSHS,,Erie,98.9,12th Grade
,,James S Wilson MS,,Erie,97.3,7th Grade
,,James W Parker MS,,Erie,95.1,7th Grade
,,Jefferson El Sch,,Erie,84.5,Kindergarten
,,JoAnna Connell Sch,,Erie,94.7,Kindergarten
,,Klein El Sch,,Erie,96.0,Kindergarten
,,Lincoln El Sch,,Erie,87.7,Kindergarten
,,McDowell HS,,Erie,98.4,12th Grade
,,McKean El Sch,,Erie,93.7,Kindergarten
,,McKinley El Sch,,Erie,97.7,Kindergarten
,,Mercyhurst Preparatory School,,Erie,92.8,12th Grade
,,Montessori Regional CS,,Erie,95.5,Kindergarten
,,Montessori Regional CS,,Erie,82.8,7th Grade
,,North East El Sch,,Erie,94.0,Kindergarten
,,North East HS,,Erie,99.2,12th Grade
,,North East MS,,Erie,94.1,7th Grade
,,Northwest PA Collegiate Academy,,Erie,96.8,12th Grade
,,Northwestern El Sch,,Erie,100.0,Kindergarten
,,Northwestern MS,,Erie,100.0,7th Grade
,,Northwestern SHS,,Erie,91.6,12th Grade
,,Our Lady of Peace School,,Erie,100.0,Kindergarten
,,Our Lady of Peace School,,Erie,87.8,7th Grade
,,Perry El Sch,,Erie,90.9,Kindergarten
,,Perseus House CS of Excellence,,Erie,100.0,7th Grade
,,Perseus House CS of Excellence,,Erie,100.0,12th Grade
,,Pfeiffer-Burleigh Sch,,Erie,96.0,Kindergarten
,,Rice Avenue MS,,Erie,98.1,7th Grade
,,Robert Benjamin Wiley Community CS,,Erie,86.7,Kindergarten
,,Robert Benjamin Wiley Community CS,,Erie,100.0,7th Grade
,,Robison El Sch,,Erie,92.6,Kindergarten
,,Rolling Ridge El Sch,,Erie,93.6,Kindergarten
,,Saint Jude School,,Erie,100.0,7th Grade
,,Seneca HS,,Erie,97.9,12th Grade
,,Springfield El Sch,,Erie,97.2,Kindergarten
,,St George School,,Erie,100.0,Kindergarten
,,St George School,,Erie,95.7,7th Grade
,,St James School,,Erie,100.0,Kindergarten
,,St Luke School,,Erie,92.0,Kindergarten
,,St Luke School,,Erie,92.0,7th Grade
,,Strong Vincent MS,,Erie,97.3,7th Grade
,,Tracy El Sch,,Erie,97.6,Kindergarten
,,Union City El Sch,,Erie,96.5,Kindergarten
,,Union City HS,,Erie,97.5,12th Grade
,,Union City MS,,Erie,94.6,7th Grade
,,Walnut Creek MS,,Erie,98.0,7th Grade
,,Waterford El Sch,,Erie,96.2,Kindergarten
,,Wattsburg Area El Ctr,,Erie,86.5,Kindergarten
,,Wattsburg Area MS,,Erie,91.6,7th Grade
,,Westlake MS,,Erie,95.7,7th Grade
,,Woodrow Wilson MS,,Erie,98.4,7th Grade
,,A L Wilson El Sch,,Fayette,100.0,Kindergarten
,,Albert Gallatin Area SHS,,Fayette,97.8,12th Grade
,,Albert Gallatin North MS,,Fayette,97.6,7th Grade
,,Albert Gallatin South MS,,Fayette,92.7,7th Grade
,,Ben Franklin Sch,,Fayette,90.9,Kindergarten
,,Ben Franklin Sch,,Fayette,96.8,7th Grade
,,Brownsville Area El Sch,,Fayette,95.7,Kindergarten
,,Brownsville Area HS,,Fayette,96.3,12th Grade
,,Brownsville Area MS,,Fayette,96.2,7th Grade
,,Bullskin El Sch,,Fayette,91.0,Kindergarten
,,Clark El Sch,,Fayette,93.0,Kindergarten
,,Connellsville Area MS,,Fayette,93.0,7th Grade
,,Dunbar Twp El Sch,,Fayette,96.0,Kindergarten
,,Franklin Sch,,Fayette,90.0,Kindergarten
,,Frazier El Sch,,Fayette,93.9,Kindergarten
,,Frazier HS,,Fayette,100.0,12th Grade
,,Frazier MS,,Fayette,100.0,7th Grade
,,Friendship Hill El Sch,,Fayette,84.0,Kindergarten
,,Geibel Catholic Junior-Senior High School,,Fayette,100.0,12th Grade
,,George J Plava El Sch,,Fayette,95.5,Kindergarten
,,Hatfield El Sch,,Fayette,94.7,Kindergarten
,,Hutchinson El Sch,,Fayette,93.8,Kindergarten
,,Lafayette El Sch,,Fayette,93.6,Kindergarten
,,Lafayette MS,,Fayette,93.0,7th Grade
,,Laurel Highlands MS,,Fayette,98.6,7th Grade
,,Laurel Highlands SHS,,Fayette,96.6,12th Grade
,,Marclay Sch,,Fayette,97.4,7th Grade
,,Marshall El Sch,,Fayette,95.1,Kindergarten
,,Masontown El Sch,,Fayette,93.8,Kindergarten
,,Menallen Sch,,Fayette,90.2,Kindergarten
,,Mount Moriah Christian School,,Fayette,96.4,Kindergarten
,,Smithfield El Sch,,Fayette,94.1,Kindergarten
,,Springfield El Sch,,Fayette,95.6,Kindergarten
,,Uniontown Area SHS,,Fayette,98.6,12th Grade
,,Verna Montessori School,,Fayette,82.1,Kindergarten
,,West Crawford El Sch,,Fayette,93.2,Kindergarten
,,Wharton Sch,,Fayette,96.7,Kindergarten
,,West Forest JSHS,,Forest,95.2,12th Grade
,,Benjamin Chambers El Sch,,Franklin,95.5,Kindergarten
,,Buchanan El Sch,,Franklin,100.0,Kindergarten
,,Chambersburg Area Career Magnet Sch,,Franklin,96.7,12th Grade
,,Chambersburg Area MS - South,,Franklin,99.4,7th Grade
,,Chambersburg Area SHS,,Franklin,95.5,12th Grade
,,Corpus Christi School,,Franklin,95.0,7th Grade
,,Cumberland Valley Christian School,,Franklin,85.2,7th Grade
,,Fairview Avenue El Sch,,Franklin,97.2,Kindergarten
,,Falling Spring El Sch,,Franklin,94.9,Kindergarten
,,Fannett-Metal El Sch,,Franklin,89.7,Kindergarten
,,Fannett-Metal MS,,Franklin,90.9,7th Grade
,,Fannett-Metal SHS,,Franklin,96.4,12th Grade
,,Fayetteville El Sch,,Franklin,94.6,Kindergarten
,,Grandview El Sch,,Franklin,97.7,Kindergarten
,,Greencastle-Antrim MS,,Franklin,93.5,7th Grade
,,Greencastle-Antrim Pri Sch,,Franklin,94.7,Kindergarten
,,Greencastle-Antrim SHS,,Franklin,96.9,12th Grade
,,Guilford Hills El Sch,,Franklin,87.0,Kindergarten
,,Hamilton Heights El Sch,,Franklin,92.6,Kindergarten
,,Hooverville El Sch,,Franklin,96.0,Kindergarten
,,James Buchanan HS,,Franklin,96.4,12th Grade
,,James Buchanan MS,,Franklin,91.8,7th Grade
,,Lurgan El Sch,,Franklin,95.5,Kindergarten
,,Marion El Sch,,Franklin,97.8,Kindergarten
,,Mercersburg Academy,,Franklin,100.0,12th Grade
,,Mercersburg El Sch,,Franklin,92.3,Kindergarten
,,Montgomery El Sch,,Franklin,80.0,Kindergarten
,,Mountain View El Sch,,Franklin,90.0,Kindergarten
,,Mowrey El Sch,,Franklin,96.6,Kindergarten
,,New Franklin El Sch,,Franklin,92.1,Kindergarten
,,Scotland El Sch,,Franklin,91.5,Kindergarten
,,Shalom Christian Academy,,Franklin,68.9,Kindergarten
,,Shalom Christian Academy,,Franklin,88.6,7th Grade
,,Shalom Christian Academy,,Franklin,91.2,12th Grade
,,South Hamilton El Sch,,Franklin,93.6,Kindergarten
,,St Thomas El Sch,,Franklin,92.1,Kindergarten
,,Stevens El Sch,,Franklin,92.0,Kindergarten
,,Summitview El Sch,,Franklin,97.1,Kindergarten
,,Waynesboro Area MS,,Franklin,97.5,7th Grade
,,Waynesboro Area SHS,,Franklin,97.8,12th Grade
,,Forbes Road El Sch,,Fulton,92.9,Kindergarten
,,Forbes Road JSHS,,Fulton,75.9,7th Grade
,,Forbes Road JSHS,,Fulton,84.0,12th Grade
,,McConnellsburg El Sch,,Fulton,73.8,Kindergarten
,,McConnellsburg HS,,Fulton,92.8,12th Grade
,,McConnellsburg MS,,Fulton,84.1,7th Grade
,,Southern Fulton El Sch,,Fulton,95.7,Kindergarten
,,Southern Fulton JSHS,,Fulton,90.2,7th Grade
,,Southern Fulton JSHS,,Fulton,96.2,12th Grade
,,Bobtown El Sch,,Greene,86.7,Kindergarten
,,Carmichaels Area El Ctr,,Greene,91.3,Kindergarten
,,Carmichaels Area HS,,Greene,97.0,12th Grade
,,Carmichaels Area MS,,Greene,98.4,7th Grade
,,Jefferson-Morgan El Sch,,Greene,98.0,Kindergarten
,,Jefferson-Morgan MS/HS,,Greene,95.6,7th Grade
,,Jefferson-Morgan MS/HS,,Greene,100.0,12th Grade
,,Mapletown JSHS,,Greene,80.0,7th Grade
,,Mapletown JSHS,,Greene,100.0,12th Grade
,,Waynesburg Central El School,,Greene,96.6,Kindergarten
,,Waynesburg Central JSHS,,Greene,100.0,7th Grade
,,Waynesburg Central JSHS,,Greene,98.4,12th Grade
,,West Greene El Ctr,,Greene,89.2,Kindergarten
,,West Greene Middle-Senior HS,,Greene,91.8,7th Grade
,,West Greene Middle-Senior HS,,Greene,100.0,12th Grade
,,Huntingdon Area MS,,Huntingdon,100.0,7th Grade
,,Huntingdon Area SHS,,Huntingdon,99.3,12th Grade
,,Juniata Valley El Sch,,Huntingdon,95.2,Kindergarten
,,Juniata Valley JSHS,,Huntingdon,95.0,7th Grade
,,Juniata Valley JSHS,,Huntingdon,96.2,12th Grade
,,Mount Union Area JHS,,Huntingdon,94.3,7th Grade
,,Mount Union Area SHS,,Huntingdon,97.5,12th Grade
,,Mount Union-Kistler El Sch,,Huntingdon,90.6,Kindergarten
,,New Day CS,,Huntingdon,100.0,7th Grade
,,New Day CS,,Huntingdon,100.0,12th Grade
,,Rockhill El Sch,,Huntingdon,92.6,Kindergarten
,,Southern Huntingdon Co HS/MS,,Huntingdon,98.8,7th Grade
,,Southern Huntingdon Co HS/MS,,Huntingdon,100.0,12th Grade
,,Southside El Sch,,Huntingdon,95.3,Kindergarten
,,Spring Farms El Sch,,Huntingdon,86.2,Kindergarten
,,Standing Stone El Sch,,Huntingdon,98.4,Kindergarten
,,Ben Franklin El Sch,,Indiana,94.5,Kindergarten
,,Blairsville El Sch,,Indiana,93.2,Kindergarten
,,East Pike El Sch,,Indiana,91.2,Kindergarten
,,Homer-Center El Sch,,Indiana,93.5,Kindergarten
,,Homer-Center JSHS,,Indiana,96.2,7th Grade
,,Homer-Center JSHS,,Indiana,97.6,12th Grade
,,Indiana Area JHS,,Indiana,92.6,7th Grade
,,Indiana Area SHS,,Indiana,96.0,12th Grade
,,Marion Center Area JR/SR HS,,Indiana,96.1,7th Grade
,,Marion Center Area JR/SR HS,,Indiana,95.7,12th Grade
,,Penns Manor Area El Sch,,Indiana,83.7,Kindergarten
,,Penns Manor Area JSHS,,Indiana,90.7,7th Grade
,,Penns Manor Area JSHS,,Indiana,96.2,12th Grade
,,Purchase Line El Sch,,Indiana,91.1,Kindergarten
,,Purchase Line JSHS,,Indiana,95.2,7th Grade
,,Purchase Line JSHS,,Indiana,96.7,12th Grade
,,Rayne El Sch,,Indiana,90.5,Kindergarten
,,River Valley HS,,Indiana,99.1,12th Grade
,,River Valley MS,,Indiana,96.7,7th Grade
,,Saltsburg El Sch,,Indiana,84.2,Kindergarten
,,United El Sch,,Indiana,90.4,Kindergarten
,,United JSHS,,Indiana,93.8,7th Grade
,,United JSHS,,Indiana,93.0,12th Grade
,,Brockway Area Elementary Sch,,Jefferson,94.3,Kindergarten
,,Brockway Area JSHS,,Jefferson,100.0,7th Grade
,,Brockway Area JSHS,,Jefferson,100.0,12th Grade
,,Brookville JSHS,,Jefferson,93.0,7th Grade
,,Brookville JSHS,,Jefferson,95.7,12th Grade
,,Jefferson County-DuBois AVTS,,Jefferson,97.6,12th Grade
,,Northside El Sch,,Jefferson,91.4,Kindergarten
,,Punxsutawney Area El Sch,,Jefferson,97.4,Kindergarten
,,Punxsutawney Area HS,,Jefferson,96.6,7th Grade
,,Punxsutawney Area HS,,Jefferson,96.3,12th Grade
,,East Juniata El Sch,,Juniata,88.2,Kindergarten
,,East Juniata JSHS,,Juniata,95.0,7th Grade
,,East Juniata JSHS,,Juniata,95.7,12th Grade
,,Juniata El Sch,,Juniata,91.5,Kindergarten
,,Juniata SHS,,Juniata,95.0,12th Grade
,,Tuscarora MS,,Juniata,93.9,7th Grade
,,Abington Heights HS,,Lackawanna,97.9,12th Grade
,,Abington Heights MS,,Lackawanna,94.7,7th Grade
,,Carbondale Area JSHS,,Lackawanna,100.0,7th Grade
,,Carbondale Area JSHS,,Lackawanna,100.0,12th Grade
,,Carbondale El Sch,,Lackawanna,95.8,Kindergarten
,,Charles Sumner #18,,Lackawanna,98.2,Kindergarten
,,Clarks Summit El Sch,,Lackawanna,94.0,Kindergarten
,,Dunmore El Ctr,,Lackawanna,97.8,Kindergarten
,,Dunmore JSHS,,Lackawanna,98.0,7th Grade
,,Dunmore JSHS,,Lackawanna,97.6,12th Grade
,,Frances Willard #32,,Lackawanna,98.7,Kindergarten
,,Holy Cross High School Dunmore Campus,,Lackawanna,100.0,12th Grade
,,Isaac Tripp El Sch,,Lackawanna,96.9,Kindergarten
,,Jefferson El Sch,,Lackawanna,85.1,Kindergarten
,,John Adams #4,,Lackawanna,98.2,Kindergarten
,,John F. Kennedy #7,,Lackawanna,98.5,Kindergarten
,,John G Whittier #2,,Lackawanna,100.0,Kindergarten
,,LaSalle Academy Jessup,,Lackawanna,95.7,Kindergarten
,,LaSalle Academy Jessup,,Lackawanna,100.0,7th Grade
,,Lakeland El Sch - Mayfield Campus,,Lackawanna,97.7,Kindergarten
,,Lakeland El Sch - Scott Campus,,Lackawanna,96.7,Kindergarten
,,Lakeland JSHS,,Lackawanna,99.0,7th Grade
,,Lakeland JSHS,,Lackawanna,98.2,12th Grade
,,McNichols Plaza,,Lackawanna,98.6,Kindergarten
,,Mid Valley El Ctr,,Lackawanna,98.3,Kindergarten
,,Mid Valley Secondary Center,,Lackawanna,99.4,7th Grade
,,Mid Valley Secondary Center,,Lackawanna,100.0,12th Grade
,,Moscow El Sch,,Lackawanna,91.9,Kindergarten
,,Neil Armstrong #40,,Lackawanna,98.5,Kindergarten
,,Newton-Ransom Sch,,Lackawanna,91.7,Kindergarten
,,North Pocono HS,,Lackawanna,96.1,12th Grade
,,North Pocono MS,,Lackawanna,95.1,7th Grade
,,Northeast Intrmd Sch,,Lackawanna,99.0,7th Grade
,,Northeastern Educational IU 19,,Lackawanna,97.6,12th Grade
,,Old Forge El Sch,,Lackawanna,94.0,Kindergarten
,,Old Forge JSHS,,Lackawanna,100.0,7th Grade
,,Old Forge JSHS,,Lackawanna,100.0,12th Grade
,,Our Lady of Peace School,,Lackawanna,89.4,Kindergarten
,,Our Lady of Peace School,,Lackawanna,100.0,7th Grade
,,Riverside El Sch West,,Lackawanna,99.1,Kindergarten
,,Riverside JSHS,,Lackawanna,100.0,7th Grade
,,Riverside JSHS,,Lackawanna,100.0,12th Grade
,,Robert Morris #27,,Lackawanna,94.1,Kindergarten
,,Scranton HS,,Lackawanna,98.3,7th Grade
,,Scranton HS,,Lackawanna,98.9,12th Grade
,,Scranton Preparatory School,,Lackawanna,100.0,12th Grade
,,South Abington Sch,,Lackawanna,93.9,Kindergarten
,,South Scranton Intrmd Sch,,Lackawanna,97.6,7th Grade
,,St Paul St Clare School St Clare Campus,,Lackawanna,100.0,Kindergarten
,,St Paul St Clare School St Paul Campus,,Lackawanna,100.0,7th Grade
,,Valley View El Ctr,,Lackawanna,98.3,Kindergarten
,,Valley View HS,,Lackawanna,98.8,12th Grade
,,Valley View MS,,Lackawanna,99.0,7th Grade
,,Waverly Sch,,Lackawanna,100.0,Kindergarten
,,West Scranton HS,,Lackawanna,99.2,12th Grade
,,West Scranton Intrmd Sch,,Lackawanna,99.5,7th Grade
,,William Prescott #38,,Lackawanna,96.6,Kindergarten
,,Adamstown El Sch,,Lancaster,88.1,Kindergarten
,,Akron El Sch,,Lancaster,91.5,Kindergarten
,,Anchor Christian Academy,,Lancaster,87.5,7th Grade
,,Bainbridge El Sch,,Lancaster,88.3,Kindergarten
,,Baron EL Sch,,Lancaster,86.4,Kindergarten
,,Bart-Colerain El Sch,,Lancaster,76.2,Kindergarten
,,Blue Ball El Sch,,Lancaster,86.0,Kindergarten
,,Brecht Sch,,Lancaster,93.3,Kindergarten
,,Brecknock El Sch,,Lancaster,80.6,Kindergarten
,,Brownstown El Sch,,Lancaster,96.4,Kindergarten
,,Bucher Sch,,Lancaster,95.7,Kindergarten
,,Burrowes El Sch,,Lancaster,98.0,Kindergarten
,,Carter and MacRae El Sch,,Lancaster,98.0,Kindergarten
,,Catalyst Christian School,,Lancaster,66.7,Kindergarten
,,Catalyst Christian School,,Lancaster,76.2,7th Grade
,,Centerville El Sch,,Lancaster,98.3,Kindergarten
,,Centerville MS,,Lancaster,94.6,7th Grade
,,Central Manor El Sch,,Lancaster,89.8,Kindergarten
,,Clay El Sch,,Lancaster,79.7,Kindergarten
,,Clermont El Sch,,Lancaster,91.8,Kindergarten
,,Cocalico MS,,Lancaster,84.4,7th Grade
,,Cocalico SHS,,Lancaster,90.3,12th Grade
,,Columbia HS,,Lancaster,98.8,12th Grade
,,Columbia MS Hill Campus,,Lancaster,100.0,7th Grade
,,Conestoga Christian School,,Lancaster,65.7,Kindergarten
,,Conestoga Christian School,,Lancaster,96.0,12th Grade
,,Conestoga El Sch,,Lancaster,90.2,Kindergarten
,,Conestoga Valley SHS,,Lancaster,95.5,12th Grade
,,Dayspring Christian Academy,,Lancaster,76.0,Kindergarten
,,Dayspring Christian Academy,,Lancaster,58.3,7th Grade
,,Dayspring Christian Academy,,Lancaster,48.1,12th Grade
,,Denver El Sch,,Lancaster,71.8,Kindergarten
,,Doe Run El Sch,,Lancaster,75.2,Kindergarten
,,Donegal HS,,Lancaster,97.9,12th Grade
,,Donegal JHS,,Lancaster,96.7,7th Grade
,,Donegal Primary School,,Lancaster,90.0,Kindergarten
,,East High Street El Sch,,Lancaster,96.8,Kindergarten
,,East Petersburg El Sch,,Lancaster,91.1,Kindergarten
,,Elizabethtown Area MS,,Lancaster,94.3,7th Grade
,,Elizabethtown Area SHS,,Lancaster,97.4,12th Grade
,,Ephrata MS,,Lancaster,91.0,7th Grade
,,Ephrata Mennonite School,,Lancaster,33.3,Kindergarten
,,Ephrata Mennonite School,,Lancaster,84.4,7th Grade
,,Ephrata Mennonite School,,Lancaster,95.8,12th Grade
,,Ephrata SHS,,Lancaster,96.1,12th Grade
,,Eshleman El Sch,,Lancaster,88.9,Kindergarten
,,Faith Mennonite High School,,Lancaster,50.0,12th Grade
,,Farmdale El Sch,,Lancaster,97.6,Kindergarten
,,Fritz El Sch,,Lancaster,94.7,Kindergarten
,,Fulton El Sch - Ephrata location,,Lancaster,90.8,Kindergarten
,,Fulton El Sch - Lancaster location,,Lancaster,95.8,Kindergarten
,,Garden Spot MS,,Lancaster,87.2,7th Grade
,,Garden Spot SHS,,Lancaster,96.0,12th Grade
,,Gehmans Mennonite School,,Lancaster,38.1,Kindergarten
,,Gehmans Mennonite School,,Lancaster,82.6,7th Grade
,,Gerald G Huesken MS,,Lancaster,93.5,7th Grade
,,Hambright El Sch,,Lancaster,95.8,Kindergarten
,,Hamilton El Sch,,Lancaster,96.6,Kindergarten
,,Hempfield SHS,,Lancaster,97.1,12th Grade
,,Highland El Sch,,Lancaster,94.7,Kindergarten
,,Hinkletown Mennonite School,,Lancaster,70.0,Kindergarten
,,Jackson MS,,Lancaster,98.3,7th Grade
,,John Beck El Sch,,Lancaster,88.1,Kindergarten
,,John R Bonfield El Sch,,Lancaster,89.8,Kindergarten
,,King El Sch,,Lancaster,92.9,Kindergarten
,,Kissel Hill El Sch,,Lancaster,89.6,Kindergarten
,,Kraybill Mennonite School,,Lancaster,76.9,Kindergarten
,,La Academia Partnership CS,,Lancaster,100.0,7th Grade
,,La Academia Partnership CS,,Lancaster,100.0,12th Grade
,,Lafayette El Sch,,Lancaster,95.2,Kindergarten
,,Lampeter-Strasburg Early Childhood Center,,Lancaster,85.3,Kindergarten
,,Lampeter-Strasburg SHS,,Lancaster,93.8,12th Grade
,,Lancaster Catholic High School,,Lancaster,94.9,12th Grade
,,Lancaster Country Day School,,Lancaster,91.7,Kindergarten
,,Lancaster Country Day School,,Lancaster,91.5,7th Grade
,,Lancaster Country Day School,,Lancaster,98.1,12th Grade
,,Lancaster County Christian School,,Lancaster,67.5,Kindergarten
,,Lancaster County Christian School,,Lancaster,87.1,7th Grade
,,Lancaster County Christian School,,Lancaster,100.0,12th Grade
,,Lancaster Mennonite School Lancaster Campus,,Lancaster,92.3,Kindergarten
,,Lancaster Mennonite School Lancaster Campus,,Lancaster,89.3,7th Grade
,,Lancaster Mennonite School Lancaster Campus,,Lancaster,83.3,12th Grade
,,Lancaster-Lebanon IU 13,,Lancaster,96.6,12th Grade
,,Landisville MS,,Lancaster,98.0,7th Grade
,,Landisville Pri Ctr,,Lancaster,96.5,Kindergarten
,,Leola El Sch,,Lancaster,94.4,Kindergarten
,,Letort El Sch,,Lancaster,94.1,Kindergarten
,,Lincoln MS,,Lancaster,100.0,7th Grade
,,Linville Hill Christian High School,,Lancaster,59.3,7th Grade
,,Linville Hill Christian High School,,Lancaster,75.9,12th Grade
,,Linville Hill Christian School,,Lancaster,35.5,Kindergarten
,,Lititz El Sch,,Lancaster,93.1,Kindergarten
,,Manheim Central MS,,Lancaster,94.8,7th Grade
,,Manheim Central SHS,,Lancaster,91.4,12th Grade
,,Manheim Christian Day School,,Lancaster,58.6,Kindergarten
,,Manheim Twp HS,,Lancaster,97.0,12th Grade
,,Manheim Twp MS,,Lancaster,95.8,7th Grade
,,Manor Middle School,,Lancaster,96.4,7th Grade
,,Martic El Sch,,Lancaster,90.5,Kindergarten
,,Marticville MS,,Lancaster,90.8,7th Grade
,,Martin Meylin MS,,Lancaster,92.7,7th Grade
,,Martin School,,Lancaster,95.5,Kindergarten
,,Martin School,,Lancaster,100.0,7th Grade
,,McCaskey Campus,,Lancaster,97.9,12th Grade
,,Montessori Academy of Lancaster,,Lancaster,93.3,Kindergarten
,,Mount Calvary Christian School,,Lancaster,72.7,Kindergarten
,,Mount Calvary Christian School,,Lancaster,91.0,7th Grade
,,Mount Calvary Christian School,,Lancaster,93.0,12th Grade
,,Mountville El Sch,,Lancaster,100.0,Kindergarten
,,Neff Sch,,Lancaster,98.1,Kindergarten
,,New Holland Elementary,,Lancaster,83.9,Kindergarten
,,New Story,,Lancaster,90.5,7th Grade
,,Nitrauer Sch,,Lancaster,91.3,Kindergarten
,,Our Mother Perpetual Help,,Lancaster,81.8,Kindergarten
,,Paradise El Sch,,Lancaster,84.6,Kindergarten
,,Park El Sch,,Lancaster,98.9,Kindergarten
,,Penn Manor HS,,Lancaster,96.7,12th Grade
,,Pequea El Sch,,Lancaster,84.8,Kindergarten
,,Pequea Valley Secondary Sch,,Lancaster,83.2,7th Grade
,,Pequea Valley Secondary Sch,,Lancaster,91.1,12th Grade
,,Phoenix Academy,,Lancaster,100.0,12th Grade
,,Price El Sch,,Lancaster,100.0,Kindergarten
,,Providence El Sch,,Lancaster,87.7,Kindergarten
,,Quarryville El Sch,,Lancaster,83.6,Kindergarten
,,Reamstown El Sch,,Lancaster,85.5,Kindergarten
,,Reidenbaugh El Sch,,Lancaster,95.7,Kindergarten
,,Reynolds MS,,Lancaster,95.0,7th Grade
,,Rohrerstown El Sch,,Lancaster,95.7,Kindergarten
,,Ross El Sch,,Lancaster,94.9,Kindergarten
,,Sacred Heart of Jesus School,,Lancaster,87.5,7th Grade
,,Salisbury El Sch,,Lancaster,91.7,Kindergarten
,,Schaeffer Sch,,Lancaster,92.4,Kindergarten
,,Shalom Mennonite School,,Lancaster,57.1,Kindergarten
,,Shalom Mennonite School,,Lancaster,70.8,7th Grade
,,Smith MS,,Lancaster,94.7,7th Grade
,,Smith-Wade-El El Sch,,Lancaster,98.5,Kindergarten
,,Smoketown El Sch,,Lancaster,89.7,Kindergarten
,,Solanco HS,,Lancaster,92.2,12th Grade
,,St John Neumann Catholic School,,Lancaster,90.5,Kindergarten
,,St John Neumann Catholic School,,Lancaster,100.0,7th Grade
,,St Leo the Great School,,Lancaster,95.3,Kindergarten
,,St Leo the Great School,,Lancaster,96.7,7th Grade
,,Swift MS,,Lancaster,94.7,7th Grade
,,Terre Hill Mennonite High Sch,,Lancaster,88.0,12th Grade
,,Veritas Academy,,Lancaster,76.5,Kindergarten
,,Veritas Academy,,Lancaster,82.8,7th Grade
,,Warwick MS,,Lancaster,92.8,7th Grade
,,Warwick SHS,,Lancaster,94.3,12th Grade
,,Washington El Sch,,Lancaster,97.1,Kindergarten
,,Weavertown Mennonite School,,Lancaster,26.1,Kindergarten
,,Wharton El Sch,,Lancaster,94.9,Kindergarten
,,Wheatland MS,,Lancaster,96.4,7th Grade
,,Wickersham El Sch,,Lancaster,96.6,Kindergarten
,,Harry W Lockley Early Learning Center,,Lawrence,95.4,Kindergarten
,,Laurel El Sch,,Lawrence,92.3,Kindergarten
,,Laurel HS,,Lawrence,97.4,7th Grade
,,Laurel MS,,Lawrence,97.7,12th Grade
,,Lawrence County CTC,,Lawrence,100.0,12th Grade
,,Lincoln JSHS,,Lawrence,98.3,7th Grade
,,Lincoln JSHS,,Lawrence,97.2,12th Grade
,,Mohawk El Sch,,Lawrence,86.2,Kindergarten
,,Mohawk JHS,,Lawrence,96.4,7th Grade
,,Mohawk SHS,,Lawrence,98.0,12th Grade
,,Neshannock JSHS,,Lawrence,95.3,7th Grade
,,Neshannock JSHS,,Lawrence,95.1,12th Grade
,,Neshannock Memorial El Sch,,Lawrence,96.9,Kindergarten
,,New Castle Christian Academy,,Lawrence,100.0,Kindergarten
,,New Castle JHS,,Lawrence,97.2,7th Grade
,,New Castle SHS,,Lawrence,98.8,12th Grade
,,North Side Primary School,,Lawrence,94.4,Kindergarten
,,Shenango El Sch,,Lawrence,93.8,Kindergarten
,,Shenango HS,,Lawrence,96.2,7th Grade
,,Shenango HS,,Lawrence,100.0,12th Grade
,,Union Area HS,,Lawrence,100.0,12th Grade
,,Union Area MS,,Lawrence,93.0,7th Grade
,,Union Memorial El Sch,,Lawrence,96.0,Kindergarten
,,Wilmington Area El Sch,,Lawrence,92.3,Kindergarten
,,Wilmington Area JSHS,,Lawrence,92.0,7th Grade
,,Wilmington Area JSHS,,Lawrence,95.1,12th Grade
,,Annville Cleona HS,,Lebanon,97.6,12th Grade
,,Annville-Cleona MS,,Lebanon,100.0,7th Grade
,,Cedar Crest HS,,Lebanon,96.4,12th Grade
,,Cedar Crest MS,,Lebanon,95.4,7th Grade
,,Cleona El Sch,,Lebanon,94.7,Kindergarten
,,Cornwall El Sch,,Lebanon,94.6,Kindergarten
,,Eastern Lebanon Co MS,,Lebanon,92.2,7th Grade
,,Eastern Lebanon Co SHS,,Lebanon,90.8,12th Grade
,,Ebenezer El Sch,,Lebanon,95.8,Kindergarten
,,Fort Zeller El Sch,,Lebanon,85.7,Kindergarten
,,Harding El Sch,,Lebanon,94.7,Kindergarten
,,Houck El Sch,,Lebanon,98.0,Kindergarten
,,Jackson El Sch,,Lebanon,88.6,Kindergarten
,,Lebanon SHS,,Lebanon,99.3,12th Grade
,,Lingle Avenue El Sch,,Lebanon,92.7,Kindergarten
,,New Covenant Christian School,,Lebanon,80.0,Kindergarten
,,Northern Lebanon El Sch,,Lebanon,80.1,Kindergarten
,,Northern Lebanon SHS,,Lebanon,92.5,7th Grade
,,Northern Lebanon SHS,,Lebanon,93.7,12th Grade
,,Northwest El Sch,,Lebanon,98.9,Kindergarten
,,Palmyra Area MS,,Lebanon,92.8,7th Grade
,,Palmyra Area SHS,,Lebanon,95.8,12th Grade
,,Schaefferstown Mennonite High School,,Lebanon,76.2,12th Grade
,,South Lebanon El Sch,,Lebanon,95.9,Kindergarten
,,Southeast El Sch,,Lebanon,98.6,Kindergarten
,,Southwest El Sch,,Lebanon,100.0,Kindergarten
,,Union Canal El Sch,,Lebanon,98.4,Kindergarten
,,Alburtis El Sch,,Lehigh,96.0,Kindergarten
,,Allentown Central Catholic HS,,Lehigh,97.5,12th Grade
,,Arts Academy CS,,Lehigh,96.4,7th Grade
,,Arts Academy Elementary CS,,Lehigh,93.5,Kindergarten
,,Bridgeview Academy of Health Science Innovation and Tech,,Lehigh,98.7,12th Grade
,,Brigadier General Anna Mae Hays El Sch,,Lehigh,99.3,Kindergarten
,,Catasauqua MS,,Lehigh,96.5,7th Grade
,,Catasauqua SHS,,Lehigh,96.0,12th Grade
,,Central El Sch,,Lehigh,99.0,Kindergarten
,,Circle of Seasons CS,,Lehigh,84.8,Kindergarten
,,Circle of Seasons CS,,Lehigh,88.4,7th Grade
,,Clarence M Gockley El Sch,,Lehigh,96.0,Kindergarten
,,Emmaus HS,,Lehigh,97.8,12th Grade
,,Executive Education Academy CS,,Lehigh,95.0,Kindergarten
,,Executive Education Academy CS,,Lehigh,99.4,7th Grade
,,Executive Education Academy CS,,Lehigh,98.2,12th Grade
,,Eyer MS,,Lehigh,92.7,7th Grade
,,Fogelsville Sch,,Lehigh,100.0,Kindergarten
,,Francis D Raub MS,,Lehigh,97.8,7th Grade
,,Francis H Sheckler El Sch,,Lehigh,98.1,Kindergarten
,,Fred J. Jaindl El Sch,,Lehigh,94.3,Kindergarten
,,Harrison-Morton MS,,Lehigh,99.2,7th Grade
,,Hiram W Dodd El Sch,,Lehigh,93.5,Kindergarten
,,Hopewell El Sch,,Lehigh,93.8,Kindergarten
,,Innovative Arts Academy CS,,Lehigh,96.7,7th Grade
,,Innovative Arts Academy CS,,Lehigh,95.6,12th Grade
,,Ironton Sch,,Lehigh,95.9,Kindergarten
,,Jackson Early Childhood Center,,Lehigh,98.2,Kindergarten
,,Jefferson El Sch - Allentown location,,Lehigh,96.4,Kindergarten
,,Jefferson El Sch - Emmaus location,,Lehigh,100.0,Kindergarten
,,Kernsville Sch,,Lehigh,98.6,Kindergarten
,,Kidspeace National Centers,,Lehigh,95.2,7th Grade
,,Kratzer Sch,,Lehigh,96.4,Kindergarten
,,Lehigh Christian Academy,,Lehigh,81.0,Kindergarten
,,Lehigh Christian Academy,,Lehigh,82.6,7th Grade
,,Lehigh Parkway El Sch,,Lehigh,94.2,Kindergarten
,,Liberty Bell El Sch,,Lehigh,83.0,Kindergarten
,,Lincoln El Sch,,Lehigh,98.4,Kindergarten
,,Lincoln Leadership Academy CS,,Lehigh,94.3,Kindergarten
,,Lincoln Leadership Academy CS,,Lehigh,92.9,7th Grade
,,Lincoln Leadership Academy CS,,Lehigh,97.0,12th Grade
,,Louis E Dieruff HS,,Lehigh,99.4,12th Grade
,,Lower Macungie MS,,Lehigh,98.1,7th Grade
,,Luis A. Ramos El Sch,,Lehigh,96.4,Kindergarten
,,Macungie El Sch,,Lehigh,97.0,Kindergarten
,,Manarah Islamic Academy,,Lehigh,90.9,Kindergarten
,,Moravian Academy - Swain Campus,,Lehigh,96.4,7th Grade
,,Mosser El Sch,,Lehigh,94.4,Kindergarten
,,Muhlenberg El Sch,,Lehigh,100.0,Kindergarten
,,Northern Lehigh MS,,Lehigh,96.9,7th Grade
,,Northern Lehigh SHS,,Lehigh,89.1,12th Grade
,,Northwestern Lehigh El Sch,,Lehigh,97.1,Kindergarten
,,Northwestern Lehigh HS,,Lehigh,97.6,12th Grade
,,Northwestern Lehigh MS,,Lehigh,93.0,7th Grade
,,Notre Dame of Bethlehem School,,Lehigh,100.0,Kindergarten
,,Notre Dame of Bethlehem School,,Lehigh,97.7,7th Grade
,,Orefield MS,,Lehigh,98.4,7th Grade
,,Parkland HS,,Lehigh,98.0,12th Grade
,,Parkway Manor Sch,,Lehigh,94.2,Kindergarten
,,Peters El Sch,,Lehigh,90.4,Kindergarten
,,Ritter El Sch,,Lehigh,97.5,Kindergarten
,,Roberto Clemente CS,,Lehigh,95.7,Kindergarten
,,Roberto Clemente CS,,Lehigh,100.0,7th Grade
,,Roberto Clemente CS,,Lehigh,100.0,12th Grade
,,Roosevelt El Sch,,Lehigh,97.8,Kindergarten
,,Ruby Bridge Childhood Center,,Lehigh,97.4,Kindergarten
,,Salisbury El Sch,,Lehigh,98.1,Kindergarten
,,Salisbury MS,,Lehigh,99.1,7th Grade
,,Salisbury SHS,,Lehigh,98.0,12th Grade
,,Schnecksville Sch,,Lehigh,95.7,Kindergarten
,,Seven Generations CS,,Lehigh,85.0,Kindergarten
,,Seven Generations CS,,Lehigh,92.7,7th Grade
,,Shoemaker El Sch,,Lehigh,98.5,Kindergarten
,,Sonia Sotomayor Dual Lang Immersion Academy,,Lehigh,94.7,Kindergarten
,,South Mountain MS,,Lehigh,100.0,7th Grade
,,Southern Lehigh MS,,Lehigh,94.5,7th Grade
,,Southern Lehigh SHS,,Lehigh,96.6,12th Grade
,,Springhouse MS,,Lehigh,98.8,7th Grade
,,St Ann School,,Lehigh,92.3,Kindergarten
,,St Ann School,,Lehigh,100.0,7th Grade
,,St Elizabeth Regional School,,Lehigh,95.0,Kindergarten
,,St John Vianney Regional School,,Lehigh,95.5,Kindergarten
,,St John Vianney Regional School,,Lehigh,100.0,7th Grade
,,St Joseph the Worker-Orefield,,Lehigh,92.3,Kindergarten
,,St Joseph the Worker-Orefield,,Lehigh,96.9,7th Grade
,,St Michael the Archangel Lwr,,Lehigh,94.8,Kindergarten
,,St Thomas More School,,Lehigh,93.6,Kindergarten
,,St Thomas More School,,Lehigh,100.0,7th Grade
,,Trexler MS,,Lehigh,97.9,7th Grade
,,Union Terrace El Sch,,Lehigh,93.5,Kindergarten
,,Veterans Memorial El Sch,,Lehigh,95.7,Kindergarten
,,Weisenberg El Sch,,Lehigh,89.9,Kindergarten
,,Wescosville El Sch,,Lehigh,98.7,Kindergarten
,,Whitehall HS,,Lehigh,98.4,12th Grade
,,Whitehall-Coplay MS,,Lehigh,97.8,7th Grade
,,William Allen HS,,Lehigh,99.4,12th Grade
,,Willow Lane El Sch,,Lehigh,99.1,Kindergarten
,,Arthur Street El Sch,,Luzerne,96.8,Kindergarten
,,Bear Creek Community CS,,Luzerne,94.7,Kindergarten
,,Bear Creek Community CS,,Luzerne,96.2,7th Grade
,,Cheder Menachem Schuyler Ave,,Luzerne,75.0,Kindergarten
,,"Cheder Menachem, Inc.",,Luzerne,61.3,Kindergarten
,,Crestwood Secondary Campus,,Luzerne,98.3,7th Grade
,,Crestwood Secondary Campus,,Luzerne,99.1,12th Grade
,,Dallas MS,,Luzerne,96.6,7th Grade
,,Dallas SHS,,Luzerne,99.4,12th Grade
,,Dana El Ctr,,Luzerne,95.4,Kindergarten
,,Daniel J Flood El Sch,,Luzerne,97.1,Kindergarten
,,Dodson El Sch,,Luzerne,97.8,Kindergarten
,,Dr David W Kistler El Sch,,Luzerne,97.7,Kindergarten
,,Drums El/MS,,Luzerne,97.3,Kindergarten
,,Drums El/MS,,Luzerne,100.0,7th Grade
,,Fairview El Sch,,Luzerne,96.1,Kindergarten
,,Freeland El/MS,,Luzerne,90.6,Kindergarten
,,Freeland El/MS,,Luzerne,100.0,7th Grade
,,G A R MS,,Luzerne,98.6,7th Grade
,,Good Shepherd Academy,,Luzerne,92.6,Kindergarten
,,Good Shepherd Academy,,Luzerne,100.0,7th Grade
,,Greater Nanticoke Area Ed Ctr,,Luzerne,99.4,7th Grade
,,Greater Nanticoke Area SHS,,Luzerne,97.9,12th Grade
,,Hanover Area JSHS,,Luzerne,96.0,7th Grade
,,Hanover Area JSHS,,Luzerne,94.4,12th Grade
,,Hazle Township Early Learning Center,,Luzerne,97.4,Kindergarten
,,Hazleton Area Career Center,,Luzerne,100.0,12th Grade
,,Hazleton Area HS,,Luzerne,98.7,12th Grade
,,Hazleton El/MS,,Luzerne,98.8,7th Grade
,,Heights Terrace El/MS,,Luzerne,100.0,Kindergarten
,,Heights Terrace El/MS,,Luzerne,100.0,7th Grade
,,Heights/Murray El Sch,,Luzerne,98.6,Kindergarten
,,Holy Redeemer High School,,Luzerne,100.0,12th Grade
,,Kennedy Early Childhood Center,,Luzerne,97.3,Kindergarten
,,Lake-Lehman JSHS,,Luzerne,95.0,7th Grade
,,Lake-Lehman JSHS,,Luzerne,96.9,12th Grade
,,Lake-Noxen El Sch,,Luzerne,97.2,Kindergarten
,,Lehman-Jackson El Sch,,Luzerne,96.4,Kindergarten
,,Luzerne IU 18,,Luzerne,96.4,Kindergarten
,,Luzerne IU 18,,Luzerne,98.9,12th Grade
,,Lyndwood El Sch,,Luzerne,93.3,Kindergarten
,,MMI Preparatory School,,Luzerne,95.7,7th Grade
,,MMI Preparatory School,,Luzerne,100.0,12th Grade
,,Maple Manor El/MS,,Luzerne,100.0,7th Grade
,,Martin F Quinn Pittston Area Primary Ctr,,Luzerne,96.4,Kindergarten
,,McAdoo-Kelayres El/MS,,Luzerne,96.2,Kindergarten
,,McAdoo-Kelayres El/MS,,Luzerne,98.9,7th Grade
,,Northwest Area HS,,Luzerne,96.1,7th Grade
,,Northwest Area HS,,Luzerne,100.0,12th Grade
,,Northwest Area Primary Sch,,Luzerne,95.6,Kindergarten
,,Pittston Area MS,,Luzerne,98.3,7th Grade
,,Pittston Area SHS,,Luzerne,97.4,12th Grade
,,Rice El Sch,,Luzerne,93.1,Kindergarten
,,Ross El Sch,,Luzerne,100.0,Kindergarten
,,Solomon/Plains El Sch,,Luzerne,100.0,Kindergarten
,,Solomon/Plains MS,,Luzerne,97.4,7th Grade
,,St Jude School,,Luzerne,100.0,Kindergarten
,,St Nicholas St Mary School,,Luzerne,96.3,Kindergarten
,,St Nicholas St Mary School,,Luzerne,100.0,7th Grade
,,State El Ctr,,Luzerne,96.3,Kindergarten
,,Third Avenue El Sch,,Luzerne,95.3,Kindergarten
,,Valley El/MS,,Luzerne,100.0,Kindergarten
,,Valley El/MS,,Luzerne,96.7,7th Grade
,,West Hazleton El/MS,,Luzerne,97.1,Kindergarten
,,West Hazleton El/MS,,Luzerne,100.0,7th Grade
,,West Side CTC,,Luzerne,98.8,12th Grade
,,Wilkes Barre Academy,,Luzerne,95.8,Kindergarten
,,Wilkes-Barre Area HS,,Luzerne,99.5,12th Grade
,,Wycallis Primary Center,,Luzerne,96.0,Kindergarten
,,Wyoming Area Catholic School,,Luzerne,100.0,Kindergarten
,,Wyoming Area Kindergarten Ctr,,Luzerne,97.1,Kindergarten
,,Wyoming Area Sec Ctr,,Luzerne,94.9,7th Grade
,,Wyoming Area Sec Ctr,,Luzerne,97.2,12th Grade
,,Wyoming Seminary College Preparatory School,,Luzerne,100.0,Kindergarten
,,Wyoming Seminary College Preparatory School,,Luzerne,100.0,7th Grade
,,Wyoming Seminary College Preparatory School,,Luzerne,99.1,12th Grade
,,Wyoming Valley West MS,,Luzerne,97.7,7th Grade
,,Wyoming Valley West SHS,,Luzerne,98.6,12th Grade
,,Avis El Sch,,Lycoming,93.2,Kindergarten
,,C E McCall MS,,Lycoming,96.4,7th Grade
,,Central El Sch,,Lycoming,92.4,Kindergarten
,,Cochran Primary Sch,,Lycoming,99.1,Kindergarten
,,Donald E. Schick Sch,,Lycoming,97.0,Kindergarten
,,Hepburn-Lycoming Primary Sch,,Lycoming,100.0,Kindergarten
,,Hughesville JSHS,,Lycoming,94.5,7th Grade
,,Hughesville JSHS,,Lycoming,95.6,12th Grade
,,Jackson Primary Sch,,Lycoming,95.2,Kindergarten
,,Jersey Shore Area El Sch,,Lycoming,95.2,Kindergarten
,,Jersey Shore Area SHS,,Lycoming,98.7,12th Grade
,,Jersey Shore MS,,Lycoming,96.9,7th Grade
,,Joseph C Ashkar El Sch,,Lycoming,89.5,Kindergarten
,,Loyalsock Twp MS,,Lycoming,97.7,7th Grade
,,Loyalsock Twp SHS,,Lycoming,97.6,12th Grade
,,Loyalsock Valley El Sch,,Lycoming,100.0,Kindergarten
,,Lyter El Sch,,Lycoming,98.7,Kindergarten
,,Montgomery El Sch,,Lycoming,95.1,Kindergarten
,,Montgomery JSHS,,Lycoming,98.5,7th Grade
,,Montgomery JSHS,,Lycoming,100.0,12th Grade
,,Montoursville Area SHS,,Lycoming,97.8,12th Grade
,,Muncy JSHS,,Lycoming,93.8,7th Grade
,,Muncy JSHS,,Lycoming,98.8,12th Grade
,,South Williamsport Area JSHS,,Lycoming,94.6,7th Grade
,,South Williamsport Area JSHS,,Lycoming,100.0,12th Grade
,,Ward L Myers El Sch,,Lycoming,89.4,Kindergarten
,,Williamsport Area MS,,Lycoming,98.4,7th Grade
,,Williamsport Area SHS,,Lycoming,98.2,12th Grade
,,Bradford Area HS,,McKean,97.7,12th Grade
,,Floyd C Fretz MS,,McKean,88.9,7th Grade
,,George Blaisdell El Sch,,McKean,94.7,Kindergarten
,,Kane Area El Sch,,McKean,93.9,Kindergarten
,,Kane Area HS,,McKean,100.0,12th Grade
,,Kane Area MS,,McKean,97.5,7th Grade
,,Otto-Eldred El Sch,,McKean,40.5,Kindergarten
,,Otto-Eldred JSHS,,McKean,100.0,7th Grade
,,Otto-Eldred JSHS,,McKean,97.7,12th Grade
,,Port Allegany El Sch,,McKean,98.0,Kindergarten
,,Port Allegany JSHS,,McKean,100.0,7th Grade
,,Port Allegany JSHS,,McKean,100.0,12th Grade
,,Smethport Area El Sch,,McKean,92.1,Kindergarten
,,Smethport Area JSHS,,McKean,90.6,7th Grade
,,Smethport Area JSHS,,McKean,98.1,12th Grade
,,Artman El Sch,,Mercer,98.0,Kindergarten
,,Case Avenue El Sch,,Mercer,96.8,Kindergarten
,,Commodore Perry JSHS,,Mercer,95.2,7th Grade
,,Commodore Perry JSHS,,Mercer,94.6,12th Grade
,,Commodore Perry Sch,,Mercer,91.7,Kindergarten
,,Delahunty MS,,Mercer,97.1,7th Grade
,,Farrell Area HS/UMS,,Mercer,100.0,7th Grade
,,Farrell Area HS/UMS,,Mercer,95.6,12th Grade
,,Greenville El Sch,,Mercer,87.7,Kindergarten
,,Greenville JSHS,,Mercer,96.3,7th Grade
,,Greenville JSHS,,Mercer,96.4,12th Grade
,,Grove City Area HS,,Mercer,93.5,12th Grade
,,Grove City Area MS,,Mercer,77.2,7th Grade
,,Grove City Christian Academy,,Mercer,63.6,Kindergarten
,,Grove City Christian Academy,,Mercer,77.3,7th Grade
,,Hickory HS,,Mercer,95.2,12th Grade
,,Hillview El Sch,,Mercer,86.2,Kindergarten
,,Jamestown Area El Sch,,Mercer,92.9,Kindergarten
,,Jamestown Area JSHS,,Mercer,95.5,7th Grade
,,Jamestown Area JSHS,,Mercer,96.3,12th Grade
,,Kennedy Catholic School,,Mercer,100.0,7th Grade
,,Lakeview Middle-HS,,Mercer,92.5,7th Grade
,,Lakeview Middle-HS,,Mercer,96.9,12th Grade
,,Luther W Low El Sch,,Mercer,97.9,Kindergarten
,,Mercer Area El Sch,,Mercer,89.6,Kindergarten
,,Mercer Area MS,,Mercer,95.3,7th Grade
,,Mercer Area SHS,,Mercer,93.3,12th Grade
,,Musser El Sch,,Mercer,93.9,Kindergarten
,,Oakview El Sch,,Mercer,93.1,Kindergarten
,,Reynolds El Sch,,Mercer,96.4,Kindergarten
,,Reynolds JSHS,,Mercer,100.0,7th Grade
,,Reynolds JSHS,,Mercer,98.4,12th Grade
,,Russell C. Phillips El Sch,,Mercer,97.1,Kindergarten
,,Sharon HS,,Mercer,100.0,12th Grade
,,Sharon MS,,Mercer,98.6,7th Grade
,,Sharpsville Area El Sch,,Mercer,98.3,Kindergarten
,,Sharpsville Area MS,,Mercer,97.0,7th Grade
,,Sharpsville Area SHS,,Mercer,100.0,12th Grade
,,West Hill El Sch,,Mercer,94.9,Kindergarten
,,West Middlesex Area JSHS,,Mercer,98.3,7th Grade
,,West Middlesex Area JSHS,,Mercer,98.2,12th Grade
,,Belleville Mennonite School,,Mifflin,66.7,Kindergarten
,,East Derry El Sch,,Mifflin,90.6,Kindergarten
,,Indian Valley El Sch,,Mifflin,91.7,Kindergarten
,,Lewistown El Sch,,Mifflin,92.5,Kindergarten
,,Mifflin Co HS,,Mifflin,96.8,12th Grade
,,Mifflin Co MS,,Mifflin,94.6,7th Grade
,,Strodes Mills El Sch,,Mifflin,89.1,Kindergarten
,,Arlington Heights El Sch,,Monroe,95.5,Kindergarten
,,B F Morey El Sch,,Monroe,95.9,Kindergarten
,,Bushkill El Sch,,Monroe,89.7,Kindergarten
,,Chipperfield El Sch,,Monroe,92.2,Kindergarten
,,Clear Run El Ctr,,Monroe,88.2,Kindergarten
,,East Stroudsburg El Sch,,Monroe,90.9,Kindergarten
,,East Stroudsburg SHS North,,Monroe,97.5,12th Grade
,,East Stroudsburg SHS South,,Monroe,98.6,12th Grade
,,Hamilton Twp El Sch,,Monroe,92.6,Kindergarten
,,J M Hill El Sch,,Monroe,98.2,Kindergarten
,,J T Lambert Intermediate Sch,,Monroe,93.0,7th Grade
,,Lehman Intermediate Sch,,Monroe,91.7,7th Grade
,,Middle Smithfield El Sch,,Monroe,89.2,Kindergarten
,,Notre Dame Elementary School,,Monroe,95.8,Kindergarten
,,Notre Dame High School,,Monroe,96.6,7th Grade
,,Notre Dame High School,,Monroe,95.5,12th Grade
,,Pleasant Valley El Sch,,Monroe,91.0,Kindergarten
,,Pleasant Valley HS,,Monroe,96.2,12th Grade
,,Pleasant Valley MS,,Monroe,92.1,7th Grade
,,Pocono Mountain East HS,,Monroe,95.5,12th Grade
,,Pocono Mountain East JHS,,Monroe,97.8,7th Grade
,,Pocono Mountain West HS,,Monroe,97.4,12th Grade
,,Pocono Mountain West JHS,,Monroe,95.4,7th Grade
,,Resica El Sch,,Monroe,97.2,Kindergarten
,,Smithfield El Sch,,Monroe,90.9,Kindergarten
,,Stroudsburg HS,,Monroe,95.9,12th Grade
,,Stroudsburg MS,,Monroe,97.8,7th Grade
,,Swiftwater El Ctr,,Monroe,82.7,Kindergarten
,,Tobyhanna El Ctr,,Monroe,91.2,Kindergarten
,,Abington Friends School,,Montgomery,96.6,Kindergarten
,,Abington Friends School,,Montgomery,97.4,7th Grade
,,Abington Friends School,,Montgomery,97.3,12th Grade
,,Abington MS,,Montgomery,98.7,7th Grade
,,Abington SHS,,Montgomery,98.2,12th Grade
,,Academy in Manayunk,,Montgomery,100.0,7th Grade
,,Academy in Manayunk,,Montgomery,100.0,12th Grade
,,Academy of the New Ch Boys,,Montgomery,92.9,12th Grade
,,Academy of the New Church Girls,,Montgomery,92.0,12th Grade
,,Agora Cyber CS,,Montgomery,79.8,Kindergarten
,,Agora Cyber CS,,Montgomery,92.7,7th Grade
,,Agora Cyber CS,,Montgomery,96.3,12th Grade
,,Ancillae Assumpta Academy,,Montgomery,96.2,Kindergarten
,,Ancillae Assumpta Academy,,Montgomery,96.7,7th Grade
,,Arcola Intrmd Sch,,Montgomery,98.6,7th Grade
,,Arrowhead El Sch,,Montgomery,95.9,Kindergarten
,,Bala-Cynwyd MS,,Montgomery,98.1,7th Grade
,,Baldwin School,,Montgomery,92.3,Kindergarten
,,Baldwin School,,Montgomery,98.0,7th Grade
,,Baldwin School,,Montgomery,100.0,12th Grade
,,Barth El Sch,,Montgomery,90.0,Kindergarten
,,Belmont Hills El Sch,,Montgomery,94.7,Kindergarten
,,Black Rock MS,,Montgomery,98.9,7th Grade
,,Blair Mill El Sch,,Montgomery,97.1,Kindergarten
,,Blockson MS,,Montgomery,97.0,7th Grade
,,Blue Bell El Sch,,Montgomery,98.7,Kindergarten
,,Bridgeport El Sch,,Montgomery,96.0,Kindergarten
,,Bridle Path El Sch,,Montgomery,98.6,Kindergarten
,,Brooke El Sch,,Montgomery,94.4,Kindergarten
,,Bryn Athyn Church School,,Montgomery,76.9,Kindergarten
,,Bryn Athyn Church School,,Montgomery,83.3,7th Grade
,,Caley El Sch,,Montgomery,100.0,Kindergarten
,,Candlebrook El Sch,,Montgomery,98.6,Kindergarten
,,Cedarbrook MS,,Montgomery,99.6,7th Grade
,,Cheltenham HS,,Montgomery,96.2,12th Grade
,,Colonial MS,,Montgomery,98.3,7th Grade
,,Conshohocken El Sch,,Montgomery,97.5,Kindergarten
,,Copper Beech Sch,,Montgomery,97.5,Kindergarten
,,Corpus Christi School,,Montgomery,100.0,Kindergarten
,,Corpus Christi School,,Montgomery,100.0,7th Grade
,,Coventry Christian Schools Inc,,Montgomery,75.6,Kindergarten
,,Coventry Christian Schools Inc,,Montgomery,96.4,7th Grade
,,Coventry Christian Schools Inc,,Montgomery,93.3,12th Grade
,,Crooked Billet El Sch,,Montgomery,98.1,Kindergarten
,,Cynwyd Sch,,Montgomery,98.4,Kindergarten
,,Dock Mennonite Academy,,Montgomery,96.7,12th Grade
,,Dock Mennonite Academy Elem,,Montgomery,79.5,Kindergarten
,,Dock Mennonite Academy Elem,,Montgomery,100.0,7th Grade
,,E M Crouthamel El Sch,,Montgomery,100.0,Kindergarten
,,Eagleville El Sch,,Montgomery,96.1,Kindergarten
,,East Norriton MS,,Montgomery,98.5,7th Grade
,,Eisenhower MS,,Montgomery,99.0,7th Grade
,,Evans El Sch,,Montgomery,97.5,Kindergarten
,,Evergreen El Sch,,Montgomery,100.0,Kindergarten
,,Fairwold Academy,,Montgomery,100.0,12th Grade
,,Fitzwater El Sch,,Montgomery,94.3,Kindergarten
,,Fort Washington El Sch,,Montgomery,95.4,Kindergarten
,,Franconia El Sch,,Montgomery,85.5,Kindergarten
,,Franklin El Sch,,Montgomery,85.7,Kindergarten
,,French International Sch Phila,,Montgomery,91.9,Kindergarten
,,Friends Central Lower School,,Montgomery,97.1,Kindergarten
,,Friends Central School,,Montgomery,98.3,7th Grade
,,Friends Central School,,Montgomery,97.2,12th Grade
,,General Nash El Sch,,Montgomery,96.2,Kindergarten
,,Germantown Academy,,Montgomery,100.0,Kindergarten
,,Germantown Academy,,Montgomery,98.9,7th Grade
,,Germantown Academy,,Montgomery,100.0,12th Grade
,,Gladwyne Montessori School,,Montgomery,96.6,Kindergarten
,,Gladwyne Sch,,Montgomery,97.2,Kindergarten
,,Glenside El Sch,,Montgomery,98.6,Kindergarten
,,Goddard School - Collegeville location,,Montgomery,100.0,Kindergarten
,,Gulph EL Sch,,Montgomery,97.6,Kindergarten
,,Gwyn-Nor El Sch,,Montgomery,96.8,Kindergarten
,,Gwynedd Mercy Acad El Division,,Montgomery,100.0,Kindergarten
,,Gwynedd Mercy Acad El Division,,Montgomery,96.4,7th Grade
,,Gwynedd Mercy High School,,Montgomery,100.0,12th Grade
,,Gwynedd Square El Sch,,Montgomery,94.0,Kindergarten
,,Hallowell El Sch,,Montgomery,98.6,Kindergarten
,,Harriton SHS,,Montgomery,95.0,12th Grade
,,Hatboro-Horsham SHS,,Montgomery,99.2,12th Grade
,,Hatfield El Sch,,Montgomery,100.0,Kindergarten
,,Haverford School,,Montgomery,100.0,Kindergarten
,,Haverford School,,Montgomery,97.3,7th Grade
,,Haverford School,,Montgomery,100.0,12th Grade
,,Hereford El Sch,,Montgomery,91.7,Kindergarten
,,Highland Sch,,Montgomery,94.4,Kindergarten
,,Hill School,,Montgomery,98.7,12th Grade
,,Holy Child School at Rosemont,,Montgomery,100.0,Kindergarten
,,Holy Child School at Rosemont,,Montgomery,96.9,7th Grade
,,Holy Cross Regional Catholic School,,Montgomery,100.0,Kindergarten
,,Holy Cross Regional Catholic School,,Montgomery,100.0,7th Grade
,,Indian Crest MS,,Montgomery,91.5,7th Grade
,,Indian Valley Kindergarten,,Montgomery,38.5,Kindergarten
,,Indian Valley MS,,Montgomery,91.5,7th Grade
,,Inglewood El Sch,,Montgomery,100.0,Kindergarten
,,Jarrettown El Sch,,Montgomery,100.0,Kindergarten
,,Jenkintown El Sch,,Montgomery,100.0,Kindergarten
,,Jenkintown Middle/High School,,Montgomery,95.3,7th Grade
,,Jenkintown Middle/High School,,Montgomery,98.0,12th Grade
,,Keith Valley MS,,Montgomery,98.2,7th Grade
,,Knapp El Sch,,Montgomery,95.6,Kindergarten
,,Kohelet Yeshiva,,Montgomery,100.0,Kindergarten
,,Kohelet Yeshiva,,Montgomery,100.0,7th Grade
,,Kosloff Torah Academy High School for Girls,,Montgomery,42.9,12th Grade
,,Kulp El Sch,,Montgomery,95.7,Kindergarten
,,LaSalle College High School,,Montgomery,99.3,12th Grade
,,Lakeside School,,Montgomery,100.0,12th Grade
,,Lane Good Council Montessori School,,Montgomery,100.0,Kindergarten
,,Lansdale Catholic High School,,Montgomery,99.3,12th Grade
,,Limerick El Sch,,Montgomery,98.1,Kindergarten
,,Lincoln El Sch,,Montgomery,91.0,Kindergarten
,,Lower Gwynedd El Sch,,Montgomery,98.7,Kindergarten
,,Lower Merion HS,,Montgomery,95.9,12th Grade
,,Lower Moreland HS,,Montgomery,99.1,12th Grade
,,Lower Moreland MS,,Montgomery,98.7,7th Grade
,,Maple Glen El Sch,,Montgomery,96.8,Kindergarten
,,Marlborough El Sch,,Montgomery,94.4,Kindergarten
,,Marshall Street El Sch,,Montgomery,97.5,Kindergarten
,,Martin Luther School,,Montgomery,100.0,7th Grade
,,Mary Mother of the Redeemer School,,Montgomery,100.0,Kindergarten
,,Mary Mother of the Redeemer School,,Montgomery,100.0,7th Grade
,,Mater Dei Catholic School,,Montgomery,95.6,Kindergarten
,,McKinley Sch,,Montgomery,98.9,Kindergarten
,,Merion El Sch,,Montgomery,97.6,Kindergarten
,,Merion Mercy Academy,,Montgomery,100.0,12th Grade
,,Methacton HS,,Montgomery,97.7,12th Grade
,,Montgomery El Sch,,Montgomery,98.7,Kindergarten
,,Mother Teresa Regional Catholic School,,Montgomery,91.7,Kindergarten
,,Mother Teresa Regional Catholic School,,Montgomery,100.0,7th Grade
,,Mount Saint Joseph Academy,,Montgomery,98.4,12th Grade
,,Myers El Sch,,Montgomery,98.2,Kindergarten
,,Nibras Day School,,Montgomery,76.2,Kindergarten
,,Norristown Area HS,,Montgomery,99.8,12th Grade
,,North Penn SHS,,Montgomery,94.8,12th Grade
,,North Wales El Sch,,Montgomery,96.8,Kindergarten
,,Oak Park El Sch,,Montgomery,95.8,Kindergarten
,,Oak Ridge El Sch,,Montgomery,93.8,Kindergarten
,,Oaks El Sch,,Montgomery,93.4,Kindergarten
,,Our Lady of Mercy Regional Catholic School,,Montgomery,98.1,Kindergarten
,,Our Lady of Mercy Regional Catholic School,,Montgomery,100.0,7th Grade
,,Overlook Sch,,Montgomery,98.5,Kindergarten
,,Pathway School,,Montgomery,100.0,12th Grade
,,Paul V Fly El Sch,,Montgomery,93.4,Kindergarten
,,Penn Valley Sch,,Montgomery,95.5,Kindergarten
,,Penn Wynne Sch,,Montgomery,97.2,Kindergarten
,,Pennbrook MS,,Montgomery,98.4,7th Grade
,,Penndale MS,,Montgomery,96.1,7th Grade
,,Pennfield MS,,Montgomery,98.1,7th Grade
,,Pennsylvania Virtual CS,,Montgomery,72.8,Kindergarten
,,Pennsylvania Virtual CS,,Montgomery,94.3,7th Grade
,,Pennsylvania Virtual CS,,Montgomery,96.1,12th Grade
,,Perkiomen School,,Montgomery,97.2,12th Grade
,,Perkiomen Valley HS,,Montgomery,97.7,12th Grade
,,Perkiomen Valley MS-East,,Montgomery,92.8,7th Grade
,,Perkiomen Valley MS-West,,Montgomery,94.7,7th Grade
,,Philadelphia Montgomery Christian Academy,,Montgomery,91.7,Kindergarten
,,Philadelphia Montgomery Christian Academy,,Montgomery,100.0,7th Grade
,,Philadelphia Montgomery Christian Academy,,Montgomery,96.8,12th Grade
,,Pine Road El Sch,,Montgomery,92.8,Kindergarten
,,Plymouth El Sch,,Montgomery,93.7,Kindergarten
,,Plymouth-Whitemarsh SHS,,Montgomery,99.0,12th Grade
,,Pope John Paul II High School,,Montgomery,99.4,12th Grade
,,Pottsgrove MS,,Montgomery,96.6,7th Grade
,,Pottsgrove SHS,,Montgomery,98.0,12th Grade
,,Pottstown MS,,Montgomery,90.9,7th Grade
,,Pottstown SHS,,Montgomery,98.1,12th Grade
,,Queen of Angels Regional Catholic School,,Montgomery,100.0,Kindergarten
,,R&R Perelman Jewish D S-Stern,,Montgomery,100.0,Kindergarten
,,Ray S. Musselman Learning Center,,Montgomery,96.0,Kindergarten
,,Regina Angelorum Academy,,Montgomery,76.9,Kindergarten
,,Ridge Park El Sch,,Montgomery,95.5,Kindergarten
,,Ringing Rocks El Sch,,Montgomery,94.2,Kindergarten
,,Roberts El Sch,,Montgomery,94.7,Kindergarten
,,Roosevelt Campus of the Norristown Area HS,,Montgomery,100.0,12th Grade
,,Roslyn Sch,,Montgomery,96.9,Kindergarten
,,Royersford El Sch,,Montgomery,94.5,Kindergarten
,,Rupert El Sch,,Montgomery,90.7,Kindergarten
,,Rydal El Sch,,Montgomery,94.9,Kindergarten
,,Salford Hills El Sch,,Montgomery,86.8,Kindergarten
,,Sandy Run MS,,Montgomery,99.4,7th Grade
,,Schwenksville El Sch,,Montgomery,95.8,Kindergarten
,,Shady Grove El Sch,,Montgomery,95.2,Kindergarten
,,Shipley School,,Montgomery,98.0,7th Grade
,,Shipley School,,Montgomery,100.0,12th Grade
,,Shipley School Lower Campus,,Montgomery,100.0,Kindergarten
,,Simmons El Sch,,Montgomery,96.5,Kindergarten
,,Skippack El Sch,,Montgomery,98.7,Kindergarten
,,Souderton Area HS,,Montgomery,93.2,12th Grade
,,Souderton CS Collaborative,,Montgomery,100.0,Kindergarten
,,Souderton CS Collaborative,,Montgomery,100.0,7th Grade
,,South El Sch,,Montgomery,97.1,Kindergarten
,,Spring City El Sch,,Montgomery,100.0,Kindergarten
,,Spring-Ford MS 7th Grade Ctr,,Montgomery,98.8,7th Grade
,,Spring-Ford SHS 9-12 Ctr,,Montgomery,97.7,12th Grade
,,Springfield Twp El Sch-Enfield,,Montgomery,97.9,Kindergarten
,,Springfield Twp HS,,Montgomery,98.9,12th Grade
,,Springfield Twp MS,,Montgomery,98.1,7th Grade
,,St Albert the Great School,,Montgomery,94.7,Kindergarten
,,St Albert the Great School,,Montgomery,100.0,7th Grade
,,St Aloysius,,Montgomery,97.8,Kindergarten
,,St Aloysius,,Montgomery,100.0,7th Grade
,,St Francis of Assisi School,,Montgomery,100.0,Kindergarten
,,St Francis of Assisi School,,Montgomery,100.0,7th Grade
,,St Genevieve School,,Montgomery,93.9,Kindergarten
,,St Genevieve School,,Montgomery,100.0,7th Grade
,,St Helena School,,Montgomery,100.0,Kindergarten
,,St Helena School,,Montgomery,100.0,7th Grade
,,St Hilary of Poiters School,,Montgomery,100.0,Kindergarten
,,St Hilary of Poiters School,,Montgomery,100.0,7th Grade
,,St Luke the Evangelist School,,Montgomery,91.4,Kindergarten
,,St Luke the Evangelist School,,Montgomery,100.0,7th Grade
,,St Margaret School,,Montgomery,95.7,Kindergarten
,,St Mary School,,Montgomery,97.1,Kindergarten
,,St Philip Neri School,,Montgomery,98.2,Kindergarten
,,St Philip Neri School,,Montgomery,94.4,7th Grade
,,St Teresa of Calcutta,,Montgomery,100.0,Kindergarten
,,St Teresa of Calcutta,,Montgomery,100.0,7th Grade
,,Stony Creek El Sch,,Montgomery,95.7,Kindergarten
,,Torah Academy of Greater Philadelphia,,Montgomery,90.6,Kindergarten
,,Torah Academy of Greater Philadelphia,,Montgomery,75.0,7th Grade
,,Upper Merion HS,,Montgomery,99.7,12th Grade
,,Upper Merion MS,,Montgomery,98.2,7th Grade
,,Upper Moreland El Sch,,Montgomery,98.6,Kindergarten
,,Upper Moreland HS,,Montgomery,97.1,12th Grade
,,Upper Moreland MS,,Montgomery,96.1,7th Grade
,,Upper Perkiomen HS,,Montgomery,94.9,12th Grade
,,Upper Perkiomen MS,,Montgomery,93.4,7th Grade
,,Upper Providence El Sch,,Montgomery,98.5,Kindergarten
,,Valley Forge Baptist Academy,,Montgomery,71.0,Kindergarten
,,Valley Forge Baptist Academy,,Montgomery,85.0,7th Grade
,,Vernfield El Sch,,Montgomery,93.2,Kindergarten
,,Visitation BVM School,,Montgomery,100.0,Kindergarten
,,Visitation BVM School,,Montgomery,100.0,7th Grade
,,Waldron Mercy Academy,,Montgomery,96.7,Kindergarten
,,Waldron Mercy Academy,,Montgomery,100.0,7th Grade
,,Walton Farm El Sch,,Montgomery,97.3,Kindergarten
,,Welsh Valley MS,,Montgomery,97.6,7th Grade
,,West Broad Street El Sch,,Montgomery,88.1,Kindergarten
,,West Pottsgrove El Sch,,Montgomery,92.9,Kindergarten
,,Whitehall El Sch,,Montgomery,97.9,Kindergarten
,,Whitemarsh El Sch,,Montgomery,99.0,Kindergarten
,,Willow Hill Sch,,Montgomery,95.6,Kindergarten
,,Wissahickon MS,,Montgomery,98.1,7th Grade
,,Wissahickon SHS,,Montgomery,98.9,12th Grade
,,Woodland El Sch,,Montgomery,93.8,Kindergarten
,,Worcester El Sch,,Montgomery,98.9,Kindergarten
,,Wyncote El Sch,,Montgomery,96.5,Kindergarten
,,York Avenue El Sch,,Montgomery,97.7,Kindergarten
,,Danville Area MS,,Montour,100.0,7th Grade
,,Danville Area SHS,,Montour,99.4,12th Grade
,,Danville Primary Sch,,Montour,96.5,Kindergarten
,,St Joseph School,,Montour,100.0,Kindergarten
,,Asa Packer El Sch,,Northampton,95.7,Kindergarten
,,Avona El Sch,,Northampton,94.4,Kindergarten
,,Bangor Area HS,,Northampton,95.6,12th Grade
,,Bangor Area MS,,Northampton,93.0,7th Grade
,,Bethlehem Catholic High School,,Northampton,100.0,12th Grade
,,Bethlehem Christian School,,Northampton,90.9,7th Grade
,,Broughal MS,,Northampton,99.4,7th Grade
,,Calypso El Sch,,Northampton,94.7,Kindergarten
,,Cheston El Sch,,Northampton,94.9,Kindergarten
,,Clearview El Sch,,Northampton,94.6,Kindergarten
,,Colonel John Siegfried El Sch,,Northampton,99.3,Kindergarten
,,Donegan El Sch,,Northampton,95.5,Kindergarten
,,East Hills MS,,Northampton,97.7,7th Grade
,,Easton Area HS,,Northampton,98.0,12th Grade
,,Easton Area MS,,Northampton,97.5,7th Grade
,,Easton Arts Academy Elementary CS,,Northampton,96.9,Kindergarten
,,Faith Christian School Site 1,,Northampton,80.0,7th Grade
,,Farmersville El Sch,,Northampton,100.0,Kindergarten
,,Five Points El Sch,,Northampton,94.2,Kindergarten
,,Forks El Sch,,Northampton,91.7,Kindergarten
,,Fountain Hill El Sch,,Northampton,95.4,Kindergarten
,,Freedom HS,,Northampton,98.2,12th Grade
,,Freemansburg El Sch,,Northampton,93.2,Kindergarten
,,George Wolf El Sch,,Northampton,95.0,Kindergarten
,,Good Shepherd Catholic School,,Northampton,91.2,Kindergarten
,,Good Shepherd Catholic School,,Northampton,100.0,7th Grade
,,Governor Wolf El Sch,,Northampton,98.6,Kindergarten
,,Hanover El Sch,,Northampton,93.9,Kindergarten
,,Holy Family School,,Northampton,84.0,Kindergarten
,,Holy Family School,,Northampton,96.2,7th Grade
,,Immaculate Conception School,,Northampton,58.3,Kindergarten
,,Immaculate Conception School,,Northampton,69.6,7th Grade
,,James Buchanan El Sch,,Northampton,97.3,Kindergarten
,,Kenneth N Butz Jr El Sch,,Northampton,95.6,Kindergarten
,,Lehigh El Sch,,Northampton,97.5,Kindergarten
,,Lehigh Valley Academy Regional CS,,Northampton,98.6,Kindergarten
,,Lehigh Valley Academy Regional CS,,Northampton,98.7,7th Grade
,,Lehigh Valley Academy Regional CS,,Northampton,100.0,12th Grade
,,Lehigh Valley Charter High School for the Arts,,Northampton,84.9,12th Grade
,,Lehigh Valley Dual Language CS,,Northampton,90.0,Kindergarten
,,Lehigh Valley Dual Language CS,,Northampton,85.7,7th Grade
,,Liberty HS,,Northampton,98.5,12th Grade
,,Lightbridge Academy,,Northampton,95.0,Kindergarten
,,Lincoln El Sch,,Northampton,98.1,Kindergarten
,,Lower Nazareth El Sch,,Northampton,95.2,Kindergarten
,,March El Sch,,Northampton,95.7,Kindergarten
,,Marvine El Sch,,Northampton,97.7,Kindergarten
,,Miller Heights El Sch,,Northampton,94.1,Kindergarten
,,Moore El Sch,,Northampton,98.5,Kindergarten
,,Moravian Academy - Downtown Campus,,Northampton,100.0,Kindergarten
,,Moravian Academy - Downtown Campus,,Northampton,98.0,7th Grade
,,Moravian Academy - Merle Smith Campus,,Northampton,94.7,12th Grade
,,Nazareth Area HS,,Northampton,98.1,12th Grade
,,Nazareth Area MS,,Northampton,97.1,7th Grade
,,Nitschmann MS,,Northampton,99.6,7th Grade
,,Northampton Area HS,,Northampton,97.1,12th Grade
,,Northampton Area MS,,Northampton,98.7,7th Grade
,,Northeast MS,,Northampton,98.8,7th Grade
,,Notre Dame High School,,Northampton,99.1,12th Grade
,,Our Lady of Perpetual Help,,Northampton,75.0,Kindergarten
,,Our Lady of Perpetual Help,,Northampton,96.8,7th Grade
,,Palmer El Sch,,Northampton,98.7,Kindergarten
,,Paxinosa El Sch,,Northampton,92.6,Kindergarten
,,Pen Argyl Area HS,,Northampton,95.8,12th Grade
,,Plainfield El Sch,,Northampton,98.3,Kindergarten
,,Saucon Valley El Sch,,Northampton,96.7,Kindergarten
,,Saucon Valley MS,,Northampton,98.6,7th Grade
,,Saucon Valley SHS,,Northampton,98.1,12th Grade
,,Shafer El Sch,,Northampton,94.4,Kindergarten
,,Shawnee El Sch,,Northampton,97.8,Kindergarten
,,Spring Garden El Sch,,Northampton,97.3,Kindergarten
,,St Anne School,,Northampton,91.2,Kindergarten
,,St Anne School,,Northampton,88.0,7th Grade
,,St Jane Frances School,,Northampton,94.7,Kindergarten
,,St Jane Frances School,,Northampton,97.1,7th Grade
,,Thomas Jefferson El Sch,,Northampton,100.0,Kindergarten
,,Tracy El Sch,,Northampton,94.1,Kindergarten
,,William Penn El Sch,,Northampton,94.3,Kindergarten
,,Williams Township El Sch,,Northampton,95.0,Kindergarten
,,Wilson Area HS,,Northampton,99.5,12th Grade
,,Wilson Area Intermediate Sch,,Northampton,97.4,7th Grade
,,Wilson Borough El Sch,,Northampton,100.0,Kindergarten
,,Wind Gap MS,,Northampton,69.5,7th Grade
,,James F Baugher El Sch,,Northumberland,93.9,Kindergarten
,,Line Mountain El Sch,,Northumberland,80.0,Kindergarten
,,Line Mountain HS,,Northumberland,96.2,12th Grade
,,Line Mountain MS,,Northumberland,94.0,7th Grade
,,Meadowbrook Christian School,,Northumberland,43.3,Kindergarten
,,Meadowbrook Christian School,,Northumberland,69.2,7th Grade
,,Milton Area MS,,Northumberland,93.7,7th Grade
,,Milton HS,,Northumberland,97.6,12th Grade
,,Mount Carmel Area El Sch,,Northumberland,93.7,Kindergarten
,,Mount Carmel Area HS,,Northumberland,100.0,12th Grade
,,Mount Carmel Area JH,,Northumberland,99.0,7th Grade
,,Northumberland Christian School,,Northumberland,70.8,Kindergarten
,,Oaklyn Sch,,Northumberland,93.5,Kindergarten
,,Our Lady of Lourdes Regional School,,Northumberland,96.3,Kindergarten
,,Our Lady of Lourdes Regional School,,Northumberland,100.0,12th Grade
,,Priestley Sch,,Northumberland,97.5,Kindergarten
,,Shamokin Area El Sch,,Northumberland,93.3,Kindergarten
,,Shamokin Area HS,,Northumberland,100.0,12th Grade
,,Shamokin Area MS,,Northumberland,94.7,7th Grade
,,Shikellamy HS,,Northumberland,97.4,12th Grade
,,Shikellamy MS,,Northumberland,88.7,7th Grade
,,Warrior Run El Sch,,Northumberland,93.8,Kindergarten
,,Warrior Run JSHS,,Northumberland,92.9,7th Grade
,,Warrior Run JSHS,,Northumberland,96.6,12th Grade
,,Blain El Sch,,Perry,94.3,Kindergarten
,,Carroll El Sch,,Perry,92.7,Kindergarten
,,Greenwood El Sch,,Perry,91.5,Kindergarten
,,Greenwood HS,,Perry,100.0,12th Grade
,,Greenwood MS,,Perry,95.4,7th Grade
,,Loysville Youth Dev Ctr,,Perry,95.8,12th Grade
,,New Bloomfield El Sch,,Perry,91.1,Kindergarten
,,Newport El Sch,,Perry,86.5,Kindergarten
,,Newport HS,,Perry,98.7,12th Grade
,,Newport MS,,Perry,98.1,7th Grade
,,Susquenita El Sch,,Perry,95.5,Kindergarten
,,Susquenita HS,,Perry,99.1,12th Grade
,,Susquenita MS,,Perry,96.9,7th Grade
,,West Perry MS,,Perry,92.3,7th Grade
,,West Perry SHS,,Perry,95.1,12th Grade
,,ASPIRA Bilingual Cyber CS,,Philadelphia,79.3,Kindergarten
,,ASPIRA Bilingual Cyber CS,,Philadelphia,93.4,7th Grade
,,ASPIRA Bilingual Cyber CS,,Philadelphia,95.0,12th Grade
,,Academy at Palumbo,,Philadelphia,99.1,12th Grade
,,Adaire Alexander Sch,,Philadelphia,98.2,Kindergarten
,,Adaire Alexander Sch,,Philadelphia,100.0,7th Grade
,,Al Aqsa Islamic School,,Philadelphia,95.0,Kindergarten
,,Al Aqsa Islamic School,,Philadelphia,100.0,7th Grade
,,Allen Dr Ethel Sch,,Philadelphia,96.9,Kindergarten
,,Allen Dr Ethel Sch,,Philadelphia,100.0,7th Grade
,,Allen Ethan Sch,,Philadelphia,98.9,Kindergarten
,,Allen Ethan Sch,,Philadelphia,91.4,7th Grade
,,Alliance for Progress CS,,Philadelphia,93.4,Kindergarten
,,Alliance for Progress CS,,Philadelphia,100.0,7th Grade
,,Alpha House Nursery & Kdg,,Philadelphia,95.5,Kindergarten
,,Amy At Martin,,Philadelphia,98.5,7th Grade
,,Amy NW,,Philadelphia,100.0,7th Grade
,,Anderson Add B Sch,,Philadelphia,91.7,Kindergarten
,,Anderson Add B Sch,,Philadelphia,100.0,7th Grade
,,Antonia Pantoja Community CS,,Philadelphia,95.8,Kindergarten
,,Antonia Pantoja Community CS,,Philadelphia,98.7,7th Grade
,,Archbishop Ryan High School,,Philadelphia,99.6,12th Grade
,,Arts Academy at Benjamin Rush,,Philadelphia,99.3,12th Grade
,,Bache-Martin Sch,,Philadelphia,97.6,Kindergarten
,,Bache-Martin Sch,,Philadelphia,100.0,7th Grade
,,Baldi C C A MS,,Philadelphia,98.0,7th Grade
,,Barry Comm John Sch,,Philadelphia,98.2,Kindergarten
,,Barry Comm John Sch,,Philadelphia,100.0,7th Grade
,,Barton Clara Sch,,Philadelphia,97.8,Kindergarten
,,Bartram John - Main,,Philadelphia,90.1,12th Grade
,,Belmont CS,,Philadelphia,98.8,Kindergarten
,,Belmont CS,,Philadelphia,100.0,7th Grade
,,Belmont CS,,Philadelphia,100.0,12th Grade
,,Bethune Mary McLeod Sch,,Philadelphia,87.5,Kindergarten
,,Bethune Mary McLeod Sch,,Philadelphia,100.0,7th Grade
,,Blaine James G Sch,,Philadelphia,87.9,Kindergarten
,,Blaine James G Sch,,Philadelphia,100.0,7th Grade
,,Blankenburg Rudolph Sch,,Philadelphia,92.0,Kindergarten
,,Blankenburg Rudolph Sch,,Philadelphia,100.0,7th Grade
,,Bodine William W HS,,Philadelphia,100.0,12th Grade
,,Boys Latin of Philadelphia CS,,Philadelphia,90.4,7th Grade
,,Boys Latin of Philadelphia CS,,Philadelphia,100.0,12th Grade
,,Bregy F Amedee Sch,,Philadelphia,100.0,Kindergarten
,,Bregy F Amedee Sch,,Philadelphia,100.0,7th Grade
,,Bridesburg Sch,,Philadelphia,94.1,Kindergarten
,,Bridesburg Sch,,Philadelphia,98.7,7th Grade
,,Brown Henry A Sch,,Philadelphia,95.0,Kindergarten
,,Brown Henry A Sch,,Philadelphia,97.8,7th Grade
,,Brown Joseph H Sch,,Philadelphia,91.8,Kindergarten
,,Brown Joseph H Sch,,Philadelphia,100.0,7th Grade
,,Bryant William C Sch,,Philadelphia,86.4,Kindergarten
,,Bryant William C Sch,,Philadelphia,100.0,7th Grade
,,Building 21,,Philadelphia,100.0,12th Grade
,,Calvary Christian Academy,,Philadelphia,81.4,Kindergarten
,,Calvary Christian Academy,,Philadelphia,86.1,7th Grade
,,Calvary Christian Academy,,Philadelphia,94.4,12th Grade
,,Carnell Laura H Sch,,Philadelphia,97.1,Kindergarten
,,Carver HS,,Philadelphia,93.9,7th Grade
,,Carver HS,,Philadelphia,99.2,12th Grade
,,Castor Gardens MS,,Philadelphia,99.3,7th Grade
,,Catharine Joseph Sch,,Philadelphia,96.9,Kindergarten
,,Cayuga School,,Philadelphia,85.7,Kindergarten
,,Cedar Grove Chr Acad Lower Sch,,Philadelphia,88.5,Kindergarten
,,Cedar Grove Chr Acad Lower Sch,,Philadelphia,91.4,7th Grade
,,Central HS,,Philadelphia,99.6,12th Grade
,,Childs George W Sch,,Philadelphia,93.6,Kindergarten
,,Childs George W Sch,,Philadelphia,100.0,7th Grade
,,Christopher Columbus CS,,Philadelphia,95.7,Kindergarten
,,Christopher Columbus CS,,Philadelphia,100.0,7th Grade
,,City School,,Philadelphia,100.0,12th Grade
,,City School at Fairmount,,Philadelphia,100.0,Kindergarten
,,Clemente Roberto MS,,Philadelphia,100.0,7th Grade
,,Comegys Benjamin B Sch,,Philadelphia,95.5,Kindergarten
,,Comegys Benjamin B Sch,,Philadelphia,100.0,7th Grade
,,Comly Watson Sch,,Philadelphia,88.6,Kindergarten
,,Community Academy of Philadelphia CS,,Philadelphia,98.7,Kindergarten
,,Community Academy of Philadelphia CS,,Philadelphia,100.0,7th Grade
,,Community Academy of Philadelphia CS,,Philadelphia,97.0,12th Grade
,,Constitution HS,,Philadelphia,100.0,12th Grade
,,Conwell Russell MS,,Philadelphia,100.0,7th Grade
,,Cook-Wissahickon Sch,,Philadelphia,95.9,Kindergarten
,,Cook-Wissahickon Sch,,Philadelphia,100.0,7th Grade
,,Cooke Jay MS,,Philadelphia,93.6,Kindergarten
,,Cooke Jay MS,,Philadelphia,98.1,7th Grade
,,Cramp William Sch,,Philadelphia,100.0,Kindergarten
,,Creative and Performing Arts,,Philadelphia,97.3,12th Grade
,,Crefeld School,,Philadelphia,95.0,12th Grade
,,Cristo Rey Philadelphia High School,,Philadelphia,98.4,12th Grade
,,Crossan Kennedy C Sch,,Philadelphia,93.1,Kindergarten
,,Day Anna B Sch,,Philadelphia,90.2,Kindergarten
,,Day Anna B Sch,,Philadelphia,100.0,7th Grade
,,DeBurgos Bilingual Magnet MS,,Philadelphia,95.0,Kindergarten
,,DeBurgos Bilingual Magnet MS,,Philadelphia,97.4,7th Grade
,,DePaul Catholic School,,Philadelphia,100.0,Kindergarten
,,DePaul Catholic School,,Philadelphia,100.0,7th Grade
,,Decatur Stephen Sch,,Philadelphia,95.4,Kindergarten
,,Decatur Stephen Sch,,Philadelphia,100.0,7th Grade
,,Deep Roots CS,,Philadelphia,88.4,Kindergarten
,,Dick William Sch,,Philadelphia,89.3,Kindergarten
,,Dick William Sch,,Philadelphia,97.7,7th Grade
,,Discovery CS,,Philadelphia,80.6,Kindergarten
,,Discovery CS,,Philadelphia,87.7,7th Grade
,,Disston Hamilton Sch,,Philadelphia,91.2,Kindergarten
,,Disston Hamilton Sch,,Philadelphia,97.8,7th Grade
,,Dobbins AVT HS,,Philadelphia,100.0,12th Grade
,,Dobson James Sch,,Philadelphia,91.2,Kindergarten
,,Dobson James Sch,,Philadelphia,100.0,7th Grade
,,Duckrey Tanner Sch,,Philadelphia,94.1,Kindergarten
,,Duckrey Tanner Sch,,Philadelphia,97.4,7th Grade
,,Dunbar Paul L Sch,,Philadelphia,100.0,7th Grade
,,Edison HS/Fareira Skills,,Philadelphia,100.0,12th Grade
,,Elkin Lewis Sch,,Philadelphia,92.3,Kindergarten
,,Ellwood Sch,,Philadelphia,85.2,Kindergarten
,,Emlen Eleanor C Sch,,Philadelphia,80.0,Kindergarten
,,Esperanza Academy CS,,Philadelphia,97.6,Kindergarten
,,Esperanza Academy CS,,Philadelphia,99.6,7th Grade
,,Esperanza Academy CS,,Philadelphia,99.5,12th Grade
,,Esperanza Cyber CS,,Philadelphia,91.0,7th Grade
,,Esperanza Cyber CS,,Philadelphia,94.5,12th Grade
,,Eugenio Maria DE Hostos CS,,Philadelphia,97.1,Kindergarten
,,Eugenio Maria DE Hostos CS,,Philadelphia,100.0,7th Grade
,,Fanny Jackson Coppin Sch,,Philadelphia,98.4,Kindergarten
,,Fanny Jackson Coppin Sch,,Philadelphia,98.5,7th Grade
,,Farrell Louis H Sch,,Philadelphia,86.6,Kindergarten
,,Farrell Louis H Sch,,Philadelphia,96.8,7th Grade
,,Father Judge High School,,Philadelphia,100.0,12th Grade
,,Fell D Newlin Sch,,Philadelphia,93.6,Kindergarten
,,Fell D Newlin Sch,,Philadelphia,98.7,7th Grade
,,Fels Samuel HS,,Philadelphia,96.9,12th Grade
,,Feltonville Sch of Arts & Sciences,,Philadelphia,98.7,7th Grade
,,Finletter Thomas K Sch,,Philadelphia,100.0,Kindergarten
,,Finletter Thomas K Sch,,Philadelphia,97.6,7th Grade
,,First Philadelphia Preparatory CS,,Philadelphia,95.7,Kindergarten
,,First Philadelphia Preparatory CS,,Philadelphia,100.0,7th Grade
,,First Philadelphia Preparatory CS,,Philadelphia,100.0,12th Grade
,,Fitler Academics Plus,,Philadelphia,100.0,7th Grade
,,Fitzpatrick Aloysius L Sch,,Philadelphia,98.0,Kindergarten
,,Fitzpatrick Aloysius L Sch,,Philadelphia,98.9,7th Grade
,,Folk Arts-Cultural Treasures CS,,Philadelphia,98.0,Kindergarten
,,Folk Arts-Cultural Treasures CS,,Philadelphia,98.3,7th Grade
,,Forrest Edwin Sch,,Philadelphia,97.7,Kindergarten
,,Fox Chase Sch,,Philadelphia,92.0,Kindergarten
,,Frank Anne Sch,,Philadelphia,94.8,Kindergarten
,,Frankford Friends School,,Philadelphia,100.0,Kindergarten
,,Frankford HS,,Philadelphia,98.5,12th Grade
,,Franklin Benjamin HS,,Philadelphia,99.1,12th Grade
,,Franklin Benjamin Sch,,Philadelphia,100.0,Kindergarten
,,Franklin Benjamin Sch,,Philadelphia,100.0,7th Grade
,,Franklin LC,,Philadelphia,98.3,12th Grade
,,Franklin S Edmonds Sch,,Philadelphia,95.3,Kindergarten
,,Franklin S Edmonds Sch,,Philadelphia,91.9,7th Grade
,,Franklin Towne CHS,,Philadelphia,99.7,12th Grade
,,Franklin Towne Charter Elementary School,,Philadelphia,98.1,Kindergarten
,,Franklin Towne Charter Elementary School,,Philadelphia,99.0,7th Grade
,,Frederick Douglass Mastery CS,,Philadelphia,96.7,Kindergarten
,,Frederick Douglass Mastery CS,,Philadelphia,100.0,7th Grade
,,Freire CS,,Philadelphia,95.4,7th Grade
,,Freire CS,,Philadelphia,98.8,12th Grade
,,Friends Select School,,Philadelphia,100.0,Kindergarten
,,Friends Select School,,Philadelphia,100.0,7th Grade
,,Friends Select School,,Philadelphia,100.0,12th Grade
,,Furness Horace HS,,Philadelphia,100.0,12th Grade
,,Gamp,,Philadelphia,99.2,7th Grade
,,Gamp,,Philadelphia,100.0,12th Grade
,,Germantown Friends School,,Philadelphia,100.0,Kindergarten
,,Germantown Friends School,,Philadelphia,100.0,7th Grade
,,Germantown Friends School,,Philadelphia,99.1,12th Grade
,,Gesu School,,Philadelphia,100.0,Kindergarten
,,Gesu School,,Philadelphia,100.0,7th Grade
,,Girard College,,Philadelphia,100.0,7th Grade
,,Girard College,,Philadelphia,100.0,12th Grade
,,Girard Stephen Sch,,Philadelphia,92.9,Kindergarten
,,Girls HS,,Philadelphia,95.8,12th Grade
,,Global Leadership Academy CS,,Philadelphia,95.0,Kindergarten
,,Global Leadership Academy CS,,Philadelphia,96.0,7th Grade
,,Global Leadership Academy CS Southwest at Huey,,Philadelphia,85.3,Kindergarten
,,Global Leadership Academy CS Southwest at Huey,,Philadelphia,95.1,7th Grade
,,Gloria Casarez El Sch,,Philadelphia,98.7,Kindergarten
,,Green Woods CS,,Philadelphia,95.4,Kindergarten
,,Green Woods CS,,Philadelphia,97.3,7th Grade
,,Greenberg Joseph Sch,,Philadelphia,98.3,Kindergarten
,,Greenberg Joseph Sch,,Philadelphia,97.9,7th Grade
,,Greene Street Friends School,,Philadelphia,91.7,Kindergarten
,,Greene Street Friends School,,Philadelphia,100.0,7th Grade
,,Greene Towne School Inc,,Philadelphia,96.3,Kindergarten
,,Greenfield Albert M Sch,,Philadelphia,100.0,Kindergarten
,,Greenfield Albert M Sch,,Philadelphia,97.4,7th Grade
,,Guidon S Bluford El Sch,,Philadelphia,84.0,Kindergarten
,,Guidon S Bluford El Sch,,Philadelphia,84.6,7th Grade
,,Hackett Horatio B Sch,,Philadelphia,94.4,Kindergarten
,,Hamilton Andrew Sch,,Philadelphia,97.1,Kindergarten
,,Hamilton Andrew Sch,,Philadelphia,98.4,7th Grade
,,Harambee Institute of Science and Technology CS,,Philadelphia,98.0,Kindergarten
,,Harambee Institute of Science and Technology CS,,Philadelphia,100.0,7th Grade
,,Harding Warren G MS,,Philadelphia,99.4,7th Grade
,,Harrington Avery D Sch,,Philadelphia,100.0,Kindergarten
,,Harrington Avery D Sch,,Philadelphia,97.1,7th Grade
,,Hartranft John F Sch,,Philadelphia,94.6,Kindergarten
,,Hartranft John F Sch,,Philadelphia,100.0,7th Grade
,,Henry Charles W Sch,,Philadelphia,94.0,Kindergarten
,,Henry Charles W Sch,,Philadelphia,100.0,7th Grade
,,Heston Edward Sch,,Philadelphia,88.9,Kindergarten
,,Heston Edward Sch,,Philadelphia,100.0,7th Grade
,,Hill Freedman World Academy,,Philadelphia,98.9,7th Grade
,,Hill Freedman World Academy,,Philadelphia,100.0,12th Grade
,,Holme Thomas Sch,,Philadelphia,96.1,Kindergarten
,,Holme Thomas Sch,,Philadelphia,96.8,7th Grade
,,Holy Innocents School,,Philadelphia,87.0,Kindergarten
,,Holy Innocents School,,Philadelphia,92.9,7th Grade
,,Hopkinson Francis Sch,,Philadelphia,91.1,Kindergarten
,,Hopkinson Francis Sch,,Philadelphia,98.6,7th Grade
,,Houston Henry E Sch,,Philadelphia,89.3,Kindergarten
,,Houston Henry E Sch,,Philadelphia,97.9,7th Grade
,,Howe Julia Ward Sch,,Philadelphia,95.0,Kindergarten
,,Hunter William H Sch,,Philadelphia,94.9,Kindergarten
,,Hunter William H Sch,,Philadelphia,100.0,7th Grade
,,Imhotep Institute CHS,,Philadelphia,99.3,12th Grade
,,Immaculate Heart of Mary Sch,,Philadelphia,100.0,Kindergarten
,,Immaculate Heart of Mary Sch,,Philadelphia,100.0,7th Grade
,,Impact CS West,,Philadelphia,93.8,Kindergarten
,,Impact CS West,,Philadelphia,94.2,7th Grade
,,Independence CS,,Philadelphia,92.9,Kindergarten
,,Independence CS,,Philadelphia,100.0,7th Grade
,,Inquiry CS,,Philadelphia,90.5,Kindergarten
,,International Christian High School,,Philadelphia,86.4,12th Grade
,,Jenks Abram Sch,,Philadelphia,100.0,Kindergarten
,,John B Stetson MS,,Philadelphia,97.1,7th Grade
,,John Hancock Demonstration Sch,,Philadelphia,94.4,Kindergarten
,,John Hancock Demonstration Sch,,Philadelphia,91.5,7th Grade
,,John Story Jenks Academy for the Arts and Sciences,,Philadelphia,92.3,Kindergarten
,,John Story Jenks Academy for the Arts and Sciences,,Philadelphia,97.4,7th Grade
,,Juniata Park Academy,,Philadelphia,97.0,Kindergarten
,,Juniata Park Academy,,Philadelphia,100.0,7th Grade
,,KIPP DuBois CS,,Philadelphia,92.5,12th Grade
,,KIPP North Philadelphia CS,,Philadelphia,77.4,Kindergarten
,,KIPP North Philadelphia CS,,Philadelphia,97.3,7th Grade
,,KIPP Philadelphia CS,,Philadelphia,83.3,Kindergarten
,,KIPP Philadelphia CS,,Philadelphia,95.0,7th Grade
,,KIPP Philadelphia Octavius Catto CS,,Philadelphia,92.2,Kindergarten
,,KIPP West Philadelphia CS,,Philadelphia,79.6,Kindergarten
,,KIPP West Philadelphia CS,,Philadelphia,97.4,7th Grade
,,Kearny Gen Philip Sch,,Philadelphia,95.7,Kindergarten
,,Kelley William D Sch,,Philadelphia,100.0,7th Grade
,,Kelly John B Sch,,Philadelphia,96.2,Kindergarten
,,Kenderton El Sch,,Philadelphia,90.6,Kindergarten
,,Kenderton El Sch,,Philadelphia,91.2,7th Grade
,,Kensington Creative & Performing Arts HS,,Philadelphia,98.2,12th Grade
,,Kensington HS,,Philadelphia,96.7,12th Grade
,,Kensington Health Sciences,,Philadelphia,99.0,12th Grade
,,Key Francis Scott Sch,,Philadelphia,100.0,Kindergarten
,,Keystone Academy CS,,Philadelphia,92.5,Kindergarten
,,Keystone Academy CS,,Philadelphia,98.4,7th Grade
,,King Martin Luther HS,,Philadelphia,98.5,12th Grade
,,Kirkbride Eliza B Sch,,Philadelphia,97.9,Kindergarten
,,Kirkbride Eliza B Sch,,Philadelphia,100.0,7th Grade
,,Laboratory CS,,Philadelphia,83.8,Kindergarten
,,Laboratory CS,,Philadelphia,100.0,7th Grade
,,Lamberton Robert E Sch,,Philadelphia,89.2,Kindergarten
,,Lamberton Robert E Sch,,Philadelphia,100.0,7th Grade
,,Lankenau HS,,Philadelphia,100.0,12th Grade
,,Lawton Henry W Sch,,Philadelphia,97.7,Kindergarten
,,Lea Henry C Sch,,Philadelphia,95.0,Kindergarten
,,Lea Henry C Sch,,Philadelphia,89.5,7th Grade
,,Lewis C Cassidy Academics Plus Sch,,Philadelphia,97.3,Kindergarten
,,Lewis C Cassidy Academics Plus Sch,,Philadelphia,100.0,7th Grade
,,Liguori Academy,,Philadelphia,100.0,12th Grade
,,Lincoln HS,,Philadelphia,97.7,12th Grade
,,Lindley Academy CS at Birney,,Philadelphia,96.5,Kindergarten
,,Lindley Academy CS at Birney,,Philadelphia,100.0,7th Grade
,,Lingelbach Anna L Sch,,Philadelphia,87.2,Kindergarten
,,Lingelbach Anna L Sch,,Philadelphia,97.1,7th Grade
,,Little Flower Catholic School,,Philadelphia,96.7,12th Grade
,,Locke Alain Sch,,Philadelphia,96.7,Kindergarten
,,Locke Alain Sch,,Philadelphia,100.0,7th Grade
,,Loesche William H Sch,,Philadelphia,91.7,Kindergarten
,,Logan James Sch,,Philadelphia,81.5,Kindergarten
,,Longstreth William C Sch,,Philadelphia,96.7,Kindergarten
,,Longstreth William C Sch,,Philadelphia,100.0,7th Grade
,,Lowell James R Sch,,Philadelphia,96.9,Kindergarten
,,Ludlow James R Sch,,Philadelphia,100.0,7th Grade
,,MAST Community CS,,Philadelphia,95.3,Kindergarten
,,MAST Community CS,,Philadelphia,99.1,7th Grade
,,MAST Community CS,,Philadelphia,96.5,12th Grade
,,MaST Community CS II,,Philadelphia,94.4,Kindergarten
,,MaST Community CS II,,Philadelphia,89.7,7th Grade
,,MaST Community CS II,,Philadelphia,94.2,12th Grade
,,MaST Community CS III,,Philadelphia,95.6,Kindergarten
,,MaST Community CS III,,Philadelphia,99.3,7th Grade
,,Marian Anderson Neighborhood Academy,,Philadelphia,97.8,Kindergarten
,,Mariana Bracetti Academy CS,,Philadelphia,96.8,Kindergarten
,,Mariana Bracetti Academy CS,,Philadelphia,100.0,7th Grade
,,Mariana Bracetti Academy CS,,Philadelphia,100.0,12th Grade
,,Maritime Academy CS,,Philadelphia,100.0,Kindergarten
,,Maritime Academy CS,,Philadelphia,100.0,7th Grade
,,Maritime Academy CS,,Philadelphia,100.0,12th Grade
,,Marshall John Sch,,Philadelphia,97.4,Kindergarten
,,Marshall Thurgood,,Philadelphia,95.8,Kindergarten
,,Marshall Thurgood,,Philadelphia,98.1,7th Grade
,,Mastbaum Jules E AVTS,,Philadelphia,100.0,12th Grade
,,Masterman Julia R Sec Sch,,Philadelphia,98.4,7th Grade
,,Masterman Julia R Sec Sch,,Philadelphia,99.1,12th Grade
,,Mastery CHS-Lenfest Campus,,Philadelphia,99.1,7th Grade
,,Mastery CHS-Lenfest Campus,,Philadelphia,100.0,12th Grade
,,Mastery CS - Mann Campus,,Philadelphia,95.2,Kindergarten
,,Mastery CS - Thomas Campus,,Philadelphia,96.1,Kindergarten
,,Mastery CS - Thomas Campus,,Philadelphia,99.2,7th Grade
,,Mastery CS - Thomas Campus,,Philadelphia,100.0,12th Grade
,,Mastery CS -Shoemaker Campus,,Philadelphia,95.9,7th Grade
,,Mastery CS -Shoemaker Campus,,Philadelphia,95.6,12th Grade
,,Mastery CS John Wister Elementary,,Philadelphia,90.8,Kindergarten
,,Mastery CS-Cleveland Elementary,,Philadelphia,84.7,Kindergarten
,,Mastery CS-Cleveland Elementary,,Philadelphia,100.0,7th Grade
,,Mastery CS-Clymer Elementary,,Philadelphia,91.4,Kindergarten
,,Mastery CS-Francis D. Pastorius Elementary,,Philadelphia,92.6,Kindergarten
,,Mastery CS-Francis D. Pastorius Elementary,,Philadelphia,98.7,7th Grade
,,Mastery CS-Gratz Campus,,Philadelphia,92.5,7th Grade
,,Mastery CS-Gratz Campus,,Philadelphia,94.1,12th Grade
,,Mastery CS-Hardy Williams,,Philadelphia,97.1,Kindergarten
,,Mastery CS-Hardy Williams,,Philadelphia,99.2,7th Grade
,,Mastery CS-Hardy Williams,,Philadelphia,100.0,12th Grade
,,Mastery CS-Harrity Campus,,Philadelphia,81.8,Kindergarten
,,Mastery CS-Harrity Campus,,Philadelphia,100.0,7th Grade
,,Mastery CS-Pickett Campus,,Philadelphia,95.0,7th Grade
,,Mastery CS-Pickett Campus,,Philadelphia,98.9,12th Grade
,,Mastery CS-Smedley Campus,,Philadelphia,96.2,Kindergarten
,,Mastery Prep Elementary CS,,Philadelphia,96.6,Kindergarten
,,Maternity BVM School,,Philadelphia,100.0,Kindergarten
,,Maternity BVM School,,Philadelphia,100.0,7th Grade
,,Mayfair Sch,,Philadelphia,93.8,Kindergarten
,,Mayfair Sch,,Philadelphia,98.7,7th Grade
,,McCall Gen George A Sch,,Philadelphia,95.5,Kindergarten
,,McCall Gen George A Sch,,Philadelphia,96.6,7th Grade
,,McCloskey John F Sch,,Philadelphia,100.0,Kindergarten
,,McCloskey John F Sch,,Philadelphia,100.0,7th Grade
,,McClure Alexander K Sch,,Philadelphia,96.5,Kindergarten
,,McDaniel Delaplaine Sch,,Philadelphia,96.6,Kindergarten
,,McDaniel Delaplaine Sch,,Philadelphia,100.0,7th Grade
,,McKinley William Sch,,Philadelphia,96.2,Kindergarten
,,McKinley William Sch,,Philadelphia,100.0,7th Grade
,,McMichael Morton Sch,,Philadelphia,37.5,Kindergarten
,,McMichael Morton Sch,,Philadelphia,96.9,7th Grade
,,Meade Gen George C Sch,,Philadelphia,95.0,Kindergarten
,,Meade Gen George C Sch,,Philadelphia,100.0,7th Grade
,,Memphis Street Academy CS @ JP Jones,,Philadelphia,95.9,7th Grade
,,Mercy Career and Technical High School,,Philadelphia,96.4,12th Grade
,,Meredith William M Sch,,Philadelphia,100.0,Kindergarten
,,Meredith William M Sch,,Philadelphia,100.0,7th Grade
,,Middle Years Alternative,,Philadelphia,100.0,7th Grade
,,Mifflin Thomas Sch,,Philadelphia,90.3,Kindergarten
,,Mifflin Thomas Sch,,Philadelphia,100.0,7th Grade
,,Mitchell El Sch,,Philadelphia,96.9,7th Grade
,,Moffet John Sch,,Philadelphia,100.0,Kindergarten
,,Moore J Hampton Sch,,Philadelphia,98.9,Kindergarten
,,Morris Robert Sch,,Philadelphia,100.0,7th Grade
,,Morrison Andrew J Sch,,Philadelphia,94.1,Kindergarten
,,Morrison Andrew J Sch,,Philadelphia,91.0,7th Grade
,,Morton Thomas G Sch,,Philadelphia,93.1,Kindergarten
,,Motivation HS,,Philadelphia,100.0,12th Grade
,,Multicultural Academy CS,,Philadelphia,100.0,12th Grade
,,Munoz-Marin Luis,,Philadelphia,100.0,Kindergarten
,,Munoz-Marin Luis,,Philadelphia,100.0,7th Grade
,,Nazareth Academy Grade School,,Philadelphia,100.0,7th Grade
,,Nazareth Academy High School,,Philadelphia,100.0,12th Grade
,,Nebinger George W Sch,,Philadelphia,100.0,Kindergarten
,,Nebinger George W Sch,,Philadelphia,100.0,7th Grade
,,New Foundations CS,,Philadelphia,98.6,Kindergarten
,,New Foundations CS,,Philadelphia,100.0,7th Grade
,,New Foundations CS,,Philadelphia,97.2,12th Grade
,,Northeast Community Propel Academy,,Philadelphia,97.3,Kindergarten
,,Northeast Community Propel Academy,,Philadelphia,99.2,7th Grade
,,Northeast HS,,Philadelphia,99.5,12th Grade
,,Northwood Academy CS,,Philadelphia,97.6,Kindergarten
,,Northwood Academy CS,,Philadelphia,96.5,7th Grade
,,Norwood Fontbonne Academy,,Philadelphia,100.0,Kindergarten
,,Norwood Fontbonne Academy,,Philadelphia,100.0,7th Grade
,,Olney El Sch,,Philadelphia,100.0,Kindergarten
,,Olney El Sch,,Philadelphia,100.0,7th Grade
,,Olney HS,,Philadelphia,98.8,12th Grade
,,Our Lady of Calvary School,,Philadelphia,100.0,Kindergarten
,,Our Lady of Calvary School,,Philadelphia,100.0,7th Grade
,,Our Lady of Hope Regional Catholic School,,Philadelphia,97.4,Kindergarten
,,Our Lady of Hope Regional Catholic School,,Philadelphia,100.0,7th Grade
,,Our Lady of Port Richmond School,,Philadelphia,91.3,Kindergarten
,,Our Lady of Port Richmond School,,Philadelphia,100.0,7th Grade
,,Our Mother Consolation,,Philadelphia,95.2,7th Grade
,,Overbrook Edu Ctr,,Philadelphia,100.0,7th Grade
,,Overbrook Elementary School,,Philadelphia,100.0,Kindergarten
,,Overbrook Elementary School,,Philadelphia,95.8,7th Grade
,,Overbrook HS,,Philadelphia,98.1,12th Grade
,,Pan American Academy CS,,Philadelphia,96.8,Kindergarten
,,Pan American Academy CS,,Philadelphia,100.0,7th Grade
,,Parkway Center City Middle College,,Philadelphia,100.0,12th Grade
,,Parkway Northwest,,Philadelphia,98.3,12th Grade
,,Parkway West,,Philadelphia,100.0,12th Grade
,,Patterson John M Sch,,Philadelphia,97.3,Kindergarten
,,Paul Robeson HS for Human Services,,Philadelphia,100.0,12th Grade
,,Peirce Thomas M Sch,,Philadelphia,91.8,Kindergarten
,,Penn Alexander Sch,,Philadelphia,100.0,Kindergarten
,,Penn Alexander Sch,,Philadelphia,100.0,7th Grade
,,Penn Treaty Sch,,Philadelphia,97.1,7th Grade
,,Penn Treaty Sch,,Philadelphia,96.7,12th Grade
,,Pennell Joseph Sch,,Philadelphia,94.1,Kindergarten
,,Penrose Sch,,Philadelphia,94.1,Kindergarten
,,Penrose Sch,,Philadelphia,100.0,7th Grade
,,People for People CS,,Philadelphia,93.5,Kindergarten
,,People for People CS,,Philadelphia,100.0,7th Grade
,,Philadelphia Academy CS,,Philadelphia,98.4,Kindergarten
,,Philadelphia Academy CS,,Philadelphia,98.8,7th Grade
,,Philadelphia Academy CS,,Philadelphia,100.0,12th Grade
,,Philadelphia Classical School,,Philadelphia,66.7,Kindergarten
,,Philadelphia Electrical & Tech CHS,,Philadelphia,98.6,12th Grade
,,Philadelphia Hebrew Public CS,,Philadelphia,92.2,Kindergarten
,,Philadelphia Hebrew Public CS,,Philadelphia,100.0,7th Grade
,,Philadelphia Learning Academy - West,,Philadelphia,96.4,12th Grade
,,Philadelphia Military Acad at Elverson,,Philadelphia,100.0,12th Grade
,,Philadelphia Performing Arts CS,,Philadelphia,94.8,Kindergarten
,,Philadelphia Performing Arts CS,,Philadelphia,98.4,7th Grade
,,Philadelphia Performing Arts CS,,Philadelphia,99.4,12th Grade
,,Philadelphia School,,Philadelphia,100.0,Kindergarten
,,Philadelphia School,,Philadelphia,100.0,7th Grade
,,Pollock Robert B Sch,,Philadelphia,95.0,Kindergarten
,,Pollock Robert B Sch,,Philadelphia,99.1,7th Grade
,,Potter-Thomas Sch,,Philadelphia,90.3,Kindergarten
,,Potter-Thomas Sch,,Philadelphia,100.0,7th Grade
,,Powel Samuel Sch,,Philadelphia,92.9,Kindergarten
,,Preparatory CS of Mathematics Science Tech and Careers,,Philadelphia,100.0,12th Grade
,,Prince Hall,,Philadelphia,96.6,Kindergarten
,,Randolph A. Philip AVT HS,,Philadelphia,100.0,12th Grade
,,Resurrection Regional Catholic School,,Philadelphia,96.3,Kindergarten
,,Resurrection Regional Catholic School,,Philadelphia,100.0,7th Grade
,,Rhawnhurst Sch,,Philadelphia,97.8,Kindergarten
,,Rhoads James Sch,,Philadelphia,93.9,Kindergarten
,,Rhoads James Sch,,Philadelphia,98.1,7th Grade
,,Rhodes E Washington Sch,,Philadelphia,92.2,7th Grade
,,Richard Allen Preparatory CS,,Philadelphia,95.6,7th Grade
,,Richmond Sch,,Philadelphia,91.7,Kindergarten
,,Roman Catholic High School,,Philadelphia,100.0,12th Grade
,,Roosevelt Theodore MS,,Philadelphia,91.9,Kindergarten
,,Roosevelt Theodore MS,,Philadelphia,93.7,7th Grade
,,Rowen William Sch,,Philadelphia,93.3,Kindergarten
,,Roxborough HS,,Philadelphia,99.4,12th Grade
,,SS John Neumann and Maria Goretti Catholic High School,,Philadelphia,100.0,12th Grade
,,Saint Timothy Catholic School,,Philadelphia,100.0,Kindergarten
,,Saint Timothy Catholic School,,Philadelphia,100.0,7th Grade
,,Samuel Gompers Sch,,Philadelphia,87.0,Kindergarten
,,Samuel Gompers Sch,,Philadelphia,100.0,7th Grade
,,Samuel Pennypacker Sch,,Philadelphia,91.2,Kindergarten
,,Samuel Pennypacker Sch,,Philadelphia,97.1,7th Grade
,,Sankofa Freedom Academy CS,,Philadelphia,89.5,Kindergarten
,,Sankofa Freedom Academy CS,,Philadelphia,100.0,7th Grade
,,Sankofa Freedom Academy CS,,Philadelphia,97.7,12th Grade
,,Saul W B Agricultural School,,Philadelphia,99.0,12th Grade
,,Sayre William L MS,,Philadelphia,98.1,12th Grade
,,School of the Future,,Philadelphia,94.2,12th Grade
,,Science Leadership Academy,,Philadelphia,100.0,12th Grade
,,Science Leadership Academy MS,,Philadelphia,95.8,7th Grade
,,Sharswood George Sch,,Philadelphia,94.3,Kindergarten
,,Sharswood George Sch,,Philadelphia,100.0,7th Grade
,,Shawmont Sch,,Philadelphia,98.4,Kindergarten
,,Shawmont Sch,,Philadelphia,97.7,7th Grade
,,Solis-Cohen Solomon Sch,,Philadelphia,98.1,Kindergarten
,,South Philadelphia HS,,Philadelphia,99.4,12th Grade
,,Southwark Sch,,Philadelphia,96.6,Kindergarten
,,Southwark Sch,,Philadelphia,96.5,7th Grade
,,Southwest Leadership Academy CS,,Philadelphia,87.1,Kindergarten
,,Southwest Leadership Academy CS,,Philadelphia,100.0,7th Grade
,,Spring Garden Sch,,Philadelphia,100.0,Kindergarten
,,Spring Garden Sch,,Philadelphia,100.0,7th Grade
,,Springside Chestnut Hill Academy,,Philadelphia,95.5,Kindergarten
,,Springside Chestnut Hill Academy,,Philadelphia,98.6,7th Grade
,,Springside Chestnut Hill Academy,,Philadelphia,97.8,12th Grade
,,Spruance Gilbert Sch,,Philadelphia,96.1,Kindergarten
,,Spruance Gilbert Sch,,Philadelphia,99.3,7th Grade
,,St Anselm Elementary School,,Philadelphia,92.9,Kindergarten
,,St Anthony of Padua Regional Catholic School,,Philadelphia,100.0,7th Grade
,,St Athanasius School,,Philadelphia,100.0,7th Grade
,,St Barnabas School,,Philadelphia,88.2,Kindergarten
,,St Barnabas School,,Philadelphia,95.3,7th Grade
,,St Cecilia School,,Philadelphia,100.0,Kindergarten
,,St Cecilia School,,Philadelphia,100.0,7th Grade
,,St Christopher School,,Philadelphia,100.0,Kindergarten
,,St Christopher School,,Philadelphia,100.0,7th Grade
,,St Frances Cabrini Regional Catholic School,,Philadelphia,90.0,Kindergarten
,,St Frances Cabrini Regional Catholic School,,Philadelphia,100.0,7th Grade
,,St Francis De Sales School,,Philadelphia,95.8,Kindergarten
,,St Francis De Sales School,,Philadelphia,100.0,7th Grade
,,St Francis Xavier School,,Philadelphia,100.0,Kindergarten
,,St Helena Incarnation Regional Catholic School,,Philadelphia,96.8,Kindergarten
,,St Helena Incarnation Regional Catholic School,,Philadelphia,96.0,7th Grade
,,St Huberts Catholic High Sch,,Philadelphia,100.0,12th Grade
,,St Jerome School,,Philadelphia,91.5,Kindergarten
,,St Jerome School,,Philadelphia,100.0,7th Grade
,,St Katherine of Siena School,,Philadelphia,96.4,Kindergarten
,,St Katherine of Siena School,,Philadelphia,97.1,7th Grade
,,St Malachy School,,Philadelphia,100.0,7th Grade
,,St Martin De Porres,,Philadelphia,93.5,Kindergarten
,,St Martin De Porres,,Philadelphia,100.0,7th Grade
,,St Martin of Tours School,,Philadelphia,100.0,Kindergarten
,,St Martin of Tours School,,Philadelphia,100.0,7th Grade
,,St Marys Interparochial School,,Philadelphia,92.9,Kindergarten
,,St Marys Interparochial School,,Philadelphia,100.0,7th Grade
,,St Matthew School,,Philadelphia,100.0,Kindergarten
,,St Matthew School,,Philadelphia,100.0,7th Grade
,,St Monica School,,Philadelphia,100.0,Kindergarten
,,St Monica School,,Philadelphia,100.0,7th Grade
,,St Peter the Apostle School,,Philadelphia,92.0,Kindergarten
,,St Pio Catholic Regional School,,Philadelphia,97.5,Kindergarten
,,St Pio Catholic Regional School,,Philadelphia,100.0,7th Grade
,,St Raymond of Penafort,,Philadelphia,100.0,Kindergarten
,,St Raymond of Penafort,,Philadelphia,90.5,7th Grade
,,St Rose of Lima School,,Philadelphia,78.6,Kindergarten
,,St Rose of Lima School,,Philadelphia,83.3,7th Grade
,,St Thomas Aquinas School,,Philadelphia,95.8,Kindergarten
,,St Thomas Aquinas School,,Philadelphia,100.0,7th Grade
,,St Veronica School,,Philadelphia,100.0,7th Grade
,,Stanton Edwin M Sch,,Philadelphia,93.3,Kindergarten
,,Stanton Edwin M Sch,,Philadelphia,100.0,7th Grade
,,Stearne Allen M Sch,,Philadelphia,100.0,Kindergarten
,,Stearne Allen M Sch,,Philadelphia,100.0,7th Grade
,,Steel Edward Sch,,Philadelphia,100.0,Kindergarten
,,Steel Edward Sch,,Philadelphia,100.0,7th Grade
,,Strawberry Mansion HS,,Philadelphia,100.0,12th Grade
,,Sullivan James J Sch,,Philadelphia,90.8,Kindergarten
,,Swenson Arts & Technology HS,,Philadelphia,100.0,12th Grade
,,TECH Freire CS,,Philadelphia,94.7,12th Grade
,,Tacony Academy CS,,Philadelphia,97.4,Kindergarten
,,Tacony Academy CS,,Philadelphia,98.8,7th Grade
,,Tacony Academy CS,,Philadelphia,98.9,12th Grade
,,Taggart John H Sch,,Philadelphia,98.3,Kindergarten
,,Taggart John H Sch,,Philadelphia,97.9,7th Grade
,,Talmudical Yeshiva of Philadelphia,,Philadelphia,85.7,12th Grade
,,Taylor Bayard Sch,,Philadelphia,96.5,Kindergarten
,,The Linc,,Philadelphia,89.4,12th Grade
,,The Philadelphia CS for Arts and Sciences at HR Edmunds,,Philadelphia,87.8,Kindergarten
,,The Philadelphia CS for Arts and Sciences at HR Edmunds,,Philadelphia,97.1,7th Grade
,,The SD of Philadelphia Virtual Academy,,Philadelphia,94.9,7th Grade
,,The SD of Philadelphia Virtual Academy,,Philadelphia,98.9,12th Grade
,,The Science Leadership Academy at Beeber,,Philadelphia,100.0,7th Grade
,,The Science Leadership Academy at Beeber,,Philadelphia,96.6,12th Grade
,,The U School: Innovative Lab,,Philadelphia,100.0,12th Grade
,,The Workshop School,,Philadelphia,100.0,12th Grade
,,Tilden William T MS,,Philadelphia,100.0,7th Grade
,,Universal Alcorn CS,,Philadelphia,100.0,Kindergarten
,,Universal Alcorn CS,,Philadelphia,98.3,7th Grade
,,Universal Audenried CS,,Philadelphia,96.6,12th Grade
,,Universal Creighton CS,,Philadelphia,98.7,Kindergarten
,,Universal Institute CS,,Philadelphia,87.3,Kindergarten
,,Universal Institute CS,,Philadelphia,96.9,7th Grade
,,Universal Vare CS,,Philadelphia,100.0,7th Grade
,,Vare-Washington El Sch,,Philadelphia,98.0,Kindergarten
,,Vare-Washington El Sch,,Philadelphia,100.0,7th Grade
,,Vaux HS: A Big Picture School,,Philadelphia,100.0,12th Grade
,,Visitation School,,Philadelphia,90.6,Kindergarten
,,Visitation School,,Philadelphia,100.0,7th Grade
,,Wagner Gen Louis MS,,Philadelphia,96.5,7th Grade
,,Waldorf School of Philadelphia,,Philadelphia,90.0,Kindergarten
,,Waldorf School of Philadelphia,,Philadelphia,85.7,7th Grade
,,Waring Laura W Sch,,Philadelphia,96.2,7th Grade
,,Washington George HS,,Philadelphia,97.7,12th Grade
,,Washington Grover Jr Sch,,Philadelphia,100.0,7th Grade
,,Washington Martha Sch,,Philadelphia,100.0,7th Grade
,,Webster Sch,,Philadelphia,97.1,Kindergarten
,,Welsh John Sch,,Philadelphia,97.0,Kindergarten
,,Welsh John Sch,,Philadelphia,100.0,7th Grade
,,West Catholic Prep High School,,Philadelphia,73.0,12th Grade
,,West Oak Lane CS,,Philadelphia,92.8,Kindergarten
,,West Oak Lane CS,,Philadelphia,100.0,7th Grade
,,West Philadelphia HS,,Philadelphia,99.4,12th Grade
,,Widener Memorial Sch,,Philadelphia,96.9,12th Grade
,,Willard Frances E Sch,,Philadelphia,100.0,Kindergarten
,,William Penn Charter School,,Philadelphia,95.6,Kindergarten
,,William Penn Charter School,,Philadelphia,98.6,7th Grade
,,William Penn Charter School,,Philadelphia,99.2,12th Grade
,,Wissahickon CS,,Philadelphia,100.0,Kindergarten
,,Wissahickon CS,,Philadelphia,99.1,7th Grade
,,Wright Richard R Sch,,Philadelphia,100.0,Kindergarten
,,Young Scholars CS,,Philadelphia,95.9,7th Grade
,,Youth Build Phila CS,,Philadelphia,86.6,12th Grade
,,Ziegler William H Sch,,Philadelphia,97.8,Kindergarten
,,Ziegler William H Sch,,Philadelphia,100.0,7th Grade
,,Delaware Valley El Sch,,Pike,91.0,Kindergarten
,,Delaware Valley HS,,Pike,92.2,12th Grade
,,Delaware Valley MS,,Pike,91.5,7th Grade
,,Dingman-Delaware MS,,Pike,93.5,7th Grade
,,Dingman-Delaware Primary Sch,,Pike,90.7,Kindergarten
,,Shohola El Sch,,Pike,80.3,Kindergarten
,,Wallenpaupack Area HS,,Pike,96.3,12th Grade
,,Wallenpaupack Area MS,,Pike,80.4,7th Grade
,,Wallenpaupack Pri Sch,,Pike,87.2,Kindergarten
,,Coudersport Area El Sch,,Potter,98.1,Kindergarten
,,Coudersport Area JSHS,,Potter,94.0,7th Grade
,,Coudersport Area JSHS,,Potter,100.0,12th Grade
,,Galeton Area Sch,,Potter,100.0,7th Grade
,,Galeton Area Sch,,Potter,100.0,12th Grade
,,Galeton JSHS,,Potter,100.0,7th Grade
,,Galeton JSHS,,Potter,100.0,12th Grade
,,Northern Potter Childrens Sch,,Potter,91.8,Kindergarten
,,Northern Potter JSHS,,Potter,91.8,7th Grade
,,Northern Potter JSHS,,Potter,88.2,12th Grade
,,Oswayo Valley El Sch,,Potter,85.7,Kindergarten
,,Oswayo Valley JSHS,,Potter,96.6,7th Grade
,,Oswayo Valley JSHS,,Potter,96.0,12th Grade
,,Blue Mountain El East Sch,,Schuylkill,89.0,Kindergarten
,,Blue Mountain El West Sch,,Schuylkill,87.3,Kindergarten
,,Blue Mountain HS,,Schuylkill,97.2,12th Grade
,,Blue Mountain MS,,Schuylkill,88.8,7th Grade
,,Clarke El Ctr,,Schuylkill,98.9,Kindergarten
,,Early Childhood Edu Ctr,,Schuylkill,88.2,Kindergarten
,,Gillingham Charter School,,Schuylkill,100.0,7th Grade
,,Hegins-Hubley El Sch,,Schuylkill,95.5,Kindergarten
,,Lengel MS,,Schuylkill,100.0,7th Grade
,,Mahanoy Area El Sch,,Schuylkill,97.6,Kindergarten
,,Mahanoy Area JSHS,,Schuylkill,100.0,7th Grade
,,Mahanoy Area JSHS,,Schuylkill,100.0,12th Grade
,,Mahantongo El Sch,,Schuylkill,95.2,Kindergarten
,,Marian High School,,Schuylkill,88.5,12th Grade
,,Minersville Area JSHS,,Schuylkill,100.0,7th Grade
,,Minersville Area JSHS,,Schuylkill,98.8,12th Grade
,,Nativity BVM High School,,Schuylkill,100.0,12th Grade
,,North Schuylkill Elem Sch,,Schuylkill,95.6,Kindergarten
,,North Schuylkill JSHS,,Schuylkill,100.0,7th Grade
,,North Schuylkill JSHS,,Schuylkill,100.0,12th Grade
,,Pine Grove Area HS,,Schuylkill,96.8,12th Grade
,,Pine Grove Area MS,,Schuylkill,92.9,7th Grade
,,Pine Grove El Sch,,Schuylkill,96.0,Kindergarten
,,Pottsville Area HS,,Schuylkill,98.7,12th Grade
,,Saint Clair Area El/MS,,Schuylkill,94.3,Kindergarten
,,Saint Clair Area El/MS,,Schuylkill,95.2,7th Grade
,,Schuylkill Haven El Ctr,,Schuylkill,98.9,Kindergarten
,,Schuylkill Haven MS,,Schuylkill,97.8,7th Grade
,,Schuylkill Haven SHS,,Schuylkill,95.9,12th Grade
,,Shenandoah Valley El Sch,,Schuylkill,99.0,Kindergarten
,,Shenandoah Valley JSHS,,Schuylkill,100.0,7th Grade
,,Shenandoah Valley JSHS,,Schuylkill,100.0,12th Grade
,,St Jerome Regional School,,Schuylkill,97.1,Kindergarten
,,St Jerome Regional School,,Schuylkill,100.0,7th Grade
,,Tamaqua Area MS,,Schuylkill,98.1,7th Grade
,,Tamaqua Area SHS,,Schuylkill,99.4,12th Grade
,,Tamaqua El Sch,,Schuylkill,99.1,Kindergarten
,,Tri-Valley JSHS,,Schuylkill,100.0,7th Grade
,,Tri-Valley JSHS,,Schuylkill,100.0,12th Grade
,,West Penn Twp El Sch,,Schuylkill,100.0,Kindergarten
,,Williams Valley El Sch,,Schuylkill,98.7,Kindergarten
,,Williams Valley JSHS,,Schuylkill,96.7,7th Grade
,,Williams Valley JSHS,,Schuylkill,97.6,12th Grade
,,Midd-West HS,,Snyder,95.0,12th Grade
,,Midd-West MS,,Snyder,95.9,7th Grade
,,Middleburg El Sch,,Snyder,85.3,Kindergarten
,,Selinsgrove Area El Sch,,Snyder,92.8,Kindergarten
,,Selinsgrove Area HS,,Snyder,97.4,12th Grade
,,Selinsgrove Area MS,,Snyder,95.3,7th Grade
,,West Snyder El Sch,,Snyder,91.2,Kindergarten
,,Berlin Brothersvalley El Sch,,Somerset,98.2,Kindergarten
,,Berlin Brothersvalley MS,,Somerset,100.0,7th Grade
,,Berlin Brothersvalley SHS,,Somerset,98.4,12th Grade
,,Cairnbrook El Sch,,Somerset,100.0,Kindergarten
,,Conemaugh Twp Area El Sch,,Somerset,94.8,Kindergarten
,,Conemaugh Twp Area MS/SHS,,Somerset,98.1,7th Grade
,,Conemaugh Twp Area MS/SHS,,Somerset,100.0,12th Grade
,,Johnstown Christian School,,Somerset,68.0,Kindergarten
,,Maple Ridge El Sch,,Somerset,93.9,Kindergarten
,,Meyersdale Area El Sch,,Somerset,93.5,Kindergarten
,,Meyersdale Area HS,,Somerset,95.2,12th Grade
,,Meyersdale Area MS,,Somerset,91.3,7th Grade
,,North Star Central El Sch,,Somerset,91.7,Kindergarten
,,North Star East MS,,Somerset,93.8,7th Grade
,,North Star HS,,Somerset,95.2,12th Grade
,,Rockwood Area El Sch,,Somerset,90.6,Kindergarten
,,Rockwood Area JSHS,,Somerset,94.9,7th Grade
,,Rockwood Area JSHS,,Somerset,97.4,12th Grade
,,Salisbury-Elk Lick JSHS,,Somerset,100.0,12th Grade
,,Shade JSHS,,Somerset,96.2,7th Grade
,,Shanksville-Stonycreek El Sch,,Somerset,90.9,Kindergarten
,,Shanksville-Stonycreek HS,,Somerset,95.7,12th Grade
,,Shanksville-Stonycreek MS,,Somerset,90.9,7th Grade
,,Somerset Area Jr-Sr HS,,Somerset,95.0,7th Grade
,,Somerset Area Jr-Sr HS,,Somerset,94.5,12th Grade
,,Windber Area HS,,Somerset,95.7,7th Grade
,,Windber Area MS,,Somerset,98.9,12th Grade
,,Windber El Sch,,Somerset,97.6,Kindergarten
,,Red Rock High School,,Sullivan,80.3,12th Grade
,,Sullivan Co El Sch,,Sullivan,97.4,Kindergarten
,,Sullivan Co JSHS,,Sullivan,92.9,7th Grade
,,Sullivan Co JSHS,,Sullivan,92.3,12th Grade
,,Blue Ridge El Sch,,Susquehanna,98.7,Kindergarten
,,Blue Ridge HS,,Susquehanna,96.6,12th Grade
,,Blue Ridge MS,,Susquehanna,97.4,7th Grade
,,Choconut Valley El Sch,,Susquehanna,80.6,Kindergarten
,,Elk Lake El Sch,,Susquehanna,96.1,Kindergarten
,,Elk Lake JSHS,,Susquehanna,97.6,7th Grade
,,Elk Lake JSHS,,Susquehanna,97.7,12th Grade
,,Forest City Regional El Sch,,Susquehanna,96.6,Kindergarten
,,Forest City Regional HS,,Susquehanna,95.6,7th Grade
,,Forest City Regional HS,,Susquehanna,93.6,12th Grade
,,Lathrop Street El Sch,,Susquehanna,96.5,Kindergarten
,,Montrose Area JSHS,,Susquehanna,88.5,7th Grade
,,Montrose Area JSHS,,Susquehanna,91.8,12th Grade
,,Mountain View El Sch,,Susquehanna,87.1,Kindergarten
,,Mountain View JSHS,,Susquehanna,87.5,7th Grade
,,Mountain View JSHS,,Susquehanna,93.5,12th Grade
,,Susquehanna Community El Sch,,Susquehanna,95.2,Kindergarten
,,Susquehanna Community JSHS,,Susquehanna,92.9,7th Grade
,,Susquehanna Community JSHS,,Susquehanna,100.0,12th Grade
,,Blossburg El Sch,,Tioga,93.5,Kindergarten
,,Charlotte Lappla El Sch,,Tioga,94.8,Kindergarten
,,Clark Wood El Sch,,Tioga,97.5,Kindergarten
,,Cowanesque Valley JSHS,,Tioga,94.1,7th Grade
,,Cowanesque Valley JSHS,,Tioga,95.2,12th Grade
,,Liberty El Sch,,Tioga,100.0,Kindergarten
,,North Penn-Liberty JSHS,,Tioga,98.0,7th Grade
,,North Penn-Liberty JSHS,,Tioga,98.0,12th Grade
,,North Penn-Mansfield JSHS,,Tioga,96.0,7th Grade
,,North Penn-Mansfield JSHS,,Tioga,99.0,12th Grade
,,Rock L Butler MS,,Tioga,86.6,7th Grade
,,Russell B Walter El Sch,,Tioga,96.7,Kindergarten
,,Warren L Miller El Sch,,Tioga,94.9,Kindergarten
,,Wellsboro Area HS,,Tioga,90.9,12th Grade
,,Westfield Area El Sch,,Tioga,80.6,Kindergarten
,,Williamson SHS,,Tioga,96.0,7th Grade
,,Williamson SHS,,Tioga,85.0,12th Grade
,,Donald H Eichhorn MS,,Union,91.6,7th Grade
,,Kelly El Sch,,Union,91.0,Kindergarten
,,Lewisburg Area HS,,Union,95.4,12th Grade
,,Mifflinburg Area MS,,Union,94.9,7th Grade
,,Mifflinburg Area SHS,,Union,96.4,12th Grade
,,Mifflinburg El Sch,,Union,91.1,Kindergarten
,,Central El Sch,,Venango,93.4,Kindergarten
,,Cranberry Area JSHS,,Venango,93.4,7th Grade
,,Cranberry Area JSHS,,Venango,93.8,12th Grade
,,Cranberry El Sch,,Venango,93.5,Kindergarten
,,Early Childhood Lc,,Venango,85.2,Kindergarten
,,Franklin Area JSHS,,Venango,92.8,7th Grade
,,Franklin Area JSHS,,Venango,96.7,12th Grade
,,Hasson Heights Sch,,Venango,91.2,Kindergarten
,,Oil City Area MS,,Venango,97.3,7th Grade
,,Oil City SHS,,Venango,98.5,12th Grade
,,Pathways Education Center,,Venango,100.0,12th Grade
,,Rocky Grove JSHS,,Venango,95.7,7th Grade
,,Rocky Grove JSHS,,Venango,94.7,12th Grade
,,Sandycreek El Sch,,Venango,91.1,Kindergarten
,,Smedley Street Sch,,Venango,100.0,Kindergarten
,,Titusville MS,,Venango,96.3,7th Grade
,,Titusville SHS,,Venango,96.3,12th Grade
,,Valley Grove El Sch,,Venango,93.0,Kindergarten
,,Beaty-Warren MS,,Warren,96.8,7th Grade
,,Eisenhower El Sch,,Warren,93.1,Kindergarten
,,Eisenhower M/HS,,Warren,91.9,7th Grade
,,Eisenhower M/HS,,Warren,93.3,12th Grade
,,Sheffield Area El/MS Sch,,Warren,92.3,Kindergarten
,,Sheffield Area El/MS Sch,,Warren,97.4,7th Grade
,,St Joseph School,,Warren,87.1,Kindergarten
,,Tidioute Community CS,,Warren,100.0,7th Grade
,,Warren Area El Ctr,,Warren,96.9,Kindergarten
,,Warren Area HS,,Warren,100.0,12th Grade
,,Youngsville El/MS Sch,,Warren,93.5,Kindergarten
,,Youngsville El/MS Sch,,Warren,94.6,7th Grade
,,Allison Park El Sch,,Washington,95.3,Kindergarten
,,Avella Area JSHS,,Washington,100.0,7th Grade
,,Avella Area JSHS,,Washington,100.0,12th Grade
,,Avella El Center,,Washington,93.3,Kindergarten
,,Bentworth El Ctr,,Washington,91.5,Kindergarten
,,Bentworth MS,,Washington,91.5,7th Grade
,,Bentworth SHS,,Washington,96.0,12th Grade
,,Bethlehem-Center El Sch,,Washington,93.3,Kindergarten
,,Bethlehem-Center JSHS,,Washington,97.2,7th Grade
,,Bethlehem-Center JSHS,,Washington,100.0,12th Grade
,,Borland Manor El Sch,,Washington,90.7,Kindergarten
,,Bower Hill El Sch,,Washington,93.1,Kindergarten
,,Burgettstown El Ctr,,Washington,93.1,Kindergarten
,,Burgettstown MS/HS,,Washington,98.4,7th Grade
,,Burgettstown MS/HS,,Washington,100.0,12th Grade
,,California Area El Sch,,Washington,94.2,Kindergarten
,,California Area MS,,Washington,97.3,7th Grade
,,California Area SHS,,Washington,95.6,12th Grade
,,Canon-McMillan MS,,Washington,97.1,7th Grade
,,Canon-McMillan SHS,,Washington,97.6,12th Grade
,,Central Christian Academy,,Washington,84.1,Kindergarten
,,Central Christian Academy,,Washington,100.0,7th Grade
,,Charleroi Area El Ctr,,Washington,96.1,Kindergarten
,,Charleroi Area MS,,Washington,96.7,7th Grade
,,Charleroi Area MS,,Washington,97.6,12th Grade
,,Chartiers-Houston JSHS,,Washington,100.0,7th Grade
,,Chartiers-Houston JSHS,,Washington,100.0,12th Grade
,,Claysville El Sch,,Washington,88.8,Kindergarten
,,Fort Cherry El Ctr,,Washington,78.9,Kindergarten
,,Fort Cherry JSHS,,Washington,97.1,7th Grade
,,Fort Cherry JSHS,,Washington,98.4,12th Grade
,,Hills-Hendersonville El Sch,,Washington,98.2,Kindergarten
,,Joe Walker El Sch,,Washington,100.0,Kindergarten
,,John F Kennedy School,,Washington,100.0,Kindergarten
,,McGuffey HS,,Washington,96.1,12th Grade
,,McGuffey MS,,Washington,92.3,7th Grade
,,Muse El Sch,,Washington,95.6,Kindergarten
,,Peters Twp HS,,Washington,97.2,12th Grade
,,Peters Twp MS,,Washington,94.3,7th Grade
,,Pleasant Valley El Sch,,Washington,95.0,Kindergarten
,,Ringgold El Sch North,,Washington,93.4,Kindergarten
,,Ringgold El Sch South,,Washington,92.9,Kindergarten
,,Ringgold MS,,Washington,98.8,7th Grade
,,Ringgold SHS,,Washington,99.5,12th Grade
,,South Central El,,Washington,96.3,Kindergarten
,,Trinity East El Sch,,Washington,88.9,Kindergarten
,,Trinity MS,,Washington,99.3,7th Grade
,,Trinity North El Sch,,Washington,98.3,Kindergarten
,,Trinity SHS,,Washington,99.6,12th Grade
,,Trinity South El Sch,,Washington,97.3,Kindergarten
,,Trinity West El Sch,,Washington,98.7,Kindergarten
,,Washington HS,,Washington,100.0,12th Grade
,,Washington Junior High School,,Washington,100.0,7th Grade
,,Washington Park El Sch,,Washington,98.1,Kindergarten
,,Wylandville El Sch,,Washington,94.1,Kindergarten
,,Damascus Area Sch,,Wayne,75.0,Kindergarten
,,Damascus Area Sch,,Wayne,83.3,7th Grade
,,EverGreen El Sch,,Wayne,94.0,Kindergarten
,,Honesdale HS,,Wayne,92.4,12th Grade
,,Stourbridge Primary Ctr,,Wayne,90.1,Kindergarten
,,Wallenpaupack South El Sch,,Wayne,81.1,Kindergarten
,,Wayne Highlands MS,,Wayne,92.7,7th Grade
,,Western Wayne HS,,Wayne,99.3,12th Grade
,,Western Wayne MS,,Wayne,97.7,7th Grade
,,Wilson El Sch,,Wayne,89.1,Kindergarten
,,Amos K Hutchinson El Sch,,Westmoreland,95.4,Kindergarten
,,Baggaley El Sch,,Westmoreland,92.1,Kindergarten
,,Belle Vernon Area HS,,Westmoreland,98.4,12th Grade
,,Belle Vernon Area MS,,Westmoreland,96.2,7th Grade
,,Bon Air El Sch,,Westmoreland,93.8,Kindergarten
,,Burrell HS,,Westmoreland,95.9,12th Grade
,,Charles A Huston MS,,Westmoreland,97.7,7th Grade
,,Christ the Divine Teacher School,,Westmoreland,88.9,Kindergarten
,,Christ the Divine Teacher School,,Westmoreland,80.0,7th Grade
,,Derry Area MS,,Westmoreland,93.6,7th Grade
,,Derry Area SHS,,Westmoreland,97.0,12th Grade
,,Dr Robert Ketterer CS Inc,,Westmoreland,84.1,12th Grade
,,Fort Allen El Sch,,Westmoreland,91.0,Kindergarten
,,Franklin Regional MS,,Westmoreland,95.5,7th Grade
,,Franklin Regional Primary Sch,,Westmoreland,92.9,Kindergarten
,,Franklin Regional SHS,,Westmoreland,95.6,12th Grade
,,Grandview El Sch,,Westmoreland,92.8,Kindergarten
,,Greater Latrobe JHS,,Westmoreland,89.0,7th Grade
,,Greater Latrobe SHS,,Westmoreland,89.5,12th Grade
,,Greensburg Central Catholic Jr-Sr High School,,Westmoreland,93.5,7th Grade
,,Greensburg Central Catholic Jr-Sr High School,,Westmoreland,96.8,12th Grade
,,Greensburg-Salem HS,,Westmoreland,96.4,12th Grade
,,Greensburg-Salem MS,,Westmoreland,97.3,7th Grade
,,H W Good El Sch,,Westmoreland,97.4,Kindergarten
,,Hahntown El Sch,,Westmoreland,94.4,Kindergarten
,,Harrison Park El Sch,,Westmoreland,88.7,Kindergarten
,,Hempfield Area SHS,,Westmoreland,95.8,12th Grade
,,Jeannette HS,,Westmoreland,97.3,7th Grade
,,Jeannette HS,,Westmoreland,98.5,12th Grade
,,Jeannette McKee El Sch,,Westmoreland,98.5,Kindergarten
,,Kiski Area East Primary Sch,,Westmoreland,96.8,Kindergarten
,,Kiski Area HS,,Westmoreland,96.7,12th Grade
,,Kiski Area IHS,,Westmoreland,92.5,7th Grade
,,Kiski Area North Primary Sch,,Westmoreland,94.4,Kindergarten
,,Kiski Area South Primary Sch,,Westmoreland,93.7,Kindergarten
,,Kiski School,,Westmoreland,96.1,12th Grade
,,Latrobe El Sch,,Westmoreland,96.2,Kindergarten
,,Laurel Valley El Sch,,Westmoreland,94.6,Kindergarten
,,Level Green El Sch,,Westmoreland,95.5,Kindergarten
,,Ligonier Valley HS,,Westmoreland,88.0,12th Grade
,,Ligonier Valley MS,,Westmoreland,86.7,7th Grade
,,Marion El Sch,,Westmoreland,91.4,Kindergarten
,,Martin Sch,,Westmoreland,93.8,Kindergarten
,,Maxwell El Sch,,Westmoreland,95.0,Kindergarten
,,McCullough El Sch,,Westmoreland,90.4,Kindergarten
,,Mellon El Sch,,Westmoreland,87.0,Kindergarten
,,Mendon El Sch,,Westmoreland,88.2,Kindergarten
,,Metzgar El Sch,,Westmoreland,92.5,Kindergarten
,,Monessen El Ctr,,Westmoreland,96.4,Kindergarten
,,Monessen MS,,Westmoreland,93.8,7th Grade
,,Monessen SHS,,Westmoreland,100.0,12th Grade
,,Mother of Sorrows School,,Westmoreland,92.7,Kindergarten
,,Mother of Sorrows School,,Westmoreland,100.0,7th Grade
,,Mount Pleasant Area HS,,Westmoreland,96.0,12th Grade
,,Mount Pleasant Area JHS,,Westmoreland,94.2,7th Grade
,,Mountain View El Sch,,Westmoreland,87.9,Kindergarten
,,Nicely El Sch,,Westmoreland,88.6,Kindergarten
,,Norvelt El Sch,,Westmoreland,99.1,Kindergarten
,,Norwin MS,,Westmoreland,97.6,7th Grade
,,Norwin SHS,,Westmoreland,97.8,12th Grade
,,Penn MS,,Westmoreland,95.6,7th Grade
,,Penn Trafford HS,,Westmoreland,96.7,12th Grade
,,Queen of Angels Catholic School,,Westmoreland,95.7,Kindergarten
,,Rostraver El Sch,,Westmoreland,92.4,Kindergarten
,,Sheridan Terrace El Sch,,Westmoreland,89.7,Kindergarten
,,Southmoreland MS,,Westmoreland,91.3,7th Grade
,,Southmoreland Primary Center,,Westmoreland,91.2,Kindergarten
,,Southmoreland SHS,,Westmoreland,98.0,12th Grade
,,St Sebastian School,,Westmoreland,82.1,Kindergarten
,,Stanwood El Sch,,Westmoreland,90.5,Kindergarten
,,Stewartsville El Sch,,Westmoreland,95.6,Kindergarten
,,Sunrise El Sch,,Westmoreland,95.0,Kindergarten
,,Sunset Valley El Sch,,Westmoreland,96.4,Kindergarten
,,Trafford El Sch,,Westmoreland,91.7,Kindergarten
,,Trafford MS,,Westmoreland,95.6,7th Grade
,,Valley JSHS,,Westmoreland,96.0,7th Grade
,,Valley JSHS,,Westmoreland,97.2,12th Grade
,,Valley School of Ligonier,,Westmoreland,89.3,Kindergarten
,,Wendover MS,,Westmoreland,94.9,7th Grade
,,West Hempfield El Sch,,Westmoreland,89.2,Kindergarten
,,West Hempfield MS,,Westmoreland,91.9,7th Grade
,,West Newton El Sch,,Westmoreland,96.8,Kindergarten
,,West Point El Sch,,Westmoreland,93.7,Kindergarten
,,Yough Intrmd/MS Sch,,Westmoreland,97.7,7th Grade
,,Yough SHS,,Westmoreland,97.0,12th Grade
,,Lackawanna Trail El Ctr,,Wyoming,100.0,Kindergarten
,,Lackawanna Trail JSHS,,Wyoming,100.0,7th Grade
,,Lackawanna Trail JSHS,,Wyoming,100.0,12th Grade
,,Tunkhannock Area Intermediate Sch,,Wyoming,94.7,7th Grade
,,Tunkhannock Area Primary Cntr,,Wyoming,92.0,Kindergarten
,,Tunkhannock HS,,Wyoming,98.8,12th Grade
,,Allen MS,,York,98.9,7th Grade
,,Baresville El Sch,,York,100.0,Kindergarten
,,Canadochly El Sch,,York,94.6,Kindergarten
,,Cedar Cliff HS,,York,98.8,12th Grade
,,Central York HS,,York,98.1,12th Grade
,,Central York MS,,York,95.8,7th Grade
,,Christian School of York,,York,60.0,Kindergarten
,,Christian School of York,,York,90.0,7th Grade
,,Christian School of York,,York,73.1,12th Grade
,,Clearview El Sch - Brogue Location,,York,90.9,Kindergarten
,,Clearview El Sch - Hanover Location,,York,94.9,Kindergarten
,,Conewago El Sch,,York,98.7,Kindergarten
,,Crossroads MS,,York,98.4,7th Grade
,,Dallastown Area MS,,York,96.9,7th Grade
,,Dallastown Area SHS,,York,96.8,12th Grade
,,Dallastown El Sch,,York,92.5,Kindergarten
,,Davis Sch,,York,95.5,Kindergarten
,,Davis Sch,,York,91.2,7th Grade
,,Delta-Peach Bottom El Sch,,York,95.6,Kindergarten
,,Devers Sch,,York,98.7,Kindergarten
,,Devers Sch,,York,98.6,7th Grade
,,Dillsburg El Sch,,York,91.5,Kindergarten
,,Dover Area El Sch,,York,95.7,Kindergarten
,,Dover Area HS,,York,94.1,12th Grade
,,Dover Area MS,,York,96.3,7th Grade
,,Eastern York HS,,York,93.7,12th Grade
,,Eastern York MS,,York,92.9,7th Grade
,,Edgar Fahs Smith STEAM Academy,,York,96.9,Kindergarten
,,Edgar Fahs Smith STEAM Academy,,York,94.9,7th Grade
,,Emory H Markle MS,,York,94.4,7th Grade
,,Fawn Area El Sch,,York,92.2,Kindergarten
,,Ferguson Sch,,York,97.4,Kindergarten
,,Ferguson Sch,,York,98.7,7th Grade
,,Fishing Creek El Sch,,York,97.4,Kindergarten
,,Friendship El Sch,,York,90.5,Kindergarten
,,Goode Sch,,York,96.4,Kindergarten
,,Goode Sch,,York,97.1,7th Grade
,,Hannah Penn,,York,95.4,Kindergarten
,,Hannah Penn,,York,100.0,7th Grade
,,Hanover MS,,York,94.9,7th Grade
,,Hanover SHS,,York,97.4,12th Grade
,,Hanover Street El Sch,,York,86.4,Kindergarten
,,Hayshire El Sch,,York,91.6,Kindergarten
,,Highland El Sch,,York,100.0,Kindergarten
,,Hillside El Sch,,York,94.0,Kindergarten
,,Jackson Sch,,York,100.0,Kindergarten
,,Jackson Sch,,York,92.0,7th Grade
,,Kennard-Dale HS,,York,97.9,12th Grade
,,Kreutz Creek El Sch,,York,85.2,Kindergarten
,,Larry J. Macaluso El Sch,,York,92.6,Kindergarten
,,Leaders Heights El Sch,,York,97.6,Kindergarten
,,Leib El Sch,,York,98.1,Kindergarten
,,Lincoln CS,,York,95.9,Kindergarten
,,Locust Grove El Sch,,York,92.9,Kindergarten
,,Loganville-Springfield El Sch,,York,95.2,Kindergarten
,,Logos Academy,,York,100.0,Kindergarten
,,Logos Academy,,York,100.0,7th Grade
,,Manheim El Sch,,York,87.9,Kindergarten
,,Mazie Gable El Sch,,York,88.7,Kindergarten
,,McKinley Sch,,York,92.5,Kindergarten
,,McKinley Sch,,York,98.7,7th Grade
,,Mt Wolf El Sch,,York,98.5,Kindergarten
,,N Hopewell-Winterstown El Sch,,York,83.8,Kindergarten
,,New Cumberland MS,,York,98.0,7th Grade
,,New Salem El Sch,,York,94.5,Kindergarten
,,Newberry El Sch,,York,94.5,Kindergarten
,,North Salem El Sch,,York,95.6,Kindergarten
,,Northeastern MS,,York,97.6,7th Grade
,,Northeastern SHS,,York,97.4,12th Grade
,,Northern El Sch,,York,92.3,Kindergarten
,,Northern HS,,York,95.3,12th Grade
,,Northern MS,,York,94.4,7th Grade
,,Ore Valley El Sch,,York,95.5,Kindergarten
,,Orendorf El Sch,,York,90.0,Kindergarten
,,Paradise El Sch,,York,91.2,Kindergarten
,,Park Hills El Sch,,York,98.8,Kindergarten
,,Pennwood Cyber CS,,York,69.8,Kindergarten
,,Pennwood Cyber CS,,York,81.8,7th Grade
,,Pennwood Cyber CS,,York,87.9,12th Grade
,,Pleasant View El Sch,,York,93.8,Kindergarten
,,Red Land SHS,,York,99.3,12th Grade
,,Red Lion Area JHS,,York,93.3,7th Grade
,,Red Lion Area SHS,,York,95.9,12th Grade
,,Red Lion Christian School,,York,63.6,Kindergarten
,,Red Mill El Sch,,York,98.8,Kindergarten
,,Rossmoyne El Sch,,York,93.8,Kindergarten
,,Roundtown El Sch,,York,92.1,Kindergarten
,,Shrewsbury El Sch,,York,93.4,Kindergarten
,,South Eastern MS,,York,92.9,7th Grade
,,South Mountain El Sch,,York,90.5,Kindergarten
,,South Western SHS,,York,96.0,12th Grade
,,Southern El Sch,,York,93.2,Kindergarten
,,Southern MS,,York,91.7,7th Grade
,,Spring Grove Area HS,,York,96.9,12th Grade
,,Spring Grove Area MS,,York,96.0,7th Grade
,,Spring Grove El Sch,,York,89.6,Kindergarten
,,St Joseph School - Hanover location,,York,97.7,Kindergarten
,,St Joseph School - York location,,York,91.7,Kindergarten
,,Stewartstown El Sch,,York,94.0,Kindergarten
,,Stony Brook El Sch,,York,95.4,Kindergarten
,,Susquehannock HS,,York,92.8,12th Grade
,,Valley View El Sch,,York,89.4,Kindergarten
,,Wallace El Sch,,York,94.0,Kindergarten
,,Washington El Sch,,York,97.9,Kindergarten
,,Washington Heights El Sch,,York,92.8,Kindergarten
,,Weigelstown El Sch,,York,93.6,Kindergarten
,,Wellsville Campus,,York,95.6,Kindergarten
,,West Manheim El Sch,,York,94.0,Kindergarten
,,West York Area HS,,York,99.0,12th Grade
,,West York Area MS,,York,100.0,7th Grade
,,William Penn SHS,,York,98.5,12th Grade
,,Wrightsville El Sch,,York,95.7,Kindergarten
,,York Academy Regional CS,,York,95.0,Kindergarten
,,York Academy Regional CS,,York,97.0,7th Grade
,,York Academy Regional CS,,York,100.0,12th Grade
,,York Catholic High School,,York,98.8,7th Grade
,,York Catholic High School,,York,100.0,12th Grade
,,York Co School of Technology,,York,98.0,12th Grade
,,York Country Day School,,York,85.0,Kindergarten
,,York Country Day School,,York,100.0,12th Grade
,,York Haven El Sch,,York,97.6,Kindergarten
,,York Suburban MS,,York,95.8,7th Grade
,,York Suburban SHS,,York,99.0,12th Grade
,,York Twp El Sch,,York,94.6,Kindergarten
,,Yorkshire El Sch,,York,94.4,Kindergarten
