Facility Number,School Type,School District or Name,Facility Address,County,MMR Vaccination Rate,Age Group
,Public,10th Street School,7204 27th Ave NE,Snohomish,93.47,K-12
,Public,A G West Black Hills High School,7741 Littlerock Rd SW,Thurston,91.45,K-12
,Public,A J West Elementary,1801 Bay Ave,Grays Harbor,98.08,K-12
,Public,A-3 Multiagency Adolescent Program,1807 N Washington St,Spokane,100.0,K-12
,Public,Abraham Lincoln Elementary,1224 Methow St,Chelan,97.73,K-12
,Private,Academy for Precision Learning - Lower School,5031 University Way NE,King,95.52,K-12
,Private,Academy Northwest,514 State Ave,Snohomish,71.19,K-12
,Private,Academy Schools,14601 Interurban Ave S,King,89.66,K-12
,Public,Acceleration Academy,16218 Pacific Ave S,Pierce,94.7,K-12
,Public,ACES High School,9700 Holly Dr,Snohomish,96.8,K-12
,Public,Acme Elementary,5200 Turkington Rd,Whatcom,89.12,K-12
,Public,Adams Elementary,2909 E 37th Ave,Spokane,94.03,K-12
,Public,Adams Elementary School,6110 28th Ave NW,King,98.89,K-12
,Public,Adams Elementary School,723 S 8th St,Yakima,99.22,K-12
,Public,Adelaide Elementary School,1635 SW 304th St,King,93.87,K-12
,Public,Adna Elementary School,220 Dieckman Rd,Lewis,92.52,K-12
,Public,Adna Middle/High School,121 Adna School Rd,Lewis,97.35,K-12
,Private,Agape Christian Academy,717 SE Everett Rd,Clark,68.36,K-12
,Public,Ahtanum Valley Elementary,3006 S Wiley Rd,Yakima,98.54,K-12
,Public,AIM High School,1601 Avenue D,Snohomish,92.06,K-12
,Public,Aki Kurose Middle School,3928 S Graham St,King,96.51,K-12
,Public,Alan T. Sugiyama High School,8601 Rainier Ave S,King,100.0,K-12
,Private,Albayan Science Academy,18323 Bothell Everett Hwy,Snohomish,85.37,K-12
,Public,Albert Einstein Middle School,19343 3rd Ave NW,King,98.59,K-12
,Public,Alcott Elementary,4213 228th Ave NE,King,99.51,K-12
,Public,Alderwood Elementary School,3400 Hollywood Ave,Whatcom,89.84,K-12
,Public,Alderwood Middle School,1132 172nd St SW,Snohomish,96.71,K-12
,Public,Alfaretta House,10320 Farwest Dr SW,Pierce,100.0,K-12
,Private,Alger Learning Center,100 Pine St,Whatcom,90.91,K-12
,Public,Alki Elementary School,3010 59th Ave SW,King,97.37,K-12
,Public,Alki Middle School,1800 NW Bliss Rd,Clark,96.75,K-12
,Private,All Saints Catholic School,504 2nd St SW,Pierce,100.0,K-12
,Private,All Saints Catholic School,3510 E 18th Ave,Spokane,98.19,K-12
,Public,Allen Creek Elementary School,6505 60th Dr NE,Snohomish,92.94,K-12
,Public,Allen Elementary,17145 Cook Rd,Skagit,92.16,K-12
,Public,Almira Coulee Hartline High School,413 N 4th St,Grant,100.0,K-12
,Public,Almira Elementary School,310 S 3rd St,Lincoln,99.2,K-12
,Public,Alpac Elementary School,310 Milwaukee Blvd N,King,90.6,K-12
,Public,Alpine Lakes Elementary,500 Pine St,Chelan,99.6,K-12
,Public,Amboy Middle School,22115 NE Chelatchie Rd,Clark,93.87,K-12
,Public,Amistad Elementary School,123 S Kent St,Benton,99.4,K-12
,Public,Amon Creek Elementary,18 Center Pkwy,Benton,96.9,K-12
,Public,Anacortes High School,1600 20th St,Skagit,94.58,K-12
,Public,Anacortes Middle School,2202 M Ave,Skagit,95.45,K-12
,Public,Ancient Lakes Elementary,417 C St SE,Grant,94.89,K-12
,Public,Anderson Island Elementary,13005 Camus Rd,Pierce,58.33,K-12
,Public,Angelo Giaudrone Middle School,4902 S Alaska St,Pierce,96.71,K-12
,Private,Annie Wright Schools,827 N Tacoma Ave,Pierce,99.03,K-12
,Public,Apollo Elementary,15025 SE 117th St,King,98.74,K-12
,Public,Apple Valley Elementary,7 N 88th Ave,Yakima,95.49,K-12
,Private,Aquinas Classical Academy,4215 Pine Rd NE,Kitsap,86.54,K-12
,Public,Arbor Heights Elementary School,3701 SW 104th St,King,97.37,K-12
,Private,Arbor Montessori School,1107 228th Ave SE,King,97.87,K-12
,Public,Arcadia Elementary,1120 E D St,Spokane,90.77,K-12
,Private,Archbishop Murphy High School,12911 39th Ave SE,Snohomish,91.78,K-12
,Public,Ardmore Elementary School,16616 NE 32nd St,King,84.09,K-12
,Private,Arise Christian Academy,3622 E 51st Ave,Spokane,57.14,K-12
,Private,Arlington Christian School,2425 200th St NE,Snohomish,63.25,K-12
,Public,Arlington Elementary,6363 N Smith St,Spokane,95.64,K-12
,Public,Arlington Elementary School,7202 S Pine St,Pierce,93.9,K-12
,Public,Arlington High School,18821 Crown Ridge Blvd,Snohomish,96.69,K-12
,Public,Arlington Open Doors,4407 172nd St NE,Snohomish,97.67,K-12
,Public,Armin Jahr Elementary,800 Dibb St,Kitsap,90.91,K-12
,Public,Arrowhead Elementary,6725 NE Arrowhead Dr,King,98.19,K-12
,Public,Arthur Jacobsen Elementary,29205 132nd Ave SE,King,94.13,K-12
,Public,Artondale Elementary School,6219 40th St NW,Pierce,95.24,K-12
,Public,Artz Fox Elementary,805 Washington St,Yakima,99.38,K-12
,Public,Asotin Elementary,314 First St,Asotin,89.49,K-12
,Public,Asotin Jr Sr High,215 2nd St,Asotin,92.57,K-12
,Public,Aspire Academy,124 E Lawrence St,Skagit,88.27,K-12
,Public,Aspire Performing Arts Academy,5900 54th Ave SE,Thurston,98.7,K-12
,Private,Assumption / St. Bridget School,6220 32nd Ave NE,King,99.01,K-12
,Private,Assumption Catholic Grade School,2066 E Alder St,Walla Walla,67.46,K-12
,Private,Assumption Catholic School,2116 Cornwall Ave,Whatcom,94.59,K-12
,Private,Assumption Parish Catholic School,3618 W Indian Trail Rd,Spokane,94.63,K-12
,Public,Astravo Online Academy,304 S Adams St,Pacific,91.43,K-12
,Private,Auburn Adventist Academy,5000 Auburn Way S,King,88.34,K-12
,Public,Auburn Mountainview High School,28900 124th Ave SE,King,96.48,K-12
,Public,Auburn Opportunity Project,401 W Main St,King,97.35,K-12
,Public,Auburn Riverside High School,501 Oravetz Rd SE,King,98.01,K-12
,Public,Auburn Senior High School,711 E Main St,King,97.9,K-12
,Public,Audubon Elementary,2020 W Carlisle Ave,Spokane,97.68,K-12
,Public,Audubon Elementary,3045 180th Ave NE,King,99.02,K-12
,Public,Avanti High School,1113 Legion Way SE,Thurston,91.43,K-12
,Public,Aylen Jr High,101 15th St SW,Pierce,96.97,K-12
,Public,B F Day Elementary School,3921 Linden Ave N,King,96.1,K-12
,Public,Badger Mountain Elementary,1515 Elementary St,Benton,96.95,K-12
,Public,Bailey Gatzert Elementary School,1301 E Yesler Way,King,88.49,K-12
,Public,Bainbridge High School,9330 NE High School Rd,Kitsap,97.65,K-12
,Public,Baker Middle School,8001 S J St,Pierce,96.49,K-12
,Private,Baker View Christian School,5353 Waschke Rd,Whatcom,94.12,K-12
,Public,Balboa Elementary,3010 W Holyoke Ave,Spokane,89.08,K-12
,Public,Ballard High School,1418 NW 65th St,King,99.05,K-12
,Public,Ballou Jr High,9916 136th St E,Pierce,96.96,K-12
,Public,Barbara McClintock STEM Elementary,5706 Road 60,Franklin,95.86,K-12
,Public,Barge-Lincoln Elementary School,219 E I St,Yakima,98.36,K-12
,Public,Barker Creek Community School,1400 NE McWilliams Rd,Kitsap,95.6,K-12
,Public,Barnes Elementary,401 Barnes St,Cowlitz,96.51,K-12
,Public,Basin City Elementary,303 Bailie Blvd,Franklin,99.34,K-12
,Private,BASIS Independent Bellevue,15749 NE 4th St,King,100.0,K-12
,Private,BASIS Independent Bothell,21540 30th Dr SE,Snohomish,99.56,K-12
,Public,Battle Ground High School,400 W Main St,Clark,89.37,K-12
,Public,Battle Ground Virtual Academy,610A SW Eaton Blvd,Clark,85.46,K-12
,Public,Bay View Elementary,15241 Josh Wilson Rd,Skagit,94.39,K-12
,Public,Beach Elementary,3786 Centerview Rd,Whatcom,83.33,K-12
,Public,Beachwood Elementary School,8890 Concord St,Pierce,95.31,K-12
,Public,Beacon Avenue Elementary School,1717 E Beacon Ave,Grays Harbor,89.35,K-12
,Public,Beacon Hill International School,2025 14th Ave S,King,96.73,K-12
,Public,Beaver Lake Middle School,25025 SE 32nd St,King,99.15,K-12
,Public,Beaver Valley School,19265 Beaver Valley Rd,Chelan,91.67,K-12
,Public,Beezley Springs Elementary,501 C St NW,Grant,100.0,K-12
,Public,Belfair Elementary,22900 Hwy 3,Mason,92.13,K-12
,Public,Bell Elementary,11212 NE 112th St,King,96.71,K-12
,Private,Bellarmine Preparatory School,2300 S Washington St,Pierce,98.63,K-12
,Public,Bellevue Big Picture School,14844 SE 22nd St,King,93.87,K-12
,Private,Bellevue Children's Academy,14640 NE 24th St,King,99.52,K-12
,Private,Bellevue Christian School Clyde Hill Junior High/High School,1701 98th Ave NE,King,95.81,K-12
,Private,Bellevue Christian School Mack Elementary,18250 168th Pl NE,King,94.44,K-12
,Private,Bellevue Christian School Three Points Elementary,7800 NE 28th St,King,96.71,K-12
,Public,Bellevue Digital Discovery,12111 NE 1st St,King,88.92,K-12
,Public,Bellevue High School,10416 Wolverine Way,King,93.83,K-12
,Private,Bellevue Montessori School,2411 112th Ave NE,King,94.81,K-12
,Public,Bellevue Open Doors,12111 NE 1st St,King,95.05,K-12
,Private,Bellingham Christian School,1600 E Sunset Dr,Whatcom,73.53,K-12
,Public,Bellingham Family Partnership Program,1409 18th St,Whatcom,84.14,K-12
,Public,Bellingham High School,2020 Cornwall Ave,Whatcom,95.32,K-12
,Public,Bellingham Re-Engagement Program,1306 DuPont St,Whatcom,94.41,K-12
,Private,Bel-Red Bilingual Academy,15061 NE Bel Red Rd,King,100.0,K-12
,Public,Bemiss Elementary,2323 E Bridgeport Ave,Spokane,92.66,K-12
,Public,Benjamin Franklin Elementary,5206 NW Franklin St,Clark,97.55,K-12
,Public,Bennett Elementary School,17900 NE 16th St,King,94.98,K-12
,Public,Benson Hill Elementary School,18665 116th Ave SE,King,96.18,K-12
,Public,Berney Elementary School,1718 Pleasant St,Walla Walla,96.14,K-12
,Private,Bertschi School,2227 10th Ave E,King,99.58,K-12
,Public,Bess Herian Elementary,305 Monumental Rd,Pend Oreille,85.71,K-12
,Private,Bethany Lutheran Elementary,151 Tremont St,Kitsap,83.33,K-12
,Private,Bethel Baptist Christian,524 176th St E,Pierce,43.92,K-12
,Public,Bethel High School,22215 38th Ave E,Pierce,98.86,K-12
,Public,Bethel Middle School,22001 38th Ave E,Pierce,98.81,K-12
,Public,Bethel Virtual Academy,7319 Eustis Hunt Rd,Pierce,92.87,K-12
,Private,Bethlehem Lutheran School,2505 W 27th Ave,Benton,94.12,K-12
,Public,Betz Elementary,317 N 7th St,Spokane,94.6,K-12
,Public,Beverly Elementary,5221 168th St SW,Snohomish,97.53,K-12
,Public,Beverly Park Elementary at Glendale,1201 S 104th St,King,94.82,K-12
,Public,Bickleton Elementary & High School,3626 Bickleton Hwy,Klickitat,95.35,K-12
,Public,Big Lake Elementary School,16802 Lake View Blvd,Skagit,91.98,K-12
,Private,Big Leaf Montessori,1428 22nd Ave,Cowlitz,96.15,K-12
,Public,Big Picture School,440 S 186th St,King,98.1,K-12
,Private,Billings Middle School,12351 8th Ave NE,King,100.0,K-12
,Public,Birchwood Elementary School,3200 Pinewood Ave,Whatcom,92.33,K-12
,Public,Birney Elementary School,7627 S Sheridan Ave,Pierce,95.88,K-12
,Private,Bishop Blanchet High School,8200 Wallingford Ave N,King,100.0,K-12
,Public,Black Diamond Elementary,25314 Baker St,King,92.75,K-12
,Public,Black Lake Elementary,6345 Black Lake Belmore Rd SW,Thurston,89.95,K-12
,Public,Blackwell Elementary,3225 205th Pl NE,King,99.52,K-12
,Public,Blaine Elementary School,836 Mitchell Ave,Whatcom,93.64,K-12
,Public,Blaine High School,1055 H St,Whatcom,97.98,K-12
,Public,Blaine Home Connections,765 H St,Whatcom,92.86,K-12
,Public,Blaine Middle School,975 H St,Whatcom,97.09,K-12
,Public,Blaine Re-Engagement,1055 H St,Whatcom,96.15,K-12
,Public,Blix Elementary School,1302 E 38th St,Pierce,96.0,K-12
,Public,Blue Heron Middle School,3939 San Juan Ave,Jefferson,92.89,K-12
,Public,Boistfort Elementary,983 Boistfort Rd,Lewis,87.84,K-12
,Public,Boistfort Online School,983 Boistfort Rd,Lewis,62.16,K-12
,Public,Bonney Lake Elementary,18715 80th St E,Pierce,93.79,K-12
,Public,Bonney Lake High School,10920 199th Avenue Ct E,Pierce,97.71,K-12
,Public,Bordeaux Elementary School,350 E University Ave,Mason,96.17,K-12
,Public,Boston Harbor Elementary,7300 Zangle Rd NE,Thurston,91.62,K-12
,Public,Bothell High School,9130 NE 180th St,King,98.96,K-12
,Public,Bow Lake Elementary,18237 42nd Ave S,King,89.46,K-12
,Public,Bowdish Middle School,2109 S Skipworth Rd,Spokane,94.72,K-12
,Public,Bowman Creek Elementary,5701 Kersey Way SE,King,94.34,K-12
,Public,Boze Elementary School,1140 E 65th St,Pierce,97.53,K-12
,Public,Bremerton High School,1500 13th St,Kitsap,89.09,K-12
,Public,Bremerton Home Link Program,134 N Marion Ave,Kitsap,86.96,K-12
,Public,Brentwood Elementary School,406 W Regina Ave,Spokane,96.09,K-12
,Public,Brewster Alternative School,520 W Main,Okanogan,100.0,K-12
,Public,Brewster Elementary School,502 S 7th St,Okanogan,94.62,K-12
,Public,Brewster High School,503 S 7th St,Okanogan,99.39,K-12
,Public,Brewster Middle School,422 S 7th St,Okanogan,98.09,K-12
,Public,Briarcrest Elementary,2715 NE 158th St,King,98.22,K-12
,Public,Briarwood Elementary,17020 SE 134th St,King,98.03,K-12
,Public,Bridgeport Aurora High School,1400 Tacoma Ave,Okanogan,100.0,K-12
,Public,Bridgeport Elementary,1400 Tacoma Ave,Okanogan,98.03,K-12
,Public,Bridgeport High School,1220 Kryger Ave,Douglas,100.0,K-12
,Public,Bridgeport Middle School,1300 Douglas Ave,Douglas,99.5,K-12
,Public,Brier Elementary,3625 232nd St SW,Snohomish,98.43,K-12
,Public,Brier Terrace Middle School,22200 Brier Rd,Snohomish,99.29,K-12
,Public,Brigadoon Elementary School,3601 SW 336th St,King,94.05,K-12
,Private,Bright Light School,2021 S 260th St,King,100.0,K-12
,Private,Bright Water Waldorf School,1414 S Weller St,King,96.15,K-12
,Private,Brightmont Academy - Redmond,7345 164th Ave NE,King,74.07,K-12
,Private,Brightmont Academy - Sammamish,4588 Klahanie Dr SE,King,83.33,K-12
,Private,Brightmont Academy - Seattle,115 NE 100th St,King,100.0,K-12
,Private,Brighton School,21705 58th Ave W,Snohomish,99.18,K-12
,Public,Brinnon Elementary,46 Schoolhouse Rd,Jefferson,89.23,K-12
,Public,Broad View Elementary,473 SW Fairhaven Dr,Island,94.75,K-12
,Public,Broadview-Thomson K-8 School,13052 Greenwood Ave N,King,94.33,K-12
,Public,Broadway Elementary,11016 E Broadway Ave,Spokane,87.5,K-12
,Public,Brookdale Elementary,611 132nd St S,Pierce,97.02,K-12
,Private,Brooklake Christian School,629 S 356th St,King,56.0,K-12
,Public,Brookside Elementary,17447 37th Ave NE,King,98.04,K-12
,Public,Brouillet Elementary,17207 94th Ave E,Pierce,98.16,K-12
,Public,Browne Elementary,5102 N Driscoll Blvd,Spokane,94.1,K-12
,Public,Browns Point Elementary School,1526 51st St NE,Pierce,92.68,K-12
,Public,Brownsville Elementary,8795 Illahee Rd NE,Kitsap,97.03,K-12
,Public,Bryant Center,910 N Ash St,Spokane,74.56,K-12
,Public,Bryant Elementary School,3311 NE 60th St,King,99.77,K-12
,Public,Bryant Montessori Middle School,717 S Grant Ave,Pierce,95.24,K-12
,Public,Bryant Montessori School,2301 N Mildred St,Pierce,96.17,K-12
,Public,Bryn Mawr Elementary School,8212 S 118th St,King,97.48,K-12
,Private,Buena Vista Seventh-day Adventist School,3320 Academy Dr SE,King,85.44,K-12
,Private,Burley Christian School,14687 Olympic Dr SE,Kitsap,69.29,K-12
,Private,Burley Christian School Secondary,15999 Sidney Rd SW,Kitsap,80.0,K-12
,Public,Burley Glenwood Elementary,100 SW Lakeway Blvd,Kitsap,95.12,K-12
,Public,Burlington Edison High School,301 N Burlington Blvd,Skagit,96.95,K-12
,Public,Burlington-Edison Alternative School,301 N Burlington Blvd,Skagit,94.55,K-12
,Public,Burnt Bridge Creek Elementary School,14619 NE 49th St,Clark,89.09,K-12
,Public,Burton Elementary School,13501 NE 28th St,Clark,91.57,K-12
,Public,Butler Acres Elementary,1609 Burcham St,Cowlitz,95.38,K-12
,Public,Byron Kibler Elementary School,2057 Kibler Ave,King,88.37,K-12
,Private,Calvary Christian School,10611 W Clearwater Ave,Benton,74.67,K-12
,Public,CAM Academy,406 NW 5th Ave,Clark,69.17,K-12
,Public,Camas Connect Academy,1919 NE Ione St,Clark,93.94,K-12
,Public,Camas Elementary,1010 S Camas Ave,Yakima,97.36,K-12
,Public,Camas High School,26900 SE 15th St,Clark,96.8,K-12
,Public,Camas Prairie Elementary,320 176th St E,Pierce,96.18,K-12
,Public,Camelot Elementary School,4041 S 298th St,King,89.01,K-12
,Public,Campbell Hill Elementary School,6418 S 124th St,King,93.66,K-12
,Public,Canyon Creek Elementary,21400 35th Ave SE,Snohomish,97.5,K-12
,Public,Canyon Creek Middle School,9731 Washougal River Rd,Skamania,97.13,K-12
,Public,Canyon Park Middle School,23723 23rd Ave SE,Snohomish,99.35,K-12
,Public,Canyon Ridge Middle School,11000 SE 264th St,King,95.77,K-12
,Public,Canyon View Elementary School,1229 W 22nd Pl,Benton,96.57,K-12
,Public,Cap Sante High School,1600 20th St,Skagit,84.13,K-12
,Public,Cape Horn Skye Elementary,9731 Washougal River Rd,Skamania,92.5,K-12
,Public,Capital High School,2707 Conger Ave NW,Thurston,92.8,K-12
,Private,Capital Montessori School,730 Lilly Rd SE,Thurston,94.12,K-12
,Public,Capt Johnston Blakely Elementary School,4704 Blakely Ave NE,Kitsap,98.01,K-12
,Public,Captain Gray STEM Elementary,1102 N 10th Ave,Franklin,97.83,K-12
,Public,Captain Strong,1002 NW 6th Ave,Clark,88.34,K-12
,Public,Carbonado Historical School 19,301 Oferrell Dr,Pierce,95.29,K-12
,Public,Career Academy at Truman High School,31455 28th Ave S,King,97.83,K-12
,Public,Carl Cozier Elementary School,1330 Lincoln St,Whatcom,94.1,K-12
,Public,Carmichael Middle School,620 Thayer Dr,Benton,97.9,K-12
,Public,Carnation Elementary School,4950 Tolt Ave,King,96.06,K-12
,Public,Carriage Crest Elementary School,18235 140th Ave SE,King,94.48,K-12
,Public,Carrolls Elementary,601 Crawford St,Cowlitz,96.91,K-12
,Public,Carson Elementary,8615 184th St E,Pierce,97.42,K-12
,Public,Carson Elementary,1035 244th Ave NE,King,98.63,K-12
,Public,Carson Elementary School,351 Hot Springs Ave,Skamania,96.01,K-12
,Public,Carter Lake Elementary School,3420 Lincoln Blvd SW,Pierce,96.37,K-12
,Private,Cascade Christian Academy,600 N Western Ave,Chelan,92.82,K-12
,Private,Cascade Christian Schools - Junior High/High School,811 21st St SE,Pierce,92.14,K-12
,Private,Cascade Christian Schools - Puyallup Elementary,811 21st St SE,Pierce,89.88,K-12
,Public,Cascade Elementary,5200 100th St NE,Snohomish,92.49,K-12
,Public,Cascade Elementary,2330 N Baker Ave,Douglas,96.74,K-12
,Public,Cascade Elementary School,16022 116th Ave SE,King,96.37,K-12
,Public,Cascade Elementary School,505 S Highland Dr,Benton,94.94,K-12
,Public,Cascade High School,801 E Casino Rd,Snohomish,95.96,K-12
,Public,Cascade High School,10190 Chumstick Hwy,Chelan,98.13,K-12
,Public,Cascade Home-Link,330 Evans St,Chelan,85.0,K-12
,Public,Cascade K-8 Community School,2800 NE 200th St,King,97.55,K-12
,Public,Cascade Middle School,1015 24th St NE,King,98.0,K-12
,Public,Cascade Middle School,905 McGarigle Rd,Skagit,96.33,K-12
,Public,Cascade Middle School,2821 Parkview Dr,Cowlitz,98.43,K-12
,Public,Cascade Middle School,13900 NE 18th St,Clark,96.55,K-12
,Public,Cascade Parent Partnership Program,2919 1st Ave W,King,90.29,K-12
,Public,Cascade Ridge Elementary,2020 Trossachs Blvd SE,King,98.43,K-12
,Public,Cascade View Elementary,13601 32nd Ave S,King,94.65,K-12
,Public,Cascade View Elementary,2401 Park Ave,Snohomish,90.64,K-12
,Public,Cascade View Elementary School,34816 SE Ridge St,King,99.52,K-12
,Private,Cascade Vista Baptist School,11517 SE 208th St,King,49.11,K-12
,Private,Cascades Montessori Middle School,2710 McKenzie Ave,Whatcom,96.43,K-12
,Public,Cascadia Elementary,6175 Church Rd,Whatcom,93.51,K-12
,Public,Cascadia Elementary,1700 N 90th St,King,99.03,K-12
,Public,Cascadia High School,7299 New Market St SW,Thurston,96.79,K-12
,Private,Cascadia School,4239 162nd Ave NE,King,100.0,K-12
,Private,Cascadia School,10606 NE 14th St,Clark,93.43,K-12
,Public,Cascadia Technical Academy Skills Center,12200 NE 28th St,Clark,95.14,K-12
,Public,Cashmere High School,329 Tigner Rd,Chelan,97.39,K-12
,Public,Cashmere Middle School,300 Tigner Rd,Chelan,98.73,K-12
,Public,Castlerock Early Learning Center,112 S Elliott Ave,Chelan,100.0,K-12
,Private,Cataldo Catholic School,455 W 18th Ave,Spokane,92.45,K-12
,Public,Catharine Blaine K-8 School,2550 34th Ave W,King,98.88,K-12
,Public,Cathcart Elementary,8201 188th St SE,Snohomish,94.83,K-12
,Public,Cavelero Mid High School,8220 24th St SE,Snohomish,96.38,K-12
,Private,"Cedar Crest Academy, Bellewood",2125 112th Ave NE,King,99.43,K-12
,Private,"Cedar Crest Academy, Northup",2700 Northup Way,King,100.0,K-12
,Private,"Cedar Crest Academy, Park Highland",308 118th Ave SE,King,100.0,K-12
,Private,"Cedar Crest Academy, Redmond",17720 NE 65th St,King,97.06,K-12
,Public,Cedar Heights Middle School,2220 Pottery Ave,Kitsap,98.07,K-12
,Public,Cedar Heights Middle School,19640 SE 272nd St,King,96.18,K-12
,Public,Cedar High School,937 W Alpine Way,Mason,97.78,K-12
,Private,Cedar Park Christian School - Bothell Campus,16300 112th Ave NE,King,96.38,K-12
,Private,Cedar Park Christian School - Mill Creek Campus,13000 21st Dr SE,Snohomish,75.09,K-12
,Private,Cedar Park Christian School-Lynnwood,17931 64th Ave W,Snohomish,87.98,K-12
,Public,Cedar Park Elementary School,13224 37th Ave NE,King,97.0,K-12
,Public,Cedar River Elementary,22615 Sweeney Rd SE,King,94.86,K-12
,Private,Cedar River Montessori School,15828 SE Jones Rd,King,98.53,K-12
,Public,Cedar Trails Elementary,4399 Issaquah Pine Lake Rd SE,King,98.61,K-12
,Private,Cedar Tree Classical Christian School,20601 NE 29th Ave,Clark,72.27,K-12
,Private,Cedar Tree Montessori,2114 Broadway,Whatcom,94.12,K-12
,Public,Cedar Valley Elementary,19200 56th Ave W,Snohomish,96.41,K-12
,Public,Cedar Valley Elementary School,26500 Timberlane Way SE,King,94.74,K-12
,Public,Cedar Way Elementary,22222 39th Ave W,Snohomish,97.45,K-12
,Public,Cedar Wood Elementary,3414 168th St SE,Snohomish,98.25,K-12
,Public,Cedarcrest High School,29000 NE 150th St,King,97.67,K-12
,Public,Cedarcrest Middle School,19120 13th Avenue Ct E,Pierce,96.92,K-12
,Public,Cedarcrest School,6400 88th St NE,Snohomish,95.34,K-12
,Public,Cedarhome Elementary School,27911 68th Ave NW,Snohomish,89.66,K-12
,Public,Cedarhurst Elementary,611 S 132nd St,King,96.02,K-12
,Private,Celebration Center & Celebration Kidz,13603 86th Ave E,Pierce,66.67,K-12
,Public,Centennial Elementary Bethel,24353 Mathias Rd E,Pierce,93.88,K-12
,Public,Centennial Elementary Olympia,2637 45th Ave SE,Thurston,94.5,K-12
,Public,Centennial Elementary School,3100 E Martin Rd,Skagit,93.19,K-12
,Public,Centennial Middle School,915 N Ella Rd,Spokane,93.51,K-12
,Public,Centennial Middle School,3000 S Machias Rd,Snohomish,95.83,K-12
,Public,Centerville Elementary,2315 Centerville Hwy,Klickitat,88.17,K-12
,Public,Central Avenue Elementary,4505 104th St E,Pierce,96.22,K-12
,Public,Central Elementary,5610 2nd Ave,Whatcom,90.25,K-12
,Public,Central Elementary School,601 Talcott St,Skagit,95.17,K-12
,Public,Central Elementary School,310 Simpson Ave,Grays Harbor,98.54,K-12
,Public,Central Emerson Elementary,1103 Pine Ave,Snohomish,95.12,K-12
,Public,Central Kitsap High School,10140 Frontier Pl NW,Kitsap,98.26,K-12
,Public,Central Kitsap Middle School,3850 NW Anderson Hill Rd,Kitsap,97.34,K-12
,Public,Central Park Elementary,601 School Rd,Grays Harbor,85.0,K-12
,Public,Central Valley High School,821 S Sullivan Rd,Spokane,93.17,K-12
,Public,Central Valley Virtual Integrated Parent Partnership,1512 N Barker Rd,Spokane,73.56,K-12
,Public,Central Valley Virtual Learning High School,13208 E Sprague Ave,Spokane,89.19,K-12
,Private,Centralia Christian School,1315 S Tower Ave,Lewis,86.55,K-12
,Public,Centralia High School,813 Eshom Rd,Lewis,94.36,K-12
,Public,Centralia Middle School,901 Johnson Rd,Lewis,98.2,K-12
,Public,Chain Lake Elementary School,12125 Chain Lake Rd,Snohomish,94.89,K-12
,Public,Challenge Elementary,5409 228th St SW,Snohomish,99.47,K-12
,Public,Challenger Elementary,25200 SE Klahanie Blvd,King,98.01,K-12
,Public,Challenger Elementary,9600 Holly Dr,Snohomish,91.58,K-12
,Public,Challenger High School,18117 A St S,Pierce,97.16,K-12
,Public,Chambers Elementary,9101 56th St W,Pierce,95.87,K-12
,Public,Chambers Prairie Elementary School,6501 Virginia St SE,Thurston,95.43,K-12
,Public,Charles Francis Adams High School,401 Chestnut St,Asotin,98.95,K-12
,Private,Charles Wright Academy,7723 Chambers Creek Rd W,Pierce,98.55,K-12
,Public,Chase Lake Elementary,21603 84th Ave W,Snohomish,97.41,K-12
,Public,Chase Middle School,4747 E 37th Ave,Spokane,95.06,K-12
,Public,Chattaroy Elementary,25717 N Yale Rd,Spokane,78.28,K-12
,Public,Chautauqua Elementary,9309 SW Cemetery Rd,King,97.47,K-12
,Public,Chehalis Middle School,1060 SW 20th St,Lewis,97.33,K-12
,Public,Chelan High School,215 Webster Ave,Chelan,96.58,K-12
,Public,Chelan Middle School,215 Webster Ave,Chelan,97.07,K-12
,Public,Chelan School of Innovation,324 E Johnson Ave,Chelan,100.0,K-12
,Public,Cheney High School,460 N 6th St,Spokane,95.45,K-12
,Public,Cheney Middle School,740 W Betz Rd,Spokane,98.08,K-12
,Public,Cherry Crest Elementary School,12400 NE 32nd St,King,99.46,K-12
,Public,Cherry Valley Elementary School,26701 NE Cherry Valley Rd,King,96.67,K-12
,Public,Cherrydale Elementary,1201 Galloway St,Pierce,93.33,K-12
,Public,Chester Elementary School,3525 S Pines Rd,Spokane,90.8,K-12
,Public,Chester H Thompson Elementary,303 159th St E,Pierce,97.19,K-12
,Private,Chesterton Academy of Notre Dame,2706 E Queen Ave,Spokane,75.0,K-12
,Private,Chesterton Academy of St. Michael,12034 115th Ave NE,King,66.67,K-12
,Private,Chestnut Hill Academy,13633 SE 26th St,King,99.46,K-12
,Public,Chewelah Open Doors Reengagement Program,106 W Lincoln Ave,Stevens,82.35,K-12
,Public,Chiawana High School,8125 W Argent Rd,Franklin,97.08,K-12
,Public,Chief Joseph Middle School,504 Wilson St,Benton,96.71,K-12
,Public,Chief Kamiakin Elementary School,1110 S 6th St,Yakima,99.07,K-12
,Public,Chief Kanim Middle School,32627 SE Redmond Fall City Rd,King,99.39,K-12
,Public,Chief Sealth International High School,2600 SW Thistle St,King,98.05,K-12
,Public,Chief Umtuch Middle,700 NW 9th St,Clark,91.15,K-12
,Private,Children's Garden Montessori / Cadence Academy Montessori,2440 Garlick Blvd,Benton,87.1,K-12
,Private,Children's Institute for Learning Differences,2640 Benson Rd S,King,82.0,K-12
,Public,Chimacum Creek Primary School,313 Ness Corner Rd,Jefferson,90.91,K-12
,Public,Chimacum Elementary School,91 W Valley Rd,Jefferson,94.44,K-12
,Public,Chimacum Junior/Senior High School,91 W Valley Rd,Jefferson,96.49,K-12
,Public,Chinook Elementary School,3502 Auburn Way S,King,93.95,K-12
,Public,Chinook Elementary School,1900 NW Bliss Rd,Clark,94.14,K-12
,Public,Chinook Middle School,18650 42nd Ave S,King,97.98,K-12
,Public,Chinook Middle School,4301 6th Ave NE,Thurston,98.7,K-12
,Public,Chinook Middle School,6011 W 10th Pl,Benton,98.29,K-12
,Public,Chloe Clark Elementary,1700 Palisade Blvd,Pierce,93.22,K-12
,Public,CHOICE Academy,18367 8th Ave S,King,97.66,K-12
,Public,Choice Academy,25800 Siyaya Ave NE,Kitsap,98.25,K-12
,Private,Christ the King Catholic School,1122 Long Ave,Benton,100.0,K-12
,Private,Christ the King Lutheran School,8065 Chico Way NW,Kitsap,84.52,K-12
,Private,Christ the King School,415 N 117th St,King,100.0,K-12
,Private,Christ the Teacher Catholic School,5508 W Chestnut Ave,Yakima,95.16,K-12
,Public,Christensen Elementary,10232 Barnes Ln S,Pierce,96.32,K-12
,Private,Christian Heritage School,48009 Ida Ave E,Lincoln,81.25,K-12
,Private,Christian Worship Center Academy,204 Cheyne Rd,Yakima,36.84,K-12
,Private,Chrysalis Elementary School,17005 140th Ave NE,King,93.55,K-12
,Private,Chrysalis Middle/High School,15900 Woodinville Redmond Rd NE,King,97.64,K-12
,Public,Clallam Bay High & Elementary,16-933 Hwy 112,Clallam,90.32,K-12
,Public,Clara Barton Elementary School,12011 172nd Ave NE,King,99.23,K-12
,Public,Clark Elementary,335 1st Ave SE,King,96.27,K-12
,Public,Cle Elum Roslyn Elementary,2696 SR 903,Kittitas,91.98,K-12
,Public,Cle Elum Roslyn High School,2692 SR 903,Kittitas,97.73,K-12
,Public,Clear Creek Elementary School,12901 Winter Creek Ave NW,Kitsap,95.85,K-12
,Public,Clear Lake Elementary School,23631 Lake St,Skagit,93.07,K-12
,Public,Cleveland High School STEM,5511 15th Ave S,King,99.12,K-12
,Public,CLIP,32302 NE 50th St,King,97.5,K-12
,Private,Close Reach Ministries DBA Close Reach Academy,625 140th Ave NE,King,60.0,K-12
,Public,Clover Creek Elementary,16715 36th Ave E,Pierce,96.5,K-12
,Public,Clover Park High School,11023 Gravelly Lake Dr SW,Pierce,90.98,K-12
,Public,Clovis Point Elementary School,1855 4th St SE,Douglas,97.32,K-12
,Public,Clyde Hill Elementary,9601 NE 24th St,King,83.08,K-12
,Public,Colbert Elementary School,4625 E Greenbluff Rd,Spokane,89.14,K-12
,Public,Colfax High School,1110 N Morton St,Whitman,97.64,K-12
,Public,College Place Elementary,20401 76th Ave W,Snohomish,94.58,K-12
,Public,College Place High School,1755 S College Ave,Walla Walla,97.1,K-12
,Public,College Place Middle School,7501 208th St SW,Snohomish,97.91,K-12
,Public,Collins Elementary,1920 128th St E,Pierce,94.9,K-12
,Public,Colton School,706 Union St,Whitman,96.58,K-12
,Private,Columbia Adventist Academy,11100 NE 189th St,Clark,89.05,K-12
,Public,Columbia Basin Technical Skills Center,900 Yonezawa Blvd,Grant,86.67,K-12
,Public,Columbia Crest A-STEM Academy,24503 State Route 706 E,Pierce,83.13,K-12
,Public,Columbia Elementary,755 Maple St,Walla Walla,92.82,K-12
,Public,Columbia Elementary,10520 Harbour Pointe Blvd,Snohomish,93.98,K-12
,Public,Columbia Elementary School,2508 Utter St,Whatcom,98.18,K-12
,Public,Columbia Elementary School,600 Bozarth Ave,Cowlitz,91.9,K-12
,Public,Columbia Heights Elementary,2820 Parkview Dr,Cowlitz,97.59,K-12
,Public,Columbia High and Elementary,4961B Hunters Co Shop Rd,Stevens,84.4,K-12
,Public,Columbia High School,1455 NW Bruin Country Rd,Klickitat,97.66,K-12
,Public,Columbia High School,755 Maple St,Walla Walla,98.52,K-12
,Public,Columbia Junior High School,2901 54th Ave E,Pierce,96.93,K-12
,Public,Columbia Middle School,755 Maple St,Walla Walla,97.66,K-12
,Public,Columbia Middle School,1111 E Nelson Rd,Grant,98.17,K-12
,Public,Columbia Ridge Elementary,60 H St SE,Grant,90.51,K-12
,Public,Columbia River Elementary,9011 Burns Rd,Franklin,95.94,K-12
,Public,Columbia River Gorge Elementary School,35300 SE Evergreen Hwy,Clark,94.41,K-12
,Public,Columbia River High,800 NW 99th St,Clark,91.69,K-12
,Public,Columbia Valley Elementary,17500 SE Sequoia Cr,Clark,92.24,K-12
,Public,Columbia Valley Garden Elementary,2644 30th Ave,Cowlitz,96.03,K-12
,Public,Columbia Virtual Academy,3030 Huffman Rd,Stevens,82.16,K-12
,Public,Columbia Virtual Academy - Kettle Falls,1275 Juniper St,Stevens,89.5,K-12
,Public,Colville Junior High School,990 S Cedar St,Stevens,90.13,K-12
,Public,Colville Senior High School,154 Highway 20 E,Stevens,93.75,K-12
,Private,Colville Valley Junior Academy,139 E Cedar Loop,Stevens,38.89,K-12
,Public,Comm Based Trans Program,601 S 8th St,Pierce,100.0,K-12
,Public,Community School,11133 NE 65th St,King,95.65,K-12
,Public,Computer Academy Toppenish High School,143 Ward Rd,Yakima,99.53,K-12
,Public,Concord International School,723 S Concord St,King,98.29,K-12
,Private,Concordia Christian Academy,202 E 56th St,Pierce,89.58,K-12
,Private,Concordia Lutheran School,7040 36th Ave NE,King,100.0,K-12
,Public,Concrete Elementary,7838 S Superior Ave,Skagit,90.58,K-12
,Public,Concrete High School,7830 S Superior Ave,Skagit,98.98,K-12
,Public,Connell Elementary,619 W Clark St,Franklin,97.63,K-12
,Public,Connell High School,1100 W Clark St,Franklin,98.99,K-12
,Public,Continuous Curriculum School,16924 E Wellesley Ave,Spokane,90.96,K-12
,Public,Contract Learning Center,913 W 2nd St,Yakima,100.0,K-12
,Public,Conway School,19710 State Route 534,Skagit,95.9,K-12
,Public,Cooper Elementary,3200 N Ferrall St,Spokane,91.1,K-12
,Public,Cordata Elementary School,4420 Aldrich Rd,Whatcom,90.8,K-12
,Private,Cornerstone Academy - Liberty Lake,21326 E Mission Ave,Spokane,68.97,K-12
,Private,Cornerstone Christian Academy for Learning and Leadership - Battle Ground,715 NW Onsdorff Blvd,Clark,80.89,K-12
,Private,Cornerstone Christian Academy for Learning and Leadership - Vancouver,10818 NE 117th Ave,Clark,85.0,K-12
,Private,Cornerstone Christian School - Lacey,5005 Lacey Blvd SE,Thurston,79.31,K-12
,Private,Cornerstone Christian School - Lynden,8872 Northwood Rd,Whatcom,94.0,K-12
,Private,Cornerstone Christian School - Olympia,333 Kaiser Rd NW,Thurston,84.13,K-12
,Private,Cornerstone Montessori School,1644 Gault St,Pierce,81.82,K-12
,Public,Cosmopolis Elementary School,1439 4th St,Grays Harbor,88.67,K-12
,Public,Cottage Lake Elementary,15940 Avondale Rd NE,King,95.09,K-12
,Public,Cottonwood Elementary,16734 Cottonwood Creek Blvd,Benton,94.0,K-12
,Public,Cottonwood Elementary School,330 NE Foster Rd,Kitsap,98.62,K-12
,Public,Cottonwood Elementary School,1041 S 96th Ave,Yakima,96.69,K-12
,Public,Cougar Creek Elementary School,16216 11th Ave NE,Snohomish,92.03,K-12
,Public,Cougar Mountain Middle School,5108 260th St E,Pierce,98.11,K-12
,Public,Cougar Mountain Middle School,1929 NW Talus Dr,King,98.08,K-12
,Public,Cougar Ridge Elementary,4630 167th Ave SE,King,97.35,K-12
,Public,Cougar Valley Elementary,13200 Olympic View Rd NW,Kitsap,96.35,K-12
,Public,Coulee City Elementary,410 Locust W,Grant,98.31,K-12
,Public,Coupeville Elementary School,6 S Main St,Island,86.52,K-12
,Public,Coupeville High School,501 S Main St,Island,93.8,K-12
,Public,Coupeville Middle School,501 S Main St,Island,95.32,K-12
,Public,Coupeville Open Academy,501 S Main St,Island,93.1,K-12
,Private,Covenant Christian School,9088 Northwood Rd,Whatcom,78.26,K-12
,Private,Covenant Christian School,1001 N Grape Dr,Grant,91.23,K-12
,Private,Covenant High School,620 S Shirley St,Pierce,97.47,K-12
,Public,Covington Elementary School,25811 156th Ave SE,King,90.57,K-12
,Public,Covington Middle School,11200 NE Rosewood Ave,Clark,95.87,K-12
,Public,Coweeman Middle School,2000 Allen St,Cowlitz,98.28,K-12
,Public,Cowlitz Prairie Academy,130 N 5th St,Lewis,97.37,K-12
,Public,CPSD Open Doors Program,5504 112th St SW,Pierce,95.6,K-12
,Public,CRCC-Open Doors,1301 N Ephrata Ave,Franklin,85.71,K-12
,Private,Creator's House,14520 100th Ave NE,King,78.79,K-12
,Public,Creekside Elementary,20777 SE 16th St,King,98.11,K-12
,Public,Creekside Elementary School,3525 E Hastings Ave,Spokane,89.19,K-12
,Public,Crescent Harbor Elementary,330 E Crescent Harbor Rd,Island,94.51,K-12
,Public,Crescent Heights Elementary School,4110 Nassau Ave NE,Pierce,93.9,K-12
,Public,Crescent School,50350 Highway 112,Clallam,85.71,K-12
,Public,Crestline Elementary School,13003 SE 7th St,Clark,94.83,K-12
,Public,Creston Elementary,485 SE E St,Lincoln,96.0,K-12
,Public,Creston Jr-Sr High School,485 SE E St,Lincoln,96.88,K-12
,Private,Crestview Christian School,1601 W Valley Rd,Grant,94.12,K-12
,Public,Crestwood Elementary,3914 W Tapps Dr E,Pierce,89.86,K-12
,Public,Crestwood Elementary School,25225 180th Ave SE,King,92.51,K-12
,Private,Cristo Rey Jesuit Seattle High School,10001 57th Ave S,King,54.39,K-12
,Private,Crosspoint Christian School,705 NE Lincoln Rd,Kitsap,92.11,K-12
,Public,Crossroads High School,205 N Alder Ave,Snohomish,98.52,K-12
,Public,Crownhill Elementary School,1500 Rocky Point Rd NW,Kitsap,87.5,K-12
,Public,Crystal Springs Elementary,21615 9th Ave SE,Snohomish,98.43,K-12
,Public,Curlew Elementary & High School,47 Curlew School Rd,Ferry,89.84,K-12
,Public,Curtis Junior High,3725 Grandview Dr W,Pierce,97.56,K-12
,Public,Curtis Senior High,8425 40th St W,Pierce,95.74,K-12
,Public,Cusick Jr Sr High School,305 Monumental Rd,Pend Oreille,91.1,K-12
,Public,Custer Elementary,7660 Custer School Rd,Whatcom,89.4,K-12
,Public,Custer Elementary School,7801 Steilacoom Blvd SW,Pierce,97.01,K-12
,Public,CVSD Open Doors Programs,2218 N Molter Rd,Spokane,88.79,K-12
,Private,Cypress Adventist School,21500 Cypress Way,Snohomish,85.19,K-12
,Public,Daffodil Valley Elementary,1509 Valley Ave E,Pierce,94.04,K-12
,Public,Dallesport Elementary,625 Keasey Ave,Klickitat,86.84,K-12
,Public,Damman Elementary,2681 Umptanum Rd,Kittitas,95.56,K-12
,Private,Dancing Pines Montessori,22849 172nd Ave SE,King,91.84,K-12
,Public,Daniel Bagley Elementary School,7821 Stone Ave N,King,94.79,K-12
,Public,Darrington Elementary School,1075 Fir St,Snohomish,94.41,K-12
,Public,Darrington High School,1085 Fir St,Snohomish,97.25,K-12
,Public,Davenport Elementary,601 Washington St,Lincoln,94.01,K-12
,Public,Davenport Senior High School,801 7th St,Lincoln,96.18,K-12
,Public,David T. Denny International Middle School,2601 SW Kenyon St,King,96.14,K-12
,Public,David Wolfle Elementary,27089 Highland Rd NE,Kitsap,90.61,K-12
,Public,Davis Elementary,31 SE Ash Ave,Walla Walla,97.91,K-12
,Public,Davis High School,212 S 6th Ave,Yakima,99.82,K-12
,Public,Daybreak Middle,1900 NW 20th Ave,Clark,94.77,K-12
,Public,Daybreak Primary,1900 NW 20th Ave,Clark,87.25,K-12
,Public,Dayton Elementary School,302 E Park St,Columbia,92.68,K-12
,Public,Dayton High School,614 S 3rd St,Columbia,93.51,K-12
,Public,Dayton Middle School,609 S 2nd St,Columbia,94.87,K-12
,Public,Dearborn Park International School,2820 S Orcas St,King,96.43,K-12
,Public,Decatur Elementary School,7711 43rd Ave NE,King,100.0,K-12
,Public,Decatur High School,2800 SW 320th St,King,94.78,K-12
,Private,Deep Creek Hutterian School,3610 N Wood Rd,Spokane,87.5,K-12
,Public,Deer Park Achievement High School,800 S Weber Rd,Spokane,97.27,K-12
,Public,Deer Park Elementary,1500 E D St,Spokane,84.36,K-12
,Public,Deer Park High School,800 S Weber Rd,Spokane,92.75,K-12
,Public,Deer Park Home Link Program,428 N Main St,Spokane,64.09,K-12
,Public,Deer Park Middle School,347 S Colville Rd,Spokane,93.39,K-12
,Public,Delong Elementary School,4901 S 14th St,Pierce,94.94,K-12
,Private,Derech Emunah Seattle Jewish Girls High School,5142 S Holly St,King,100.0,K-12
,Public,Des Moines Elementary,23801 16th Ave S,King,95.21,K-12
,Private,DeSales Catholic School,919 E Sumach St,Walla Walla,63.93,K-12
,Public,Desert Hills Middle School,1701 S Clodfelter Rd,Benton,98.38,K-12
,Public,Desert Sky Elementary,2100 Sunshine Ave,Benton,97.05,K-12
,Public,Dessie F Evans Elementary,7911 144th St E,Pierce,95.96,K-12
,Public,Dick Scobee Elementary School,1031 14th St NE,King,96.77,K-12
,Public,Dickinson Elementary,7040 208th Ave NE,King,99.66,K-12
,Public,Dieringer Heights Elementary,21727 34th St E,Pierce,93.61,K-12
,Public,Digital Learning Center,1530 S Pilgrim St,Grant,91.89,K-12
,Public,Dimmitt Middle School,12320 80th Ave S,King,97.51,K-12
,Public,Discovery,2150 Fircrest Dr SE,Kitsap,96.4,K-12
,Public,Discovery Elementary,11700 Meridian Ave S,Snohomish,96.85,K-12
,Public,Discovery Elementary,2300 228th Ave SE,King,98.4,K-12
,Public,Discovery Elementary School,4905 Rosedale St,Pierce,97.48,K-12
,Public,Discovery High School,2742 Harding St,Cowlitz,100.0,K-12
,Public,Discovery High School,5125 Nan Henriksen Way,Clark,96.55,K-12
,Public,Discovery High School-Achieve,2742 Harding St,Cowlitz,96.91,K-12
,Private,Discovery Lab of Ellensburg,201 N Pearl St,Kittitas,83.78,K-12
,Public,Discovery Middle School,800 E 40th St,Clark,94.52,K-12
,Public,Discovery Primary School,1205 19th Ave,Pierce,88.54,K-12
,Public,Discovery School,12801 84th Ave NE,King,100.0,K-12
,Public,Discovery Virtual Academy,1284 Chestnut St,Asotin,83.64,K-12
,Public,Dishman Hills High School,115 S University Rd,Spokane,94.83,K-12
,Public,District Run Home School,411 S Spartan Ave,Clallam,87.5,K-12
,Public,Dixie Elementary School,10520 E Hwy 12,Walla Walla,92.31,K-12
,Private,Dolan Learning Center LLC,18500 156th Ave NE,King,100.0,K-12
,Public,Dorothy Fox,2623 NW Sierra St,Clark,95.94,K-12
,Public,Dower Elementary School,7817 Dower Rd West,Pierce,94.38,K-12
,Public,Downing Elementary School,2502 N Orchard St,Pierce,96.23,K-12
,Public,Dr. Dolores Silas High School,1202 N Orchard St,Pierce,98.24,K-12
,Public,Drum Intermediate,4909 79th Ave W,Pierce,94.54,K-12
,Public,Dry Creek Elementary,25 Rife Rd,Clallam,89.67,K-12
,Public,Dungeness Virtual School,503 N Sequim Ave,Clallam,90.53,K-12
,Public,Dunlap Elementary School,4525 S Cloverdale St,King,89.55,K-12
,Public,Dutch Hill Elementary,8231 131st Ave SE,Snohomish,96.01,K-12
,Public,Dwight D Eisenhower Elementary,9201 NW 9th Ave,Clark,94.49,K-12
,Public,Eagle Creek Elementary,1216 E 5th St,Snohomish,92.59,K-12
,Public,Eagle Harbor High School,9530 NE High School Rd,Kitsap,95.05,K-12
,Private,Eagle View Christian School,13036 Morris Rd SE,Thurston,76.98,K-12
,Public,Eagle Virtual Sky Academy,1235 Monte Elma Rd,Grays Harbor,95.56,K-12
,Public,Eagleridge Elementary,2651 Thornton Rd,Whatcom,91.63,K-12
,Public,East Farms STEAM School,26203 E Rowan Ave,Spokane,88.75,K-12
,Public,East Grays Harbor High School,1235 Monte Elma Rd,Grays Harbor,95.0,K-12
,Public,East Grays Harbor Open Doors,705 W Waldrip,Grays Harbor,94.44,K-12
,Public,East Hill Elementary School,9825 S 240th St,King,92.75,K-12
,Public,East Olympia Elementary,8700 Rich Rd SE,Thurston,86.09,K-12
,Public,East Omak Elementary,715 Omak Ave,Okanogan,96.02,K-12
,Public,East Port Orchard Elementary,2649 Hoover Ave SE,Kitsap,96.81,K-12
,Public,East Ridge Elementary,22150 NE 156th Pl,King,98.56,K-12
,Public,East Valley Central Middle School,2010 Beaudry Rd,Yakima,99.23,K-12
,Public,East Valley Elementary,1951 Beaudry Rd,Yakima,97.74,K-12
,Public,East Valley High School,1900 Beaudry Rd,Yakima,99.41,K-12
,Public,East Valley High School,15711 E Wellesley Ave,Spokane,94.41,K-12
,Public,East Valley Middle School,4920 N Progress Rd,Spokane,92.48,K-12
,Public,Eastgate Elementary School,910 E 10th Ave,Benton,99.18,K-12
,Public,Eastlake High School,400 228th Ave NE,King,99.51,K-12
,Public,Eastmont Academy,600 N James Ave,Douglas,100.0,K-12
,Public,Eastmont Junior High,905 8th St NE,Douglas,99.55,K-12
,Public,Eastmont Senior High,955 3rd St NE,Douglas,99.8,K-12
,Public,Easton School,1893 Railroad St,Kittitas,89.16,K-12
,Private,Eastside Academics School,13208 NE 20th St,King,100.0,K-12
,Private,Eastside Academy,1800 100th Ave NE,King,100.0,K-12
,Private,Eastside Catholic School,232 228th Ave SE,King,98.41,K-12
,Private,Eastside Christian School,14615 SE 22nd St,King,92.61,K-12
,Private,Eastside Community School,5025 Issaquah Pine Lake Rd SE,King,79.81,K-12
,Private,Eastside Preparatory School,10613 NE 38th Pl,King,99.06,K-12
,Private,Eaton Arrowsmith Academy,17946 NE 65th St,King,93.33,K-12
,Public,Eatonville Elementary School,209 Lynch Creek Rd E,Pierce,90.62,K-12
,Public,Eatonville High School,302 Mashell Ave N,Pierce,95.31,K-12
,Public,Eatonville Middle School,207 Carter St E,Pierce,95.98,K-12
,Private,Ebenezer Christian School,9390 Guide Meridian Rd,Whatcom,83.54,K-12
,Public,Echo Lake Elementary School,19345 Wallingford Ave N,King,97.19,K-12
,Public,Eckstein Middle School,3003 NE 75th St,King,98.81,K-12
,Public,Edgemont Jr High,2300 110th Ave E,Pierce,94.12,K-12
,Public,Edgerton Elementary,16528 127th Avenue Ct E,Pierce,97.28,K-12
,Public,Edgewood Elementary School,3212 E Evergreen Blvd,Clark,87.15,K-12
,Public,Edison Elementary,607 H St,Lewis,94.89,K-12
,Public,Edison Elementary - Burlington/Edison,5801 Main St,Skagit,89.24,K-12
,Public,Edison Elementary School,5830 S Pine St,Pierce,96.09,K-12
,Public,Edison Elementary School - Kennewick,201 S Dawes St,Benton,96.68,K-12
,Public,Edison Elementary School - Walla Walla,1315 E Alder St,Walla Walla,98.29,K-12
,Public,Edmonds Career Access Program,20420 68th Ave W,Snohomish,85.16,K-12
,Public,Edmonds eLearning Academy,7501 208th St SW,Snohomish,99.08,K-12
,Public,Edmonds Elementary,1215 Olympic Ave,Snohomish,98.36,K-12
,Public,Edmonds Heights K-12,23200 100th Ave W,Snohomish,91.58,K-12
,Public,Edmonds Woodway High School,7600 212th St SW,Snohomish,97.63,K-12
,Public,Edna Travis Elementary School,2111 S J St,Pierce,95.02,K-12
,Public,Educational Opportunity Center,1284 Chestnut St,Asotin,100.0,K-12
,Public,Educational Opportunity Center Reengagement,1284 Chestnut St,Asotin,100.0,K-12
,Public,Edwin Markham Elementary,4031 Elm Rd,Franklin,94.12,K-12
,Public,Edwin R Opstad Elementary,1345 Stilson Ave SE,King,98.34,K-12
,Public,Einstein Elementary,18025 NE 116th St,King,98.87,K-12
,Public,Eisenhower High School,611 S 44th Ave,Yakima,99.43,K-12
,Public,Eisenhower Middle School,10200 25th Ave SE,Snohomish,96.63,K-12
,Public,Eismann Elementary,13802 Canyon View Blvd E,Pierce,96.28,K-12
,Public,Elger Bay Elementary,1810 Elger Bay Rd,Island,91.5,K-12
,Public,Elk Plain School of Choice,22015 22nd Ave E,Pierce,95.56,K-12
,Public,Elk Ridge Elementary,340 White River Park Rd,Pierce,92.35,K-12
,Public,Ella Baker Elementary School,9595 Eastridge Dr NE,King,98.08,K-12
,Public,Ellen Ochoa Middle School,1801 E Sheppard St,Franklin,98.86,K-12
,Public,Ellensburg Choice Schools,1300 E 3rd Ave,Kittitas,90.82,K-12
,Private,Ellensburg Christian School,407 S Anderson St,Kittitas,74.77,K-12
,Public,Ellensburg High School,1203 E Capitol Ave,Kittitas,97.72,K-12
,Public,Ellensburg Open Doors,1200 E Capitol Ave,Kittitas,100.0,K-12
,Public,Ellsworth Elementary School,512 SE Ellsworth Rd,Clark,92.11,K-12
,Public,Elma Elementary School,1235 Monte Elma Rd,Grays Harbor,93.35,K-12
,Public,Elma High School,1235 Monte Elma Rd,Grays Harbor,93.1,K-12
,Public,Elma Middle School,1235 Monte Elma Rd,Grays Harbor,93.77,K-12
,Public,Elmhurst Elementary School,420 133rd St E,Pierce,95.67,K-12
,Public,Emerald Elementary School,4000 NE 164th Ave,Clark,87.17,K-12
,Private,Emerald Heights Academy,5130 164th Ave SE,King,85.71,K-12
,Public,Emerald Heights Elementary,1260 NW Pinnacle Ct,Kitsap,98.17,K-12
,Public,Emerald Hills Elementary,19515 S Tapps Dr E,Pierce,96.17,K-12
,Private,Emerald Learning Center - Tacoma,1819 E 72nd St,Pierce,79.07,K-12
,Public,Emerald Park Elementary School,11800 SE 216th St,King,92.19,K-12
,Public,Emerald Ridge High School,12405 184th St E,Pierce,98.58,K-12
,Public,Emerson Elementary,101 W Emerson Ave,Grays Harbor,92.96,K-12
,Public,Emerson Elementary,1616 W Octave St,Franklin,97.91,K-12
,Public,Emerson Elementary School,9709 60th Ave S,King,92.92,K-12
,Public,Emerson Elementary School,8702 7th Ave SE,Snohomish,93.1,K-12
,Public,Emerson High School,10903 NE 53rd St,King,100.0,K-12
,Public,Emerson K-12,10903 NE 53rd St,King,92.68,K-12
,Public,Employment Transition Program,33250 21st Ave SW,King,96.0,K-12
,Public,Enatai Elementary School,10700 SE 25th St,King,88.49,K-12
,Public,Endeavor High School,4624 W 10th Ave,Benton,98.63,K-12
,Public,Endeavor Middle School,6527 Patton Blvd NE,Grant,96.0,K-12
,Public,Endeavour Elementary,12300 Harbour Pointe Blvd,Snohomish,96.57,K-12
,Public,Endeavour Elementary School,26205 SE Issaquah Fall City Rd,King,98.95,K-12
,Public,Endeavour Elementary School,2701 NE Four Seasons Ln,Clark,91.2,K-12
,Public,Endicott/St John Elementary and Middle School,308 School Dr,Whitman,97.37,K-12
,Public,English Crossing Elementary,16728 16th Dr NW,Snohomish,93.07,K-12
,Private,Enlightium Preparatory Academy,4224 E 4th Ave,Spokane,21.62,K-12
,Public,Enterprise Elementary School,35101 5th Ave SW,King,90.2,K-12
,Public,Enterprise Middle School,5200 Paradise Dr,Benton,98.2,K-12
,Public,Entiat Middle and High School,2650 Entiat Way,Chelan,98.94,K-12
,Public,Enumclaw Middle School,550 Semanski St,King,92.31,K-12
,Public,Enumclaw Sr High School,226 Semanski St,King,90.92,K-12
,Public,Environmental & Adventure School,8040 NE 132nd St,King,98.59,K-12
,Public,Envision Career Academy,411 College St NE,Thurston,93.31,K-12
,Public,Ephrata High School,333 4th Ave NW,Grant,94.71,K-12
,Public,Ephrata Middle School,384 A St SE,Grant,95.3,K-12
,Private,Epiphany School,3611 E Denny Way,King,100.0,K-12
,Public,ESD 105 Open Doors,33 S 2nd Ave,Yakima,95.5,K-12
,Public,Esquire Hills Elementary,2650 NE John Carlson Rd,Kitsap,95.71,K-12
,Private,Eton School,2701 Bel Red Rd,King,99.12,K-12
,Public,EV Online,3830 N Sullivan Rd,Spokane,95.0,K-12
,Public,EV Parent Partnership,12325 E Grace Ave,Spokane,67.41,K-12
,Public,Evaline Elementary School,111 Schoolhouse Rd,Lewis,91.38,K-12
,Private,Evangel Classical School,9015 44th Dr NE,Snohomish,47.74,K-12
,Private,Everett Christian School,2221 Cedar St,Snohomish,81.67,K-12
,Public,Everett High School,2416 Colby Ave,Snohomish,95.84,K-12
,Private,Everett Montessori Academy,2702 Rockefeller Ave,Snohomish,90.91,K-12
,Public,Everett Reengagement Academy,3516 Rucker Ave,Snohomish,89.42,K-12
,Public,Everett Virtual Academy,3700 Federal Ave,Snohomish,100.0,K-12
,Private,Evergreen Academy Elementary School - Bothell,16017 118th Pl NE,King,98.03,K-12
,Private,Evergreen Christian Private School,3405 S 336th St,King,37.5,K-12
,Public,Evergreen Elementary,1632 Key Peninsula Hwy SW,Pierce,91.32,K-12
,Public,Evergreen Elementary School,900 W Franklin St,Mason,96.26,K-12
,Public,Evergreen Elementary School,215 W Elmore Ave,Spokane,93.99,K-12
,Public,Evergreen Elementary School,1007 McGarigle Rd,Skagit,94.31,K-12
,Public,Evergreen Forest Elementary,3025 Marvin Rd SE,Thurston,96.87,K-12
,Public,Evergreen Heights Elementary,5602 S 316th St,King,95.9,K-12
,Public,Evergreen High School,14300 NE 18th St,Clark,95.39,K-12
,Public,Evergreen High School,830 SW 116th St,King,96.5,K-12
,Private,Evergreen Lutheran High School,7306 Waller Rd E,Pierce,94.17,K-12
,Public,Evergreen Middle School,7621 Beverly Ln,Snohomish,96.81,K-12
,Public,Evergreen Middle School,26630 40th Ave S,King,97.83,K-12
,Public,Evergreen Middle School,14221 E 16th Ave,Spokane,96.52,K-12
,Public,Evergreen Primary,7102 40th St W,Pierce,95.51,K-12
,Public,Evergreen School,3341 Addy Gifford Rd,Stevens,82.76,K-12
,Public,Everson Elementary,216 Everson Goshen Rd,Whatcom,93.98,K-12
,Public,Expedition Elementary,18717 108th Avenue Ct E,Pierce,96.06,K-12
,Private,Explorations Academy,1701 Ellis St,Whatcom,86.67,K-12
,Public,Explorer Academy,2689 Hoover Ave SE,Kitsap,98.38,K-12
,Public,Explorer Community School,7040 208th Ave NE,King,100.0,K-12
,Public,Explorer Middle School,9600 Sharon Dr,Snohomish,97.93,K-12
,Private,Explorer West Middle School,10015 28th Ave SW,King,99.06,K-12
,Public,Fairhaven Middle School,110 Park Ridge Rd,Whatcom,95.8,K-12
,Public,Fairmount Elementary,11401 Beverly Park Rd,Snohomish,92.94,K-12
,Public,Fairmount Park Elementary School,3800 SW Findlay St,King,97.52,K-12
,Public,Fairview Middle School,8107 Central Valley Rd NE,Kitsap,98.89,K-12
,Public,Fairwood Elementary School,16600 148th Ave SE,King,92.64,K-12
,Private,Faith Baptist Academy,2804 E Euclid Ave,Spokane,55.26,K-12
,Private,Faith Lutheran School - Lacey,7075 Pacific Ave SE,Thurston,91.14,K-12
,Private,Faith Lutheran School - Tacoma,113 S 96th St,Pierce,81.08,K-12
,Public,Fall City Elementary,33314 SE 42nd St,King,98.22,K-12
,Private,Family Academy,17901 3rd Ave NE,Snohomish,43.45,K-12
,Public,Family Link,9600 SW 204th St,King,65.79,K-12
,Public,Farwell Elementary School,13005 N Crestline St,Spokane,93.06,K-12
,Public,Fawcett Elementary School,126 E 60th St,Pierce,95.0,K-12
,Public,Federal Way High School,30611 16th Ave S,King,97.83,K-12
,Public,Federal Way Public Academy,34620 9th Ave S,King,91.39,K-12
,Public,Felida Elementary School,2700 NW 119th St,Clark,95.95,K-12
,Private,Fellowship Christian School,7710 Evergreen Way,Snohomish,87.89,K-12
,Public,Fern Hill Elementary School,8442 S Park Ave,Pierce,95.04,K-12
,Public,Ferndale High School,5830 Golden Eagle Dr,Whatcom,96.0,K-12
,Public,Ferndale Re-Engagement,6041 Vista Dr,Whatcom,95.7,K-12
,Public,Ferndale Virtual Academy,5830 Golden Eagle Drive,Whatcom,94.0,K-12
,Public,Fernwood Elementary,3933 Jewell Rd,Snohomish,99.32,K-12
,Public,Ferris High School,3020 E 37th Ave,Spokane,95.37,K-12
,Public,Ferrucci Jr High,3213 Wildwood Park Dr,Pierce,97.54,K-12
,Public,Ferry County Open Doors,47 Curlew School Rd,Ferry,70.18,K-12
,Public,Fidalgo Elementary,13590 Gibralter Rd,Skagit,91.45,K-12
,Private,Fiddlehead Montessori,2702 R Ave,Skagit,82.76,K-12
,Public,Fife Elementary School,5804 20th St E,Pierce,93.17,K-12
,Public,Fife High School,5616 20th St E,Pierce,96.86,K-12
,Public,Fife Open Doors,5804 20th St E,Pierce,96.77,K-12
,Public,Finch Elementary,3717 N Milton St,Spokane,94.89,K-12
,Public,Finn Hill Middle School,8040 NE 132nd St,King,97.81,K-12
,Public,Fircrest Elementary School,12001 NE 9th St,Clark,95.25,K-12
,Public,Firgrove Elementary,13918 Meridian E,Pierce,95.5,K-12
,Private,Firm Foundation Christian School,1919 SW 25th Ave,Clark,67.38,K-12
,Public,First Creek Middle School,1801 E 56th St,Pierce,98.96,K-12
,Private,First Presbyterian Christian School,318 S Cedar St,Spokane,96.15,K-12
,Public,Fisher Elementary School,501 14th St,Whatcom,88.16,K-12
,Public,Fishers Landing Elementary School,3800 SE Hiddenbrook Dr,Clark,95.86,K-12
,Private,Five Acre School,515 Lotzgesell Rd,Clallam,68.52,K-12
,Public,Flett Middle School,5020 W Wellesley,Spokane,97.49,K-12
,Private,Foothills Christian School,730 N 16th St,Skagit,67.86,K-12
,Public,Foothills Elementary,10621 234th Ave E,Pierce,87.78,K-12
,Public,Foothills Middle School,1410 Maple St,Chelan,98.71,K-12
,Public,Fords Prairie Elementary,1620 Harrison Ave,Lewis,95.69,K-12
,Private,Forest Park Adventist Christian School,4120 Federal Ave,Snohomish,93.18,K-12
,Private,Forest Ridge School of the Sacred Heart,4800 139th Ave SE,King,100.0,K-12
,Public,Forest View Elementary School,5601 156th St SE,Snohomish,97.95,K-12
,Public,Forks Elementary School,301 S Elderberry Ave,Clallam,87.5,K-12
,Public,Forks High School,261 S Spartan Ave,Clallam,93.39,K-12
,Public,Forks Middle School,121 S Spartan Ave,Clallam,90.5,K-12
,Public,Fort Colville Elementary,1212 E Ivy Ave,Stevens,84.28,K-12
,Public,Fort Stevens Elementary,16525 100th Way SE,Thurston,96.65,K-12
,Public,Fort Vancouver High School,5700 E 18th St,Clark,91.56,K-12
,Public,Foss High School,2112 S Tyler St,Pierce,97.65,K-12
,Public,Foster Senior High School,4242 S 144th St,King,96.86,K-12
,Public,Four Heroes Elementary,9101 Lakewood Dr SW,Pierce,97.02,K-12
,Public,Frances Scott Elementary,3737 E 5th Ave,Spokane,97.0,K-12
,Public,Frank Love Elementary,303 224th St SW,Snohomish,97.15,K-12
,Public,Frank Wagner Elementary,115 Dickinson St,Snohomish,96.26,K-12
,Public,Franklin Elementary,2627 E 17th Ave,Spokane,90.89,K-12
,Public,Franklin Elementary,850 SE Klemgard St,Whitman,97.81,K-12
,Public,Franklin Elementary,2505 S Washington St,Clallam,96.73,K-12
,Public,Franklin Elementary,12434 NE 60th St,King,99.63,K-12
,Public,Franklin Elementary School,1402 S Lawrence St,Pierce,96.55,K-12
,Public,Franklin High School,3013 S Mount Baker Blvd,King,96.49,K-12
,Public,Franklin Middle School,410 S 19th Ave,Yakima,99.14,K-12
,Public,Franklin Pierce High School,11002 18th Ave E,Pierce,98.33,K-12
,Public,Frantz Coe Elementary School,2424 7th Ave W,King,97.92,K-12
,Public,Frederickson Elementary,17218 74th Ave E,Pierce,95.23,K-12
,Public,Freeman Elementary School,14917 S Jackson Rd,Spokane,88.08,K-12
,Public,Freeman High School,14626 S Jackson Rd,Spokane,94.76,K-12
,Public,Freeman Middle School,14917 S Jackson Rd,Spokane,94.79,K-12
,Private,French American School of Puget Sound,3795 E Mercer Way,King,99.36,K-12
,Private,French Immersion School of Washington,4211 W Lake Sammamish Pkwy SE,King,99.37,K-12
,Public,Friday Harbor Elementary School,95 Grover St,San Juan,93.12,K-12
,Public,Friday Harbor High School,45 Blair Ave,San Juan,97.85,K-12
,Public,Friday Harbor Middle School,85 Blair Ave,San Juan,98.14,K-12
,Public,Frontier Middle School,517 W 3rd Ave,Grant,95.89,K-12
,Public,Frontier Middle School,22110 108th Ave E,Pierce,94.84,K-12
,Public,Frontier Middle School,7600 NE 166th Ave,Clark,94.08,K-12
,Public,Frost Elementary,11801 NE 140th St,King,98.42,K-12
,Public,Fruit Valley Elementary School,3410 Fruit Valley Rd,Clark,85.95,K-12
,Public,Fruitland Elementary,1515 S Fruitland,Pierce,96.68,K-12
,Public,Fryelands Elementary,15286 Fryelands Blvd SE,Snohomish,95.48,K-12
,Public,Fuerza Elementary,6011 W 10th Pl,Benton,99.67,K-12
,Public,Futurus High School,906 Johnson Rd,Lewis,93.69,K-12
,Public,Gaiser Middle School,3000 NE 99th St,Clark,92.14,K-12
,Private,Garden City Academy,1610 Orchard Ave,Chelan,100.0,K-12
,Public,Garden Heights Elementary,707 E Nelson Rd,Grant,92.53,K-12
,Public,Garfield at Palouse High School,600 E Alder St,Whitman,93.18,K-12
,Public,Garfield Elementary,810 N 3rd St,Whitman,93.33,K-12
,Public,Garfield Elementary,222 W Knox Ave,Spokane,94.52,K-12
,Public,Garfield Elementary School,2215 Pine St,Snohomish,91.65,K-12
,Public,Garfield Elementary School,612 N 6th Ave,Yakima,98.28,K-12
,Public,Garfield Elementary School,325 Plymouth St NW,Thurston,93.0,K-12
,Public,Garfield High School,400 23rd Ave,King,97.4,K-12
,Public,Garfield Middle School,810 N 3rd St,Whitman,97.3,K-12
,Public,Garrison Middle School,906 Chase Ave,Walla Walla,99.1,K-12
,Public,Garry Middle School,725 E Joseph Ave,Spokane,96.32,K-12
,Public,Gate Program,3100 E 18th St,Clark,81.25,K-12
,Public,Gates Secondary School,4608 128th St E,Pierce,99.0,K-12
,Public,Gateway Middle School,15404 Silver Firs Dr,Snohomish,98.61,K-12
,Public,Gatewood Elementary School,4320 SW Myrtle St,King,99.3,K-12
,Public,Gause Elementary,1100 34th St,Clark,92.96,K-12
,Public,Geiger Montessori School,7401 S 8th St,Pierce,97.33,K-12
,Public,Genesee Hill Elementary,5013 SW Dakota St,King,98.5,K-12
,Public,Geneva Elementary School,1401 Geneva St,Whatcom,93.57,K-12
,Public,George Bush Middle School,2120 83rd Ave SW,Thurston,95.9,K-12
,Public,George C Marshall Elementary,6400 MacArthur Blvd,Clark,92.67,K-12
,Public,George Elementary,401 Washington Way,Grant,95.83,K-12
,Public,George T. Daniel Elementary School,11310 SE 248th St,King,88.08,K-12
,Private,Gersh Academy,5410 194th Ave SE,King,95.24,K-12
,Public,Gess Elementary,405 E Lincoln Ave,Stevens,88.61,K-12
,Public,Gibson Ek High School,379 1st Pl SE,King,98.94,K-12
,Private,Giddens School,2120 21st Ave S,King,100.0,K-12
,Private,Gig Harbor Academy,6820 32nd St NW,Pierce,98.21,K-12
,Public,Gig Harbor High,5101 Rosedale St,Pierce,97.6,K-12
,Public,Gilbert Elementary School,4400 Douglas Dr,Yakima,97.37,K-12
,Public,Gildo Rey Elementary School,1005 37th St SE,King,95.82,K-12
,Public,Glacier Middle School,240 N C St,Pierce,95.44,K-12
,Public,Glacier Middle School,2450 S 142nd St,King,94.9,K-12
,Public,Glacier Park Elementary,23700 SE 280th St,King,96.36,K-12
,Public,Glacier Peak High School,7401 144th Pl SE,Snohomish,96.59,K-12
,Public,Glacier View Junior High,12807 184th St E,Pierce,98.11,K-12
,Private,Glendale Christian School,13455 2nd Ave SW,King,79.63,K-12
,Public,Glenridge Elementary,19405 120th Ave SE,King,95.0,K-12
,Public,Glenwood Elementary,320 N Bunnell St,Klickitat,94.74,K-12
,Public,Glenwood Elementary,2221 103rd Ave SE,Snohomish,96.4,K-12
,Public,Glenwood Heights Primary,9716 NE 134th St,Clark,84.2,K-12
,Public,Glenwood Secondary,320 N Bunnell St,Klickitat,100.0,K-12
,Private,Global Idea School,9900 Willows Rd NE,King,100.0,K-12
,Public,Glover Middle School,2330 W Longfellow Ave,Spokane,96.11,K-12
,Public,Gold Bar Elementary,419 Lewis Ave,Snohomish,94.12,K-12
,Private,Goldendale Adventist Christian,47 Bickleton Hwy,Klickitat,33.33,K-12
,Public,Goldendale High School,525 E Simcoe Dr,Klickitat,75.97,K-12
,Public,Goldendale Middle School,520 E Collins St,Klickitat,86.29,K-12
,Public,Goldendale Primary School,820 S Schuster St,Klickitat,82.69,K-12
,Private,Gonzaga Preparatory School,1224 E Euclid Ave,Spokane,96.15,K-12
,Public,Goodman Middle School,3701 38th Ave NW,Pierce,96.32,K-12
,Private,Gospel Outreach School,1925 South Bay Rd NE,Thurston,92.96,K-12
,Private,Grace Academy,8521 67th Ave NE,Snohomish,84.95,K-12
,Private,Grace Alliance Christian School,2426 S Dishman Mica Rd,Spokane,61.8,K-12
,Private,Grace Point Academy,2060 Farman St N,King,75.61,K-12
,Public,Graham Elementary,10026 204th St E,Pierce,96.13,K-12
,Public,Graham Hill Elementary School,5149 S Graham St,King,94.68,K-12
,Public,Graham Kapowsin High School,22100 108th Ave E,Pierce,97.96,K-12
,Public,Grainger Elementary,1118 5th Ave S,Okanogan,92.33,K-12
,Public,Grand Mound Elementary,7710 James Rd SW,Thurston,97.02,K-12
,Public,Grand Ridge Elementary,1739 NE Park Dr,King,97.91,K-12
,Public,Grandview High School,1601 W 5th St,Yakima,99.2,K-12
,Public,Grandview Middle School,1401 W 2nd St,Yakima,99.74,K-12
,Public,Granger High School,701 E Ave,Yakima,99.09,K-12
,Public,Granger Middle School,701 E Ave,Yakima,97.52,K-12
,Public,Granite Falls High School,1401 100th St NE,Snohomish,99.36,K-12
,Public,Granite Falls Middle School,405 N Alder Ave,Snohomish,96.83,K-12
,Public,Granite Falls Open Doors,205 N Alder Ave,Snohomish,96.23,K-12
,Public,Grant Elementary,451 3rd Ave NW,Grant,91.37,K-12
,Public,Grant Elementary,1300 E 9th Ave,Spokane,91.98,K-12
,Public,Grant Elementary School,1430 1st St SE,Douglas,95.43,K-12
,Public,Grant Elementary School,2510 N 11th St,Pierce,97.78,K-12
,Public,Grantham Elementary,1253 Poplar St,Asotin,97.52,K-12
,Public,Grapeview Elementary & Middle School,822 E Mason Benson Rd,Mason,91.75,K-12
,Public,Grass Lake Elementary School,28700 191st Pl SE,King,94.72,K-12
,Public,Grass Valley Elementary,3000 NE Grass Valley Dr,Clark,95.27,K-12
,Public,Gravelly Lake K-12 Academy,5504 112th St SW,Pierce,85.29,K-12
,Public,Gray Middle School,6229 S Tyler St,Pierce,97.61,K-12
,Public,Grays Harbor Academy,300 N Williams St,Grays Harbor,97.18,K-12
,Private,Grays Harbor Adventist Christian School,1216 State Route 12,Grays Harbor,76.92,K-12
,Public,Great Northern Elementary,3115 N Spotted Rd,Spokane,75.0,K-12
,Public,Green Gables Elementary School,32607 47th Ave SW,King,93.79,K-12
,Public,Green Lake Elementary School,2400 N 65th St,King,91.57,K-12
,Public,Green Mountain Elementary,3860 Boundary Trl NW,Kitsap,95.86,K-12
,Public,Green Mountain School,13105 NE Grinnell Rd,Clark,88.51,K-12
,Public,Green Park Elementary School,1105 Isaacs Ave,Walla Walla,96.2,K-12
,Private,Green River Montessori School,922 12th St NE,King,100.0,K-12
,Public,Greenacres Elementary,17915 E 4th Ave,Spokane,87.97,K-12
,Public,Greenacres Middle School,17409 E Sprague Ave,Spokane,93.89,K-12
,Public,Greenwood Elementary School,144 NW 80th St,King,99.71,K-12
,Public,Gregory Heights Elementary,16201 16th Ave SW,King,97.47,K-12
,Public,Greywolf Elementary School,171 Carlsborg Rd,Clallam,85.52,K-12
,Public,Griffin Bay School,285 Blair Ave,San Juan,94.12,K-12
,Public,Griffin School,6530 33rd Ave NW,Thurston,93.65,K-12
,Public,Groff Elementary School,1501 S Moses Lake Ave,Grant,94.84,K-12
,Public,Grove Elementary,6510 Grove St,Snohomish,91.22,K-12
,Private,Guardian Angel - St. Boniface,306 Steptoe St,Whitman,86.96,K-12
,Public,H.e.a.r.t. High School,10140 Highway 12 SW,Thurston,100.0,K-12
,Public,H.O.M.E. Program,2607 Jones Ave S,King,86.67,K-12
,Public,Halilts Elementary School,12781 N Madison Ave NE,Kitsap,97.7,K-12
,Public,Haller Middle School,600 E 1st St,Snohomish,96.98,K-12
,Public,Hallett Elementary School,524 S Hallett St,Spokane,92.95,K-12
,Public,Hamblen Elementary,2121 E Thurston Ave,Spokane,90.89,K-12
,Public,Hamilton Elementary,1822 W 7th St,Clallam,93.99,K-12
,Public,Hamilton International Middle School,1610 N 41st St,King,98.87,K-12
,Private,Hamlin Robinson School,1701 20th Ave S,King,99.23,K-12
,Public,Handicapped Contractual Services,18560 1st Ave NE,King,89.47,K-12
,Public,Hanford High School,450 Hanford St,Benton,96.94,K-12
,Public,Happy Valley Elementary School,1041 24th St,Whatcom,93.84,K-12
,Private,Harbor Christian Schools,6509 38th Ave,Pierce,58.33,K-12
,Public,Harbor Heights Elementary School,4002 36th St NW,Pierce,95.53,K-12
,Public,Harbor Junior/Senior High School,300 N Williams St,Grays Harbor,96.52,K-12
,Private,Harbor Montessori School,5414 Comte Dr NW,Pierce,89.09,K-12
,Private,Harbor Montessori School - Creekside Campus,13521 Bethel Burley Rd SE,Kitsap,64.29,K-12
,Public,Harbor Open Doors,300 N Williams St,Grays Harbor,98.82,K-12
,Public,Harbor Ridge Middle School,9010 Prentice Ave,Pierce,97.75,K-12
,Private,Harbor School,15920 Vashon Hwy SW,King,96.36,K-12
,Public,Harbour Pointe Middle School,5000 Harbour Pointe Blvd,Snohomish,95.53,K-12
,Public,Harmony Elementary,5060 Sand Rd,Whatcom,92.59,K-12
,Public,Harmony Elementary School,17404 NE 18th St,Clark,91.37,K-12
,Private,Harrah Community Christian School,50 Dane Ave,Yakima,100.0,K-12
,Public,Harrah Elementary School,7640 Branch Rd,Yakima,96.38,K-12
,Public,Harriet Rowley Elementary,400 53rd St,Skagit,96.47,K-12
,Public,Harrington Elementary School,100 S 1st St,Lincoln,92.98,K-12
,Public,Harrington High School,100 S 1st St,Lincoln,97.67,K-12
,Public,Harrison Middle School,1110 S 6th St,Yakima,99.49,K-12
,Public,Harrison Prep School,9103 Lakewood Dr SW,Pierce,98.47,K-12
,Public,Harry S Truman Elementary School,4505 NE 42nd Ave,Clark,86.21,K-12
,Public,Harvard Elementary,1709 85th St E,Pierce,96.33,K-12
,Public,Hathaway Elementary,630 24th St,Clark,97.47,K-12
,Public,Hawkins Middle School,300 E Campus Dr,Mason,94.42,K-12
,Public,Hawthorne Elementary School - Everett,1110 Poplar St,Snohomish,92.98,K-12
,Public,Hawthorne Elementary School - Kennewick,3520 W John Day Ave,Benton,98.38,K-12
,Public,Hawthorne Elementary School - Seattle,4100 39th Ave S,King,98.19,K-12
,Public,Hayes Freedom High School,1919 NE Ione St,Clark,91.33,K-12
,Public,Hazel Dell Elementary School,511 NE Anderson St,Clark,91.54,K-12
,Public,Hazel Valley Elementary,402 SW 132nd St,King,97.94,K-12
,Public,Hazel Wolf K-8,11530 12th Ave NE,King,98.41,K-12
,Public,Hazelwood Elementary,3300 204th St SW,Snohomish,97.62,K-12
,Public,Hazelwood Elementary School,7100 116th Ave SE,King,95.78,K-12
,Public,Hazen Senior High School,1101 Hoquiam Ave NE,King,99.09,K-12
,Public,Hearthwood Elementary School,801 NE Hearthwood Blvd,Clark,85.94,K-12
,Private,Hearts Gathered Waterfall School,169 N End Omak Lake Rd,Okanogan,11.11,K-12
,Public,Heatherwood Middle School,1419 Trillium Blvd SE,Snohomish,96.42,K-12
,Public,Hedden Elementary School,11313 8th St E,Pierce,92.38,K-12
,Public,Heights Elementary,1917 4th Ave,Asotin,93.92,K-12
,Public,Helen Baller Elementary,1954 NE Garfield St,Clark,95.33,K-12
,Public,Helen Haller Elementary School,350 W Fir St,Clallam,88.62,K-12
,Public,Helen Stafford Elementary School,1615 S 92nd St,Pierce,94.88,K-12
,Public,Henderson Bay Alternative High School,14015 62nd Ave NW,Pierce,98.43,K-12
,Public,Henrietta Lacks Health and Bioscience High School,9105 NE 9th St,Clark,93.27,K-12
,Public,Henry M. Jackson High School,1508 136th St SE,Snohomish,98.43,K-12
,Private,Heritage Christian Academy,19527 104th Ave NE,King,90.23,K-12
,Private,Heritage Christian School,5412 67th Ave W,Pierce,88.02,K-12
,Public,Heritage High School,7825 NE 130th Ave,Clark,94.53,K-12
,Public,Heritage School,7204 27th Ave NE,Snohomish,95.42,K-12
,Public,Hiawatha Elementary School,506 N 7th Ave,Adams,96.51,K-12
,Public,Hidden Creek Elementary School,5455 Converse Ave SE,Kitsap,97.79,K-12
,Public,Hidden River Middle School,9224 Paradise Lake Rd,Snohomish,96.47,K-12
,Public,High School Re Entry,1601 Avenue D,Snohomish,95.59,K-12
,Public,Highland Elementary,1432 Highland Ave,Asotin,97.06,K-12
,Public,Highland Elementary,3220 113th Ave NE,Snohomish,95.81,K-12
,Public,Highland High School,17000 Summitview Rd,Yakima,98.62,K-12
,Public,Highland Middle School,17000 Summitview Rd,Yakima,99.56,K-12
,Public,Highland Middle School,15027 NE Bel Red Rd,King,91.35,K-12
,Public,Highland Middle School,3515 W Hawthorne Rd,Spokane,96.23,K-12
,Public,Highland Park Elementary School,1012 SW Trenton St,King,95.78,K-12
,Public,Highland Terrace Elementary,100 N 160th St,King,98.75,K-12
,Public,Highlands,619 W Bartlett Ave,Okanogan,96.36,K-12
,Public,Highlands Elementary School,2720 NE 7th St,King,97.65,K-12
,Public,Highlands Middle School,425 S Tweedt St,Benton,98.94,K-12
,Public,Highline High School,225 S 152nd St,King,98.78,K-12
,Public,Highline Public Schools Virtual Academy,15675 Ambaum Blvd SW,King,98.0,K-12
,Public,Hilder Pearson Elementary,15650 Central Valley Rd NW,Kitsap,92.8,K-12
,Public,Hillcrest Elementary,1500 NW 2nd Ave,Island,97.77,K-12
,Public,Hillcrest Elementary School,9315 4th St SE,Snohomish,94.57,K-12
,Private,Hillside Academy,26423 NE Allen St,King,95.65,K-12
,Public,Hillside Elementary School,61700 Garcia Blvd,Pierce,86.93,K-12
,Public,Hilltop Elementary,12250 24th Ave S,King,98.91,K-12
,Public,Hilltop Elementary,20425 Damson Rd,Snohomish,98.93,K-12
,Public,Hilltop Heritage,1075 Duvall Ave NE,King,96.42,K-12
,Public,Hilltop Heritage Middle School,602 N Sprague Ave,Pierce,96.75,K-12
,Public,Hilltop School,314 Brumbach Ave NE,Pacific,94.65,K-12
,Public,Hilton Elementary School,211 4th Ave,Yakima,91.19,K-12
,Public,Hockinson High School,16819 NE 159th St,Clark,95.27,K-12
,Public,Hockinson Middle School,15916 NE 182nd Ave,Clark,94.0,K-12
,Public,Hofstetter Elementary,640 N Hofstetter St,Stevens,81.09,K-12
,Public,Hollingsworth Academy,13400 NE 9th St,Clark,86.0,K-12
,Public,Hollywood Hill Elementary,17110 148th Ave NE,King,98.01,K-12
,Public,Holmes Elementary,2600 W Sharp Ave,Spokane,96.36,K-12
,Private,Holy Family Bilingual Catholic School,9615 20th Ave SW,King,98.27,K-12
,Private,Holy Family Parish School,7300 120th Ave NE,King,97.88,K-12
,Private,Holy Family School - Clarkston,1002 Chestnut St,Asotin,90.7,K-12
,Private,Holy Family School - Lacey,2606 Carpenter Rd SE,Thurston,92.5,K-12
,Private,Holy Innocents School of the Northwest,2530 S 298th St,King,89.66,K-12
,Private,Holy Names Academy,728 21st Ave E,King,99.44,K-12
,Private,Holy Rosary Bilingual Academy,2323 54th Ave E,Pierce,98.61,K-12
,Private,Holy Rosary School - Edmonds,770 Aloha St,Snohomish,98.74,K-12
,Private,Holy Rosary School - Seattle,4142 42nd Ave SW,King,99.79,K-12
,Private,Holy Trinity Lutheran School,2021 S 260th St,King,99.42,K-12
,Public,Home Choice Academy,13419 NE 28th St,Clark,83.41,K-12
,Public,Home Education Exchange,2800 NE 200th St,King,89.92,K-12
,Public,Home Pride,305 Monumental Rd,Pend Oreille,52.86,K-12
,Public,Home School Experience,18 Twin Lakes Rd,Okanogan,67.74,K-12
,Public,Homeconnection,350 S Oak Harbor St,Island,81.63,K-12
,Public,HomeConnection,50350 Highway 112,Clallam,61.67,K-12
,Public,Homelink,2202 123rd Ave NE,Snohomish,86.59,K-12
,Public,Homelink,109 S Palouse St,Walla Walla,74.58,K-12
,Public,HomeWorks,12414 S Andrus Rd,Spokane,71.92,K-12
,Public,Honey Dew Elementary,800 Union Ave NE,King,98.43,K-12
,Public,Hood Canal Elementary School,111 N State Route 106,Mason,92.96,K-12
,Public,Hoover Elementary School,400 W Viola Ave,Yakima,98.16,K-12
,Private,Hope Lutheran Church and School,4456 42nd Ave SW,King,91.3,K-12
,Public,Hoquiam High School,501 W Emerson Ave,Grays Harbor,98.09,K-12
,Public,Hoquiam Homelink School,325 W Chenault Ave,Grays Harbor,93.28,K-12
,Public,Hoquiam Middle School,200 Spencer St,Grays Harbor,98.28,K-12
,Public,Horizon Elementary,222 W Casino Rd,Snohomish,93.85,K-12
,Public,Horizon Elementary School,27641 144th Ave SE,King,88.08,K-12
,Public,Horizon Middle School,3915 S Pines Rd,Spokane,95.62,K-12
,Public,Horizon Middle School,2671 Thornton Rd,Whatcom,91.63,K-12
,Public,Horizons Elementary,4601 67th Ave SE,Thurston,98.42,K-12
,Public,Horse Heaven Hills Middle School,3500 S Vancouver St,Benton,98.47,K-12
,Private,Hosanna Christian School,4120 NE St Johns Rd,Clark,62.68,K-12
,Public,Hough Elementary School,1900 Daniels St,Clark,85.27,K-12
,Public,Housel Middle School,2001 Highland Dr,Benton,98.82,K-12
,Public,Hudson's Bay High School,1601 E McLoughlin Blvd,Clark,88.75,K-12
,Public,Hudtloff Middle School,8102 Phillips Rd SW,Pierce,87.68,K-12
,Public,Hulan L Whitson Elementary,450 N Main Ave,Klickitat,97.69,K-12
,Public,Hunt Elementary,12801 144th St E,Pierce,96.76,K-12
,Public,Hunt Middle School,6501 S 10th St,Pierce,97.63,K-12
,Public,Huntington Middle School,500 Redpath St,Cowlitz,98.17,K-12
,Public,Hutton Elementary,908 E 24th Ave,Spokane,95.26,K-12
,Private,Hyla School,7861 NE Bucklin Hill Rd,Kitsap,100.0,K-12
,Private,Hyla School (High School),355 Ericksen Ave NE,Kitsap,100.0,K-12
,Public,Icicle River Middle School,10195 Titus Rd,Chelan,96.99,K-12
,Public,Ida Nason Aronica Elementary,2100 N Cora St,Kittitas,96.62,K-12
,Public,Idlewild Elementary School,10806 Idlewild Rd SW,Pierce,94.94,K-12
,Public,Ignite Family Academy,4111 6th Ave NE,Thurston,89.06,K-12
,Public,iGrad Academy,1 Wildcat Way,Island,66.67,K-12
,Public,Ilalko Elementary School,301 Oravetz Pl SE,King,93.29,K-12
,Public,Illahee Elementary School,19401 SE 1st St,Clark,93.69,K-12
,Public,Illahee Middle School,36001 1st Ave S,King,95.35,K-12
,Public,Ilwaco High School,404 School Rd,Pacific,96.93,K-12
,Public,Image Elementary School,5201 NE 131st Ave,Clark,88.24,K-12
,Private,Imagination School,14824 C St S,Pierce,100.0,K-12
,Private,Immaculate Conception Regional School,1321 E Division St,Skagit,98.13,K-12
,Public,Impact | Black River Elementary,16906 116th Ave SE,King,93.5,K-12
,Public,Impact | Commencement Bay Elementary,1301 E 34th St,Pierce,92.69,K-12
,Public,Impact | Puget Sound Elementary,3438 S 148th St,King,89.27,K-12
,Public,Impact | Salish Sea Elementary,3900 S Holly Park Dr,King,88.38,K-12
,Public,Inchelium Elementary School,2 Hornet Ave,Ferry,93.75,K-12
,Public,Inchelium High School,1 Hornet Ave,Ferry,100.0,K-12
,Public,Inchelium Middle School,1 Hornet Ave,Ferry,98.08,K-12
,Public,Index Elementary School,436 Index Ave,Snohomish,87.5,K-12
,Public,Indian Trail Elementary,4102 W Woodside Ave,Spokane,96.39,K-12
,Public,Individualized Graduation & Degree Program (iGrad),11107 SE Kent Kangley Rd,King,92.19,K-12
,Public,Industrial Design Engineering and Arts,6701 S Park Ave,Pierce,97.3,K-12
,Public,Inglemoor High School,15500 Simonds Rd NE,King,99.04,K-12
,Public,Inglewood Middle School,24120 NE 8th St,King,99.75,K-12
,Public,Ingraham High School,1819 N 135th St,King,97.67,K-12
,Public,Innovation Heights Academy,11427 3rd Ave S,King,98.84,K-12
,Public,Innovation Lab High School,2020 224th St SE,Snohomish,96.67,K-12
,Public,Insight School of WA Open Doors Program,2601 S 35th St,Pierce,80.0,K-12
,Public,Insight School of Washington,411 S Spartan Ave,Clallam,90.38,K-12
,Public,Interagency Open Doors,3528 S Ferdinand St,King,88.89,K-12
,Public,Interagency Programs,3528 S Ferdinand St,King,95.95,K-12
,Public,Interlake Senior High School,16245 NE 24th St,King,93.64,K-12
,Public,International Community School,11133 NE 65th St,King,99.06,K-12
,Private,International Friends School,556 124th Ave NE,King,100.0,K-12
,Public,International School,445 128th Ave SE,King,98.85,K-12
,Public,Internet Academy,31455 28th Ave S,King,86.16,K-12
,Public,Irene Reither Elementary School,954 E Hemmi Rd,Whatcom,95.01,K-12
,Private,Island Christian Academy,5373 Maxwelton Rd,Island,86.82,K-12
,Public,Island Park Elementary,5437 Island Crest Way,King,96.45,K-12
,Public,Island View Elementary,2501 J Ave,Skagit,94.19,K-12
,Public,Islander Middle School,8225 SE 72nd St,King,99.36,K-12
,Public,Isom Elementary School,8461 Benson Rd,Whatcom,91.25,K-12
,Public,Issaquah High School,700 2nd Ave SE,King,98.43,K-12
,Public,Issaquah Middle School,600 2nd Ave SE,King,98.57,K-12
,Public,Issaquah Special Services,5150 220th Ave SE,King,87.5,K-12
,Public,Issaquah Valley Elementary,555 NW Holly St,King,98.38,K-12
,Public,J M Weatherwax High School,410 N G St,Grays Harbor,97.27,K-12
,Public,Jackson Elementary School,3700 Federal Ave,Snohomish,94.53,K-12
,Public,James A. Taylor High School,90 E North Mason School Rd,Mason,95.0,K-12
,Public,James Baldwin Elementary School,11725 1st Ave NE,King,97.55,K-12
,Public,James McGee Elementary,4601 Horizon Dr,Franklin,97.18,K-12
,Public,James Sales Elementary,1301 113th St S,Pierce,95.97,K-12
,Public,James W Lintott Elementary School,1220 Bishop Rd,Lewis,92.65,K-12
,Public,Jane Addams Middle School,11051 34th Ave NE,King,97.54,K-12
,Public,Jason Lee Elementary School,1750 McMurray Ave,Benton,97.13,K-12
,Public,Jason Lee Middle School,8500 NW 9th Ave,Clark,94.91,K-12
,Public,Jefferson Elementary,123 E 37th Ave,Spokane,95.76,K-12
,Public,Jefferson Elementary,218 E 12th St,Clallam,91.73,K-12
,Public,Jefferson Elementary,1550 George Washington Way,Benton,95.84,K-12
,Public,Jefferson Elementary,1801 E Blackburn Rd,Skagit,97.32,K-12
,Public,Jefferson Elementary,1150 NW Bryant St,Whitman,96.43,K-12
,Public,Jefferson Elementary,2500 Cadet Way,Snohomish,95.25,K-12
,Public,Jefferson Elementary School,4302 N 13th St,Pierce,95.09,K-12
,Public,Jefferson Lincoln Elementary,400 W Summa St,Lewis,95.01,K-12
,Public,Jefferson Middle School,2200 Conger Ave NW,Thurston,98.01,K-12
,Public,Jefferson Middle School,3000 NW 119th St,Clark,95.1,K-12
,Public,Jemtegaard Middle School,35300 SE Evergreen Hwy,Clark,97.28,K-12
,Public,Jenkins Creek Elementary School,26915 186th Ave SE,King,90.91,K-12
,Public,Jenkins Junior/Senior High,702 E Lincoln Ave,Stevens,91.61,K-12
,Public,Jim Tangeman Center,3200 E 18th St,Clark,88.06,K-12
,Public,Jing Mei Elementary School,12635 SE 56th St,King,97.14,K-12
,Public,John Campbell Primary School,408 N 1st St,Yakima,97.03,K-12
,Public,John D. Bud Hawk Elementary at Jackson Park,2900 Austin Dr,Kitsap,97.29,K-12
,Public,John Hay Elementary School,201 Garfield St,King,96.25,K-12
,Public,John Muir Elementary School,3301 S Horton St,King,93.23,K-12
,Public,John Newbery Elementary,850 N Western Ave,Chelan,95.04,K-12
,Public,John Rogers Elementary School,4030 NE 109th St,King,96.36,K-12
,Public,John Sager Middle School,1775 S College Ave,Walla Walla,98.38,K-12
,Public,John Sedgwick Middle School,8995 SE Sedgwick Rd,Kitsap,98.31,K-12
,Public,John Stanford International School,4057 5th Ave NE,King,99.07,K-12
,Private,Johnson Christian School,661 Highway 395 S,Stevens,57.45,K-12
,Private,Journey Christian School,96 Garden St,Cowlitz,54.72,K-12
,Private,Joyce Hope Academy,50470 Highway 112,Clallam,47.37,K-12
,Private,Joyful Scholars Montessori School - Wenatchee,1407 Walla Walla Ave,Chelan,80.28,K-12
,Public,Juanita Elementary,9635 NE 132nd St,King,96.84,K-12
,Public,Juanita High,10601 NE 132nd St,King,98.77,K-12
,Public,Julia Butler Hansen Elementary,1919 Road 65 NW,Thurston,95.25,K-12
,Public,Julius A Wendt Elementary/John C Thomas Middle School,265 S 3rd St,Wahkiakum,89.69,K-12
,Public,K-8 Virtual School,610 N 39th Ave,Yakima,90.5,K-12
,Public,Kahlotus Elementary & High,100 W Martin St,Franklin,84.09,K-12
,Public,Kalama Elementary School,548 China Garden Rd,Cowlitz,85.2,K-12
,Public,Kalama High School,548 China Garden Rd,Cowlitz,86.49,K-12
,Public,Kalama Middle School,548 China Garden Rd,Cowlitz,86.27,K-12
,Public,Kalles Junior High,501 7th Ave SE,Pierce,98.96,K-12
,Public,Kamiak Elementary,1400 NW Terre View Dr,Whitman,96.67,K-12
,Public,Kamiak High School,10801 Harbour Pointe Blvd,Snohomish,98.28,K-12
,Public,Kamiakin High School,600 N Arthur St,Benton,98.27,K-12
,Public,Kamiakin Middle School,14111 132nd Ave NE,King,99.08,K-12
,Private,KapKa Cooperative School,510 N 49th St,King,95.83,K-12
,Public,Kapowsin Elementary,10412 264th St E,Pierce,90.57,K-12
,Public,Karshner Elementary,1328 8th Ave NW,Pierce,97.84,K-12
,Public,Katherine G. Johnson Elementary School,16720 Waller Rd E,Pierce,92.95,K-12
,Public,Keene-Riverview Elementary,832 Park Ave,Benton,98.61,K-12
,Public,Keller Elementary,13820 108th Ave NE,King,96.73,K-12
,Public,Keller Elementary School,17 South School Rd,Ferry,100.0,K-12
,Public,Kellogg Marsh Elementary School,6325 91st St NE,Snohomish,91.0,K-12
,Public,Kellogg Middle School,16045 25th Ave NE,King,99.41,K-12
,Public,Kelso Goal Oriented Learning Design,1904 Allen St,Cowlitz,92.59,K-12
,Public,Kelso High School,1904 Allen St,Cowlitz,97.64,K-12
,Public,Kelso Virtual Academy,404 Long Ave,Cowlitz,95.97,K-12
,Public,Kendall Elementary,7547 Kendall Rd,Whatcom,85.33,K-12
,Public,Kenmore Elementary,19121 73rd Ave NE,King,97.56,K-12
,Public,Kenmore Middle School,20323 66th Ave NE,King,98.48,K-12
,Private,Kennedy Catholic High School,140 S 140th St,King,85.0,K-12
,Public,Kennewick High School,201 S Garfield St,Benton,94.62,K-12
,Public,Kennydale Elementary School,1700 NE 28th St,King,97.36,K-12
,Public,Kenroy Elementary,601 N Jonathan Ave,Douglas,96.89,K-12
,Public,Kent Elementary School,24700 64th Ave S,King,96.74,K-12
,Public,Kent Laboratory Academy,10515 SE 208th St,King,97.36,K-12
,Public,Kent Prairie Elementary,8110 207th St NE,Snohomish,93.5,K-12
,Public,Kent Virtual Academy,317 4th Ave S,King,94.23,K-12
,Public,Kentlake High School,21401 SE Falcon Way,King,95.37,K-12
,Public,Kent-Meridian High School,10020 SE 256th St,King,97.01,K-12
,Public,Kentridge High School,12430 SE 208th St,King,95.95,K-12
,Public,Kentwood High School,25800 164th Ave SE,King,95.76,K-12
,Public,Kessler Elementary School,1902 E Kessler Blvd,Cowlitz,96.76,K-12
,Public,Kettle Falls Elementary School,225 E 8th Ave,Stevens,84.43,K-12
,Public,Kettle Falls High School,1275 Juniper St,Stevens,95.43,K-12
,Public,Kettle Falls Middle School,105 W 11th Ave,Stevens,92.96,K-12
,Public,Key Peninsula Middle School,5510 Key Peninsula Hwy NW,Pierce,94.68,K-12
,Public,Kilo Middle School,4400 S 308th St,King,96.77,K-12
,Public,Kimball Elementary School,3200 23rd Ave S,King,93.83,K-12
,Private,King's Schools,19303 Fremont Ave N,King,89.21,K-12
,Private,King's Way Christian Schools,3606 NE 78th St,Clark,89.68,K-12
,Private,Kingspoint Christian School,7900 W Court St,Franklin,90.6,K-12
,Public,Kingston High School,26201 Siyaya Ave NE,Kitsap,98.44,K-12
,Public,Kingston Middle School,9000 NE West Kingston Rd,Kitsap,97.43,K-12
,Public,Kiona-Benton City Elementary,913 Horne Dr,Benton,94.5,K-12
,Public,Kiona-Benton City High School,1105 Dale Ave,Benton,96.04,K-12
,Public,Kiona-Benton City Middle School,1105 Dale Ave,Benton,96.88,K-12
,Public,Kirk Elementary,1312 6th St,King,97.42,K-12
,Public,Kirkland Middle School,430 18th Ave,King,98.09,K-12
,Private,Kirkland Seventh-day Adventist School,5320 108th Ave NE,King,63.92,K-12
,Public,Kirkwood Elementary School,403 S Juniper St,Yakima,99.47,K-12
,Private,Kitsap Adventist Christian School,5088 NW Taylor Rd,Kitsap,83.33,K-12
,Public,Kitsap Lake Elementary,1111 Carr Blvd,Kitsap,84.52,K-12
,Public,Klahowya Secondary,7607 NW Newberry Hill Rd,Kitsap,97.38,K-12
,Public,Klickitat Elementary & High,98 School Dr,Klickitat,85.14,K-12
,Public,Knolls Vista Elementary,454 W Ridge Rd,Grant,95.67,K-12
,Public,Kokanee Elementary,23710 57th Ave SE,Snohomish,98.45,K-12
,Public,Komachin Middle School,3650 College St SE,Thurston,98.71,K-12
,Public,Kopachuck Middle School,10414 56th St NW,Pierce,98.86,K-12
,Public,Kulshan Middle School,1250 Kenoyer Dr,Whatcom,96.26,K-12
,Public,La Center Academy,725 NE Highland Rd,Clark,83.72,K-12
,Public,La Center Elementary,700 E 4th St,Clark,93.95,K-12
,Public,La Center High School,725 NE Highland Rd,Clark,96.91,K-12
,Public,La Center Middle School,2001 NE Lockwood Creek Rd,Clark,96.39,K-12
,Public,La Conner Elementary,305 N 6th St,Skagit,97.27,K-12
,Public,La Conner High School,307 N 6th St,Skagit,97.19,K-12
,Public,La Conner Middle School,305 N 6th St,Skagit,98.32,K-12
,Private,La Salle High School,3000 Lightning Way,Yakima,100.0,K-12
,Public,La Venture Middle School,1200 N Laventure Rd,Skagit,97.65,K-12
,Public,Lacamas Lake Elementary,4825 N Shore Blvd,Clark,96.53,K-12
,Public,Lacey Elementary,1800 Homann Dr SE,Thurston,95.0,K-12
,Public,Lackamas Elementary,16240 Bald Hill Rd SE,Thurston,94.95,K-12
,Public,Lacrosse Elementary School,111 Hill Ave,Whitman,77.42,K-12
,Public,Lacrosse High School,111 Hill Ave,Whitman,95.0,K-12
,Public,Lafayette Elementary School,2645 California Ave SW,King,98.22,K-12
,Public,Lake Dolloff Elementary School,4200 S 308th St,King,89.11,K-12
,Public,Lake Forest Park Elementary,18500 37th Ave NE,King,98.31,K-12
,Public,Lake Grove Elementary School,303 SW 308th St,King,94.75,K-12
,Public,Lake Hills Elementary,14310 SE 12th St,King,87.61,K-12
,Public,Lake Louise Elementary School,11014 Holden Rd SW,Pierce,91.45,K-12
,Public,Lake Quinault School,6130 US Highway 101,Grays Harbor,94.66,K-12
,Public,Lake Roosevelt Jr/Sr High School,505 Crest Dr,Okanogan,97.72,K-12
,Public,Lake Shore Elementary,9300 NW 21st Ave,Clark,96.99,K-12
,Public,Lake Spokane Elementary,6015 Highway 291,Stevens,90.02,K-12
,Public,Lake Stevens Middle School,1031 91st Ave SE,Snohomish,97.16,K-12
,Public,Lake Stevens Sr High School,2908 113th Ave NE,Snohomish,97.66,K-12
,Public,Lake Stickney Elementary School,1625 Madison Way,Snohomish,94.81,K-12
,Public,Lake Tapps Elementary,1320 178th Ave E,Pierce,91.39,K-12
,Public,Lake View Elementary School,16401 SE 318th St,King,85.9,K-12
,Private,Lake Washington Girls Middle School,2100 S Walker St,King,98.89,K-12
,Public,Lake Washington High,12033 NE 80th St,King,98.6,K-12
,Public,Lake Wilderness Elementary,24216 Witte Rd SE,King,94.79,K-12
,Public,Lake Youngs Elementary School,19660 142nd Ave SE,King,96.01,K-12
,Public,Lakeland Elementary School,35827 32nd Ave S,King,83.52,K-12
,Public,Lakeland Hills Elementary,1020 Evergreen Way SE,Pierce,96.39,K-12
,Public,Lakeridge Elementary School,7400 S 115th St,King,94.2,K-12
,Public,Lakeridge Middle School,5909 Myers Rd E,Pierce,96.85,K-12
,Public,Lakes Elementary School,6211 Mullen Rd SE,Thurston,96.9,K-12
,Public,Lakes High School,10320 Farwest Dr SW,Pierce,98.47,K-12
,Public,Lakeside High School,5909 Highway 291,Stevens,93.88,K-12
,Public,Lakeside Middle School,6169 Highway 291,Stevens,93.61,K-12
,Private,Lakeside School (Middle),13510 1st Ave NE,King,98.31,K-12
,Private,Lakeside School (Upper),14050 1st Ave NE,King,99.49,K-12
,Public,Lakeview Elementary,10400 NE 68th St,King,98.27,K-12
,Public,Lakeview Hope Academy,10501 47th Ave SW,Pierce,93.25,K-12
,Public,Lakeview Terrace Elementary,780 S Clover Dr,Grant,91.3,K-12
,Public,Lakewood Elementary School,17000 16th Dr NE,Snohomish,93.6,K-12
,Public,Lakewood High School,17023 11th Ave NE,Snohomish,90.38,K-12
,Private,Lakewood Lutheran School,10202 112th St SW,Pierce,76.47,K-12
,Public,Lakewood Middle School,16800 16th Dr NE,Snohomish,94.24,K-12
,Public,Lakota Middle School,1415 SW 314th St,King,96.39,K-12
,Public,Lamont Middle School,602 Main St,Whitman,100.0,K-12
,Public,Larchmont Elementary School,8601 E B St,Pierce,97.65,K-12
,Public,Larson Heights Elementary,700 Lindberg Ln,Grant,95.08,K-12
,Private,Laurel Academy,12700 35th Ave NE,King,90.32,K-12
,Public,Laurelhurst Elementary School,4530 46th Ave NE,King,94.76,K-12
,Public,Laurin Middle School,13601 NE 97th Ave,Clark,89.58,K-12
,Public,Lawton Elementary School,4000 27th Ave W,King,98.05,K-12
,Public,Lea Hill Elementary School,30908 124th Ave SE,King,94.87,K-12
,Public,Leaders In Learning,639 1/2 W Main St,Snohomish,95.83,K-12
,Public,Lee Elementary,1455 N Baker Ave,Douglas,98.62,K-12
,Public,Legacy High School,4624 W 10th Ave,Benton,97.18,K-12
,Public,Legacy High School,13300 NE 9th St,Clark,94.03,K-12
,Public,Leland P Brown Elementary,2000 26th Ave NW,Thurston,95.97,K-12
,Public,Leona Libby Middle School,3259 Belmont Blvd,Benton,97.84,K-12
,Public,Leonard M Jennings Elementary,1207 N Morton St,Whitman,92.97,K-12
,Public,Leota Middle School,19301 168th Ave NE,King,98.78,K-12
,Private,Les Lilas French Bilingual Community School,14216 132nd Ave NE,King,95.24,K-12
,Public,Leschi Elementary School,135 32nd Ave,King,93.13,K-12
,Public,Lewis & Clark Elementary School,415 Jadwin Ave,Benton,96.59,K-12
,Public,Lewis & Clark High School,521 W 4th Ave,Spokane,95.96,K-12
,Public,Lewis & Clark Middle School,1114 W Pierce St,Yakima,99.5,K-12
,Public,Lewis And Clark Elementary School,1130 Princeton Ave N,Chelan,97.71,K-12
,Public,Lewis and Clark High School,2901 General Anderson Ave,Clark,93.98,K-12
,Private,Lewis County Adventist School,2102 S Scheuber Rd,Lewis,73.77,K-12
,Public,Lewis County Alternative School,1265 SW Pacific Ave,Lewis,100.0,K-12
,Public,Lewis River Academy,800 3rd St,Cowlitz,89.58,K-12
,Public,Lexington Elementary,200 Boardwalk Way,Cowlitz,95.75,K-12
,Public,Libby Center,2900 E 1st Ave,Spokane,98.2,K-12
,Public,Liberty Bell Jr Sr High,18 Twin Lakes Rd,Okanogan,95.2,K-12
,Private,Liberty Christian School of the Tri-Cities,2200 Williams Blvd,Benton,91.98,K-12
,Public,Liberty Creek Elementary School,23909 E Country Vista Dr,Spokane,86.44,K-12
,Public,Liberty Elementary,4923 67th Street NW,Snohomish,93.88,K-12
,Public,Liberty High School,6404 E Spangle Waverly Rd,Spokane,97.69,K-12
,Public,Liberty Jr High & Elementary,29818 S North Pine Creek Rd,Spokane,96.3,K-12
,Public,Liberty Lake Elementary,23606 E Boone Ave,Spokane,94.19,K-12
,Private,Liberty Launch Academy,2110 N Molter Rd,Spokane,51.33,K-12
,Public,Liberty Middle School,1612 NE Garfield St,Clark,96.2,K-12
,Public,Liberty Middle School,7319 Eustis Hunt Rd,Pierce,97.15,K-12
,Public,Liberty Ridge Elementary,12202 209th Avenue Ct E,Pierce,91.17,K-12
,Public,Liberty Sr High School,16655 SE 136th St,King,98.05,K-12
,Public,Licton Springs K-8,3015 NW 68th St,King,98.25,K-12
,Public,Lidgerwood Elementary,5510 N Lidgerwood St,Spokane,93.84,K-12
,Private,Life Christian Academy,1717 S Union Ave,Pierce,89.53,K-12
,Private,Light of Faith Christian Academy,18008 Bothell Everett Hwy,Snohomish,100.0,K-12
,Private,Lighthouse Christian School,3008 36th St NW,Pierce,94.16,K-12
,Private,Lilac Learning Center - Spokane,8621 N Five Mile Rd,Spokane,85.71,K-12
,Public,Lincoln Academy,7600 272nd St NW,Snohomish,95.0,K-12
,Public,Lincoln Elementary,2100 N Cora St,Kittitas,95.58,K-12
,Public,Lincoln Elementary,700 Wood Ave,Grays Harbor,98.22,K-12
,Public,Lincoln Elementary School,4200 NW Daniels St,Clark,91.37,K-12
,Public,Lincoln Elementary School,213 21st Ave SE,Thurston,96.3,K-12
,Public,Lincoln Elementary School,309 N Alder St,Yakima,96.91,K-12
,Public,Lincoln Elementary School,4901 W 21st Ave,Benton,97.67,K-12
,Public,Lincoln Heights Elementary,3322 E 22nd Ave,Spokane,89.16,K-12
,Public,Lincoln High School,701 S 37th St,Pierce,98.41,K-12
,Public,Lincoln High School,924 W 9th St,Clallam,88.52,K-12
,Public,Lincoln High School,614 S 3rd Ave,Walla Walla,98.28,K-12
,Public,Lincoln High School,4400 Interlake Ave N,King,98.67,K-12
,Public,Lincoln Hill High School,7400 272nd St NW,Snohomish,92.31,K-12
,Public,Lincoln Middle School,1945 4th Ave,Asotin,98.0,K-12
,Public,Lincoln Middle School,315 SE Crestview St,Whitman,97.46,K-12
,Public,Lind Elementary School,206 W 3rd St,Adams,88.57,K-12
,Public,Lindbergh Senior High School,16426 128th Ave SE,King,98.5,K-12
,Public,Lind-Ritzville High School,209 E Wellsandt Rd,Adams,100.0,K-12
,Public,Lind-Ritzville Middle School,507 N E St,Adams,97.37,K-12
,Public,Linwood Elementary,906 W Weile Ave,Spokane,94.24,K-12
,Public,Lister Elementary School,2106 E 44th St,Pierce,96.26,K-12
,Public,Little Cedars Elementary School,1601 Avenue D,Snohomish,96.56,K-12
,Public,Little Mountain Elementary,1514 S Laventure Rd,Skagit,91.65,K-12
,Private,Little Oak Montessori Children's House,871 NE Estes Ave,Klickitat,86.67,K-12
,Private,Little Oak Montessori School,1054 SE Oak St,Klickitat,84.21,K-12
,Public,Littlerock Elementary School,12710 Littlerock Rd SW,Thurston,95.93,K-12
,Private,Living Montessori Education Community,2445 140th Ave NE,King,86.36,K-12
,Public,Lochburn Middle School,5431 Steilacoom Blvd SW,Pierce,98.23,K-12
,Public,Lockwood Elementary,24118 Lockwood Rd,Snohomish,98.77,K-12
,Private,Log Church Christian School,209 4th St S,Okanogan,90.91,K-12
,Public,Logan Elementary,1001 E Montgomery Ave,Spokane,89.72,K-12
,Public,Long Beach Elementary School,400 Washington Ave S,Pacific,81.18,K-12
,Public,Longfellow Elementary,301 N 10th Ave,Franklin,98.39,K-12
,Public,Longfellow Elementary,800 E Providence Ave,Spokane,95.68,K-12
,Public,Longview Elementary,9783 Apple Rd NE,Grant,95.32,K-12
,Public,Longview Virtual Academy,2742 Harding St,Cowlitz,100.0,K-12
,Public,Loon Lake Elementary School,4001 Maple St,Stevens,83.15,K-12
,Public,Loon Lake Homelink Program,4001 Maple St,Stevens,52.5,K-12
,Public,Loowit High School,1904 Allen St,Cowlitz,90.0,K-12
,Public,Lopez Middle High School,86 School Rd,San Juan,87.26,K-12
,Public,Louisa Boren STEM K-8,5950 Delridge Way SW,King,97.28,K-12
,Public,Lowell Elementary - Everett,5010 View Dr,Snohomish,92.05,K-12
,Public,Lowell Elementary School,914 14th St,Whatcom,94.44,K-12
,Public,Lowell Elementary School,810 Mr Dahl Dr,Pierce,96.45,K-12
,Public,Lowell Elementary School,1058 E Mercer St,King,89.3,K-12
,Public,Loyal Heights Elementary School,520 NE Ravenna Blvd,King,98.86,K-12
,Public,LSSD Open Doors,12309 22nd St NE,Snohomish,88.46,K-12
,Public,Lumen High School,718 W Riverside Ave,Spokane,96.3,K-12
,Private,Lupine Experiential School,5001 NE 66th Ave,Clark,84.42,K-12
,Public,Lutacaga Elementary,795 S 7th Ave,Adams,97.6,K-12
,Public,Lydia Hawk Elementary,7600 5th Ave SE,Thurston,94.89,K-12
,Public,Lyle High School,625 Keasey Ave,Klickitat,94.55,K-12
,Public,Lyle Middle School,625 Keasey Ave,Klickitat,96.0,K-12
,Public,Lyman Elementary School,8183 Lyman Ave,Skagit,89.02,K-12
,Public,Lynden Academy,1986 Main St,Whatcom,74.89,K-12
,Private,Lynden Christian School,417 Lyncs Dr,Whatcom,94.91,K-12
,Public,Lynden High School,1201 Bradley Rd,Whatcom,92.69,K-12
,Public,Lynden Middle School,8750 Line Rd,Whatcom,94.05,K-12
,Public,Lynndale Elementary,19030 72nd Ave W,Snohomish,97.59,K-12
,Public,Lynnwood Elementary,18638 44th Ave W,Snohomish,95.45,K-12
,Public,Lynnwood High School,18218 North Rd,Snohomish,98.11,K-12
,Public,Lyon Elementary School,101 E 46th St,Pierce,94.52,K-12
,Public,Mabton Junior Senior High School,500 B St,Yakima,99.71,K-12
,Public,Machias Elementary,231 147th Ave SE,Snohomish,93.86,K-12
,Public,Madison Elementary,616 Pecks Dr,Snohomish,91.09,K-12
,Public,Madison Elementary,319 W Nebraska Ave,Spokane,94.56,K-12
,Public,Madison Elementary,400 53rd St,Skagit,99.38,K-12
,Public,Madison Elementary School,1225 Legion Way SE,Thurston,93.79,K-12
,Public,Madison Middle School,3429 45th Ave SW,King,98.52,K-12
,Public,Madrona Elementary,20301 32nd Ave S,King,96.82,K-12
,Public,Madrona K-5 School,1121 33rd Ave,King,93.99,K-12
,Public,Madrona K-8 School,9300 236th St SW,Snohomish,97.19,K-12
,Private,Madrona School,105 Winslow Way W,Kitsap,75.0,K-12
,Public,Magnolia Elementary,2418 24th Ave W,King,99.28,K-12
,Public,Maltby Elementary,9700 212th St SE,Snohomish,93.01,K-12
,Public,Manchester Elementary School,1901 California Ave E,Kitsap,97.05,K-12
,Public,Manitou Park Elementary School,4330 S 66th St,Pierce,94.2,K-12
,Public,Mann Elementary,17001 NE 104th St,King,99.51,K-12
,Public,Mann Elementary School,1002 S 52nd St,Pierce,95.62,K-12
,Private,Mannahouse Christian Academy,811 NE 112th Ave,Clark,68.5,K-12
,Public,Mansfield Elementary and High School,491 Road 14 NE,Douglas,96.43,K-12
,Public,Manson Elementary,950 Totem Pole Rd,Chelan,94.29,K-12
,Public,Manson High School,1000 Totem Pole Rd,Chelan,95.54,K-12
,Public,Manson Middle School,1000 Totem Pole Rd,Chelan,92.59,K-12
,Public,Maple Elementary School,4925 Corson Ave S,King,98.22,K-12
,Public,Maple Grove Primary,610B SW Eaton Blvd,Clark,83.14,K-12
,Public,Maple Hills Elementary,15644 204th Ave SE,King,97.35,K-12
,Public,Maple Lawn Elementary,230 Wood Ave,Pierce,93.18,K-12
,Public,Maple View Middle School,18200 SE 240th St,King,96.31,K-12
,Public,Maplewood Elementary,1110 W Pioneer,Pierce,96.31,K-12
,Public,Maplewood Heights Elementary School,130 Jericho Ave SE,King,95.51,K-12
,Public,Maplewood Parent Coop,8500 200th St SW,Snohomish,97.51,K-12
,Public,Marcus Whitman Elementary,1704 Gray St,Benton,95.98,K-12
,Public,Marcus Whitman Middle School,1887 Madrona Dr SE,Kitsap,97.12,K-12
,Public,Marcus Whitman-Cowiche Elementary,1181 Thompson Rd,Yakima,94.74,K-12
,Public,Marie Curie STEM Elementary,715 N California Ave,Franklin,99.48,K-12
,Public,Mariner High School,200 120th St SW,Snohomish,96.97,K-12
,Public,Maritime High School,615 S 200th St,King,98.18,K-12
,Public,Mark Morris High School,1602 Mark Morris Ct,Cowlitz,98.67,K-12
,Public,Mark Twain Elementary,1801 Road 40,Franklin,98.05,K-12
,Public,Mark Twain Elementary School,2450 S Star Lake Rd,King,92.56,K-12
,Public,Marrion Elementary School,10119 NE 14th St,Clark,95.11,K-12
,Public,Marshall Elementary,4407 116th St NE,Snohomish,95.64,K-12
,Public,Martha Lake Elementary,17500 Larch Way,Snohomish,97.38,K-12
,Public,Martin Luther King Elementary,8100 NE 28th St,Clark,88.99,K-12
,Public,Martin Luther King Jr Elementary,2000 S 18th St,Yakima,99.38,K-12
,Public,Martin Luther King Jr. Elementary School,6725 45th Ave S,King,85.48,K-12
,Public,Martin Sortun Elementary School,12711 SE 248th St,King,95.88,K-12
,Public,Marvista Elementary,19800 Marine View Dr SW,King,96.67,K-12
,Public,Mary Purcell Elementary School,700 Bennett St,Skagit,94.49,K-12
,Public,Mary Walker Alternative Learning Experience,500 N 4th St,Stevens,89.71,K-12
,Public,Mary Walker High School,500 N 4th St,Stevens,97.16,K-12
,Public,Marysville Coop Program,4407 116th St NE,Snohomish,95.73,K-12
,Public,Marysville Getchell High School,8301 84th St NE,Snohomish,96.34,K-12
,Public,Marysville Pilchuck High School,5611 108th St NE,Snohomish,95.93,K-12
,Private,Mason County Christian School,470 E Eagle Ridge Dr,Mason,92.51,K-12
,Public,Mason Middle School,3901 N 28th St,Pierce,97.65,K-12
,Private,Matheia School,2205 NW 67th St,King,100.0,K-12
,Public,Mattawa Elementary,400 N Boundary Ave,Grant,98.55,K-12
,Public,Mattson Middle School,16400 SE 251st St,King,95.24,K-12
,Public,Maya Angelou Elementary,6001 Road 84,Franklin,97.16,K-12
,Public,Maywood Hills Elementary,19510 104th Ave NE,King,98.73,K-12
,Public,Maywood Middle School,14490 168th Ave SE,King,98.35,K-12
,Public,Mcauliffe Elementary,23823 NE 22nd St,King,99.79,K-12
,Public,Mccleary Elementary,611 S Main St,Grays Harbor,90.91,K-12
,Public,Mcclure Elementary School,811 W 2nd St,Yakima,98.59,K-12
,Public,Mcclure Elementary School Yakima,1222 S 22nd Ave,Yakima,99.24,K-12
,Public,McClure Middle School,1915 1st Ave W,King,99.6,K-12
,Public,McDermoth Elementary,409 N K St,Grays Harbor,93.56,K-12
,Public,McDonald Elementary School,1512 S McDonald Rd,Spokane,92.8,K-12
,Public,McDonald International School,144 NE 54th St,King,99.04,K-12
,Public,McFarland Middle School,790 S 10th Ave,Adams,98.51,K-12
,Public,McGilvra Elementary School,1617 38th Ave E,King,95.72,K-12
,Public,McKenna Elementary,35120 Wa-507 S,Pierce,94.78,K-12
,Public,McKenny Elementary,3250 Morse Merryman Rd SE,Thurston,93.1,K-12
,Public,Mckinley Elementary School,621 S 13th Ave,Yakima,98.46,K-12
,Public,McKnight Middle School,1200 Edmonds Ave NE,King,97.73,K-12
,Public,McLane Elementary School,200 Delphi Rd SW,Thurston,92.8,K-12
,Public,Mcloughlin Middle School,2803 Road 88,Franklin,96.55,K-12
,Public,Mcloughlin Middle School,5802 MacArthur Blvd,Clark,90.56,K-12
,Public,McMicken Heights Elementary,3708 S 168th St,King,92.83,K-12
,Public,McMurray Middle School,9329 SW Cemetery Rd,King,99.48,K-12
,Public,Mead Elementary,1725 216th Ave NE,King,99.62,K-12
,Public,Mead Learning Options,8621 N Five Mile Rd,Spokane,75.8,K-12
,Public,Mead Senior High School,302 W Hastings Rd,Spokane,97.34,K-12
,Private,Meadow Glade Adventist School,18717 NE 109th Ave,Clark,84.27,K-12
,Public,Meadow Ridge Elementary,15601 N Freya St,Spokane,94.54,K-12
,Public,Meadow Ridge Elementary School,27710 108th Ave SE,King,91.6,K-12
,Public,Meadowdale Elementary,6505 168th St SW,Snohomish,96.49,K-12
,Public,Meadowdale High School,6002 168th St SW,Snohomish,97.71,K-12
,Public,Meadowdale Middle School,6500 168th St SW,Snohomish,98.11,K-12
,Public,Meadows Elementary,836 Deerbrush Dr SE,Thurston,97.6,K-12
,Private,Meadows Montessori School,2377 Douglas Rd,Whatcom,91.67,K-12
,Public,Meany Middle School,301 21st Ave E,King,96.26,K-12
,Public,Medical Lake High School,200 E Barker St,Spokane,95.88,K-12
,Public,Medical Lake Middle School,1010 E Lake St,Spokane,96.38,K-12
,Private,Medina Academy,5000 148th Ave NE,King,95.71,K-12
,Public,Medina Elementary School,8001 NE 8th St,King,94.96,K-12
,Public,Meeker Elementary,409 5th St SW,Pierce,96.77,K-12
,Public,Meeker Middle School,4402 Nassau Ave NE,Pierce,96.08,K-12
,Public,Meeker Middle School,12600 SE 192nd St,King,97.41,K-12
,Public,Melvin G Syre Elementary,19545 12th Ave NW,King,98.39,K-12
,Private,Menachem Mendel Seattle Cheder,620 20th Ave S,King,82.24,K-12
,Public,Mercer International Middle School,1600 S Columbian Way,King,97.3,K-12
,Public,Mercer Island High School,9100 SE 42nd St,King,99.37,K-12
,Public,Meredith Hill Elementary School,5830 S 300th St,King,93.45,K-12
,Public,Meridian Elementary School,25621 140th Ave SE,King,95.21,K-12
,Public,Meridian High School,194 W Laurel Rd,Whatcom,95.78,K-12
,Public,Meridian Impact Re-Engagement,3028 Lindbergh Ave,Whatcom,100.0,K-12
,Public,Meridian Middle School,23480 120th Ave SE,King,96.51,K-12
,Public,Meridian Middle School,861 Ten Mile Rd,Whatcom,97.73,K-12
,Public,Meridian Parent Partnership Program,240 W Laurel Rd,Whatcom,79.64,K-12
,Public,Meridian Park Elementary School,17077 Meridian Ave N,King,99.14,K-12
,Public,Meriwether Elementary School,10285 Compass Ave,Pierce,87.92,K-12
,Public,Mesa Elementary,200 E Pepiot Rd,Franklin,93.88,K-12
,Public,Methow Valley Elementary,18 Twin Lakes Rd,Okanogan,97.02,K-12
,Public,Methow Valley Independent Learning Center,18 Twin Lakes Rd,Okanogan,92.68,K-12
,Public,Mica Peak High School,15111 E Sprague Ave,Spokane,97.14,K-12
,Public,Michael Anderson Elementary School,400 W Fairchild Hwy,Spokane,95.73,K-12
,Public,Michael T Simmons Elementary,1205 2nd Ave SW,Thurston,97.79,K-12
,Public,Mid-Columbia Parent Partnership,5980 W 12th Ave,Benton,85.94,K-12
,Public,Middle College High School,401 NE Northgate Way,King,95.51,K-12
,Public,Midland Elementary,2300 105th St E,Pierce,94.18,K-12
,Public,Midway Elementary,502 S C St,Grant,97.27,K-12
,Public,Midway Elementary,22447 24th Ave S,King,93.23,K-12
,Public,Midway Elementary,821 E Midway Rd,Spokane,93.69,K-12
,Public,Mike Morris Elementary,405 1st St,Pacific,87.1,K-12
,Public,Mill A Elementary School,1142 Jessup Rd,Skamania,89.47,K-12
,Public,Mill Creek Elementary,3400 148th St SE,Snohomish,96.62,K-12
,Public,Mill Creek Middle School,620 Central Ave N,King,93.12,K-12
,Public,Mill Plain Elementary School,16200 SE 6th St,Clark,93.59,K-12
,Public,Mill Pond Elementary School,909 Mill Rd SE,Thurston,93.25,K-12
,Public,Millennium Elementary School,11919 SE 270th St,King,95.14,K-12
,Public,Miller Junior High,100 E Lindstrom St,Grays Harbor,96.84,K-12
,Public,Minnehaha Elementary School,2800 NE 54th St,Clark,90.76,K-12
,Public,Mint Valley Elementary,2745 38th Ave,Cowlitz,96.0,K-12
,Public,Minter Creek Elementary,12617 118th Ave NW,Pierce,94.44,K-12
,Public,Mirror Lake Elementary School,625 S 314th St,King,90.54,K-12
,Public,Mission View Elementary School,60 Terminal Ave,Chelan,98.65,K-12
,Public,MLSD Open Doors Re-Engagement Program,1328 E Hunter Pl,Grant,98.51,K-12
,Private,Monroe Christian School,1009 W Main St,Snohomish,85.02,K-12
,Public,Monroe Elementary,10901 27th Ave SE,Snohomish,94.51,K-12
,Public,Monroe High School,17001 Tester Rd,Snohomish,95.05,K-12
,Private,Monroe Montessori School,733 Village Way,Snohomish,100.0,K-12
,Public,Monte Cristo Elementary,1201 100th St NE,Snohomish,94.87,K-12
,Public,Montesano Jr-Sr High,303 N Church St,Grays Harbor,92.93,K-12
,Private,Montessori Academy at Spring Valley,36605 Pacific Hwy S,King,100.0,K-12
,Private,Montessori at Samish Woods,1027 Samish Way,Whatcom,96.88,K-12
,Private,Montessori Children's House,5003 218th Ave NE,King,93.1,K-12
,Private,Montessori Country School,10994 Arrow Point Dr NE,Kitsap,97.92,K-12
,Private,Montessori School of Yakima,511 N 44th Ave,Yakima,92.96,K-12
,Public,Monticello Middle School,1225 28th Ave,Cowlitz,98.35,K-12
,Public,Montlake Elementary School,2409 22nd Ave E,King,97.0,K-12
,Public,Monument Elementary,1400 13th Ave SW,Grant,98.19,K-12
,Public,Moorlands Elementary,15115 84th Ave NE,King,97.87,K-12
,Public,Moran Prairie Elementary,4224 E 57th Ave,Spokane,91.26,K-12
,Public,Morgan Middle School,400 E 1st Ave,Kittitas,97.47,K-12
,Public,Morgen Owings Elementary School,407 E Woodin Ave,Chelan,95.6,K-12
,Private,Morningside Academy,1605 17th Ave,King,97.33,K-12
,Public,Morris Ford Middle School,1602 104th St E,Pierce,97.76,K-12
,Public,Morris Schott Elementary,500 N Boundary Ave,Grant,99.08,K-12
,Public,Morton Elementary School,400 Main Ave,Lewis,83.67,K-12
,Public,Morton Junior-Senior High,152 Westlake Ave,Lewis,91.53,K-12
,Public,Mosaic Home Education Partnership,9530 NE High School Rd,Kitsap,93.44,K-12
,Private,Mosaic Montessori,1401 327th Ave NE,King,94.74,K-12
,Public,Moses Lake High School,803 Sharon Ave E,Grant,96.89,K-12
,Public,Mossyrock Elementary School,445 Williams St,Lewis,92.26,K-12
,Public,Mossyrock Jr./Sr. High School,295 Williams St,Lewis,95.06,K-12
,Private,Motion Christian School,601 9th Ave SE,Pierce,72.29,K-12
,Public,Mount Adams Middle School,621 Signal Peak Rd,Yakima,99.19,K-12
,Public,Mount Baker Academy,5100 Mitchell Rd,Whatcom,86.67,K-12
,Public,Mount Baker Junior High,4936 Deming Rd,Whatcom,92.61,K-12
,Public,Mount Baker Middle School,2310 E Section St,Skagit,96.3,K-12
,Public,Mount Baker Senior High,4936 Deming Rd,Whatcom,93.33,K-12
,Public,Mount Erie Elementary,1313 41st St,Skagit,95.15,K-12
,Public,Mount Pleasant School,152 Marble Rd,Skamania,92.86,K-12
,Public,Mount Rainier High School,22450 19th Ave S,King,96.78,K-12
,Public,Mount Si High School,8651 Meadowbrook Way SE,King,98.07,K-12
,Public,Mount Tahoma High School,4634 S 74th St,Pierce,98.77,K-12
,Private,Mount Vernon Christian School,820 W Blackburn Rd,Skagit,80.57,K-12
,Public,Mount Vernon High School,1075 E Fulton St,Skagit,85.16,K-12
,Public,Mount Vernon Open Doors,2001 Cleveland Ave,Skagit,83.56,K-12
,Public,Mount Vernon Special Ed,920 S 2nd St,Skagit,84.29,K-12
,Public,Mount View Elementary,10811 12th Ave SW,King,97.44,K-12
,Public,Mountain Meadow Elementary,11812 Mundy Loss Rd E,Pierce,95.19,K-12
,Public,Mountain View Elementary,119 D St NW,Grant,96.98,K-12
,Public,Mountain View Elementary,1900 College St SE,Thurston,93.23,K-12
,Public,Mountain View Elementary,534 E K St,Mason,96.91,K-12
,Public,Mountain View High School,1500 SE Blairmont Dr,Clark,93.17,K-12
,Public,Mountain View Middle School,2400 Perry Ave,Kitsap,90.35,K-12
,Public,Mountain View Middle School,10920 199th Avenue Ct E,Pierce,97.23,K-12
,Public,Mountain Way Elementary,702 N Granite Ave,Snohomish,90.36,K-12
,Public,Mountainside Middle School,4717 E Day Mt. Spokane Rd,Spokane,96.25,K-12
,Public,Mountainview Elementary,830 Stone Rd,Yakima,98.24,K-12
,Public,Mountlake Terrace Elementary,22001 52nd Ave W,Snohomish,99.28,K-12
,Public,Mountlake Terrace High School,21801 44th Ave W,Snohomish,99.12,K-12
,Public,Moxee Elementary,528 E Seattle Ave,Yakima,95.93,K-12
,Public,Mt Baker Middle School,620 37th St SE,King,98.01,K-12
,Public,Mt Spokane High School,6015 E Mt Spokane Park Dr,Spokane,97.21,K-12
,Public,Mt View Elementary,3411 119th Ave E,Pierce,93.38,K-12
,Public,Mt. Pilchuck Elementary School,12806 20th St NE,Snohomish,93.03,K-12
,Public,Mt. Solo Middle School,5300 Mt Solo Rd,Cowlitz,99.26,K-12
,Public,Mt. Stuart Elementary,1701 N Cora St,Kittitas,91.77,K-12
,Public,Muir Elementary,14012 132nd Ave NE,King,96.83,K-12
,Private,Mukilteo Academy,12978 Beverly Park Rd,Snohomish,100.0,K-12
,Private,Mukilteo Christian Academy,4223 78th St SW,Snohomish,27.03,K-12
,Public,Mukilteo Elementary,2600 Mukilteo Speedway,Snohomish,95.53,K-12
,Public,Mukilteo Reengagement Academy Open Doors,9401 Sharon Dr,Snohomish,94.69,K-12
,Public,Mullan Road Elementary,2616 E 63rd Ave,Spokane,95.4,K-12
,Public,Mullenix Ridge Elementary School,3900 SE Mullenix Rd,Kitsap,97.69,K-12
,Public,Naches Trail Elementary,15505 Waller Rd E,Pierce,95.24,K-12
,Public,Naches Valley Elementary School,151 Bonlow Dr,Yakima,94.01,K-12
,Public,Naches Valley High School,101 W 5th St,Yakima,96.15,K-12
,Public,Naches Valley Middle School,32 Shafer Ave,Yakima,97.11,K-12
,Public,Napavine Elementary,209 E Park St,Lewis,96.19,K-12
,Public,Napavine Jr Sr High School,404 4th Ave NE,Lewis,98.07,K-12
,Public,Narrows View Intermediate,7813 44th St W,Pierce,97.2,K-12
,Public,Naselle Elementary,793 State Route 4,Pacific,81.36,K-12
,Public,Naselle Jr Sr High Schools,793 State Route 4,Pacific,87.75,K-12
,Public,Nathan Hale High School,10750 30th Ave NE,King,97.88,K-12
,Public,Nautilus K-8 School,1000 S 289th St,King,94.2,K-12
,Public,Naval Avenue Elementary School,900 Olympic Ave,Kitsap,90.51,K-12
,Public,Neah Bay Elementary School,3560 Deer St,Clallam,89.67,K-12
,Public,Neah Bay Junior/ Senior High School,3560 Deer St,Clallam,91.23,K-12
,Public,Neely O Brien Elementary School,6300 S 236th St,King,94.68,K-12
,Public,Nelsen Middle School,2403 Jones Ave S,King,96.38,K-12
,Public,Nelson Elementary School,22109 108th Ave E,Pierce,94.59,K-12
,Public,Nespelem Elementary,229 Schoolhouse Loop Rd,Okanogan,99.34,K-12
,Public,Ness Elementary,9612 E Cataldo Ave,Spokane,87.07,K-12
,Public,New Beginnings,302 Mashell Ave N,Pierce,94.74,K-12
,Private,New Horizon School,1111 S Carr Rd,King,100.0,K-12
,Public,New Horizons High School,2020 W Argent Rd,Franklin,98.43,K-12
,Private,New Life Christian School,911 E Division Ave,Grant,68.7,K-12
,Public,New Market High School,7299 New Market St SW,Thurston,95.0,K-12
,Public,Newcastle Elementary School,8400 136th Ave SE,King,98.41,K-12
,Public,NEWESD 101 Open Doors,901 E 2nd Ave Ste 100,Spokane,90.95,K-12
,Public,Newport Heights Elementary,5225 119th Ave SE,King,92.7,K-12
,Public,Newport High School,1400 W 5th St,Pend Oreille,84.91,K-12
,Public,Newport Home Link,1302 W 5th St,Pend Oreille,59.9,K-12
,Public,Newport Senior High School,4333 Factoria Blvd SE,King,93.17,K-12
,Public,Nine Mile Falls Elementary,10102 W Charles Rd,Spokane,85.22,K-12
,Public,Nine Mile Family Partnership Program,10102 W Charles Rd,Spokane,77.36,K-12
,Public,Nisqually Middle School,8100 Steilacoom Rd SE,Thurston,98.19,K-12
,Public,NKOA & PAL,25800 Siyaya Ave NE,Kitsap,91.55,K-12
,Public,Nob Hill Elementary School,801 S 34th Ave,Yakima,96.54,K-12
,Public,Nooksack Elementary,3333 Breckenridge Rd,Whatcom,86.29,K-12
,Public,Nooksack Reengagement,3326 E Badger Rd,Whatcom,81.82,K-12
,Public,Nooksack Valley High School,3326 E Badger Rd,Whatcom,90.4,K-12
,Public,Nooksack Valley Middle School,404 W Columbia St,Whatcom,93.32,K-12
,Public,North Beach Elementary School,9018 24th Ave NW,King,99.0,K-12
,Public,North Beach Junior High School,336 State Route 115,Grays Harbor,95.41,K-12
,Public,North Beach Senior High School,336 State Route 115,Grays Harbor,92.06,K-12
,Public,North Bend Elementary School,400 E 3rd St,King,99.32,K-12
,Public,North Central High School,1600 N Howard St,Spokane,96.25,K-12
,Public,North Creek High School,3613 191st Pl SE,Snohomish,99.5,K-12
,Public,North Elementary,1200 W Craig St,Grant,83.61,K-12
,Public,North Fork Elementary School,2250 Lewis River Rd,Cowlitz,91.7,K-12
,Public,North Hill Elementary,19835 8th Ave S,King,94.58,K-12
,Public,North Kitsap High School,1780 NE Hostmark St,Kitsap,93.62,K-12
,Public,North Kitsap Options,27089 Highland Rd NE,Kitsap,91.36,K-12
,Public,North Lake Middle School,2202 123rd Ave NE,Snohomish,97.1,K-12
,Public,North Mason Homelink Program,90 E North Mason School Rd,Mason,96.15,K-12
,Public,North Mason Senior High School,150 E North Mason School Rd,Mason,91.09,K-12
,Public,North Middle School,2514 Rainier Ave,Snohomish,96.64,K-12
,Public,North Omak Elementary,615 Oak St,Okanogan,91.85,K-12
,Public,North Pines Middle School,701 N Pines Rd,Spokane,89.57,K-12
,Public,North River School,2867 N River Rd,Pacific,90.7,K-12
,Private,North Seattle French School,18560 1st Ave NE,King,100.0,K-12
,Private,North Shore Christian School,123 Wapato Point Pkwy,Chelan,14.81,K-12
,Public,North Star Elementary,7719 224th St E,Pierce,94.43,K-12
,Public,North Tapps Middle School,20029 12th St E,Pierce,94.07,K-12
,Public,North Thurston High School,600 Sleater Kinney Rd NE,Thurston,93.16,K-12
,Private,North Whidbey Kids Academy,297 NE Harvest Dr,Island,100.0,K-12
,Public,North Whidbey Middle School,67 NE Izett St,Island,89.37,K-12
,Public,Northeast Tacoma Elementary School,5412 29th St NE,Pierce,89.82,K-12
,Public,Northern Heights Elementary School,4000 Magrath Rd,Whatcom,97.26,K-12
,Private,Northern Lights Montessori - Willows Campus,14625 NE 91st St,King,100.0,K-12
,Public,Northlake Elementary School,2210 Olympia Way,Cowlitz,95.85,K-12
,Public,Northport Elementary School,404 10th St,Stevens,73.08,K-12
,Public,Northport High School,404 10th St,Stevens,82.46,K-12
,Public,Northport Homelink Program,404 10th St,Stevens,67.31,K-12
,Public,Northshore Learning Options,18101 Avondale Rd NE,King,92.2,K-12
,Public,Northshore Middle School,12101 NE 160th St,King,98.58,K-12
,Public,Northshore Online School,3330 Monte Villa Pkwy,Snohomish,85.0,K-12
,Public,Northstar Middle School,10903 NE 53rd St,King,98.7,K-12
,Private,Northwest Christian Academy,4706 Park Center Ave NE,Thurston,94.47,K-12
,Private,Northwest Christian High School,4710 Park Center Ave NE,Thurston,97.14,K-12
,Private,Northwest Christian School,904 Shaw Rd,Pierce,92.49,K-12
,Private,Northwest Christian Schools,5975 N Cedar St,Spokane,72.57,K-12
,Private,Northwest Christian Schools - Lower Campus,5028 E Bernhill Rd,Spokane,78.31,K-12
,Private,Northwest Christian Schools - Upper Campus,5104 E Bernhill Rd,Spokane,86.39,K-12
,Private,Northwest Education Academy,7535 W Kennewick Ave,Benton,100.0,K-12
,Private,Northwest Montessori School,4910 Phinney Ave N,King,92.16,K-12
,Private,Northwest School for Deaf and Hard-of-Hearing Children,15303 Westminster Way N,King,100.0,K-12
,Private,Northwest Yeshiva High School,5017 90th Ave SE,King,83.61,K-12
,Public,Northwood Elementary,9805 24th St E,Pierce,93.28,K-12
,Public,Northwood Elementary School,4030 86th Ave SE,King,96.63,K-12
,Public,Northwood Middle School,12908 N Pittsburg St,Spokane,95.35,K-12
,Public,Northwood Middle School,17007 SE 184th St,King,97.4,K-12
,Public,Nova High School,301 21st Ave E,King,98.02,K-12
,Private,NOVA School,2020 22nd Ave SE,Thurston,97.14,K-12
,Private,Nueva Esperanza Leadership Academy,3713 E A St,Franklin,96.55,K-12
,Private,Oak Harbor Christian School,675 E Whidbey Ave,Island,78.12,K-12
,Public,Oak Harbor Elementary,151 SE Midway Blvd,Island,94.4,K-12
,Public,Oak Harbor High School,950 NW 2nd Ave,Island,92.65,K-12
,Public,Oak Harbor Intermediate School,150 SW 6th Ave,Island,95.76,K-12
,Public,Oak Heights Elementary,15500 18th Ave W,Snohomish,95.85,K-12
,Public,Oakbrook Elementary School,7802 83rd Ave SW,Pierce,98.61,K-12
,Public,Oakesdale Elementary School,112 E McCoy St,Whitman,96.08,K-12
,Public,Oakesdale High School,1 St & Mccoy St,Whitman,97.4,K-12
,Public,Oakland Bay Junior High School,3301 N Shelton Springs Rd,Mason,98.01,K-12
,Public,Oakland High School,3319 S Adams St,Pierce,98.94,K-12
,Public,Oakview Elementary School,201 E Oakview Ave,Lewis,96.5,K-12
,Public,Oakville Elementary,200 S School St,Grays Harbor,94.02,K-12
,Public,Oakville High School,200 S School St,Grays Harbor,98.48,K-12
,Public,Oakville Homelink,200 S School St,Grays Harbor,86.36,K-12
,Public,OASIS K-12,557 School Rd,San Juan,79.17,K-12
,Public,OCEAN,3939 San Juan Ave,Jefferson,82.88,K-12
,Public,Ocean Beach Options Academy,500 Washington Ave S,Pacific,100.0,K-12
,Public,Ocean Park Elementary,25701 Vernon Ave,Pacific,93.5,K-12
,Public,Ocean Shores Elementary,300 Mount Olympus Ave SE,Grays Harbor,85.92,K-12
,Public,Ocosta Elementary School,2580 S Montesano St,Grays Harbor,91.29,K-12
,Public,Ocosta Junior - Senior High,2580 S Montesano St,Grays Harbor,91.7,K-12
,Private,O'Dea High School,802 Terry Ave,King,99.78,K-12
,Public,Odessa High School,311 S 1st St,Lincoln,98.88,K-12
,Public,Odle Middle School,502 143rd Ave NE,King,97.03,K-12
,Public,Odyssey Elementary,13025 17th Ave W,Snohomish,98.28,K-12
,Public,Odyssey Middle School,5780 NW Pacific Rim Blvd,Clark,97.86,K-12
,Public,Odyssey Multiage Program,9530 NE High School Rd,Kitsap,98.9,K-12
,Public,Okanogan Alternative High School,126 Main St S,Okanogan,97.22,K-12
,Public,Okanogan High School,244 5th Ave S,Okanogan,97.54,K-12
,Public,Okanogan Middle School,244 5th Ave N,Okanogan,97.88,K-12
,Public,Okanogan Outreach Alternative School,119 2nd Ave N,Okanogan,94.81,K-12
,Public,Olalla Elementary School,6100 SE Denny Bond Blvd,Kitsap,93.41,K-12
,Public,Olivia Park Elementary,200 108th St SW,Snohomish,91.7,K-12
,Private,Olympia Christian School,1215 Ethel St,Thurston,89.66,K-12
,Private,Olympia Community School,1939 Karen Frazier Rd SE,Thurston,88.57,K-12
,Public,Olympia High School,1302 North St SE,Thurston,94.33,K-12
,Public,Olympia Regional Learning Academy,2400 15th Ave SE,Thurston,86.81,K-12
,Private,Olympia Waldorf School,8126 Normandy St SE,Thurston,87.6,K-12
,Private,Olympic Christian School,43 Obrien Rd,Clallam,72.95,K-12
,Public,Olympic Elementary School,1324 30th Ave,Cowlitz,96.99,K-12
,Public,Olympic High School,7077 Stampede Blvd NW,Kitsap,98.72,K-12
,Public,Olympic Hills Elementary School,13018 20th Ave NE,King,97.07,K-12
,Public,Olympic Middle School,839 21st St SE,King,97.49,K-12
,Public,Olympic Middle School,800 E K St,Mason,96.88,K-12
,Public,Olympic Peninsula Academy,400 N 2nd Ave,Clallam,78.4,K-12
,Public,Olympic View Elementary,380 NE Regatta Dr,Island,96.91,K-12
,Public,Olympic View Elementary,1330 Horne St NE,Thurston,96.2,K-12
,Public,Olympic View Elementary School,504 NE 95th St,King,96.47,K-12
,Public,Olympic View Middle School,2602 Mukilteo Speedway,Snohomish,98.22,K-12
,Private,Omak Adventist Christian School,425 W 2nd Ave,Okanogan,63.64,K-12
,Private,Omak Christian School,102A Tower St,Okanogan,44.44,K-12
,Public,Omak High School,20 S Cedar St,Okanogan,98.78,K-12
,Public,Omak Middle School,14 S Cedar St,Okanogan,98.01,K-12
,Public,On Track Academy,4091 N Regal St,Spokane,96.24,K-12
,Public,Onalaska Elementary School,540 Carlisle Ave,Lewis,95.45,K-12
,Public,Onalaska High School,540 Carlisle Ave,Lewis,96.97,K-12
,Public,Onalaska Middle School,540 Carlisle Ave,Lewis,97.79,K-12
,Private,OneSchool Global,158 S 168tho?=St,King,100.0,K-12
,Public,Onion Creek Elementary,2006 Lotze Creek Rd,Stevens,74.51,K-12
,Public,Open Door Youth Reengagement Renton,2607 Jones Ave S,King,100.0,K-12
,Public,Open Doors Battle Ground,11104 NE 149th St,Clark,95.31,K-12
,Public,Open Doors Evergreen,2205 NE 138th Ave,Clark,85.71,K-12
,Public,Open Doors Re-Engagement Wenatchee,235 Sunset Ave,Chelan,96.55,K-12
,Public,Open Doors Vancouver,6450 MacArthur Blvd,Clark,84.66,K-12
,Public,Open Doors Youth Reengagement (1418),31455 28th Ave S,King,97.18,K-12
,Public,Open Doors Youth Reengagement Sultan,13715 310th Ave SE,Snohomish,100.0,K-12
,Private,Open Window School,6128 168th Pl SE,King,99.44,K-12
,Public,Opportunity Elementary,1109 S Wilbur Rd,Spokane,88.03,K-12
,Public,Options High School,2015 Franklin St,Whatcom,94.15,K-12
,Public,Orca K-8 School,5215 46th Ave S,King,94.29,K-12
,Private,Orcas Christian School,107 Enchanted Forest Rd,San Juan,65.38,K-12
,Public,Orcas Island Elementary School,611 School Rd,San Juan,93.82,K-12
,Public,Orcas Island High School,715 School Rd,San Juan,97.14,K-12
,Public,Orcas Island Middle School,715 School Rd,San Juan,94.74,K-12
,Public,Orcas Island Montessori,557 School Rd,San Juan,95.83,K-12
,Public,Orchard Center Elementary,7519 E Buckeye Ave,Spokane,90.5,K-12
,Public,Orchard Elementary,1600 Gala Way,Benton,98.62,K-12
,Public,Orchard Heights Elementary,2288 Fircrest Dr SE,Kitsap,96.32,K-12
,Public,Orchard Middle School,1024 Orchard Ave,Chelan,99.49,K-12
,Public,Orchard Prairie Elementary,7626 N Orchard Prairie Rd,Spokane,82.02,K-12
,Public,Orchards Elementary School,11405 NE 69th St,Clark,91.49,K-12
,Public,Ordway Elementary,8555 Madison Ave N,Kitsap,98.05,K-12
,Public,Orient Elementary School,374 4th Ave,Ferry,93.02,K-12
,Public,Orin C Smith Elementary School,1240 Bishop Rd,Lewis,96.23,K-12
,Public,Orion High School,1815 Salt Lake St,Franklin,100.0,K-12
,Public,Orondo Elementary and Middle School,100 Orondo School Rd,Douglas,93.04,K-12
,Public,Oroville Elementary,816 Juniper St,Okanogan,88.97,K-12
,Public,Oroville Middle-High School,816 Juniper St,Okanogan,95.02,K-12
,Public,Orting Elementary School,316 Washington Ave N,Pierce,93.54,K-12
,Public,Orting High School,320 Washington Ave N,Pierce,95.8,K-12
,Public,Orting Middle School,111 Whitehawk Blvd NW,Pierce,96.55,K-12
,Public,Othello High School,340 S 7th Ave,Adams,97.98,K-12
,Public,Otis Orchards School,22000 E Wellesley Ave,Spokane,89.84,K-12
,Private,Our Lady of Fatima Parish School,3301 W Dravus St,King,99.61,K-12
,Private,Our Lady of Guadalupe Catholic School,3401 SW Myrtle St,King,99.53,K-12
,Private,Our Lady of Hope School,2508 Hoyt Ave,Snohomish,100.0,K-12
,Private,Our Lady of Lourdes Catholic School,4701 NW Franklin St,Clark,98.17,K-12
,Private,Our Lady of the Lake Catholic School,3520 NE 89th St,King,98.44,K-12
,Private,Our Lady Star of the Sea Catholic School,1516 5th St,Kitsap,94.06,K-12
,Public,Outlook Elementary School,1110 S 6th St,Yakima,99.73,K-12
,Private,Overcomer Academy,33415 Military Rd S,King,17.18,K-12
,Public,P C Jantz Elementary,311 S 1st St,Lincoln,93.4,K-12
,Public,Pace Alternative High School,310 S Wasco Ave,Yakima,96.39,K-12
,Public,Pacific Beach Elementary School,11 S 4th St,Grays Harbor,87.5,K-12
,Public,Pacific Cascade Middle School,24635 SE Issaquah Fall City Rd,King,98.37,K-12
,Private,Pacific Christian Academy,33645 20th Ave S,King,79.75,K-12
,Public,Pacific Crest Innovation Academy,1142 Jessup Rd,Skamania,94.74,K-12
,Public,Pacific Crest Online Academy,6972 Keene Rd,Benton,93.55,K-12
,Public,Pacific Middle School,615 S 200th St,King,96.7,K-12
,Public,Pacific Middle School,2017 NE 172nd Ave,Clark,93.12,K-12
,Private,Palisades Christian Academy,1115 N Government Way,Spokane,77.49,K-12
,Public,Palisades Elementary School,1114 Palisades Rd,Douglas,100.0,K-12
,Public,Palouse at Garfield Middle School,600 E Alder St,Whitman,91.67,K-12
,Public,Palouse Elementary,600 E Alder St,Whitman,90.54,K-12
,Public,Palouse High School,600 E Alder St,Whitman,91.53,K-12
,Public,Palouse Junction High School,110 N Chelan St,Franklin,95.0,K-12
,Public,Panorama School,225 S Hofstetter St,Stevens,88.68,K-12
,Public,Panther Lake Elementary School,34424 1st Ave S,King,88.45,K-12
,Public,PARADE,32302 NE 50th St,King,97.78,K-12
,Public,Parent Partnership,525 13th St,Snohomish,74.29,K-12
,Public,Park Lodge Elementary School,6300 100th St SW,Pierce,96.23,K-12
,Public,Park Middle School,1011 W 10th Ave,Benton,99.13,K-12
,Public,Park Orchard Elementary School,11010 SE 232nd St,King,95.05,K-12
,Public,Park Orchard Elementary School,417 N Paxson Dr,Grant,90.44,K-12
,Public,Park Place Middle School,1408 W Main St,Snohomish,96.62,K-12
,Public,Parkside Elementary,301 Central Ave E,Thurston,88.42,K-12
,Public,Parkside Elementary,2104 S 247th St,King,96.04,K-12
,Public,Parkview Elementary School,3030 Cornwall Ave,Whatcom,92.49,K-12
,Public,Parkway Elementary,1103 4th St,Asotin,96.1,K-12
,Public,Parkway School,1011 Parkway Blvd,Grant,95.64,K-12
,Public,Parkwood Elementary,1815 N 155th St,King,98.41,K-12
,Public,Partnership for Excellence in Alternative Remote Learning (PEARL),294715 US Highway 101,Jefferson,69.78,K-12
,Public,Pasadena Park Elementary,8508 E Upriver Dr,Spokane,83.09,K-12
,Public,Pasco Digital Learning Academy,1215 W Lewis St,Franklin,91.72,K-12
,Public,Pasco Senior High School,1108 N 10th Ave,Franklin,98.74,K-12
,Public,Pateros Elementary,344 Beach St W,Okanogan,86.32,K-12
,Public,Pateros High School,344 Beach St W,Okanogan,94.17,K-12
,Public,Paterson Elementary School,51409 Prior Ave,Benton,97.16,K-12
,Public,Pathfinder K-8 School,1901 SW Genesee St,King,95.47,K-12
,Public,Pathfinder Kindergarten Center,11401 Beverly Park Rd,Snohomish,92.27,K-12
,Public,Paul Rumburg Elementary,2650 Entiat Way,Chelan,95.41,K-12
,Public,Pe Ell School,519 N 2nd St,Lewis,88.26,K-12
,Private,Peace Lutheran School,1234 NE Riddell Rd,Kitsap,88.98,K-12
,Public,Pend Oreille River School,1201 W 5th St,Pend Oreille,78.46,K-12
,Private,Peninsula Adventist Elementary School,255 Medsker Rd,Clallam,69.23,K-12
,Public,Peninsula Elementary,2406 W Texas St,Grant,92.02,K-12
,Public,Peninsula High School,14105 Purdy Ln NW,Pierce,95.96,K-12
,Public,Penny Creek Elementary,4117 132nd St SE,Snohomish,94.62,K-12
,Public,Peperzak Middle School,2620 E 63rd Ave,Spokane,95.47,K-12
,Public,Perry G Keithley Middle School,12324 12th Ave S,Pierce,97.86,K-12
,Public,Peshastin Dryden Elementary,10001 School St,Chelan,98.65,K-12
,Public,Peter G Schmidt Elementary,237 Dennis St SE,Thurston,92.9,K-12
,Public,Peter S Ogden Elementary,3200 NE 86th Ave,Clark,95.01,K-12
,Public,Phantom Lake Elementary,1050 160th Ave SE,King,90.43,K-12
,Public,Phil Snowdon Elementary,6323 S Holly Rd,Spokane,94.14,K-12
,Public,Phoenix High School,1315 W 4th Ave,Benton,100.0,K-12
,Public,PI Program,91 W Valley Rd,Jefferson,88.71,K-12
,Public,Picnic Point Elementary,5819 140th St SW,Snohomish,97.66,K-12
,Public,Pierce County Skills Center,16117 Canyon Rd E,Pierce,95.88,K-12
,Public,Pine Lake Middle School,3095 Issaquah Pine Lake Rd SE,King,98.97,K-12
,Public,Pine Tree Elementary School,27825 118th Ave SE,King,92.56,K-12
,Public,Pinecrest Elementary,5530 Pine Rd NE,Kitsap,97.57,K-12
,Public,Pinewood Elementary,8600 52nd Ave NE,Snohomish,94.44,K-12
,Public,Pioneer Elementary,224 J St SE,Grant,91.26,K-12
,Public,Pioneer Elementary,8213 Eaglefield Dr,Snohomish,91.78,K-12
,Public,Pioneer Elementary School,2301 M St SE,King,95.42,K-12
,Public,Pioneer Elementary School,1655 Carlyon Ave SE,Thurston,95.33,K-12
,Public,Pioneer Elementary School,7212 NE 166th Ave,Clark,92.95,K-12
,Public,Pioneer Elementary School,112 E Spencer Lake Rd,Mason,94.7,K-12
,Public,Pioneer Elementary School,1110 S 6th St,Yakima,98.89,K-12
,Public,Pioneer Elementary School,8402 Skansie Ave,Pierce,97.69,K-12
,Public,Pioneer Middle,1750 Bobs Hollow Ln,Pierce,98.34,K-12
,Public,Pioneer Middle School,450 Bridge St,Walla Walla,98.3,K-12
,Public,Pioneer Middle School,112 E Spencer Lake Rd,Mason,95.42,K-12
,Public,Pioneer Middle School,1620 Russell St,Chelan,100.0,K-12
,Private,Pioneer School,618 N Sullivan Rd,Spokane,100.0,K-12
,Public,Pioneer Valley Elementary,7315 Eustis Hunt Rd,Pierce,95.72,K-12
,Public,Pleasant Glade Elementary,1920 Abernethy Rd NE,Thurston,96.89,K-12
,Public,Pleasant Valley Middle,14320 NE 50th Ave,Clark,94.92,K-12
,Public,Pleasant Valley Primary,14320 NE 50th Ave,Clark,86.76,K-12
,Public,Point Defiance Elementary School,4330 N Visscher St,Pierce,96.21,K-12
,Public,Pomeroy Elementary School,121 10th St,Garfield,98.34,K-12
,Public,Pomeroy Jr Sr High School,1090 Pataha St,Garfield,99.28,K-12
,Public,Ponderosa Elementary,10105 E Cimmaron Dr,Spokane,88.99,K-12
,Public,Pope Elementary,15102 122nd Ave E,Pierce,96.97,K-12
,Private,Pope John Paul II High School,5608 Pacific Ave SE,Thurston,98.81,K-12
,Public,Port Angeles High School,304 E Park Ave,Clallam,95.14,K-12
,Public,Port Gardner,3516 Rucker Ave,Snohomish,86.21,K-12
,Public,Port Susan Middle School,7506 267th St NW,Snohomish,96.73,K-12
,Public,Port Townsend High School,1500 Van Ness St,Jefferson,89.14,K-12
,Public,Post Middle School,1220 E 5th St,Snohomish,95.65,K-12
,Private,Poulsbo Adventist School,1700 NE Lincoln Rd,Kitsap,58.33,K-12
,Public,Poulsbo Elementary School,18531 Noll Rd NE,Kitsap,96.54,K-12
,Public,Poulsbo Middle School,2003 NE Hostmark St,Kitsap,97.98,K-12
,Public,Prairie High School,11311 NE 119th St,Clark,92.31,K-12
,Public,Prairie View Elementary,2606 W Johannsen Rd,Spokane,93.37,K-12
,Public,Prescott Elementary School,207 South A St,Walla Walla,97.67,K-12
,Public,Prescott High School,207 South A St,Walla Walla,98.84,K-12
,Public,Presidents Elementary,505 E 3rd St,Snohomish,94.2,K-12
,Public,Private School Services,2445 3rd Ave S,King,92.31,K-12
,Public,Progress Elementary School,710 N Progress Rd,Spokane,89.0,K-12
,Public,Prospect Point Elementary,55 Reser Rd,Walla Walla,98.24,K-12
,Public,Prosser Heights Elementary,2008 Miller Ave,Benton,98.8,K-12
,Public,Prosser High School,1500 Paterson Rd,Benton,99.52,K-12
,Private,Providence Classical Christian School,18943 120th Ave NE,King,82.09,K-12
,Public,Prune Hill Elementary,1601 NW Tidland St,Clark,96.98,K-12
,Public,Ptarmigan Ridge Elementary School,805 Old Pioneer Way NW,Pierce,93.56,K-12
,Public,Puesta Del Sol Elementary School,301 151st Pl NE,King,95.49,K-12
,Private,Puget Sound Adventist Academy,5320 108th Ave NE,King,75.76,K-12
,Private,Pullman Christian School,345 SW Kimball Dr,Whitman,86.52,K-12
,Public,Pullman High School,510 NW Greyhound Way,Whitman,98.48,K-12
,Public,Purdy Elementary School,13815 62nd Ave NW,Pierce,97.69,K-12
,Private,Pursuit Elementary,265 Pine Ave,Snohomish,64.86,K-12
,Private,Pursuit Elementary,9051 132nd Ave NE,King,46.15,K-12
,Public,Puyallup High School,105 7th St SW,Pierce,98.14,K-12
,Public,Puyallup Online Academy,1501 39th Ave SW,Pierce,95.59,K-12
,Public,Puyallup Open Doors,1501 39th Ave SW,Pierce,96.18,K-12
,Public,Puyallup Parent Partnership Program,1501 39th Ave SW,Pierce,95.05,K-12
,Public,Quartzite Learning,106 W Lincoln Ave,Stevens,85.83,K-12
,Public,Queen Anne Elementary,2100 4th Ave N,King,98.81,K-12
,Private,Queen of Angels Catholic School,1007 S Oak St,Clallam,96.34,K-12
,Public,Queets-Clearwater Elementary,146000 Highway 101,Clallam,97.14,K-12
,Public,Quil Ceda Tulalip Elementary,2415 74th St NE,Snohomish,89.39,K-12
,Public,Quilcene High and Elementary,294715 US Highway 101,Jefferson,82.72,K-12
,Public,Quincy High School,403 Jackrabbit St NE,Grant,97.74,K-12
,Public,Quincy Innovation Academy,1804 13th Ave SW,Grant,96.69,K-12
,Public,Quincy Innovation Academy Big Picture,1804 13th Ave SW,Grant,96.77,K-12
,Public,Quincy Middle School,16 6th Ave SE,Grant,98.08,K-12
,Public,R A Long High School,2903 Nichols Blvd,Cowlitz,98.04,K-12
,Public,Rainier Beach High School,8815 Seward Park Ave S,King,93.3,K-12
,Public,Rainier Elementary School,600 3rd St W,Thurston,88.26,K-12
,Public,Rainier Elementary School,2410 Stryker Ave,Pierce,90.66,K-12
,Public,Rainier Middle School,202 2nd St SE,Thurston,93.86,K-12
,Public,Rainier Middle School,30620 116th Ave SE,King,95.92,K-12
,Public,Rainier Prep,10211 12th Ave S,King,97.25,K-12
,Public,Rainier Senior High School,308 2nd St W,Thurston,92.83,K-12
,Public,Rainier Valley Leadership Academy,6020 Rainier Ave S,King,89.36,K-12
,Public,Rainier View Elementary School,11650 Beacon Ave S,King,92.26,K-12
,Public,Raisbeck Aviation High School,9229 E Marginal Way S,King,99.48,K-12
,Public,Ray Reynolds Middle School,9507 Burns Rd,Franklin,97.68,K-12
,Public,Raymond Elementary School,1016 Commercial St,Pacific,95.83,K-12
,Public,Raymond Jr Sr High School,1016 Commercial St,Pacific,96.17,K-12
,Public,Reardan Elementary School,250 S Aspen St,Lincoln,90.51,K-12
,Public,Reardan Middle-Senior High School,215 E Spokane Ave,Lincoln,90.22,K-12
,Public,Reardan Options Program,215 E Spokane Ave,Lincoln,75.86,K-12
,Public,Red Comet,237 NE Chkalov Dr,Clark,74.96,K-12
,Public,Red Rock Elementary,230 Wildflower St NE,Grant,95.97,K-12
,Private,Redeemer Christian School - Renton,15717 152nd Ave SE,King,88.06,K-12
,Public,Redmond Elementary,16800 NE 80th St,King,95.22,K-12
,Public,Redmond High,17272 NE 104th St,King,98.34,K-12
,Public,Redmond Middle School,10055 166th Ave NE,King,98.62,K-12
,Public,Reed Elementary School,1802 S 36th St,Pierce,94.67,K-12
,Public,Reeves Middle School,2200 Quince St NE,Thurston,95.15,K-12
,Public,Regal Elementary,2707 E Rich Ave,Spokane,95.18,K-12
,Public,Renaissance Alternative High School,3400 1st St,Kitsap,90.59,K-12
,Public,Renaissance School,400 228th Ave NE,King,98.73,K-12
,Public,Renton Academy,2607 Jones Ave S,King,96.55,K-12
,Public,Renton Park Elementary School,16828 128th Ave SE,King,94.05,K-12
,Private,Renton Preparatory Christian School,200 Mill Ave S,King,100.0,K-12
,Public,Renton Senior High School,400 S 2nd St,King,97.55,K-12
,Public,Republic Elementary School,30306 E Highway 20,Ferry,86.52,K-12
,Public,Republic Middle School,30306 E Highway 20,Ferry,95.45,K-12
,Public,Republic Parent Partner,30306 E Highway 20,Ferry,100.0,K-12
,Public,Republic Senior High School,30306 E Highway 20,Ferry,93.64,K-12
,Public,Richard Gordon Elementary,26331 Barber Cut Off Rd NE,Kitsap,96.67,K-12
,Public,Richland High School,930 Long Ave,Benton,97.28,K-12
,Private,Ridge Christian Academy,3827 Maltby Rd,Snohomish,62.86,K-12
,Public,Ridge View Elementary School,7001 W 13th Ave,Benton,95.42,K-12
,Public,Ridgecrest Elementary,16516 10th Ave NE,King,99.51,K-12
,Public,Ridgecrest Elementary,12616 Shaw Rd E,Pierce,97.14,K-12
,Public,Ridgefield High School,2630 S Hillhurst Rd,Clark,93.26,K-12
,Public,Ridgeline High School,20150 E Country Vista Dr,Spokane,91.75,K-12
,Public,Ridgeline Middle School,10605 Carter St SE,Thurston,96.77,K-12
,Public,Ridgetop Middle School,10600 Hillsboro Dr NE,Kitsap,98.69,K-12
,Public,Ridgeview Elementary,609 W Washington Ave,Yakima,97.73,K-12
,Public,Ridgeview Elementary,5610 N Maple St,Spokane,94.39,K-12
,Public,Ridgewood Elementary School,18030 162nd Pl SE,King,97.74,K-12
,Private,Risalah School of Excellence,16016 118th Pl NE,King,96.67,K-12
,Public,Risdon Middle School,6928 116th Ave SE,King,98.37,K-12
,Public,Rising Star Elementary School,8311 Beacon Ave S,King,95.68,K-12
,Public,Ritzville Grade School,401 E 6th Ave,Adams,90.98,K-12
,Public,Ritzville High School,209 E Wellsandt Rd,Adams,100.0,K-12
,Public,River HomeLink,610A SW Eaton Blvd,Clark,76.45,K-12
,Public,River Ridge Elementary,22420 Military Rd S,King,94.15,K-12
,Public,River Ridge High School,350 River Ridge Dr SE,Thurston,97.05,K-12
,Public,Riverbend Elementary School,17720 E Mission Ave,Spokane,88.22,K-12
,Public,Rivers Edge High School,975 Gillespie St,Benton,96.85,K-12
,Private,Riverside Christian School - Washougal,463 N Shepherd Rd,Clark,71.43,K-12
,Private,Riverside Christian School - Yakima,721 Keys Rd,Yakima,90.57,K-12
,Public,Riverside Elementary,3802 E Deer Park Milan Rd,Spokane,85.2,K-12
,Public,Riverside High School,4120 E Deer Park Milan Rd,Spokane,94.56,K-12
,Public,Riverside Independent Scholar,34515 N Newport Hwy,Spokane,80.26,K-12
,Public,Riverside Middle School,3814 E Deer Park Milan Rd,Spokane,93.27,K-12
,Public,Riverview Elementary,7322 64th St SE,Snohomish,94.82,K-12
,Public,Riverview Elementary School,12601 SE Riveridge Dr,Clark,95.45,K-12
,Public,Robert Eagle Staff Middle School,1330 N 90th St,King,98.19,K-12
,Public,Robert Frost Elementary,1915 N 22nd Ave,Franklin,99.29,K-12
,Public,Robert Gray Elementary,1516 N B St,Grays Harbor,97.25,K-12
,Public,Robert Gray Elementary,4622 Ohio St,Cowlitz,95.93,K-12
,Public,Robert L Olds Junior High School,1100 W Clark St,Franklin,99.69,K-12
,Public,Robert Lince Early Learning Center,208 S 3rd St,Yakima,92.83,K-12
,Public,Robertson Elementary,2807 W Lincoln Ave,Yakima,98.07,K-12
,Public,Rochester High School,19800 Carper Rd SW,Thurston,95.13,K-12
,Public,Rochester Middle School,9937 Highway 12 SW,Thurston,97.96,K-12
,Public,Rochester Primary School,7440 James Rd SW,Thurston,92.74,K-12
,Public,Rock Creek Elementary,25700 Maple Valley Black Diamond Rd SE,King,95.95,K-12
,Public,Rock Island Elementary,5645 Rock Island Rd,Douglas,98.66,K-12
,Public,Rockwell Elementary,11125 162nd Ave NE,King,99.48,K-12
,Public,Rocky Ridge Elementary,6514 260th St E,Pierce,95.21,K-12
,Private,Rogers Adventist School,200 SW Academy Way,Walla Walla,91.56,K-12
,Public,Rogers High School,1622 E Wellesley Ave,Spokane,96.5,K-12
,Public,Rogers High School,12801 86th Ave E,Pierce,98.06,K-12
,Public,Roosevelt Elementary,333 W 14th Ave,Spokane,95.4,K-12
,Public,Roosevelt Elementary,701 E Ave,Yakima,96.3,K-12
,Public,Roosevelt Elementary School,2900 Yew St,Whatcom,94.15,K-12
,Public,Roosevelt Elementary School,3550 E Roosevelt Ave,Pierce,98.27,K-12
,Public,Roosevelt Elementary School,120 N 16th Ave,Yakima,98.83,K-12
,Public,Roosevelt Elementary School,1417 San Francisco Ave NE,Thurston,95.72,K-12
,Public,Roosevelt Elementary School,615 Chinook Ave,Klickitat,100.0,K-12
,Public,Roosevelt Elementary School,2921 Falk Rd,Clark,89.25,K-12
,Public,Roosevelt Elementary School,106 Monroe Rd,Clallam,92.65,K-12
,Public,Roosevelt High School,1410 NE 66th St,King,98.74,K-12
,Public,Rooted School Vancouver,10401 NE Fourth Plain Blvd,Clark,92.31,K-12
,Private,Roots Community School,503 E Highland Ave,Chelan,76.92,K-12
,Public,Rosa Parks Elementary,22845 NE Cedar Park Cres,King,99.05,K-12
,Public,Rosalia Elementary & Secondary School,916 S Josephine Ave,Whitman,96.99,K-12
,Public,Rosalind Franklin STEM Elementary,6010 Road 52,Franklin,95.92,K-12
,Public,Rose Hill Elementary,8044 128th Ave NE,King,98.57,K-12
,Public,Rose Hill Middle School,13505 NE 75th St,King,98.73,K-12
,Public,Rose Valley Elementary,404 Long Ave,Cowlitz,93.12,K-12
,Public,Rowena Chess Elementary,715 N 24th Ave,Franklin,97.94,K-12
,Public,Roxhill Elementary School,7740 34th Ave SW,King,89.36,K-12
,Public,Roy Elementary,340 Peterson St S,Pierce,93.9,K-12
,Public,Royal High School,955 Ahlers Ave N,Grant,99.33,K-12
,Public,Royal Intermediate School,6261 Road 12 SW,Grant,98.1,K-12
,Public,Royal Middle School,921 Ahlers Ave N,Grant,99.64,K-12
,Public,Ruby Bridges Elementary,20510 49th Dr SE,King,98.94,K-12
,Public,Rush Elementary,6101 152nd Ave NE,King,98.99,K-12
,Public,Ruth Bader Ginsburg Elementary School,8408 NE 25th Ave,Clark,96.31,K-12
,Public,Ruth Livingston Elementary,2515 Road 84,Franklin,96.7,K-12
,Public,Sacajawea Elementary,535 Fuller St,Benton,95.7,K-12
,Public,Sacajawea Elementary School,9501 20th Ave NE,King,97.04,K-12
,Public,Sacajawea Elementary School,700 NE 112th St,Clark,88.37,K-12
,Public,Sacajawea Middle School,401 E 33rd Ave,Spokane,95.41,K-12
,Public,Sacajawea Middle School,1101 S Dash Point Rd,King,97.05,K-12
,Private,Sacred Heart School,9450 NE 14th St,King,99.76,K-12
,Public,Saddle Mountain Elementary,500 N Riverview Ave,Grant,98.91,K-12
,Private,Saddle Mountain School,66 S 1st Ave,Adams,100.0,K-12
,Public,Sadie Halstead Middle School,331 S Calispel Ave,Pend Oreille,90.41,K-12
,Public,Sage Crest Elementary,6411 W 38th Ave,Benton,93.95,K-12
,Public,Sage Hills Open Doors Youth Re-Engagement Program,333 4th Ave NW,Grant,89.47,K-12
,Public,Sage Point Elementary School,4000 W Peninsula Dr,Grant,94.83,K-12
,Public,Sageview High School,6091 Burns Rd,Franklin,98.26,K-12
,Private,Saint Cecilia Catholic School,1310 Madison Ave N,Kitsap,99.13,K-12
,Private,Saint George's School,2929 W Waikiki Rd,Spokane,94.34,K-12
,Public,Saint Helens Elementary,431 27th Ave,Cowlitz,97.33,K-12
,Private,Saint Joseph Catholic School,600 Saint Joseph Pl,Chelan,98.64,K-12
,Private,Saint Mary School,518 N H St,Grays Harbor,84.54,K-12
,Private,Saint Patrick Catholic School,1112 N G St,Pierce,95.92,K-12
,Public,Sakai Intermediate,9343 Sportsman Club Rd NE,Kitsap,99.11,K-12
,Public,Salem Woods Elementary School,12802 Wagner Rd,Snohomish,93.65,K-12
,Public,Salish Coast Elementary,1637 Grant St,Jefferson,94.75,K-12
,Public,Salish Middle School,8605 Campus Glen Dr NE,Thurston,96.13,K-12
,Private,Salish Sea Deaf School,1043 Goldenrod Rd,Skagit,100.0,K-12
,Public,Salk Middle School,6411 N Alberta St,Spokane,97.01,K-12
,Public,Salmon Bay K-8 School,1810 NW 65th St,King,99.49,K-12
,Public,Salmon Creek Elementary,1601 NE 129th St,Clark,93.54,K-12
,Private,Salmonberry School,867 N Beach Rd,San Juan,100.0,K-12
,Public,Salnave Elementary,1015 Salnave Rd,Spokane,91.12,K-12
,Public,Saltars Point Elementary,908 3rd St,Pierce,94.59,K-12
,Private,Salvation Christian Academy,10622 8th St E,Pierce,20.55,K-12
,Public,Samish Elementary School,23953 Prairie Rd,Skagit,90.68,K-12
,Public,Sammamish Senior High,100 140th Ave SE,King,93.63,K-12
,Public,Sand Hill Elementary,791 NE Sand Hill Rd,Mason,92.97,K-12
,Public,Sand Point Elementary,6208 60th Ave NE,King,95.3,K-12
,Public,Sandburg Elementary,12801 84th Ave NE,King,98.37,K-12
,Public,Sanislo Elementary School,1812 SW Myrtle St,King,94.4,K-12
,Public,Sarah J Anderson Elementary,2215 NE 104th St,Clark,92.59,K-12
,Public,Saratoga School,7600 272nd St NW,Snohomish,77.38,K-12
,Private,Sarodgini Children's Academy,1919 152nd Pl NE,King,100.0,K-12
,Public,Sartori Elementary School,332 Park Ave N,King,98.62,K-12
,Public,Satsop Elementary,853 Monte Elma Rd,Grays Harbor,98.18,K-12
,Public,Satus Elementary,910 S Camas Ave,Yakima,98.34,K-12
,Public,Sawyer Woods Elementary School,31135 228th Ave SE,King,94.28,K-12
,Public,SCCP Images,1810 N Greene St,Spokane,90.32,K-12
,Public,Scenic Hill Elementary School,26025 Woodland Way S,King,94.03,K-12
,Public,School to Life,15111 E Sprague Ave,Spokane,97.83,K-12
,Public,Science and Math Institute,5501 N Pearl St,Pierce,98.67,K-12
,Public,Scootney Springs Elementary,695 S 14th Ave,Adams,98.85,K-12
,Public,Scriber Lake High School,23200 100th Ave W,Snohomish,97.26,K-12
,Public,SE Area Technical Skills Center,525 Campus Loop,Walla Walla,94.44,K-12
,Private,Seabury School,1801 53rd St NE,Pierce,94.92,K-12
,Public,Seahurst Elementary School,14603 14th Ave SW,King,96.36,K-12
,Private,Seattle Academy of Arts and Sciences,1201 E Union St,King,97.95,K-12
,Private,Seattle Amistad School,1501 10th Ave E,King,93.42,K-12
,Private,Seattle Area German American School,11010 Greenwood Ave N,King,94.81,K-12
,Private,Seattle Christian School,18301 Military Rd S,King,94.51,K-12
,Private,Seattle Classical Christian School,810 18th Ave,King,92.17,K-12
,Private,Seattle Country Day School,2619 4th Ave N,King,99.76,K-12
,Private,Seattle Girls' School,1700 24th Ave S,King,99.04,K-12
,Private,Seattle Hebrew Academy,1617 Interlaken Dr E,King,98.47,K-12
,Public,Seattle Hill Elementary,12711 51st Ave SE,Snohomish,94.25,K-12
,Private,Seattle Jewish Community School,7217 Woodlawn Ave NE,King,100.0,K-12
,Private,Seattle Preparatory School,2400 11th Ave E,King,100.0,K-12
,Private,Seattle VocTech School,15044 SE 44th Pl,King,100.0,K-12
,Private,Seattle Waldorf School,2728 NE 100th St,King,94.93,K-12
,Public,Seattle World School,1700 E Union St,King,96.94,K-12
,Public,Seaview Academy,905 W 9th St,Clallam,89.02,K-12
,Public,Seaview Elementary,8426 188th St SW,Snohomish,97.12,K-12
,Public,Secondary Academy for Success,22107 23rd Dr SE,Snohomish,100.0,K-12
,Public,Sedro Woolley Senior High School,1235 3rd St,Skagit,97.7,K-12
,Public,Sehome High School,2700 Bill McDonald Pkwy,Whatcom,95.23,K-12
,Public,Selah Academy Auxiliary,316 W Naches Ave,Yakima,96.97,K-12
,Public,Selah High School,801 N 1st St,Yakima,97.96,K-12
,Public,Selah High School Online,316 W Naches Ave,Yakima,97.87,K-12
,Public,Selah HomeLink,308 W Naches Ave,Yakima,92.31,K-12
,Public,Selah Intermediate School,1401 W Fremont Ave,Yakima,96.8,K-12
,Public,Selah Middle School,411 N 1st St,Yakima,98.16,K-12
,Public,Selah Open Doors,316 W Naches Ave,Yakima,100.0,K-12
,Public,Selkirk Elementary,219 Park St,Pend Oreille,87.25,K-12
,Public,Selkirk High School,10372 Highway 31,Pend Oreille,96.25,K-12
,Public,Selkirk Middle School,10372 Highway 31,Pend Oreille,94.44,K-12
,Public,Selkirk Middle School,1409 N Harvest Pkwy,Spokane,93.47,K-12
,Public,Sentinel Tech Alt School,505 N Boundary Ave,Grant,97.73,K-12
,Public,Sequim Middle School,301 W Hendrickson Rd,Clallam,90.46,K-12
,Public,Sequim Senior High,601 N Sequim Ave,Clallam,92.25,K-12
,Public,Sequoia High School,3516 Rucker Ave,Snohomish,90.61,K-12
,Public,Sequoyah Middle School,3425 S 360th St,King,93.96,K-12
,Public,Serene Lake Elementary,4709 Picnic Point Rd,Snohomish,95.81,K-12
,Public,Seth Woodard Elementary,7401 E Mission Ave,Spokane,92.71,K-12
,Private,Seton Catholic College Preparatory High School,9000 NE 64th Ave,Clark,98.62,K-12
,Public,Seven Oaks Elementary,1800 7 Oaks Rd SE,Thurston,96.6,K-12
,Public,Shadle Park High School,4327 N Ash St,Spokane,97.0,K-12
,Public,Shadow Lake Elementary,22620 Sweeney Rd SE,King,93.3,K-12
,Public,Shahala Middle School,601 SE 192nd Ave,Clark,96.27,K-12
,Public,Sharpstein Elementary School,410 Howard St,Walla Walla,96.2,K-12
,Public,Shaw Middle School,4106 N Cook St,Spokane,95.65,K-12
,Public,Shaw Road Elementary,1106 Shaw Rd,Pierce,95.18,K-12
,Public,Shelton High School,3737 N Shelton Springs Rd,Mason,95.81,K-12
,Public,Shelton Open Doors,133 W Railroad Ave,Mason,7.69,K-12
,Public,Shelton View Elementary,23400 5th Ave W,Snohomish,98.53,K-12
,Public,Sheridan Elementary School,5317 McKinley Ave,Pierce,97.15,K-12
,Public,Sherman Elementary School,4415 N 38th St,Pierce,96.59,K-12
,Public,Sherwood Elementary,22901 106th Ave W,Snohomish,98.2,K-12
,Public,Sherwood Forest Elementary,16411 NE 24th St,King,95.38,K-12
,Public,Sherwood Forest Elementary School,34600 12th Ave SW,King,91.74,K-12
,Public,Shiloh Hills Elementary,13120 N Pittsburg St,Spokane,97.07,K-12
,Public,Shining Mountain Elementary,21615 38th Ave E,Pierce,96.23,K-12
,Public,Shorecrest High School,15343 25th Ave NE,King,97.1,K-12
,Private,Shoreline Christian School,2400 NE 147th St,King,92.21,K-12
,Public,Shorewood Elementary,2725 SW 116th St,King,96.14,K-12
,Public,Shorewood High School,17300 Fremont Ave N,King,98.48,K-12
,Public,Shoultes Elementary,13525 51st Ave NE,Snohomish,97.73,K-12
,Public,Showalter Middle School,4628 S 144th St,King,97.37,K-12
,Public,Shuksan Middle School,2717 Alderwood Ave,Whatcom,94.52,K-12
,Public,Sidney Glen Elementary School,500 SW Birch Rd,Kitsap,96.74,K-12
,Public,Sierra Heights Elementary School,9901 132nd Ave SE,King,96.85,K-12
,Public,Sierra Vista Middle School,916 N 16th St,Yakima,99.62,K-12
,Public,Sifton Elementary School,7301 NE 137th Ave,Clark,90.91,K-12
,Public,Silver Beach Elementary School,4101 Academy St,Whatcom,96.88,K-12
,Public,Silver Firs Elementary,5909 146th Pl SE,Snohomish,97.51,K-12
,Public,Silver Lake Elementary - Everett,12815 Bothell Everett Hwy,Snohomish,91.06,K-12
,Public,Silver Lake Elementary School,1310 SW 325th Pl,King,88.6,K-12
,Public,Silver Ridge Elementary,10622 Hillsboro Dr NE,Kitsap,96.55,K-12
,Public,Silver Star Elementary School,10500 NE 86th St,Clark,92.18,K-12
,Public,Silverdale Elementary,9100 Dickey Rd NW,Kitsap,96.1,K-12
,Private,Silverwood School,14000 Central Valley Rd NW,Kitsap,89.89,K-12
,Public,Simcoe Elementary School,1307 S Camas Ave,Yakima,98.08,K-12
,Public,Simpson Avenue Elementary,519 W Simpson Ave,Grays Harbor,93.37,K-12
,Public,Skagit Academy,2001 Cleveland Ave,Skagit,82.1,K-12
,Private,Skagit Adventist Academy,530 N Section St,Skagit,89.29,K-12
,Public,Skamania Elementary,122 Butler Loop Rd,Skamania,92.17,K-12
,Public,Skill Source,233 N Chelan Ave,Chelan,100.0,K-12
,Public,Sky Valley Education Center,351 Short Columbia St,Snohomish,77.92,K-12
,Public,Sky Valley Options,1000 Turk Dr,Snohomish,94.74,K-12
,Public,Skykomish Elementary School,105 N 6th St,King,100.0,K-12
,Private,Skylar Education Academy,7535 W Kennewick Ave,Benton,100.0,K-12
,Public,Skyline Elementary,1033 91st Ave SE,Snohomish,96.04,K-12
,Public,Skyline Elementary,9911 N Bob Olson Ln,Spokane,97.58,K-12
,Public,Skyline Elementary School,2301 N Mildred St,Pierce,96.27,K-12
,Public,Skyline Elementary School,2225 Thornton St,Whatcom,94.03,K-12
,Public,Skyline High School,1122 228th Ave SE,King,97.89,K-12
,Public,Skyridge Middle School,5220 NW Parker St,Clark,97.32,K-12
,Public,Skyview High School,1300 NW 139th St,Clark,93.14,K-12
,Public,Skyview Middle School,21404 35th Ave SE,Snohomish,99.1,K-12
,Public,Smith Elementary,23305 NE 14th St,King,98.96,K-12
,Public,Smith Elementary School,205 Fir St,Yakima,100.0,K-12
,Public,Snohomish Center,1601 Avenue D,Snohomish,100.0,K-12
,Public,Snohomish High School,1316 5th St,Snohomish,95.95,K-12
,Public,Snoqualmie Elementary,39801 SE Park St,King,98.79,K-12
,Public,Snoqualmie Middle School,9200 Railroad Ave SE,King,99.78,K-12
,Public,Snoqualmie Parent Partnership Program,9200 Railroad Ave SE,King,92.81,K-12
,Private,Snoqualmie Springs School,25237 SE Issaquah Fall City Rd,King,98.57,K-12
,Public,Soap Lake Elementary,410 Ginkgo St S,Grant,78.49,K-12
,Public,Soap Lake Middle & High School,410 Ginkgo St S,Grant,87.5,K-12
,Public,Somerset Elementary School,14100 Somerset Blvd SE,King,94.19,K-12
,Private,Sonshine Christian School,2711 NE Andresen Rd,Clark,93.65,K-12
,Public,Soos Creek Elementary School,12651 SE 218th Pl,King,96.4,K-12
,Private,Soundview School,6515 196th St SW,Snohomish,98.37,K-12
,Public,South Bay Elementary,3845 Sleater Kinney Rd NE,Thurston,96.56,K-12
,Public,South Bend High School,400 1st St E,Pacific,96.31,K-12
,Public,South Colby Elementary,3281 Banner Rd SE,Kitsap,95.8,K-12
,Public,South Kitsap High School,425 Mitchell Ave,Kitsap,98.91,K-12
,Public,South Pines Elementary,12021 E 24th Ave,Spokane,89.52,K-12
,Public,South Ridge Elementary,502 NW 199th St,Clark,93.77,K-12
,Public,South Shore PK-8 School,4800 S Henderson St,King,95.85,K-12
,Public,South Whidbey Elementary,5380 Maxwelton Rd,Island,92.25,K-12
,Public,South Whidbey High School,5675 Maxwelton Rd,Island,97.22,K-12
,Public,South Whidbey Middle School,5675 Maxwelton Rd,Island,92.28,K-12
,Public,Southgate Elementary School,3121 W 19th Ave,Benton,97.57,K-12
,Public,Southridge High School,3520 Southridge Blvd,Benton,98.78,K-12
,Private,Southside Christian School,401 E 30th Ave,Spokane,75.49,K-12
,Public,Southside Elementary,161 SE Collier Rd,Mason,93.6,K-12
,Public,Southwood Elementary School,3240 McDougall Ave,King,87.78,K-12
,Public,Southworth Elementary,402 Yelm Ave W,Thurston,95.87,K-12
,Public,Spanaway Elementary,412 165th St S,Pierce,97.11,K-12
,Public,Spanaway Lake High School,1305 168th St E,Pierce,97.32,K-12
,Public,Spanaway Middle School,15701 B St E,Pierce,97.28,K-12
,Private,Spanish With Sarah,2204 NE Birch St,Clark,94.32,K-12
,Public,Special Services,1294 Chestnut St,Asotin,92.31,K-12
,Public,Spinning Elementary,1306 E Pioneer,Pierce,97.29,K-12
,Public,Spiritridge Elementary School,16401 SE 24th St,King,96.22,K-12
,Private,Spokane Christian Academy,8909 E Bigelow Gulch Rd,Spokane,59.42,K-12
,Public,Spokane International Academy,777 E Magnesium Rd,Spokane,92.65,K-12
,Public,Spokane Public Montessori,1300 W Knox Ave,Spokane,86.92,K-12
,Private,Spokane Valley Adventist School,1603 S Sullivan Rd,Spokane,79.41,K-12
,Public,Spokane Valley High School,2011 N Hutchinson Rd,Spokane,92.66,K-12
,Public,Spokane Valley Tech,115 S University Rd,Spokane,98.11,K-12
,Public,Spokane Virtual Academy,2904 E Sprague Ave,Spokane,88.98,K-12
,Public,Sprague Elementary,512 S F St,Lincoln,93.33,K-12
,Public,Sprague High School,614 W 5th St,Lincoln,95.83,K-12
,Private,Spring of Life Christian Academy,4711 116th St SW,Snohomish,14.71,K-12
,Public,Springbrook Elementary School,20035 100th Ave SE,King,93.5,K-12
,Public,Springdale Elementary,500 N 4th St,Stevens,80.35,K-12
,Public,Springdale Middle School,500 N 4th St,Stevens,87.88,K-12
,Public,Spruce Elementary,17405 Spruce Way,Snohomish,92.95,K-12
,Private,Spruce Street School,914 Virginia St,King,100.0,K-12
,Public,Squalicum High School,3773 E McLeod Rd,Whatcom,95.58,K-12
,Public,St John Elementary,301 W Nob Hill Rd,Whitman,87.72,K-12
,Public,St John/Endicott High,301 W Nob Hill Rd,Whitman,96.3,K-12
,Private,St. Aloysius School,611 E Mission Ave,Spokane,94.12,K-12
,Private,St. Alphonsus Parish School,5816 15th Ave NW,King,94.85,K-12
,Private,St. Anne School,101 W Lee St,King,98.56,K-12
,Private,St. Anthony Elementary School,336 Shattuck Ave S,King,97.71,K-12
,Private,St. Benedict Catholic School,4811 Wallingford Ave N,King,97.96,K-12
,Private,St. Bernadette School,1028 SW 128th St,King,98.11,K-12
,Private,St. Brendan's Catholic School,10049 NE 195th St,King,93.85,K-12
,Private,St. Catherine of Siena School,8524 8th Ave NE,King,99.07,K-12
,Private,St. Charles Borromeo Catholic School,7112 S 12th St,Pierce,93.7,K-12
,Private,St. Frances Cabrini School,5621 108th St SW,Pierce,94.78,K-12
,Private,St. Francis of Assisi School,15216 21st Ave SW,King,99.79,K-12
,Private,St. George Parish School,5117 13th Ave S,King,99.58,K-12
,Private,St. John Catholic School,120 N 79th St,King,98.82,K-12
,Private,St. John of Kronstadt Orthodox Christian School,706 Stewart St,Yakima,31.03,K-12
,Private,St. John Vianney Catholic School,501 N Walnut Rd,Spokane,90.43,K-12
,Private,St. Joseph Catholic School,6500 Highland Dr,Clark,100.0,K-12
,Private,St. Joseph Marquette Catholic School,202 N 4th St,Yakima,98.26,K-12
,Private,St. Joseph Parish School,220 Mountain Park Blvd SW,King,100.0,K-12
,Private,St. Joseph Parish School - Issaquah,220 Mountain Park Blvd SW,King,100.0,K-12
,Private,St. Joseph School,700 18th Ave E,King,99.31,K-12
,Private,St. Joseph School,123 SW 6th St,Lewis,96.06,K-12
,Private,St. Joseph's Catholic School,901 W 4th Ave,Benton,96.95,K-12
,Private,St. Louise School,133 156th Ave SE,King,100.0,K-12
,Private,St. Luke School,17533 Saint Luke Pl N,King,97.95,K-12
,Private,St. Madeleine Sophie School,4400 130th Pl SE,King,97.06,K-12
,Private,St. Mark School,18033 15th Pl NE,King,92.16,K-12
,Private,St. Mary Catholic School,14601 E 4th Ave,Spokane,94.5,K-12
,Private,St. Mary Magdalen School,8615 7th Ave SE,Snohomish,96.25,K-12
,Private,St. Mary's Academy,757 138th St S,Pierce,33.33,K-12
,Private,St. Matthew Lutheran School,6917 N Country Homes Blvd,Spokane,62.73,K-12
,Private,St. Matthew School,1230 NE 127th St,King,100.0,K-12
,Private,St. Michael Catholic School,1514 Pine Ave,Snohomish,96.58,K-12
,Private,St. Michael Parish School,1204 11th Ave SE,Thurston,99.75,K-12
,Private,St. Michael's Academy,8500 N Saint Michaels Rd,Spokane,35.87,K-12
,Private,St. Monica Catholic School,4320 87th Ave SE,King,91.79,K-12
,Private,St. Nicholas Catholic School,3555 Edwards Dr,Pierce,96.15,K-12
,Private,St. Paul's Lutheran School,312 Palouse St,Chelan,86.05,K-12
,Private,St. Philomena School,1815 S 220th St,King,99.62,K-12
,Private,St. Rose of Lima Catholic School,520 Nat Washington Way,Grant,100.0,K-12
,Private,St. Rose School,720 26th Ave,Cowlitz,91.49,K-12
,Private,St. Therese Catholic Academy,900 35th Ave,King,94.03,K-12
,Private,St. Thomas More School,6511 176th St SW,Snohomish,95.95,K-12
,Private,St. Thomas School,8300 NE 12th St,King,97.32,K-12
,Private,St. Vincent de Paul School,30527 8th Ave S,King,100.0,K-12
,Public,Stadium High School,111 N E St,Pierce,98.33,K-12
,Public,Stahl Junior High,9610 168th Street Ct E,Pierce,98.71,K-12
,Public,Stanley Elementary School,1712 S 17th St,Pierce,95.13,K-12
,Public,Stanton Academy,802 River Rd,Yakima,100.0,K-12
,Public,Stanwood Elementary School,10227 273rd Pl NW,Snohomish,91.07,K-12
,Public,Stanwood High School,7400 272nd St NW,Snohomish,94.57,K-12
,Public,Stanwood Middle School,9405 271st St NW,Snohomish,95.15,K-12
,Public,Star Elementary School,24180 Pasco Kahlotus Rd,Franklin,90.91,K-12
,Public,Star Lake Elementary School,26812 40th Ave S,King,97.92,K-12
,Public,Starbuck School,717 Tucannon St,Columbia,84.62,K-12
,Public,State Street High School,800 State St,Skagit,96.58,K-12
,Public,Stehekin Elementary,3 Mile Main Valley Rd,Chelan,66.67,K-12
,Public,Steilacoom High,54 Sentinel Dr,Pierce,92.28,K-12
,Public,Stella Schola,13505 NE 75th St,King,98.88,K-12
,Public,Steptoe Elementary School,12 Tennessee St,Whitman,96.3,K-12
,Public,Sterling Junior High School,600 N James Ave,Douglas,99.1,K-12
,Public,Stevens Creek Elementary,9317 29th St NE,Snohomish,95.44,K-12
,Public,Stevens Elementary,1717 E Sinto Ave,Spokane,92.04,K-12
,Public,Stevens Elementary School,1242 18th Ave E,King,97.79,K-12
,Public,Stevens Elementary School,301 S Farragut St,Grays Harbor,95.59,K-12
,Public,Stevens Middle School,1139 W 14th St,Clallam,96.75,K-12
,Public,Stevens Middle School,1120 N 22nd Ave,Franklin,99.65,K-12
,Public,Stevenson Elementary,14220 NE 8th St,King,88.82,K-12
,Public,Stevenson High School,390 NW Gropper Rd,Skamania,98.02,K-12
,Public,Stewart Elementary,426 4th Ave NE,Pierce,94.68,K-12
,Public,Stewart Middle School,5010 Pacific Ave,Pierce,97.44,K-12
,Public,Stillaguamish Valley Learning Center,1215 E 5th St,Snohomish,83.88,K-12
,Private,Stillpoint School,775 Park St,San Juan,90.0,K-12
,Public,Stillwater Elementary,11530 320th Ave NE,King,96.79,K-12
,Public,Stratton Elementary,1201 W 5th St,Pend Oreille,82.56,K-12
,Public,Student Link,9600 SW 204th St,King,89.58,K-12
,Public,Sultan Elementary School,501 Date Ave,Snohomish,95.69,K-12
,Public,Sultan Middle School,301 High Ave,Snohomish,96.73,K-12
,Public,Sultan Senior High School,1000 Turk Dr,Snohomish,96.55,K-12
,Public,Sultan Virtual Academy,514 4th St,Snohomish,96.3,K-12
,Public,Sumas Elementary,1024 Lawson St,Whatcom,91.45,K-12
,Private,Summit Classical Christian School,1040 12th Ave NW,King,80.18,K-12
,Public,Summit Public School: Atlas,9601 35th Ave SW,King,93.83,K-12
,Public,Summit Public School: Sierra,210 S Hudson St,King,93.33,K-12
,Public,Summit School,13313 E Broadway Ave,Spokane,84.82,K-12
,Public,Summit Trail Middle School,25600 SE Summit Landsburg Rd,King,97.29,K-12
,Public,Summit Valley School,2360 Addy Gifford Rd,Stevens,85.39,K-12
,Public,Summit View High School,11104 NE 149th St,Clark,84.12,K-12
,Public,Summit Virtual Academy,305 College St NE,Thurston,96.65,K-12
,Public,Summitview Elementary,6305 W Chestnut Ave,Yakima,97.81,K-12
,Public,Sumner High School,1707 Main St,Pierce,97.57,K-12
,Public,Sumner Middle School,1508 Willow St,Pierce,97.53,K-12
,Public,Sun Valley Elementary,1220 N 16th St,Yakima,97.59,K-12
,Private,Sunbeams Lutheran School,23810 112th Ave SE,King,87.72,K-12
,Private,Sunfield Waldorf School,111 Sunfield Ln,Jefferson,71.07,K-12
,Public,Sunny Hills Elementary,3200 Issaquah Pine Lake Rd SE,King,98.48,K-12
,Public,Sunnycrest Elementary School,24629 42nd Ave S,King,95.54,K-12
,Public,Sunnycrest Elementary School,3411 99th Ave NE,Snohomish,95.13,K-12
,Public,Sunnyland Elementary School,2800 James St,Whatcom,92.91,K-12
,Private,Sunnyside Christian School,811 North Ave,Yakima,92.76,K-12
,Public,Sunnyside Elementary,3707 Sunnyside Blvd,Snohomish,91.27,K-12
,Public,Sunnyside Elementary,425 SW Shirley St,Whitman,99.65,K-12
,Public,Sunnyside High School,1110 S 6th St,Yakima,99.53,K-12
,Public,Sunnyslope Elementary School,3109 School St,Chelan,95.02,K-12
,Public,Sunnyslope Elementary School,4183 Sunnyslope Rd SW,Kitsap,96.38,K-12
,Private,Sunrise Beach School,1601 North St SE,Thurston,85.71,K-12
,Public,Sunrise Elementary,2323 39th Ave SE,Pierce,95.73,K-12
,Public,Sunrise Elementary,14603 E 24th Ave,Spokane,90.07,K-12
,Public,Sunrise Elementary,14075 172nd Ave NE,King,99.64,K-12
,Public,Sunrise Elementary School,22300 132nd Ave SE,King,94.45,K-12
,Public,Sunset Elementary,12824 W 12th Ave,Spokane,94.27,K-12
,Public,Sunset Elementary,4229 W Lake Sammamish Pkwy SE,King,95.71,K-12
,Public,Sunset Elementary School,9001 NE 95th St,Clark,83.2,K-12
,Public,Sunset Primary,4523 97th Ave W,Pierce,91.44,K-12
,Public,Sunset Ridge Intermediate School,3215 S Hillhurst Rd,Clark,97.36,K-12
,Public,Sunset View Elementary School,711 N Center Pkwy,Benton,95.93,K-12
,Public,Support School,33330 8th Ave S,King,91.3,K-12
,Public,Suquamish Elementary School,18950 Park Blvd NE,Kitsap,96.43,K-12
,Public,Surprise Lake Middle School,2001 Milton Way,Pierce,95.35,K-12
,Private,Swan School,2345 Kuhn St,Jefferson,94.44,K-12
,Public,Swift Water Elementary,10811 Harbor Hill Dr,Pierce,96.6,K-12
,Public,Sylvester Middle School,16222 Sylvester Rd SW,King,98.19,K-12
,Private,Tacoma Christian Academy,2014 S 15th St,Pierce,32.84,K-12
,Public,Tacoma Online Elementary School,302 S 9th St,Pierce,88.41,K-12
,Public,Tacoma Online High School,302 S 9th St,Pierce,96.92,K-12
,Public,Tacoma Online Middle School,302 S 9th St,Pierce,92.9,K-12
,Public,Tacoma Open Doors,1818 Tacoma Ave S,Pierce,94.09,K-12
,Public,Tacoma School of the Arts,302 S 9th St,Pierce,98.26,K-12
,Public,TAFA at Saghalie,33914 19th Ave SW,King,96.24,K-12
,Public,Taholah Elementary & Middle School,600 Chitwhin Dr,Grays Harbor,96.75,K-12
,Public,Taholah High School,600 Chitwhin Dr,Grays Harbor,100.0,K-12
,Public,Tahoma Elementary,24425 SE 216th St,King,93.07,K-12
,Public,Tahoma Open Doors,23499 SE Tahoma Way,King,90.77,K-12
,Public,Tahoma Senior High School,23499 SE Tahoma Way,King,96.67,K-12
,Public,Talbot Hill Elementary School,2300 Talbot Rd S,King,95.37,K-12
,Public,Talley High School,7800 S 132nd St,King,98.11,K-12
,Public,Tambark Creek Elementary School,4419 180th St SE,Snohomish,97.6,K-12
,Public,Tapteal Elementary School,705 N 62nd Ave,Benton,95.0,K-12
,Public,TEAM High School,759 3rd St,Cowlitz,92.98,K-12
,Public,Tehaleh Heights Elementary,17520 Berkeley Pkwy E,Pierce,95.74,K-12
,Public,Tekoa Elementary School,200 N Broadway St,Whitman,86.9,K-12
,Public,Tekoa High School,513 E Henkle St,Whitman,96.43,K-12
,Public,Tenino Elementary School,301 Old Highway 99 SE,Thurston,93.09,K-12
,Public,Tenino High School,500 2nd Ave W,Thurston,98.54,K-12
,Public,Tenino Middle School,301 Old Highway 99 SE,Thurston,95.76,K-12
,Public,Terminal Park Elementary School,1101 D St SE,King,93.62,K-12
,Public,Terrace Heights Elementary,101 N 41st St,Yakima,98.07,K-12
,Public,Terrace Park Elementary,5409 228th St SW,Snohomish,98.32,K-12
,Public,Tesla STEM High School,4301 228th Ave NE,King,99.84,K-12
,Private,The Attic Learning Community,24023 51st Ave SE,Snohomish,94.74,K-12
,Private,The Bear Creek School,8905 208th Ave NE,King,96.1,K-12
,Private,The Bridge School,10300 28th Ave SW,King,88.89,K-12
,Private,The Bush School,3400 E Harrison St,King,99.06,K-12
,Public,The Center School,305 Harrison St,King,98.78,K-12
,Private,The Clearwater School,1510 196th St SE,Snohomish,91.07,K-12
,Public,The Community School,1025 W Spofford Ave,Spokane,94.08,K-12
,Private,The Cor Deo School Lower,20 Tacoma Ave S,Pierce,88.76,K-12
,Private,The Cor Deo School Upper,409 N Tacoma Ave,Pierce,90.24,K-12
,Private,The Downtown School: A Lakeside School,160 John St,King,97.3,K-12
,Private,The Evergreen School,15201 Meridian Ave N,King,99.57,K-12
,Private,The Franklin Academy,1509 E Victor St,Whatcom,98.2,K-12
,Private,The Gardner School of Arts and Sciences,16413 NE 50th Ave,Clark,96.83,K-12
,Private,The Island School,8553 NE Day Rd E,Kitsap,98.75,K-12
,Private,The Jewish Day School of Metropolitan Seattle,15749 NE 4th St,King,98.46,K-12
,Private,The Lake and Park School,3201 Hunter Blvd S,King,98.04,K-12
,Private,The Little School,2812 116th Ave NE,King,98.86,K-12
,Private,The Madrone School (The Grady School),7735 178th Pl NE,King,89.66,K-12
,Private,The Meridian School,4649 Sunnyside Ave N,King,98.71,K-12
,Private,The Northwest School,1415 Summit Ave,King,97.5,K-12
,Public,The Outreach Program,26024 111th Ave SE,King,95.24,K-12
,Private,The Overlake School,20301 NE 108th St,King,99.38,K-12
,Private,The Perkins School,9005 Roosevelt Way NE,King,100.0,K-12
,Private,The River Academy,650 Crawford Ave,Chelan,84.77,K-12
,Private,The Robert Williams School of Arts & Sciences,1405 DuPont St,Whatcom,94.74,K-12
,Private,The Sammamish Montessori School,7655 178th Pl NE,King,96.43,K-12
,Public,The School at Pearl Youth Residence,815 S Pearl St,Pierce,100.0,K-12
,Private,The Valley School,318 30th Ave E,King,100.0,K-12
,Private,The Villa Academy,5001 NE 50th St,King,97.89,K-12
,Public,Thomas Jefferson High School,4248 S 288th St,King,95.89,K-12
,Public,Thomas Middle School,11509 Holden Rd SW,Pierce,98.89,K-12
,Public,Thompson Elementary School,1105 W 2nd St,Yakima,99.8,K-12
,Public,Thoreau Elementary,8224 NE 138th St,King,97.63,K-12
,Public,Thorndyke Elementary,4415 S 150th St,King,93.83,K-12
,Public,Thornton Creek Elementary School,7712 40th Ave NE,King,98.34,K-12
,Public,Thorp Elementary & Jr Sr High,10831 N Thorp Hwy,Kittitas,87.3,K-12
,Private,Three Rivers Christian School (Elementary and Early Learning Center),2610 Ocean Beach Hwy,Cowlitz,90.58,K-12
,Private,Three Rivers Christian School (Middle and High School),257 Alpha Dr,Cowlitz,96.0,K-12
,Public,Three Rivers Elementary,3901 Road 84,Franklin,85.97,K-12
,Public,Three Rivers Home Link,1710 Van Giesen St,Benton,90.88,K-12
,Public,Three Springs High School,12414 S Andrus Rd,Spokane,94.64,K-12
,Private,Three Tree Montessori School,220 SW 160th St,King,91.95,K-12
,Public,Thunder Mountain Middle School,42018 264th Ave SE,King,95.25,K-12
,Public,Thurgood Marshall Elementary,2401 S Irving St,King,93.93,K-12
,Public,Thurgood Marshall Middle School,3939 20th Ave NW,Thurston,94.75,K-12
,Public,Tieton Elementary School,711 Franklin Rd,Yakima,98.99,K-12
,Public,Tiffany Park Elementary School,1601 Lake Youngs Way SE,King,92.38,K-12
,Private,Tilden School,4105 California Ave SW,King,100.0,K-12
,Public,Tillicum Elementary School,8514 Maple St SW,Pierce,98.34,K-12
,Public,Tillicum Middle School,1280 160th Ave SE,King,95.91,K-12
,Public,Timber Ridge Elementary School,34412 SE Swenson Dr,King,99.03,K-12
,Public,Timbercrest Middle School,19115 215th Way NE,King,98.55,K-12
,Public,Timberline High School,6120 Mullen Rd SE,Thurston,98.59,K-12
,Public,Timberline Middle School,9900 Redmond Ridge Dr NE,King,98.83,K-12
,Private,TLC Montessori,21512 NE 16th St,King,100.0,K-12
,Public,Todd Beamer High School,35999 16th Ave S,King,91.5,K-12
,Public,Toledo Elementary School,311 S 6th St,Lewis,95.08,K-12
,Public,Toledo High School,1242 Wa-505,Lewis,98.81,K-12
,Public,Toledo Middle School,155 N 5th St,Lewis,97.5,K-12
,Public,Tolt Middle School,3740 Tolt Ave,King,96.55,K-12
,Public,Tonasket Choice High School,35 Highway 20,Okanogan,86.67,K-12
,Public,Tonasket Elementary School,35 Highway 20,Okanogan,89.98,K-12
,Public,Tonasket High School,35 Highway 20,Okanogan,95.45,K-12
,Public,Tonasket Middle School,35 Highway 20,Okanogan,95.85,K-12
,Public,Tonasket Outreach School,35 Highway 20,Okanogan,76.67,K-12
,Public,Toppenish High School,141 Ward Rd,Yakima,99.69,K-12
,Public,Toppenish Middle School,104 Goldendale Ave,Yakima,99.59,K-12
,Public,Tops K-8 School,2500 Franklin Ave E,King,97.22,K-12
,Private,Torah Day School of Seattle,5142 S Holly St,King,100.0,K-12
,Public,Totem Falls,14211 Snohomish Cascade Dr,Snohomish,96.6,K-12
,Public,Totem Middle School,1605 7th St,Snohomish,97.31,K-12
,Public,Touchet Elementary & High School,90 Champion St,Walla Walla,96.3,K-12
,Public,Toutle Lake Elementary,5050 Spirit Lake Hwy,Cowlitz,90.62,K-12
,Public,Toutle Lake High School,5050 Spirit Lake Hwy,Cowlitz,90.18,K-12
,Public,Transition Day Students,10903 Gravelly Lake Dr SW,Pierce,100.0,K-12
,Private,Tree Hill Learning Center,3500 SE 196th Ave,Clark,100.0,K-12
,Public,Trejo Dual Language Academy,2900 E 1st Ave,Spokane,94.41,K-12
,Public,Trent School,3303 N Pines Rd,Spokane,91.36,K-12
,Public,Trentwood School,14701 E Wellesley Ave,Spokane,87.77,K-12
,Private,Tri-Cities Prep,9612 Saint Thomas Dr,Franklin,98.58,K-12
,Private,Tri-City Adventist School,4115 W Henry St,Franklin,89.23,K-12
,Private,Trillium Academy,2706 S Jackson St,King,98.04,K-12
,Private,Trinity Catholic School,2315 N Cedar St,Spokane,93.07,K-12
,Public,Trout Lake Elementary,2310 Highway 141,Klickitat,82.14,K-12
,Public,Trout Lake School,2310 Highway 141,Klickitat,97.27,K-12
,Public,Truman Middle School,5801 N 35th St,Pierce,97.97,K-12
,Public,Tukes Valley Middle School,20601 NE 167th Ave,Clark,94.4,K-12
,Public,Tukes Valley Primary,20601 NE 167th Ave,Clark,90.71,K-12
,Public,Tukwila Elementary,5939 S 149th St,King,89.44,K-12
,Public,Tumwater High School,700 Israel Rd SW,Thurston,98.04,K-12
,Public,Tumwater Hill Elementary,3120 Ridgeview Ct SW,Thurston,97.78,K-12
,Public,Tumwater Middle School,6335 Littlerock Rd SW,Thurston,88.52,K-12
,Public,Twain Elementary,9525 130th Ave NE,King,97.84,K-12
,Public,Twin City Elementary,26211 72nd Ave NW,Snohomish,91.11,K-12
,Public,Twin Falls Middle School,46910 SE Middle Fork Rd,King,99.81,K-12
,Public,Twin Lakes Elementary School,4400 SW 320th St,King,94.05,K-12
,Public,Two Rivers School,8651 Meadowbrook Way SE,King,95.24,K-12
,Public,Tyee High School,4424 S 188th St,King,95.01,K-12
,Public,Tyee Middle School,13630 SE Allen Rd,King,93.47,K-12
,Public,Tyee Park Elementary School,11920 Seminole Rd SW,Pierce,96.68,K-12
,Private,UCiC School and Learning Center,3727 240th St SE,Snohomish,94.03,K-12
,Public,Union Gap School,3201 4th St,Yakima,99.15,K-12
,Public,Union High School,6201 NW Friberg Strunk St,Clark,87.41,K-12
,Public,Union Ridge Elementary,330 N 5th Ave,Clark,94.43,K-12
,Private,University Cooperative School,5601 University Way NE,King,98.72,K-12
,Public,University Elementary School,1613 S University Rd,Spokane,86.1,K-12
,Public,University High School,12420 E 32nd Ave,Spokane,95.82,K-12
,Public,University Place Primary,2708 Grandview Dr W,Pierce,95.17,K-12
,Private,University Prep,8000 25th Ave NE,King,98.38,K-12
,Private,Upper Columbia Academy,3025 E Spangle Waverly Rd,Spokane,87.44,K-12
,Private,Upper Columbia Academy Elementary School,2810 E Spangle Waverly Rd,Spokane,82.61,K-12
,Private,Upper Valley Christian School,111 Ski Hill Dr,Chelan,83.78,K-12
,Public,Utsalady Elementary,608 Arrowhead Rd,Island,90.74,K-12
,Public,Vale Elementary School,101 Pioneer Ave,Chelan,94.57,K-12
,Public,Valhalla Elementary School,27847 42nd Ave S,King,92.8,K-12
,Public,Valley Academy of Learning K-8,1911 N Wenatchee Ave,Chelan,83.72,K-12
,Private,Valley Christian School,10212 E 9th Ave,Spokane,65.3,K-12
,Private,Valley Christian School - Auburn,1312 2nd St SE,King,65.67,K-12
,Public,Valley EDGE High School Academy,3043 Huffman Rd,Stevens,88.24,K-12
,Public,Valley Online Academy,1510 9th St,Chelan,100.0,K-12
,Public,Valley School,3034 Huffman Rd,Stevens,78.84,K-12
,Public,Valley View Elementary,515 Zillah Ave,Yakima,100.0,K-12
,Public,Valley View Elementary School,1508 E 3rd Ave,Kittitas,94.26,K-12
,Public,Valley View Middle School,14308 Broadway Ave,Snohomish,97.55,K-12
,Public,Vancouver Home Connection,6450 MacArthur Blvd,Clark,80.12,K-12
,Public,Vancouver Innovation Technology and Arts Elementary,1111 Fort Vancouver Way,Clark,90.62,K-12
,Public,Vancouver iTech Preparatory,16100 NE 50th Ave,Clark,89.46,K-12
,Public,Vancouver School of Arts and Academics,3101 Main St,Clark,87.76,K-12
,Public,Vancouver Success Academy,2901 Falk Rd,Clark,80.49,K-12
,Public,Vancouver Virtual Learning Academy,6450 MacArthur Blvd,Clark,89.8,K-12
,Public,Vanguard Academy,740 E Yonezawa Blvd,Grant,97.35,K-12
,Public,Vashon Island High School,9600 SW 204th St,King,96.67,K-12
,Public,Vaughn Elementary School,17521 Hall Rd NW,Pierce,94.39,K-12
,Public,Victor Falls Elementary,11401 188th Avenue Ct E,Pierce,93.57,K-12
,Public,View Ridge Elementary,202 Alder St,Snohomish,92.19,K-12
,Public,View Ridge Elementary Arts Academy,3250 Spruce Ave,Kitsap,86.17,K-12
,Public,View Ridge Elementary School,7047 50th Ave NE,King,97.78,K-12
,Public,View Ridge Middle School,3215 S Hillhurst Rd,Clark,96.43,K-12
,Public,Viewlands Elementary School,10523 3rd Ave NW,King,97.29,K-12
,Public,Vinland Elementary,22104 Rhododendron Ln NW,Kitsap,98.36,K-12
,Public,Virgie Robinson Elementary,125 S Wehe Ave,Franklin,99.34,K-12
,Public,Virtual Preparatory Academy of Washington,717 Tucannon St.,Columbia,85.98,K-12
,Public,Visions (Seamar Youth Center),2015 Franklin St,Whatcom,100.0,K-12
,Private,Visitation Catholic STEM Academy,3306 S 58th St,Pierce,98.39,K-12
,Public,Vista Elementary School,1701 N Young St,Benton,95.8,K-12
,Public,Vista Middle School,6051 Vista Dr,Whatcom,93.08,K-12
,Public,Vossbeck Elementary School,1301 Bridgeview Dr,Whatcom,89.82,K-12
,Public,Voyager Elementary,10615 Kopachuck Dr NW,Pierce,96.59,K-12
,Public,Voyager Middle School,11711 4th Ave W,Snohomish,99.07,K-12
,Public,W F West High School,342 SW 16th St,Lewis,97.07,K-12
,Public,Wade King Elementary School,2155 Yew Street Rd,Whatcom,94.58,K-12
,Private,WA-Guul Academy,512 W Meeker St,King,100.0,K-12
,Public,Wahitis Elementary School,905 S 14th Ave,Adams,98.03,K-12
,Public,Wahkiakum High School,500 S 3rd,Wahkiakum,92.0,K-12
,Public,Wahluke High School,505 N Boundary Ave,Grant,98.91,K-12
,Public,Wahluke Junior High,502 N Boundary Ave,Grant,99.41,K-12
,Public,Wainwright Intermediate School,130 Alameda Ave,Pierce,95.03,K-12
,Public,Waitsburg Elementary School,184 Academy St,Walla Walla,94.56,K-12
,Public,Waitsburg High School,421 Coppei Ave,Walla Walla,98.26,K-12
,Public,Walker High School,5715 Milwaukee Ave E,Pierce,82.39,K-12
,Public,Walla Walla High School,800 Abbott Rd,Walla Walla,98.47,K-12
,Public,Walla Walla Online,109 S Palouse St,Walla Walla,94.57,K-12
,Public,Walla Walla Open Doors,1917 Isaacs Ave,Walla Walla,99.04,K-12
,Private,Walla Walla Valley Academy,300 SW Academy Way,Walla Walla,96.5,K-12
,Public,Wallace & Priscilla Stevenson Intermediate School,480 NW Loop Rd,Klickitat,98.59,K-12
,Public,Wallace Elementary,1213 S 5th Ave,Cowlitz,97.85,K-12
,Public,Waller Road Elementary,6312 Waller Rd E,Pierce,95.32,K-12
,Public,Walnut Grove Elementary,6103 NE 72nd Ave,Clark,89.45,K-12
,Public,Walter Strom Middle School,2694 SR 903,Kittitas,96.02,K-12
,Public,Wapato High School,1202 S Camas Ave,Yakima,98.09,K-12
,Public,Wapato Middle School,1309 Kateri Ln,Yakima,98.86,K-12
,Public,Wapato Online Academy 6-8,212 W 3rd St,Yakima,90.0,K-12
,Public,Wapato Online Academy 9-12,212 W 3rd St,Yakima,97.44,K-12
,Public,Warden Elementary,101 W Beck Way,Grant,92.97,K-12
,Public,Warden High School,101 W Beck Way,Grant,95.72,K-12
,Private,Warden Hutterian School,1054 W Harder Rd,Adams,61.9,K-12
,Public,Warden Middle School,101 W Beck Way,Grant,96.8,K-12
,Public,Washington Digital Academy,304 S Adams St,Pacific,91.99,K-12
,Public,Washington Elementary,800 Jackson Ave,Yakima,98.29,K-12
,Public,Washington Elementary,2908 S St,Clark,93.09,K-12
,Public,Washington Elementary School,2615 N Adams St,Pierce,96.85,K-12
,Public,Washington Elementary School,20 E St NE,King,92.76,K-12
,Public,Washington Elementary School,800 Field Ave,Lewis,93.65,K-12
,Public,Washington Elementary School,1020 McLean Rd,Skagit,96.27,K-12
,Public,Washington Elementary School,1401 Washington St,Chelan,97.31,K-12
,Public,Washington Elementary School,105 W 21st Ave,Benton,94.64,K-12
,Public,Washington High School,12420 Ainsworth Ave S,Pierce,98.54,K-12
,Public,Washington Middle School,510 S 9th St,Yakima,99.86,K-12
,Public,Washington Middle School,3100 Cain Rd SE,Thurston,94.43,K-12
,Public,Washington Middle School,2101 S Jackson St,King,96.25,K-12
,Public,Washington Network for Innovative Careers Skill Center,11605 132nd Ave NE,King,14.29,K-12
,Public,Washington Online School,304 S Adams St,Pacific,91.88,K-12
,Private,Washington Preparatory School,1617 183rd St SE,Snohomish,97.5,K-12
,Public,Washington State School for the Blind,2214 E 13th St,Clark,98.18,K-12
,Public,Washington State School for the Deaf,611 Grand Blvd,Clark,74.38,K-12
,Public,Washington Virtual Academy Omak Elementary,619 W Bartlett Ave,Okanogan,83.67,K-12
,Public,Washington Virtual Academy Omak High School,619 W Bartlett Ave,Okanogan,89.82,K-12
,Public,Washington Virtual Academy Omak Middle School,619 W Bartlett Ave,Okanogan,88.95,K-12
,Public,Washougal High School,1201 39th St,Clark,96.64,K-12
,Public,Washougal Learning Academy,1100 34th St,Clark,96.23,K-12
,Public,Washtucna Elementary/High School,730 NE Booth St,Adams,93.22,K-12
,Public,Waterville Elementary,200 E Birch St,Douglas,95.77,K-12
,Public,Waterville High School,200 E Birch St,Douglas,96.75,K-12
,Public,Wayne M Henkle Middle School,480 NW Loop Rd,Klickitat,97.63,K-12
,Public,Wedgwood Elementary School,2720 NE 85th St,King,96.46,K-12
,Public,Wellington Elementary,16501 NE 195th St,King,98.85,K-12
,Public,Wellpinit Elementary School,6224 Old School Rd,Stevens,96.36,K-12
,Public,Wellpinit High School,6270 Ford Wellpinit Rd,Stevens,95.74,K-12
,Public,Wellpinit Middle School,6270 Ford Wellpinit Rd,Stevens,98.61,K-12
,Public,Wellpinit Open Doors High School,6231 Old School Rd,Stevens,100.0,K-12
,Public,Wenatchee High School,1101 Millerdale Ave,Chelan,98.88,K-12
,Public,Wenatchee Valley Technical Skills Center,327 E Penny Rd,Chelan,97.73,K-12
,Public,West Auburn Senior High School,401 W Main St,King,97.51,K-12
,Public,West Hills S.T.E.M. Academy,520 S National Ave,Kitsap,84.9,K-12
,Public,West Mercer Elementary,4141 81st Ave SE,King,95.95,K-12
,Public,West Seattle Elementary School,6760 34th Ave SW,King,81.67,K-12
,Public,West Seattle High School,3000 California Ave SW,King,99.26,K-12
,Private,West Seattle Montessori School,11215 15th Ave SW,King,98.29,K-12
,Private,West Sound Academy,16571 Creative Dr NE,Kitsap,90.77,K-12
,Public,West Valley City School,8920 E Valleyway Ave,Spokane,90.55,K-12
,Public,West Valley High School,9800 Zier Rd,Yakima,99.21,K-12
,Public,West Valley High School,8301 E Buckeye Ave,Spokane,95.37,K-12
,Public,West Valley Innovation Center,9206 Zier Rd,Yakima,98.84,K-12
,Public,West Valley Mid-Level Campus,7505 Zier Rd,Yakima,98.91,K-12
,Public,West Valley Virtual Learning Center,7401 E Mission Ave,Spokane,77.5,K-12
,Public,West Woodland Elementary School,5601 4th Ave NW,King,99.15,K-12
,Public,Westgate Elementary,9601 220th St SW,Snohomish,98.75,K-12
,Public,Westgate Elementary School,2514 W 4th Ave,Benton,94.44,K-12
,Public,Westhill Elementary,19515 88th Ave NE,King,98.56,K-12
,Public,Weston High School,4407 172nd St NE,Snohomish,98.2,K-12
,Public,Westside High School,1510 9th St,Chelan,98.52,K-12
,Private,Westside School,10404 34th Ave SW,King,99.41,K-12
,Public,Westview Elementary,3520 W Bismark Ave,Spokane,93.75,K-12
,Public,Westwood Elementary School,21200 SE 416th St,King,92.89,K-12
,Public,Westwood Middle School,6120 S Abbott Rd,Spokane,93.72,K-12
,Public,Weyerhaeuser Elementary,6105 365th St E,Pierce,85.0,K-12
,Private,Whatcom Hills Waldorf School,941 Austin St,Whatcom,76.33,K-12
,Public,Whatcom Middle School,810 Halleck St,Whatcom,94.35,K-12
,Private,Whidbey Christian Elementary School,31830 SR 20,Island,100.0,K-12
,Private,Whidbey Island Waldorf School,6335 Old Pietlia Rd,Island,70.15,K-12
,Public,White Bluffs Elementary School,1250 Kensington Way,Benton,97.38,K-12
,Public,White Center Heights Elementary,10015 6th Ave SW,King,93.52,K-12
,Public,White Pass Elementary School,127 Kindle Rd,Lewis,76.84,K-12
,Public,White Pass Jr. Sr. High School,516 Silverbrook Rd,Lewis,88.55,K-12
,Public,White River Early Learning Center,27515 120th St E,Pierce,88.08,K-12
,Public,White River High School,26928 120th St E,Pierce,96.16,K-12
,Public,White River Reengagement Program,26928 120th St E,Pierce,95.12,K-12
,Public,White Salmon Academy,1455 NW Bruin Country Rd,Klickitat,92.0,K-12
,Public,White Swan High School,551 Signal Peak Rd,Yakima,99.62,K-12
,Public,Whitman Elementary,5400 N Helena St,Spokane,95.28,K-12
,Public,Whitman Elementary School,1120 S 39th St,Pierce,91.72,K-12
,Public,Whitman Middle School,9201 15th Ave NW,King,99.21,K-12
,Public,Whitney Elementary Yakima,4411 W Nob Hill Blvd,Yakima,98.3,K-12
,Public,Whitstran Elementary,102101 W Foisy Rd,Benton,98.28,K-12
,Public,Whittier Elementary,916 Oakes Ave,Snohomish,95.35,K-12
,Public,Whittier Elementary,616 N Wehe Ave,Franklin,97.13,K-12
,Public,Whittier Elementary School,1320 NW 75th St,King,99.12,K-12
,Public,Whittier Elementary School,777 Elm Tree Ln,Pierce,92.15,K-12
,Private,Whole Earth Montessori School,2930 228th St SE,Snohomish,100.0,K-12
,Public,Why Not You Academy,22419 Pacific Hwy S,King,100.0,K-12
,Public,Wide Hollow Elementary,1000 S 72nd Ave,Yakima,97.6,K-12
,Public,Wilbur Elementary School,202 SE Pope Ave,Lincoln,93.33,K-12
,Public,Wilbur Secondary School,202 SE Pope Ave,Lincoln,97.14,K-12
,Public,Wilder Elementary,22130 NE 133rd St,King,98.3,K-12
,Public,Wildwood Elementary,1601 26th Ave SE,Pierce,95.03,K-12
,Public,Wildwood Elementary School,2405 S 300th St,King,92.87,K-12
,Public,Wilkeson Elementary School,640 Railroad Ave,Pierce,93.33,K-12
,Public,Willapa Elementary,845 Willapa Fourth St,Pacific,90.85,K-12
,Public,Willapa Valley Middle-High,22 Viking Way,Pacific,93.66,K-12
,Public,Willard Elementary,500 W Longfellow Ave,Spokane,92.44,K-12
,Public,William Wiley Elementary School,2820 S Highlands Blvd,Benton,96.58,K-12
,Public,Willow Crest Elementary,13002 SE 304th St,King,95.42,K-12
,Private,Willows Preparatory School,12280 Woodinville Redmond Rd NE,King,92.02,K-12
,Public,Wilson Creek Elementary,400 Navar St,Grant,96.15,K-12
,Public,Wilson Creek High,400 Navar St,Grant,96.67,K-12
,Public,Wilson Elementary,911 W 25th Ave,Spokane,95.34,K-12
,Public,Wilson Middle School,902 S 44th Ave,Yakima,99.19,K-12
,Public,WIN Academy,460 N 6th St,Spokane,95.24,K-12
,Public,Wind River Middle School,441 Hot Springs Ave,Skamania,95.8,K-12
,Private,Windsong School,4225 W Fremont Rd,Spokane,69.17,K-12
,Public,Windsor Elementary,5504 W Hallett Rd,Spokane,89.51,K-12
,Public,Wing Luke Elementary School,3701 S Kenyon St,King,83.39,K-12
,Public,Winlock Middle School,241 N Military Rd,Lewis,98.68,K-12
,Public,Winlock Miller Elementary,405 NW Benton Ave,Lewis,93.12,K-12
,Public,Winlock Senior High,241 N Military Rd,Lewis,95.59,K-12
,Public,Wisdom Ridge Academy,5645 S 11th St,Clark,85.99,K-12
,Public,Wishkah Valley Elementary/High School,4640 Wishkah Rd,Grays Harbor,89.02,K-12
,Public,Wishram High and Elementary School,135 Bunn St,Klickitat,100.0,K-12
,Public,Woodburn Elementary,2400 NE Woodburn Dr,Clark,94.31,K-12
,Public,Woodin Elementary,12950 NE 195th St,King,98.92,K-12
,Private,Woodin Valley Christian School,5400 228th St SE,Snohomish,42.86,K-12
,Public,Woodinville High School,19819 136th Ave NE,King,98.73,K-12
,Private,Woodinville Montessori School,13965 NE 166th St,King,95.4,K-12
,Public,Woodland Elementary,7707 112th St E,Pierce,96.03,K-12
,Public,Woodland Elementary,4630 Carpenter Rd SE,Thurston,96.91,K-12
,Public,Woodland High School,1500 Dike Access Rd,Cowlitz,90.58,K-12
,Public,Woodland Middle School,755 Park St,Cowlitz,92.78,K-12
,Public,Woodlands Elementary,7420 Central Valley Rd NE,Kitsap,97.24,K-12
,Public,Woodmont K-8 School,26454 16th Ave S,King,98.5,K-12
,Public,Woodmoor Elementary,12225 NE 160th St,King,96.27,K-12
,Public,Woodridge Elementary,12619 SE 20th Pl,King,92.95,K-12
,Public,Woodridge Elementary,5100 W Shawnee Ave,Spokane,94.57,K-12
,Public,Woodside Elementary,17000 23rd Ave SE,Snohomish,96.37,K-12
,Public,Woodward Middle School,9100 Sportsman Club Rd NE,Kitsap,97.75,K-12
,Public,Wyeast Middle School,1112 SE 136th Ave,Clark,94.59,K-12
,Public,Yacolt Primary,406 W Yacolt Rd,Clark,92.49,K-12
,Private,Yakima Adventist Christian School,1200 City Reservoir Rd,Yakima,87.93,K-12
,Public,Yakima Online,1120 S 18th St,Yakima,99.21,K-12
,Public,Yakima Open Doors,1120 S 18th St,Yakima,96.67,K-12
,Public,Yale Elementary,11842 Lewis River Rd,Cowlitz,79.17,K-12
,Public,Yasuhara Middle School,2701 N Perry St,Spokane,95.85,K-12
,Private,Yellow Wood Academy,3310 146th Pl SE,King,86.57,K-12
,Public,Yelm Extension School,107 1st St N,Thurston,89.63,K-12
,Public,Yelm High School 12,1315 Yelm Ave W,Thurston,97.07,K-12
,Public,Yelm Middle School,401 Coates Ave NW,Thurston,98.67,K-12
,Public,Yelm Prairie Elementary,16535 110th Ave SE,Thurston,94.72,K-12
,Public,York Elementary School,9301 NE 152nd Ave,Clark,90.37,K-12
,Public,Zeiger Elementary,13008 94th Ave E,Pierce,96.85,K-12
,Public,Zillah High School,1602 2nd Ave,Yakima,95.41,K-12
,Public,Zillah Intermediate School,303 2nd Ave,Yakima,95.41,K-12
,Public,Zillah Middle School,1301 Cutler Way,Yakima,95.11,K-12
,Private,Zion Lutheran School,3923 103rd Ave SE,Snohomish,78.2,K-12
