Facility Number,School Type,School District or Name,Facility Address,County,MMR Vaccination Rate,Age Group
,,Adams-Friendship Elementary,,Adams,79.0,Kindergarten
,,Lake Superior El(KG-2)-Ashland,,Ashland,92.0,Kindergarten
,,Marengo Valley Elementary,,Ashland,95.0,Kindergarten
,,Butternut Elementary,,Ashland,92.0,Kindergarten
,,Mellen Public School,,Ashland,92.0,Kindergarten
,,Barron Area Montessori School,,Barron,86.0,Kindergarten
,,Woodland Elementary,,Barron,73.0,Kindergarten
,,Cameron Elementary,,Barron,84.0,Kindergarten
,,Chetek-Weyerhaeuser Roselawn,,Barron,94.0,Kindergarten
,,Cumberland Elementary - Cumberland,,Barron,89.0,Kindergarten
,,Haugen Elementary,,Barron,79.0,Kindergarten
,,Prairie Farm Elementary,,Barron,95.0,Kindergarten
,,Saint Joseph School - Rice Lake,,Barron,78.0,Kindergarten
,,Tainter Elementary,,Barron,88.0,Kindergarten
,,Hilltop Elementary,,Barron,89.0,Kindergarten
,,Turtle Lake Elementary,,Barron,82.0,Kindergarten
,,Bayfield Elementary,,Bayfield,61.0,Kindergarten
,,Drummond Elementary,,Bayfield,81.0,Kindergarten
,,South Shore Elementary,,Bayfield,50.0,Kindergarten
,,Washburn Elementary,,Bayfield,50.0,Kindergarten
,,Creekside Christian Montessori,,Brown,69.0,Kindergarten
,,Notre Dame of De Pere-GRACE,,Brown,88.0,Kindergarten
,,Heritage Elementary,,Brown,91.0,Kindergarten
,,Susie C Altmayer Elementary,,Brown,91.0,Kindergarten
,,Westwood Elementary,,Brown,93.0,Kindergarten
,,Hemlock Creek Elementary,,Brown,94.0,Kindergarten
,,Dickinson Elementary,,Brown,95.0,Kindergarten
,,Our Lady of Lourdes School -GRACE,,Brown,95.0,Kindergarten
,,Denmark Elementary,,Brown,88.0,Kindergarten
,,Saint John Paul II Classical- Green Bay,,Brown,21.0,Kindergarten
,,Holy Family School -GRACE,,Brown,29.0,Kindergarten
,,New Leaf Prep Academy,,Brown,41.0,Kindergarten
,,Bay City Christian School,,Brown,60.0,Kindergarten
,,Fort Howard Elementary,,Brown,60.0,Kindergarten
,,Providence Academy,,Brown,62.0,Kindergarten
,,Green Bay Trinity Lutheran School,,Brown,73.0,Kindergarten
,,Lincoln Elementary - Green Bay,,Brown,75.0,Kindergarten
,,Beaumont Elementary,,Brown,80.0,Kindergarten
,,Chappell Elementary,,Brown,80.0,Kindergarten
,,Nicolet Elementary,,Brown,81.0,Kindergarten
,,Valley View Elementary - Green Bay,,Brown,81.0,Kindergarten
,,Doty Elementary,,Brown,82.0,Kindergarten
,,Eisenhower Elementary - Green Bay,,Brown,82.0,Kindergarten
,,Kennedy Elementary - Green Bay,,Brown,82.0,Kindergarten
,,Howe Elementary - Green Bay,,Brown,83.0,Kindergarten
,,MacArthur Elementary - Green Bay,,Brown,85.0,Kindergarten
,,Saint John the Baptist-GRACE,,Brown,85.0,Kindergarten
,,Sullivan Elementary - Brown,,Brown,85.0,Kindergarten
,,Danz Elementary,,Brown,86.0,Kindergarten
,,Howard Elementary,,Brown,86.0,Kindergarten
,,Red Smith K-8,,Brown,86.0,Kindergarten
,,Baird Elementary,,Brown,87.0,Kindergarten
,,Forest Glen Elementary,,Brown,87.0,Kindergarten
,,Pioneer Elementary,,Brown,87.0,Kindergarten
,,Aldo Leopold Comm Sch K-8,,Brown,88.0,Kindergarten
,,Pilgrim Lutheran School - Green Bay,,Brown,88.0,Kindergarten
,,Cormier Sch and Early Lrn Center,,Brown,89.0,Kindergarten
,,King Elementary,,Brown,90.0,Kindergarten
,,McAuliffe Elementary,,Brown,90.0,Kindergarten
,,Meadowbrook Elementary - Green Bay,,Brown,90.0,Kindergarten
,,Saint Thomas More School -GRACE,,Brown,90.0,Kindergarten
,,Jackson Elementary - Green Bay,,Brown,91.0,Kindergarten
,,Wilder Elementary,,Brown,91.0,Kindergarten
,,Elmore Elementary,,Brown,92.0,Kindergarten
,,Holy Cross School -GRACE,,Brown,93.0,Kindergarten
,,Lannoye Elementary,,Brown,93.0,Kindergarten
,,Saint Mark Lutheran School- Green Bay,,Brown,93.0,Kindergarten
,,Suamico Elementary,,Brown,93.0,Kindergarten
,,Webster Elementary - Green Bay,,Brown,93.0,Kindergarten
,,Father Allouez Catholic-GRACE-Elem,,Brown,95.0,Kindergarten
,,Langlade Elementary,,Brown,95.0,Kindergarten
,,Leonardo da Vinci School -Gifted,,Brown,95.0,Kindergarten
,,Martin Elementary,,Brown,95.0,Kindergarten
,,Royal Montessori Academy Cormier,,Brown,95.0,Kindergarten
,,Saint Bernard Grade School -GRACE,,Brown,95.0,Kindergarten
,,Saint Paul Lutheran School - Green Bay,,Brown,95.0,Kindergarten
,,Fairview Elementary - Krakow,,Brown,95.0,Kindergarten
,,Hillcrest Elementary - Oneida,,Brown,92.0,Kindergarten
,,Glenbrook Elementary,,Brown,91.0,Kindergarten
,,Sunnyside Elementary,,Brown,95.0,Kindergarten
,,Bay Harbor Elementary,,Brown,87.0,Kindergarten
,,Wrightstown Elementary,,Brown,92.0,Kindergarten
,,Alma Elementary,,Buffalo,71.0,Kindergarten
,,Cochrane-Fountain City Elementary,,Buffalo,93.0,Kindergarten
,,Mondovi Elementary,,Buffalo,92.0,Kindergarten
,,Grantsburg Elementary,,Burnett,51.0,Kindergarten
,,Siren Elementary,,Burnett,87.0,Kindergarten
,,Webster Elementary - Webster,,Burnett,81.0,Kindergarten
,,Holy Family School - Brillion,,Calumet,50.0,Kindergarten
,,Brillion Elementary,,Calumet,80.0,Kindergarten
,,Trinity Evang Lutheran School - Brillion,,Calumet,82.0,Kindergarten
,,Chilton Area Catholic School,,Calumet,76.0,Kindergarten
,,Chilton Elementary,,Calumet,89.0,Kindergarten
,,Hilbert Elementary,,Calumet,93.0,Kindergarten
,,New Holstein Elementary,,Calumet,95.0,Kindergarten
,,Stockbridge Elementary,,Calumet,80.0,Kindergarten
,,Bloomer Elementary,,Chippewa,85.0,Kindergarten
,,Cadott Elementary,,Chippewa,95.0,Kindergarten
,,Christ Lutheran School - Chippewa Falls,,Chippewa,33.0,Kindergarten
,,Venture Academy,,Chippewa,63.0,Kindergarten
,,Halmstad Elementary,,Chippewa,77.0,Kindergarten
,,Parkview Elementary - Chippewa Falls,,Chippewa,81.0,Kindergarten
,,Saint Charles Borromeo Pri School - Chippewa Falls,,Chippewa,82.0,Kindergarten
,,Hillcrest Elementary - Chippewa Falls,,Chippewa,89.0,Kindergarten
,,Southview Elementary,,Chippewa,90.0,Kindergarten
,,Stillson Elementary,,Chippewa,95.0,Kindergarten
,,Cornell Elementary,,Chippewa,94.0,Kindergarten
,,Holcombe Elementary,,Chippewa,86.0,Kindergarten
,,Jim Falls Elementary,,Chippewa,95.0,Kindergarten
,,New Auburn Elementary,,Chippewa,78.0,Kindergarten
,,Stanley Elementary,,Chippewa,83.0,Kindergarten
,,Abbotsford Elementary,,Clark,80.0,Kindergarten
,,Colby Elementary,,Clark,84.0,Kindergarten
,,Saint Mary School- Colby,,Clark,85.0,Kindergarten
,,Granton Elementary,,Clark,89.0,Kindergarten
,,Greenwood Elementary - Greenwood,,Clark,88.0,Kindergarten
,,Loyal Elementary,,Clark,87.0,Kindergarten
,,Neillsville Elementary,,Clark,91.0,Kindergarten
,,Owen-Withee Elementary,,Clark,79.0,Kindergarten
,,Thorp Elementary,,Clark,71.0,Kindergarten
,,Cambria Friesland Elementary,,Columbia,67.0,Kindergarten
,,Columbus Elementary - Columbus,,Columbia,80.0,Kindergarten
,,Discovery Charter School,,Columbia,81.0,Kindergarten
,,Saint Jerome Parochial Gr School,,Columbia,92.0,Kindergarten
,,Zion Lutheran School - Columbus,,Columbia,95.0,Kindergarten
,,Blessed Trinity Catholic Schoo,,Columbia,50.0,Kindergarten
,,Fall River Elementary,,Columbia,76.0,Kindergarten
,,Lodi Primary,,Columbia,95.0,Kindergarten
,,Pardeeville Elementary,,Columbia,86.0,Kindergarten
,,Woodridge Elementary,,Columbia,84.0,Kindergarten
,,Lewiston Elementary,,Columbia,90.0,Kindergarten
,,Saint Mary School - Portage,,Columbia,95.0,Kindergarten
,,Poynette Elementary,,Columbia,91.0,Kindergarten
,,Rio Elementary,,Columbia,72.0,Kindergarten
,,BA Kennedy School,,Crawford,93.0,Kindergarten
,,North Crawford Elementary,,Crawford,62.0,Kindergarten
,,Belleville Elementary,,Dane,93.0,Kindergarten
,,Brooklyn Elementary,,Dane,95.0,Kindergarten
,,Cambridge Elementary,,Dane,87.0,Kindergarten
,,Taylor Prairie Elementary,,Dane,93.0,Kindergarten
,,Saint Francis Xavier Gr School,,Dane,86.0,Kindergarten
,,Park Elementary,,Dane,87.0,Kindergarten
,,Yahara Elementary - De Forest,,Dane,89.0,Kindergarten
,,Deerfield Elementary - Deerfield,,Dane,91.0,Kindergarten
,,Eagle Point Elementary,,Dane,90.0,Kindergarten
,,Forest Edge El School,,Dane,92.0,Kindergarten
,,Stoner Prairie Elementary,,Dane,95.0,Kindergarten
,,Saint James Grade School - Madison,,Dane,46.0,Kindergarten
,,Madison Waldorf School,,Dane,47.0,Kindergarten
,,One City El School,,Dane,63.0,Kindergarten
,,Orchard Ridge Elementary,,Dane,72.0,Kindergarten
,,Saint Maria Goretti School,,Dane,75.0,Kindergarten
,,Abundant Life Christian School -Madison,,Dane,76.0,Kindergarten
,,Kennedy Elementary - Madison,,Dane,78.0,Kindergarten
,,Lake View Elementary,,Dane,79.0,Kindergarten
,,Lighthouse Christian School,,Dane,83.0,Kindergarten
,,Southside Elementary,,Dane,83.0,Kindergarten
,,Lowell Elementary - Madison,,Dane,85.0,Kindergarten
,,Mendota Elementary,,Dane,85.0,Kindergarten
,,Holy Cross Lutheran School,,Dane,86.0,Kindergarten
,,Hickory Hill Academy,,Dane,87.0,Kindergarten
,,Muir Elementary - Madison,,Dane,87.0,Kindergarten
,,Lapham Elementary,,Dane,88.0,Kindergarten
,,Thoreau Elementary - Madison,,Dane,89.0,Kindergarten
,,Schenk Elementary,,Dane,90.0,Kindergarten
,,Midvale Elementary,,Dane,91.0,Kindergarten
,,Sandburg Elementary,,Dane,91.0,Kindergarten
,,Lindbergh Elementary,,Dane,92.0,Kindergarten
,,Wingra Sch Inc,,Dane,92.0,Kindergarten
,,Blessed Sacrament Elementary - Madison,,Dane,94.0,Kindergarten
,,Franklin Elementary - Madison,,Dane,94.0,Kindergarten
,,Hawthorne Elementary - Madison,,Dane,94.0,Kindergarten
,,Milele Chikasa Anana El School,,Dane,94.0,Kindergarten
,,Van Hise Elementary,,Dane,94.0,Kindergarten
,,Cesar Chavez Elementary,,Dane,95.0,Kindergarten
,,Crestwood Elementary,,Dane,95.0,Kindergarten
,,Dr Virginia Henderson El School,,Dane,95.0,Kindergarten
,,Eagle Sch of Madison,,Dane,95.0,Kindergarten
,,Edgewood Campus School,,Dane,95.0,Kindergarten
,,Elvehjem Elementary,,Dane,95.0,Kindergarten
,,Emerson Elementary - Madison,,Dane,95.0,Kindergarten
,,Gompers Elementary,,Dane,95.0,Kindergarten
,,Huegel Elementary,,Dane,95.0,Kindergarten
,,Leopold Elementary,,Dane,95.0,Kindergarten
,,Our Lady Queen of Peace Gr School - Madison,,Dane,95.0,Kindergarten
,,Our Redeemer Evang Luth School,,Dane,95.0,Kindergarten
,,Saint Dennis Grade School,,Dane,95.0,Kindergarten
,,Stephens Elementary,,Dane,95.0,Kindergarten
,,Woodland Montessori School,,Dane,95.0,Kindergarten
,,Marshall Early Learning Center,,Dane,86.0,Kindergarten
,,Wisconsin Heights Elementary,,Dane,81.0,Kindergarten
,,Conrad Elvehjem Primary,,Dane,95.0,Kindergarten
,,Sauk Trail Elementary,,Dane,92.0,Kindergarten
,,Northside Elementary - Middleton,,Dane,93.0,Kindergarten
,,Elm Lawn Elementary,,Dane,94.0,Kindergarten
,,Westside Christian School,,Dane,94.0,Kindergarten
,,Madison Community Montessori,,Dane,95.0,Kindergarten
,,Pope Farm Elementary,,Dane,95.0,Kindergarten
,,Sunset Ridge Elementary,,Dane,95.0,Kindergarten
,,Charis Classical Academy,,Dane,78.0,Kindergarten
,,Immaculate Hrt of Mary Cth School,,Dane,81.0,Kindergarten
,,Nuestro Mundo,,Dane,95.0,Kindergarten
,,Winnequah School,,Dane,95.0,Kindergarten
,,Mount Horeb Early Learning Center,,Dane,95.0,Kindergarten
,,Netherwood Knoll Elementary,,Dane,95.0,Kindergarten
,,Prairie View Elementary - Oregon,,Dane,95.0,Kindergarten
,,Sandhill Elementary,,Dane,88.0,Kindergarten
,,Fox Prairie Elementary,,Dane,95.0,Kindergarten
,,Kegonsa Elementary,,Dane,95.0,Kindergarten
,,Meadow View Elementary - Sun Prairie,,Dane,88.0,Kindergarten
,,Westside Elementary - Sun Prairie,,Dane,89.0,Kindergarten
,,C H Bird Elementary,,Dane,90.0,Kindergarten
,,Peace Lutheran School - Sun Prairie,,Dane,91.0,Kindergarten
,,Royal Oaks Elementary,,Dane,92.0,Kindergarten
,,Creekside Elementary,,Dane,93.0,Kindergarten
,,Eastside Elementary,,Dane,95.0,Kindergarten
,,Horizon Elementary - Sun Prairie,,Dane,95.0,Kindergarten
,,Northside Elementary - Sun Prairie,,Dane,95.0,Kindergarten
,,Token Springs Elementary,,Dane,95.0,Kindergarten
,,Divine Mercy Academy- Verona,,Dane,40.0,Kindergarten
,,Country View Elementary,,Dane,84.0,Kindergarten
,,Sugar Creek Elementary,,Dane,87.0,Kindergarten
,,Glacier Edge Elementary,,Dane,92.0,Kindergarten
,,Verona Area International School,,Dane,93.0,Kindergarten
,,Core Knowledge Charter School,,Dane,95.0,Kindergarten
,,New Century School,,Dane,95.0,Kindergarten
,,Olson Elementary,,Dane,95.0,Kindergarten
,,West Middleton Elementary,,Dane,95.0,Kindergarten
,,Arboretum Elementary,,Dane,95.0,Kindergarten
,,Madison Country Day School,,Dane,95.0,Kindergarten
,,Saint John School - Waunakee,,Dane,95.0,Kindergarten
,,Waunakee Heritage Elementary,,Dane,95.0,Kindergarten
,,Waunakee Prairie Elementary,,Dane,95.0,Kindergarten
,,Windsor Elementary,,Dane,93.0,Kindergarten
,,Saint Katharine Drexel School,,Dodge,67.0,Kindergarten
,,Jefferson Elementary - Beaver Dam,,Dodge,82.0,Kindergarten
,,Washington Elementary - Beaver Dam,,Dodge,83.0,Kindergarten
,,Prairie View Elementary - Beaver Dam,,Dodge,85.0,Kindergarten
,,Lincoln Elementary - Beaver Dam,,Dodge,89.0,Kindergarten
,,Horicon El School,,Dodge,84.0,Kindergarten
,,Saint John's Lutheran School- Mayville,,Dodge,75.0,Kindergarten
,,Mayville Elementary,,Dodge,81.0,Kindergarten
,,Honor Elementary,,Dodge,68.0,Kindergarten
,,Randolph Elementary,,Dodge,94.0,Kindergarten
,,Theresa Elementary,,Dodge,90.0,Kindergarten
,,Southern Door Elementary,,Door,77.0,Kindergarten
,,Gibraltar Elementary,,Door,90.0,Kindergarten
,,Saint Peters Evang Luth School - Sturgeon Bay,,Door,60.0,Kindergarten
,,Sevastopol Elementary,,Door,80.0,Kindergarten
,,Sawyer Elementary,,Door,89.0,Kindergarten
,,Saint John Bosco Catholic School,,Door,92.0,Kindergarten
,,Iron River Elementary,,Douglas,91.0,Kindergarten
,,Northwestern Elementary,,Douglas,88.0,Kindergarten
,,Eagles' Wings Publ Montessori,,Douglas,93.0,Kindergarten
,,Northern Lights Elementary,,Douglas,94.0,Kindergarten
,,Bryant Elementary - Superior,,Douglas,95.0,Kindergarten
,,Cathedral School,,Douglas,95.0,Kindergarten
,,Cooper Elementary - Superior,,Douglas,95.0,Kindergarten
,,Four Corners Elementary,,Douglas,95.0,Kindergarten
,,Great Lakes Elementary,,Douglas,95.0,Kindergarten
,,Tiffany Creek Elementary,,Dunn,85.0,Kindergarten
,,Colfax Elementary,,Dunn,83.0,Kindergarten
,,Downsville Elementary,,Dunn,77.0,Kindergarten
,,Mound View Elementary,,Dunn,92.0,Kindergarten
,,Knapp Elementary - Knapp,,Dunn,91.0,Kindergarten
,,Saint Paul's Lutheran School- Menomonie,,Dunn,67.0,Kindergarten
,,Summit Christian Academy,,Dunn,71.0,Kindergarten
,,River Heights Elementary,,Dunn,90.0,Kindergarten
,,Wakanda Elementary,,Dunn,91.0,Kindergarten
,,Oaklawn Elementary - Menomonie,,Dunn,92.0,Kindergarten
,,Saint Marys Grade School - Altoona,,Eau Claire,82.0,Kindergarten
,,Augusta Elementary,,Eau Claire,72.0,Kindergarten
,,Messiah Lutheran School - Eau Claire,,Eau Claire,30.0,Kindergarten
,,Saint Mark Lutheran School - Eau Claire,,Eau Claire,69.0,Kindergarten
,,Longfellow Elementary - Eau Claire,,Eau Claire,83.0,Kindergarten
,,Crestview Academy,,Eau Claire,86.0,Kindergarten
,,Immaculate Conception Gr School,,Eau Claire,87.0,Kindergarten
,,Flynn Elementary,,Eau Claire,89.0,Kindergarten
,,Locust Lane Elementary,,Eau Claire,89.0,Kindergarten
,,Meadowview Elementary - Eau Claire,,Eau Claire,89.0,Kindergarten
,,Robbins Elementary,,Eau Claire,90.0,Kindergarten
,,Roosevelt Elementary - Eau Claire,,Eau Claire,91.0,Kindergarten
,,Sherman Elementary - Eau Claire,,Eau Claire,92.0,Kindergarten
,,Lakeshore Elementary - Eau Claire,,Eau Claire,93.0,Kindergarten
,,Northwoods Elementary,,Eau Claire,93.0,Kindergarten
,,Chippewa Valley Montessori,,Eau Claire,94.0,Kindergarten
,,Manz Elementary,,Eau Claire,94.0,Kindergarten
,,Putnam Heights Elementary,,Eau Claire,94.0,Kindergarten
,,Davey Elementary,,Eau Claire,95.0,Kindergarten
,,Saint James Grade School - Eau Claire,,Eau Claire,95.0,Kindergarten
,,Fall Creek Elementary,,Eau Claire,78.0,Kindergarten
,,Florence Elementary,,Florence,80.0,Kindergarten
,,Brandon Elementary,,Fond du Lac,85.0,Kindergarten
,,Saint Matthew Grade School,,Fond du Lac,75.0,Kindergarten
,,Campbellsport Elementary,,Fond du Lac,94.0,Kindergarten
,,Eden Elementary,,Fond du Lac,88.0,Kindergarten
,,Fond du Lac Christian School,,Fond du Lac,73.0,Kindergarten
,,Redeemer Lutheran Grade School,,Fond du Lac,75.0,Kindergarten
,,Riverside Elementary -Fond du Lac,,Fond du Lac,78.0,Kindergarten
,,Roberts Elementary,,Fond du Lac,79.0,Kindergarten
,,Chegwin Elementary,,Fond du Lac,81.0,Kindergarten
,,Parkside Elementary - Fond du Lac,,Fond du Lac,82.0,Kindergarten
,,Faith Lutheran School - Fond du Lac,,Fond du Lac,85.0,Kindergarten
,,Lakeshore Elementary - Fond du Lac,,Fond du Lac,85.0,Kindergarten
,,Evans Elementary,,Fond du Lac,86.0,Kindergarten
,,Saint Peters Lutheran Gr School - Fond du Lac,,Fond du Lac,90.0,Kindergarten
,,Rosenow Elementary,,Fond du Lac,92.0,Kindergarten
,,Pier Elementary,,Fond du Lac,95.0,Kindergarten
,,Saint Mary's Springs Academy,,Fond du Lac,95.0,Kindergarten
,,Waters Elementary,,Fond du Lac,95.0,Kindergarten
,,SAGES,,Fond du Lac,76.0,Kindergarten
,,Saint Pauls Lutheran School - Mount Calvary,,Fond du Lac,80.0,Kindergarten
,,Friendship Learning Elementary,,Fond du Lac,90.0,Kindergarten
,,Oakfield Elementary,,Fond du Lac,78.0,Kindergarten
,,Saint Lukes Lutheran School- Oakfield,,Fond du Lac,82.0,Kindergarten
,,Barlow Park Charter School,,Fond du Lac,66.0,Kindergarten
,,Rosendale Primary,,Fond du Lac,95.0,Kindergarten
,,Meadow View Primary,,Fond du Lac,90.0,Kindergarten
,,Central WI Christian School,,Fond du Lac,93.0,Kindergarten
,,Crandon Elementary,,Forest,90.0,Kindergarten
,,Robinson Elementary - Laona,,Forest,83.0,Kindergarten
,,Wabeno Elementary,,Forest,95.0,Kindergarten
,,Boscobel Elementary,,Grant,85.0,Kindergarten
,,Cassville Elementary,,Grant,83.0,Kindergarten
,,Saint Rose of Lima School,,Grant,70.0,Kindergarten
,,HolyGhostImmaculateConception- Dickeyville,,Grant,88.0,Kindergarten
,,Fennimore Elementary,,Grant,78.0,Kindergarten
,,Saint Joseph Grade School - Hazel Green,,Grant,85.0,Kindergarten
,,Saint Clement School,,Grant,76.0,Kindergarten
,,Winskill Elementary,,Grant,95.0,Kindergarten
,,Riverdale Elementary,,Grant,84.0,Kindergarten
,,River Ridge Elementary,,Grant,93.0,Kindergarten
,,Neal Wilkins Early Learnng Center,,Grant,85.0,Kindergarten
,,Potosi Elementary,,Grant,85.0,Kindergarten
,,Albany Elementary,,Green,79.0,Kindergarten
,,Ronald R Albrecht Elementary,,Green,95.0,Kindergarten
,,Juda Elementary,,Green,69.0,Kindergarten
,,Parkside Elementary - Monroe,,Green,80.0,Kindergarten
,,Abraham Lincoln Elementary,,Green,95.0,Kindergarten
,,Northside Elementary - Monroe,,Green,95.0,Kindergarten
,,Saint Victor Grade School,,Green,95.0,Kindergarten
,,Monticello Elementary,,Green,94.0,Kindergarten
,,New Glarus Elementary,,Green,92.0,Kindergarten
,,All Saints Catholic School - Berlin,,Green Lake,73.0,Kindergarten
,,Clay Lamberton Elementary,,Green Lake,90.0,Kindergarten
,,Green Lake Elementary,,Green Lake,82.0,Kindergarten
,,Markesan Primary,,Green Lake,91.0,Kindergarten
,,Princeton School,,Green Lake,95.0,Kindergarten
,,Barneveld Elementary,,Iowa,90.0,Kindergarten
,,Dodgeville Elementary,,Iowa,86.0,Kindergarten
,,Mineral Point Elementary,,Iowa,88.0,Kindergarten
,,Hurley Elementary,,Iron,82.0,Kindergarten
,,Forrest Street Early Lrng Center,,Jackson,85.0,Kindergarten
,,Melrose-Mindoro Elementary,,Jackson,74.0,Kindergarten
,,Lincoln Elementary - Merrillan,,Jackson,79.0,Kindergarten
,,Eagle Elementary,,Jefferson,83.0,Kindergarten
,,Saint Joseph Grade School - Fort Atkinson,,Jefferson,73.0,Kindergarten
,,Crown of Life Christian Academy,,Jefferson,78.0,Kindergarten
,,Saint Paul's Lutheran School - Fort Atkinson,,Jefferson,83.0,Kindergarten
,,Barrie Elementary,,Jefferson,84.0,Kindergarten
,,Rockwell Elementary,,Jefferson,90.0,Kindergarten
,,Luther Elementary,,Jefferson,93.0,Kindergarten
,,Purdy Elementary,,Jefferson,93.0,Kindergarten
,,West Elementary - Jefferson,,Jefferson,82.0,Kindergarten
,,East Elementary - Jefferson,,Jefferson,92.0,Kindergarten
,,Johnson Creek Public School,,Jefferson,95.0,Kindergarten
,,Saint Paul Evang Lutheran School - Lake Mills,,Jefferson,86.0,Kindergarten
,,Lake Mills Elementary,,Jefferson,95.0,Kindergarten
,,Palmyra-Eagle Montessori School,,Jefferson,60.0,Kindergarten
,,Sullivan Elementary - Jefferson,,Jefferson,95.0,Kindergarten
,,Saint John Ev Lutheran School - Waterloo,,Jefferson,73.0,Kindergarten
,,Waterloo Elementary,,Jefferson,92.0,Kindergarten
,,Calvary Baptist Christian School - Watertown,,Jefferson,67.0,Kindergarten
,,Saint John's Lutheran School- Watertown,,Jefferson,75.0,Kindergarten
,,Lincoln Elementary - Watertown,,Jefferson,80.0,Kindergarten
,,Good Shepherd Lutheran School - Watertown,,Jefferson,83.0,Kindergarten
,,Douglas Elementary,,Jefferson,86.0,Kindergarten
,,Schurz Elementary,,Jefferson,89.0,Kindergarten
,,Webster Elementary - Watertown,,Jefferson,91.0,Kindergarten
,,Saint Mark's Ev Lutheran School,,Jefferson,95.0,Kindergarten
,,Trinity St. Luke's Luth School,,Jefferson,95.0,Kindergarten
,,Royall Elementary,,Juneau,92.0,Kindergarten
,,Mauston Montessori Charter School,,Juneau,59.0,Kindergarten
,,West Side Elementary - Mauston,,Juneau,85.0,Kindergarten
,,Necedah Elementary,,Juneau,95.0,Kindergarten
,,New Lisbon Elementary,,Juneau,86.0,Kindergarten
,,Wonewoc-Center Elementary,,Juneau,72.0,Kindergarten
,,Bristol Elementary,,Kenosha,87.0,Kindergarten
,,Wheatland Center Elementary,,Kenosha,79.0,Kindergarten
,,Randall Consolidated School,,Kenosha,84.0,Kindergarten
,,Brighton Elementary,,Kenosha,95.0,Kindergarten
,,Grant Elementary - Kenosha,,Kenosha,33.0,Kindergarten
,,Bose Elementary,,Kenosha,39.0,Kindergarten
,,Grewenow Elementary,,Kenosha,41.0,Kindergarten
,,Brass Community School,,Kenosha,45.0,Kindergarten
,,Christian Life School,,Kenosha,61.0,Kindergarten
,,Kenosha Christian Academy,,Kenosha,69.0,Kindergarten
,,Tall Oaks Academy Inc.,,Kenosha,69.0,Kindergarten
,,Dimensions of Learning Academy,,Kenosha,71.0,Kindergarten
,,Strange Elementary,,Kenosha,72.0,Kindergarten
,,Saint Joseph Catholic Academy,,Kenosha,73.0,Kindergarten
,,All Saints Catholic School - Kenosha,,Kenosha,76.0,Kindergarten
,,Southport Elementary,,Kenosha,83.0,Kindergarten
,,KTEC,,Kenosha,85.0,Kindergarten
,,Somers Elementary,,Kenosha,85.0,Kindergarten
,,Kenosha School of Language,,Kenosha,89.0,Kindergarten
,,Kenosha Lutheran Academy,,Kenosha,91.0,Kindergarten
,,Roosevelt Elementary - Kenosha,,Kenosha,91.0,Kindergarten
,,Paris Elementary,,Kenosha,92.0,Kindergarten
,,Nash Elementary,,Kenosha,93.0,Kindergarten
,,Pleasant Prairie Elementary,,Kenosha,86.0,Kindergarten
,,Whittier Elementary - Pleasant Prairie,,Kenosha,91.0,Kindergarten
,,Salem Elementary,,Kenosha,88.0,Kindergarten
,,Riverview Elementary - Silver Lake,,Kenosha,89.0,Kindergarten
,,Trevor-Wilmot Grade,,Kenosha,89.0,Kindergarten
,,Lakewood Elementary,,Kenosha,94.0,Kindergarten
,,Algoma Elementary,,Kewaunee,85.0,Kindergarten
,,Kewaunee Elementary,,Kewaunee,89.0,Kindergarten
,,Saint Mary School- Luxemburg,,Kewaunee,90.0,Kindergarten
,,Luxemburg-Casco Primary,,Kewaunee,95.0,Kindergarten
,,Bangor Elementary,,La Crosse,95.0,Kindergarten
,,Prairie View Elementary - Holmen,,La Crosse,90.0,Kindergarten
,,Sand Lake Elementary,,La Crosse,92.0,Kindergarten
,,Evergreen Elementary - Holmen,,La Crosse,94.0,Kindergarten
,,Viking Elementary,,La Crosse,95.0,Kindergarten
,,Providence Academy - La Crosse,,La Crosse,40.0,Kindergarten
,,Coulee Montessori Charter School,,La Crosse,64.0,Kindergarten
,,First Evang Lutheran School - La Crosse,,La Crosse,74.0,Kindergarten
,,Spence Elementary,,La Crosse,84.0,Kindergarten
,,Summit Environmental School,,La Crosse,84.0,Kindergarten
,,Northside Elementary - La Crosse,,La Crosse,85.0,Kindergarten
,,Hamilton Elementary,,La Crosse,86.0,Kindergarten
,,North Woods International School,,La Crosse,86.0,Kindergarten
,,Cathedral Elementary,,La Crosse,87.0,Kindergarten
,,Sch of Technology and Arts I,,La Crosse,93.0,Kindergarten
,,Emerson Elementary - La Crosse,,La Crosse,95.0,Kindergarten
,,Hintgen Elementary,,La Crosse,95.0,Kindergarten
,,Southern Bluffs Elementary,,La Crosse,95.0,Kindergarten
,,State Road Elementary,,La Crosse,95.0,Kindergarten
,,Saint Paul's Evang Luth School - Onalaska,,La Crosse,65.0,Kindergarten
,,Saint Patricks Elementary - Onalaska,,La Crosse,86.0,Kindergarten
,,Eagle Bluff Elementary,,La Crosse,87.0,Kindergarten
,,Northern Hills Elementary,,La Crosse,95.0,Kindergarten
,,Pertzsch Elementary,,La Crosse,95.0,Kindergarten
,,Coulee Christian School,,La Crosse,67.0,Kindergarten
,,West Salem Elementary,,La Crosse,77.0,Kindergarten
,,Argyle Elementary,,Lafayette,83.0,Kindergarten
,,Belmont Elementary,,Lafayette,93.0,Kindergarten
,,Benton Elementary,,Lafayette,81.0,Kindergarten
,,Pecatonica Elementary,,Lafayette,95.0,Kindergarten
,,Shullsburg Elementary,,Lafayette,74.0,Kindergarten
,,Black Hawk Elementary,,Lafayette,95.0,Kindergarten
,,All Saints Catholic School - Antigo,,Langlade,83.0,Kindergarten
,,East Elementary - Antigo,,Langlade,86.0,Kindergarten
,,Peace Lutheran School- Antigo,,Langlade,86.0,Kindergarten
,,West Elementary - Antigo,,Langlade,86.0,Kindergarten
,,North Elementary - Antigo,,Langlade,94.0,Kindergarten
,,Elcho Elementary,,Langlade,82.0,Kindergarten
,,Saint John Lutheran School - Merrill,,Lincoln,67.0,Kindergarten
,,Trinity Lutheran School- Merrill,,Lincoln,82.0,Kindergarten
,,Saint Francis Xavier Cath School,,Lincoln,88.0,Kindergarten
,,Kate Goodrich Elementary,,Lincoln,89.0,Kindergarten
,,Saint Marys Grade School - Tomahawk,,Lincoln,85.0,Kindergarten
,,Tomahawk Elementary,,Lincoln,90.0,Kindergarten
,,Between the Lakes Virtual Academy,,Manitowoc,29.0,Kindergarten
,,Zielanis Elementary,,Manitowoc,92.0,Kindergarten
,,Trinity Lutheran School - Kiel,,Manitowoc,95.0,Kindergarten
,,Jefferson Elementary - Manitowoc,,Manitowoc,81.0,Kindergarten
,,Monroe Elementary - Manitowoc,,Manitowoc,86.0,Kindergarten
,,Roncalli Catholic Schools-Elem School,,Manitowoc,88.0,Kindergarten
,,First German Evang Luth Gr School,,Manitowoc,89.0,Kindergarten
,,Franklin Elementary - Manitowoc,,Manitowoc,89.0,Kindergarten
,,Jackson Elementary - Manitowoc,,Manitowoc,89.0,Kindergarten
,,Saint John's Evang Lutheran- Manitowoc,,Manitowoc,90.0,Kindergarten
,,Immanuel Evang Lutheran Grade,,Manitowoc,92.0,Kindergarten
,,Madison Elementary - Manitowoc,,Manitowoc,94.0,Kindergarten
,,Riverview Elementary - Manitowoc,,Manitowoc,95.0,Kindergarten
,,Schultz Elementary,,Manitowoc,94.0,Kindergarten
,,Reedsville Elementary,,Manitowoc,85.0,Kindergarten
,,Saint John's Lutheran Grd School - Two Rivers,,Manitowoc,87.0,Kindergarten
,,Koenig Elementary,,Manitowoc,88.0,Kindergarten
,,Magee Elementary - Two Rivers,,Manitowoc,92.0,Kindergarten
,,Valders Elementary,,Manitowoc,95.0,Kindergarten
,,Maple Grove School,,Marathon,71.0,Kindergarten
,,Athens Elementary,,Marathon,95.0,Kindergarten
,,Edgar Elementary,,Marathon,95.0,Kindergarten
,,Saint John School - Edgar,,Marathon,95.0,Kindergarten
,,Hatley Elementary,,Marathon,90.0,Kindergarten
,,Saint Marys Grade School - Marathon,,Marathon,38.0,Kindergarten
,,Marathon Elementary,,Marathon,89.0,Kindergarten
,,Mosinee Elementary,,Marathon,93.0,Kindergarten
,,Riverside Elementary - Ringle,,Marathon,95.0,Kindergarten
,,Rothschild Elementary,,Marathon,90.0,Kindergarten
,,Newman Catholic Elementary School - Rothschild,,Marathon,94.0,Kindergarten
,,Evergreen Elementary - Rothschild,,Marathon,95.0,Kindergarten
,,Saint Peter Lutheran School - Schofield,,Marathon,89.0,Kindergarten
,,Spencer Elementary,,Marathon,95.0,Kindergarten
,,Stratford Elementary,,Marathon,89.0,Kindergarten
,,Faith Christian Academy,,Marathon,57.0,Kindergarten
,,Lincoln Elementary - Wausau,,Marathon,86.0,Kindergarten
,,Hewitt-Texas Elementary,,Marathon,87.0,Kindergarten
,,Trinity Lutheran School- Wausau,,Marathon,88.0,Kindergarten
,,Franklin Elementary - Wausau,,Marathon,89.0,Kindergarten
,,John Marshall Elementary,,Marathon,89.0,Kindergarten
,,Stettin Elementary,,Marathon,91.0,Kindergarten
,,South Mountain Elementary,,Marathon,92.0,Kindergarten
,,Thomas Jefferson Elementary,,Marathon,92.0,Kindergarten
,,Riverview Elementary - Wausau,,Marathon,93.0,Kindergarten
,,WausauAreaMontessoriCharter,,Marathon,94.0,Kindergarten
,,G D Jones Elementary,,Marathon,95.0,Kindergarten
,,Grant Elementary - Wausau,,Marathon,95.0,Kindergarten
,,Hawthorn Hills Elementary,,Marathon,95.0,Kindergarten
,,Maine Elementary,,Marathon,95.0,Kindergarten
,,Mountain View Montessori,,Marathon,95.0,Kindergarten
,,Newman Catholic Elementary School - Wausau,,Marathon,95.0,Kindergarten
,,Rib Mountain Elementary,,Marathon,95.0,Kindergarten
,,Weston Elementary - Weston,,Marathon,84.0,Kindergarten
,,Mountain Bay Elementary,,Marathon,90.0,Kindergarten
,,Coleman Elementary,,Marinette,92.0,Kindergarten
,,Crivitz Elementary,,Marinette,93.0,Kindergarten
,,Marinette Pri,,Marinette,87.0,Kindergarten
,,Trinity Lutheran School - Marinette,,Marinette,92.0,Kindergarten
,,Niagara Elementary,,Marinette,86.0,Kindergarten
,,Pembine Elementary,,Marinette,92.0,Kindergarten
,,Peshtigo Elementary,,Marinette,88.0,Kindergarten
,,Saint John Lutheran School - Peshtigo,,Marinette,90.0,Kindergarten
,,Wausaukee Elementary,,Marinette,95.0,Kindergarten
,,Coloma Elementary,,Marquette,82.0,Kindergarten
,,Endeavor Elementary,,Marquette,73.0,Kindergarten
,,Forest Lane Community School,,Marquette,83.0,Kindergarten
,,Oxford Elementary,,Marquette,91.0,Kindergarten
,,Westfield Elementary,,Marquette,83.0,Kindergarten
,,Keshena Primary,,Menominee,77.0,Kindergarten
,,Menominee Tribal School,,Menominee,80.0,Kindergarten
,,Brown Deer Elementary,,Milwaukee,87.0,Kindergarten
,,Kosciuszko Elementary,,Milwaukee,71.0,Kindergarten
,,Lincoln Elementary - Cudahy,,Milwaukee,89.0,Kindergarten
,,Mitchell Elementary - Cudahy,,Milwaukee,89.0,Kindergarten
,,Jones Elementary - Cudahy,,Milwaukee,95.0,Kindergarten
,,Saint Eugene School,,Milwaukee,95.0,Kindergarten
,,Saint Pauls Lutheran School - Franklin,,Milwaukee,67.0,Kindergarten
,,Indian Community School,,Milwaukee,89.0,Kindergarten
,,Country Dale Elementary,,Milwaukee,92.0,Kindergarten
,,Southwood Glen Elementary,,Milwaukee,94.0,Kindergarten
,,Ben Franklin Elementary,,Milwaukee,95.0,Kindergarten
,,Pleasant View Elementary,,Milwaukee,95.0,Kindergarten
,,Robinwood Elementary,,Milwaukee,95.0,Kindergarten
,,North Shore Montessori School,,Milwaukee,61.0,Kindergarten
,,Parkway Elementary,,Milwaukee,91.0,Kindergarten
,,Saint John's Lutheran School- Glendale,,Milwaukee,95.0,Kindergarten
,,Highland View Elementary,,Milwaukee,88.0,Kindergarten
,,Canterbury Elementary,,Milwaukee,91.0,Kindergarten
,,College Park Elementary,,Milwaukee,91.0,Kindergarten
,,Saint Jacobi Lutheran School,,Milwaukee,80.0,Kindergarten
,,Our Father's Lutheran School,,Milwaukee,85.0,Kindergarten
,,Glenwood Elementary,,Milwaukee,89.0,Kindergarten
,,Maple Grove Elementary,,Milwaukee,90.0,Kindergarten
,,Edgewood Elementary - Greenfield,,Milwaukee,93.0,Kindergarten
,,Elm Dale Elementary,,Milwaukee,94.0,Kindergarten
,,Saint John the Evangelist- Greenfield,,Milwaukee,95.0,Kindergarten
,,Hales Corners Lutheran School,,Milwaukee,90.0,Kindergarten
,,Edgerton Elementary,,Milwaukee,95.0,Kindergarten
,,Hales Corners Elementary,,Milwaukee,95.0,Kindergarten
,,Saint Mary Parish School - Hales Corners,,Milwaukee,95.0,Kindergarten
,,Inst of Technology & Academy LC,,Milwaukee,5.0,Kindergarten
,,Grant Gordon Learning Center,,Milwaukee,6.0,Kindergarten
,,Fifty-Third Street Elementary,,Milwaukee,12.0,Kindergarten
,,Neeskara Elementary,,Milwaukee,12.0,Kindergarten
,,Thurston Woods Elementary,,Milwaukee,13.0,Kindergarten
,,Grantosa Drive Elementary,,Milwaukee,19.0,Kindergarten
,,Holmes Elementary,,Milwaukee,19.0,Kindergarten
,,Franklin Elementary - Milwaukee,,Milwaukee,22.0,Kindergarten
,,Keefe Avenue Elementary,,Milwaukee,23.0,Kindergarten
,,Siefert Elementary,,Milwaukee,23.0,Kindergarten
,,Westside Academy,,Milwaukee,23.0,Kindergarten
,,Hawthorne Elementary - Milwaukee,,Milwaukee,26.0,Kindergarten
,,Kagel Elementary,,Milwaukee,26.0,Kindergarten
,,MacDowell Montessori School,,Milwaukee,26.0,Kindergarten
,,Riverwest Elementary,,Milwaukee,26.0,Kindergarten
,,Ninety-Fifth Street Elementary,,Milwaukee,28.0,Kindergarten
,,LaFollette Elementary,,Milwaukee,31.0,Kindergarten
,,Maryland Montessori,,Milwaukee,32.0,Kindergarten
,,Pratt Elementary,,Milwaukee,32.0,Kindergarten
,,Hayes Bilingual School,,Milwaukee,33.0,Kindergarten
,,Milwaukee French Immersion,,Milwaukee,33.0,Kindergarten
,,Stuart Elementary,,Milwaukee,34.0,Kindergarten
,,Gaenslen Elementary,,Milwaukee,35.0,Kindergarten
,,Sherman Elementary - Milwaukee,,Milwaukee,35.0,Kindergarten
,,Hampton Elementary,,Milwaukee,38.0,Kindergarten
,,Milwaukee Academy of Chinese Lang,,Milwaukee,39.0,Kindergarten
,,Atlas Preparatory Academy - Lower Campus,,Milwaukee,40.0,Kindergarten
,,Forest Home Elementary,,Milwaukee,41.0,Kindergarten
,,Kilbourn Elementary,,Milwaukee,41.0,Kindergarten
,,Lincoln Avenue Elementary,,Milwaukee,41.0,Kindergarten
,,Goodrich Elementary,,Milwaukee,42.0,Kindergarten
,,King Jr Elementary,,Milwaukee,43.0,Kindergarten
,,Story Elementary,,Milwaukee,43.0,Kindergarten
,,Emerson Elementary - Milwaukee,,Milwaukee,44.0,Kindergarten
,,Metcalfe Elementary,,Milwaukee,44.0,Kindergarten
,,Obama SCTE,,Milwaukee,44.0,Kindergarten
,,Thoreau Elementary - Milwaukee,,Milwaukee,44.0,Kindergarten
,,Doerfler Elementary,,Milwaukee,45.0,Kindergarten
,,Mitchell Elementary - Milwaukee,,Milwaukee,45.0,Kindergarten
,,Mother of Good Counsel School,,Milwaukee,47.0,Kindergarten
,,Clarke Street Elementary - Milwaukee,,Milwaukee,48.0,Kindergarten
,,Humboldt Park Elementary,,Milwaukee,48.0,Kindergarten
,,Milwaukee Spanish Immersion,,Milwaukee,50.0,Kindergarten
,,Hopkins Lloyd,,Milwaukee,52.0,Kindergarten
,,Eighty-First Street Elementary,,Milwaukee,55.0,Kindergarten
,,River Trail Elementary,,Milwaukee,55.0,Kindergarten
,,Zablocki Elementary,,Milwaukee,55.0,Kindergarten
,,Milwaukee Sign Language Elementary,,Milwaukee,56.0,Kindergarten
,,Rocketship Transformation Prep,,Milwaukee,56.0,Kindergarten
,,Vieau Elementary,,Milwaukee,56.0,Kindergarten
,,Elm Creative Arts Elementary,,Milwaukee,57.0,Kindergarten
,,Lowell International Elementary,,Milwaukee,60.0,Kindergarten
,,Clemens Elementary,,Milwaukee,61.0,Kindergarten
,,Barton Elementary,,Milwaukee,63.0,Kindergarten
,,Morgandale Elementary,,Milwaukee,63.0,Kindergarten
,,Trowbridge Street School,,Milwaukee,64.0,Kindergarten
,,Greenfield Bilingual,,Milwaukee,65.0,Kindergarten
,,Hope Christian Sch: Prima,,Milwaukee,65.0,Kindergarten
,,Lancaster Elementary,,Milwaukee,65.0,Kindergarten
,,Milwaukee German Immersion,,Milwaukee,65.0,Kindergarten
,,Cass Street Elementary,,Milwaukee,67.0,Kindergarten
,,Hillel Academy,,Milwaukee,67.0,Kindergarten
,,Tamarack Waldorf School,,Milwaukee,67.0,Kindergarten
,,Alcott Elementary,,Milwaukee,68.0,Kindergarten
,,Starms Early Childhood,,Milwaukee,68.0,Kindergarten
,,Fratney Elementary,,Milwaukee,71.0,Kindergarten
,,IDEAL,,Milwaukee,71.0,Kindergarten
,,Milwaukee Environmental Science Aca,,Milwaukee,71.0,Kindergarten
,,Parkview Elementary - Milwaukee,,Milwaukee,71.0,Kindergarten
,,Allen-Field Elementary,,Milwaukee,72.0,Kindergarten
,,Garland Elementary,,Milwaukee,72.0,Kindergarten
,,Hope Christian Sch: Semper,,Milwaukee,72.0,Kindergarten
,,Milwaukee Scholars Charter School,,Milwaukee,72.0,Kindergarten
,,Saint Mary Czestochowa,,Milwaukee,73.0,Kindergarten
,,Browning Elementary,,Milwaukee,73.0,Kindergarten
,,Jackson Elementary - Milwaukee,,Milwaukee,73.0,Kindergarten
,,Longfellow Elementary - Milwaukee,,Milwaukee,73.0,Kindergarten
,,Auer Avenue Elementary,,Milwaukee,74.0,Kindergarten
,,Carver Academy,,Milwaukee,74.0,Kindergarten
,,Congress Elementary,,Milwaukee,74.0,Kindergarten
,,Curtin Elementary,,Milwaukee,74.0,Kindergarten
,,Hartford Avenue Elementary,,Milwaukee,75.0,Kindergarten
,,Barbee Elementary,,Milwaukee,76.0,Kindergarten
,,Bryant Elementary - Milwaukee,,Milwaukee,76.0,Kindergarten
,,Brown Street Academy,,Milwaukee,77.0,Kindergarten
,,Burbank Elementary,,Milwaukee,77.0,Kindergarten
,,Burdick Elementary,,Milwaukee,77.0,Kindergarten
,,Catholic East Elementary,,Milwaukee,77.0,Kindergarten
,,Engleburg Elementary,,Milwaukee,77.0,Kindergarten
,,Granville Lutheran School,,Milwaukee,77.0,Kindergarten
,,Rocketship Southside Comm Prep,,Milwaukee,77.0,Kindergarten
,,Victory Elementary,,Milwaukee,77.0,Kindergarten
,,Academy of Accelerated Learning,,Milwaukee,78.0,Kindergarten
,,Bruce Elementary - Milwaukee,,Milwaukee,78.0,Kindergarten
,,Grant Elementary - Milwaukee,,Milwaukee,78.0,Kindergarten
,,Rogers Street Academy,,Milwaukee,78.0,Kindergarten
,,Christ St. Peter Lutheran School - West,,Milwaukee,79.0,Kindergarten
,,Hawley Environmental School,,Milwaukee,79.0,Kindergarten
,,Universal Scholars Academy,,Milwaukee,79.0,Kindergarten
,,Hope Christian Sch: Caritas,,Milwaukee,80.0,Kindergarten
,,Hope Christian Sch: Fidelis,,Milwaukee,80.0,Kindergarten
,,ALBA,,Milwaukee,81.0,Kindergarten
,,Bethune Academy,,Milwaukee,81.0,Kindergarten
,,DLH Academy,,Milwaukee,81.0,Kindergarten
,,Kluge Elementary,,Milwaukee,81.0,Kindergarten
,,Riley Dual Language Montessori,,Milwaukee,81.0,Kindergarten
,,Whitman Elementary,,Milwaukee,81.0,Kindergarten
,,Saint Peter Immanuel Luth School,,Milwaukee,82.0,Kindergarten
,,Saint Vincent Pallotti Cat School,,Milwaukee,82.0,Kindergarten
,,Carson Academy,,Milwaukee,83.0,Kindergarten
,,Saint Margaret Mary School- Milwaukee,,Milwaukee,83.0,Kindergarten
,,Saint Rafael the Archangel School,,Milwaukee,83.0,Kindergarten
,,Bay View Montessori School,,Milwaukee,84.0,Kindergarten
,,Cross Trainers Academy,,Milwaukee,84.0,Kindergarten
,,Downtown Montessori,,Milwaukee,84.0,Kindergarten
,,Clement Avenue Elementary,,Milwaukee,85.0,Kindergarten
,,Craig Montessori School,,Milwaukee,85.0,Kindergarten
,,Garden Homes Lutheran School,,Milwaukee,85.0,Kindergarten
,,Hope Christian Sch: Fortis,,Milwaukee,85.0,Kindergarten
,,Saint Lucas Lutheran School - Milwaukee,,Milwaukee,85.0,Kindergarten
,,Stellar Collegiate,,Milwaukee,85.0,Kindergarten
,,Saint Rose,,Milwaukee,86.0,Kindergarten
,,Fernwood Montessori,,Milwaukee,86.0,Kindergarten
,,Manitoba Elementary,,Milwaukee,86.0,Kindergarten
,,Maple Tree Elementary,,Milwaukee,86.0,Kindergarten
,,Northwest Lutheran School,,Milwaukee,86.0,Kindergarten
,,Salem Evangelical Lutheran School,,Milwaukee,86.0,Kindergarten
,,Fairview Elementary - Milwaukee,,Milwaukee,87.0,Kindergarten
,,Saint John Paul II School,,Milwaukee,87.0,Kindergarten
,,Saint Catherine School,,Milwaukee,88.0,Kindergarten
,,Saint Adalbert School- Milwaukee,,Milwaukee,89.0,Kindergarten
,,Saint John's Lutheran School- Milwaukee,,Milwaukee,90.0,Kindergarten
,,University Sch of Milwaukee,,Milwaukee,90.0,Kindergarten
,,Honey Creek Elementary,,Milwaukee,91.0,Kindergarten
,,Seeds of Health Elementary,,Milwaukee,91.0,Kindergarten
,,Saint Gregory the Great Parish,,Milwaukee,92.0,Kindergarten
,,Milwaukee Jewish Day School,,Milwaukee,93.0,Kindergarten
,,Prince of Peace,,Milwaukee,94.0,Kindergarten
,,Saint Anthony School - Milwaukee,,Milwaukee,94.0,Kindergarten
,,Saint Charles Borromeo Cath- Milwaukee,,Milwaukee,94.0,Kindergarten
,,Saint Joseph Academy,,Milwaukee,94.0,Kindergarten
,,Saint Thomas Aquinas Academy - Milwaukee,,Milwaukee,94.0,Kindergarten
,,Blessed Sacrament Catholic School - Milwaukee,,Milwaukee,95.0,Kindergarten
,,Bruce Guadalupe,,Milwaukee,95.0,Kindergarten
,,Cooper Elementary - Milwaukee,,Milwaukee,95.0,Kindergarten
,,Early View Academy of Excellence,,Milwaukee,95.0,Kindergarten
,,Eastbrook Academy,,Milwaukee,95.0,Kindergarten
,,Highland Community School,,Milwaukee,95.0,Kindergarten
,,"King's Academy Christian Sch, Inc",,Milwaukee,95.0,Kindergarten
,,Milwaukee Seventh Day Adventist School,,Milwaukee,95.0,Kindergarten
,,Milwaukee Montessori School,,Milwaukee,95.0,Kindergarten
,,Mount Lebanon Lutheran School,,Milwaukee,95.0,Kindergarten
,,Notre Dame Sch of Milwaukee,,Milwaukee,95.0,Kindergarten
,,Our Lady Queen of Peace- Milwaukee,,Milwaukee,95.0,Kindergarten
,,Saint Roman Parish School,,Milwaukee,95.0,Kindergarten
,,Saint Sebastian School,,Milwaukee,95.0,Kindergarten
,,Salam School,,Milwaukee,95.0,Kindergarten
,,Stormonth Elementary,,Milwaukee,95.0,Kindergarten
,,Whittier Elementary - Milwaukee,,Milwaukee,95.0,Kindergarten
,,Hoover Elementary - New Berlin,,Milwaukee,89.0,Kindergarten
,,Badger State Baptist School,,Milwaukee,77.0,Kindergarten
,,Cedar Hills Elementary,,Milwaukee,78.0,Kindergarten
,,Shepard Hills Elementary,,Milwaukee,84.0,Kindergarten
,,Deerfield Elementary - Oak Creek,,Milwaukee,88.0,Kindergarten
,,Edgewood Elementary - Oak Creek,,Milwaukee,89.0,Kindergarten
,,Forest Ridge Elementary,,Milwaukee,89.0,Kindergarten
,,Carollton Elementary,,Milwaukee,90.0,Kindergarten
,,Grace Lutheran School - Oak Creek,,Milwaukee,92.0,Kindergarten
,,Meadowview Elementary - Oak Creek,,Milwaukee,95.0,Kindergarten
,,Saint Matthew School,,Milwaukee,95.0,Kindergarten
,,Indian Hill School,,Milwaukee,94.0,Kindergarten
,,Willow Glen Primary,,Milwaukee,94.0,Kindergarten
,,Atwater Elementary,,Milwaukee,92.0,Kindergarten
,,Lake Bluff Elementary,,Milwaukee,95.0,Kindergarten
,,Saint Robert School,,Milwaukee,95.0,Kindergarten
,,E W Luther Elementary,,Milwaukee,76.0,Kindergarten
,,Rawson Elementary,,Milwaukee,80.0,Kindergarten
,,Guidance Academy,,Milwaukee,84.0,Kindergarten
,,Lakeview Elementary - S Milwaukee,,Milwaukee,88.0,Kindergarten
,,Divine Mercy School - S Milwaukee,,Milwaukee,92.0,Kindergarten
,,Blakewood Elementary,,Milwaukee,93.0,Kindergarten
,,Zion Lutheran School - S Milwaukee,,Milwaukee,95.0,Kindergarten
,,Saint Joseph School- Wauwatosa,,Milwaukee,80.0,Kindergarten
,,Christ King School,,Milwaukee,89.0,Kindergarten
,,Saint John's Evang Lutheran- Wauwatosa,,Milwaukee,89.0,Kindergarten
,,Lincoln Elementary - Wauwatosa,,Milwaukee,91.0,Kindergarten
,,Pilgrim Lutheran School - Wauwatosa,,Milwaukee,91.0,Kindergarten
,,Underwood Elementary,,Milwaukee,91.0,Kindergarten
,,Our Redeemer Lutheran School - Wauwatosa,,Milwaukee,92.0,Kindergarten
,,Madison Elementary - Wauwatosa,,Milwaukee,93.0,Kindergarten
,,Roosevelt Elementary - Wauwatosa,,Milwaukee,93.0,Kindergarten
,,Wilson Elementary - Wauwatosa,,Milwaukee,94.0,Kindergarten
,,Eisenhower Elementary - Wauwatosa,,Milwaukee,95.0,Kindergarten
,,Jefferson Elementary - Wauwatosa,,Milwaukee,95.0,Kindergarten
,,McKinley Elementary - Wauwatosa,,Milwaukee,95.0,Kindergarten
,,Saint Jude the Apostle Gr School,,Milwaukee,95.0,Kindergarten
,,Washington Elementary - Wauwatosa,,Milwaukee,95.0,Kindergarten
,,Wauwatosa Montessori School,,Milwaukee,95.0,Kindergarten
,,Wauwatosa STEM,,Milwaukee,95.0,Kindergarten
,,Grace Christian Academy,,Milwaukee,71.0,Kindergarten
,,Mary Queen of Saints Catholic,,Milwaukee,80.0,Kindergarten
,,Walker Elementary,,Milwaukee,80.0,Kindergarten
,,Franklin Elementary - West Allis,,Milwaukee,85.0,Kindergarten
,,Wilson Elementary - West Allis,,Milwaukee,85.0,Kindergarten
,,Horace Mann Elementary,,Milwaukee,88.0,Kindergarten
,,Irving Elementary,,Milwaukee,91.0,Kindergarten
,,Mitchell Elementary - West Allis,,Milwaukee,91.0,Kindergarten
,,Jefferson Elementary - West Allis,,Milwaukee,94.0,Kindergarten
,,Saint Paul's Lutheran School- West Allis,,Milwaukee,94.0,Kindergarten
,,Pershing Elementary,,Milwaukee,69.0,Kindergarten
,,Holy Family School,,Milwaukee,67.0,Kindergarten
,,Cumberland Elementary - Whitefish Bay,,Milwaukee,95.0,Kindergarten
,,Richards Elementary,,Milwaukee,95.0,Kindergarten
,,Saint Monica Grade School,,Milwaukee,95.0,Kindergarten
,,Norwalk-Ontario-Wilton Elementary,,Monroe,89.0,Kindergarten
,,Sparta Montessori School,,Monroe,88.0,Kindergarten
,,Southside Early Learning Center,,Monroe,91.0,Kindergarten
,,Saint Patrick School- Sparta,,Monroe,95.0,Kindergarten
,,Tomah Area Montessori (TAMS),,Monroe,75.0,Kindergarten
,,Miller Elementary,,Monroe,81.0,Kindergarten
,,Queen of the Apostles School,,Monroe,81.0,Kindergarten
,,Lemonweir Elementary,,Monroe,84.0,Kindergarten
,,La Grange Elementary,,Monroe,87.0,Kindergarten
,,Oakdale Elementary,,Monroe,93.0,Kindergarten
,,Saint Paul Lutheran School - Tomah,,Monroe,95.0,Kindergarten
,,Warrens Elementary,,Monroe,79.0,Kindergarten
,,Wyeville Elementary,,Monroe,87.0,Kindergarten
,,Abrams Elementary,,Oconto,83.0,Kindergarten
,,Gillett Elementary,,Oconto,91.0,Kindergarten
,,Lena Elementary,,Oconto,84.0,Kindergarten
,,Oconto Elementary,,Oconto,88.0,Kindergarten
,,Oconto Falls Elementary,,Oconto,93.0,Kindergarten
,,Suring Elementary,,Oconto,82.0,Kindergarten
,,Pelican Elementary,,Oneida,86.0,Kindergarten
,,Nativity of Our Lord Catholic,,Oneida,88.0,Kindergarten
,,Central Elementary,,Oneida,91.0,Kindergarten
,,Crescent Elementary,,Oneida,93.0,Kindergarten
,,Three Lakes Elementary,,Oneida,79.0,Kindergarten
,,Riverview Lutheran School,,Outagamie,76.0,Kindergarten
,,Ronald C Dunlap El School,,Outagamie,76.0,Kindergarten
,,Badger Elementary,,Outagamie,77.0,Kindergarten
,,Saint Paul Lutheran School- Appleton,,Outagamie,79.0,Kindergarten
,,Mount Olive Evang Luth School,,Outagamie,81.0,Kindergarten
,,Xavier Elementary-Marquette St,,Outagamie,81.0,Kindergarten
,,Jefferson Elementary - Appleton,,Outagamie,83.0,Kindergarten
,,Stephen Foster El Charter,,Outagamie,83.0,Kindergarten
,,Horizons Elementary - Appleton,,Outagamie,86.0,Kindergarten
,,Johnston Elementary,,Outagamie,86.0,Kindergarten
,,Columbus Elementary - Appleton,,Outagamie,87.0,Kindergarten
,,Franklin Elementary - Appleton,,Outagamie,88.0,Kindergarten
,,Richmond Elementary - Appleton,,Outagamie,88.0,Kindergarten
,,Classical School,,Outagamie,90.0,Kindergarten
,,Highlands Elementary,,Outagamie,90.0,Kindergarten
,,Edison Elementary,,Outagamie,91.0,Kindergarten
,,Holy Spirit Catholic School,,Outagamie,91.0,Kindergarten
,,Appleton Bilingual School,,Outagamie,92.0,Kindergarten
,,Houdini Elementary,,Outagamie,92.0,Kindergarten
,,McKinley Elementary - Appleton,,Outagamie,92.0,Kindergarten
,,Huntley Elementary,,Outagamie,93.0,Kindergarten
,,Fox River Academy,,Outagamie,94.0,Kindergarten
,,Sunrise Elementary - Appleton,,Outagamie,94.0,Kindergarten
,,Berry Elementary,,Outagamie,95.0,Kindergarten
,,Ferber Elementary,,Outagamie,95.0,Kindergarten
,,Woodland School,,Outagamie,95.0,Kindergarten
,,Black Creek Elementary,,Outagamie,83.0,Kindergarten
,,Janssen Elementary,,Outagamie,95.0,Kindergarten
,,Saint Peter Lutheran School - Freedom,,Outagamie,68.0,Kindergarten
,,Saint Nicholas Catholic School,,Outagamie,92.0,Kindergarten
,,Freedom Elementary,,Outagamie,95.0,Kindergarten
,,Appleton Public Montessori,,Outagamie,80.0,Kindergarten
,,Immanuel Evangelical Lutheran,,Outagamie,75.0,Kindergarten
,,Saint Mary of the Imm Concep,,Outagamie,87.0,Kindergarten
,,Greenville Elementary,,Outagamie,93.0,Kindergarten
,,North Greenville Elementary,,Outagamie,95.0,Kindergarten
,,Bethlehem Lutheran School - Hortonville,,Outagamie,70.0,Kindergarten
,,Hortonville Elementary,,Outagamie,89.0,Kindergarten
,,Saint Ignatius of Loyola Cath,,Outagamie,25.0,Kindergarten
,,Park Community Charter School,,Outagamie,89.0,Kindergarten
,,Dr H B Tanner Elementary,,Outagamie,91.0,Kindergarten
,,New Directions Learning Comm,,Outagamie,93.0,Kindergarten
,,Westside Elementary - Kimberly,,Outagamie,89.0,Kindergarten
,,Saint John Grade School - Little Chute,,Outagamie,87.0,Kindergarten
,,Little Chute Elementary,,Outagamie,95.0,Kindergarten
,,Shepherd of the Valley Luth Sc,,Outagamie,83.0,Kindergarten
,,Rock Ledge Elementary,,Outagamie,88.0,Kindergarten
,,Shiocton Elementary,,Outagamie,84.0,Kindergarten
,,First Immanuel Lutheran School,,Ozaukee,84.0,Kindergarten
,,Westlawn Elementary,,Ozaukee,89.0,Kindergarten
,,Thorson Elementary,,Ozaukee,90.0,Kindergarten
,,Parkview Elementary - Cedarburg,,Ozaukee,95.0,Kindergarten
,,Saint Francis Borgia Gr School,,Ozaukee,95.0,Kindergarten
,,Ozaukee Elementary,,Ozaukee,82.0,Kindergarten
,,Divine Savior Catholic School,,Ozaukee,86.0,Kindergarten
,,Saint Paul Lutheran School - Grafton,,Ozaukee,86.0,Kindergarten
,,Woodview Elementary,,Ozaukee,89.0,Kindergarten
,,Saint Joseph Parish School - Grafton,,Ozaukee,93.0,Kindergarten
,,Kennedy Elementary - Grafton,,Ozaukee,95.0,Kindergarten
,,Trinity Lutheran School- Mecquon,,Ozaukee,78.0,Kindergarten
,,Oriole Lane Elementary,,Ozaukee,89.0,Kindergarten
,,Donges Bay Elementary,,Ozaukee,93.0,Kindergarten
,,Wilson Elementary - Mequon,,Ozaukee,94.0,Kindergarten
,,Lumen Christi Catholic School,,Ozaukee,95.0,Kindergarten
,,Riveredge Outdoor Learning Elementary,,Ozaukee,79.0,Kindergarten
,,Dunwiddie Elementary,,Ozaukee,84.0,Kindergarten
,,Saint John XXIII Catholic School,,Ozaukee,87.0,Kindergarten
,,Lincoln Elementary - Port Washington,,Ozaukee,90.0,Kindergarten
,,Saukville Elementary,,Ozaukee,80.0,Kindergarten
,,Caddie Woodlawn Elementary,,Pepin,87.0,Kindergarten
,,Assumption Catholic School,,Pepin,91.0,Kindergarten
,,Pepin Elementary,,Pepin,82.0,Kindergarten
,,Saint Francis School,,Pierce,80.0,Kindergarten
,,Ellsworth Elementary,,Pierce,90.0,Kindergarten
,,Elmwood Elementary - Elmwood,,Pierce,79.0,Kindergarten
,,Plum City Elementary,,Pierce,95.0,Kindergarten
,,Saint Joseph Parish School - Prescott,,Pierce,88.0,Kindergarten
,,Malone Elementary,,Pierce,89.0,Kindergarten
,,Saint Bridget Parish School,,Pierce,69.0,Kindergarten
,,River Falls Public Montessori,,Pierce,72.0,Kindergarten
,,Greenwood Elementary - River Falls,,Pierce,76.0,Kindergarten
,,Rocky Branch Elementary,,Pierce,88.0,Kindergarten
,,Westside Elementary - River Falls,,Pierce,90.0,Kindergarten
,,Spring Valley Elementary,,Pierce,94.0,Kindergarten
,,Lien Elementary,,Polk,78.0,Kindergarten
,,Unity Elementary,,Polk,90.0,Kindergarten
,,Clayton Elementary - Clayton,,Polk,86.0,Kindergarten
,,Gaylord A Nelson Educ Center,,Polk,75.0,Kindergarten
,,Frederic Elementary,,Polk,86.0,Kindergarten
,,Luck Elementary,,Polk,87.0,Kindergarten
,,Osceola Elementary,,Polk,94.0,Kindergarten
,,Dresser Elementary,,Polk,89.0,Kindergarten
,,Almond-Bancroft Elementary,,Portage,95.0,Kindergarten
,,Amherst Elementary,,Portage,91.0,Kindergarten
,,Kennedy Elementary - Junction City,,Portage,92.0,Kindergarten
,,Pacelli Cath El St Bronislava,,Portage,80.0,Kindergarten
,,Roosevelt Elementary - Plover,,Portage,89.0,Kindergarten
,,Plover-Whiting Elementary,,Portage,95.0,Kindergarten
,,Rosholt Elementary,,Portage,89.0,Kindergarten
,,Jefferson Elementary - Stevens Point,,Portage,82.0,Kindergarten
,,McDill Elementary,,Portage,82.0,Kindergarten
,,Madison Elementary - Stevens Point,,Portage,84.0,Kindergarten
,,McKinley Center,,Portage,88.0,Kindergarten
,,Saint Paul Lutheran Grade School - Stevens Point,,Portage,88.0,Kindergarten
,,Washington Elementary - Stevens Point,,Portage,89.0,Kindergarten
,,Bannach Elementary,,Portage,95.0,Kindergarten
,,Pacelli Cath El St Stephen,,Portage,95.0,Kindergarten
,,Park Falls Elementary,,Price,74.0,Kindergarten
,,Phillips Elementary,,Price,72.0,Kindergarten
,,Prentice Elementary,,Price,69.0,Kindergarten
,,Saint John's Lutheran School- Burlington,,Racine,64.0,Kindergarten
,,Cooper Elementary - Burlington,,Racine,78.0,Kindergarten
,,Waller Elementary,,Racine,83.0,Kindergarten
,,Dr Edward G Dyer School,,Racine,84.0,Kindergarten
,,Winkler Elementary,,Racine,84.0,Kindergarten
,,Burlington Catholic School,,Racine,88.0,Kindergarten
,,Trinity Lutheran Sch Wis Synod,,Racine,79.0,Kindergarten
,,Raymond Elementary,,Racine,82.0,Kindergarten
,,Drought Elementary,,Racine,93.0,Kindergarten
,,North Cape Elementary,,Racine,94.0,Kindergarten
,,EverGreen Academy,,Racine,82.0,Kindergarten
,,Wisconsin Lutheran School - Racine,,Racine,54.0,Kindergarten
,,Hope Christian Sch: Via,,Racine,63.0,Kindergarten
,,Julian Thomas Elementary,,Racine,68.0,Kindergarten
,,Trinity Lutheran Sch LC-MS,,Racine,68.0,Kindergarten
,,Starbuck - An IB World School,,Racine,72.0,Kindergarten
,,Knapp Elementary - Racine,,Racine,73.0,Kindergarten
,,Johnson Elementary,,Racine,74.0,Kindergarten
,,Roosevelt Elementary - Racine,,Racine,74.0,Kindergarten
,,Racine Montessori School,,Racine,75.0,Kindergarten
,,Mitchell School,,Racine,77.0,Kindergarten
,,Jerstad-Agerholm School,,Racine,78.0,Kindergarten
,,Wadewitz Elementary,,Racine,78.0,Kindergarten
,,Fratt Elementary,,Racine,79.0,Kindergarten
,,O Brown Elementary,,Racine,79.0,Kindergarten
,,Racine Christian School,,Racine,79.0,Kindergarten
,,21st Century Prep School,,Racine,81.0,Kindergarten
,,Renaissance Lutheran School- Taylor,,Racine,81.0,Kindergarten
,,Renaissance Lutheran School- Villa,,Racine,83.0,Kindergarten
,,Gifford School,,Racine,85.0,Kindergarten
,,RUSD Montessori,,Racine,87.0,Kindergarten
,,Sonnenberg Schools,,Racine,89.0,Kindergarten
,,Siena Catholic Schools-St. Lucy,,Racine,90.0,Kindergarten
,,Siena Catholic Schools-Our Lady of Grace Academy,,Racine,92.0,Kindergarten
,,Gilmore Fine Arts School,,Racine,93.0,Kindergarten
,,Siena Catholic Schools-St. Joseph School,,Racine,94.0,Kindergarten
,,Red Apple Elementary,,Racine,95.0,Kindergarten
,,Saint John's Lutheran School- Racine,,Racine,95.0,Kindergarten
,,Siena Catholic Schools-St. Sebastian STEM Academy,,Racine,95.0,Kindergarten
,,Siena Catholic Schools-St. Rita,,Racine,95.0,Kindergarten
,,Siena Catholic Schools-John Paul II Academy,,Racine,95.0,Kindergarten
,,Schulte Elementary,,Racine,76.0,Kindergarten
,,Concordia Lutheran School,,Racine,95.0,Kindergarten
,,Union Grove Elementary,,Racine,83.0,Kindergarten
,,Yorkville Elementary,,Racine,83.0,Kindergarten
,,Woodfield Elementary,,Racine,76.0,Kindergarten
,,Trailside Elementary,,Racine,87.0,Kindergarten
,,Washington Elementary - Waterford,,Racine,91.0,Kindergarten
,,Evergreen Elementary - Waterford,,Racine,95.0,Kindergarten
,,Prairie School,,Racine,91.0,Kindergarten
,,Saint Mary of the Assumption,,Richland,74.0,Kindergarten
,,Richland Center Primary School,,Richland,75.0,Kindergarten
,,Ithaca Elementary,,Richland,86.0,Kindergarten
,,Gaston Elementary,,Rock,86.0,Kindergarten
,,Converse Elementary,,Rock,87.0,Kindergarten
,,Robinson Elementary - Beloit,,Rock,88.0,Kindergarten
,,Powers Elementary,,Rock,90.0,Kindergarten
,,Hackett Elementary,,Rock,91.0,Kindergarten
,,The Lincoln Academy,,Rock,92.0,Kindergarten
,,Merrill Elementary - Beloit,,Rock,95.0,Kindergarten
,,Our Lady of Assumption Gr School,,Rock,95.0,Kindergarten
,,Todd Elementary,,Rock,95.0,Kindergarten
,,Clinton Elementary,,Rock,91.0,Kindergarten
,,Edgerton Community Elementary,,Rock,89.0,Kindergarten
,,Yahara Elementary - Edgerton,,Rock,90.0,Kindergarten
,,Levi Leonard Elementary,,Rock,90.0,Kindergarten
,,Oakhill Christian School,,Rock,50.0,Kindergarten
,,Rock Co Chr School -Janesville,,Rock,54.0,Kindergarten
,,Wilson Elementary - Janesville,,Rock,73.0,Kindergarten
,,Madison Elementary - Janesville,,Rock,80.0,Kindergarten
,,Van Buren Elementary,,Rock,80.0,Kindergarten
,,Roosevelt Elementary - Janesville,,Rock,83.0,Kindergarten
,,Kennedy Elementary - Janesville,,Rock,88.0,Kindergarten
,,Saint Paul's Lutheran School- Janesville,,Rock,88.0,Kindergarten
,,Adams Elementary,,Rock,89.0,Kindergarten
,,Jackson Elementary - Janesville,,Rock,89.0,Kindergarten
,,Jefferson Elementary - Janesville,,Rock,90.0,Kindergarten
,,Harmony Elementary,,Rock,91.0,Kindergarten
,,Washington Elementary - Janesville,,Rock,91.0,Kindergarten
,,Monroe Elementary - Janesville,,Rock,92.0,Kindergarten
,,Lincoln Elementary - Janesville,,Rock,94.0,Kindergarten
,,Rock Prairie Montessori Inc,,Rock,94.0,Kindergarten
,,Consolidated Elementary,,Rock,95.0,Kindergarten
,,Harrison Elementary,,Rock,95.0,Kindergarten
,,Saint John Vianney Cath School - Janesville,,Rock,95.0,Kindergarten
,,Saint William Grade School,,Rock,95.0,Kindergarten
,,West Elementary - Milton,,Rock,88.0,Kindergarten
,,East Elementary - Milton,,Rock,95.0,Kindergarten
,,Parkview Elementary - Orfordville,,Rock,93.0,Kindergarten
,,Bruce Elementary - Bruce,,Rusk,93.0,Kindergarten
,,Ladysmith Elementary,,Rusk,88.0,Kindergarten
,,Flambeau Elementary,,Rusk,82.0,Kindergarten
,,Greenfield Elementary,,Saint Croix,81.0,Kindergarten
,,Houlton Elementary,,Saint Croix,94.0,Kindergarten
,,Trinity Academy,,Saint Croix,77.0,Kindergarten
,,River Crest Elementary,,Saint Croix,78.0,Kindergarten
,,Rock Elementary,,Saint Croix,81.0,Kindergarten
,,Saint Patrick Catholic School - Hudson,,Saint Croix,84.0,Kindergarten
,,Willow River Elementary,,Saint Croix,85.0,Kindergarten
,,North Hudson Elementary,,Saint Croix,86.0,Kindergarten
,,Hudson Prairie Elementary,,Saint Croix,87.0,Kindergarten
,,Saint Marys School - New Richmond,,Saint Croix,67.0,Kindergarten
,,New Richmond Paperjack Elementary,,Saint Croix,79.0,Kindergarten
,,New Richmond Hillside Elementary,,Saint Croix,91.0,Kindergarten
,,New Richmond Starr Elementary,,Saint Croix,91.0,Kindergarten
,,Saint Croix Central Elementary,,Saint Croix,81.0,Kindergarten
,,Saint Anne Grade School - Somerset,,Saint Croix,38.0,Kindergarten
,,Somerset Elementary,,Saint Croix,55.0,Kindergarten
,,Community Christian School,,Sauk,67.0,Kindergarten
,,West Elementary -KG Center,,Sauk,76.0,Kindergarten
,,Saint John's Lutheran School - Baraboo,,Sauk,80.0,Kindergarten
,,Saint Joseph School - Baraboo,,Sauk,81.0,Kindergarten
,,Al Behrman Elementary,,Sauk,86.0,Kindergarten
,,East Elementary - Baraboo,,Sauk,86.0,Kindergarten
,,Willson Elementary,,Sauk,92.0,Kindergarten
,,Lake Delton Elementary,,Sauk,91.0,Kindergarten
,,Merrimac Community,,Sauk,75.0,Kindergarten
,,North Freedom Elementary,,Sauk,89.0,Kindergarten
,,River Valley Early Learning,,Sauk,85.0,Kindergarten
,,Tower Rock Elementary,,Sauk,73.0,Kindergarten
,,Bridges Elementary,,Sauk,95.0,Kindergarten
,,Pineview Elementary,,Sauk,81.0,Kindergarten
,,West Side Elementary - Reedsburg,,Sauk,83.0,Kindergarten
,,Sacred Heart Grade School - Reedsburg,,Sauk,95.0,Kindergarten
,,Saint Peters Lutheran School- Reedsburg,,Sauk,95.0,Kindergarten
,,Spring Hill Elementary,,Sauk,88.0,Kindergarten
,,Hayward Pri,,Sawyer,86.0,Kindergarten
,,Birnamwood Elementary,,Shawano,90.0,Kindergarten
,,Bonduel Elementary,,Shawano,85.0,Kindergarten
,,Saint Paul Lutheran School- Bonduel,,Shawano,85.0,Kindergarten
,,Bowler Elementary,,Shawano,87.0,Kindergarten
,,Gresham Elementary,,Shawano,80.0,Kindergarten
,,Sacred Heart Catholic School,,Shawano,58.0,Kindergarten
,,LEADS Primary Charter School,,Shawano,90.0,Kindergarten
,,Hillcrest Primary School,,Shawano,93.0,Kindergarten
,,Saint James Lutheran School,,Shawano,95.0,Kindergarten
,,Tigerton Elementary,,Shawano,94.0,Kindergarten
,,Wittenberg Elementary,,Shawano,91.0,Kindergarten
,,Cedar Grove-Belgium Elementary,,Sheboygan,86.0,Kindergarten
,,Cleveland Elementary,,Sheboygan,93.0,Kindergarten
,,Saint Paul's Lutheran School- Howards Grove,,Sheboygan,93.0,Kindergarten
,,Northview Elementary,,Sheboygan,94.0,Kindergarten
,,Kohler Elementary,,Sheboygan,92.0,Kindergarten
,,Oostburg Christian School,,Sheboygan,82.0,Kindergarten
,,Oostburg Elementary,,Sheboygan,92.0,Kindergarten
,,Horizon Elementary - Plymouth,,Sheboygan,74.0,Kindergarten
,,Saint John Lutheran School - Plymouth,,Sheboygan,76.0,Kindergarten
,,Parkview Elementary - Plymouth,,Sheboygan,82.0,Kindergarten
,,Fairview Elementary - Plymouth,,Sheboygan,90.0,Kindergarten
,,Saint John the Baptist Gr School - Plymouth,,Sheboygan,92.0,Kindergarten
,,Random Lake Elementary,,Sheboygan,88.0,Kindergarten
,,Bethlehem Lutheran School- Sheboygan,,Sheboygan,80.0,Kindergarten
,,Sheboygan Leadership Academy,,Sheboygan,81.0,Kindergarten
,,Longfellow Elementary - Sheboygan,,Sheboygan,84.0,Kindergarten
,,Sheridan Elementary,,Sheboygan,87.0,Kindergarten
,,Cooper Elementary - Sheboygan,,Sheboygan,88.0,Kindergarten
,,Pigeon River Elementary,,Sheboygan,88.0,Kindergarten
,,Jefferson Elementary - Sheboygan,,Sheboygan,89.0,Kindergarten
,,Trinity Lutheran School- Sheboygan,,Sheboygan,89.0,Kindergarten
,,Jackson Elementary - Sheboygan,,Sheboygan,91.0,Kindergarten
,,Etude Elementary,,Sheboygan,92.0,Kindergarten
,,Lake Country Academy - Charter,,Sheboygan,92.0,Kindergarten
,,Grant Elementary - Sheboygan,,Sheboygan,93.0,Kindergarten
,,James Madison Elementary,,Sheboygan,93.0,Kindergarten
,,Wilson Elementary - Sheboygan,,Sheboygan,93.0,Kindergarten
,,Lincoln-Erdman Elementary,,Sheboygan,95.0,Kindergarten
,,Sheboygan Christian School,,Sheboygan,95.0,Kindergarten
,,Sheboygan Falls Elementary,,Sheboygan,89.0,Kindergarten
,,Gilman Elementary,,Taylor,76.0,Kindergarten
,,Holy Rosary Catholic School- Medford,,Taylor,53.0,Kindergarten
,,Medford Elementary,,Taylor,88.0,Kindergarten
,,Rib Lake Elementary,,Taylor,85.0,Kindergarten
,,Stetsonville Elementary,,Taylor,95.0,Kindergarten
,,Holy Family Cath Gr School,,Trempealeau,94.0,Kindergarten
,,Arcadia Elementary,,Trempealeau,95.0,Kindergarten
,,Ettrick Elementary,,Trempealeau,93.0,Kindergarten
,,Galesville Elementary,,Trempealeau,77.0,Kindergarten
,,Independence Elementary,,Trempealeau,83.0,Kindergarten
,,Osseo-Fairchild Elementary,,Trempealeau,76.0,Kindergarten
,,Eleva-Strum Elementary,,Trempealeau,84.0,Kindergarten
,,Trempealeau Elementary,,Trempealeau,88.0,Kindergarten
,,Whitehall Memorial Elementary,,Trempealeau,91.0,Kindergarten
,,Coon Valley Elementary,,Vernon,94.0,Kindergarten
,,Prairie View Elementary - De Soto,,Vernon,62.0,Kindergarten
,,Hillsboro Elementary,,Vernon,88.0,Kindergarten
,,Saint Matthews Ev Lutheran School - Stoddard,,Vernon,18.0,Kindergarten
,,Stoddard Elementary,,Vernon,80.0,Kindergarten
,,Kickapoo Elementary,,Vernon,74.0,Kindergarten
,,Pleasant Ridge Waldorf School,,Vernon,19.0,Kindergarten
,,Viroqua Elementary,,Vernon,78.0,Kindergarten
,,Viroqua Area Montessori School,,Vernon,93.0,Kindergarten
,,Westby Elementary,,Vernon,88.0,Kindergarten
,,Arbor Vitae-Woodruff Elementary,,Vilas,88.0,Kindergarten
,,Northland Pines Elementary -Eagle River,,Vilas,83.0,Kindergarten
,,Lac du Flambeau Elementary,,Vilas,79.0,Kindergarten
,,North Lakeland Elementary,,Vilas,85.0,Kindergarten
,,Northland Pines Montessori,,Vilas,75.0,Kindergarten
,,Northland Pines Elementary -St Germain,,Vilas,86.0,Kindergarten
,,Delavan Christian School,,Walworth,60.0,Kindergarten
,,Saint Andrew Parish School,,Walworth,87.0,Kindergarten
,,Our Redeemer Lutheran School - Delavan,,Walworth,92.0,Kindergarten
,,Little Prairie Primary,,Walworth,87.0,Kindergarten
,,Elkhorn Options Virtual School,,Walworth,42.0,Kindergarten
,,Jackson Elementary - Elkhorn,,Walworth,86.0,Kindergarten
,,Tibbets Elementary,,Walworth,91.0,Kindergarten
,,West Side Elementary - Elkhorn,,Walworth,95.0,Kindergarten
,,Fontana Elementary,,Walworth,92.0,Kindergarten
,,Brookwood Elementary,,Walworth,82.0,Kindergarten
,,Star Center Elementary,,Walworth,77.0,Kindergarten
,,Central - Denison Elementary,,Walworth,80.0,Kindergarten
,,Saint Francis de Sales Par School - Lake Geneva,,Walworth,80.0,Kindergarten
,,Reek Elementary,,Walworth,89.0,Kindergarten
,,Traver Elementary,,Walworth,91.0,Kindergarten
,,Sharon Community,,Walworth,85.0,Kindergarten
,,Walworth Elementary,,Walworth,91.0,Kindergarten
,,Lakeview Elementary - Whitewater,,Walworth,91.0,Kindergarten
,,Washington Elementary - Whitewater,,Walworth,93.0,Kindergarten
,,Lincoln Elementary - Whitewater,,Walworth,95.0,Kindergarten
,,Faith Christian School - Williams Bay,,Walworth,47.0,Kindergarten
,,Birchwood Elementary,,Washburn,95.0,Kindergarten
,,Northwood Elementary,,Washburn,68.0,Kindergarten
,,Shell Lake Primary (K-2),,Washburn,68.0,Kindergarten
,,Saint Francis de Sales Gr School - Spooner,,Washburn,80.0,Kindergarten
,,Spooner Elementary,,Washburn,82.0,Kindergarten
,,Allenton Elementary,,Washington,94.0,Kindergarten
,,Amy Belle Elementary,,Washington,95.0,Kindergarten
,,Rockfield Elementary,,Washington,87.0,Kindergarten
,,County Line Elementary,,Washington,91.0,Kindergarten
,,MacArthur Elementary - Germantown,,Washington,92.0,Kindergarten
,,Peace Lutheran School- Hartford,,Washington,64.0,Kindergarten
,,Lincoln Elementary - Hartford,,Washington,79.0,Kindergarten
,,Rossman Elementary,,Washington,85.0,Kindergarten
,,Addison Elementary,,Washington,86.0,Kindergarten
,,Erin Elementary,,Washington,88.0,Kindergarten
,,Friess Lake Elementary,,Washington,85.0,Kindergarten
,,David's Star Lutheran School,,Washington,83.0,Kindergarten
,,Jackson Elementary - Jackson,,Washington,95.0,Kindergarten
,,Farmington Elementary,,Washington,78.0,Kindergarten
,,Holy Trinity Grade School,,Washington,82.0,Kindergarten
,,Bethlehem Evang Luth School,,Washington,75.0,Kindergarten
,,Saint Peter Catholic School - Slinger,,Washington,82.0,Kindergarten
,,Slinger Elementary,,Washington,91.0,Kindergarten
,,Ozaukee Christian School,,Washington,40.0,Kindergarten
,,Saint John's Lutheran School- West Bend,,Washington,76.0,Kindergarten
,,Good Shepherd Evang Luth School,,Washington,79.0,Kindergarten
,,Decorah Elementary,,Washington,85.0,Kindergarten
,,Fair Park Elementary,,Washington,86.0,Kindergarten
,,Holy Angels Grade School,,Washington,89.0,Kindergarten
,,Green Tree Elementary,,Washington,90.0,Kindergarten
,,McLane Elementary,,Washington,90.0,Kindergarten
,,Saint Frances Cabrini School,,Washington,95.0,Kindergarten
,,Big Bend Elementary,,Waukesha,95.0,Kindergarten
,,Christ Lutheran School - Big Bend,,Waukesha,95.0,Kindergarten
,,Saint John Vianney Grade School - Brookfield,,Waukesha,88.0,Kindergarten
,,Saint Dominic Catholic Gr School,,Waukesha,91.0,Kindergarten
,,Brookfield Christian School,,Waukesha,93.0,Kindergarten
,,Dixon Elementary,,Waukesha,93.0,Kindergarten
,,Burleigh Elementary,,Waukesha,94.0,Kindergarten
,,Brookfield Academy,,Waukesha,95.0,Kindergarten
,,Brookfield Elementary,,Waukesha,95.0,Kindergarten
,,Swanson Elementary,,Waukesha,95.0,Kindergarten
,,Saint Agnes School,,Waukesha,86.0,Kindergarten
,,Cushing Elementary,,Waukesha,83.0,Kindergarten
,,Dousman Elementary,,Waukesha,86.0,Kindergarten
,,Saint Mary Visitation Grade,,Waukesha,30.0,Kindergarten
,,Tonawanda Elementary,,Waukesha,95.0,Kindergarten
,,Magee Elementary - Genesee Depot,,Waukesha,88.0,Kindergarten
,,Divine Redeemer Luth School,,Waukesha,72.0,Kindergarten
,,Lake Country School,,Waukesha,78.0,Kindergarten
,,Swallow Elementary,,Waukesha,88.0,Kindergarten
,,North Elementary - Hartland,,Waukesha,89.0,Kindergarten
,,Saint Charles Parish School - Hartland,,Waukesha,95.0,Kindergarten
,,Ixonia Elementary,,Waukesha,93.0,Kindergarten
,,Saint John's Lutheran School- Lannon,,Waukesha,92.0,Kindergarten
,,Lannon Elementary,,Waukesha,95.0,Kindergarten
,,Aquinas Academy,,Waukesha,56.0,Kindergarten
,,Grace Lutheran School- Menomonee Falls,,Waukesha,74.0,Kindergarten
,,Shady Lane Elementary,,Waukesha,90.0,Kindergarten
,,Benjamin Franklin El&Early Lrn,,Waukesha,93.0,Kindergarten
,,Pilgrim Evang Lutheran School,,Waukesha,94.0,Kindergarten
,,Marcy Elementary,,Waukesha,95.0,Kindergarten
,,Saint Mary Parish School - Menomonee Falls,,Waukesha,95.0,Kindergarten
,,Merton Primary,,Waukesha,89.0,Kindergarten
,,Section Elementary,,Waukesha,89.0,Kindergarten
,,Rolling Hills Elementary,,Waukesha,90.0,Kindergarten
,,Clarendon Avenue Elementary,,Waukesha,91.0,Kindergarten
,,Saint Johns Lutheran School - Mukwonogo,,Waukesha,92.0,Kindergarten
,,Saint Paul's Lutheran School- Muskego,,Waukesha,90.0,Kindergarten
,,Mill Valley Elementary,,Waukesha,92.0,Kindergarten
,,Bay Lane Elementary,,Waukesha,95.0,Kindergarten
,,Saint Leonard School,,Waukesha,95.0,Kindergarten
,,Heritage Christian Schs,,Waukesha,69.0,Kindergarten
,,Orchard Lane Elementary,,Waukesha,90.0,Kindergarten
,,Ronald Reagan Elementary,,Waukesha,94.0,Kindergarten
,,Elmwood Elementary - New Berlin,,Waukesha,95.0,Kindergarten
,,Holy Apostles Grade School,,Waukesha,95.0,Kindergarten
,,Poplar Creek Elementary,,Waukesha,95.0,Kindergarten
,,Star of Bethlehem Evang Luth,,Waukesha,95.0,Kindergarten
,,North Lake Elementary,,Waukesha,93.0,Kindergarten
,,Prairie View Elementary - North Prairie,,Waukesha,86.0,Kindergarten
,,Lake Country Classical Academy,,Waukesha,44.0,Kindergarten
,,Adeline Montessori Sch Inc,,Waukesha,73.0,Kindergarten
,,Saint Paul's Evang Luth School - Oconomowoc,,Waukesha,75.0,Kindergarten
,,Saint Matthew's Lutheran School - Oconomowoc,,Waukesha,80.0,Kindergarten
,,Stone Bank Elementary,,Waukesha,83.0,Kindergarten
,,Greenland Elementary,,Waukesha,87.0,Kindergarten
,,Summit Elementary,,Waukesha,90.0,Kindergarten
,,Meadow View Elementary - Oconomowoc,,Waukesha,92.0,Kindergarten
,,Park Lawn Elementary,,Waukesha,95.0,Kindergarten
,,Saint Jerome Parish School,,Waukesha,95.0,Kindergarten
,,Prairie Hill Waldorf School,,Waukesha,50.0,Kindergarten
,,Christian Educ Leadership Academy,,Waukesha,87.0,Kindergarten
,,Pewaukee Lake Elementary,,Waukesha,90.0,Kindergarten
,,Saint Anthony on the Lake School,,Waukesha,92.0,Kindergarten
,,Richmond Elementary - Sussex,,Waukesha,92.0,Kindergarten
,,Maple Avenue Elementary,,Waukesha,95.0,Kindergarten
,,Woodside Elementary - Sussex,,Waukesha,95.0,Kindergarten
,,Wales Elementary,,Waukesha,87.0,Kindergarten
,,Mount Calvary Lutheran School - Waukesha,,Waukesha,76.0,Kindergarten
,,Hawthorne Elementary - Waukesha,,Waukesha,78.0,Kindergarten
,,La Casa de Esperanza Charter,,Waukesha,80.0,Kindergarten
,,Banting Elementary,,Waukesha,81.0,Kindergarten
,,Hillcrest Elementary - Waukesha,,Waukesha,85.0,Kindergarten
,,Lowell Elementary - Waukesha,,Waukesha,85.0,Kindergarten
,,Hadfield Elementary,,Waukesha,87.0,Kindergarten
,,Meadowbrook Elementary - Waukesha,,Waukesha,88.0,Kindergarten
,,Summit View Elementary,,Waukesha,88.0,Kindergarten
,,Waukesha Catholic Sch System,,Waukesha,88.0,Kindergarten
,,Heyer Elementary,,Waukesha,90.0,Kindergarten
,,Waukesha STEM Academy,,Waukesha,91.0,Kindergarten
,,Bethesda Elementary,,Waukesha,92.0,Kindergarten
,,Rose Glen Elementary,,Waukesha,94.0,Kindergarten
,,Prairie Elementary,,Waukesha,95.0,Kindergarten
,,Trinity Lutheran School - Waukesha,,Waukesha,95.0,Kindergarten
,,Lakeview Elementary - Wind Lake,,Waukesha,90.0,Kindergarten
,,Saint Martin Lutheran School,,Waupaca,83.0,Kindergarten
,,Longfellow Elementary - Clintonville,,Waupaca,84.0,Kindergarten
,,Fremont Elementary,,Waupaca,90.0,Kindergarten
,,Iola-Scandinavia Elementary,,Waupaca,95.0,Kindergarten
,,Saint Paul Lutheran School - Manawa,,Waupaca,64.0,Kindergarten
,,Manawa Elementary,,Waupaca,85.0,Kindergarten
,,Marion Elementary,,Waupaca,67.0,Kindergarten
,,Sugar Bush Elementary,,Waupaca,75.0,Kindergarten
,,Emanuel Lutheran School,,Waupaca,79.0,Kindergarten
,,Lincoln Elementary - New London,,Waupaca,88.0,Kindergarten
,,Parkview Elementary - New London,,Waupaca,92.0,Kindergarten
,,Readfield Elementary,,Waupaca,95.0,Kindergarten
,,Waupaca Christian Academy,,Waupaca,70.0,Kindergarten
,,Chain Exploration Ctr--CEC,,Waupaca,83.0,Kindergarten
,,Waupaca Learning Center Elementary,,Waupaca,92.0,Kindergarten
,,Weyauwega Elementary,,Waupaca,84.0,Kindergarten
,,Saint Peter Lutheran School - Weyauwega,,Waupaca,94.0,Kindergarten
,,Tri-County Elementary,,Waushara,72.0,Kindergarten
,,Riverview Elementary - Wautoma,,Waushara,80.0,Kindergarten
,,Wild Rose Elementary,,Waushara,79.0,Kindergarten
,,Gegan Elementary,,Winnebago,86.0,Kindergarten
,,Clovis Grove Elementary,,Winnebago,89.0,Kindergarten
,,Banta School,,Winnebago,92.0,Kindergarten
,,Saint Mary Grade School - Menasha,,Winnebago,93.0,Kindergarten
,,Butte des Morts Elementary,,Winnebago,94.0,Kindergarten
,,New Hope Christian School,,Winnebago,55.0,Kindergarten
,,Saint Gabriel Grade School - Neenah,,Winnebago,70.0,Kindergarten
,,Coolidge Elementary,,Winnebago,82.0,Kindergarten
,,Horace Mann Elementary - Neenah,,Winnebago,84.0,Kindergarten
,,Taft Elementary,,Winnebago,85.0,Kindergarten
,,ACE Charter School,,Winnebago,86.0,Kindergarten
,,Lakeview Elementary - Neenah,,Winnebago,88.0,Kindergarten
,,Saint Margaret Mary Grade School - Neenah,,Winnebago,89.0,Kindergarten
,,Clayton Elementary - Neenah,,Winnebago,93.0,Kindergarten
,,Tullar Elementary,,Winnebago,93.0,Kindergarten
,,Neenah Lutheran School,,Winnebago,95.0,Kindergarten
,,Spring Road Elementary,,Winnebago,95.0,Kindergarten
,,Patch Elementary,,Winnebago,91.0,Kindergarten
,,Valley Christian School,,Winnebago,52.0,Kindergarten
,,Valley Christian School- Oshkosh,,Winnebago,62.0,Kindergarten
,,Grace Lutheran School - Oshkosh,,Winnebago,75.0,Kindergarten
,,Lourdes Academy Elementary,,Winnebago,84.0,Kindergarten
,,Menominee Elementary,,Winnebago,84.0,Kindergarten
,,Roosevelt Elementary - Oshkosh,,Winnebago,86.0,Kindergarten
,,Read Elementary,,Winnebago,87.0,Kindergarten
,,Jefferson Elementary - Oshkosh,,Winnebago,89.0,Kindergarten
,,Oaklawn Elementary - Oshkosh,,Winnebago,89.0,Kindergarten
,,E Cook Elementary,,Winnebago,90.0,Kindergarten
,,Shapiro STEM Academy,,Winnebago,90.0,Kindergarten
,,Martin Luther School,,Winnebago,92.0,Kindergarten
,,Franklin Elementary - Oshkosh,,Winnebago,94.0,Kindergarten
,,Traeger Elementary,,Winnebago,94.0,Kindergarten
,,Lakeside Elementary,,Winnebago,95.0,Kindergarten
,,Oakwood Elementary,,Winnebago,95.0,Kindergarten
,,Winneconne Elementary,,Winnebago,89.0,Kindergarten
,,Auburndale Elementary,,Wood,90.0,Kindergarten
,,Immanuel Lutheran Grade School,,Wood,77.0,Kindergarten
,,Lincoln Elementary - Marshfield,,Wood,86.0,Kindergarten
,,Nasonville Elementary,,Wood,86.0,Kindergarten
,,Madison Elementary - Marshfield,,Wood,87.0,Kindergarten
,,Grant Elementary - Marshfield,,Wood,91.0,Kindergarten
,,Saint John the Baptist Primary,,Wood,92.0,Kindergarten
,,Washington Elementary - Marshfield,,Wood,95.0,Kindergarten
,,Humke Elementary,,Wood,87.0,Kindergarten
,,Pittsville Elementary,,Wood,89.0,Kindergarten
,,Port Edwards Ed Heuer El School,,Wood,78.0,Kindergarten
,,THINK Academy,,Wood,94.0,Kindergarten
,,Our Lady Queen of Heaven,,Wood,70.0,Kindergarten
,,Howe Elementary - Wisconsin Rapids,,Wood,80.0,Kindergarten
,,Mead Elementary,,Wood,83.0,Kindergarten
,,Washington Elementary - Wisconsin Rapids,,Wood,84.0,Kindergarten
,,Grant Elementary - Wisconsin Rapids,,Wood,89.0,Kindergarten
,,Woodside Elementary - Wisconsin Rapids,,Wood,94.0,Kindergarten
,,Grove Elementary,,Wood,95.0,Kindergarten
,,Adams-Friendship Elementary,,Adams,87.0,All grades
,,Adams-Friendship High,,Adams,94.0,All grades
,,Adams-Friendship Middle,,Adams,93.0,All grades
,,Ashland High,,Ashland,95.0,All grades
,,Ashland Middle,,Ashland,95.0,All grades
,,Butternut Elementary,,Ashland,78.0,All grades
,,Butternut High,,Ashland,90.0,All grades
,,Lake Superior El(KG-2)-Ashland,,Ashland,92.0,All grades
,,Lake Superior El(3-5)-Ashland,,Ashland,95.0,All grades
,,Marengo Valley Elementary,,Ashland,95.0,All grades
,,Mellen Public School,,Ashland,95.0,All grades
,,Pleasant View Amish- New Auburn,,Barron,5.0,All grades
,,"Ascension Academy, Inc",,Barron,46.0,All grades
,,Barron Area Montessori School,,Barron,86.0,All grades
,,Barron Christian School,,Barron,95.0,All grades
,,Barron High,,Barron,95.0,All grades
,,Cameron Elementary,,Barron,90.0,All grades
,,Cameron High,,Barron,95.0,All grades
,,Cameron Middle,,Barron,95.0,All grades
,,Chetek-Weyerhaeuser High,,Barron,95.0,All grades
,,Chetek-Weyerhaeuser Middle,,Barron,95.0,All grades
,,Chetek-Weyerhaeuser Roselawn,,Barron,90.0,All grades
,,Cumberland Elementary - Cumberland,,Barron,92.0,All grades
,,Cumberland High,,Barron,95.0,All grades
,,Cumberland Middle,,Barron,95.0,All grades
,,Gospel Mennonite School,,Barron,95.0,All grades
,,Haugen Elementary,,Barron,84.0,All grades
,,Head Start,,Barron,93.0,All grades
,,Hillcrest Mennonite School,,Barron,95.0,All grades
,,Hilltop Day Care & Preschool,,Barron,95.0,All grades
,,Hilltop Elementary,,Barron,91.0,All grades
,,North Star Academy,,Barron,95.0,All grades
,,Prairie Farm Elementary,,Barron,95.0,All grades
,,Prairie Farm High,,Barron,95.0,All grades
,,Prairie Farm Middle,,Barron,95.0,All grades
,,Redeemer Evang Lutheran School,,Barron,75.0,All grades
,,Rice Lake High,,Barron,95.0,All grades
,,Rice Lake Middle,,Barron,95.0,All grades
,,Ridgeland-Dallas Elementary,,Barron,91.0,All grades
,,Riverview Middle - Barron,,Barron,94.0,All grades
,,Saint Joseph School - Rice Lake,,Barron,88.0,All grades
,,Tainter Elementary,,Barron,89.0,All grades
,,Turtle Lake Elementary,,Barron,89.0,All grades
,,Turtle Lake High,,Barron,95.0,All grades
,,Turtle Lake Middle,,Barron,94.0,All grades
,,Woodland Elementary,,Barron,83.0,All grades
,,Bayfield Elementary,,Bayfield,81.0,All grades
,,Bayfield High,,Bayfield,95.0,All grades
,,Bayfield Middle,,Bayfield,95.0,All grades
,,Drummond Elementary,,Bayfield,93.0,All grades
,,Drummond High,,Bayfield,95.0,All grades
,,Drummond Jr,,Bayfield,95.0,All grades
,,La Pointe Elementary,,Bayfield,95.0,All grades
,,South Shore Elementary,,Bayfield,78.0,All grades
,,South Shore Jr/Sr High,,Bayfield,90.0,All grades
,,Washburn Elementary,,Bayfield,87.0,All grades
,,Washburn High,,Bayfield,89.0,All grades
,,Washburn Middle,,Bayfield,91.0,All grades
,,Aldo Leopold Comm Sch K-8,,Brown,94.0,All grades
,,All Saints Grade School - Denmark,,Brown,95.0,All grades
,,Ashwaubenon High,,Brown,95.0,All grades
,,Assumption of the BVM School,,Brown,78.0,All grades
,,Baird Elementary,,Brown,94.0,All grades
,,Bay City Christian School,,Brown,70.0,All grades
,,Bay Harbor Elementary,,Brown,93.0,All grades
,,Bay Port High,,Brown,95.0,All grades
,,Bay View Middle,,Brown,95.0,All grades
,,Beaumont Elementary,,Brown,92.0,All grades
,,Chappell Elementary,,Brown,90.0,All grades
,,Cormier Sch and Early Lrn Center,,Brown,94.0,All grades
,,Creekside Christian Montessori,,Brown,75.0,All grades
,,Danz Elementary,,Brown,92.0,All grades
,,De Pere High,,Brown,95.0,All grades
,,De Pere Middle,,Brown,95.0,All grades
,,Denmark Elementary,,Brown,95.0,All grades
,,Denmark High,,Brown,95.0,All grades
,,Denmark Middle,,Brown,95.0,All grades
,,Dickinson Elementary,,Brown,95.0,All grades
,,Doty Elementary,,Brown,89.0,All grades
,,East High - Green Bay,,Brown,95.0,All grades
,,Edison Middle - Brown,,Brown,95.0,All grades
,,Eisenhower Elementary - Green Bay,,Brown,91.0,All grades
,,Elmore Elementary,,Brown,92.0,All grades
,,Fairview Elementary - Krakow,,Brown,95.0,All grades
,,Father Allouez Catholic-GRACE-Elem,,Brown,95.0,All grades
,,Father Allouez Catholic-GRACE-Middle,,Brown,95.0,All grades
,,Forest Glen Elementary,,Brown,95.0,All grades
,,Fort Howard Elementary,,Brown,84.0,All grades
,,Foxview Intermediate,,Brown,95.0,All grades
,,Franklin Middle - Green Bay,,Brown,95.0,All grades
,,GBAPS Community 4K Site,,Brown,90.0,All grades
,,Glenbrook Elementary,,Brown,94.0,All grades
,,Grace Christian Academy Pulaski,,Brown,53.0,All grades
,,Green Bay Adventist Jr Academy,,Brown,86.0,All grades
,,Green Bay Montessori,,Brown,95.0,All grades
,,Green Bay Trinity Lutheran School,,Brown,90.0,All grades
,,Hemlock Creek Elementary,,Brown,95.0,All grades
,,Heritage Elementary,,Brown,95.0,All grades
,,Hillcrest Elementary - Oneida,,Brown,94.0,All grades
,,Holy Cross School -GRACE,,Brown,95.0,All grades
,,Holy Family School -GRACE,,Brown,49.0,All grades
,,Howard Elementary,,Brown,88.0,All grades
,,Howard and Suamico 4K,,Brown,94.0,All grades
,,Howe Elementary - Green Bay,,Brown,89.0,All grades
,,Jackson Elementary - Green Bay,,Brown,92.0,All grades
,,Jefferson Head Start,,Brown,95.0,All grades
,,John Dewey Academy of Learning,,Brown,95.0,All grades
,,Katherine Johnson Academy Enr Vir,,Brown,86.0,All grades
,,Kennedy Elementary - Green Bay,,Brown,94.0,All grades
,,King Elementary,,Brown,95.0,All grades
,,Langlade Elementary,,Brown,95.0,All grades
,,Lannoye Elementary,,Brown,95.0,All grades
,,Leonardo da Vinci School -Gifted,,Brown,95.0,All grades
,,Lincoln Elementary - Green Bay,,Brown,87.0,All grades
,,Lineville Intermediate,,Brown,95.0,All grades
,,Lombardi Middle,,Brown,95.0,All grades
,,MacArthur Elementary - Green Bay,,Brown,95.0,All grades
,,Martin Elementary,,Brown,95.0,All grades
,,McAuliffe Elementary,,Brown,95.0,All grades
,,Meadowbrook Elementary - Green Bay,,Brown,95.0,All grades
,,Minoka-Hill School,,Brown,94.0,All grades
,,Morrison Zion Lutheran School,,Brown,92.0,All grades
,,New Leaf Prep Academy,,Brown,55.0,All grades
,,Nicolet Elementary,,Brown,88.0,All grades
,,Northeast WI Sch of Innovation,,Brown,95.0,All grades
,,Northeastern WI Luth High School,,Brown,95.0,All grades
,,Notre Dame de la Baie Academy,,Brown,95.0,All grades
,,Notre Dame of De Pere-GRACE,,Brown,94.0,All grades
,,Our Lady of Lourdes School -GRACE,,Brown,86.0,All grades
,,Parkview Middle,,Brown,95.0,All grades
,,Phantom Knight School,,Brown,95.0,All grades
,,Pilgrim Lutheran School - Green Bay,,Brown,91.0,All grades
,,Pioneer Elementary,,Brown,95.0,All grades
,,Preble High,,Brown,95.0,All grades
,,Providence Academy,,Brown,78.0,All grades
,,Pulaski Community Middle,,Brown,95.0,All grades
,,Pulaski High - Pulaski,,Brown,95.0,All grades
,,Red Smith K-8,,Brown,95.0,All grades
,,Royal Montessori Academy,,Brown,89.0,All grades
,,Royal Montessori Academy Cormier,,Brown,92.0,All grades
,,Saint Bernard Grade School -GRACE,,Brown,95.0,All grades
,,Saint Clare Catholic School,,Brown,93.0,All grades
,,Saint John Evang Lutheran School - Wrightstown,,Brown,6.0,All grades
,,Saint John Paul II Classical- Green Bay,,Brown,56.0,All grades
,,Saint John the Baptist-GRACE,,Brown,93.0,All grades
,,Saint Johns Lutheran School - Maribel,,Brown,87.0,All grades
,,Saint Joseph School - Green Bay,,Brown,80.0,All grades
,,Saint Mark Lutheran School- Green Bay,,Brown,91.0,All grades
,,Saint Paul Lutheran School - Green Bay,,Brown,93.0,All grades
,,Saint Thomas More School -GRACE,,Brown,95.0,All grades
,,Southwest High,,Brown,95.0,All grades
,,Suamico Elementary,,Brown,93.0,All grades
,,Sullivan Elementary - Brown,,Brown,93.0,All grades
,,Sunnyside Elementary,,Brown,95.0,All grades
,,Susie C Altmayer Elementary,,Brown,93.0,All grades
,,Syble Hopp School,,Brown,93.0,All grades
,,Valley View Elementary - Green Bay,,Brown,95.0,All grades
,,Viking Academy,,Brown,95.0,All grades
,,Washington Middle - Green Bay,,Brown,94.0,All grades
,,Webster Elementary - Green Bay,,Brown,95.0,All grades
,,West De Pere High,,Brown,95.0,All grades
,,West De Pere Intermediate School,,Brown,95.0,All grades
,,West De Pere Middle,,Brown,95.0,All grades
,,West High - Green Bay,,Brown,95.0,All grades
,,Westwood Elementary,,Brown,95.0,All grades
,,Wilder Elementary,,Brown,95.0,All grades
,,Wrightstown Elementary,,Brown,95.0,All grades
,,Wrightstown High,,Brown,95.0,All grades
,,Wrightstown Middle,,Brown,95.0,All grades
,,Alma Elementary,,Buffalo,95.0,All grades
,,Alma High,,Buffalo,95.0,All grades
,,Anthony Acres School,,Buffalo,91.0,All grades
,,Cochrane-Fountain City Elementary,,Buffalo,92.0,All grades
,,Cochrane-Fountain City High,,Buffalo,95.0,All grades
,,Gilmanton Elementary,,Buffalo,95.0,All grades
,,Gilmanton High,,Buffalo,95.0,All grades
,,Gilmanton Middle,,Buffalo,95.0,All grades
,,Mondovi Elementary,,Buffalo,95.0,All grades
,,Mondovi High,,Buffalo,95.0,All grades
,,Mondovi Middle,,Buffalo,95.0,All grades
,,Grantsburg Elementary,,Burnett,81.0,All grades
,,Grantsburg High,,Burnett,94.0,All grades
,,Grantsburg Middle,,Burnett,95.0,All grades
,,Siren Elementary,,Burnett,95.0,All grades
,,Webster Elementary - Webster,,Burnett,90.0,All grades
,,Webster High,,Burnett,95.0,All grades
,,Webster Middle - Webster,,Burnett,94.0,All grades
,,Brillion Elementary,,Calumet,91.0,All grades
,,Brillion High,,Calumet,94.0,All grades
,,Brillion Middle,,Calumet,93.0,All grades
,,Chilton Area Catholic School,,Calumet,92.0,All grades
,,Chilton Elementary,,Calumet,92.0,All grades
,,Chilton High,,Calumet,95.0,All grades
,,Chilton Middle,,Calumet,95.0,All grades
,,Hilbert Elementary,,Calumet,93.0,All grades
,,Hilbert High,,Calumet,95.0,All grades
,,Hilbert Middle,,Calumet,95.0,All grades
,,Holy Family School - Brillion,,Calumet,81.0,All grades
,,Holyland Catholic School,,Calumet,95.0,All grades
,,New Holstein Elementary,,Calumet,95.0,All grades
,,New Holstein High,,Calumet,95.0,All grades
,,New Holstein Middle,,Calumet,95.0,All grades
,,Saint Lawrence Seminary High,,Calumet,95.0,All grades
,,Saint Mary Catholic School,,Calumet,95.0,All grades
,,Stockbridge Elementary,,Calumet,88.0,All grades
,,Stockbridge High,,Calumet,87.0,All grades
,,Stockbridge Middle,,Calumet,93.0,All grades
,,Trinity Evang Lutheran School - Brillion,,Calumet,90.0,All grades
,,Trinity Lutheran School - Hilbert,,Calumet,90.0,All grades
,,Hay Creek School,,Chippewa,48.0,All grades
,,Cornerstone Lutheran H.S.,,Chippewa,86.0,All grades
,,Bloomer Elementary,,Chippewa,93.0,All grades
,,Bloomer High,,Chippewa,95.0,All grades
,,Bloomer Middle,,Chippewa,95.0,All grades
,,Boyd Elementary,,Chippewa,95.0,All grades
,,Cadott Elementary,,Chippewa,92.0,All grades
,,Cadott High,,Chippewa,95.0,All grades
,,Cadott Jr,,Chippewa,91.0,All grades
,,Chippewa Falls High,,Chippewa,95.0,All grades
,,Chippewa Falls Middle,,Chippewa,95.0,All grades
,,Christ Lutheran School - Chippewa Falls,,Chippewa,64.0,All grades
,,Cornell Elementary,,Chippewa,89.0,All grades
,,Cornell High,,Chippewa,94.0,All grades
,,Cornell Middle,,Chippewa,94.0,All grades
,,Halmstad Elementary,,Chippewa,91.0,All grades
,,Hillcrest Elementary - Chippewa Falls,,Chippewa,90.0,All grades
,,Holcombe Elementary,,Chippewa,94.0,All grades
,,Holcombe High,,Chippewa,95.0,All grades
,,Holy Ghost Elementary School,,Chippewa,91.0,All grades
,,Jim Falls Elementary,,Chippewa,95.0,All grades
,,Lake Holcombe Middle,,Chippewa,95.0,All grades
,,Liberty Christian School,,Chippewa,57.0,All grades
,,McDonell Ctrl Catholic Hi School,,Chippewa,93.0,All grades
,,New Auburn Elementary,,Chippewa,79.0,All grades
,,New Auburn High,,Chippewa,95.0,All grades
,,New Auburn Middle,,Chippewa,95.0,All grades
,,Notre Dame Middle School,,Chippewa,95.0,All grades
,,Parkview Elementary - Chippewa Falls,,Chippewa,91.0,All grades
,,Saint Charles Borromeo Pri School - Chippewa Falls,,Chippewa,88.0,All grades
,,Saint Joseph Catholic School - Boyd,,Chippewa,95.0,All grades
,,Saint Paul Grade School - Bloomer,,Chippewa,86.0,All grades
,,Saint Peter Grade School - Chippewa Falls,,Chippewa,68.0,All grades
,,Southview Elementary,,Chippewa,91.0,All grades
,,Stanley Elementary,,Chippewa,91.0,All grades
,,Stanley-Boyd High,,Chippewa,95.0,All grades
,,Stanley-Boyd Middle,,Chippewa,94.0,All grades
,,Stillson Elementary,,Chippewa,95.0,All grades
,,Sunny Meadow Amish- New Auburn,,Chippewa,5.0,All grades
,,Twin Lakes Amish School,,Chippewa,5.0,All grades
,,Venture Academy,,Chippewa,65.0,All grades
,,Sunny Slope Amish,,Clark,5.0,All grades
,,Curley Creek Amish,,Clark,5.0,All grades
,,North Haven Mennonite,,Clark,54.0,All grades
,,Abbotsford Elementary,,Clark,87.0,All grades
,,Abbotsford Mid/Sr High,,Clark,87.0,All grades
,,Beaver Creek Amish,,Clark,5.0,All grades
,,Birch Hollow Mennonite,,Clark,57.0,All grades
,,Black River Mennonite School,,Clark,59.0,All grades
,,Bob White Mennonite,,Clark,92.0,All grades
,,Bruce Mound Mennonite,,Clark,38.0,All grades
,,Catlin Creek Amish,,Clark,5.0,All grades
,,Cawley Creek Amish,,Clark,5.0,All grades
,,Chickadee Hollow Mennonite School,,Clark,59.0,All grades
,,Cloverdale Amish,,Clark,5.0,All grades
,,Cloverlane Mennonite,,Clark,79.0,All grades
,,Colby Elementary,,Clark,87.0,All grades
,,Colby High,,Clark,92.0,All grades
,,Colby Middle,,Clark,92.0,All grades
,,Country Echos Mennonite,,Clark,45.0,All grades
,,Country View Mennonite School,,Clark,50.0,All grades
,,Evergreen Dale Mennonite,,Clark,50.0,All grades
,,Fairview Amish School,,Clark,5.0,All grades
,,Frenchtown Mennonite,,Clark,23.0,All grades
,,Golden Rule Amish,,Clark,5.0,All grades
,,Granton Elementary,,Clark,95.0,All grades
,,Granton High,,Clark,95.0,All grades
,,Green Meadow Amish School,,Clark,5.0,All grades
,,Greenwood Elementary - Greenwood,,Clark,87.0,All grades
,,Greenwood High,,Clark,92.0,All grades
,,Heathville Amish,,Clark,5.0,All grades
,,Hickory Mennonite,,Clark,47.0,All grades
,,Hillcrest Mennonite,,Clark,88.0,All grades
,,Hillside Amish,,Clark,5.0,All grades
,,Keystone Mennonite,,Clark,36.0,All grades
,,Lone Oak Mennonite,,Clark,50.0,All grades
,,Lone Pine Amish,,Clark,5.0,All grades
,,Loyal Elementary,,Clark,93.0,All grades
,,Loyal High,,Clark,94.0,All grades
,,Maple View Amish,,Clark,23.0,All grades
,,Mayville Center Mennonite,,Clark,68.0,All grades
,,Meadow Lane Amish,,Clark,5.0,All grades
,,Meadow Lark Amish,,Clark,5.0,All grades
,,Meadow Valley Mennonite,,Clark,48.0,All grades
,,Misty Pines Mennonite,,Clark,67.0,All grades
,,Neillsville Elementary,,Clark,87.0,All grades
,,Neillsville High,,Clark,88.0,All grades
,,Neillsville Middle,,Clark,88.0,All grades
,,Owen Mennonite,,Clark,43.0,All grades
,,Owen-Withee Elementary,,Clark,87.0,All grades
,,Owen-Withee High,,Clark,95.0,All grades
,,Owen-Withee Jr,,Clark,92.0,All grades
,,Pine Grove Mennonite,,Clark,75.0,All grades
,,Pine Ridge Amish School,,Clark,5.0,All grades
,,Plain View Amish,,Clark,5.0,All grades
,,Pleasant Ridge Mennonite,,Clark,28.0,All grades
,,Pleasant Valley Mennonite School,,Clark,77.0,All grades
,,Pleasant View Amish,,Clark,5.0,All grades
,,Poplar Lane Mennonite,,Clark,44.0,All grades
,,Robin Avenue Mennonite,,Clark,63.0,All grades
,,Rock Creek Amish Sch 1,,Clark,5.0,All grades
,,Rustic Ridge Mennonite,,Clark,71.0,All grades
,,Saint Anthony Grade School,,Clark,80.0,All grades
,,Saint Johns Evang Lutheran School - Neillsville,,Clark,87.0,All grades
,,Saint Mary School- Colby,,Clark,95.0,All grades
,,Sandy Knoll Mennonite,,Clark,41.0,All grades
,,Scenic View Amish,,Clark,5.0,All grades
,,Shady Grove Mennonite School,,Clark,57.0,All grades
,,South Fork Mennonite,,Clark,92.0,All grades
,,Sterling Ridge Mennonite,,Clark,50.0,All grades
,,Sunny Meadow Amish,,Clark,5.0,All grades
,,Sunny Meadow Mennonite,,Clark,63.0,All grades
,,Sunny Ridge Mennonite,,Clark,46.0,All grades
,,Thorp Catholic School,,Clark,79.0,All grades
,,Thorp Elementary,,Clark,89.0,All grades
,,Thorp High,,Clark,95.0,All grades
,,Thorp Mennonite School,,Clark,90.0,All grades
,,Unity Mennonite,,Clark,62.0,All grades
,,West Bend Amish,,Clark,5.0,All grades
,,Yellow River Amish,,Clark,5.0,All grades
,,York Center Mennonite,,Clark,92.0,All grades
,,Blessed Trinity Catholic Schoo,,Columbia,32.0,All grades
,,Cambria Friesland Elementary,,Columbia,90.0,All grades
,,Cambria Friesland Mid/High,,Columbia,95.0,All grades
,,Columbus Elementary - Columbus,,Columbia,93.0,All grades
,,Columbus High,,Columbia,95.0,All grades
,,Columbus Middle,,Columbia,95.0,All grades
,,Discovery Charter School,,Columbia,94.0,All grades
,,Fall River Elementary,,Columbia,92.0,All grades
,,Fall River High,,Columbia,94.0,All grades
,,Hillside Amish School - Cambria,,Columbia,5.0,All grades
,,Lewiston Elementary,,Columbia,90.0,All grades
,,Lodi Elementary,,Columbia,95.0,All grades
,,Lodi High,,Columbia,95.0,All grades
,,Lodi Middle,,Columbia,95.0,All grades
,,Lodi Primary,,Columbia,95.0,All grades
,,Meadow View Amish School,,Columbia,5.0,All grades
,,Muir Elementary - Portage,,Columbia,94.0,All grades
,,North Scott Amish School,,Columbia,5.0,All grades
,,Ouisconsing Sch of Collaboratn,,Columbia,95.0,All grades
,,Pardeeville Elementary,,Columbia,90.0,All grades
,,Pardeeville High,,Columbia,94.0,All grades
,,Pardeeville Middle,,Columbia,95.0,All grades
,,Petersen Adventist School,,Columbia,89.0,All grades
,,Pleasant Ridge Amish School,,Columbia,9.0,All grades
,,Portage Academy of Achievement,,Columbia,95.0,All grades
,,Portage High,,Columbia,95.0,All grades
,,Portage Partnering Preschool,,Columbia,94.0,All grades
,,Poynette Elementary,,Columbia,94.0,All grades
,,Poynette High,,Columbia,95.0,All grades
,,Poynette Middle,,Columbia,95.0,All grades
,,Rio Elementary,,Columbia,88.0,All grades
,,Rio Mid/High,,Columbia,95.0,All grades
,,Saint Jerome Parochial Gr School,,Columbia,94.0,All grades
,,Saint John's Lutheran School - Pardeeville,,Columbia,81.0,All grades
,,Saint Mary School - Portage,,Columbia,95.0,All grades
,,Wayne Bartels Middle,,Columbia,95.0,All grades
,,Wisconsin Academy,,Columbia,80.0,All grades
,,Woodridge Elementary,,Columbia,89.0,All grades
,,Zion Lutheran School - Columbus,,Columbia,95.0,All grades
,,BA Kennedy School,,Crawford,92.0,All grades
,,Bluff View Elementary,,Crawford,94.0,All grades
,,Bluff View Middle,,Crawford,94.0,All grades
,,North Crawford Elementary,,Crawford,86.0,All grades
,,North Crawford High,,Crawford,94.0,All grades
,,Prairie Catholic School,,Crawford,90.0,All grades
,,Prairie Christian Academy,,Crawford,47.0,All grades
,,Prairie du Chien High,,Crawford,95.0,All grades
,,Wauzeka High,,Crawford,95.0,All grades
,,Wauzeka Middle,,Crawford,55.0,All grades
,,4K McFarland,,Dane,95.0,All grades
,,Abundant Life Christian School -Madison,,Dane,86.0,All grades
,,Acton Academy Madison West,,Dane,71.0,All grades
,,Arboretum Elementary,,Dane,95.0,All grades
,,Badger Ridge Middle,,Dane,95.0,All grades
,,Badger Rock Middle,,Dane,95.0,All grades
,,Belleville Elementary,,Dane,95.0,All grades
,,Belleville High,,Dane,95.0,All grades
,,Belleville Middle,,Dane,95.0,All grades
,,Black Hawk Middle - Dane,,Dane,95.0,All grades
,,Blessed Sacrament Elementary - Madison,,Dane,95.0,All grades
,,Blooming Grove Montessori School,,Dane,95.0,All grades
,,Brooklyn Elementary,,Dane,95.0,All grades
,,C H Bird Elementary,,Dane,94.0,All grades
,,Cambridge Elementary,,Dane,93.0,All grades
,,Cambridge High,,Dane,95.0,All grades
,,Capital High,,Dane,95.0,All grades
,,Capitoland Christian School,,Dane,95.0,All grades
,,Central Heights Middle,,Dane,95.0,All grades
,,Cesar Chavez Elementary,,Dane,95.0,All grades
,,Charis Classical Academy,,Dane,81.0,All grades
,,Cherokee Heights Middle,,Dane,95.0,All grades
,,Clark Street Community School - Middleton,,Dane,94.0,All grades
,,Conrad Elvehjem Primary,,Dane,95.0,All grades
,,Core Knowledge Charter School,,Dane,95.0,All grades
,,Cottage Grove Elementary,,Dane,95.0,All grades
,,Country View Elementary,,Dane,92.0,All grades
,,Creekside Elementary,,Dane,93.0,All grades
,,Crestwood Elementary,,Dane,95.0,All grades
,,De Forest High,,Dane,95.0,All grades
,,De Forest Middle,,Dane,95.0,All grades
,,Deerfield Elementary - Deerfield,,Dane,95.0,All grades
,,Deerfield High,,Dane,95.0,All grades
,,Deerfield Middle,,Dane,95.0,All grades
,,Divine Mercy Academy- Verona,,Dane,71.0,All grades
,,Dr Virginia Henderson El School,,Dane,95.0,All grades
,,Eagle Point Elementary,,Dane,95.0,All grades
,,Eagle Sch of Madison,,Dane,95.0,All grades
,,Early Learning Program,,Dane,95.0,All grades
,,East High - Madison,,Dane,95.0,All grades
,,Eastside Elementary,,Dane,95.0,All grades
,,Eastside Evang Lutheran Elementary,,Dane,94.0,All grades
,,Edgewood Campus School,,Dane,91.0,All grades
,,Edgewood High of Sacred Heart,,Dane,95.0,All grades
,,Elm Lawn Elementary,,Dane,95.0,All grades
,,Elvehjem Elementary,,Dane,95.0,All grades
,,Emerson Elementary - Madison,,Dane,92.0,All grades
,,Ezekiel Gillespie Middle School,,Dane,95.0,All grades
,,Feller School,,Dane,95.0,All grades
,,Forest Edge El School,,Dane,95.0,All grades
,,Fox Prairie Elementary,,Dane,95.0,All grades
,,Franklin Elementary - Madison,,Dane,94.0,All grades
,,Glacial Drumlin School,,Dane,95.0,All grades
,,Glacier Creek Middle,,Dane,95.0,All grades
,,Glacier Edge Elementary,,Dane,95.0,All grades
,,Gompers Elementary,,Dane,94.0,All grades
,,Granite Ridge School,,Dane,95.0,All grades
,,Hamilton Middle,,Dane,95.0,All grades
,,Harvest Intermediate School,,Dane,95.0,All grades
,,Hawthorne Elementary - Madison,,Dane,95.0,All grades
,,Hickory Hill Academy,,Dane,95.0,All grades
,,High Point Christian School,,Dane,89.0,All grades
,,Holy Cross Lutheran School,,Dane,95.0,All grades
,,Holy Family Academy Inc.,,Dane,37.0,All grades
,,Horizon Elementary - Sun Prairie,,Dane,95.0,All grades
,,Huegel Elementary,,Dane,95.0,All grades
,,Immaculate Hrt of Mary Cth School,,Dane,94.0,All grades
,,Impact Christian Academy,,Dane,75.0,All grades
,,Indian Mound Middle,,Dane,95.0,All grades
,,James Wright Middle,,Dane,95.0,All grades
,,Kegonsa Elementary,,Dane,95.0,All grades
,,Kennedy Elementary - Madison,,Dane,91.0,All grades
,,Koshkonong Trails School,,Dane,95.0,All grades
,,Kromrey Middle,,Dane,95.0,All grades
,,LaFollette High,,Dane,95.0,All grades
,,Lake View Elementary,,Dane,94.0,All grades
,,Lapham Elementary,,Dane,92.0,All grades
,,Leopold Elementary,,Dane,94.0,All grades
,,Lighthouse Christian School,,Dane,8.0,All grades
,,Lincoln Elementary - Madison,,Dane,95.0,All grades
,,Lindbergh Elementary,,Dane,95.0,All grades
,,Lowell Elementary - Madison,,Dane,91.0,All grades
,,MCPASD 4K,,Dane,95.0,All grades
,,Madison Community Montessori,,Dane,95.0,All grades
,,Madison Country Day School,,Dane,95.0,All grades
,,Madison Waldorf School,,Dane,51.0,All grades
,,Marquette Elementary,,Dane,95.0,All grades
,,Marshall Early Learning Center,,Dane,90.0,All grades
,,Marshall Elementary,,Dane,95.0,All grades
,,Marshall High - Marshall,,Dane,95.0,All grades
,,Marshall Middle - Marshall,,Dane,95.0,All grades
,,McFarland High,,Dane,95.0,All grades
,,Meadow View Elementary - Sun Prairie,,Dane,93.0,All grades
,,Mendota Elementary,,Dane,90.0,All grades
,,Middleton High,,Dane,95.0,All grades
,,Midvale Elementary,,Dane,95.0,All grades
,,Milele Chikasa Anana El School,,Dane,95.0,All grades
,,Monona Grove High,,Dane,95.0,All grades
,,Monona Grove Liberal Arts,,Dane,95.0,All grades
,,Mount Horeb Area Comm 4K,,Dane,95.0,All grades
,,Mount Horeb Christian School,,Dane,73.0,All grades
,,Mount Horeb Early Learning Center,,Dane,95.0,All grades
,,Mount Horeb High,,Dane,95.0,All grades
,,Mount Horeb Intermediate,,Dane,95.0,All grades
,,Mount Horeb Middle,,Dane,95.0,All grades
,,Mount Horeb Primary Center,,Dane,94.0,All grades
,,Muir Elementary - Madison,,Dane,94.0,All grades
,,Netherwood Knoll Elementary,,Dane,95.0,All grades
,,New Century School,,Dane,95.0,All grades
,,Nikolay Middle,,Dane,95.0,All grades
,,Northside Elementary - Middleton,,Dane,95.0,All grades
,,Northside Elementary - Sun Prairie,,Dane,95.0,All grades
,,Nuestro Mundo,,Dane,95.0,All grades
,,O'Keeffe Middle,,Dane,95.0,All grades
,,Olson Elementary,,Dane,95.0,All grades
,,One City El School,,Dane,81.0,All grades
,,One City Preparatory Academy,,Dane,92.0,All grades
,,Orchard Ridge Elementary,,Dane,90.0,All grades
,,Oregon 4K,,Dane,95.0,All grades
,,Oregon High,,Dane,95.0,All grades
,,Oregon Middle,,Dane,95.0,All grades
,,Our Lady Queen of Peace Gr School - Madison,,Dane,95.0,All grades
,,Our Redeemer Evang Luth School,,Dane,95.0,All grades
,,Park Elementary,,Dane,95.0,All grades
,,Patrick Marsh Middle,,Dane,95.0,All grades
,,Peace Lutheran School - Sun Prairie,,Dane,94.0,All grades
,,Pope Farm Elementary,,Dane,95.0,All grades
,,PowerHouse Christian School,,Dane,32.0,All grades
,,Prairie Phoenix Academy,,Dane,95.0,All grades
,,Prairie View Elementary - Oregon,,Dane,94.0,All grades
,,Prairie View Middle,,Dane,95.0,All grades
,,Randall Elementary,,Dane,95.0,All grades
,,River Bluff Middle,,Dane,95.0,All grades
,,Rome Corners Intermediate,,Dane,95.0,All grades
,,Royal Oaks Elementary,,Dane,95.0,All grades
,,SASD 4K,,Dane,89.0,All grades
,,Saint Ambrose Academy,,Dane,65.0,All grades
,,Saint Ann School - Stoughton,,Dane,93.0,All grades
,,Saint Dennis Grade School,,Dane,95.0,All grades
,,Saint Francis Xavier Gr School,,Dane,95.0,All grades
,,Saint James Grade School - Madison,,Dane,83.0,All grades
,,Saint John School - Waunakee,,Dane,90.0,All grades
,,Saint Maria Goretti School,,Dane,87.0,All grades
,,Sandburg Elementary,,Dane,94.0,All grades
,,Sandhill Elementary,,Dane,95.0,All grades
,,Sauk Trail Elementary,,Dane,93.0,All grades
,,Savanna Oaks Middle,,Dane,94.0,All grades
,,Schenk Elementary,,Dane,95.0,All grades
,,Sennett Middle,,Dane,95.0,All grades
,,Shabazz-City High,,Dane,95.0,All grades
,,Sherman Middle,,Dane,95.0,All grades
,,Southside Elementary,,Dane,93.0,All grades
,,Spring Harbor Middle,,Dane,95.0,All grades
,,Stephens Elementary,,Dane,95.0,All grades
,,Stoner Prairie Elementary,,Dane,95.0,All grades
,,Stoughton High,,Dane,95.0,All grades
,,Sugar Creek Elementary,,Dane,95.0,All grades
,,Sun Prairie East High,,Dane,95.0,All grades
,,Sun Prairie Four Kids,,Dane,95.0,All grades
,,Sun Prairie West High,,Dane,95.0,All grades
,,Sunset Ridge Elementary,,Dane,95.0,All grades
,,Taylor Prairie Elementary,,Dane,92.0,All grades
,,Thoreau Elementary - Madison,,Dane,93.0,All grades
,,Toad Hill Children's House,,Dane,95.0,All grades
,,Token Springs Elementary,,Dane,95.0,All grades
,,Toki Middle,,Dane,95.0,All grades
,,Utica Christian School,,Dane,78.0,All grades
,,Van Hise Elementary,,Dane,95.0,All grades
,,Vel Phillips Memorial High School,,Dane,95.0,All grades
,,Verona Area High,,Dane,95.0,All grades
,,Verona Area International School,,Dane,95.0,All grades
,,Verona Area K4,,Dane,95.0,All grades
,,Waubesa Intermediate,,Dane,95.0,All grades
,,Waunakee Community 4K School,,Dane,95.0,All grades
,,Waunakee Heritage Elementary,,Dane,95.0,All grades
,,Waunakee High,,Dane,95.0,All grades
,,Waunakee Intermediate,,Dane,95.0,All grades
,,Waunakee Middle,,Dane,95.0,All grades
,,Waunakee Prairie Elementary,,Dane,95.0,All grades
,,West High - Madison,,Dane,95.0,All grades
,,West Middleton Elementary,,Dane,95.0,All grades
,,Westside Christian School,,Dane,89.0,All grades
,,Westside Elementary - Sun Prairie,,Dane,90.0,All grades
,,Whitehorse Middle,,Dane,95.0,All grades
,,Windsor Elementary,,Dane,95.0,All grades
,,Wingra Sch Inc,,Dane,95.0,All grades
,,Winnequah School,,Dane,95.0,All grades
,,Wisconsin Heights Elementary,,Dane,94.0,All grades
,,Wisconsin Heights High,,Dane,95.0,All grades
,,Wisconsin Heights Middle,,Dane,95.0,All grades
,,Woodland Montessori School,,Dane,95.0,All grades
,,Yahara Elementary - De Forest,,Dane,95.0,All grades
,,BDUSD4Kids,,Dodge,92.0,All grades
,,Beaver Dam High,,Dodge,95.0,All grades
,,Beaver Dam Middle,,Dodge,95.0,All grades
,,Honor Elementary,,Dodge,84.0,All grades
,,Honor Intermediate,,Dodge,91.0,All grades
,,Horicon El School,,Dodge,93.0,All grades
,,Horicon Hi School,,Dodge,95.0,All grades
,,Horicon Mid School,,Dodge,95.0,All grades
,,Immanuel Lutheran School - Mayville,,Dodge,67.0,All grades
,,Jefferson Elementary - Beaver Dam,,Dodge,91.0,All grades
,,Lincoln Elementary - Beaver Dam,,Dodge,87.0,All grades
,,Lomira Elementary,,Dodge,95.0,All grades
,,Lomira High,,Dodge,95.0,All grades
,,Lomira Middle,,Dodge,93.0,All grades
,,Mayville Elementary,,Dodge,89.0,All grades
,,Mayville Junior-Senior High,,Dodge,95.0,All grades
,,Parkview Early Learning Center,,Dodge,86.0,All grades
,,Prairie View Elementary - Beaver Dam,,Dodge,94.0,All grades
,,Randolph Christian Sch Society,,Dodge,76.0,All grades
,,Randolph Elementary,,Dodge,95.0,All grades
,,Randolph High,,Dodge,95.0,All grades
,,Randolph Mi School,,Dodge,95.0,All grades
,,Saint John's Lutheran School - Juneau,,Dodge,95.0,All grades
,,Saint John's Lutheran School- Lomira,,Dodge,93.0,All grades
,,Saint John's Lutheran School- Mayville,,Dodge,87.0,All grades
,,Saint Katharine Drexel School,,Dodge,79.0,All grades
,,Saint Matthews Lutheran School - Iron Ridge,,Dodge,79.0,All grades
,,Saint Stephen Lutheran School - Horicon,,Dodge,92.0,All grades
,,Saint Stephens Lutheran School - Beaver Dam,,Dodge,95.0,All grades
,,Theresa Elementary,,Dodge,94.0,All grades
,,Washington Elementary - Beaver Dam,,Dodge,90.0,All grades
,,Wilson Elementary - Beaver Dam,,Dodge,90.0,All grades
,,Gibraltar Elementary,,Door,89.0,All grades
,,Gibraltar High,,Door,93.0,All grades
,,Gibraltar Middle,,Door,94.0,All grades
,,Saint John Bosco Catholic School,,Door,95.0,All grades
,,Saint Peters Evang Luth School - Sturgeon Bay,,Door,71.0,All grades
,,Sawyer Elementary,,Door,88.0,All grades
,,Sevastopol Elementary,,Door,90.0,All grades
,,Sevastopol High,,Door,90.0,All grades
,,Sevastopol Middle,,Door,90.0,All grades
,,Sevastopol Pre-School,,Door,95.0,All grades
,,Southern Door Elementary,,Door,91.0,All grades
,,Southern Door High,,Door,94.0,All grades
,,Southern Door Middle,,Door,93.0,All grades
,,Sturgeon Bay High,,Door,94.0,All grades
,,Sunrise Elementary - Sturgeon Bay,,Door,88.0,All grades
,,Walker Middle,,Door,94.0,All grades
,,Washington Island Elementary,,Door,82.0,All grades
,,Washington Island High,,Door,95.0,All grades
,,Bryant Elementary - Superior,,Douglas,95.0,All grades
,,Cathedral School,,Douglas,95.0,All grades
,,Cooper Elementary - Superior,,Douglas,95.0,All grades
,,Eagles Academy,,Douglas,95.0,All grades
,,Eagles' Wings Publ Montessori,,Douglas,95.0,All grades
,,Eagles' Wings Virtual Charter,,Douglas,95.0,All grades
,,Four Corners Elementary,,Douglas,95.0,All grades
,,Great Lakes Elementary,,Douglas,95.0,All grades
,,Iron River Elementary,,Douglas,90.0,All grades
,,Maranatha Academy,,Douglas,60.0,All grades
,,Northern Lights Elementary,,Douglas,95.0,All grades
,,Northwestern Elementary,,Douglas,92.0,All grades
,,Northwestern High,,Douglas,95.0,All grades
,,Northwestern Middle,,Douglas,95.0,All grades
,,Solon Springs School,,Douglas,95.0,All grades
,,Superior Community Preschool,,Douglas,94.0,All grades
,,Superior High,,Douglas,95.0,All grades
,,Superior Learning Academy,,Douglas,90.0,All grades
,,Superior Middle,,Douglas,95.0,All grades
,,Summit Christian Academy,,Dunn,60.0,All grades
,,Boyceville High,,Dunn,94.0,All grades
,,Boyceville Middle,,Dunn,93.0,All grades
,,Colfax Elementary,,Dunn,92.0,All grades
,,Colfax High,,Dunn,95.0,All grades
,,Downsville Elementary,,Dunn,92.0,All grades
,,Elk Mound High,,Dunn,95.0,All grades
,,Elk Mound Middle,,Dunn,92.0,All grades
,,Knapp Elementary - Knapp,,Dunn,95.0,All grades
,,Menomonie Area 4K,,Dunn,95.0,All grades
,,Menomonie High,,Dunn,95.0,All grades
,,Menomonie Middle,,Dunn,95.0,All grades
,,Mound View Elementary,,Dunn,89.0,All grades
,,Oaklawn Elementary - Menomonie,,Dunn,95.0,All grades
,,River Heights Elementary,,Dunn,95.0,All grades
,,Saint Joseph Grade School - Menomonie,,Dunn,95.0,All grades
,,Saint Paul's Lutheran School- Menomonie,,Dunn,65.0,All grades
,,Tiffany Creek Elementary,,Dunn,89.0,All grades
,,Wakanda Elementary,,Dunn,94.0,All grades
,,Augusta Elementary,,Eau Claire,84.0,All grades
,,Augusta High,,Eau Claire,93.0,All grades
,,Augusta Middle,,Eau Claire,94.0,All grades
,,Bethel Christian School,,Eau Claire,85.0,All grades
,,Chippewa Valley Montessori,,Eau Claire,88.0,All grades
,,Crestview Academy,,Eau Claire,86.0,All grades
,,Davey Elementary,,Eau Claire,95.0,All grades
,,DeLong Middle,,Eau Claire,95.0,All grades
,,Eau Claire Community Sites,,Eau Claire,95.0,All grades
,,Eau Claire Virtual School,,Eau Claire,95.0,All grades
,,Fall Creek Elementary,,Eau Claire,90.0,All grades
,,Fall Creek High,,Eau Claire,94.0,All grades
,,Fall Creek Middle,,Eau Claire,94.0,All grades
,,Flynn Elementary,,Eau Claire,95.0,All grades
,,Immaculate Conception Gr School,,Eau Claire,94.0,All grades
,,Immanuel Lutheran College High,,Eau Claire,86.0,All grades
,,Lakeshore Elementary - Eau Claire,,Eau Claire,90.0,All grades
,,Locust Lane Elementary,,Eau Claire,93.0,All grades
,,Longfellow Elementary - Eau Claire,,Eau Claire,92.0,All grades
,,Manz Elementary,,Eau Claire,95.0,All grades
,,McKinley Charter School,,Eau Claire,95.0,All grades
,,Meadowview Elementary - Eau Claire,,Eau Claire,94.0,All grades
,,Memorial High - Eau Claire,,Eau Claire,95.0,All grades
,,Messiah Lutheran School - Eau Claire,,Eau Claire,66.0,All grades
,,North High - Eau Claire,,Eau Claire,95.0,All grades
,,Northstar Middle,,Eau Claire,95.0,All grades
,,Northwoods Elementary,,Eau Claire,91.0,All grades
,,Prairie Ridge Early Learning,,Eau Claire,95.0,All grades
,,Putnam Heights Elementary,,Eau Claire,95.0,All grades
,,Regis High,,Eau Claire,94.0,All grades
,,Regis Middle,,Eau Claire,94.0,All grades
,,Robbins Elementary,,Eau Claire,95.0,All grades
,,Roosevelt Elementary - Eau Claire,,Eau Claire,95.0,All grades
,,Saint James Grade School - Eau Claire,,Eau Claire,91.0,All grades
,,Saint Mark Lutheran School - Eau Claire,,Eau Claire,89.0,All grades
,,Saint Marys Grade School - Altoona,,Eau Claire,82.0,All grades
,,Sherman Elementary - Eau Claire,,Eau Claire,94.0,All grades
,,South Middle,,Eau Claire,95.0,All grades
,,Wildlands Charter School,,Eau Claire,85.0,All grades
,,Florence Elementary,,Florence,87.0,All grades
,,Florence High,,Florence,95.0,All grades
,,Florence Middle,,Florence,95.0,All grades
,,Barlow Park Charter School,,Fond du Lac,85.0,All grades
,,Bessie Allen Middle,,Fond du Lac,95.0,All grades
,,Brandon Elementary,,Fond du Lac,90.0,All grades
,,Campbellsport Elementary,,Fond du Lac,92.0,All grades
,,Campbellsport High,,Fond du Lac,94.0,All grades
,,Campbellsport Middle,,Fond du Lac,89.0,All grades
,,Central WI Christian School,,Fond du Lac,90.0,All grades
,,Chegwin Elementary,,Fond du Lac,86.0,All grades
,,ELF,,Fond du Lac,95.0,All grades
,,Early Learning Center- North Fond du Lac,,Fond du Lac,95.0,All grades
,,Eden Elementary,,Fond du Lac,95.0,All grades
,,Evans Elementary,,Fond du Lac,89.0,All grades
,,Faith Lutheran School - Fond du Lac,,Fond du Lac,86.0,All grades
,,Fond du Lac Christian School,,Fond du Lac,72.0,All grades
,,Fond du Lac High,,Fond du Lac,95.0,All grades
,,Fond du Lac STEM Academy,,Fond du Lac,94.0,All grades
,,Friendship Learning Elementary,,Fond du Lac,95.0,All grades
,,Horace Mann High,,Fond du Lac,95.0,All grades
,,Laconia High,,Fond du Lac,95.0,All grades
,,Lakeshore Elementary - Fond du Lac,,Fond du Lac,94.0,All grades
,,Meadow View Primary,,Fond du Lac,93.0,All grades
,,Murray Park Elementary,,Fond du Lac,91.0,All grades
,,Oakfield Elementary,,Fond du Lac,92.0,All grades
,,Oakfield High,,Fond du Lac,95.0,All grades
,,Oakfield Middle,,Fond du Lac,93.0,All grades
,,Parkside Elementary - Fond du Lac,,Fond du Lac,85.0,All grades
,,Pier Elementary,,Fond du Lac,93.0,All grades
,,Quest Charter School,,Fond du Lac,95.0,All grades
,,Redeemer Lutheran Grade School,,Fond du Lac,89.0,All grades
,,Ripon High,,Fond du Lac,95.0,All grades
,,Ripon Middle,,Fond du Lac,94.0,All grades
,,Riverside Elementary -Fond du Lac,,Fond du Lac,93.0,All grades
,,Roberts Elementary,,Fond du Lac,92.0,All grades
,,Rock River Intermediate,,Fond du Lac,95.0,All grades
,,Rosendale Intermediate,,Fond du Lac,95.0,All grades
,,Rosendale Primary,,Fond du Lac,95.0,All grades
,,Rosendale-Brandon Middle,,Fond du Lac,94.0,All grades
,,Rosenow Elementary,,Fond du Lac,92.0,All grades
,,SAGES,,Fond du Lac,89.0,All grades
,,Sabish Middle,,Fond du Lac,94.0,All grades
,,Saint John's Ev Lutheran School - Fox Lake,,Fond du Lac,94.0,All grades
,,Saint Lukes Lutheran School- Oakfield,,Fond du Lac,94.0,All grades
,,Saint Mary's Springs Academy,,Fond du Lac,95.0,All grades
,,Saint Matthew Grade School,,Fond du Lac,92.0,All grades
,,Saint Pauls Evang Lutheran School - N Fond du Lac,,Fond du Lac,90.0,All grades
,,Saint Pauls Lutheran School - Mount Calvary,,Fond du Lac,83.0,All grades
,,Saint Peters Lutheran Gr School - Fond du Lac,,Fond du Lac,95.0,All grades
,,Shepherd of Hills,,Fond du Lac,95.0,All grades
,,Theisen Middle,,Fond du Lac,95.0,All grades
,,Treffert Way for Exceptnl Mind,,Fond du Lac,85.0,All grades
,,Trinity Baptist School,,Fond du Lac,85.0,All grades
,,Trinity Lutheran- Campbellsport,,Fond du Lac,95.0,All grades
,,Waters Elementary,,Fond du Lac,95.0,All grades
,,Waupun Area Sr High,,Fond du Lac,95.0,All grades
,,Winnebago Lutheran Academy,,Fond du Lac,95.0,All grades
,,Woodworth Middle,,Fond du Lac,93.0,All grades
,,Crandon Elementary,,Forest,95.0,All grades
,,Crandon High,,Forest,95.0,All grades
,,Crandon Middle,,Forest,95.0,All grades
,,Laona High,,Forest,95.0,All grades
,,Robinson Elementary - Laona,,Forest,91.0,All grades
,,Wabeno Elementary,,Forest,95.0,All grades
,,Wabeno High,,Forest,95.0,All grades
,,Boscobel Elementary,,Grant,93.0,All grades
,,Boscobel High,,Grant,95.0,All grades
,,Boscobel Jr,,Grant,95.0,All grades
,,Cassville Elementary,,Grant,94.0,All grades
,,Cassville High,,Grant,94.0,All grades
,,Cuba City High,,Grant,95.0,All grades
,,Cuba City Middle,,Grant,95.0,All grades
,,Fennimore Elementary,,Grant,88.0,All grades
,,Fennimore High,,Grant,90.0,All grades
,,Fennimore Middle,,Grant,92.0,All grades
,,HolyGhostImmaculateConception- Dickeyville,,Grant,93.0,All grades
,,HolyGhostImmaculateConception- Kieler,,Grant,95.0,All grades
,,Lancaster High,,Grant,95.0,All grades
,,Lancaster Middle,,Grant,95.0,All grades
,,Neal Wilkins Early Learnng Center,,Grant,87.0,All grades
,,Platteville High,,Grant,95.0,All grades
,,Platteville Middle,,Grant,95.0,All grades
,,Potosi Elementary,,Grant,95.0,All grades
,,Potosi High,,Grant,95.0,All grades
,,Potosi Middle,,Grant,95.0,All grades
,,River Ridge Elementary,,Grant,91.0,All grades
,,River Ridge High,,Grant,95.0,All grades
,,River Ridge Middle,,Grant,95.0,All grades
,,Riverdale Academy,,Grant,83.0,All grades
,,Riverdale Elementary,,Grant,93.0,All grades
,,Riverdale High,,Grant,95.0,All grades
,,Riverdale Jr High,,Grant,95.0,All grades
,,SS Andrew - Thomas Grade School,,Grant,83.0,All grades
,,Saint Clement School,,Grant,93.0,All grades
,,Saint Joseph Grade School - Hazel Green,,Grant,89.0,All grades
,,Saint Mary Grade School - Bloomington,,Grant,87.0,All grades
,,Saint Rose of Lima School,,Grant,79.0,All grades
,,Westview Elementary,,Grant,91.0,All grades
,,Winskill Elementary,,Grant,95.0,All grades
,,Abraham Lincoln Elementary,,Green,95.0,All grades
,,Albany Community Middle,,Green,94.0,All grades
,,Albany Elementary,,Green,91.0,All grades
,,Albany High,,Green,95.0,All grades
,,Brodhead High,,Green,95.0,All grades
,,Brodhead Middle,,Green,94.0,All grades
,,Juda Elementary,,Green,84.0,All grades
,,Juda High,,Green,83.0,All grades
,,Monroe High,,Green,95.0,All grades
,,Monroe Middle,,Green,95.0,All grades
,,Monticello Elementary,,Green,95.0,All grades
,,Monticello High,,Green,95.0,All grades
,,Monticello Middle,,Green,95.0,All grades
,,New Glarus Elementary,,Green,91.0,All grades
,,New Glarus High,,Green,95.0,All grades
,,New Glarus Middle,,Green,92.0,All grades
,,Northside Elementary - Monroe,,Green,95.0,All grades
,,Parkside Elementary - Monroe,,Green,92.0,All grades
,,Ronald R Albrecht Elementary,,Green,95.0,All grades
,,Saint Victor Grade School,,Green,93.0,All grades
,,All Saints Catholic School - Berlin,,Green Lake,88.0,All grades
,,Berlin High,,Green Lake,95.0,All grades
,,Berlin Middle,,Green Lake,95.0,All grades
,,Christ Alone Lutheran Academy- Princeton,,Green Lake,94.0,All grades
,,Clay Lamberton Elementary,,Green Lake,95.0,All grades
,,Faith Lutheran School - Markesan,,Green Lake,82.0,All grades
,,Green Lake Elementary,,Green Lake,94.0,All grades
,,Green Lake High,,Green Lake,95.0,All grades
,,Markesan High,,Green Lake,95.0,All grades
,,Markesan Intermediate,,Green Lake,92.0,All grades
,,Markesan Middle,,Green Lake,94.0,All grades
,,Markesan Primary,,Green Lake,91.0,All grades
,,Peace Lutheran School - Green Lake,,Green Lake,82.0,All grades
,,Princeton School,,Green Lake,95.0,All grades
,,Saint John Lutheran School - Berlin,,Green Lake,91.0,All grades
,,Barneveld Elementary,,Iowa,95.0,All grades
,,Barneveld High,,Iowa,95.0,All grades
,,Barneveld Middle,,Iowa,95.0,All grades
,,Dodgeville Elementary,,Iowa,93.0,All grades
,,Dodgeville High,,Iowa,93.0,All grades
,,Dodgeville Middle,,Iowa,95.0,All grades
,,Iowa-Grant El/Middle,,Iowa,95.0,All grades
,,Iowa-Grant High,,Iowa,95.0,All grades
,,Mineral Point Elementary,,Iowa,94.0,All grades
,,Mineral Point High,,Iowa,95.0,All grades
,,Mineral Point Middle,,Iowa,95.0,All grades
,,Saint Joseph Grade School - Dodgeville,,Iowa,85.0,All grades
,,Hurley Elementary,,Iron,90.0,All grades
,,Hurley High,,Iron,95.0,All grades
,,Mercer School,,Iron,86.0,All grades
,,Black River Falls High,,Jackson,95.0,All grades
,,Black River Falls Middle,,Jackson,95.0,All grades
,,Forrest Street Early Lrng Center,,Jackson,89.0,All grades
,,Lincoln Elementary - Merrillan,,Jackson,95.0,All grades
,,Lincoln Jr/Sr High School,,Jackson,95.0,All grades
,,Melrose-Mindoro Elementary,,Jackson,92.0,All grades
,,Melrose-Mindoro Jr/Sr High,,Jackson,94.0,All grades
,,Red Creek Elementary,,Jackson,95.0,All grades
,,Palmyra-Eagle Montessori School,,Jefferson,84.0,All grades
,,Barrie Elementary,,Jefferson,93.0,All grades
,,Calvary Baptist Christian School - Watertown,,Jefferson,75.0,All grades
,,Crown of Life Christian Academy,,Jefferson,92.0,All grades
,,Douglas Elementary,,Jefferson,91.0,All grades
,,Eagle Elementary,,Jefferson,92.0,All grades
,,East Elementary - Jefferson,,Jefferson,95.0,All grades
,,Endeavor Charter School,,Jefferson,92.0,All grades
,,Faith Community Christian School,,Jefferson,65.0,All grades
,,Faith Lutheran School - Watertown,,Jefferson,70.0,All grades
,,Fort Atkinson 4K,,Jefferson,93.0,All grades
,,Fort Atkinson High,,Jefferson,95.0,All grades
,,Fort Atkinson Middle,,Jefferson,95.0,All grades
,,Good Shepherd Lutheran School - Watertown,,Jefferson,89.0,All grades
,,Jefferson High,,Jefferson,95.0,All grades
,,Jefferson Middle - Jefferson,,Jefferson,95.0,All grades
,,Johnson Creek Public School,,Jefferson,95.0,All grades
,,LEAP Elementary,,Jefferson,95.0,All grades
,,Lake Mills Elementary,,Jefferson,95.0,All grades
,,Lake Mills High,,Jefferson,95.0,All grades
,,Lake Mills Middle,,Jefferson,95.0,All grades
,,Lakeside Lutheran High School,,Jefferson,93.0,All grades
,,Lebanon Lutheran School,,Jefferson,71.0,All grades
,,Lincoln Elementary - Watertown,,Jefferson,81.0,All grades
,,Luther Elementary,,Jefferson,95.0,All grades
,,Luther Preparatory School,,Jefferson,95.0,All grades
,,Maranatha Baptist Academy,,Jefferson,84.0,All grades
,,Palmyra-Eagle High,,Jefferson,95.0,All grades
,,Palmyra-Eagle Middle,,Jefferson,93.0,All grades
,,Purdy Elementary,,Jefferson,95.0,All grades
,,Riverside Middle,,Jefferson,95.0,All grades
,,Rockwell Elementary,,Jefferson,95.0,All grades
,,Saint Henry Grade School,,Jefferson,90.0,All grades
,,Saint John Ev Lutheran School - Waterloo,,Jefferson,85.0,All grades
,,Saint John the Baptist Gr School - Jefferson,,Jefferson,95.0,All grades
,,Saint John's Lutheran School- Watertown,,Jefferson,95.0,All grades
,,Saint Joseph Grade School - Fort Atkinson,,Jefferson,90.0,All grades
,,Saint Mark's Ev Lutheran School,,Jefferson,95.0,All grades
,,Saint Paul Evang Lutheran School - Lake Mills,,Jefferson,89.0,All grades
,,Saint Paul's Lutheran School - Fort Atkinson,,Jefferson,69.0,All grades
,,Saint Pauls Evang Lutheran School - Ixonia,,Jefferson,94.0,All grades
,,Saint Peter's Lutheran School- Helenville,,Jefferson,75.0,All grades
,,Schurz Elementary,,Jefferson,94.0,All grades
,,Sullivan Elementary - Jefferson,,Jefferson,94.0,All grades
,,Trinity St. Luke's Luth School,,Jefferson,95.0,All grades
,,Waterloo Elementary,,Jefferson,95.0,All grades
,,Waterloo High,,Jefferson,95.0,All grades
,,Waterloo Intermediate,,Jefferson,95.0,All grades
,,Waterloo Middle,,Jefferson,95.0,All grades
,,Watertown 4 Kids,,Jefferson,88.0,All grades
,,Watertown High,,Jefferson,95.0,All grades
,,Webster Elementary - Watertown,,Jefferson,95.0,All grades
,,West Elementary - Jefferson,,Jefferson,93.0,All grades
,,eCampus Academy Charter School,,Jefferson,88.0,All grades
,,Grayside Elementary,,Juneau,95.0,All grades
,,Lemonweir Academy,,Juneau,95.0,All grades
,,Lyndon Station Elementary,,Juneau,88.0,All grades
,,Mauston High,,Juneau,95.0,All grades
,,Mauston Montessori Charter School,,Juneau,84.0,All grades
,,N-Gage Academy,,Juneau,88.0,All grades
,,N-Vision Learning Center,,Juneau,95.0,All grades
,,Necedah Elementary,,Juneau,31.0,All grades
,,Necedah High,,Juneau,91.0,All grades
,,Necedah Middle,,Juneau,89.0,All grades
,,New Lisbon Elementary,,Juneau,93.0,All grades
,,New Lisbon Jr/High,,Juneau,95.0,All grades
,,Olson Middle,,Juneau,94.0,All grades
,,Royall Elementary,,Juneau,93.0,All grades
,,Royall High,,Juneau,95.0,All grades
,,Royall Intermediate,,Juneau,94.0,All grades
,,Saint Patrick's School - Mauston,,Juneau,76.0,All grades
,,Saint Pauls Evang Lutheran School - Wonewoc,,Juneau,95.0,All grades
,,West Side Elementary - Mauston,,Juneau,89.0,All grades
,,Wonewoc-Center Elementary,,Juneau,89.0,All grades
,,Wonewoc-Center High,,Juneau,95.0,All grades
,,Wonewoc-Center Jr High,,Juneau,94.0,All grades
,,iLEAD Charter School,,Juneau,89.0,All grades
,,Saint Joseph Catholic Academy,,Kenosha,94.0,All grades
,,Open Wings Learning Community,,Kenosha,94.0,All grades
,,All Saints Catholic School - Kenosha,,Kenosha,95.0,All grades
,,Bose Elementary,,Kenosha,82.0,All grades
,,Bradford High,,Kenosha,94.0,All grades
,,Brass Community School,,Kenosha,81.0,All grades
,,Brighton Elementary,,Kenosha,92.0,All grades
,,Bristol Elementary,,Kenosha,94.0,All grades
,,Bullen Middle,,Kenosha,95.0,All grades
,,Central High - Salem,,Kenosha,95.0,All grades
,,Chavez Learning Station,,Kenosha,93.0,All grades
,,Christian Life School,,Kenosha,83.0,All grades
,,Dimensions of Learning Academy,,Kenosha,93.0,All grades
,,Grant Elementary - Kenosha,,Kenosha,79.0,All grades
,,Grewenow Elementary,,Kenosha,81.0,All grades
,,Harborside Academy,,Kenosha,95.0,All grades
,,Hillcrest School,,Kenosha,93.0,All grades
,,Indian Trail HS & Academy,,Kenosha,95.0,All grades
,,KTEC,,Kenosha,93.0,All grades
,,Kenosha Christian Academy,,Kenosha,81.0,All grades
,,Kenosha Lutheran Academy,,Kenosha,90.0,All grades
,,Kenosha School of Language,,Kenosha,93.0,All grades
,,Lakeview Technology Academy,,Kenosha,95.0,All grades
,,Lakewood Elementary,,Kenosha,93.0,All grades
,,Lance Middle,,Kenosha,95.0,All grades
,,Mahone Middle,,Kenosha,95.0,All grades
,,Nash Elementary,,Kenosha,95.0,All grades
,,Paris Elementary,,Kenosha,93.0,All grades
,,Pleasant Prairie Elementary,,Kenosha,93.0,All grades
,,Randall Consolidated School,,Kenosha,94.0,All grades
,,Reuther Central High,,Kenosha,95.0,All grades
,,Riverview Elementary - Silver Lake,,Kenosha,95.0,All grades
,,Roosevelt Elementary - Kenosha,,Kenosha,92.0,All grades
,,Salem Elementary,,Kenosha,93.0,All grades
,,Shoreland Lutheran High School,,Kenosha,93.0,All grades
,,Somers Elementary,,Kenosha,92.0,All grades
,,Southport Elementary,,Kenosha,91.0,All grades
,,Strange Elementary,,Kenosha,88.0,All grades
,,Tall Oaks Academy Inc.,,Kenosha,70.0,All grades
,,Tremper High,,Kenosha,95.0,All grades
,,Trevor-Wilmot Grade,,Kenosha,93.0,All grades
,,Washington Middle - Kenosha,,Kenosha,92.0,All grades
,,Wheatland Center Elementary,,Kenosha,89.0,All grades
,,Whittier Elementary - Pleasant Prairie,,Kenosha,93.0,All grades
,,Wilmot High,,Kenosha,95.0,All grades
,,Algoma Elementary,,Kewaunee,93.0,All grades
,,Algoma High,,Kewaunee,94.0,All grades
,,Algoma Venture Academy,,Kewaunee,94.0,All grades
,,Holy Rosary Catholic School - Kewaunee,,Kewaunee,93.0,All grades
,,Kewaunee Elementary,,Kewaunee,95.0,All grades
,,Kewaunee High,,Kewaunee,95.0,All grades
,,Kewaunee Middle,,Kewaunee,95.0,All grades
,,Luxemburg-Casco High,,Kewaunee,95.0,All grades
,,Luxemburg-Casco Intermed,,Kewaunee,95.0,All grades
,,Luxemburg-Casco Middle,,Kewaunee,95.0,All grades
,,Luxemburg-Casco Primary,,Kewaunee,95.0,All grades
,,Saint Mary School- Luxemburg,,Kewaunee,95.0,All grades
,,Saint Paul Lutheran School- Luxemburg,,Kewaunee,84.0,All grades
,,Aquinas High,,La Crosse,93.0,All grades
,,Aquinas Middle,,La Crosse,88.0,All grades
,,Bangor Elementary,,La Crosse,95.0,All grades
,,Bangor Mid/High,,La Crosse,95.0,All grades
,,Blessed Sacrament Elementary - La Crosse,,La Crosse,95.0,All grades
,,Cathedral Elementary,,La Crosse,92.0,All grades
,,Central High,,La Crosse,95.0,All grades
,,Chileda,,La Crosse,91.0,All grades
,,Christ St John's Lutheran School,,La Crosse,83.0,All grades
,,Coulee Christian School,,La Crosse,70.0,All grades
,,Coulee Montessori Charter School,,La Crosse,80.0,All grades
,,Eagle Bluff Elementary,,La Crosse,95.0,All grades
,,Emerson Elementary - La Crosse,,La Crosse,95.0,All grades
,,Evergreen Elementary - Holmen,,La Crosse,95.0,All grades
,,First Evang Lutheran School - La Crosse,,La Crosse,89.0,All grades
,,Great River Montessori,,La Crosse,84.0,All grades
,,Hamilton Elementary,,La Crosse,91.0,All grades
,,Hintgen Elementary,,La Crosse,94.0,All grades
,,Holmen High,,La Crosse,95.0,All grades
,,Holmen Middle,,La Crosse,95.0,All grades
,,Holmen Public Preschool,,La Crosse,95.0,All grades
,,La Crosse Offsite Preschool,,La Crosse,95.0,All grades
,,La Crosse Polytechnic School,,La Crosse,95.0,All grades
,,Logan High,,La Crosse,95.0,All grades
,,Logan Middle,,La Crosse,95.0,All grades
,,Longfellow Middle - La Crosse,,La Crosse,95.0,All grades
,,Luther High School,,La Crosse,94.0,All grades
,,North Woods International School,,La Crosse,91.0,All grades
,,Northern Hills Elementary,,La Crosse,95.0,All grades
,,Northside Elementary - La Crosse,,La Crosse,91.0,All grades
,,Onalaska High,,La Crosse,95.0,All grades
,,Onalaska Middle,,La Crosse,95.0,All grades
,,Pertzsch Elementary,,La Crosse,95.0,All grades
,,Prairie View Elementary - Holmen,,La Crosse,94.0,All grades
,,Providence Academy - La Crosse,,La Crosse,74.0,All grades
,,Saint Patricks Elementary - Onalaska,,La Crosse,93.0,All grades
,,Saint Paul's Evang Luth School - Onalaska,,La Crosse,86.0,All grades
,,Saint Paul's Evang Lutheran- Bangor,,La Crosse,95.0,All grades
,,Sand Lake Elementary,,La Crosse,94.0,All grades
,,Sch of Technology and Arts I,,La Crosse,86.0,All grades
,,Sch of Technology and Arts II,,La Crosse,95.0,All grades
,,Southern Bluffs Elementary,,La Crosse,95.0,All grades
,,Spence Elementary,,La Crosse,94.0,All grades
,,State Road Elementary,,La Crosse,95.0,All grades
,,Summit Environmental School,,La Crosse,92.0,All grades
,,Viking Elementary,,La Crosse,95.0,All grades
,,West Salem Elementary,,La Crosse,12.0,All grades
,,Argyle Elementary,,Lafayette,91.0,All grades
,,Argyle High,,Lafayette,95.0,All grades
,,Argyle Middle,,Lafayette,95.0,All grades
,,Belmont Elementary,,Lafayette,95.0,All grades
,,Belmont High,,Lafayette,94.0,All grades
,,Benton Elementary,,Lafayette,87.0,All grades
,,Benton High,,Lafayette,95.0,All grades
,,Benton Middle,,Lafayette,95.0,All grades
,,Black Hawk Elementary,,Lafayette,95.0,All grades
,,Black Hawk High,,Lafayette,95.0,All grades
,,Black Hawk Middle - Lafayette,,Lafayette,95.0,All grades
,,Darlington El/Middle,,Lafayette,93.0,All grades
,,Darlington High,,Lafayette,94.0,All grades
,,Holy Rosary Grade School - Darlington,,Lafayette,95.0,All grades
,,Pecatonica Elementary,,Lafayette,95.0,All grades
,,Pecatonica High,,Lafayette,95.0,All grades
,,Shullsburg Elementary,,Lafayette,87.0,All grades
,,Shullsburg High,,Lafayette,95.0,All grades
,,Shullsburg Jr,,Lafayette,95.0,All grades
,,All Saints Catholic School - Antigo,,Langlade,88.0,All grades
,,Antigo High,,Langlade,95.0,All grades
,,Antigo Middle,,Langlade,94.0,All grades
,,East Elementary - Antigo,,Langlade,90.0,All grades
,,Elcho Elementary,,Langlade,94.0,All grades
,,North Elementary - Antigo,,Langlade,92.0,All grades
,,Peace Lutheran School- Antigo,,Langlade,85.0,All grades
,,West Elementary - Antigo,,Langlade,88.0,All grades
,,White Lake Elementary,,Langlade,51.0,All grades
,,Gleason Mennonite School,,Lincoln,48.0,All grades
,,Kate Goodrich Elementary,,Lincoln,88.0,All grades
,,Lincoln Hills School,,Lincoln,94.0,All grades
,,Merrill High,,Lincoln,95.0,All grades
,,Pine River Sch Young Learners,,Lincoln,95.0,All grades
,,Prairie River Middle,,Lincoln,92.0,All grades
,,Saint Francis Xavier Cath School,,Lincoln,87.0,All grades
,,Saint John Lutheran School - Merrill,,Lincoln,76.0,All grades
,,Saint Marys Grade School - Tomahawk,,Lincoln,83.0,All grades
,,Tomahawk Elementary,,Lincoln,93.0,All grades
,,Tomahawk High,,Lincoln,95.0,All grades
,,Tomahawk Middle,,Lincoln,93.0,All grades
,,Trinity Lutheran School- Merrill,,Lincoln,93.0,All grades
,,Washington Elementary - Merrill,,Lincoln,93.0,All grades
,,Between the Lakes Virtual Academy,,Manitowoc,56.0,All grades
,,Clarke Middle,,Manitowoc,94.0,All grades
,,Divine Savior Catholic School - Kiel,,Manitowoc,95.0,All grades
,,First German Evang Luth Gr School,,Manitowoc,88.0,All grades
,,Franklin Elementary - Manitowoc,,Manitowoc,95.0,All grades
,,Immanuel Evang Lutheran Grade,,Manitowoc,88.0,All grades
,,Jackson Elementary - Manitowoc,,Manitowoc,93.0,All grades
,,Jefferson Elementary - Manitowoc,,Manitowoc,92.0,All grades
,,Kiel High,,Manitowoc,95.0,All grades
,,Kiel Middle,,Manitowoc,95.0,All grades
,,Koenig Elementary,,Manitowoc,92.0,All grades
,,Lakeside Mennonite School,,Manitowoc,21.0,All grades
,,Lincoln High - Manitowoc,,Manitowoc,95.0,All grades
,,Madison Elementary - Manitowoc,,Manitowoc,95.0,All grades
,,Magee Elementary - Two Rivers,,Manitowoc,95.0,All grades
,,Manitowoc Lutheran Hi School,,Manitowoc,91.0,All grades
,,McKinley Academy,,Manitowoc,95.0,All grades
,,Mishicot High,,Manitowoc,95.0,All grades
,,Mishicot Middle,,Manitowoc,95.0,All grades
,,Monroe Elementary - Manitowoc,,Manitowoc,92.0,All grades
,,Reedsville Elementary,,Manitowoc,94.0,All grades
,,Reedsville Jr/Sr High School,,Manitowoc,95.0,All grades
,,Riverview Early Learning Center,,Manitowoc,95.0,All grades
,,Riverview Elementary - Manitowoc,,Manitowoc,95.0,All grades
,,Roncalli Catholic Schools-Elem School,,Manitowoc,94.0,All grades
,,Roncalli Catholic Schools-Mid School,,Manitowoc,95.0,All grades
,,Roncalli Catholic Schools-High School,,Manitowoc,95.0,All grades
,,Saint John Saint James Lut School,,Manitowoc,91.0,All grades
,,Saint John's Evang Lutheran- Manitowoc,,Manitowoc,91.0,All grades
,,Saint John's Lutheran Grd School - Two Rivers,,Manitowoc,81.0,All grades
,,Saint Mary Saint Michael School,,Manitowoc,89.0,All grades
,,Schultz Elementary,,Manitowoc,95.0,All grades
,,Trinity Lutheran School - Kiel,,Manitowoc,95.0,All grades
,,Two Rivers High,,Manitowoc,95.0,All grades
,,Valders Elementary,,Manitowoc,95.0,All grades
,,Valders High,,Manitowoc,95.0,All grades
,,Valders Middle,,Manitowoc,95.0,All grades
,,Washington Middle - Manitowoc,,Manitowoc,95.0,All grades
,,Wilson Middle - Manitowoc,,Manitowoc,95.0,All grades
,,Zielanis Elementary,,Manitowoc,95.0,All grades
,,Athens Mennonite School,,Marathon,47.0,All grades
,,Newman Catholic Classical Schools: Holy Name,,Marathon,88.0,All grades
,,Athens Elementary,,Marathon,88.0,All grades
,,Athens High,,Marathon,91.0,All grades
,,Athens Middle,,Marathon,86.0,All grades
,,D C Everest High,,Marathon,95.0,All grades
,,D C Everest Idea School,,Marathon,92.0,All grades
,,D C Everest Jr,,Marathon,95.0,All grades
,,D C Everest Middle,,Marathon,95.0,All grades
,,East High - Wausau,,Marathon,95.0,All grades
,,Edgar Elementary,,Marathon,91.0,All grades
,,Edgar High,,Marathon,95.0,All grades
,,Edgar Middle,,Marathon,95.0,All grades
,,EnrichExcelAchieveLrngAcad,,Marathon,95.0,All grades
,,Evergreen Elementary - Rothschild,,Marathon,95.0,All grades
,,Faith Christian Academy,,Marathon,77.0,All grades
,,Franklin Elementary - Wausau,,Marathon,95.0,All grades
,,G D Jones Elementary,,Marathon,94.0,All grades
,,Grant Elementary - Wausau,,Marathon,95.0,All grades
,,Hatley Elementary,,Marathon,95.0,All grades
,,Hawthorn Hills Elementary,,Marathon,94.0,All grades
,,Hewitt-Texas Elementary,,Marathon,94.0,All grades
,,Horace Mann Middle - Wausau,,Marathon,95.0,All grades
,,John Marshall Elementary,,Marathon,93.0,All grades
,,John Muir Middle,,Marathon,95.0,All grades
,,Lincoln Elementary - Wausau,,Marathon,94.0,All grades
,,Maine Elementary,,Marathon,95.0,All grades
,,Maple Grove School,,Marathon,83.0,All grades
,,Marathon Elementary,,Marathon,92.0,All grades
,,Marathon High,,Marathon,95.0,All grades
,,Marathon Venture Academy,,Marathon,95.0,All grades
,,Mosinee Elementary,,Marathon,95.0,All grades
,,Mosinee High,,Marathon,95.0,All grades
,,Mosinee Middle,,Marathon,95.0,All grades
,,Mountain Bay Elementary,,Marathon,94.0,All grades
,,Mountain View Montessori,,Marathon,90.0,All grades
,,Newman Catholic Elementary School - Rothschild,,Marathon,95.0,All grades
,,Newman Catholic Elementary School - Wausau,,Marathon,95.0,All grades
,,Newman Catholic High,,Marathon,95.0,All grades
,,Newman Catholic Middle,,Marathon,95.0,All grades
,,Northland Lutheran High School,,Marathon,90.0,All grades
,,Odyssey Elementary,,Marathon,89.0,All grades
,,Our Saviors Evang Luth Gr School,,Marathon,80.0,All grades
,,Rib Mountain Elementary,,Marathon,95.0,All grades
,,Riverside Elementary - Ringle,,Marathon,94.0,All grades
,,Riverview Elementary - Wausau,,Marathon,95.0,All grades
,,Rothschild Elementary,,Marathon,94.0,All grades
,,Saint Anthony de Padua CathSch,,Marathon,89.0,All grades
,,Saint John Lutheran School - Wausau,,Marathon,76.0,All grades
,,Saint John School - Edgar,,Marathon,74.0,All grades
,,Saint Joseph Catholic School - Stratford,,Marathon,87.0,All grades
,,Saint Marys Grade School - Marathon,,Marathon,95.0,All grades
,,Saint Peter Lutheran School - Schofield,,Marathon,86.0,All grades
,,South Mountain Elementary,,Marathon,95.0,All grades
,,Spencer Elementary,,Marathon,95.0,All grades
,,Spencer Jr Hi/High,,Marathon,95.0,All grades
,,Stettin Elementary,,Marathon,95.0,All grades
,,Stratford Elementary,,Marathon,93.0,All grades
,,Stratford High,,Marathon,95.0,All grades
,,Stratford Middle,,Marathon,94.0,All grades
,,Thomas Jefferson Elementary,,Marathon,94.0,All grades
,,Trinity Lutheran School- Athens,,Marathon,93.0,All grades
,,Trinity Lutheran School- Wausau,,Marathon,92.0,All grades
,,WausauAreaMontessoriCharter,,Marathon,88.0,All grades
,,West High - Wausau,,Marathon,95.0,All grades
,,Weston Elementary - Weston,,Marathon,92.0,All grades
,,Coleman Elementary,,Marinette,94.0,All grades
,,Coleman High,,Marinette,95.0,All grades
,,Coleman Middle,,Marinette,95.0,All grades
,,Crivitz Elementary,,Marinette,95.0,All grades
,,Crivitz High,,Marinette,94.0,All grades
,,Crivitz Middle,,Marinette,94.0,All grades
,,Faith Christian School - Coleman,,Marinette,60.0,All grades
,,Goodman High,,Marinette,95.0,All grades
,,Goodman-Armstrong Elementary,,Marinette,94.0,All grades
,,Marinette High,,Marinette,95.0,All grades
,,Marinette Intermed,,Marinette,94.0,All grades
,,Marinette Middle,,Marinette,94.0,All grades
,,Marinette Pri,,Marinette,90.0,All grades
,,Niagara Elementary,,Marinette,93.0,All grades
,,Niagara High,,Marinette,93.0,All grades
,,Pembine Elementary,,Marinette,91.0,All grades
,,Pembine High,,Marinette,95.0,All grades
,,Peshtigo Elementary,,Marinette,93.0,All grades
,,Peshtigo High,,Marinette,94.0,All grades
,,Peshtigo Middle,,Marinette,95.0,All grades
,,Saint John Lutheran School - Peshtigo,,Marinette,89.0,All grades
,,Saint Thomas Aquinas Academy - Marinette,,Marinette,95.0,All grades
,,Trinity Lutheran School - Marinette,,Marinette,83.0,All grades
,,Wausaukee Elementary,,Marinette,95.0,All grades
,,Wausaukee High,,Marinette,95.0,All grades
,,Wausaukee Middle,,Marinette,95.0,All grades
,,Christ Alone Lutheran Academy- Montello,,Marquette,76.0,All grades
,,Coloma Elementary,,Marquette,84.0,All grades
,,Endeavor Elementary,,Marquette,86.0,All grades
,,Forest Lane Community School,,Marquette,88.0,All grades
,,High Marq Environmental Chrtr,,Marquette,91.0,All grades
,,Montello Jr/Sr High,,Marquette,95.0,All grades
,,Montello Virtual Charter School,,Marquette,83.0,All grades
,,Oxford Elementary,,Marquette,95.0,All grades
,,Westfield Area High,,Marquette,95.0,All grades
,,Westfield Area Middle,,Marquette,94.0,All grades
,,Westfield Elementary,,Marquette,87.0,All grades
,,Kaehkenawapahtaeq,,Menominee,92.0,All grades
,,Keshena Primary,,Menominee,92.0,All grades
,,Menominee Indian High,,Menominee,95.0,All grades
,,Menominee Indian Middle,,Menominee,95.0,All grades
,,Menominee Tribal School,,Menominee,95.0,All grades
,,Saint Mary Czestochowa,,Milwaukee,91.0,All grades
,,Saint Rose,,Milwaukee,95.0,All grades
,,ALBA,,Milwaukee,94.0,All grades
,,ASSATA,,Milwaukee,95.0,All grades
,,Academy of Accelerated Learning,,Milwaukee,92.0,All grades
,,Alcott Elementary,,Milwaukee,89.0,All grades
,,Allen-Field Elementary,,Milwaukee,80.0,All grades
,,Alliance Sch of Milw,,Milwaukee,90.0,All grades
,,Andrew S Douglas Middle,,Milwaukee,90.0,All grades
,,Atlas Preparatory Academy - Lower Campus,,Milwaukee,70.0,All grades
,,Atlas Preparatory Academy - Upper Campus,,Milwaukee,86.0,All grades
,,Atwater Elementary,,Milwaukee,95.0,All grades
,,Audubon High,,Milwaukee,95.0,All grades
,,Audubon Middle,,Milwaukee,89.0,All grades
,,Auer Avenue Elementary,,Milwaukee,91.0,All grades
,,Bader Hillel High Inc.,,Milwaukee,74.0,All grades
,,Badger State Baptist School,,Milwaukee,67.0,All grades
,,Banner Prep,,Milwaukee,95.0,All grades
,,Barbee Elementary,,Milwaukee,10.0,All grades
,,Barton Elementary,,Milwaukee,80.0,All grades
,,Bay View High,,Milwaukee,95.0,All grades
,,Bay View Montessori School,,Milwaukee,94.0,All grades
,,Bayside Middle,,Milwaukee,95.0,All grades
,,Ben Franklin Elementary,,Milwaukee,95.0,All grades
,,Bethune Academy,,Milwaukee,93.0,All grades
,,Blakewood Elementary,,Milwaukee,94.0,All grades
,,Blessed Sacrament Catholic School - Milwaukee,,Milwaukee,17.0,All grades
,,Bradley Tech High,,Milwaukee,94.0,All grades
,,Brown Deer Elementary,,Milwaukee,93.0,All grades
,,Brown Deer Mid/High,,Milwaukee,95.0,All grades
,,Brown Street Academy,,Milwaukee,85.0,All grades
,,Browning Elementary,,Milwaukee,85.0,All grades
,,Bruce Elementary - Milwaukee,,Milwaukee,88.0,All grades
,,Bruce Guadalupe,,Milwaukee,95.0,All grades
,,Bryant Elementary - Milwaukee,,Milwaukee,85.0,All grades
,,Burbank Elementary,,Milwaukee,89.0,All grades
,,Burdick Elementary,,Milwaukee,91.0,All grades
,,Canterbury Elementary,,Milwaukee,95.0,All grades
,,Carmen Hi South Campus,,Milwaukee,95.0,All grades
,,Carmen Hi Southeast Campus,,Milwaukee,7.0,All grades
,,Carmen Mid/Hi Northwest Campus,,Milwaukee,5.0,All grades
,,Carmen Middle School South,,Milwaukee,95.0,All grades
,,Carollton Elementary,,Milwaukee,95.0,All grades
,,Carson Academy,,Milwaukee,87.0,All grades
,,Carver Academy,,Milwaukee,86.0,All grades
,,Cass Street Elementary,,Milwaukee,87.0,All grades
,,Catholic East Elementary,,Milwaukee,79.0,All grades
,,Cedar Hills Elementary,,Milwaukee,88.0,All grades
,,Central High - West Allis,,Milwaukee,95.0,All grades
,,Christ King School,,Milwaukee,95.0,All grades
,,Christ St. Peter Lutheran School - West,,Milwaukee,94.0,All grades
,,Christ St. Peter Lutheran School - Centennial,,Milwaukee,90.0,All grades
,,Clarke Street Elementary - Milwaukee,,Milwaukee,74.0,All grades
,,Clemens Elementary,,Milwaukee,86.0,All grades
,,Clement Avenue Elementary,,Milwaukee,90.0,All grades
,,College Park Elementary,,Milwaukee,93.0,All grades
,,Congress Elementary,,Milwaukee,92.0,All grades
,,Cooper Elementary - Milwaukee,,Milwaukee,95.0,All grades
,,Country Dale Elementary,,Milwaukee,95.0,All grades
,,Craig Montessori School,,Milwaukee,94.0,All grades
,,Cross Trainers Academy,,Milwaukee,92.0,All grades
,,Cudahy High,,Milwaukee,95.0,All grades
,,Cudahy Middle,,Milwaukee,95.0,All grades
,,Cumberland Elementary - Whitefish Bay,,Milwaukee,95.0,All grades
,,Curtin Elementary,,Milwaukee,83.0,All grades
,,DLH Academy,,Milwaukee,95.0,All grades
,,Deer Creek Intermediate,,Milwaukee,95.0,All grades
,,Deerfield Elementary - Oak Creek,,Milwaukee,95.0,All grades
,,Destiny High School,,Milwaukee,95.0,All grades
,,Divine Mercy School - S Milwaukee,,Milwaukee,95.0,All grades
,,Doerfler Elementary,,Milwaukee,78.0,All grades
,,Dominican High School,,Milwaukee,95.0,All grades
,,Downtown Montessori,,Milwaukee,91.0,All grades
,,E W Luther Elementary,,Milwaukee,91.0,All grades
,,Early Learning Academy - Oak Creek,,Milwaukee,95.0,All grades
,,Early View Academy of Excellence,,Milwaukee,95.0,All grades
,,East High - Wauwatosa,,Milwaukee,95.0,All grades
,,Eastbrook Academy,,Milwaukee,92.0,All grades
,,Edgerton Elementary,,Milwaukee,95.0,All grades
,,Edgewood Elementary - Greenfield,,Milwaukee,95.0,All grades
,,Edgewood Elementary - Oak Creek,,Milwaukee,94.0,All grades
,,Eighty-First Street Elementary,,Milwaukee,73.0,All grades
,,Eisenhower Elementary - Wauwatosa,,Milwaukee,93.0,All grades
,,El Puente High School,,Milwaukee,95.0,All grades
,,Elm Creative Arts Elementary,,Milwaukee,9.0,All grades
,,Elm Dale Elementary,,Milwaukee,94.0,All grades
,,Emerson Elementary - Milwaukee,,Milwaukee,71.0,All grades
,,Engleburg Elementary,,Milwaukee,89.0,All grades
,,Escuela Verde,,Milwaukee,95.0,All grades
,,Fairview Elementary - Milwaukee,,Milwaukee,94.0,All grades
,,Fernwood Montessori,,Milwaukee,95.0,All grades
,,Fifty-Third Street Elementary,,Milwaukee,68.0,All grades
,,Forest Home Elementary,,Milwaukee,71.0,All grades
,,Forest Park Middle,,Milwaukee,95.0,All grades
,,Forest Ridge Elementary,,Milwaukee,92.0,All grades
,,Frank Lloyd Wright Intermed,,Milwaukee,95.0,All grades
,,Franklin Elementary - Milwaukee,,Milwaukee,81.0,All grades
,,Franklin Elementary - West Allis,,Milwaukee,86.0,All grades
,,Franklin High,,Milwaukee,95.0,All grades
,,Fratney Elementary,,Milwaukee,75.0,All grades
,,Gaenslen Elementary,,Milwaukee,80.0,All grades
,,Garden Homes Lutheran School,,Milwaukee,94.0,All grades
,,Garland Elementary,,Milwaukee,86.0,All grades
,,Glen Hills Middle,,Milwaukee,95.0,All grades
,,Glenwood Elementary,,Milwaukee,93.0,All grades
,,Golda Meir School,,Milwaukee,95.0,All grades
,,Goodrich Elementary,,Milwaukee,75.0,All grades
,,Grace Christian Academy,,Milwaukee,76.0,All grades
,,Grace Lutheran School - Oak Creek,,Milwaukee,92.0,All grades
,,Grandview High,,Milwaukee,91.0,All grades
,,Grant Elementary - Milwaukee,,Milwaukee,93.0,All grades
,,Grant Gordon Learning Center,,Milwaukee,7.0,All grades
,,Grantosa Drive Elementary,,Milwaukee,74.0,All grades
,,Granville Lutheran School,,Milwaukee,92.0,All grades
,,Green Tree Preparatory Academy,,Milwaukee,5.0,All grades
,,Greendale High,,Milwaukee,95.0,All grades
,,Greendale Middle,,Milwaukee,95.0,All grades
,,Greenfield Bilingual,,Milwaukee,83.0,All grades
,,Greenfield High,,Milwaukee,95.0,All grades
,,Greenfield Middle,,Milwaukee,95.0,All grades
,,Guidance Academy,,Milwaukee,87.0,All grades
,,Hales Corners Elementary,,Milwaukee,95.0,All grades
,,Hales Corners Lutheran School,,Milwaukee,93.0,All grades
,,Hamilton High - Milwaukee,,Milwaukee,91.0,All grades
,,Hampton Elementary,,Milwaukee,69.0,All grades
,,Hartford Avenue Elementary,,Milwaukee,88.0,All grades
,,Hawley Environmental School,,Milwaukee,88.0,All grades
,,Hawthorne Elementary - Milwaukee,,Milwaukee,74.0,All grades
,,Hayes Bilingual School,,Milwaukee,76.0,All grades
,,High -Mount Elementary,,Milwaukee,73.0,All grades
,,Highland Community School,,Milwaukee,95.0,All grades
,,Highland View Elementary,,Milwaukee,95.0,All grades
,,Hillel Academy,,Milwaukee,72.0,All grades
,,Holmes Elementary,,Milwaukee,68.0,All grades
,,Holy Family School,,Milwaukee,94.0,All grades
,,Honey Creek Elementary,,Milwaukee,95.0,All grades
,,Hoover Elementary - New Berlin,,Milwaukee,95.0,All grades
,,Hope Christian Sch: Caritas,,Milwaukee,88.0,All grades
,,Hope Christian Sch: Fidelis,,Milwaukee,89.0,All grades
,,Hope Christian Sch: Fortis,,Milwaukee,87.0,All grades
,,Hope Christian Sch: Prima,,Milwaukee,81.0,All grades
,,Hope Christian Sch: Semper,,Milwaukee,86.0,All grades
,,Hopkins Lloyd,,Milwaukee,80.0,All grades
,,Horace Mann Elementary,,Milwaukee,92.0,All grades
,,Humboldt Park Elementary,,Milwaukee,83.0,All grades
,,IDEAL,,Milwaukee,91.0,All grades
,,Indian Community School,,Milwaukee,92.0,All grades
,,Indian Hill School,,Milwaukee,95.0,All grades
,,Inst of Technology & Academy LC,,Milwaukee,89.0,All grades
,,Inst of Technology & Academics,,Milwaukee,92.0,All grades
,,Irving Elementary,,Milwaukee,95.0,All grades
,,Jackson Elementary - Milwaukee,,Milwaukee,83.0,All grades
,,James E DottkeAlternativeSch,,Milwaukee,95.0,All grades
,,Jefferson Elementary - Wauwatosa,,Milwaukee,95.0,All grades
,,Jefferson Elementary - West Allis,,Milwaukee,95.0,All grades
,,Jones Elementary - Cudahy,,Milwaukee,95.0,All grades
,,Jubilee Christian School,,Milwaukee,95.0,All grades
,,Kagel Elementary,,Milwaukee,63.0,All grades
,,Keefe Avenue Elementary,,Milwaukee,34.0,All grades
,,Kilbourn Elementary,,Milwaukee,81.0,All grades
,,King IB Middle,,Milwaukee,91.0,All grades
,,King International,,Milwaukee,95.0,All grades
,,King Jr Elementary,,Milwaukee,80.0,All grades
,,"King's Academy Christian Sch, Inc",,Milwaukee,95.0,All grades
,,Kluge Elementary,,Milwaukee,86.0,All grades
,,Kosciuszko Elementary,,Milwaukee,89.0,All grades
,,Kradwell School,,Milwaukee,95.0,All grades
,,LaFollette Elementary,,Milwaukee,82.0,All grades
,,Lad Lake Synergy,,Milwaukee,91.0,All grades
,,Lake Bluff Elementary,,Milwaukee,95.0,All grades
,,Lakeview Elementary - S Milwaukee,,Milwaukee,92.0,All grades
,,Lancaster Elementary,,Milwaukee,91.0,All grades
,,Lincoln Avenue Elementary,,Milwaukee,79.0,All grades
,,Lincoln Elementary - Cudahy,,Milwaukee,93.0,All grades
,,Lincoln Elementary - Wauwatosa,,Milwaukee,95.0,All grades
,,Lincoln Middle - Milwaukee,,Milwaukee,88.0,All grades
,,Longfellow Elementary - Milwaukee,,Milwaukee,84.0,All grades
,,Longfellow Middle - Wauwatosa,,Milwaukee,95.0,All grades
,,Lowell International Elementary,,Milwaukee,71.0,All grades
,,MacDowell Montessori School,,Milwaukee,92.0,All grades
,,Madison Academic Campus,,Milwaukee,95.0,All grades
,,Madison Elementary - Wauwatosa,,Milwaukee,95.0,All grades
,,Manitoba Elementary,,Milwaukee,92.0,All grades
,,Maple Dale School,,Milwaukee,95.0,All grades
,,Maple Grove Elementary,,Milwaukee,95.0,All grades
,,Maple Tree Elementary,,Milwaukee,90.0,All grades
,,Marshall High - Milwaukee,,Milwaukee,92.0,All grades
,,Martin Luther High School,,Milwaukee,95.0,All grades
,,Mary Queen of Saints Catholic,,Milwaukee,87.0,All grades
,,Maryland Montessori,,Milwaukee,89.0,All grades
,,McKinley Elementary - Wauwatosa,,Milwaukee,95.0,All grades
,,Meadowview Elementary - Oak Creek,,Milwaukee,95.0,All grades
,,Messiah Lutheran School - Hales Corners,,Milwaukee,95.0,All grades
,,Metcalfe Elementary,,Milwaukee,82.0,All grades
,,Milwaukee Academy of Chinese Lang,,Milwaukee,74.0,All grades
,,Milwaukee Co Youth Educ Center,,Milwaukee,95.0,All grades
,,Milwaukee Environmental Science Aca,,Milwaukee,90.0,All grades
,,Milwaukee French Immersion,,Milwaukee,75.0,All grades
,,Milwaukee German Immersion,,Milwaukee,79.0,All grades
,,Milwaukee Hi Sch of the Arts,,Milwaukee,95.0,All grades
,,Milwaukee Sch of Languages,,Milwaukee,95.0,All grades
,,Milwaukee Seventh Day Adventist School,,Milwaukee,94.0,All grades
,,Milwaukee Sign Language Elementary,,Milwaukee,59.0,All grades
,,Milwaukee Spanish Immersion,,Milwaukee,86.0,All grades
,,Milwaukee Jewish Day School,,Milwaukee,95.0,All grades
,,Milwaukee Montessori School,,Milwaukee,95.0,All grades
,,Milwaukee Scholars Charter School,,Milwaukee,90.0,All grades
,,Mitchell Elementary - Cudahy,,Milwaukee,92.0,All grades
,,Mitchell Elementary - Milwaukee,,Milwaukee,71.0,All grades
,,Mitchell Elementary - West Allis,,Milwaukee,94.0,All grades
,,Morgandale Elementary,,Milwaukee,82.0,All grades
,,Morse Middle,,Milwaukee,5.0,All grades
,,Mother of Good Counsel School,,Milwaukee,54.0,All grades
,,Mount Lebanon Lutheran School,,Milwaukee,94.0,All grades
,,Nathan Hale High,,Milwaukee,95.0,All grades
,,Neeskara Elementary,,Milwaukee,60.0,All grades
,,New Horizons for Learning,,Milwaukee,95.0,All grades
,,Nicolet High,,Milwaukee,95.0,All grades
,,Ninety-Fifth Street Elementary,,Milwaukee,62.0,All grades
,,North Division High,,Milwaukee,92.0,All grades
,,North Shore Montessori School,,Milwaukee,77.0,All grades
,,Northwest Catholic School,,Milwaukee,89.0,All grades
,,Northwest Lutheran School,,Milwaukee,86.0,All grades
,,Notre Dame Sch of Milwaukee,,Milwaukee,95.0,All grades
,,Oak Creek East Middle,,Milwaukee,95.0,All grades
,,Oak Creek High,,Milwaukee,95.0,All grades
,,Oak Creek West Middle,,Milwaukee,94.0,All grades
,,Obama SCTE,,Milwaukee,95.0,All grades
,,Our Father's Lutheran School,,Milwaukee,84.0,All grades
,,Our Lady Queen of Peace- Milwaukee,,Milwaukee,95.0,All grades
,,Our Redeemer Lutheran School - Wauwatosa,,Milwaukee,94.0,All grades
,,Parkview Elementary - Milwaukee,,Milwaukee,86.0,All grades
,,Parkway Elementary,,Milwaukee,91.0,All grades
,,Pershing Elementary,,Milwaukee,89.0,All grades
,,Pilgrim Lutheran School - Wauwatosa,,Milwaukee,92.0,All grades
,,Pius XI Catholic High School,,Milwaukee,95.0,All grades
,,Pleasant View Elementary,,Milwaukee,95.0,All grades
,,Pratt Elementary,,Milwaukee,77.0,All grades
,,Prince of Peace,,Milwaukee,93.0,All grades
,,Project STAY,,Milwaukee,95.0,All grades
,,Pulaski High - Milwaukee,,Milwaukee,85.0,All grades
,,Rawson Elementary,,Milwaukee,90.0,All grades
,,Reagan High,,Milwaukee,95.0,All grades
,,Richards Elementary,,Milwaukee,95.0,All grades
,,Riley Dual Language Montessori,,Milwaukee,84.0,All grades
,,River Trail Elementary,,Milwaukee,90.0,All grades
,,Riverside High,,Milwaukee,91.0,All grades
,,Riverwest Elementary,,Milwaukee,80.0,All grades
,,Robinwood Elementary,,Milwaukee,95.0,All grades
,,Rocketship Southside Comm Prep,,Milwaukee,81.0,All grades
,,Rocketship Transformation Prep,,Milwaukee,82.0,All grades
,,Rogers Street Academy,,Milwaukee,93.0,All grades
,,Roosevelt Elementary - Wauwatosa,,Milwaukee,95.0,All grades
,,Roosevelt Middle,,Milwaukee,90.0,All grades
,,Saint Adalbert School- Milwaukee,,Milwaukee,94.0,All grades
,,Saint Anthony School - Milwaukee,,Milwaukee,95.0,All grades
,,Saint Catherine School,,Milwaukee,95.0,All grades
,,Saint Charles Borromeo Cath- Milwaukee,,Milwaukee,95.0,All grades
,,Saint Eugene School,,Milwaukee,95.0,All grades
,,Saint Francis Children's Center,,Milwaukee,95.0,All grades
,,Saint Francis High,,Milwaukee,95.0,All grades
,,Saint Gregory the Great Parish,,Milwaukee,95.0,All grades
,,Saint Jacobi Lutheran School,,Milwaukee,91.0,All grades
,,Saint Joan Antida High School,,Milwaukee,84.0,All grades
,,Saint John Paul II School,,Milwaukee,94.0,All grades
,,Saint John the Evangelist- Greenfield,,Milwaukee,94.0,All grades
,,Saint John's Evang Lutheran- Wauwatosa,,Milwaukee,95.0,All grades
,,Saint John's Lutheran School- Glendale,,Milwaukee,95.0,All grades
,,Saint John's Lutheran School- Milwaukee,,Milwaukee,93.0,All grades
,,Saint Joseph Academy,,Milwaukee,95.0,All grades
,,Saint Joseph School- Wauwatosa,,Milwaukee,95.0,All grades
,,Saint Jude the Apostle Gr School,,Milwaukee,95.0,All grades
,,Saint Lucas Lutheran School - Milwaukee,,Milwaukee,88.0,All grades
,,Saint Margaret Mary School- Milwaukee,,Milwaukee,83.0,All grades
,,Saint Mary Parish School - Hales Corners,,Milwaukee,16.0,All grades
,,Saint Matthew School,,Milwaukee,95.0,All grades
,,Saint Monica Grade School,,Milwaukee,95.0,All grades
,,Saint Paul's Lutheran School- Cudahy,,Milwaukee,88.0,All grades
,,Saint Paul's Lutheran School- West Allis,,Milwaukee,95.0,All grades
,,Saint Pauls Lutheran School - Franklin,,Milwaukee,87.0,All grades
,,Saint Peter Immanuel Luth School,,Milwaukee,95.0,All grades
,,Saint Philip's Lutheran School- Milwaukee,,Milwaukee,88.0,All grades
,,Saint Rafael the Archangel School,,Milwaukee,85.0,All grades
,,Saint Robert School,,Milwaukee,91.0,All grades
,,Saint Roman Parish School,,Milwaukee,95.0,All grades
,,Saint Sava Orthodox School,,Milwaukee,20.0,All grades
,,Saint Sebastian School,,Milwaukee,95.0,All grades
,,Saint Thomas Aquinas Academy - Milwaukee,,Milwaukee,93.0,All grades
,,Saint Thomas More High School,,Milwaukee,95.0,All grades
,,Saint Vincent Pallotti Cat School,,Milwaukee,93.0,All grades
,,Salam School,,Milwaukee,95.0,All grades
,,Salem Evangelical Lutheran School,,Milwaukee,80.0,All grades
,,Seeds of Health Elementary,,Milwaukee,95.0,All grades
,,Shepard Hills Elementary,,Milwaukee,92.0,All grades
,,Sherman Elementary - Milwaukee,,Milwaukee,64.0,All grades
,,Shorewood High,,Milwaukee,95.0,All grades
,,Shorewood Intermediate,,Milwaukee,95.0,All grades
,,Siefert Elementary,,Milwaukee,80.0,All grades
,,South Division High,,Milwaukee,83.0,All grades
,,South Milwaukee High,,Milwaukee,95.0,All grades
,,South Milwaukee Middle,,Milwaukee,95.0,All grades
,,Southwood Glen Elementary,,Milwaukee,95.0,All grades
,,Starms Discovery,,Milwaukee,89.0,All grades
,,Starms Early Childhood,,Milwaukee,77.0,All grades
,,Stellar Collegiate,,Milwaukee,94.0,All grades
,,Stormonth Elementary,,Milwaukee,95.0,All grades
,,Story Elementary,,Milwaukee,76.0,All grades
,,Stuart Elementary,,Milwaukee,71.0,All grades
,,Tamarack Waldorf School,,Milwaukee,73.0,All grades
,,Tenor High,,Milwaukee,95.0,All grades
,,Thoreau Elementary - Milwaukee,,Milwaukee,78.0,All grades
,,Thurston Woods Elementary,,Milwaukee,52.0,All grades
,,Time 4 Learning Charter School,,Milwaukee,95.0,All grades
,,Torah Academy of Milwaukee,,Milwaukee,94.0,All grades
,,Trinity Luth Classical Hi School,,Milwaukee,64.0,All grades
,,Trowbridge Street School,,Milwaukee,89.0,All grades
,,UCC Acosta Middle,,Milwaukee,95.0,All grades
,,Underwood Elementary,,Milwaukee,94.0,All grades
,,Universal Scholars Academy,,Milwaukee,87.0,All grades
,,University Sch of Milwaukee,,Milwaukee,95.0,All grades
,,Veritas High,,Milwaukee,95.0,All grades
,,Victory Elementary,,Milwaukee,87.0,All grades
,,Vieau Elementary,,Milwaukee,79.0,All grades
,,Vincent Accelerated Academy,,Milwaukee,95.0,All grades
,,Vincent High,,Milwaukee,91.0,All grades
,,WHS Info Technology,,Milwaukee,90.0,All grades
,,WI Consrv Lifelong Learning,,Milwaukee,95.0,All grades
,,Walker Elementary,,Milwaukee,93.0,All grades
,,Washington Elementary - Wauwatosa,,Milwaukee,95.0,All grades
,,Wauwatosa Montessori School,,Milwaukee,94.0,All grades
,,Wauwatosa STEM,,Milwaukee,95.0,All grades
,,Wedgewood Park School,,Milwaukee,91.0,All grades
,,West High - Wauwatosa,,Milwaukee,95.0,All grades
,,West Milwaukee Intermediate,,Milwaukee,94.0,All grades
,,Westside Academy,,Milwaukee,70.0,All grades
,,Whitefish Bay High,,Milwaukee,95.0,All grades
,,Whitefish Bay Middle,,Milwaukee,95.0,All grades
,,Whitman Elementary,,Milwaukee,91.0,All grades
,,Whitman Middle,,Milwaukee,95.0,All grades
,,Whitnall High,,Milwaukee,95.0,All grades
,,Whitnall Middle,,Milwaukee,95.0,All grades
,,Whittier Elementary - Milwaukee,,Milwaukee,95.0,All grades
,,Willow Glen Primary,,Milwaukee,94.0,All grades
,,Wilson Elementary - Wauwatosa,,Milwaukee,95.0,All grades
,,Wilson Elementary - West Allis,,Milwaukee,93.0,All grades
,,Wisconsin Lutheran High School- Milwaukee,,Milwaukee,95.0,All grades
,,Zablocki Elementary,,Milwaukee,78.0,All grades
,,Zion Lutheran School - S Milwaukee,,Milwaukee,95.0,All grades
,,Brookwood High,,Monroe,95.0,All grades
,,Camp Douglas Elementary,,Monroe,95.0,All grades
,,Herrman Elementary,,Monroe,95.0,All grades
,,La Grange Elementary,,Monroe,94.0,All grades
,,Lemonweir Elementary,,Monroe,91.0,All grades
,,Miller Elementary,,Monroe,93.0,All grades
,,Norwalk-Ontario-Wilton Elementary,,Monroe,94.0,All grades
,,Oakdale Elementary,,Monroe,91.0,All grades
,,Queen of the Apostles School,,Monroe,89.0,All grades
,,Robert Kupper Lrng Center,,Monroe,95.0,All grades
,,Saint John's Ev. Lutheran School - Sparta,,Monroe,95.0,All grades
,,Saint Patrick School- Sparta,,Monroe,91.0,All grades
,,Saint Paul Lutheran School - Tomah,,Monroe,94.0,All grades
,,Southside Early Learning Center,,Monroe,93.0,All grades
,,Sparta High,,Monroe,95.0,All grades
,,Sparta Meadowview Middle,,Monroe,95.0,All grades
,,Sparta Montessori School,,Monroe,94.0,All grades
,,Timber PUPS Learning Center,,Monroe,95.0,All grades
,,Tomah Area Montessori (TAMS),,Monroe,79.0,All grades
,,Tomah High,,Monroe,95.0,All grades
,,Tomah Middle,,Monroe,95.0,All grades
,,Warrens Elementary,,Monroe,89.0,All grades
,,Wyeville Elementary,,Monroe,93.0,All grades
,,Abrams Elementary,,Oconto,95.0,All grades
,,Gillett Elementary,,Oconto,91.0,All grades
,,Gillett High,,Oconto,95.0,All grades
,,Gillett Middle,,Oconto,93.0,All grades
,,Lena Elementary,,Oconto,88.0,All grades
,,Lena High,,Oconto,94.0,All grades
,,Lena Middle,,Oconto,95.0,All grades
,,Oconto Elementary,,Oconto,89.0,All grades
,,Oconto Falls Elementary,,Oconto,93.0,All grades
,,Oconto Falls High,,Oconto,95.0,All grades
,,Oconto High,,Oconto,95.0,All grades
,,Oconto Middle,,Oconto,95.0,All grades
,,Saint Anthony School- Oconto Falls,,Oconto,85.0,All grades
,,Suring Elementary,,Oconto,79.0,All grades
,,Suring High,,Oconto,91.0,All grades
,,Washington Middle - Oconto Falls,,Oconto,95.0,All grades
,,Central Elementary,,Oneida,94.0,All grades
,,Crescent Elementary,,Oneida,92.0,All grades
,,James Williams Middle,,Oneida,93.0,All grades
,,Lakeland High,,Oneida,95.0,All grades
,,Lakeland STAR School,,Oneida,90.0,All grades
,,Nativity of Our Lord Catholic,,Oneida,94.0,All grades
,,Northwoods Community Elementary,,Oneida,93.0,All grades
,,Pelican Elementary,,Oneida,92.0,All grades
,,Rhinelander High,,Oneida,95.0,All grades
,,Sugar Camp Elementary,,Oneida,5.0,All grades
,,Three Lakes Elementary,,Oneida,91.0,All grades
,,Three Lakes High,,Oneida,92.0,All grades
,,Three Lakes Jr High,,Oneida,90.0,All grades
,,Trinity Lutheran School - Minocqua,,Oneida,71.0,All grades
,,4K Center for Literacy,,Outagamie,95.0,All grades
,,Appleton Bilingual School,,Outagamie,94.0,All grades
,,Appleton Public Montessori,,Outagamie,74.0,All grades
,,Appleton Technical Academy,,Outagamie,95.0,All grades
,,Badger Elementary,,Outagamie,88.0,All grades
,,Berry Elementary,,Outagamie,95.0,All grades
,,Bethlehem Lutheran School - Hortonville,,Outagamie,80.0,All grades
,,Black Creek Elementary,,Outagamie,92.0,All grades
,,Celebration Lutheran School,,Outagamie,94.0,All grades
,,Classical School,,Outagamie,94.0,All grades
,,Columbus Elementary - Appleton,,Outagamie,85.0,All grades
,,Dr H B Tanner Elementary,,Outagamie,95.0,All grades
,,East High - Appleton,,Outagamie,95.0,All grades
,,Edison Elementary,,Outagamie,95.0,All grades
,,Einstein Middle,,Outagamie,95.0,All grades
,,Ferber Elementary,,Outagamie,95.0,All grades
,,Flex Academy,,Outagamie,78.0,All grades
,,Fox Cities Leadership Academy,,Outagamie,93.0,All grades
,,Fox River Academy,,Outagamie,89.0,All grades
,,Fox West Academy,,Outagamie,95.0,All grades
,,Franklin Elementary - Appleton,,Outagamie,94.0,All grades
,,Freedom Elementary,,Outagamie,95.0,All grades
,,Freedom High,,Outagamie,95.0,All grades
,,Freedom Middle,,Outagamie,95.0,All grades
,,Gerritts Middle,,Outagamie,95.0,All grades
,,Greenville Elementary,,Outagamie,95.0,All grades
,,Greenville Middle,,Outagamie,95.0,All grades
,,Haen Elementary,,Outagamie,93.0,All grades
,,Highlands Elementary,,Outagamie,94.0,All grades
,,Holy Spirit Catholic School,,Outagamie,93.0,All grades
,,Horizons Elementary - Appleton,,Outagamie,95.0,All grades
,,Hortonville Area K4 School -Meadowview Dr,,Outagamie,92.0,All grades
,,Hortonville Area K4 School -School Rd,,Outagamie,95.0,All grades
,,Hortonville Elementary,,Outagamie,95.0,All grades
,,Hortonville High,,Outagamie,95.0,All grades
,,Hortonville Middle,,Outagamie,95.0,All grades
,,Houdini Elementary,,Outagamie,93.0,All grades
,,Huntley Elementary,,Outagamie,95.0,All grades
,,Immanuel Evangelical Lutheran,,Outagamie,89.0,All grades
,,Janssen Elementary,,Outagamie,94.0,All grades
,,Jefferson Elementary - Appleton,,Outagamie,90.0,All grades
,,Johnston Elementary,,Outagamie,92.0,All grades
,,Kaleidoscope Academy,,Outagamie,94.0,All grades
,,Kaukauna High,,Outagamie,95.0,All grades
,,Kimberly High,,Outagamie,95.0,All grades
,,Little Chute Career Pathways,,Outagamie,95.0,All grades
,,Little Chute Elementary,,Outagamie,94.0,All grades
,,Little Chute High,,Outagamie,95.0,All grades
,,Little Chute Intermediate,,Outagamie,95.0,All grades
,,Little Chute Middle,,Outagamie,95.0,All grades
,,Madison Middle,,Outagamie,95.0,All grades
,,Mapleview Intermediate,,Outagamie,95.0,All grades
,,McKinley Elementary - Appleton,,Outagamie,93.0,All grades
,,Mount Olive Evang Luth School,,Outagamie,86.0,All grades
,,New Directions Learning Comm,,Outagamie,89.0,All grades
,,North Greenville Elementary,,Outagamie,95.0,All grades
,,North High - Appleton,,Outagamie,94.0,All grades
,,Odyssey-Magellan,,Outagamie,95.0,All grades
,,Park Community Charter School,,Outagamie,94.0,All grades
,,Quinney Elementary,,Outagamie,95.0,All grades
,,Renaissance School,,Outagamie,95.0,All grades
,,Richmond Elementary - Appleton,,Outagamie,93.0,All grades
,,River View School,,Outagamie,95.0,All grades
,,Riverview Lutheran School,,Outagamie,78.0,All grades
,,Rock Ledge Elementary,,Outagamie,90.0,All grades
,,Ronald C Dunlap El School,,Outagamie,88.0,All grades
,,Saint Edward School,,Outagamie,85.0,All grades
,,Saint Ignatius of Loyola Cath,,Outagamie,29.0,All grades
,,Saint John Grade School - Little Chute,,Outagamie,92.0,All grades
,,Saint John Sacred Heart School,,Outagamie,89.0,All grades
,,Saint Mary of the Imm Concep,,Outagamie,91.0,All grades
,,Saint Nicholas Catholic School,,Outagamie,95.0,All grades
,,Saint Paul Lutheran School- Appleton,,Outagamie,91.0,All grades
,,Saint Peter Lutheran School - Freedom,,Outagamie,84.0,All grades
,,Seymour High,,Outagamie,95.0,All grades
,,Seymour Middle,,Outagamie,95.0,All grades
,,Shepherd of the Valley Luth Sc,,Outagamie,88.0,All grades
,,Shiocton Elementary,,Outagamie,93.0,All grades
,,Shiocton High,,Outagamie,95.0,All grades
,,Stephen Foster El Charter,,Outagamie,94.0,All grades
,,Sunrise Elementary - Appleton,,Outagamie,95.0,All grades
,,Tesla Engineering Charter School,,Outagamie,93.0,All grades
,,Trinity Lutheran Grade School - Kaukauna,,Outagamie,92.0,All grades
,,Valley New School,,Outagamie,95.0,All grades
,,West High - Appleton,,Outagamie,95.0,All grades
,,Westside Elementary - Kimberly,,Outagamie,91.0,All grades
,,Wilson Middle - Appleton,,Outagamie,95.0,All grades
,,Woodland Intermediate,,Outagamie,95.0,All grades
,,Woodland School,,Outagamie,95.0,All grades
,,Xavier Elementary-Marquette St,,Outagamie,91.0,All grades
,,Xavier Middle School,,Outagamie,93.0,All grades
,,Cedarburg High,,Ozaukee,95.0,All grades
,,Christ Alone Lutheran School - Thiensville,,Ozaukee,93.0,All grades
,,Divine Savior Catholic School,,Ozaukee,95.0,All grades
,,Donges Bay Elementary,,Ozaukee,95.0,All grades
,,Dunwiddie Elementary,,Ozaukee,92.0,All grades
,,Early Learning Ctr- Cedarburg,,Ozaukee,95.0,All grades
,,First Immanuel Lutheran School,,Ozaukee,91.0,All grades
,,Grafton High,,Ozaukee,95.0,All grades
,,Homestead High,,Ozaukee,95.0,All grades
,,John Long Middle,,Ozaukee,95.0,All grades
,,Kennedy Elementary - Grafton,,Ozaukee,94.0,All grades
,,Lake Shore Middle,,Ozaukee,95.0,All grades
,,Lincoln Elementary - Port Washington,,Ozaukee,91.0,All grades
,,Lumen Christi Catholic School,,Ozaukee,95.0,All grades
,,Oriole Lane Elementary,,Ozaukee,95.0,All grades
,,Our Savior Lutheran School,,Ozaukee,95.0,All grades
,,Ozaukee Elementary,,Ozaukee,92.0,All grades
,,Ozaukee High,,Ozaukee,95.0,All grades
,,Ozaukee Middle,,Ozaukee,95.0,All grades
,,Parkview Elementary - Cedarburg,,Ozaukee,95.0,All grades
,,Port Washington High,,Ozaukee,95.0,All grades
,,Riveredge Outdoor Learning Elementary,,Ozaukee,80.0,All grades
,,Saint Francis Borgia Gr School,,Ozaukee,95.0,All grades
,,Saint John XXIII Catholic School,,Ozaukee,95.0,All grades
,,Saint Joseph Parish School - Grafton,,Ozaukee,95.0,All grades
,,Saint Paul Lutheran School - Grafton,,Ozaukee,93.0,All grades
,,Saukville Elementary,,Ozaukee,93.0,All grades
,,Steffen Middle,,Ozaukee,95.0,All grades
,,Thomas Jefferson Middle,,Ozaukee,95.0,All grades
,,Thorson Elementary,,Ozaukee,95.0,All grades
,,Trinity Lutheran School- Mecquon,,Ozaukee,88.0,All grades
,,Webster Middle - Cedarburg,,Ozaukee,95.0,All grades
,,Westlawn Elementary,,Ozaukee,94.0,All grades
,,Wilson Elementary - Mequon,,Ozaukee,94.0,All grades
,,Woodview Elementary,,Ozaukee,92.0,All grades
,,Assumption Catholic School,,Pepin,94.0,All grades
,,Caddie Woodlawn Elementary,,Pepin,93.0,All grades
,,Durand Mid/High,,Pepin,95.0,All grades
,,Pepin Elementary,,Pepin,93.0,All grades
,,Pepin High,,Pepin,93.0,All grades
,,Ave Maria Academy,,Pierce,44.0,All grades
,,Ellsworth Elementary,,Pierce,91.0,All grades
,,Ellsworth High,,Pierce,95.0,All grades
,,Ellsworth Middle,,Pierce,92.0,All grades
,,Elmwood Elementary - Elmwood,,Pierce,90.0,All grades
,,Elmwood High,,Pierce,95.0,All grades
,,Elmwood Middle,,Pierce,95.0,All grades
,,Greenwood Elementary - River Falls,,Pierce,88.0,All grades
,,Heartland Comm Montessori School,,Pierce,95.0,All grades
,,Malone Elementary,,Pierce,92.0,All grades
,,Meyer Middle,,Pierce,93.0,All grades
,,Plum City Elementary,,Pierce,93.0,All grades
,,Plum City High,,Pierce,95.0,All grades
,,Prescott 4K,,Pierce,94.0,All grades
,,Prescott High,,Pierce,95.0,All grades
,,Prescott Middle,,Pierce,94.0,All grades
,,Renaissance Charter Academy,,Pierce,95.0,All grades
,,River Falls 4 Children,,Pierce,94.0,All grades
,,River Falls High,,Pierce,94.0,All grades
,,River Falls Public Montessori,,Pierce,75.0,All grades
,,Rocky Branch Elementary,,Pierce,92.0,All grades
,,Saint Bridget Parish School,,Pierce,83.0,All grades
,,Saint Francis School,,Pierce,86.0,All grades
,,Saint Joseph Parish School - Prescott,,Pierce,83.0,All grades
,,Spring Forth Academy,,Pierce,47.0,All grades
,,Spring Valley Elementary,,Pierce,89.0,All grades
,,Spring Valley High,,Pierce,94.0,All grades
,,Spring Valley Middle,,Pierce,94.0,All grades
,,Western WI Vir Charter (WWVC),,Pierce,72.0,All grades
,,Westside Elementary - River Falls,,Pierce,89.0,All grades
,,Amery High,,Polk,94.0,All grades
,,Amery Intermediate,,Polk,93.0,All grades
,,Amery Middle,,Polk,94.0,All grades
,,Clayton Elementary - Clayton,,Polk,95.0,All grades
,,Clayton High,,Polk,95.0,All grades
,,Clayton Middle,,Polk,95.0,All grades
,,Clear Lake High,,Polk,95.0,All grades
,,Clear Lake Jr,,Polk,95.0,All grades
,,Dresser Elementary,,Polk,89.0,All grades
,,Frederic 6-12 School,,Polk,95.0,All grades
,,Frederic Elementary,,Polk,93.0,All grades
,,Gaylord A Nelson Educ Center,,Polk,90.0,All grades
,,Lien Elementary,,Polk,86.0,All grades
,,Luck Elementary,,Polk,89.0,All grades
,,Luck High,,Polk,94.0,All grades
,,Luck Middle,,Polk,93.0,All grades
,,Osceola Elementary,,Polk,93.0,All grades
,,Osceola High,,Polk,95.0,All grades
,,Osceola Intermediate,,Polk,92.0,All grades
,,Osceola Middle,,Polk,95.0,All grades
,,Saint Croix Falls Elementary,,Polk,89.0,All grades
,,Saint Croix Falls High,,Polk,95.0,All grades
,,Saint Croix Falls Middle,,Polk,95.0,All grades
,,Unity Elementary,,Polk,92.0,All grades
,,Unity High,,Polk,94.0,All grades
,,Unity Middle,,Polk,94.0,All grades
,,Valley Christian School- Osceola,,Polk,52.0,All grades
,,Almond-Bancroft Elementary,,Portage,90.0,All grades
,,Almond-Bancroft High,,Portage,95.0,All grades
,,Almond-Bancroft Middle,,Portage,95.0,All grades
,,Amherst Elementary,,Portage,94.0,All grades
,,Amherst High,,Portage,94.0,All grades
,,Amherst Middle,,Portage,91.0,All grades
,,Bannach Elementary,,Portage,95.0,All grades
,,Benjamin Franklin Jr,,Portage,95.0,All grades
,,Central Sands Community Hi School,,Portage,91.0,All grades
,,Chas F Fernandez Cntr Alt Lrng,,Portage,95.0,All grades
,,Jefferson Elementary - Stevens Point,,Portage,89.0,All grades
,,Kennedy Elementary - Junction City,,Portage,95.0,All grades
,,Madison Elementary - Stevens Point,,Portage,92.0,All grades
,,McDill Elementary,,Portage,94.0,All grades
,,McKinley Center,,Portage,95.0,All grades
,,P J Jacobs Jr,,Portage,95.0,All grades
,,Pacelli Cath El St Bronislava,,Portage,90.0,All grades
,,Pacelli Cath El St Stephen,,Portage,94.0,All grades
,,Pacelli Catholic Middle,,Portage,95.0,All grades
,,Pacelli High,,Portage,95.0,All grades
,,Plover-Whiting Elementary,,Portage,95.0,All grades
,,Point 4 the Future,,Portage,95.0,All grades
,,Point of Discovery School,,Portage,95.0,All grades
,,Roosevelt Elementary - Plover,,Portage,94.0,All grades
,,Rosholt Elementary,,Portage,93.0,All grades
,,Rosholt High,,Portage,95.0,All grades
,,Rosholt Middle,,Portage,95.0,All grades
,,Sacred Heart Grade School - Custer,,Portage,86.0,All grades
,,Saint Paul Lutheran Grade School - Stevens Point,,Portage,83.0,All grades
,,Stevens Point Area Senior High,,Portage,95.0,All grades
,,Stevens Pt Christian Academy,,Portage,78.0,All grades
,,Washington Elementary - Stevens Point,,Portage,94.0,All grades
,,Chequamegon High,,Price,37.0,All grades
,,Chequamegon Middle,,Price,94.0,All grades
,,Glidden Elementary,,Price,84.0,All grades
,,New Hope Baptist Academy,,Price,95.0,All grades
,,Park Falls Elementary,,Price,87.0,All grades
,,Phillips Elementary,,Price,88.0,All grades
,,Prentice Elementary,,Price,77.0,All grades
,,Prentice High,,Price,87.0,All grades
,,Prentice Middle,,Price,84.0,All grades
,,Burlington Alternative School,,Racine,94.0,All grades
,,21st Century Prep School,,Racine,95.0,All grades
,,All Dist 4 Yr Old Kindergarten,,Racine,9.0,All grades
,,Bull Early Education Center,,Racine,20.0,All grades
,,Burlington Catholic School,,Racine,93.0,All grades
,,Burlington High,,Racine,95.0,All grades
,,Case High,,Racine,95.0,All grades
,,Catholic Central High School,,Racine,95.0,All grades
,,Concordia Lutheran School,,Racine,95.0,All grades
,,Cooper Elementary - Burlington,,Racine,87.0,All grades
,,Copper Lake School,,Racine,95.0,All grades
,,Dr Edward G Dyer School,,Racine,90.0,All grades
,,Drought Elementary,,Racine,87.0,All grades
,,EverGreen Academy,,Racine,93.0,All grades
,,Evergreen Elementary - Waterford,,Racine,95.0,All grades
,,Fox River Middle,,Racine,95.0,All grades
,,Fratt Elementary,,Racine,87.0,All grades
,,Gifford School,,Racine,90.0,All grades
,,Gilmore Fine Arts School,,Racine,95.0,All grades
,,Hope Christian Sch: Via,,Racine,86.0,All grades
,,Horlick High,,Racine,95.0,All grades
,,Jerstad-Agerholm School,,Racine,90.0,All grades
,,Johnson Elementary,,Racine,86.0,All grades
,,Julian Thomas Elementary,,Racine,84.0,All grades
,,Kansasville Elementary,,Racine,95.0,All grades
,,Knapp Elementary - Racine,,Racine,86.0,All grades
,,Legacy Leadership Academy,,Racine,68.0,All grades
,,Mitchell School,,Racine,89.0,All grades
,,Nettie E Karcher School,,Racine,94.0,All grades
,,North Cape Elementary,,Racine,92.0,All grades
,,O Brown Elementary,,Racine,92.0,All grades
,,Park High,,Racine,94.0,All grades
,,Prairie School,,Racine,95.0,All grades
,,RUSD Montessori,,Racine,92.0,All grades
,,Racine Alternative Learning,,Racine,95.0,All grades
,,Racine Christian School,,Racine,81.0,All grades
,,Racine Montessori School,,Racine,88.0,All grades
,,Raymond Elementary,,Racine,95.0,All grades
,,Red Apple Elementary,,Racine,95.0,All grades
,,Renaissance Lutheran School- Taylor,,Racine,91.0,All grades
,,Renaissance Lutheran School- Villa,,Racine,92.0,All grades
,,Roosevelt Elementary - Racine,,Racine,87.0,All grades
,,Saint John's Lutheran School- Burlington,,Racine,83.0,All grades
,,Saint John's Lutheran School- Racine,,Racine,95.0,All grades
,,Schulte Elementary,,Racine,87.0,All grades
,,Siena Catholic Schools-St. Sebastian STEM Academy,,Racine,77.0,All grades
,,Siena Catholic Schools-St. Rita,,Racine,95.0,All grades
,,Siena Catholic Schools-St. Lucy,,Racine,95.0,All grades
,,Siena Catholic Schools-St. Joseph School,,Racine,95.0,All grades
,,Siena Catholic Schools-Our Lady of Grace Academy,,Racine,93.0,All grades
,,Siena Catholic Schools-John Paul II Academy,,Racine,95.0,All grades
,,Siena Catholic Schools-St. Catherine's High School 4620/,,Racine,95.0,All grades
,,Sonnenberg Schools,,Racine,95.0,All grades
,,Starbuck - An IB World School,,Racine,95.0,All grades
,,The REAL School,,Racine,95.0,All grades
,,Trailside Elementary,,Racine,95.0,All grades
,,Trinity Lutheran Sch LC-MS,,Racine,95.0,All grades
,,Trinity Lutheran Sch Wis Synod,,Racine,83.0,All grades
,,Union Grove Elementary,,Racine,95.0,All grades
,,Union Grove High,,Racine,95.0,All grades
,,Wadewitz Elementary,,Racine,90.0,All grades
,,Walden III High,,Racine,95.0,All grades
,,Waller Elementary,,Racine,88.0,All grades
,,Washington Elementary - Waterford,,Racine,93.0,All grades
,,Waterford High,,Racine,95.0,All grades
,,Winkler Elementary,,Racine,91.0,All grades
,,Wisconsin Connect Charter School,,Racine,88.0,All grades
,,Wisconsin Lutheran School - Racine,,Racine,83.0,All grades
,,Woodfield Elementary,,Racine,90.0,All grades
,,Yorkville Elementary,,Racine,95.0,All grades
,,Ithaca Elementary,,Richland,90.0,All grades
,,Ithaca High,,Richland,95.0,All grades
,,Ithaca Middle,,Richland,93.0,All grades
,,Richland Center High,,Richland,94.0,All grades
,,Richland Center Intermed School,,Richland,94.0,All grades
,,Richland Center Primary School,,Richland,83.0,All grades
,,Saint Mary of the Assumption,,Richland,83.0,All grades
,,Adams Elementary,,Rock,90.0,All grades
,,Aldrich Intermediate,,Rock,95.0,All grades
,,Beloit Early Learning,,Rock,95.0,All grades
,,Beloit Learning Academy,,Rock,95.0,All grades
,,Clinton Elementary,,Rock,93.0,All grades
,,Clinton Junior High,,Rock,95.0,All grades
,,Clinton Senior High,,Rock,95.0,All grades
,,Consolidated Elementary,,Rock,95.0,All grades
,,Converse Elementary,,Rock,94.0,All grades
,,Craig High,,Rock,95.0,All grades
,,East Elementary - Milton,,Rock,95.0,All grades
,,Edgerton Community Elementary,,Rock,94.0,All grades
,,Edgerton High,,Rock,95.0,All grades
,,Edgerton Middle,,Rock,95.0,All grades
,,Edison Middle - Rock,,Rock,94.0,All grades
,,Evansville High,,Rock,95.0,All grades
,,Franklin Middle - Janesville,,Rock,92.0,All grades
,,Fruzen Intermediate,,Rock,95.0,All grades
,,Garden Prairie Intermed School,,Rock,95.0,All grades
,,Gaston Elementary,,Rock,93.0,All grades
,,Hackett Elementary,,Rock,92.0,All grades
,,Harmony Elementary,,Rock,95.0,All grades
,,Harrison Elementary,,Rock,93.0,All grades
,,J C McKenna Middle,,Rock,95.0,All grades
,,Jackson Elementary - Janesville,,Rock,91.0,All grades
,,Jefferson Elementary - Janesville,,Rock,93.0,All grades
,,Kennedy Elementary - Janesville,,Rock,90.0,All grades
,,Levi Leonard Elementary,,Rock,92.0,All grades
,,Lincoln Elementary - Janesville,,Rock,91.0,All grades
,,Madison Elementary - Janesville,,Rock,90.0,All grades
,,Marshall Middle - Janesville,,Rock,95.0,All grades
,,Memorial High - Beloit,,Rock,95.0,All grades
,,Merrill Elementary - Beloit,,Rock,95.0,All grades
,,Milton High,,Rock,95.0,All grades
,,Milton Middle,,Rock,95.0,All grades
,,Monroe Elementary - Janesville,,Rock,93.0,All grades
,,Northside Intermediate,,Rock,95.0,All grades
,,Oakhill Christian School,,Rock,57.0,All grades
,,Our Lady of Assumption Gr School,,Rock,95.0,All grades
,,P4J,,Rock,93.0,All grades
,,Parker High,,Rock,94.0,All grades
,,Parkview Elementary - Orfordville,,Rock,95.0,All grades
,,Parkview High,,Rock,95.0,All grades
,,Parkview Jr,,Rock,95.0,All grades
,,Powers Elementary,,Rock,80.0,All grades
,,Robinson Elementary - Beloit,,Rock,94.0,All grades
,,Rock Co Chr School -Janesville,,Rock,62.0,All grades
,,Rock County Christian School,,Rock,82.0,All grades
,,Rock Prairie Montessori Inc,,Rock,95.0,All grades
,,Rock River Charter School,,Rock,95.0,All grades
,,Rock University High,,Rock,94.0,All grades
,,Roosevelt Elementary - Janesville,,Rock,92.0,All grades
,,Saint John Vianney Cath School - Janesville,,Rock,95.0,All grades
,,Saint Mary Grade School - Janesville,,Rock,56.0,All grades
,,Saint Matthews Lutheran School - Janesville,,Rock,91.0,All grades
,,Saint Paul's Lutheran School- Janesville,,Rock,93.0,All grades
,,Saint William Grade School,,Rock,92.0,All grades
,,T Robinson Intermediate School,,Rock,95.0,All grades
,,The Lincoln Academy,,Rock,95.0,All grades
,,Todd Elementary,,Rock,95.0,All grades
,,Turner High,,Rock,95.0,All grades
,,Turner Middle,,Rock,95.0,All grades
,,Van Buren Elementary,,Rock,90.0,All grades
,,WCBVI,,Rock,81.0,All grades
,,Washington Elementary - Janesville,,Rock,92.0,All grades
,,West Elementary - Milton,,Rock,93.0,All grades
,,Wilson Elementary - Janesville,,Rock,80.0,All grades
,,Yahara Elementary - Edgerton,,Rock,93.0,All grades
,,Bruce Elementary - Bruce,,Rusk,95.0,All grades
,,Bruce High,,Rusk,95.0,All grades
,,Bruce Middle,,Rusk,95.0,All grades
,,Flambeau Elementary,,Rusk,87.0,All grades
,,Flambeau High,,Rusk,95.0,All grades
,,Flambeau Middle,,Rusk,95.0,All grades
,,Ladysmith Elementary,,Rusk,94.0,All grades
,,Ladysmith High,,Rusk,95.0,All grades
,,Ladysmith Middle,,Rusk,95.0,All grades
,,North Cedar Academy,,Rusk,82.0,All grades
,,Baldwin-Woodville High,,Saint Croix,95.0,All grades
,,Glenwood City High,,Saint Croix,93.0,All grades
,,Greenfield Elementary,,Saint Croix,90.0,All grades
,,Houlton Elementary,,Saint Croix,94.0,All grades
,,Hudson High,,Saint Croix,94.0,All grades
,,Hudson Middle,,Saint Croix,94.0,All grades
,,Hudson Prairie Elementary,,Saint Croix,91.0,All grades
,,NR4Kids,,Saint Croix,92.0,All grades
,,New Richmond Early Childhood,,Saint Croix,85.0,All grades
,,New Richmond High,,Saint Croix,95.0,All grades
,,New Richmond Hillside Elementary,,Saint Croix,90.0,All grades
,,New Richmond Middle,,Saint Croix,95.0,All grades
,,New Richmond Paperjack Elementary,,Saint Croix,93.0,All grades
,,New Richmond Starr Elementary,,Saint Croix,91.0,All grades
,,North Hudson Elementary,,Saint Croix,91.0,All grades
,,River Crest Elementary,,Saint Croix,90.0,All grades
,,Rock Elementary,,Saint Croix,88.0,All grades
,,Saint Anne Grade School - Somerset,,Saint Croix,62.0,All grades
,,Saint Croix Central Elementary,,Saint Croix,88.0,All grades
,,Saint Croix Central High,,Saint Croix,94.0,All grades
,,Saint Croix Central Middle,,Saint Croix,94.0,All grades
,,Saint Marys School - New Richmond,,Saint Croix,84.0,All grades
,,Saint Patrick Catholic School - Hudson,,Saint Croix,95.0,All grades
,,Somerset Elementary,,Saint Croix,82.0,All grades
,,Somerset High,,Saint Croix,95.0,All grades
,,Somerset Middle,,Saint Croix,94.0,All grades
,,Trinity Academy,,Saint Croix,79.0,All grades
,,Viking Middle,,Saint Croix,95.0,All grades
,,Willow River Elementary,,Saint Croix,88.0,All grades
,,4K Community-Based,,Sauk,89.0,All grades
,,Al Behrman Elementary,,Sauk,90.0,All grades
,,BELC,,Sauk,95.0,All grades
,,BELC--Renewal Head Start,,Sauk,95.0,All grades
,,Baraboo High,,Sauk,95.0,All grades
,,Bridges Elementary,,Sauk,95.0,All grades
,,Community Christian School,,Sauk,54.0,All grades
,,East Elementary - Baraboo,,Sauk,94.0,All grades
,,Grand Avenue Elementary,,Sauk,95.0,All grades
,,Jack Young Middle,,Sauk,95.0,All grades
,,Lake Delton Elementary,,Sauk,93.0,All grades
,,Merrimac Community,,Sauk,86.0,All grades
,,North Freedom Elementary,,Sauk,93.0,All grades
,,Pineview Elementary,,Sauk,88.0,All grades
,,Prairie Ridge Intermediate,,Sauk,94.0,All grades
,,Reedsburg Area High,,Sauk,95.0,All grades
,,River Valley Early Learning,,Sauk,89.0,All grades
,,River Valley Elementary,,Sauk,93.0,All grades
,,River Valley High,,Sauk,95.0,All grades
,,River Valley Middle,,Sauk,95.0,All grades
,,Sacred Heart Grade School - Reedsburg,,Sauk,95.0,All grades
,,Saint Aloysius Grade School,,Sauk,73.0,All grades
,,Saint John the Evangelist School - Spring Green,,Sauk,89.0,All grades
,,Saint John's Lutheran School - Baraboo,,Sauk,85.0,All grades
,,Saint Joseph School - Baraboo,,Sauk,87.0,All grades
,,Saint Peters Lutheran School- Reedsburg,,Sauk,26.0,All grades
,,Sauk Prairie High,,Sauk,95.0,All grades
,,Sauk Prairie Middle,,Sauk,95.0,All grades
,,Shoreless Lake Sch Wisconsin,,Sauk,79.0,All grades
,,Spring Hill Elementary,,Sauk,85.0,All grades
,,Tower Rock Elementary,,Sauk,89.0,All grades
,,Trinity Lutheran School - Wisconsin Dells,,Sauk,73.0,All grades
,,Webb Middle,,Sauk,95.0,All grades
,,West Elementary -KG Center,,Sauk,86.0,All grades
,,West Side Elementary - Reedsburg,,Sauk,90.0,All grades
,,Weston Elementary - Cazenovia,,Sauk,95.0,All grades
,,Weston Jr High School,,Sauk,95.0,All grades
,,Weston Sr High School,,Sauk,95.0,All grades
,,Willson Elementary,,Sauk,88.0,All grades
,,Wisconsin Dells High,,Sauk,94.0,All grades
,,Wisconsin Dells Mid School,,Sauk,93.0,All grades
,,Hayward High,,Sawyer,95.0,All grades
,,Hayward Intermediate,,Sawyer,94.0,All grades
,,Hayward Middle,,Sawyer,95.0,All grades
,,Hayward Pri,,Sawyer,92.0,All grades
,,Northern Waters Environmental,,Sawyer,95.0,All grades
,,Northwoods Mennonite School,,Sawyer,42.0,All grades
,,Hillview Amish,,Shawano,34.0,All grades
,,Birnamwood Elementary,,Shawano,95.0,All grades
,,Bonduel Elementary,,Shawano,90.0,All grades
,,Bonduel High,,Shawano,93.0,All grades
,,Bonduel Middle,,Shawano,95.0,All grades
,,Bowler Elementary,,Shawano,12.0,All grades
,,Bowler High,,Shawano,95.0,All grades
,,Brener Elementary,,Shawano,94.0,All grades
,,Gresham Elementary,,Shawano,90.0,All grades
,,Gresham High,,Shawano,95.0,All grades
,,Hillcrest Primary School,,Shawano,93.0,All grades
,,LEADS Primary Charter School,,Shawano,93.0,All grades
,,Sacred Heart Catholic School,,Shawano,84.0,All grades
,,Saint James Lutheran School,,Shawano,95.0,All grades
,,Saint Paul Lutheran School- Bonduel,,Shawano,91.0,All grades
,,Shawano Community Middle,,Shawano,95.0,All grades
,,Shawano High,,Shawano,95.0,All grades
,,Shepherds Watch Christian Academy,,Shawano,78.0,All grades
,,Tigerton Elementary,,Shawano,95.0,All grades
,,Tigerton High,,Shawano,95.0,All grades
,,Wittenberg Elementary,,Shawano,93.0,All grades
,,Wittenberg-Birnamwood High,,Shawano,95.0,All grades
,,Wolf River Lutheran High School,,Shawano,71.0,All grades
,,Bethlehem Lutheran School- Sheboygan,,Sheboygan,93.0,All grades
,,Cedar Grove-Belgium Elementary,,Sheboygan,92.0,All grades
,,Cedar Grove-Belgium High,,Sheboygan,95.0,All grades
,,Cedar Grove-Belgium Middle,,Sheboygan,95.0,All grades
,,Central High - Sheboygan,,Sheboygan,95.0,All grades
,,Christ Child Academy,,Sheboygan,94.0,All grades
,,Cleveland Elementary,,Sheboygan,91.0,All grades
,,Cooper Elementary - Sheboygan,,Sheboygan,95.0,All grades
,,Early Learning Ctr- Sheboygan,,Sheboygan,94.0,All grades
,,Elkhart Lake El/Middle,,Sheboygan,93.0,All grades
,,Elkhart Lake High,,Sheboygan,92.0,All grades
,,Etude Elementary,,Sheboygan,88.0,All grades
,,Etude High,,Sheboygan,95.0,All grades
,,Etude Middle,,Sheboygan,90.0,All grades
,,Fairview Elementary - Plymouth,,Sheboygan,92.0,All grades
,,Farnsworth Middle,,Sheboygan,95.0,All grades
,,George D Warriner High,,Sheboygan,95.0,All grades
,,George D Warriner Middle,,Sheboygan,87.0,All grades
,,Grant Elementary - Sheboygan,,Sheboygan,95.0,All grades
,,Horace Mann Middle - Sheboygan,,Sheboygan,95.0,All grades
,,Horizon Elementary - Plymouth,,Sheboygan,86.0,All grades
,,Howards Grove High,,Sheboygan,95.0,All grades
,,Howards Grove Middle,,Sheboygan,95.0,All grades
,,Jackson Elementary - Sheboygan,,Sheboygan,94.0,All grades
,,James Madison Elementary,,Sheboygan,94.0,All grades
,,Jefferson Elementary - Sheboygan,,Sheboygan,93.0,All grades
,,Kohler Elementary,,Sheboygan,95.0,All grades
,,Kohler High,,Sheboygan,95.0,All grades
,,Kohler Middle,,Sheboygan,95.0,All grades
,,Lake Country Academy - Charter,,Sheboygan,94.0,All grades
,,Lincoln-Erdman Elementary,,Sheboygan,95.0,All grades
,,Longfellow Elementary - Sheboygan,,Sheboygan,90.0,All grades
,,North High - Sheboygan,,Sheboygan,95.0,All grades
,,Northview Elementary,,Sheboygan,95.0,All grades
,,Oostburg Christian School,,Sheboygan,80.0,All grades
,,Oostburg Elementary,,Sheboygan,94.0,All grades
,,Oostburg High,,Sheboygan,95.0,All grades
,,Oostburg Middle,,Sheboygan,95.0,All grades
,,Parkview Elementary - Plymouth,,Sheboygan,92.0,All grades
,,Pigeon River Elementary,,Sheboygan,95.0,All grades
,,Plymouth High,,Sheboygan,95.0,All grades
,,Random Lake Elementary,,Sheboygan,93.0,All grades
,,Random Lake High,,Sheboygan,95.0,All grades
,,Random Lake Middle,,Sheboygan,95.0,All grades
,,Riverview Middle - Plymouth,,Sheboygan,93.0,All grades
,,Rocket Academy,,Sheboygan,95.0,All grades
,,Saint Elizabeth Ann Seton Cath,,Sheboygan,79.0,All grades
,,Saint John Lutheran School - Plymouth,,Sheboygan,87.0,All grades
,,Saint John Lutheran School - Random Lake,,Sheboygan,95.0,All grades
,,Saint John the Baptist Gr School - Plymouth,,Sheboygan,95.0,All grades
,,Saint Paul Lutheran School- Sheboygan,,Sheboygan,83.0,All grades
,,Saint Paul's Lutheran School- Howards Grove,,Sheboygan,95.0,All grades
,,Sheboygan Area Luth High School,,Sheboygan,5.0,All grades
,,Sheboygan Christian School,,Sheboygan,92.0,All grades
,,Sheboygan Falls Elementary,,Sheboygan,85.0,All grades
,,Sheboygan Falls High,,Sheboygan,95.0,All grades
,,Sheboygan Falls Middle,,Sheboygan,95.0,All grades
,,Sheboygan Leadership Academy,,Sheboygan,90.0,All grades
,,Sheridan Elementary,,Sheboygan,87.0,All grades
,,South High - Sheboygan,,Sheboygan,95.0,All grades
,,Trinity Lutheran School- Sheboygan,,Sheboygan,94.0,All grades
,,Urban Middle,,Sheboygan,95.0,All grades
,,Wilson Elementary - Sheboygan,,Sheboygan,95.0,All grades
,,Gilman Elementary,,Taylor,85.0,All grades
,,Gilman High,,Taylor,94.0,All grades
,,Holy Rosary Catholic School- Medford,,Taylor,80.0,All grades
,,Medford Elementary,,Taylor,93.0,All grades
,,Medford High,,Taylor,95.0,All grades
,,Medford Middle,,Taylor,95.0,All grades
,,Rib Lake Elementary,,Taylor,85.0,All grades
,,Rib Lake High,,Taylor,92.0,All grades
,,Rib Lake Middle,,Taylor,95.0,All grades
,,Stetsonville Elementary,,Taylor,92.0,All grades
,,Arcadia Elementary,,Trempealeau,95.0,All grades
,,Arcadia High,,Trempealeau,95.0,All grades
,,Arcadia Middle,,Trempealeau,95.0,All grades
,,Berean Baptist Christian School,,Trempealeau,52.0,All grades
,,Blair-Taylor Mid/High,,Trempealeau,95.0,All grades
,,Eleva-Strum Elementary,,Trempealeau,93.0,All grades
,,Eleva-Strum High,,Trempealeau,95.0,All grades
,,Eleva-Strum Middle,,Trempealeau,92.0,All grades
,,Ettrick Elementary,,Trempealeau,92.0,All grades
,,Gale-Ettrick-Tremp High,,Trempealeau,95.0,All grades
,,Gale-Ettrick-Tremp Middle,,Trempealeau,95.0,All grades
,,Galesville Elementary,,Trempealeau,93.0,All grades
,,Holy Family Cath Gr School,,Trempealeau,95.0,All grades
,,Independence Elementary,,Trempealeau,95.0,All grades
,,Independence High,,Trempealeau,94.0,All grades
,,Independence Middle,,Trempealeau,95.0,All grades
,,Osseo-Fairchild Elementary,,Trempealeau,86.0,All grades
,,Osseo-Fairchild High,,Trempealeau,95.0,All grades
,,Osseo-Fairchild Middle,,Trempealeau,95.0,All grades
,,SS Peter & Paul Grade School,,Trempealeau,75.0,All grades
,,Saint Boniface Grade School - Waumandee,,Trempealeau,67.0,All grades
,,Trempealeau Elementary,,Trempealeau,94.0,All grades
,,Whitehall Memorial Elementary,,Trempealeau,93.0,All grades
,,Whitehall Memorial Jr/Sr High,,Trempealeau,95.0,All grades
,,Coon Valley Christian School,,Vernon,95.0,All grades
,,Coon Valley Elementary,,Vernon,95.0,All grades
,,De Soto High,,Vernon,94.0,All grades
,,De Soto Middle,,Vernon,94.0,All grades
,,Hillsboro Elementary,,Vernon,89.0,All grades
,,Hillsboro High,,Vernon,93.0,All grades
,,Kickapoo Elementary,,Vernon,95.0,All grades
,,Kickapoo High,,Vernon,95.0,All grades
,,Pleasant Ridge Waldorf School,,Vernon,43.0,All grades
,,Prairie View Elementary - De Soto,,Vernon,82.0,All grades
,,Saint Charles School - Genoa,,Vernon,90.0,All grades
,,Saint Matthews Ev Lutheran School - Stoddard,,Vernon,33.0,All grades
,,Stoddard Elementary,,Vernon,91.0,All grades
,,Viroqua Area Montessori School,,Vernon,86.0,All grades
,,Viroqua Elementary,,Vernon,89.0,All grades
,,Viroqua High,,Vernon,95.0,All grades
,,Viroqua Middle,,Vernon,94.0,All grades
,,Westby Elementary,,Vernon,93.0,All grades
,,Westby High,,Vernon,95.0,All grades
,,Westby Middle,,Vernon,95.0,All grades
,,Arbor Vitae-Woodruff Elementary,,Vilas,95.0,All grades
,,Christ Lutheran School - Eagle River,,Vilas,75.0,All grades
,,Lac du Flambeau Elementary,,Vilas,95.0,All grades
,,North Lakeland Elementary,,Vilas,92.0,All grades
,,Northland Pines Elementary -Eagle River,,Vilas,91.0,All grades
,,Northland Pines Elementary -St Germain,,Vilas,83.0,All grades
,,Northland Pines High,,Vilas,95.0,All grades
,,Northland Pines Montessori,,Vilas,81.0,All grades
,,Northland Pines-Land O' Lakes,,Vilas,86.0,All grades
,,Phelps Elementary,,Vilas,95.0,All grades
,,Phelps High,,Vilas,92.0,All grades
,,SOAR High,,Vilas,95.0,All grades
,,SOAR Middle,,Vilas,93.0,All grades
,,Agape School,,Walworth,92.0,All grades
,,Badger High,,Walworth,89.0,All grades
,,Big Foot High,,Walworth,91.0,All grades
,,Brookwood Elementary,,Walworth,87.0,All grades
,,Brookwood Middle,,Walworth,93.0,All grades
,,Career and College Academy,,Walworth,95.0,All grades
,,Central - Denison Elementary,,Walworth,88.0,All grades
,,Delavan Christian School,,Walworth,63.0,All grades
,,Delavan-Darien High,,Walworth,90.0,All grades
,,East Troy High,,Walworth,95.0,All grades
,,East Troy Middle,,Walworth,95.0,All grades
,,Eastview Elementary,,Walworth,94.0,All grades
,,Elkhorn Area High,,Walworth,95.0,All grades
,,Elkhorn Area Middle,,Walworth,95.0,All grades
,,Elkhorn Options Virtual School,,Walworth,82.0,All grades
,,Faith Christian School - Williams Bay,,Walworth,69.0,All grades
,,First Evang Lutheran School - Elkhorn,,Walworth,82.0,All grades
,,First Evang Lutheran School - Lake Geneva,,Walworth,80.0,All grades
,,Fontana Elementary,,Walworth,87.0,All grades
,,Good Shepherd Lutheran School - East Troy,,Walworth,90.0,All grades
,,Jackson Elementary - Elkhorn,,Walworth,93.0,All grades
,,Lake Geneva Middle,,Walworth,93.0,All grades
,,Lakeland School,,Walworth,95.0,All grades
,,Lakeview Elementary - Whitewater,,Walworth,89.0,All grades
,,Lincoln Elementary - Whitewater,,Walworth,95.0,All grades
,,Little Prairie Primary,,Walworth,92.0,All grades
,,Maple Park Charter School,,Walworth,50.0,All grades
,,Mount Zion Christian School,,Walworth,48.0,All grades
,,Mukwonago Baptist Academy,,Walworth,17.0,All grades
,,New Visions Charter School,,Walworth,89.0,All grades
,,Our Redeemer Lutheran School - Delavan,,Walworth,95.0,All grades
,,Prairie View Elementary - East Troy,,Walworth,94.0,All grades
,,Reek Elementary,,Walworth,92.0,All grades
,,Saint Andrew Parish School,,Walworth,92.0,All grades
,,Saint Francis de Sales Par School - Lake Geneva,,Walworth,88.0,All grades
,,Saint Paul's Lutheran School- East Troy,,Walworth,83.0,All grades
,,Saint Peter's School - East Troy,,Walworth,68.0,All grades
,,Sharon Community,,Walworth,94.0,All grades
,,Star Center Elementary,,Walworth,88.0,All grades
,,Tibbets Elementary,,Walworth,94.0,All grades
,,Traver Elementary,,Walworth,92.0,All grades
,,Walworth Elementary,,Walworth,92.0,All grades
,,Washington Elementary - Whitewater,,Walworth,94.0,All grades
,,West Side Elementary - Elkhorn,,Walworth,94.0,All grades
,,Whitewater 4K,,Walworth,86.0,All grades
,,Whitewater High,,Walworth,92.0,All grades
,,Whitewater Middle,,Walworth,92.0,All grades
,,Wis Sch f/t Deaf,,Walworth,95.0,All grades
,,Birchwood Elementary,,Washburn,95.0,All grades
,,Birchwood High,,Washburn,95.0,All grades
,,Birchwood Middle,,Washburn,95.0,All grades
,,Birchwood Public Montessori,,Washburn,95.0,All grades
,,NorthStar Community Charter,,Washburn,85.0,All grades
,,Northwood Elementary,,Washburn,85.0,All grades
,,Northwood Hi/Middle,,Washburn,95.0,All grades
,,Saint Francis de Sales Gr School - Spooner,,Washburn,83.0,All grades
,,Shell Lake El (3-6),,Washburn,88.0,All grades
,,Shell Lake Jr/Sr High,,Washburn,93.0,All grades
,,Shell Lake Primary (K-2),,Washburn,79.0,All grades
,,Spooner Elementary,,Washburn,92.0,All grades
,,Spooner High,,Washburn,95.0,All grades
,,Spooner Middle,,Washburn,95.0,All grades
,,Addison Elementary,,Washington,92.0,All grades
,,Allenton Elementary,,Washington,93.0,All grades
,,Amy Belle Elementary,,Washington,95.0,All grades
,,Badger Middle,,Washington,95.0,All grades
,,Bethlehem Evang Luth School,,Washington,90.0,All grades
,,Central Middle,,Washington,95.0,All grades
,,County Line Elementary,,Washington,95.0,All grades
,,David's Star Lutheran School,,Washington,94.0,All grades
,,Decorah Elementary,,Washington,92.0,All grades
,,East High - West Bend,,Washington,95.0,All grades
,,Erin Elementary,,Washington,90.0,All grades
,,Fair Park Elementary,,Washington,93.0,All grades
,,Farmington Elementary,,Washington,86.0,All grades
,,Friess Lake Elementary,,Washington,89.0,All grades
,,Germantown High,,Washington,95.0,All grades
,,Good Shepherd Evang Luth School,,Washington,90.0,All grades
,,Green Tree Elementary,,Washington,92.0,All grades
,,Hartford High,,Washington,95.0,All grades
,,Holy Angels Grade School,,Washington,89.0,All grades
,,Holy Trinity Grade School,,Washington,86.0,All grades
,,Jackson Elementary - Jackson,,Washington,95.0,All grades
,,Kennedy Middle,,Washington,95.0,All grades
,,Kettle Moraine Lutheran Hi School,,Washington,95.0,All grades
,,Kewaskum High,,Washington,95.0,All grades
,,Kewaskum Middle,,Washington,95.0,All grades
,,Lincoln Elementary - Hartford,,Washington,91.0,All grades
,,Living Word Lutheran Hi School,,Washington,95.0,All grades
,,MacArthur Elementary - Germantown,,Washington,95.0,All grades
,,McLane Elementary,,Washington,91.0,All grades
,,Ozaukee Christian School,,Washington,52.0,All grades
,,Peace Lutheran School- Hartford,,Washington,90.0,All grades
,,Richfield Middle,,Washington,95.0,All grades
,,Rockfield Elementary,,Washington,95.0,All grades
,,Rolf's Early Childhood Center,,Washington,95.0,All grades
,,Rossman Elementary,,Washington,94.0,All grades
,,Saint Augustine School- Colgate,,Washington,53.0,All grades
,,Saint Boniface Grade School - Germantown,,Washington,73.0,All grades
,,Saint Frances Cabrini School,,Washington,95.0,All grades
,,Saint John's Lutheran School- West Bend,,Washington,92.0,All grades
,,Saint Peter Catholic School - Slinger,,Washington,90.0,All grades
,,Silverbrook Intermediate,,Washington,95.0,All grades
,,Slinger Elementary,,Washington,95.0,All grades
,,Slinger High,,Washington,95.0,All grades
,,Slinger Middle,,Washington,95.0,All grades
,,West Bend School District 4K,,Washington,93.0,All grades
,,West High - West Bend,,Washington,95.0,All grades
,,Adeline Montessori Sch Inc,,Waukesha,86.0,All grades
,,Aquinas Academy,,Waukesha,62.0,All grades
,,Arrowhead High,,Waukesha,95.0,All grades
,,Asa Clark Middle,,Waukesha,95.0,All grades
,,Banting Elementary,,Waukesha,90.0,All grades
,,Bay Lane Elementary,,Waukesha,95.0,All grades
,,Beautiful Savior Lutheran School,,Waukesha,85.0,All grades
,,Benjamin Franklin El&Early Lrn,,Waukesha,94.0,All grades
,,Bethesda Elementary,,Waukesha,95.0,All grades
,,Bethlehem Evang Lutheran School,,Waukesha,89.0,All grades
,,Big Bend Elementary,,Waukesha,95.0,All grades
,,Brookfield Academy,,Waukesha,95.0,All grades
,,Brookfield Central High,,Waukesha,95.0,All grades
,,Brookfield Christian School,,Waukesha,94.0,All grades
,,Brookfield East High,,Waukesha,95.0,All grades
,,Brookfield Elementary,,Waukesha,95.0,All grades
,,Burleigh Elementary,,Waukesha,95.0,All grades
,,Butler Middle,,Waukesha,95.0,All grades
,,Catholic Memorial High School,,Waukesha,95.0,All grades
,,"Chesterton Academy of Milw, Inc.",,Waukesha,71.0,All grades
,,Christ Lutheran School - Big Bend,,Waukesha,94.0,All grades
,,Christian Educ Leadership Academy,,Waukesha,82.0,All grades
,,Clarendon Avenue Elementary,,Waukesha,95.0,All grades
,,Cushing Elementary,,Waukesha,89.0,All grades
,,DaySpring Christian School,,Waukesha,81.0,All grades
,,District 4K,,Waukesha,95.0,All grades
,,Divine Redeemer Luth School,,Waukesha,86.0,All grades
,,Dixon Elementary,,Waukesha,95.0,All grades
,,Dousman Elementary,,Waukesha,93.0,All grades
,,Doxa Christian Academy,,Waukesha,88.0,All grades
,,Eagleville Charter School,,Waukesha,93.0,All grades
,,Eisenhower Mid/High,,Waukesha,95.0,All grades
,,Elmwood Elementary - New Berlin,,Waukesha,95.0,All grades
,,Grace Lutheran School- Menomonee Falls,,Waukesha,92.0,All grades
,,Greenland Elementary,,Waukesha,94.0,All grades
,,Hadfield Elementary,,Waukesha,90.0,All grades
,,Hamilton High - Sussex,,Waukesha,95.0,All grades
,,Hawthorne Elementary - Waukesha,,Waukesha,90.0,All grades
,,Heritage Christian Schs,,Waukesha,85.0,All grades
,,Heyer Elementary,,Waukesha,95.0,All grades
,,Hillcrest Elementary - Waukesha,,Waukesha,93.0,All grades
,,Holy Apostles Grade School,,Waukesha,95.0,All grades
,,Horizon School,,Waukesha,95.0,All grades
,,Horning Middle,,Waukesha,94.0,All grades
,,Ixonia Elementary,,Waukesha,94.0,All grades
,,Kettle Moraine 4K,,Waukesha,95.0,All grades
,,Kettle Moraine High,,Waukesha,95.0,All grades
,,Kettle Moraine Middle,,Waukesha,94.0,All grades
,,La Casa de Esperanza Charter,,Waukesha,81.0,All grades
,,Lake Country Classical Academy,,Waukesha,68.0,All grades
,,Lake Country Lutheran Hi School,,Waukesha,91.0,All grades
,,Lake Country School,,Waukesha,91.0,All grades
,,Lake Denoon Middle,,Waukesha,95.0,All grades
,,Lakeview Elementary - Wind Lake,,Waukesha,95.0,All grades
,,Lannon Elementary,,Waukesha,95.0,All grades
,,Les Paul Middle,,Waukesha,95.0,All grades
,,Lowell Elementary - Waukesha,,Waukesha,93.0,All grades
,,Magee Elementary - Genesee Depot,,Waukesha,90.0,All grades
,,Maple Avenue Elementary,,Waukesha,95.0,All grades
,,Marcy Elementary,,Waukesha,95.0,All grades
,,Meadow View Elementary - Oconomowoc,,Waukesha,94.0,All grades
,,Meadowbrook Elementary - Waukesha,,Waukesha,95.0,All grades
,,Menomonee Falls High,,Waukesha,95.0,All grades
,,Merton Intermediate,,Waukesha,95.0,All grades
,,Merton Primary,,Waukesha,95.0,All grades
,,Mill Valley Elementary,,Waukesha,94.0,All grades
,,Mount Calvary Lutheran School - Waukesha,,Waukesha,87.0,All grades
,,Mukwonago High,,Waukesha,95.0,All grades
,,Muskego High,,Waukesha,95.0,All grades
,,Muskego Lakes Middle,,Waukesha,95.0,All grades
,,Nature Hill Intermediate,,Waukesha,95.0,All grades
,,Nature's Classroom Montessori,,Waukesha,80.0,All grades
,,New Berlin West Mid/High,,Waukesha,95.0,All grades
,,North Elementary - Hartland,,Waukesha,91.0,All grades
,,North High - Waukesha,,Waukesha,95.0,All grades
,,North Lake Elementary,,Waukesha,92.0,All grades
,,North Middle,,Waukesha,95.0,All grades
,,North Shore Middle,,Waukesha,94.0,All grades
,,Oconomowoc High,,Waukesha,95.0,All grades
,,Orchard Lane Elementary,,Waukesha,95.0,All grades
,,Park Lawn Elementary,,Waukesha,95.0,All grades
,,Park View Middle,,Waukesha,95.0,All grades
,,Pewaukee High,,Waukesha,95.0,All grades
,,Pewaukee Lake Elementary,,Waukesha,93.0,All grades
,,Pilgrim Evang Lutheran School,,Waukesha,94.0,All grades
,,Pilgrim Park Middle,,Waukesha,95.0,All grades
,,Poplar Creek Elementary,,Waukesha,95.0,All grades
,,Prairie Elementary,,Waukesha,95.0,All grades
,,Prairie Hill Waldorf School,,Waukesha,59.0,All grades
,,Prairie View Elementary - North Prairie,,Waukesha,94.0,All grades
,,Richmond Elementary - Sussex,,Waukesha,95.0,All grades
,,Riverside Elementary - Menomonee Falls,,Waukesha,95.0,All grades
,,Rolling Hills Elementary,,Waukesha,95.0,All grades
,,Ronald Reagan Elementary,,Waukesha,95.0,All grades
,,Rose Glen Elementary,,Waukesha,95.0,All grades
,,Saint Agnes School,,Waukesha,94.0,All grades
,,Saint Anthony on the Lake School,,Waukesha,95.0,All grades
,,Saint Charles Parish School - Hartland,,Waukesha,90.0,All grades
,,Saint Dominic Catholic Gr School,,Waukesha,95.0,All grades
,,Saint Jerome Parish School,,Waukesha,95.0,All grades
,,Saint John Vianney Grade School - Brookfield,,Waukesha,92.0,All grades
,,Saint John's Lutheran School- Lannon,,Waukesha,92.0,All grades
,,Saint Johns Lutheran School - Mukwonogo,,Waukesha,92.0,All grades
,,Saint Johns NW Military Academy - Delafield,,Waukesha,76.0,All grades
,,Saint Joseph Catholic School - Big Bend,,Waukesha,86.0,All grades
,,Saint Leonard School,,Waukesha,95.0,All grades
,,Saint Mary Parish School - Menomonee Falls,,Waukesha,95.0,All grades
,,Saint Mary Visitation Grade,,Waukesha,72.0,All grades
,,Saint Matthew's Lutheran School - Oconomowoc,,Waukesha,85.0,All grades
,,Saint Paul's Evang Luth School - Oconomowoc,,Waukesha,76.0,All grades
,,Saint Paul's Lutheran School- Muskego,,Waukesha,94.0,All grades
,,Section Elementary,,Waukesha,95.0,All grades
,,Shady Lane Elementary,,Waukesha,95.0,All grades
,,Silver Lake Intermediate,,Waukesha,95.0,All grades
,,Silver Spring Intermediate,,Waukesha,95.0,All grades
,,South Elementary,,Waukesha,89.0,All grades
,,South High - Waukesha,,Waukesha,93.0,All grades
,,Star of Bethlehem Evang Luth,,Waukesha,95.0,All grades
,,Stone Bank Elementary,,Waukesha,93.0,All grades
,,Summit Elementary,,Waukesha,93.0,All grades
,,Summit View Elementary,,Waukesha,95.0,All grades
,,Swallow Elementary,,Waukesha,95.0,All grades
,,Swanson Elementary,,Waukesha,95.0,All grades
,,Templeton Middle,,Waukesha,95.0,All grades
,,Tonawanda Elementary,,Waukesha,95.0,All grades
,,Trinity Lutheran School - Waukesha,,Waukesha,92.0,All grades
,,Valley View Elementary - Menomonee Falls,,Waukesha,95.0,All grades
,,Wales Elementary,,Waukesha,95.0,All grades
,,Waukesha Catholic Sch System,,Waukesha,95.0,All grades
,,Waukesha Christian Academy,,Waukesha,49.0,All grades
,,Waukesha East Alternative School,,Waukesha,87.0,All grades
,,Waukesha STEM Academy,,Waukesha,95.0,All grades
,,West High - Waukesha,,Waukesha,95.0,All grades
,,Willow Springs Learning Center,,Waukesha,95.0,All grades
,,Wisconsin Hills Middle,,Waukesha,95.0,All grades
,,Woodside Elementary - Sussex,,Waukesha,95.0,All grades
,,Zion Lutheran School- Menomonee Falls,,Waukesha,94.0,All grades
,,Catalyst Academy,,Waupaca,95.0,All grades
,,Chain Exploration Ctr--CEC,,Waupaca,87.0,All grades
,,Clintonville High,,Waupaca,95.0,All grades
,,Clintonville Middle,,Waupaca,95.0,All grades
,,Emanuel Lutheran School,,Waupaca,84.0,All grades
,,Fremont Elementary,,Waupaca,95.0,All grades
,,Fremont STEM Academy Inc.,,Waupaca,95.0,All grades
,,Iola-Scandinavia Elementary,,Waupaca,87.0,All grades
,,Iola-Scandinavia High,,Waupaca,95.0,All grades
,,Lincoln Elementary - New London,,Waupaca,90.0,All grades
,,Longfellow Elementary - Clintonville,,Waupaca,91.0,All grades
,,Manawa Elementary,,Waupaca,91.0,All grades
,,Manawa Middle,,Waupaca,5.0,All grades
,,Marion Elementary,,Waupaca,91.0,All grades
,,Marion High,,Waupaca,94.0,All grades
,,New London High,,Waupaca,95.0,All grades
,,New London Middle,,Waupaca,94.0,All grades
,,Parkview Elementary - New London,,Waupaca,87.0,All grades
,,Readfield Elementary,,Waupaca,93.0,All grades
,,Saint Johns Lutheran School - Fremont,,Waupaca,83.0,All grades
,,Saint Martin Lutheran School,,Waupaca,87.0,All grades
,,Saint Paul Lutheran School - Manawa,,Waupaca,78.0,All grades
,,Saint Peter Lutheran School - Weyauwega,,Waupaca,90.0,All grades
,,Starr Academy,,Waupaca,95.0,All grades
,,Sugar Bush Elementary,,Waupaca,87.0,All grades
,,Tomorrows Children,,Waupaca,95.0,All grades
,,W4K,,Waupaca,95.0,All grades
,,Waupaca Christian Academy,,Waupaca,70.0,All grades
,,Waupaca High,,Waupaca,95.0,All grades
,,Waupaca Learning Center Elementary,,Waupaca,91.0,All grades
,,Waupaca Middle,,Waupaca,93.0,All grades
,,Weyauwega Elementary,,Waupaca,92.0,All grades
,,Weyauwega High,,Waupaca,95.0,All grades
,,Weyauwega Middle,,Waupaca,94.0,All grades
,,Cottonville Amish School,,Waushara,5.0,All grades
,,Country Curve Amish School,,Waushara,5.0,All grades
,,Hillside Amish School,,Waushara,5.0,All grades
,,Mecan Springs Amish School,,Waushara,5.0,All grades
,,Parkside School,,Waushara,95.0,All grades
,,Redgranite Elementary,,Waushara,91.0,All grades
,,Riverview Elementary - Wautoma,,Waushara,87.0,All grades
,,Tri-County Elementary,,Waushara,5.0,All grades
,,Tri-County High,,Waushara,5.0,All grades
,,Tri-County Middle,,Waushara,5.0,All grades
,,Valley View Amish School,,Waushara,27.0,All grades
,,Wautoma High,,Waushara,95.0,All grades
,,Wild Rose Elementary,,Waushara,91.0,All grades
,,Wild Rose High,,Waushara,95.0,All grades
,,Valor Classical Christian Academy,,Winnebago,65.0,All grades
,,ACE Charter School,,Winnebago,90.0,All grades
,,Acton Academy Oshkosh Inc.,,Winnebago,74.0,All grades
,,Banta School,,Winnebago,92.0,All grades
,,Butte des Morts Elementary,,Winnebago,93.0,All grades
,,Clayton Elementary - Neenah,,Winnebago,95.0,All grades
,,Clovis Grove Elementary,,Winnebago,95.0,All grades
,,Coolidge Elementary,,Winnebago,93.0,All grades
,,E Cook Elementary,,Winnebago,91.0,All grades
,,Fox Valley Virtual School,,Winnebago,86.0,All grades
,,Franklin Elementary - Oshkosh,,Winnebago,94.0,All grades
,,Gegan Elementary,,Winnebago,90.0,All grades
,,Grace Lutheran School - Oshkosh,,Winnebago,91.0,All grades
,,Horace Mann Elementary - Neenah,,Winnebago,91.0,All grades
,,Jefferson Elementary - Oshkosh,,Winnebago,94.0,All grades
,,Lakeside Elementary,,Winnebago,95.0,All grades
,,Lakeview Elementary - Neenah,,Winnebago,95.0,All grades
,,Lourdes Academy Elementary,,Winnebago,92.0,All grades
,,Lourdes Academy High,,Winnebago,95.0,All grades
,,Lourdes Academy Middle,,Winnebago,95.0,All grades
,,Maplewood Middle,,Winnebago,95.0,All grades
,,Martin Luther School,,Winnebago,84.0,All grades
,,Menasha High,,Winnebago,95.0,All grades
,,Menominee Elementary,,Winnebago,86.0,All grades
,,Neenah High,,Winnebago,95.0,All grades
,,Neenah Lutheran School,,Winnebago,94.0,All grades
,,Neenah Middle,,Winnebago,95.0,All grades
,,New Hope Christian School,,Winnebago,69.0,All grades
,,North High - Oshkosh,,Winnebago,95.0,All grades
,,Oaklawn Elementary - Oshkosh,,Winnebago,93.0,All grades
,,Oakwood Elementary,,Winnebago,95.0,All grades
,,Omro Elementary,,Winnebago,95.0,All grades
,,Omro High,,Winnebago,95.0,All grades
,,Omro Middle,,Winnebago,95.0,All grades
,,Patch Elementary,,Winnebago,92.0,All grades
,,Read Elementary,,Winnebago,86.0,All grades
,,Ready 4 Learning School,,Winnebago,92.0,All grades
,,Roosevelt Elementary - Oshkosh,,Winnebago,94.0,All grades
,,Saint Gabriel Grade School - Neenah,,Winnebago,84.0,All grades
,,Saint Margaret Mary Grade School - Neenah,,Winnebago,91.0,All grades
,,Saint Mary Catholic High,,Winnebago,93.0,All grades
,,Saint Mary Catholic Middle,,Winnebago,87.0,All grades
,,Saint Mary Grade School - Menasha,,Winnebago,85.0,All grades
,,Shapiro STEM Academy,,Winnebago,94.0,All grades
,,South Park Middle,,Winnebago,94.0,All grades
,,Spring Road Elementary,,Winnebago,92.0,All grades
,,Taft Elementary,,Winnebago,88.0,All grades
,,Tipler Middle,,Winnebago,95.0,All grades
,,Traeger Elementary,,Winnebago,95.0,All grades
,,Traeger Middle,,Winnebago,95.0,All grades
,,Trinity Lutheran Grade School - Menasha,,Winnebago,95.0,All grades
,,Trinity Lutheran School - Oshkosh,,Winnebago,69.0,All grades
,,Tullar Elementary,,Winnebago,95.0,All grades
,,Valley Christian School,,Winnebago,74.0,All grades
,,Valley Christian School- Oshkosh,,Winnebago,78.0,All grades
,,Vel Phillips Middle School,,Winnebago,94.0,All grades
,,Washington Sch of Early Lrng,,Winnebago,95.0,All grades
,,West High - Oshkosh,,Winnebago,95.0,All grades
,,Winneconne Elementary,,Winnebago,92.0,All grades
,,Winneconne High,,Winnebago,95.0,All grades
,,Winneconne Middle,,Winnebago,95.0,All grades
,,Wyldewood Christian School,,Winnebago,45.0,All grades
,,Children's House of Montessori,,Wood,5.0,All grades
,,Alexander Middle,,Wood,86.0,All grades
,,Assumption High School,,Wood,89.0,All grades
,,Assumption Middle School,,Wood,91.0,All grades
,,Auburndale Elementary,,Wood,94.0,All grades
,,Auburndale High,,Wood,95.0,All grades
,,CWSA Central Wis STEM Academy,,Wood,66.0,All grades
,,Central Oaks Academy,,Wood,80.0,All grades
,,Columbus Catholic High,,Wood,93.0,All grades
,,Columbus Catholic Middle,,Wood,92.0,All grades
,,Good Shepherd Lutheran School - Wisconsin Rapids,,Wood,88.0,All grades
,,Grant Elementary - Marshfield,,Wood,95.0,All grades
,,Grant Elementary - Wisconsin Rapids,,Wood,91.0,All grades
,,Grove Elementary,,Wood,95.0,All grades
,,Howe Elementary - Wisconsin Rapids,,Wood,88.0,All grades
,,Humke Elementary,,Wood,89.0,All grades
,,Immanuel Lutheran Grade School,,Wood,89.0,All grades
,,John Edwards High,,Wood,95.0,All grades
,,John Edwards Middle,,Wood,93.0,All grades
,,Lincoln Elementary - Marshfield,,Wood,95.0,All grades
,,Lincoln High - Wisconsin Rapids,,Wood,95.0,All grades
,,Madison Elementary - Marshfield,,Wood,90.0,All grades
,,Marshfield High,,Wood,95.0,All grades
,,Marshfield K4,,Wood,95.0,All grades
,,Marshfield Middle,,Wood,95.0,All grades
,,Mead Elementary,,Wood,89.0,All grades
,,Nasonville Elementary,,Wood,95.0,All grades
,,Nekoosa Academy,,Wood,87.0,All grades
,,Nekoosa High,,Wood,95.0,All grades
,,Our Lady Queen of Heaven,,Wood,80.0,All grades
,,Our Lady of Peace Intermed School,,Wood,95.0,All grades
,,Pitsch Early Learning Center,,Wood,95.0,All grades
,,Pittsville Elementary,,Wood,92.0,All grades
,,Pittsville High,,Wood,95.0,All grades
,,Port Edwards Ed Heuer El School,,Wood,92.0,All grades
,,River Cities High,,Wood,95.0,All grades
,,Saint John the Baptist Primary,,Wood,95.0,All grades
,,Saint Pauls Evang Luth School - Wisconsin Rapids,,Wood,77.0,All grades
,,Saint Vincent de Paul,,Wood,87.0,All grades
,,THINK Academy,,Wood,94.0,All grades
,,Trinity Evang Lutheran School - Marshfield,,Wood,91.0,All grades
,,Washington Elementary - Marshfield,,Wood,95.0,All grades
,,Washington Elementary - Wisconsin Rapids,,Wood,92.0,All grades
,,Wisconsin Rapids Area Middle,,Wood,93.0,All grades
,,Woodside Elementary - Wisconsin Rapids,,Wood,93.0,All grades
