"School Name","School Type","Address","City","Zipcode","Planning Region","Polio","DTaP","MMR","HepB","Varicella","HepA","All","Ex_Rel","Ex_Med","Ex_Tot"
"Andover Elementary School","Public","35 School Rd.","Andover","06232","Capitol","DS","DS","DS","DS","DS","DS","DS","DS","DS","DS"
"Assumption-Ansonia","Non-public","51 North Cliff Street","Ansonia","06401","Naugatuck Valley","DS","DS","DS","DS","DS","DS","DS","DS","DS","DS"
"Mead School","Public","75 Ford St.","Ansonia","06401","Naugatuck Valley","100","100","100","100","100","100","100","0","0","0"
"Prendergast School","Public","59 Finney St.","Ansonia","06401","Naugatuck Valley","100","100","97.7","100","97.7","100","96.6","0","0","0"
"Ashford School","Public","440 Westford Rd.","Ashford","06278","Northeast CT","97.4","97.4","97.4","97.4","97.4","97.4","97.4","0","2.6","2.6"
"Farmington Valley Academy Montessori","Public","150 Fisher Drive","Avon","06001","Capitol","DS","DS","DS","DS","DS","DS","DS","DS","DS","DS"
"Pine Grove School","Public","151 Scoville Rd.","Avon","06001","Capitol","100","100","100","100","100","100","100","0","0","0"
"Reggio Magnet School of the Arts","Non-public","59 Waterville Road","Avon","06001","Capitol","DNC","DNC","DNC","DNC","DNC","DNC","DNC","DNC","DNC","DNC"
"Roaring Brook School","Public","30 Old Wheeler Ln.","Avon","06001","Capitol","98.9","98.9","98.9","98.9","98.9","98.9","98.9","0","1.1","1.1"
"Talcott Mt. Academy of Science Math & Technology","Non-public","324 Montevideo Road","Avon","06001","Capitol","DS","DS","DS","DS","DS","DS","DS","DS","DS","DS"
"Barkhamsted Elementary School","Public","65 Ripley Hill Rd.","Barkhamsted","06063","Northwest Hills","DS","DS","DS","DS","DS","DS","DS","DS","DS","DS"
"Laurel Ledge School","Public","30 Highland Ave.","Beacon Falls","06403","Naugatuck Valley","98.2","98.2","98.2","98.2","98.2","98.2","98.2","0","1.8","1.8"
"Emma Hart Willard School","Public","1088 Norton Rd.","Berlin","06037","Capitol","100","100","100","100","100","100","100","0","0","0"
"Mary E. Griswold School","Public","133 Heather Ln.","Berlin","06037","Capitol","100","100","100","100","100","100","100","0","0","0"
"Prism Academy","Non-public","166 Lincoln Street","Berlin","06037","Capitol","DNC","DNC","DNC","DNC","DNC","DNC","DNC","DNC","DNC","DNC"
"Richard D. Hubbard School","Public","139 Grove St.","Berlin","06023","Capitol","100","100","100","96.8","100","100","96.8","0","0","0"
"St. Paul School","Non-public","461 Alling Street","Berlin","06037","Capitol","DS","DS","DS","DS","DS","DS","DS","DS","DS","DS"
"Bethany Community School","Public","44 Peck Road","Bethany","06524","South Central","93.9","93.9","93.9","93.9","93.9","93.9","93.9","0","4.1","4.1"
"Anna H. Rockwell School","Public","400 Whittlesey Dr.","Bethel","06801","Western CT","98.9","98.9","100","100","100","100","98.9","0","0","0"
"Frank A. Berry School","Public","200 Whittlesey Dr.","Bethel","06801","Western CT","98.9","98.9","100","98.9","100","98.9","98.9","0","0","0"
"Guide Academy","Public","49 Katrina Circle","Bethel","06801","Western CT","DS","DS","DS","DS","DS","DS","DS","DS","DS","DS"
"St. Mary School-Bethel","Non-public","24 Dodgingtown Road","Bethel","06801","Western CT","DS","DS","DS","DS","DS","DS","DS","DS","DS","DS"
"Bethlehem Elementary School","Public","92 East St.","Bethlehem","06751","Naugatuck Valley","DS","DS","DS","DS","DS","DS","DS","DS","DS","DS"
"Ana Grace Academy of the Arts PK-5","Public","129 Griffin Road North","Bloomfield","06002","Capitol","98.5","98.5","98.5","98.5","98.5","98.5","98.5","0","1.5","1.5"
"Laurel Literacy Academy","Public","1 Filley St.","Bloomfield","06002","Capitol","100","100","100","98.8","100","100","98.8","0","0","0"
"Museum Academy","Non-public","11 Turkey Hill Road","Bloomfield","06002","Capitol","DNC","DNC","DNC","DNC","DNC","DNC","DNC","DNC","DNC","DNC"
"River Street School Birken Campus","Public","1289 Blue Hills Avenue","Bloomfield","06002","Capitol","DS","DS","DS","DS","DS","DS","DS","DS","DS","DS"
"Bolton Center School","Public","108 Notch Rd.","Bolton","06043","Capitol","100","100","100","100","100","100","100","0","0","0"
"Fields Memorial School","Public","8 Bozrah St. Ext.","Bozrah","06334","Southeastern CT","DS","DS","DS","DS","DS","DS","DS","DS","DS","DS"
"East Shoreline Catholic Academy","Non-public","62 Cedar Street","Branford","06405","South Central","97","97","97","97","97","97","97","0","3","3"
"John B. Sliney School","Public","23 Eades St.","Branford","06405","South Central","100","100","100","100","100","100","100","0","0","0"
"Mary R. Tisko School","Public","118 Damascus Rd.","Branford","06405","South Central","98.8","98.8","98.8","98.8","97.5","98.8","97.5","0","1.3","1.3"
"Mary T. Murphy School","Public","14 Brushy Plain Rd.","Branford","06405","South Central","98.3","98.3","98.3","98.3","98.3","98.3","98.3","0","0","0"
"Achievement First Bridgeport Academy","Public","655 Stillman St.","Bridgeport","06608","Greater Bridgeport","100","100","100","100","100","100","100","0","0","0"
"Adam J. Lewis Academy","Non-public","500 State St.","Bridgeport","06604","Greater Bridgeport","DS","DS","DS","DS","DS","DS","DS","DS","DS","DS"
"Barnum School","Public","495 Waterview Avenue","Bridgeport","06608","Greater Bridgeport","100","100","100","100","100","98","98","0","0","0"
"Beardsley School","Public","500 Huntington Rd.","Bridgeport","06610","Greater Bridgeport","95.1","92.7","92.7","97.6","92.7","97.6","92.7","0","0","0"
"Black Rock School","Public","545 Brewster St.","Bridgeport","06605","Greater Bridgeport","97.4","97.4","97.4","97.4","94.7","94.7","94.7","0","2.6","2.6"
"Blackham School","Public","425 Thorme St.","Bridgeport","06606","Greater Bridgeport","100","100","98.6","100","97.3","97.3","95.9","0","0","0"
"Bridgeport Hope School","Non-public","283 Lafayette Street","Bridgeport","06604","Greater Bridgeport","DS","DS","DS","DS","DS","DS","DS","DS","DS","DS"
"Bryant School","Public","230 Poplar St.","Bridgeport","06605","Greater Bridgeport","100","95.8","91.7","100","87.5","93.8","68.8","0","0","0"
"Capital Preparatory Harbor School K-6","Public","777 Main Street","Bridgeport","06604","Greater Bridgeport","100","98","96","100","94","100","92","0","0","0"
"Catholic Academy of Bridgeport: St. Andrew Academy","Non-public","395 Anton Street","Bridgeport","06606","Greater Bridgeport","DS","DS","DS","DS","DS","DS","DS","DS","DS","DS"
"Catholic Academy of Bridgeport: St. Ann Academy","Non-public","521 Brewster Street","Bridgeport","06605","Greater Bridgeport","DS","DS","DS","DS","DS","DS","DS","DS","DS","DS"
"Catholic Academy of Bridgeport: St. Raphael Academy","Non-public","324 Frank Street","Bridgeport","06604","Greater Bridgeport","100","100","100","100","100","100","100","0","0","0"
"Cesar Batalla School","Public","606 Howard Ave.","Bridgeport","06605","Greater Bridgeport","100","92.8","98.6","98.6","95.7","94.2","85.5","0","0","0"
"Classical Studies Academy PK-2","Public","240 Linwood Ave.","Bridgeport","06604","Greater Bridgeport","100","100","100","100","100","100","100","0","0","0"
"Columbus School","Public","300 University Avenue","Bridgeport","06604","Greater Bridgeport","85.5","85.5","87","98.6","87","98.6","84.1","0","0","0"
"Discovery Magnet","Non-public","4510 Park Avenue","Bridgeport","06606","Greater Bridgeport","95.6","95.6","97.8","97.8","97.8","97.8","95.6","0","2.2","2.2"
"Edison School","Public","115 Boston Terrace","Bridgeport","06610","Greater Bridgeport","DS","DS","DS","DS","DS","DS","DS","DS","DS","DS"
"Geraldine Claytor Magnet Academy","Public","240 Ocean Terrace","Bridgeport","06605","Greater Bridgeport","97.7","97.7","100","97.7","97.7","97.7","90.9","0","0","0"
"Geraldine Johnson School","Public","475 Lexington Avenue","Bridgeport","06604","Greater Bridgeport","99","99","100","98","99","98","94.9","0","0","0"
"Hall School","Public","290 Clermont Ave.","Bridgeport","06610","Greater Bridgeport","DS","DS","DS","DS","DS","DS","DS","DS","DS","DS"
"Hallen School","Public","68 Omega Ave.","Bridgeport","06606","Greater Bridgeport","100","97.6","95.2","100","92.9","100","90.5","0","0","0"
"High Horizons","Non-public","700 Palisades Avenue","Bridgeport","06610","Greater Bridgeport","100","100","100","100","100","100","100","0","0","0"
"James J. Curiale School","Public","300 Laurel Ave.","Bridgeport","06604","Greater Bridgeport","98.2","96.5","96.5","98.2","94.7","94.7","94.7","0","0","0"
"Jettie S. Tisdale School","Public","250 Hollister Avenue","Bridgeport","06607","Greater Bridgeport","100","100","100","100","100","100","100","0","0","0"
"John Winthrop School","Public","85 Eckart St.","Bridgeport","06606","Greater Bridgeport","96.6","98.3","98.3","96.6","96.6","98.3","96.6","0","0","0"
"Luis Munoz Marin School","Public","479 Helen St.","Bridgeport","06608","Greater Bridgeport","98.1","96.3","98.1","100","98.1","100","96.3","0","0","0"
"Madison School","Public","376 Wayne St.","Bridgeport","06606","Greater Bridgeport","100","100","96.4","100","94.6","100","94.6","0","0","0"
"Multicultural Magnet School","Public","700 Palisade Ave.","Bridgeport","06610","Greater Bridgeport","97.4","97.4","100","100","100","100","97.4","0","0","0"
"New Beginnings Inc Family Academy","Public","184 Garden St.","Bridgeport","06605","Greater Bridgeport","84.8","81.8","86.4","95.5","89.4","98.5","71.2","0","0","0"
"Northeastern Adventist Academy - Fairfield County Campus","Non-public","827 Trumbull Avenue","Bridgeport","06606","Greater Bridgeport","DNC","DNC","DNC","DNC","DNC","DNC","DNC","DNC","DNC","DNC"
"Park City Magnet School","Public","1526 Chopsey Hill Rd.","Bridgeport","06606","Greater Bridgeport","98","98","100","100","98","98","98","0","0","0"
"Paul Laurence Dunbar School","Public","445 Union Ave.","Bridgeport","06607","Greater Bridgeport","DS","DS","DS","DS","DS","DS","DS","DS","DS","DS"
"Read School","Public","130 Ezra St.","Bridgeport","06606","Greater Bridgeport","98.7","98.7","100","100","98.7","98.7","94.7","0","0","0"
"Roosevelt School","Public","680 Park Ave.","Bridgeport","06604","Greater Bridgeport","100","100","100","100","100","100","100","0","0","0"
"Six-Six Magnet School","Non-public","601 Pearl Harbor St.","Bridgeport","06610","Greater Bridgeport","100","100","100","100","100","100","100","0","0","0"
"Thomas Hooker School","Public","138 Roger Williams Rd.","Bridgeport","06610","Greater Bridgeport","100","96.7","100","100","100","100","96.7","0","0","0"
"Waltersville School","Public","150 Hallett Street","Bridgeport","06608","Greater Bridgeport","93.2","93.2","93.2","93.2","93.2","93.2","93.2","0","0","0"
"Wilbur Cross School","Public","1775 Reservoir Ave.","Bridgeport","06606","Greater Bridgeport","DS","DS","DS","DS","DS","DS","DS","DS","DS","DS"
"The Burnham School","Public","80 Main St.","Bridgewater","06752","Western CT","DS","DS","DS","DS","DS","DS","DS","DS","DS","DS"
"Ellen P. Hubbell School","Public","90 West Washington St.","Bristol","06010","Naugatuck Valley","100","100","100","100","100","100","100","0","0","0"
"Greene-Hills School","Public","718 Pine St.","Bristol","06010","Naugatuck Valley","100","100","100","100","100","100","100","0","0","0"
"Immanuel Lutheran-Bristol","Non-public","154 Meadow Street","Bristol","06010","Naugatuck Valley","DS","DS","DS","DS","DS","DS","DS","DS","DS","DS"
"Ivy Drive School","Public","160 Ivy Dr.","Bristol","06010","Naugatuck Valley","100","98.2","98.2","100","98.2","98.2","98.2","0","0","0"
"Mountain View School","Public","71 Vera Rd.","Bristol","06010","Naugatuck Valley","100","100","100","100","100","96.6","96.6","0","0","0"
"Oak Hill School at Bristol","Non-public","47 Upton Street","Bristol","06057","Naugatuck Valley","DNC","DNC","DNC","DNC","DNC","DNC","DNC","DNC","DNC","DNC"
"South Side School","Public","21 Tuttle Rd.","Bristol","06010","Naugatuck Valley","98.5","98.5","98.5","98.5","98.5","98.5","98.5","0","1.5","1.5"
"St. Joseph-Bristol","Non-public","335 Center Street","Bristol","06010","Naugatuck Valley","DS","DS","DS","DS","DS","DS","DS","DS","DS","DS"
"St. Matthew","Non-public","33 Welch Drive","Bristol","06010","Naugatuck Valley","DS","DS","DS","DS","DS","DS","DS","DS","DS","DS"
"Stafford School","Public","212 Louisiana Ave.","Bristol","06010","Naugatuck Valley","100","100","100","100","100","100","100","0","0","0"
"West Bristol School","Public","500 Clark Avenue","Bristol","06010","Naugatuck Valley","100","100","100","100","100","100","100","0","0","0"
"Candlewood Lake Elementary School","Public","100 Candlewood Lake Road","Brookfield","06804","Western CT","97.7","97.7","97.7","98.5","97.7","97.7","96.9","0","1.5","1.5"
"Christian Life Academy","Non-public","133 Junction Road","Brookfield","06804","Western CT","DS","DS","DS","DS","DS","DS","DS","DS","DS","DS"
"Brooklyn Elementary School","Public","119 Gorman Rd.","Brooklyn","06234","Northeast CT","100","98.2","100","100","100","100","98.2","0","0","0"
"Harwinton Consolidated School","Public","115 Litchfield Rd.","Burlington","06791","Northwest Hills","97.8","100","100","100","100","100","97.8","0","0","0"
"Lake Garda Elementary School","Public","61 Monce Rd.","Burlington","06013","Northwest Hills","97.2","97.2","98.6","98.6","98.6","98.6","97.2","0","1.4","1.4"
"Lee H. Kellogg School","Public","47 Main St.","Canaan","06031","Northwest Hills","DS","DS","DS","DS","DS","DS","DS","DS","DS","DS"
"Canterbury Elementary School","Public","67 Kitt Rd.","Canterbury","06331","Northeast CT","97.7","97.7","97.7","97.7","97.7","95.3","95.3","0","2.3","2.3"
"Cherry Brook Primary School","Public","4 Barbourtown Rd.","Canton","06019","Capitol","95.3","95.3","94.3","94.3","94.3","95.3","94.3","0","4.7","4.7"
"Chaplin Elementary School","Public","240 Palmer Rd.","Chaplin","06235","Northeast CT","DS","DS","DS","DS","DS","DS","DS","DS","DS","DS"
"Chapman School","Public","38 Country Club Rd.","Cheshire","06410","Naugatuck Valley","100","100","96.4","100","98.2","98.2","94.5","0","0","0"
"Doolittle School","Public","735 Cornwall Ave.","Cheshire","06410","Naugatuck Valley","100","100","98.6","100","98.6","100","98.6","0","0","0"
"Highland School","Public","490 Highland Ave.","Cheshire","06410","Naugatuck Valley","100","99.2","99.2","100","99.2","100","98.5","0","0","0"
"Norton School","Public","414 North Brooksvale Rd.","Cheshire","06410","Naugatuck Valley","100","100","100","100","100","100","100","0","0","0"
"St. Bridget School-Cheshire","Non-public","171 Main Street","Cheshire","06410","Naugatuck Valley","97.7","97.7","97.7","97.7","97.7","97.7","97.7","0","2.3","2.3"
"Chester Elementary School","Public","23 Ridge Rd.","Chester","06412","Lower CT River Valley","DS","DS","DS","DS","DS","DS","DS","DS","DS","DS"
"Lewin G. Joel Jr. School","Public","137A Glenwood Rd.","Clinton","06413","Lower CT River Valley","100","100","100","100","98.9","97.8","96.7","0","0","0"
"Colchester Elementary School","Public","315 Halls Hill Rd.","Colchester","06415","Southeastern CT","98.6","99.3","98.6","99.3","98.6","98.6","97.8","0","0.7","0.7"
"Colebrook Consolidated School","Public","452 Smith Hill Road","Colebrook","06021","Northwest Hills","DS","DS","DS","DS","DS","DS","DS","DS","DS","DS"
"Bridges Community School","Public","10 Commerce Ave","Columbia","06237","Capitol","DNC","DNC","DNC","DNC","DNC","DNC","DNC","DNC","DNC","DNC"
"Horace W. Porter School","Public","3 Schoolhouse Road","Columbia","06237","Capitol","100","100","100","100","100","100","100","0","0","0"
"Cornwall Consolidated School","Public","5 Cream Hill Rd.","Cornwall","06796","Northwest Hills","DS","DS","DS","DS","DS","DS","DS","DS","DS","DS"
"Coventry Grammar School","Public","3453 Main Street","Coventry","06238","Capitol","97.9","98.9","100","100","97.9","100","97.9","0","0","0"
"Edna C. Stevens School","Public","25 Court St.","Cromwell","06416","Lower CT River Valley","98.9","98.9","98.9","97.8","98.9","98.9","97.8","0","1.1","1.1"
"Ellsworth Avenue School","Public","53 Ellsworth Ave","Danbury","06810","Western CT","100","100","100","100","100","100","100","0","0","0"
"Great Plain School","Public","10 Stadley Rough Rd.","Danbury","06811","Western CT","100","100","100","100","100","97.2","97.2","0","0","0"
"Hayestown Avenue School","Public","42 Tamarack Ave.","Danbury","06811","Western CT","100","100","100","100","100","100","100","0","0","0"
"Hudson Country Montessori","Non-public","44A Shelter Rock Road","Danbury","06810","Western CT","DS","DS","DS","DS","DS","DS","DS","DS","DS","DS"
"Immanuel Lutheran-Danbury","Non-public","18 Clapboard Ridge Road","Danbury","06811","Western CT","DS","DS","DS","DS","DS","DS","DS","DS","DS","DS"
"King Street Primary School","Public","151 South King St.","Danbury","06811","Western CT","100","97.7","100","98.9","100","97.7","97.7","0","0","0"
"Mill Ridge Primary School","Public","49A High Ridge Rd.","Danbury","06811","Western CT","100","100","100","100","100","100","100","0","0","0"
"Morris Street School","Public","28 Morris St.","Danbury","06810","Western CT","100","100","100","100","100","100","100","0","0","0"
"Park Avenue School","Public","82 Park Ave.","Danbury","06810","Western CT","98.6","97.1","100","98.6","98.6","95.7","95.7","0","0","0"
"Pembroke School","Public","34 1/2 Pembroke Rd.","Danbury","06811","Western CT","95.1","95.1","95.1","95.1","95.1","100","92.7","0","0","0"
"Shelter Rock School","Public","2 Crows Nest Rd.","Danbury","06810","Western CT","100","100","100","100","100","100","100","0","0","0"
"South Street School","Public","129 South St.","Danbury","06810","Western CT","100","100","100","100","97.8","100","97.8","0","0","0"
"St. Gregory The Great","Non-public","85 Great Plain Road","Danbury","06811","Western CT","DS","DS","DS","DS","DS","DS","DS","DS","DS","DS"
"St. Joseph School-Danbury","Non-public","370 Main Street","Danbury","06810","Western CT","96.8","96.8","96.8","96.8","96.8","96.8","96.8","0","3.2","3.2"
"St. Peter Sacred Heart School","Non-public","98 Main Street","Danbury","06810","Western CT","DS","DS","DS","DS","DS","DS","DS","DS","DS","DS"
"Stadley Rough School","Public","25 Karen Rd.","Danbury","06811","Western CT","98.4","98.4","100","100","96.8","100","96.8","0","0","0"
"Western CT Academy of International Studies Elementary Magnet School","Public","201 University Blvd.","Danbury","06810","Western CT","98.1","96.2","98.1","100","98.1","98.1","94.3","0","0","0"
"Hindley Elementary School","Public","10 Nearwater Ln.","Darien","06820","Western CT","100","98.5","100","98.5","100","100","98.5","0","0","0"
"Holmes Elementary School","Public","18 Hoyt St.","Darien","06820","Western CT","100","100","100","100","100","100","100","0","0","0"
"Ox Ridge Elementary School","Public","395 Mansfield Ave.","Darien","06820","Western CT","100","100","100","100","100","100","100","0","0","0"
"Royle Elementary School","Public","133 Mansfield Ave.","Darien","06820","Western CT","100","100","100","100","100","98.6","98.6","0","0","0"
"Tokeneke Elementary School","Public","7 Old Farm Rd.","Darien","06820","Western CT","100","100","100","100","100","100","100","0","0","0"
"Deep River Elementary School","Public","12 River St.","Deep River","06417","Lower CT River Valley","DS","DS","DS","DS","DS","DS","DS","DS","DS","DS"
"Steward Outdoor School","Non-public","253 Bushy Hill Rd","Deep River","06417","Lower CT River Valley","DS","DS","DS","DS","DS","DS","DS","DS","DS","DS"
"Bradley School","Public","155 David Humphreys Rd.","Derby","06418","Naugatuck Valley","100","100","100","100","100","100","100","0","0","0"
"Irving School","Public","9 Garden Place","Derby","06418","Naugatuck Valley","97.4","100","100","100","100","100","97.4","0","0","0"
"St. Mary - St. Michael","Non-public","14 Seymour Avenue","Derby","06418","Naugatuck Valley","DS","DS","DS","DS","DS","DS","DS","DS","DS","DS"
"Frederick Brewster School","Public","126 Tuttle Rd.","Durham","06422","Lower CT River Valley","98.9","98.9","100","100","98.9","100","97.7","0","0","0"
"Allgrove School","Public","33 Turkey Hills Rd.","East Granby","06026","Capitol","94.4","94.4","94.4","94.4","94.4","90.7","90.7","0","3.7","3.7"
"East Haddam Elementary School","Public","45 Joe Williams Rd.","East Haddam","06469","Lower CT River Valley","94.8","94.8","94.8","94.8","94.8","94.8","94.8","0","5.2","5.2"
"Memorial School","Public","20 Smith St.","East Hampton","06424","Lower CT River Valley","99","99","99","99","99","99","99","0","1","1"
"Anna E. Norris School","Public","40 Remington Rd.","East Hartford","06108","Capitol","66.7","80","76.7","83.3","70","83.3","66.7","0","0","0"
"Dr. Franklin H. Mayberry School","Public","101 Great Hill Rd.","East Hartford","06108","Capitol","100","100","100","100","100","100","100","0","0","0"
"Dr. John A. Langford School","Public","61 Alps Dr.","East Hartford","06108","Capitol","100","100","100","100","100","97.9","97.9","0","0","0"
"Dr. Thomas S. O'Connell School K-2","Public","305 May Rd.","East Hartford","06118","Capitol","100","100","100","100","100","100","100","0","0","0"
"Governor William Pitkin School","Public","330 Hills St.","East Hartford","06118","Capitol","96.8","96.8","96.8","96.8","96.8","96.8","96.8","0","0","0"
"Joseph O. Goodwin School","Public","1235 Forbes St.","East Hartford","06118","Capitol","100","100","100","100","100","100","100","0","0","0"
"Riverside Magnet School at Goodwin University","Non-public","29 Willowbrook Road","East Hartford","06118","Capitol","100","100","100","100","100","100","100","0","0","0"
"Robert J. O'Brien School","Public","56 Farm Dr.","East Hartford","06108","Capitol","96.9","96.9","96.9","96.9","96.9","96.9","96.9","0","3.1","3.1"
"Silver Lane School","Public","15 Mercer Ave.","East Hartford","06118","Capitol","93.8","93.8","93.8","100","93.8","100","93.8","0","0","0"
"Deer Run School","Public","311 Foxon Rd.","East Haven","06512","South Central","96.8","96.8","98.4","98.4","98.4","96.8","96.8","0","0","0"
"Grove J. Tuttle School","Public","108 Prospect St.","East Haven","06512","South Central","98","98","100","100","100","98","98","0","0","0"
"Momauguin School","Public","99 Cosey Beach Rd.","East Haven","06512","South Central","100","100","100","100","100","100","100","0","0","0"
"Flanders School","Public","167 Boston Post Rd.","East Lyme","06333","Southeastern CT","100","100","100","100","100","100","100","0","0","0"
"Lillie B. Haynes School","Public","29 Society Rd.","East Lyme","06357","Southeastern CT","98.4","98.4","100","100","98.4","100","98.4","0","0","0"
"Niantic Center School","Public","7 West Main St.","East Lyme","06357","Southeastern CT","DS","DS","DS","DS","DS","DS","DS","DS","DS","DS"
"Broad Brook Elementary School","Public","14 Rye St.","East Windsor","06016","Capitol","100","100","100","98.4","100","100","98.4","0","0","0"
"Eastford Elementary School","Public","12 Westford Road","Eastford","06242","Northeast CT","DS","DS","DS","DS","DS","DS","DS","DS","DS","DS"
"Easton Country Day School","Non-public","660 Morehouse Rd.","Easton","06612","Greater Bridgeport","DS","DS","DS","DS","DS","DS","DS","DS","DS","DS"
"Samuel Staples Elementary School","Public","515 Morehouse Road","Easton","06612","Greater Bridgeport","96.7","96.7","96.7","96.7","96.7","96.7","96.7","0","3.3","3.3"
"The Speech Academy-Easton","Non-public","656 Morehouse Road","Easton","06612","Greater Bridgeport","DS","DS","DS","DS","DS","DS","DS","DS","DS","DS"
"BASES 89","Public","89 west rd","Ellington","06029","Capitol","DS","DS","DS","DS","DS","DS","DS","DS","DS","DS"
"Center Elementary School","Public","49 Main St.","Ellington","06029","Capitol","97.8","97.8","97.8","97.8","97.8","97.8","97.8","0","2.2","2.2"
"Crystal Lake School","Public","59 South Road","Ellington","06029","Capitol","100","100","100","100","100","100","100","0","0","0"
"Windermere School","Public","2 Abbott Rd.","Ellington","06029","Capitol","100","100","100","100","100","100","100","0","0","0"
"Enfield Montessori School","Non-public","1325 Enfield Street","Enfield","06082","Capitol","DS","DS","DS","DS","DS","DS","DS","DS","DS","DS"
"Enfield Street School","Public","1318 Enfield St.","Enfield","06082","Capitol","100","100","100","100","100","99","99","0","0","0"
"Hazardville Memorial School","Public","68 North Maple St.","Enfield","06082","Capitol","98.1","99.1","98.1","99.1","98.1","99.1","98.1","0","0","0"
"Henry Barnard School","Public","27 Shaker Rd.","Enfield","06082","Capitol","99.1","99.1","99.1","100","99.1","99.1","97.3","0","0","0"
"St. Bernard School-Enfield","Non-public","232 Pearl Street","Enfield","06082","Capitol","DS","DS","DS","DS","DS","DS","DS","DS","DS","DS"
"Essex Elementary School","Public","108 Main St.","Essex","06409","Lower CT River Valley","97.3","97.3","94.6","94.6","89.2","89.2","81.1","0","2.7","2.7"
"Assumption Catholic School","Non-public","605 Stratfield Road","Fairfield","06825","Greater Bridgeport","97.2","97.2","100","100","100","100","97.2","0","0","0"
"Burr Elementary School","Public","1960 Burr St.","Fairfield","06824","Greater Bridgeport","100","100","100","100","100","100","100","0","0","0"
"Dwight Elementary School","Public","1600 Redding Rd.","Fairfield","06824","Greater Bridgeport","100","100","100","100","100","100","100","0","0","0"
"Fairfield Country Day School","Non-public","2970 Bronson Road","Fairfield","06824","Greater Bridgeport","DS","DS","DS","DS","DS","DS","DS","DS","DS","DS"
"Great Beginnings Montessori School","Non-public","148 Beach Road","Fairfield","06824","Greater Bridgeport","DNC","DNC","DNC","DNC","DNC","DNC","DNC","DNC","DNC","DNC"
"Holland Hill School","Public","105 Meadowcroft Road","Fairfield","06824","Greater Bridgeport","98.2","98.2","98.2","98.2","98.2","98.2","98.2","0","0","0"
"Hunt Ridge Montessori","Non-public","834 Brookside Dr","Fairfield","06824","Greater Bridgeport","DS","DS","DS","DS","DS","DS","DS","DS","DS","DS"
"Jennings School","Public","31 Palm Dr.","Fairfield","06824","Greater Bridgeport","97.6","97.6","97.6","97.6","97.6","97.6","97.6","0","2.4","2.4"
"McKinley School","Public","60 Thompson St.","Fairfield","06825","Greater Bridgeport","100","100","100","100","100","100","100","0","0","0"
"Mill Hill School","Public","635 Mill Hill Terrace","Fairfield","06890","Greater Bridgeport","100","100","100","100","100","100","100","0","0","0"
"North Stratfield School","Public","190 Putting Green Rd.","Fairfield","06825","Greater Bridgeport","100","100","100","100","100","100","100","0","0","0"
"Osborn Hill School","Public","760 Stillson Rd.","Fairfield","06824","Greater Bridgeport","98.7","98.7","98.7","98.7","98.7","98.7","98.7","0","1.3","1.3"
"Riverfield School","Public","1625 Mill Plain Rd.","Fairfield","06824","Greater Bridgeport","100","100","100","100","100","100","100","0","0","0"
"Sherman School","Public","250 Fern St.","Fairfield","06824","Greater Bridgeport","98.3","98.3","98.3","98.3","98.3","98.3","98.3","0","1.7","1.7"
"St. Thomas Aquinas Catholic School","Non-public","1719 Post Road","Fairfield","06824","Greater Bridgeport","DS","DS","DS","DS","DS","DS","DS","DS","DS","DS"
"Stratfield School","Public","1407 Melville Ave.","Fairfield","06825","Greater Bridgeport","100","100","100","100","100","100","100","0","0","0"
"The Unquowa School","Non-public","981 Stratfield Road","Fairfield","06825","Greater Bridgeport","DS","DS","DS","DS","DS","DS","DS","DS","DS","DS"
"East Farms School","Public","25 Wolf Pit Rd.","Farmington","06032","Capitol","100","100","100","100","100","100","100","0","0","0"
"Noah Wallace School","Public","2 School St.","Farmington","06032","Capitol","100","98.2","98.2","98.2","98.2","100","98.2","0","0","0"
"Union School","Public","173 School St.","Farmington","06085","Capitol","100","100","100","100","100","100","100","0","0","0"
"West District School","Non-public","114 West District Road","Farmington","06085","Capitol","100","100","100","100","100","100","100","0","0","0"
"Franklin Elementary School","Public","206 Pond Rd.","Franklin","06254","Southeastern CT","DS","DS","DS","DS","DS","DS","DS","DS","DS","DS"
"Buttonball Lane School","Public","376 Buttonball Ln.","Glastonbury","06033","Capitol","100","100","100","100","100","100","100","0","0","0"
"Eastbury Programs","Non-public","1389 Neipsic Road","Glastonbury","06033","Capitol","DS","DS","DS","DS","DS","DS","DS","DS","DS","DS"
"Glastonbury/East Hartford Magnet School","Public","95 Oak Street","Glastonbury","06033","Capitol","97","98.5","95.5","98.5","95.5","95.5","92.4","0","1.5","1.5"
"Hebron Avenue School","Public","1363 Hebron Avenue","Glastonbury","06033","Capitol","100","100","100","100","100","100","100","0","0","0"
"Hopewell School","Public","1068 Chestnut Hill Rd.","Glastonbury","06073","Capitol","100","100","100","100","100","100","100","0","0","0"
"Naubuc School","Public","84 Griswold St.","Glastonbury","06033","Capitol","98.4","98.4","98.4","100","98.4","98.4","98.4","0","0","0"
"Nayaug Elementary School","Public","222 Old Maids Ln.","Glastonbury","06073","Capitol","99","99","99","97.9","99","99","97.9","0","1","1"
"Goshen Center School","Public","50 North Street","Goshen","06756","Northwest Hills","DS","DS","DS","DS","DS","DS","DS","DS","DS","DS"
"Kelly Lane Primary School","Public","60 Kelly Ln.","Granby","06035","Capitol","99.1","99.1","99.1","99.1","99.1","95.5","95.5","0","0.9","0.9"
"Brunswick School","Non-public","100 Maher Avenue","Greenwich","06830","Western","DNC","DNC","DNC","DNC","DNC","DNC","DNC","DNC","DNC","DNC"
"Cos Cob School","Public","300 East Putnam Ave.","Greenwich","06807","Western CT","100","100","98.4","100","98.4","100","98.4","0","0","0"
"Glenville School","Public","33 Riversville Rd.","Greenwich","06831","Western CT","98.9","98.9","97.8","98.9","97.8","98.9","96.6","0","1.1","1.1"
"Greenwich Academy","Public","200 North Maple Avenue","Greenwich","06830","Western CT","100","97.6","100","100","100","100","97.6","0","0","0"
"Greenwich Catholic","Non-public","471 North Street","Greenwich","06830","Western CT","DS","DS","DS","DS","DS","DS","DS","DS","DS","DS"
"Greenwich Country Day","Non-public","401 Old Church Road","Greenwich","06830","Western CT","100","100","100","100","100","100","100","0","0","0"
"Hamilton Avenue School","Public","184 Hamilton Avenue","Greenwich","06830","Western CT","97.2","94.4","94.4","97.2","97.2","97.2","94.4","0","2.8","2.8"
"International School At Dundee","Public","55 Florence Rd.","Greenwich","06878","Western CT","100","100","100","100","98.3","100","98.3","0","0","0"
"Julian Curtiss School","Public","180 East Elm St.","Greenwich","06830","Western CT","100","100","100","100","100","100","100","0","0","0"
"New Lebanon School","Public","25 Mead Ave.","Greenwich","06830","Western CT","100","100","100","100","100","100","100","0","0","0"
"North Mianus School","Public","309 Palmer Hill Rd.","Greenwich","06878","Western CT","100","100","100","100","100","100","100","0","0","0"
"North Street School","Public","381 North St.","Greenwich","06830","Western CT","100","100","98.4","100","98.4","100","98.4","0","0","0"
"Old Greenwich School","Public","825 Sound Beach Ave.","Greenwich","06870","Western CT","100","100","100","100","100","100","100","0","0","0"
"Parkway School","Public","141 Lower Cross Rd.","Greenwich","06831","Western CT","100","100","100","100","100","100","100","0","0","0"
"Riverside School","Public","90 Hendrie Ave.","Greenwich","06878","Western CT","100","100","100","100","100","100","100","0","0","0"
"Sacred Heart Greenwich","Non-public","1177 King Street","Greenwich","06831","Western CT","DS","DS","DS","DS","DS","DS","DS","DS","DS","DS"
"Whitby School","Non-public","969 Lake Avenue","Greenwich","06831","Western CT","100","100","100","96.9","71.9","90.6","71.9","0","0","0"
"Griswold Elementary School","Public","303 Slater Ave.","Griswold","06351","Southeastern CT","100","99.1","100","100","99.1","99.1","99.1","0","0","0"
"Catherine Kolnaski Magnet School","Public","500 Poquonnock Rd.","Groton","06340","Southeastern CT","100","100","100","100","100","100","100","0","0","0"
"Charles Barnum Magnet School","Public","68 Briar Hill Rd.","Groton","06340","Southeastern CT","100","98.2","100","100","100","100","98.2","0","0","0"
"Grace Valley Academy","Non-public","20 Grove Ave","Groton","06340","Southeastern CT","DNC","DNC","DNC","DNC","DNC","DNC","DNC","DNC","DNC","DNC"
"Mystic River Magnet School","Public","160 Fishtown Rd","Groton","06355","Southeastern CT","100","100","100","100","100","100","100","0","0","0"
"Northeast Academy Arts Magnet School","Public","115 oslo st","Groton","06355","Southeastern CT","100","100","100","100","100","100","100","0","0","0"
"Sacred Heart School-Groton","Non-public","50 Sacred Heart Drive","Groton","06340","Southeastern CT","DS","DS","DS","DS","DS","DS","DS","DS","DS","DS"
"Thames River Magnet School","Public","250 Brandegee Avenue","Groton","06340","Southeastern CT","100","100","100","100","100","100","100","0","0","0"
"A. W. Cox School","Public","143 Three Mile Course","Guilford","06437","South Central","98","98","98","98","98","98","98","0","2","2"
"Calvin Leete School","Public","280 South Union St.","Guilford","06437","South Central","100","100","100","100","100","100","100","0","0","0"
"Guilford Lakes School","Public","40 Maupas Rd.","Guilford","06437","South Central","100","100","100","100","100","100","100","0","0","0"
"Melissa Jones School","Public","181 Ledge Hill Rd.","Guilford","06437","South Central","100","100","100","100","100","100","100","0","0","0"
"Burr District Elementary School","Public","792 Killingworth Road","Haddam","06441","Lower CT River Valley","100","100","100","100","100","98.7","98.7","0","0","0"
"Aces Wintergreen Interdistrict Magnet School","Public","670 wintergreen ave","Hamden","06514","South Central","100","100","100","100","100","100","100","0","0","0"
"Alice Peck Learning Center","Non-public","35 Hillfield Road","Hamden","06518","South Central","DS","DS","DS","DS","DS","DS","DS","DS","DS","DS"
"Bear Path School","Public","10 Kirk Rd.","Hamden","06514","South Central","100","100","100","100","100","100","100","0","0","0"
"Church Street School","Public","95 Church St.","Hamden","06514","South Central","100","100","100","100","100","100","100","0","0","0"
"Dunbar Hill School","Public","315 Lane St.","Hamden","06514","South Central","100","100","100","100","100","100","100","0","0","0"
"Hamden Hall School","Non-public","1108 Whitney Avenue","Hamden","06517","South Central","DS","DS","DS","DS","DS","DS","DS","DS","DS","DS"
"Helen Street School","Public","285 Helen St.","Hamden","06514","South Central","DS","DS","DS","DS","DS","DS","DS","DS","DS","DS"
"Laurel Oaks Adventist School","Non-public","14 West Shepard Avenue","Hamden","06514","South Central","DS","DS","DS","DS","DS","DS","DS","DS","DS","DS"
"Ridge Hill School","Public","120 Carew Rd.","Hamden","06517","South Central","100","97.4","100","100","97.4","100","97.4","0","0","0"
"Shepherd Glen School","Public","1 Skiff St. Ext.","Hamden","06514","South Central","100","100","100","100","92.5","95","92.5","0","0","0"
"Spring Glen School","Public","1908 Whitney Ave.","Hamden","06517","South Central","100","100","100","100","100","100","100","0","0","0"
"St. Rita School","Non-public","1601 Whitney Avenue","Hamden","06517","South Central","DS","DS","DS","DS","DS","DS","DS","DS","DS","DS"
"West Woods School","Non-public","350 West Todd St.","Hamden","06518","South Central","100","100","100","100","100","100","100","0","0","0"
"Hampton Elementary School","Public","380 Main St.","Hampton","06247","Northeast CT","DS","DS","DS","DS","DS","DS","DS","DS","DS","DS"
"Achievement First Hartford Academy","Public","305 Greenfield Street","Hartford","06112","Capitol","DNC","DNC","DNC","DNC","DNC","DNC","DNC","DNC","DNC","DNC"
"Betances Learning Lab Magnet School","Public","42 Charter Oak Avenue","Hartford","06106","Capitol","100","100","100","100","100","100","100","0","0","0"
"Breakthrough Magnet School, South","Public","290 Brookfield Street","Hartford","06106","Capitol","DS","DS","DS","DS","DS","DS","DS","DS","DS","DS"
"Burns Latino Studies Academy","Public","195 Putnam Street","Hartford","06106","Capitol","DS","DS","DS","DS","DS","DS","DS","DS","DS","DS"
"Capital Preparatory Magnet School","Public","1304 Main Street","Hartford","06103","Capitol","DNC","DNC","DNC","DNC","DNC","DNC","DNC","DNC","DNC","DNC"
"Community First School Inc.","Non-public","50 Love Lane","Hartford","06112","Capitol","DS","DS","DS","DS","DS","DS","DS","DS","DS","DS"
"Dwight-Bellizzi Dual Language Academy","Public","215 South Street","Hartford","06114","Capitol","100","100","100","100","100","100","100","0","0","0"
"Environmental Sciences Magnet at Hooker School","Public","440 Broadview Terrace","Hartford","06106","Capitol","100","100","100","100","100","100","100","0","0","0"
"Expeditionary Learning Academy at Moylan School","Public","101 Catherine Street","Hartford","06106","Capitol","97.7","97.7","100","100","100","100","97.7","0","0","0"
"Global Communications Academy","Public","85 Edwards Street","Hartford","06112","Capitol","DNC","DNC","DNC","DNC","DNC","DNC","DNC","DNC","DNC","DNC"
"High Road School of Hartford-Primary","Non-public","757 New Britain Ave","Hartford","06106","Capitol","DS","DS","DS","DS","DS","DS","DS","DS","DS","DS"
"Jumoke Academy","Public","999 Asylum Ave. Suite 200","Hartford","06105","Capitol","DNC","DNC","DNC","DNC","DNC","DNC","DNC","DNC","DNC","DNC"
"Kennelly School","Public","180 White Street","Hartford","06114","Capitol","100","100","100","100","100","100","100","0","0","0"
"Kinsella Magnet School of Performing Arts: PK-8 Campus","Public","65 Van Block Avenue","Hartford","06106","Capitol","100","100","100","97","100","100","97","0","0","0"
"M. D. Fox School","Public","470 Maple Avenue","Hartford","06114","Capitol","98.4","98.4","100","100","100","98.4","96.9","0","0","0"
"Maria C. Colon Sanchez Elementary School Sbhc","Public","176 Babcock Street","Hartford","06106","Capitol","DNC","DNC","DNC","DNC","DNC","DNC","DNC","DNC","DNC","DNC"
"Montessori Magnet at Batchelder School","Public","757 New Britain Avenue","Hartford","06106","Capitol","100","100","100","100","100","100","100","0","0","0"
"Montessori Magnet at Fisher School","Public","280 Plainfield Street","Hartford","06112","Capitol","100","100","100","100","100","100","100","0","0","0"
"Montessori Magnet School","Non-public","1460 Broad St.","Hartford","06106","Capitol","DNC","DNC","DNC","DNC","DNC","DNC","DNC","DNC","DNC","DNC"
"Naylor","Public","639 Franklin Avenue","Hartford","06114","Capitol","97.7","97.7","97.7","97.7","97.7","97.7","97.7","0","2.3","2.3"
"Northeastern Adventist Academy - Hartford Campus/Covenant Prepatory School","Non-public","474 Woodland Street","Hartford","06112","Capitol","DS","DS","DS","DS","DS","DS","DS","DS","DS","DS"
"Parkville Community School","Public","47 New Park Avenue","Hartford","06106","Capitol","97.4","100","100","97.4","97.4","97.4","97.4","0","0","0"
"Rawson School","Public","260 Holcomb Street","Hartford","06112","Capitol","DS","DS","DS","DS","DS","DS","DS","DS","DS","DS"
"SAND School","Public","1750 Main Street","Hartford","06120","Capitol","97.2","94.4","100","97.2","100","100","94.4","0","0","0"
"STEM magnet at Annie Fisher","Public","280 Plainfield St","Hartford","06112","Capitol","100","100","100","100","100","100","100","0","0","0"
"Trinity Academy Hartford","Non-public","10 Woodland Street","Hartford","06105","Capitol","DS","DS","DS","DS","DS","DS","DS","DS","DS","DS"
"Webster Micro Society Magnet School","Public","5 Cone Street","Hartford","06105","Capitol","98.6","98.6","100","95.7","100","95.7","95.7","0","0","0"
"West Middle School","Public","44 Niles Street","Hartford","06112","Capitol","94.4","94.4","97.2","97.2","94.4","94.4","91.7","0","0","0"
"Wish Museum School","Public","104 Vine Street","Hartford","06112","Capitol","DS","DS","DS","DS","DS","DS","DS","DS","DS","DS"
"Hartland School","Public","30 South Rd.","Hartland","06027","Northwest Hills","DS","DS","DS","DS","DS","DS","DS","DS","DS","DS"
"Gilead Hill School","Public","580 Gilead St.","Hebron","06248","Capitol","100","100","100","100","100","100","100","0","0","0"
"Kent Center School","Public","9 Judd Street","Kent","06757","Northwest Hills","DS","DS","DS","DS","DS","DS","DS","DS","DS","DS"
"High Road School Hartford Primary at Windham County","Non-public","95 Westcott Road","Killingly","06239","Northeast CT","DNC","DNC","DNC","DNC","DNC","DNC","DNC","DNC","DNC","DNC"
"Killingly Central School","Public","60 Soap St.","Killingly","06241","Northeast CT","100","100","99.3","99.3","100","100","98.5","0","0","0"
"St. James School-Danielson","Non-public","120 Water Street","Killingly","06239","Northeast CT","DS","DS","DS","DS","DS","DS","DS","DS","DS","DS"
"Killingworth Elementary School","Public","340 Route 81","Killingworth","06419","Lower CT River Valley","98","98","98","98","98","98","98","0","2","2"
"Lebanon Elementary School","Public","479 Exeter Rd.","Lebanon","06249","Southeastern CT","98.1","100","98.1","98.1","98.1","98.1","98.1","0","0","0"
"Gales Ferry School","Public","1858 Route 12","Ledyard","06335","Southeastern CT","98.5","98.5","98.5","98.5","98.5","98.5","98.5","0","0","0"
"Gallup Hill School","Public","169 Gallup Hill Rd.","Ledyard","06339","Southeastern CT","98.7","98.7","97.4","94.7","97.4","98.7","94.7","0","1.3","1.3"
"Lisbon Central School","Public","15 Newent Rd.","Lisbon","06351","Southeastern CT","100","100","100","100","100","100","100","0","0","0"
"Litchfield Center School","Public","125 West Street","Litchfield","06759","Northwest Hills","100","100","100","100","100","100","100","0","0","0"
"Litchfield Montessori School","Non-public","5  Knife Shop Road","Litchfield","06778","Northwest Hills","DS","DS","DS","DS","DS","DS","DS","DS","DS","DS"
"Lyme Consolidated School","Public","478 Hamburg Road","Lyme","06371","Lower CT River Valley","DS","DS","DS","DS","DS","DS","DS","DS","DS","DS"
"Dr. Robert H. Brown Elementary School","Public","980 Durham Rd.","Madison","06443","South Central","100","100","100","100","100","100","100","0","0","0"
"Neck River Elementary School","Public","180 Mungertown Road","Madison","06443","South Central","100","99.2","100","100","100","100","99.2","0","0","0"
"Our Lady of Mercy Preparatory Academy","Non-public","20 Island Avenue","Madison","06443","South Central","DS","DS","DS","DS","DS","DS","DS","DS","DS","DS"
"The Country School","Non-public","341 Opening Hill Road","Madison","06443","South Central","DS","DS","DS","DS","DS","DS","DS","DS","DS","DS"
"Bowers School","Public","141 Princeton Street","Manchester","06042","Capitol","80.6","79","85.5","91.9","85.5","90.3","77.4","0","0","0"
"Buckley School","Public","250 Vernon Street","Manchester","06042","Capitol","95","95","98.3","100","98.3","98.3","95","0","0","0"
"Highland Park School","Public","397 Porter St.","Manchester","06040","Capitol","100","100","100","100","100","100","100","0","0","0"
"Keeney School","Public","179 Keeney St","Manchester","06042","Capitol","100","97.6","100","97.6","100","100","95.1","0","0","0"
"Odyssey Community School","Public","579 Middle Tpke West","Manchester","06040","Capitol","100","100","100","100","100","100","100","0","0","0"
"St. Bridget School-Manchester","Non-public","74 Main Street","Manchester","06042","Capitol","DS","DS","DS","DS","DS","DS","DS","DS","DS","DS"
"St. James-Manchester","Non-public","73 Park Street","Manchester","06040","Capitol","100","100","97.5","100","97.5","100","97.5","0","0","0"
"The Cornerstone Christian School","Non-public","236 Main Street","Manchester","06042","Capitol","DS","DS","DS","DS","DS","DS","DS","DS","DS","DS"
"Verplanck School","Public","126 Olcott Street","Manchester","06040","Capitol","90","90","91.1","91.1","87.8","92.2","87.8","0","1.1","1.1"
"Waddell School","Public","163 Broad Street","Manchester","06042","Capitol","98.9","96.6","96.6","100","95.4","97.7","92","0","0","0"
"Mansfield Elementary School","Public","134 Warrenville Rd.","Mansfield","06250","Capitol","98.9","97.7","96.6","100","96.6","100","95.4","0","0","0"
"Oak Grove Montessori","Non-public","132 Pleasant Valley Road","Mansfield","06250","Capitol","DS","DS","DS","DS","DS","DS","DS","DS","DS","DS"
"Elmer Thienes-Mary Hall Elementary School","Public","25 School Dr.","Marlborough","06447","Capitol","98.1","98.1","98.1","98.1","98.1","98.1","98.1","0","0","0"
"Benjamin Franklin School","Public","426 West Main St.","Meriden","06450","South Central","100","100","100","100","100","100","100","0","0","0"
"Casimir Pulaski School","Public","100 Clearview Ave.","Meriden","06450","South Central","100","100","100","100","100","100","100","0","0","0"
"Hanover School","Public","208 Main St.","Meriden","06450","South Central","100","100","100","100","100","100","100","0","0","0"
"Israel Putnam School","Public","133 Parker Ave.","Meriden","06450","South Central","100","100","100","100","100","100","100","0","0","0"
"John Barry School","Public","124 Columbia St.","Meriden","06450","South Central","100","100","100","100","100","100","100","0","0","0"
"Meliora Academy","Non-public","470 Murdock Avenue Suite 1","Meriden","06450","South Central","DNC","DNC","DNC","DNC","DNC","DNC","DNC","DNC","DNC","DNC"
"MidState Christian Academy","Non-public","139 Charles Street","Meriden","06450","South Central","DS","DS","DS","DS","DS","DS","DS","DS","DS","DS"
"Nathan Hale School","Public","277 Atkins St. Ext.","Meriden","06450","South Central","100","100","100","100","100","100","100","0","0","0"
"Roger Sherman School","Public","64 North Pearl St.","Meriden","06450","South Central","100","100","100","100","100","100","100","0","0","0"
"Thomas Hooker School","Public","70 Overlook Rd.","Meriden","06450","South Central","100","98.7","100","100","98.7","97.4","96.2","0","0","0"
"Long Meadow Elementary School","Public","65 North Benson Rd.","Middlebury","06762","Naugatuck Valley","100","100","100","100","100","100","100","0","0","0"
"Middlebury Elementary School","Public","550 Whittemore Rd","Middlebury","06762","Naugatuck Valley","97.8","97.8","97.8","97.8","97.8","97.8","97.8","0","2.2","2.2"
"The Independent Day School","Non-public","115 Laurel Brook Road","Middlefield","06455","Lower CT River Valley","DS","DS","DS","DS","DS","DS","DS","DS","DS","DS"
"Bielefield School","Public","70 Maynard St.","Middletown","06457","Lower CT River Valley","100","100","100","100","100","100","100","0","0","0"
"Farm Hill School","Public","390 Ridge Rd.","Middletown","06457","Lower CT River Valley","98.7","98.7","98.7","98.7","98.7","98.7","98.7","0","0","0"
"Lawrence School","Public","Kaplan Dr.","Middletown","06457","Lower CT River Valley","95","95","95","96.7","91.7","95","91.7","0","0","0"
"MacDonough School","Public","99 Spruce Street","Middletown","06457","Lower CT River Valley","DS","DS","DS","DS","DS","DS","DS","DS","DS","DS"
"Moody School","Public","300 Country Club Rd.","Middletown","06457","Lower CT River Valley","100","100","100","100","100","100","100","0","0","0"
"Queen of the Apostles Preparatory Academy","Non-public","151 Broad ST","Middletown","06457","Lower CT River Valley","DNC","DNC","DNC","DNC","DNC","DNC","DNC","DNC","DNC","DNC"
"Snow School","Public","299 Wadsworth St.","Middletown","06457","Lower CT River Valley","98","94.1","98","98","98","96.1","94.1","0","2","2"
"Spencer School","Public","207 Westfield St.","Middletown","06457","Lower CT River Valley","100","100","100","100","100","100","100","0","0","0"
"St. John Paul II","Non-public","87 South Main Street","Middletown","06457","Lower CT River Valley","DS","DS","DS","DS","DS","DS","DS","DS","DS","DS"
"Wesley School","Public","10 Wesleyan Hills Rd.","Middletown","06457","Lower CT River Valley","97.1","100","100","100","100","100","97.1","0","0","0"
"Calf Pen Meadow School","Public","395 Welch's Point Rd.","Milford","06460","South Central","100","100","100","100","100","100","100","0","0","0"
"J. F. Kennedy School","Public","404 West Ave.","Milford","06460","South Central","100","97.6","100","97.6","100","95.1","95.1","0","0","0"
"Live Oaks School","Public","575 Merwin Ave.","Milford","06460","South Central","100","100","100","100","100","100","100","0","0","0"
"Mathewson School","Public","466 West River St.","Milford","06460","South Central","100","100","100","100","100","100","100","0","0","0"
"Meadowside School","Public","80 Seeman's Ln.","Milford","06460","South Central","100","100","100","100","100","100","100","0","0","0"
"Milestones Behavioral Services-Milford","Public","95 Wolf Harbor Rd","Milford","06461","South Central","DS","DS","DS","DS","DS","DS","DS","DS","DS","DS"
"Milford Christian Academy","Non-public","989 New Haven Avenue","Milford","06460","South Central","DNC","DNC","DNC","DNC","DNC","DNC","DNC","DNC","DNC","DNC"
"Orange Avenue School","Public","260 Orange Ave.","Milford","06460","South Central","100","100","100","100","100","100","100","0","0","0"
"Orchard Hills School","Public","185 Marino Dr.","Milford","06460","South Central","100","100","100","100","100","100","100","0","0","0"
"Pumpkin Delight School","Public","24 Art St.","Milford","06460","South Central","DS","DS","DS","DS","DS","DS","DS","DS","DS","DS"
"St. Mary School-Milford","Non-public","72 Gulf Street","Milford","06460","South Central","97.5","97.5","97.5","97.5","97.5","97.5","97.5","0","2.5","2.5"
"Fawn Hollow Elementary School","Public","375 Fan Hill Rd.","Monroe","06468","Greater Bridgeport","98.9","98.9","97.8","98.9","97.8","98.9","97.8","0","1.1","1.1"
"Monroe Elementary School","Public","375 Monroe Tpke.","Monroe","06468","Greater Bridgeport","100","100","100","100","100","100","100","0","0","0"
"Stepney Elementary School","Public","180 Old Newtown Rd.","Monroe","06468","Greater Bridgeport","98.4","100","98.4","98.4","98.4","96.9","93.8","0","0","0"
"Bradley School-New London Regional","Non-public","26 Maple Avenue","Montville","06382","Southeastern CT","DNC","DNC","DNC","DNC","DNC","DNC","DNC","DNC","DNC","DNC"
"Dr. Charles E. Murphy School","Public","500 Chesterfield Rd.","Montville","06370","Southeastern CT","97.7","100","100","100","100","97.7","95.3","0","0","0"
"Mohegan School","Public","49 Golden Rd.","Montville","06382","Southeastern CT","100","100","100","100","100","100","100","0","0","0"
"Oakdale School","Public","30 Indiana Circle","Montville","06370","Southeastern CT","100","100","100","100","100","100","100","0","0","0"
"James Morris School","Public","10 East Street","Morris","06763","Northwest Hills","DS","DS","DS","DS","DS","DS","DS","DS","DS","DS"
"Andrew Avenue School","Public","140 Andrew Ave.","Naugatuck","06770","Naugatuck Valley","100","100","100","100","100","97.7","97.7","0","0","0"
"Hop Brook Elementary School","Public","75 Crown Street","Naugatuck","06770","Naugatuck Valley","98.4","100","100","100","100","98.4","98.4","0","0","0"
"Maple Hill School","Public","641 Maple Hill Rd.","Naugatuck","06770","Naugatuck Valley","100","100","99","100","98","98","98","0","0","0"
"Western School","Public","100 Pine St.","Naugatuck","06770","Naugatuck Valley","98.4","98.4","98.4","98.4","98.4","98.4","98.4","0","1.6","1.6"
"Chamberlain Elementary School","Public","221 Farmington Ave.","New Britain","06053","Capitol","100","100","100","100","100","98.4","98.4","0","0","0"
"DiLoreto Elementary & Middle School","Public","732 Slater Rd.","New Britain","06053","Capitol","100","100","98.9","100","100","97.7","97.7","0","0","0"
"Gaffney Elementary School","Public","322 Slater Rd.","New Britain","06053","Capitol","100","100","100","100","100","97.9","97.9","0","0","0"
"Holmes Elementary School","Public","2150 Stanley St.","New Britain","06053","Capitol","100","100","100","100","100","100","100","0","0","0"
"Hospital for Special Care","Non-public","2150 Corbin Avenue","New Britain","06053","Capitol","DNC","DNC","DNC","DNC","DNC","DNC","DNC","DNC","DNC","DNC"
"Jefferson Elementary School","Public","140 Horse Plain Rd.","New Britain","06053","Capitol","97.9","100","100","100","100","100","97.9","0","0","0"
"Lincoln Elementary School","Public","145 Steele St.","New Britain","06052","Capitol","92.6","92.6","92.6","100","92.6","95.1","92.6","0","0","0"
"Northend Elementary School","Public","160 Bassett St.","New Britain","06051","Capitol","DS","DS","DS","DS","DS","DS","DS","DS","DS","DS"
"Queen of the Apostles Preparatory Academy, Inc.","Non-public","30 Pendleton Rd","New Britain","06053","Capitol","DNC","DNC","DNC","DNC","DNC","DNC","DNC","DNC","DNC","DNC"
"Smalley Elementary School","Public","175 West St.","New Britain","06051","Capitol","97.8","97.8","98.9","100","95.7","98.9","95.7","0","0","0"
"Smith Elementary School","Public","142 Rutherford St.","New Britain","06051","Capitol","100","100","100","100","100","100","100","0","0","0"
"Solterra Academy","Non-public","300 John Downey Drive","New Britain","06051","Capitol","DNC","DNC","DNC","DNC","DNC","DNC","DNC","DNC","DNC","DNC"
"Vance Elementary School","Public","183 Vance St.","New Britain","06052","Capitol","98.2","100","100","98.2","98.2","100","98.2","0","0","0"
"East School","Public","54 Little Brook Rd.","New Canaan","06840","Western CT","100","100","100","100","100","99.1","99.1","0","0","0"
"New Canaan Country School","Non-public","635 Frogtown Road","New Canaan","06840","Western CT","100","100","100","100","100","100","100","0","0","0"
"South School","Public","8 Farm Rd.","New Canaan","06840","Western CT","100","100","99","100","100","100","99","0","0","0"
"West School","Public","769 Ponus Ridge","New Canaan","06840","Western CT","98.7","98.7","98.7","97.4","98.7","98.7","97.4","0","1.3","1.3"
"New Fairfield Elementary School","Public","24 Gillotti Rd.","New Fairfield","06812","Western CT","92.7","94.4","97.6","98.4","97.6","97.6","91.9","0","0","0"
"Bakerville Consolidated School","Public","51 Cedar Ln.","New Hartford","06057","Northwest Hills","DS","DS","DS","DS","DS","DS","DS","DS","DS","DS"
"New Hartford Elementary School","Public","40 Wickett St.","New Hartford","06057","Northwest Hills","DS","DS","DS","DS","DS","DS","DS","DS","DS","DS"
"All Nations Christian Academy","Non-public","358 Lenox Street","New Haven","06513","South Central","DS","DS","DS","DS","DS","DS","DS","DS","DS","DS"
"All Saints Catholics Academy","Non-public","423 Ferry Street","New Haven","06513","South Central","DS","DS","DS","DS","DS","DS","DS","DS","DS","DS"
"Amistad Academy","Public","130 Edgewood Avenue","New Haven","06511","South Central","100","100","100","100","100","100","100","0","0","0"
"Augusta Lewis Troup School","Public","259 Edgewood Ave.","New Haven","06511","South Central","DS","DS","DS","DS","DS","DS","DS","DS","DS","DS"
"Barack H. Obama Magnet University School","Public","69 Farnham Ave","New Haven","06515","South Central","100","100","100","100","100","100","100","0","0","0"
"Barnard Environmental Magnet School","Public","170 Derby Ave.","New Haven","06511","South Central","97.5","97.5","97.5","97.5","97.5","97.5","97.5","0","0","0"
"Beecher School","Public","100 Jewel Street","New Haven","06511","South Central","100","97.6","100","100","100","100","97.6","0","0","0"
"Benjamin Jepson Magnet School","Public","15 Lexington Ave.","New Haven","06513","South Central","100","100","100","100","100","100","100","0","0","0"
"Bishop Woods Architecture and Design Magnet School","Public","1481 Quinnipiac Avenue","New Haven","06513","South Central","100","100","100","100","100","100","100","0","0","0"
"Booker T. Washington Academy","Public","804 State Street","New Haven","06511","South Central","100","100","100","100","100","100","100","0","0","0"
"Celentano BioTech, Health and Medical Magnet School","Public","400 Canner Street","New Haven","06511","South Central","100","100","100","100","100","100","100","0","0","0"
"Clinton Avenue School","Public","293 Clinton Ave.","New Haven","06513","South Central","97.2","97.2","97.2","97.2","97.2","94.4","94.4","0","2.8","2.8"
"Cold Spring School","Non-public","263 Chapel Street","New Haven","06513","South Central","DS","DS","DS","DS","DS","DS","DS","DS","DS","DS"
"Conte/West Hills Magnet School","Public","511 Chapel St.","New Haven","06511","South Central","100","100","100","100","100","100","100","0","0","0"
"Davis Academy for Arts & Design Innovation","Public","35 Davis St.","New Haven","06515","South Central","100","100","100","100","100","100","100","0","0","0"
"Dr. Reginald Mayo","Non-public","185 Goffe St","New Haven","06511","South Central","DS","DS","DS","DS","DS","DS","DS","DS","DS","DS"
"East Rock Community Magnet School","Public","133 Nash St.","New Haven","06511","South Central","100","100","100","100","100","100","100","0","0","0"
"Edgewood School","Public","737 Edgewood Ave.","New Haven","06515","South Central","DS","DS","DS","DS","DS","DS","DS","DS","DS","DS"
"Elm City College Preparatory School k-8","Public","407 James Street","New Haven","06513","South Central","100","96.8","100","100","100","100","96.8","0","0","0"
"Elm City Montessori School","Public","495 Blake Street","New Haven","06515","South Central","97.2","97.2","97.2","97.2","97.2","97.2","97.2","0","0","0"
"Fair Haven School","Public","164 Grand Ave.","New Haven","06513","South Central","100","100","100","100","100","100","100","0","0","0"
"Family Academy of Multilingual Exploration","Public","255 Blatchley Ave.","New Haven","06513","South Central","100","100","100","100","100","100","100","0","0","0"
"Highville Charter School","Public","1 Science Park","New Haven","06511","South Central","97.6","97.6","97.6","97.6","97.6","97.6","97.6","0","0","0"
"Hill Central Music Academy","Public","140 Dewitt St.","New Haven","06519","South Central","DS","DS","DS","DS","DS","DS","DS","DS","DS","DS"
"John C. Daniels","Public","569 Congress Ave.","New Haven","06519","South Central","DNC","DNC","DNC","DNC","DNC","DNC","DNC","DNC","DNC","DNC"
"John S. Martinez Sea and Sky STEM School","Public","100 James St.","New Haven","06513","South Central","100","100","100","100","100","100","100","0","0","0"
"King/Robinson Magnet School","Public","150 Fournier St.","New Haven","06511","South Central","DNC","DNC","DNC","DNC","DNC","DNC","DNC","DNC","DNC","DNC"
"Leila Day","Non-public","100 Cold Spring St","New Haven","06511","South Central","DNC","DNC","DNC","DNC","DNC","DNC","DNC","DNC","DNC","DNC"
"Mauro-Sheridan Magnet School","Public","191 Fountain St.","New Haven","06515","South Central","100","97.7","95.5","100","100","100","93.2","0","0","0"
"Nathan Hale School","Public","480 Townsend Ave.","New Haven","06512","South Central","100","100","100","100","100","100","100","0","0","0"
"Roberto Clemente Leadership Academy for Global Awareness","Public","360 Columbus Avenue","New Haven","06519","South Central","100","100","100","100","100","100","100","0","0","0"
"Ross/Woodward School","Public","185 Barnes Ave.","New Haven","06513","South Central","97.3","97.3","100","100","100","100","97.3","0","0","0"
"St. Thomas Day School","Non-public","830 Whitney Avenue","New Haven","06511","South Central","DS","DS","DS","DS","DS","DS","DS","DS","DS","DS"
"The Cheder","Non-public","342 Ellsworth Ave","New Haven","06511","South Central","DNC","DNC","DNC","DNC","DNC","DNC","DNC","DNC","DNC","DNC"
"The Foote School","Non-public","50 Loomis Place","New Haven","06511","South Central","100","100","100","100","100","100","100","0","0","0"
"Truman School","Public","114 Truman St.","New Haven","06519","South Central","100","100","100","100","100","100","100","0","0","0"
"Wexler/Grant - Lincoln/Bassett Community School","Public","130 Bassett St.","New Haven","06511","South Central","DNC","DNC","DNC","DNC","DNC","DNC","DNC","DNC","DNC","DNC"
"C.B. Jennings International Elementary Magnet","Public","50 Mercer Street","New London","06320","Southeastern CT","96","94","98","96","96","94","94","0","0","0"
"Nathan Hale Arts Magnet School","Public","37 Beech Drive","New London","06320","Southeastern CT","100","100","100","100","100","100","100","0","0","0"
"St. Joseph-New London","Non-public","25 Squire Street","New London","06320","Southeastern CT","DS","DS","DS","DS","DS","DS","DS","DS","DS","DS"
"Winthrop STEM Elementary Magnet School","Public","74 Grove Street","New London","06320","Southeastern CT","94.1","94.1","94.1","94.1","94.1","94.1","94.1","1.5","1.5","2.9"
"Faith Preparatory School","Non-public","600 Danbury Rd.,Suite 2","New Milford","06776","Western CT","DS","DS","DS","DS","DS","DS","DS","DS","DS","DS"
"Hill And Plain School","Public","60 Old Town Park Rd.","New Milford","06776","Western CT","98.8","98.8","98.8","98.8","98.8","98.8","98.8","0","1.2","1.2"
"Northville Elementary School","Public","22 Hipp Rd.","New Milford","06776","Western CT","99","99","99","99","99","99","99","0","1","1"
"Anna Reynolds School","Public","85 Reservoir Road","Newington","06111","Capitol","98.7","98.7","98.7","98.7","98.7","98.7","98.7","0","1.3","1.3"
"Elizabeth Green School","Public","30 Thomas Street","Newington","06111","Capitol","100","100","100","100","100","100","100","0","0","0"
"Emmanuel Christian Academy","Non-public","569 Maple Hill Avenue","Newington","06111","Capitol","75","75","77.3","86.4","75","77.3","61.4","2.3","4.5","6.8"
"John Paterson School","Public","120 Church Street","Newington","06111","Capitol","98.4","98.4","100","98.4","98.4","95.1","95.1","0","0","0"
"Ruth Chaffee School","Public","160 Superior Avenue","Newington","06111","Capitol","98.3","98.3","98.3","98.3","98.3","98.3","98.3","0","1.7","1.7"
"Fraser Woods Montessori School","Non-public","173 South Main Street","Newtown","06470","Western CT","DS","DS","DS","DS","DS","DS","DS","DS","DS","DS"
"Hawley Elementary School","Public","29 Church Hill Rd.","Newtown","06470","Western CT","98.5","98.5","98.5","98.5","98.5","98.5","98.5","0","1.5","1.5"
"Head O'Meadow Elementary School","Public","94 Boggs Hill Rd.","Newtown","06470","Western CT","94.5","94.5","94.5","94.5","94.5","94.5","94.5","0","5.5","5.5"
"Housatonic Valley Waldorf School","Non-public","40 Dodgingtown Road","Newtown","06470","Western CT","DS","DS","DS","DS","DS","DS","DS","DS","DS","DS"
"Middle Gate Elementary School","Public","7 Cold Spring Rd.","Newtown","06470","Western CT","98.7","98.7","98.7","98.7","98.7","98.7","98.7","0","1.3","1.3"
"Sandy Hook Elementary School","Public","12 Dickinson Drive","Newtown","06482","Western CT","100","100","97.3","100","98.7","100","97.3","0","0","0"
"St. Rose of Lima","Non-public","40 Church Hill Road","Newtown","06470","Western CT","DS","DS","DS","DS","DS","DS","DS","DS","DS","DS"
"Botelle Elementary School","Public","128 Greenwoods Rd. East","Norfolk","06058","Northwest Hills","DS","DS","DS","DS","DS","DS","DS","DS","DS","DS"
"Jerome Harrison School","Public","335 Foxon Rd.","North Branford","06471","South Central","99.1","98.1","96.3","100","97.2","97.2","92.5","0","0","0"
"North Canaan Elementary School","Public","90 Pease Street, P.O. Box 758","North Canaan","06018","Northwest Hills","DS","DS","DS","DS","DS","DS","DS","DS","DS","DS"
"ACES Mill Road School","Non-public","295 Mill Road","North Haven","06473","South Central","DS","DS","DS","DS","DS","DS","DS","DS","DS","DS"
"Clintonville Elementary School","Public","456 Clintonville Rd.","North Haven","06473","South Central","100","100","100","100","100","100","100","0","0","0"
"Green Acres Elementary School","Public","146 Upper State St.","North Haven","06473","South Central","94.7","94.7","97.4","94.7","94.7","94.7","94.7","0","2.6","2.6"
"Montowese Elementary School","Public","145 Fitch St.","North Haven","06473","South Central","100","100","100","100","100","100","100","0","0","0"
"Ridge Road Elementary School","Public","1341 Ridge Rd.","North Haven","06473","South Central","100","98.6","98.6","100","95.7","95.7","95.7","0","0","0"
"Village School","Non-public","31 Temple St.","North Haven","06473","South Central","DS","DS","DS","DS","DS","DS","DS","DS","DS","DS"
"Cornerstone Baptist Academy","Non-public","5 Rocky Hollow Road","North Stonington","06359","Southeastern CT","DS","DS","DS","DS","DS","DS","DS","DS","DS","DS"
"North Stonington Christian Academy","Non-public","12 Stillman Road","North Stonington","06359","Southeastern CT","DS","DS","DS","DS","DS","DS","DS","DS","DS","DS"
"North Stonington Elementary School","Public","311 Norwich/Westerly Rd.","North Stonington","06359","Southeastern CT","100","100","100","100","100","100","100","0","0","0"
"All Saints Catholic School","Non-public","139 West Rocks Road","Norwalk","06851","Western CT","88.9","88.9","91.1","95.6","91.1","95.6","88.9","0","4.4","4.4"
"Brookside Elementary School","Public","382 Highland Avenue","Norwalk","06854","Western CT","98.2","98.2","98.2","98.2","98.2","98.2","98.2","0","0","0"
"Concord Magnet School","Public","21 Hunters Lane","Norwalk","06850","Western CT","100","100","100","100","100","100","100","0","0","0"
"Cranbury Elementary School","Public","10 Knowalot Lane","Norwalk","06851","Western CT","100","100","100","100","100","100","100","0","0","0"
"Fox Run Elementary School","Public","228 Fillow Street","Norwalk","06850","Western CT","100","100","100","100","100","100","100","0","0","0"
"JEFFERSON MARINE SCIENCE ELEMETARY","Public","75 Van Buren Ave","Norwalk","06850","Western CT","100","100","100","100","100","100","100","0","0","0"
"Kendall College & Career Academy","Public","57 Fillow Street","Norwalk","06850","Western CT","100","97.4","100","100","100","100","97.4","0","0","0"
"Marvin Elementary School","Public","15 Calf Pasture Beach Road","Norwalk","06855","Western CT","100","100","100","98","96","96","94","0","0","0"
"Naramake Elementary School","Public","16 King Street","Norwalk","06851","Western CT","100","100","100","100","100","100","100","0","0","0"
"REGINA PACIS ACADEMY","Non-public","8 Leonard St","Norwalk","06850","Western CT","DS","DS","DS","DS","DS","DS","DS","DS","DS","DS"
"Rowayton School","Public","1 Roton Avenue","Norwalk","06853","Western CT","98.4","98.4","98.4","100","96.8","96.8","95.2","0","0","0"
"Side By Side Charter School","Public","10 Chestnut St.","Norwalk","06854","Western CT","DS","DS","DS","DS","DS","DS","DS","DS","DS","DS"
"Silvermine Dual Language Magnet School","Public","157 Perry Avenue","Norwalk","06850","Western CT","100","100","100","100","100","100","100","0","0","0"
"South Norwalk Elementary School","Public","46 Concord Street","Norwalk","06854","Western CT","100","100","98.4","100","98.4","98.4","96.8","0","0","0"
"Tracey Magnet School","Public","20 Camp Street","Norwalk","06851","Western CT","100","100","100","100","100","100","100","0","0","0"
"Wolfpit Integrated Arts Elementary School","Public","1 Starlight  Drive","Norwalk","06851","Western CT","100","98.6","100","98.6","100","100","98.6","0","0","0"
"Integrated Day Charter School","Public","68 Thermos Ave.","Norwich","06360","Southeastern CT","90.9","90.9","90.9","100","90.9","100","90.9","0","0","0"
"John B. Stanton School","Public","386 New London Tpke.","Norwich","06360","Southeastern CT","100","100","100","100","100","100","100","0","0","0"
"Montessori Discovery School","Public","218 Dudley Street","Norwich","06360","Southeastern CT","DS","DS","DS","DS","DS","DS","DS","DS","DS","DS"
"Moriarty Magnet School","Public","20 Lawlor Ln.","Norwich","06360","Southeastern CT","98.3","98.3","100","98.3","98.3","100","98.3","0","0","0"
"Natchaug Hospital Green Valley School","Non-public","40 Connecticut Ave.","Norwich","06360","Southeastern CT","DS","DS","DS","DS","DS","DS","DS","DS","DS","DS"
"Sacred Heart School-Taftville","Non-public","15 Hunters Avenue","Norwich","06380","Southeastern CT","DS","DS","DS","DS","DS","DS","DS","DS","DS","DS"
"Samuel Huntington School","Public","80 West Town St.","Norwich","06360","Southeastern CT","100","100","100","100","100","97.8","97.8","0","0","0"
"St. Patrick Cathedral School","Non-public","211 Broadway","Norwich","06360","Southeastern CT","DS","DS","DS","DS","DS","DS","DS","DS","DS","DS"
"Thomas W. Mahan School","Public","94 Salem Tpke.","Norwich","06360","Southeastern CT","97.1","100","100","100","100","100","97.1","0","0","0"
"Uncas Elementary School","Public","280 Elizabeth St.","Norwich","06360","Southeastern CT","100","100","100","100","100","97.6","97.6","0","0","0"
"Veterans' Memorial School","Public","80 Crouch Ave.","Norwich","06360","Southeastern CT","100","97.5","97.5","97.5","97.5","100","95","0","0","0"
"Wequonnoc Magnet School","Public","155 Providence St.","Norwich","06380","Southeastern CT","DS","DS","DS","DS","DS","DS","DS","DS","DS","DS"
"Wildwood Christian","Non-public","35 Wawecus Hill Road","Norwich","06360","Southeastern CT","DS","DS","DS","DS","DS","DS","DS","DS","DS","DS"
"Mile Creek School","Public","205 Mile Creek Rd.","Old Lyme","06371","Lower CT River Valley","100","100","100","100","100","100","100","0","0","0"
"Kathleen E. Goodwin School","Public","80 Old Boston Post Rd.","Old Saybrook","06475","Lower CT River Valley","98.3","98.3","98.3","98.3","98.3","98.3","98.3","0","1.7","1.7"
"St. John Catholic School","Non-public","42 Maynard Road","Old Saybrook","06475","Lower CT River Valley","DS","DS","DS","DS","DS","DS","DS","DS","DS","DS"
"The Children's Tree Montessori School Inc.","Non-public","96 Essex Road","Old Saybrook","06475","Lower CT River Valley","DS","DS","DS","DS","DS","DS","DS","DS","DS","DS"
"Mary L. Tracy School","Public","650 School House Lane","Orange","06477","South Central","97","97","96.3","97","96.3","96.3","96.3","0","2.4","2.4"
"Southern Connecticut Hebrew Academy","Public","261 Derby Avenue","Orange","06477","South Central","DS","DS","DS","DS","DS","DS","DS","DS","DS","DS"
"The Foundation School-Orange","Non-public","719 Derby Milford Road","Orange","06477","South Central","DNC","DNC","DNC","DNC","DNC","DNC","DNC","DNC","DNC","DNC"
"Quaker Farms School","Public","30 Great Oak Rd.","Oxford","06478","Naugatuck Valley","94.1","95","96.6","95.8","95","96.6","92.4","0","0.8","0.8"
"Moosup Elementary School","Public","35 Church St.","Plainfield","06354","Northeast CT","97.9","97.9","97.9","100","97.9","100","97.9","0","0","0"
"Shepard Hill Elementary School","Public","234 Shepard Hill Rd.","Plainfield","06374","Northeast CT","96.4","96.4","96.4","96.4","96.4","96.4","96.4","0","1.8","1.8"
"Frank T. Wheeler School","Public","15 Cleverland Memorial Dr.","Plainville","06062","Capitol","100","100","100","100","97","97","93.9","0","0","0"
"Linden Street School","Public","69 Linden St.","Plainville","06062","Capitol","100","100","100","100","100","100","100","0","0","0"
"Louis Toffolon School","Public","145 NorthWest Dr.","Plainville","06062","Capitol","100","100","100","100","100","100","100","0","0","0"
"Plymouth Center School","Public","107 North Street","Plymouth","06782","Naugatuck Valley","98.8","98.8","98.8","98.8","98.8","98.8","98.8","0","1.2","1.2"
"Pomfret Community School","Public","20 Pomfret St.","Pomfret","06259","Northeast CT","DS","DS","DS","DS","DS","DS","DS","DS","DS","DS"
"Rectory School","Non-public","528 Pomfret Street","Pomfret","06258","Northeast CT","DS","DS","DS","DS","DS","DS","DS","DS","DS","DS"
"Valley View School","Public","81 High St.","Portland","06480","Lower CT River Valley","98.9","98.9","100","100","100","100","98.9","0","0","0"
"Preston Veterans' Memorial School","Public","325 Shetucket Tpke.","Preston","06365","Southeastern CT","DS","DS","DS","DS","DS","DS","DS","DS","DS","DS"
"Prospect Elementary School","Public","75 New Haven Road","Prospect","06712","Naugatuck Valley","98.8","98.8","98.8","98.8","98.8","97.5","97.5","0","1.3","1.3"
"Putnam Elementary School","Public","33 Wicker St.","Putnam","06260","Northeast CT","96","94.7","97.3","98.7","96","98.7","93.3","0","0","0"
"Redding Elementary School","Public","33 Lonetown Rd.","Redding","06896","Western CT","98.8","98.8","98.8","98.8","98.8","97.6","97.6","0","1.2","1.2"
"Barlow Mountain Elementary School","Public","115 Barlow Mountain Rd.","Ridgefield","06877","Western CT","93.6","93.6","93.6","93.6","93.6","93.6","93.6","0","6.4","6.4"
"Branchville Elementary School","Public","40 Florida Rd.","Ridgefield","06877","Western CT","95.9","95.9","95.9","95.9","95.9","93.9","93.9","0","2","2"
"Farmingville Elementary School","Public","324 Farmingville Rd.","Ridgefield","06877","Western CT","100","100","98.1","98.1","98.1","96.2","94.3","0","0","0"
"Ridgebury Elementary School","Public","112 Bennett's Farm Rd.","Ridgefield","06877","Western CT","96.1","96.1","98","100","100","100","96.1","0","0","0"
"Ridgefield Academy","Non-public","223 West Mountain Road","Ridgefield","06877","Western CT","DS","DS","DS","DS","DS","DS","DS","DS","DS","DS"
"Scotland Elementary School","Public","111 Barlow Mountain Rd.","Ridgefield","06877","Western CT","100","100","100","97.5","97.5","100","97.5","0","0","0"
"St. Mary School - Ridgefield","Non-public","183 High Ridge Avenue","Ridgefield","06877","Western CT","DS","DS","DS","DS","DS","DS","DS","DS","DS","DS"
"Veterans Park Elementary School","Public","8 Governor St.","Ridgefield","06877","Western CT","100","100","100","100","100","100","100","0","0","0"
"Academy of Aerospace and Engineering Elementary","Non-public","7 Gardner Way","Rocky Hill","06067","Capitol","100","100","100","100","100","100","100","0","0","0"
"Hubbard Day School North","Non-public","525 Brook Street","Rocky Hill","06067","Capitol","DNC","DNC","DNC","DNC","DNC","DNC","DNC","DNC","DNC","DNC"
"Myrtle H. Stevens School","Public","322 Orchard St.","Rocky Hill","06067","Capitol","100","100","100","100","100","99","99","0","0","0"
"West Hill School","Public","95 Cronin Dr.","Rocky Hill","06067","Capitol","100","100","98.7","100","98.7","100","98.7","0","0","0"
"Booth Free School","Public","14 South St.","Roxbury","06783","Northwest Hills","DS","DS","DS","DS","DS","DS","DS","DS","DS","DS"
"Salem Elementary School","Public","200 Hartford Rd.","Salem","06420","Southeastern CT","100","100","100","100","100","100","100","0","0","0"
"Indian Mountain School","Non-public","211 Indian Mountain Road","Salisbury","06039","Northwest Hills","DNC","DNC","DNC","DNC","DNC","DNC","DNC","DNC","DNC","DNC"
"Salisbury Central School","Public","45 Lincoln City Road, P.O. Box 1808","Salisbury","06039","Northwest Hills","DS","DS","DS","DS","DS","DS","DS","DS","DS","DS"
"Scotland Elementary School","Public","68 Brook Rd.","Scotland","06264","Northeast CT","DS","DS","DS","DS","DS","DS","DS","DS","DS","DS"
"Bungay School","Public","35 Bungay Rd.","Seymour","06483","Naugatuck Valley","98.2","98.2","98.2","98.2","96.4","98.2","96.4","0","1.8","1.8"
"Chatfield-LoPresti School","Public","51 Skokorat St.","Seymour","06483","Naugatuck Valley","100","100","100","100","100","100","100","0","0","0"
"Sharon Center School","Public","80 Hilltop Road","Sharon","06069","Northwest Hills","DS","DS","DS","DS","DS","DS","DS","DS","DS","DS"
"Booth Hill School","Public","544 Booth Hill Rd.","Shelton","06484","Naugatuck Valley","95","96.7","100","100","100","96.7","95","0","0","0"
"Elizabeth Shelton School","Public","138 Willoughby Rd.","Shelton","06484","Naugatuck Valley","98.9","98.9","98.9","98.9","98.9","98.9","98.9","0","1.1","1.1"
"Long Hill School","Public","565 Long Hill Ave.","Shelton","06484","Naugatuck Valley","95.2","93.7","95.2","98.4","96.8","96.8","92.1","0","0","0"
"Mohegan School","Public","47 Mohegan Rd.","Shelton","06484","Naugatuck Valley","97.1","97.1","97.1","98.6","97.1","98.6","97.1","0","1.4","1.4"
"Sunnyside School","Public","418 River Rd.","Shelton","06484","Naugatuck Valley","100","96.3","100","96.3","100","100","96.3","0","0","0"
"Sherman School","Public","2 Route 37 East","Sherman","06784","Western CT","100","100","100","100","100","100","100","0","0","0"
"Central School","Public","29 Massaco St.","Simsbury","06070","Capitol","100","100","100","100","100","100","100","0","0","0"
"Latimer Lane School","Public","33 Mountain View Rd.","Simsbury","06089","Capitol","100","100","100","100","100","97.6","97.6","0","0","0"
"Squadron Line School","Public","44 Squadron Line Rd.","Simsbury","06070","Capitol","98.3","98.3","96.7","98.3","96.7","98.3","96.7","0","1.7","1.7"
"St. Mary - Simsbury","Non-public","946 Hopmeadow Street","Simsbury","06070","Capitol","DS","DS","DS","DS","DS","DS","DS","DS","DS","DS"
"Tariffville School","Public","42 Winthrop St.","Simsbury","06081","Capitol","100","100","100","100","100","100","100","0","0","0"
"The Cobb School Montessori","Non-public","112 Sand Hill Road","Simsbury","06070","Capitol","DS","DS","DS","DS","DS","DS","DS","DS","DS","DS"
"The Master's School","Non-public","36 Westledge Road","Simsbury","06092","Capitol","DS","DS","DS","DS","DS","DS","DS","DS","DS","DS"
"Tootin' Hills School","Public","25 Nimrod Rd.","Simsbury","06092","Capitol","100","100","100","100","97.1","100","97.1","0","0","0"
"Somers Elementary School","Public","4 Vision Boulevard","Somers","06071","Capitol","96.4","96.4","96.4","98.8","96.4","98.8","96.4","0","0","0"
"Academy of International Studies Elementary School","Non-public","625 Chapel Road","South Windsor","06074","Capitol","98.4","98.4","98.4","98.4","98.4","98.4","98.4","0","1.6","1.6"
"Eli Terry School","Public","569 Griffin Rd.","South Windsor","06074","Capitol","100","100","100","100","100","100","100","0","0","0"
"Orchard Hill School","Public","380 Foster St.","South Windsor","06074","Capitol","DNC","DNC","DNC","DNC","DNC","DNC","DNC","DNC","DNC","DNC"
"Philip R. Smith School","Public","949 Avery Street","South Windsor","06074","Capitol","98.6","98.6","98.6","98.6","98.6","97.2","97.2","0","1.4","1.4"
"Pleasant Valley School","Public","591 Ellington Rd.","South Windsor","06074","Capitol","100","100","100","100","100","100","100","0","0","0"
"Gainfield Elementary School","Public","307 Old Field Rd.","Southbury","06488","Naugatuck Valley","100","100","98","100","98","98","98","0","0","0"
"Pomperaug Elementary School","Public","607 Main St. S","Southbury","06488","Naugatuck Valley","98.2","98.2","100","98.2","100","100","98.2","0","0","0"
"Central Christian Academy","Non-public","1505 West Street","Southington","06489","Capitol","DNC","DNC","DNC","DNC","DNC","DNC","DNC","DNC","DNC","DNC"
"Flanders Elementary School","Public","100 Victoria Dr.","Southington","06489","Capitol","100","100","100","100","100","100","100","0","0","0"
"R. E. Thalberg Elementary School","Public","145 Dunham Rd.","Southington","06489","Capitol","98.3","98.3","98.3","98.3","98.3","96.6","96.6","0","1.7","1.7"
"South End Elementary School","Public","10 Maxwell-Noble Drive","Southington","06479","Capitol","100","100","100","100","100","100","100","0","0","0"
"St. Luke Catholic School","Non-public","133 Bristol Street","Southington","06489","Capitol","DS","DS","DS","DS","DS","DS","DS","DS","DS","DS"
"Urbin T. Kelley School","Public","501 Ridgewood Rd.","Southington","06489","Capitol","100","100","100","100","100","100","100","0","0","0"
"Walter A. Derynoski Elementary School","Public","240 Main St.","Southington","06489","Capitol","98.8","98.8","98.8","98.8","98.8","98.8","98.8","0","0","0"
"William H. Hatton Elementary School","Public","50 Spring Lake Rd.","Southington","06489","Capitol","100","100","100","100","100","100","100","0","0","0"
"William M. Strong Elementary School","Public","820 Marion Ave.","Southington","06479","Capitol","100","100","100","100","100","100","100","0","0","0"
"Zaya A. Oshana Elementary School","Public","70 Church Street","Southington","06479","Capitol","94.6","94.6","94.6","94.6","94.6","94.6","94.6","0","5.4","5.4"
"Sayles School","Public","25 Scotland Road","Sprague","06330","Southeastern CT","DS","DS","DS","DS","DS","DS","DS","DS","DS","DS"
"St. Joseph School-Baltic","Non-public","10 School Hill Road","Sprague","06330","Southeastern CT","DS","DS","DS","DS","DS","DS","DS","DS","DS","DS"
"West Stafford School","Public","153 West Stafford Rd.","Stafford","06076","Capitol","96.8","95.7","97.9","95.7","96.8","95.7","95.7","0","1.1","1.1"
"Bi-Cultural Hebrew Academy of Connecticut","Non-public","2186 High Ridge Road","Stamford","06903","Western CT","100","100","100","100","100","100","100","0","0","0"
"Catholic Academy of Stamford","Non-public","1186 Newfield Avenue","Stamford","06905","Western CT","95.7","95.7","95.7","95.7","95.7","95.7","95.7","0","4.3","4.3"
"Davenport Ridge School","Public","1300 Newfield Ave.","Stamford","06905","Western CT","97.2","94.4","95.8","97.2","97.2","97.2","94.4","0","2.8","2.8"
"Hart School","Public","61 Adams Ave.","Stamford","06902","Western CT","96.2","96.2","96.2","96.2","96.2","96.2","96.2","0","2.6","2.6"
"Hubbard Day School","Non-public","68 Southfield Avenue","Stamford","06902","Western CT","DS","DS","DS","DS","DS","DS","DS","DS","DS","DS"
"Julia A. Stark School","Public","398 Glenbrook Rd.","Stamford","06906","Western CT","97.1","97.1","98.6","97.1","97.1","97.1","97.1","0","1.4","1.4"
"K. T. Murphy School","Public","19 Horton St.","Stamford","06902","Western CT","95.2","95.2","95.2","95.2","95.2","95.2","95.2","0","4.8","4.8"
"King School, Inc.","Non-public","1450 Newfield Avenue","Stamford","06905","Western CT","DS","DS","DS","DS","DS","DS","DS","DS","DS","DS"
"Mater Salvatoris College Preparatory School","Non-public","926 Newfield Avenue","Stamford","06905","Western CT","86.8","86.8","73.7","89.5","78.9","89.5","73.7","0","2.6","2.6"
"Mead School","Public","1095 Riverbank Road","Stamford","06903","Western CT","DS","DS","DS","DS","DS","DS","DS","DS","DS","DS"
"Newfield School","Public","345 Pepper Ridge Rd.","Stamford","06905","Western CT","96.4","96.4","96.4","96.4","96.4","96.4","96.4","0","3.6","3.6"
"Northeast School","Public","82 Scofieldtown Rd.","Stamford","06903","Western CT","100","100","100","100","100","98.7","98.7","0","0","0"
"Our Lady of Grace Preschool & Kindergarten","Non-public","635 Glenbrook Road","Stamford","06906","Western CT","DS","DS","DS","DS","DS","DS","DS","DS","DS","DS"
"Rogers International School","Public","202 Blachley Rd.","Stamford","06902","Western CT","98.6","98.6","98.6","98.6","98.6","98.6","98.6","0","1.4","1.4"
"Roxbury School","Public","751 Westhill Rd.","Stamford","06902","Western CT","97.8","97.8","98.9","98.9","98.9","98.9","97.8","0","1.1","1.1"
"Springdale School","Public","1127 Hope St.","Stamford","06907","Western CT","100","100","100","100","100","100","100","0","0","0"
"Stamford Charter School for Excellence","Public","1 Schuyler Ave.","Stamford","06902","Western CT","75.8","75.8","75.8","75.8","75.8","75.8","75.8","0","0","0"
"Stillmeadow School","Public","800 Stillwater Rd.","Stamford","06902","Western CT","98.6","98.6","98.6","98.6","98.6","97.2","97.2","0","0","0"
"Strawberry Hill an ext. of Rogers International","Public","200 Strawberry Hill Ave.","Stamford","06902","Western CT","98.8","98.8","98.8","98.8","98.8","98.8","98.8","0","1.2","1.2"
"The Children's School","Non-public","118 Scofieldtown Road","Stamford","06903","Western CT","97.3","97.3","97.3","97.3","97.3","97.3","97.3","0","2.7","2.7"
"The Long Ridge School","Non-public","478 Erskine Road","Stamford","06903","Western CT","DS","DS","DS","DS","DS","DS","DS","DS","DS","DS"
"Toquam Magnet School","Public","123 Ridgewood Ave.","Stamford","06907","Western CT","100","100","100","100","100","97.3","97.3","0","0","0"
"Waterside School","Non-public","770 Pacific Street","Stamford","06902","Western CT","DS","DS","DS","DS","DS","DS","DS","DS","DS","DS"
"Westover School","Non-public","1237 Whittemore Road","Stamford","06762","Western CT","100","100","100","100","100","100","100","0","0","0"
"Sterling Community School","Public","251 Sterling Rd.","Sterling","06377","Northeast CT","DS","DS","DS","DS","DS","DS","DS","DS","DS","DS"
"Deans Mill School","Public","35 Deans Mill Rd.","Stonington","06378","Southeastern CT","100","100","100","100","100","100","100","0","0","0"
"Northeast Academy Magnet School","Public","115 Oslo Street","Stonington","06355","Southeastern CT","DNC","DNC","DNC","DNC","DNC","DNC","DNC","DNC","DNC","DNC"
"Pine Point School","Non-public","89 Barnes Road","Stonington","06378","Southeastern CT","DS","DS","DS","DS","DS","DS","DS","DS","DS","DS"
"St. Michael School","Non-public","131 West Broad Street","Stonington","06379","Southeastern CT","DS","DS","DS","DS","DS","DS","DS","DS","DS","DS"
"West Vine Street School","Public","17 West Vine St.","Stonington","06379","Southeastern CT","100","100","100","100","100","100","100","0","0","0"
"Chapel School","Public","380 Chapel Street","Stratford","06614","Greater Bridgeport","100","100","100","100","97.9","93.8","93.8","0","0","0"
"Eli Whitney School","Public","1130 Huntington Road","Stratford","06615","Greater Bridgeport","100","100","100","100","100","100","100","0","0","0"
"Franklin School","Public","1895 Barnum Avenue","Stratford","06615","Greater Bridgeport","100","100","100","100","100","100","100","0","0","0"
"Johnson House Elementary School","Public","719 Birdseye Street","Stratford","06615","Greater Bridgeport","95.2","95.2","98.4","98.4","96.8","95.2","95.2","0","0","0"
"Lordship School","Public","254 Crown Street","Stratford","06615","Greater Bridgeport","DS","DS","DS","DS","DS","DS","DS","DS","DS","DS"
"Nichols School","Public","396 Nichols Avenue","Stratford","06614","Greater Bridgeport","97.7","97.7","95.5","97.7","95.5","95.5","95.5","0","2.3","2.3"
"Second Hill Lane School","Public","65 Second Hill Lane","Stratford","06614","Greater Bridgeport","100","100","100","100","100","98.4","98.4","0","0","0"
"St. James School","Non-public","50 Harvey Place","Stratford","06615","Greater Bridgeport","92.9","92.9","92.9","92.9","92.9","92.9","83.3","0","0","0"
"St. Mark School","Non-public","500 Wigwam Lane","Stratford","06614","Greater Bridgeport","DS","DS","DS","DS","DS","DS","DS","DS","DS","DS"
"Wilcoxson School","Public","600 Wilcoxson Avenue","Stratford","06614","Greater Bridgeport","100","100","100","100","100","100","100","0","0","0"
"A. Ward Spaulding School","Public","945 Mountain Rd.","Suffield","06078","Capitol","97.1","97.1","97.1","97.1","96.4","97.1","96.4","0","1.4","1.4"
"Black Rock School","Public","57 Branch Rd.","Thomaston","06787","Naugatuck Valley","100","100","100","100","98.1","100","98.1","0","0","0"
"Bradley School-Windham County","Non-public","785 Riverside Drive","Thompson","06255","Northeast CT","DNC","DNC","DNC","DNC","DNC","DNC","DNC","DNC","DNC","DNC"
"Mary R. Fisher Elementary School","Public","785 Riverside Dr.","Thompson","06255","Northeast CT","98","98","98","98","98","98","98","0","2","2"
"Birch Grove Primary School","Public","247 Rhodes RD","Tolland","06084","Capitol","99.3","98.5","98.5","98.5","97.8","99.3","97.1","0","0","0"
"Southwest School","Public","340 Litchfield St.","Torrington","06790","Northwest Hills","100","100","100","100","100","100","100","0","0","0"
"St. John Paul the Great Academy","Non-public","360 Prospect Street","Torrington","06790","Northwest Hills","DS","DS","DS","DS","DS","DS","DS","DS","DS","DS"
"Torringford School","Public","800 Charles St.","Torrington","06790","Northwest Hills","99.1","99.1","98.2","99.1","99.1","99.1","98.2","0","0.9","0.9"
"Torrington Christian Academy","Non-public","387 New Harwinton Road","Torrington","06790","Northwest Hills","DNC","DNC","DNC","DNC","DNC","DNC","DNC","DNC","DNC","DNC"
"Vogel Wetmore Elementary","Non-public","68 Church Street","Torrington","06790","Northwest Hills","98.9","98.9","98.9","98.9","98.9","98.9","98.9","0","1.1","1.1"
"Booth Hill School","Public","545 Booth Hill Rd.","Trumbull","06611","Greater Bridgeport","98.5","98.5","98.5","98.5","98.5","97.1","97.1","0","1.5","1.5"
"Christian Heritage School","Non-public","575 White Plains Road","Trumbull","06611","Greater Bridgeport","DS","DS","DS","DS","DS","DS","DS","DS","DS","DS"
"Cooperative Educational Services","Public","40 Lindeman Drive","Trumbull","06611","Greater Bridgeport","DS","DS","DS","DS","DS","DS","DS","DS","DS","DS"
"Daniels Farm School","Public","710 Daniels Farm Rd.","Trumbull","06611","Greater Bridgeport","98.6","98.6","100","100","98.6","98.6","98.6","0","0","0"
"Frenchtown Elementary School","Public","30 Frenchtown Rd.","Trumbull","06611","Greater Bridgeport","96.1","96.1","96.1","97.4","96.1","96.1","94.8","0","1.3","1.3"
"Jane Ryan School","Public","190 Park Ln.","Trumbull","06611","Greater Bridgeport","98.5","98.5","98.5","98.5","98.5","93.9","93.9","0","1.5","1.5"
"Merit Academy","Non-public","25 Oakview Dr.","Trumbull","06611","Greater Bridgeport","DNC","DNC","DNC","DNC","DNC","DNC","DNC","DNC","DNC","DNC"
"Middlebrook School","Public","220 Middlebrooks Ave.","Trumbull","06611","Greater Bridgeport","98.7","97.5","98.7","97.5","98.7","98.7","97.5","0","1.3","1.3"
"Oakview Primary School","Non-public","40 Oakview Dr.","Trumbull","06611","Greater Bridgeport","DNC","DNC","DNC","DNC","DNC","DNC","DNC","DNC","DNC","DNC"
"St. Catherine of Siena","Non-public","190 Shelton Road","Trumbull","06611","Greater Bridgeport","DS","DS","DS","DS","DS","DS","DS","DS","DS","DS"
"St. Theresa","Non-public","55 Rosemond Terrace","Trumbull","06611","Greater Bridgeport","DNC","DNC","DNC","DNC","DNC","DNC","DNC","DNC","DNC","DNC"
"St. Vincent's Special Needs School Program","Non-public","95 Merritt Blvd","Trumbull","06611","Greater Bridgeport","DS","DS","DS","DS","DS","DS","DS","DS","DS","DS"
"Tashua School","Public","401 Stonehouse Rd.","Trumbull","06611","Greater Bridgeport","98.7","100","98.7","98.7","98.7","98.7","98.7","0","0","0"
"Center Road School","Public","20 Center Rd.","Vernon","06066","Capitol","100","100","100","100","100","100","100","0","0","0"
"Lake Street School","Public","201 Lake St.","Vernon","06066","Capitol","97.7","97.7","97.7","97.7","97.7","97.7","97.7","0","2.3","2.3"
"Maple Street School","Public","20 Maple St.","Vernon","06066","Capitol","100","100","100","97.1","100","97.1","97.1","0","0","0"
"Northeast School","Public","69 East St.","Vernon","06066","Capitol","100","100","100","100","100","100","100","0","0","0"
"Skinner Road School","Public","90 Skinner Rd.","Vernon","06066","Capitol","100","100","100","100","100","100","100","0","0","0"
"Voluntown Elementary School","Public","195 Main Street","Voluntown","06384","Northeast CT","DS","DS","DS","DS","DS","DS","DS","DS","DS","DS"
"Benhaven Academy","Non-public","50 North Plains Highway","Wallingford","06492","Western","DNC","DNC","DNC","DNC","DNC","DNC","DNC","DNC","DNC","DNC"
"Carver Academy School","Non-public","350 High Hill Rd","Wallingford","06492","South Central","DNC","DNC","DNC","DNC","DNC","DNC","DNC","DNC","DNC","DNC"
"Cook Hill School","Public","57 Hall Road","Wallingford","06492","South Central","100","100","100","100","100","100","100","0","0","0"
"Evarts C. Stevens School","Public","18 Kondracki Lane","Wallingford","06492","South Central","96.3","96.3","96.3","96.3","96.3","95","95","0","3.8","3.8"
"Heritage Baptist Academy","Non-public","161 South Whittlesey Avenue","Wallingford","06492","South Central","DNC","DNC","DNC","DNC","DNC","DNC","DNC","DNC","DNC","DNC"
"High Road Academy - BEST Academy","Non-public","5 Barnes Industrial Road","Wallingford","06492","South Central","DS","DS","DS","DS","DS","DS","DS","DS","DS","DS"
"Highland School","Public","200 Highland Avenue","Wallingford","06492","South Central","97.7","97.7","97.7","97.7","97.7","97.7","97.7","0","2.3","2.3"
"Holy Trinity School","Non-public","11 North Whittlesey Avenue","Wallingford","06492","South Central","DS","DS","DS","DS","DS","DS","DS","DS","DS","DS"
"Moses Y. Beach School","Public","340 North Main Street","Wallingford","06492","South Central","100","100","100","100","100","100","100","0","0","0"
"Parker Farms School","Public","30 Parker Farms Road","Wallingford","06492","South Central","DS","DS","DS","DS","DS","DS","DS","DS","DS","DS"
"Warren School","Public","21 Sackett Hill Road","Warren","06754","Northwest Hills","DS","DS","DS","DS","DS","DS","DS","DS","DS","DS"
"Rumsey Hall School","Non-public","201 Romford Road","Washington","06794","Northwest Hills","DS","DS","DS","DS","DS","DS","DS","DS","DS","DS"
"Washington Montessori School","Non-public","240 Litchfield Turnpike","Washington","06777","Northwest Hills","DS","DS","DS","DS","DS","DS","DS","DS","DS","DS"
"Washington Primary School","Public","11 School St.","Washington","06794","Northwest Hills","DS","DS","DS","DS","DS","DS","DS","DS","DS","DS"
"Alpha & Omega Christian Academy","Non-public","50 Linden Street","Waterbury","06702","Naugatuck Valley","DNC","DNC","DNC","DNC","DNC","DNC","DNC","DNC","DNC","DNC"
"B. W. Tinker School","Public","809 Highland Ave.","Waterbury","06708","Naugatuck Valley","100","98.8","98.8","100","97.6","98.8","96.5","0","0","0"
"Brass City Charter School","Public","289 Willow St.","Waterbury","06710","Naugatuck Valley","92.5","92.5","97.5","100","97.5","100","92.5","0","0","0"
"Bucks Hill School","Public","330 Bucks Hill Rd.","Waterbury","06704","Naugatuck Valley","100","100","100","100","100","98.2","98.2","0","0","0"
"Bunker Hill School","Public","170 Bunker Hill Ave.","Waterbury","06708","Naugatuck Valley","100","100","94.8","100","94.8","100","94.8","0","0","0"
"Carrington School","Public","24 Kenmore Ave.","Waterbury","06708","Naugatuck Valley","100","100","100","100","100","100","100","0","0","0"
"Catholic Academy of Waterbury","Non-public","386 Robinwood Road","Waterbury","06708","Naugatuck Valley","DS","DS","DS","DS","DS","DS","DS","DS","DS","DS"
"Children's Community School","Non-public","23 John Street","Waterbury","06708","Naugatuck Valley","DS","DS","DS","DS","DS","DS","DS","DS","DS","DS"
"Driggs School","Public","77 Woodlawn Terrace","Waterbury","06710","Naugatuck Valley","95.5","95.5","95.5","100","95.5","100","94","0","0","0"
"Duggan School","Public","952 Bank Street","Waterbury","06708","Naugatuck Valley","96.4","96.4","96.4","98.2","96.4","98.2","96.4","0","1.8","1.8"
"F. J. Kingsbury School","Public","220 Columbia Blvd.","Waterbury","06710","Naugatuck Valley","96.5","96.5","100","100","100","100","96.5","0","0","0"
"Gilmartin School","Public","107 Wyoming Ave.","Waterbury","06706","Naugatuck Valley","100","100","100","100","100","100","100","0","0","0"
"H. S. Chase School","Public","40 Woodtick Rd.","Waterbury","06705","Naugatuck Valley","97.3","96.4","99.1","100","99.1","98.2","96.4","0","0","0"
"Hopeville School","Public","2 Cypress St.","Waterbury","06706","Naugatuck Valley","87","87","100","87","100","87","87","0","0","0"
"Maloney Interdistrict Magnet School","Public","233 South Elm St.","Waterbury","06706","Naugatuck Valley","100","100","100","100","100","100","100","0","0","0"
"Margaret M. Generali Elementary School","Public","3196 East Main St.","Waterbury","06705","Naugatuck Valley","100","100","100","100","98.5","100","98.5","0","0","0"
"Our Lady of Mount Carmel-Waterbury","Non-public","645 Congress Avenue","Waterbury","06708","Naugatuck Valley","DS","DS","DS","DS","DS","DS","DS","DS","DS","DS"
"Reed School","Public","33 Griggs Street","Waterbury","06704","Naugatuck Valley","100","100","100","100","100","100","100","0","0","0"
"Regan School","Public","2780 North Main St.","Waterbury","06704","Naugatuck Valley","DS","DS","DS","DS","DS","DS","DS","DS","DS","DS"
"Roberto Clemente International Dual Language School","Public","116 Beecher Avenue","Waterbury","06705","Naugatuck Valley","100","100","100","100","100","100","100","0","0","0"
"Rotella Interdistrict Magnet School","Public","380 Pierpont Rd.","Waterbury","06705","Naugatuck Valley","100","100","100","100","100","100","100","0","0","0"
"Sprague School","Public","1443 Thomaston Ave.","Waterbury","06704","Naugatuck Valley","100","100","100","100","100","100","100","0","0","0"
"State Street School","Public","30 Church Street","Waterbury","06702","Naugatuck Valley","DS","DS","DS","DS","DS","DS","DS","DS","DS","DS"
"Walsh School","Public","55 Dikeman Street","Waterbury","06704","Naugatuck Valley","98.3","100","100","96.6","100","96.6","86.4","0","0","0"
"Washington School","Public","685 Baldwin St.","Waterbury","06706","Naugatuck Valley","100","97.4","97.4","100","94.7","92.1","89.5","0","0","0"
"Wendell L. Cross School","Public","1255 Hamilton Ave.","Waterbury","06706","Naugatuck Valley","98.2","98.2","100","100","100","98.2","98.2","0","0","0"
"Woodrow Wilson School","Public","235 Birch St.","Waterbury","06704","Naugatuck Valley","100","100","100","100","100","98.7","98.7","0","0","0"
"Baptist Bible Academy","Non-public","1144 Hartford Turnpike","Waterford","06385","Southeastern CT","DNC","DNC","DNC","DNC","DNC","DNC","DNC","DNC","DNC","DNC"
"Great Neck Elementary School","Public","165 Great Neck Rd.","Waterford","06385","Southeastern CT","100","100","100","100","100","100","100","0","0","0"
"Oswegatchie Elementary School","Public","470 Boston Post Rd.","Waterford","06385","Southeastern CT","100","100","100","100","100","100","100","0","0","0"
"Quaker Hill Elementary School","Public","285 Bloomingdale Rd.","Waterford","06375","Southeastern CT","100","100","100","100","100","100","100","0","0","0"
"The Friendship School","Non-public","24 Rope Ferry Rd.","Waterford","06385","Southeastern CT","100","100","100","100","100","100","100","0","0","0"
"Waterford Country School","Non-public","78 Hunts Brook Road","Waterford","06375","Southeastern CT","DNC","DNC","DNC","DNC","DNC","DNC","DNC","DNC","DNC","DNC"
"Holy Disciples Catholic School","Non-public","140 Buckingham Street","Watertown","06779","Naugatuck Valley","93.9","93.9","93.9","93.9","93.9","93.9","93.9","0","3","3"
"John Trumbull Primary","Non-public","779 Buckingham St.","Watertown","06779","Naugatuck Valley","100","100","100","100","100","100","100","0","0","0"
"Aiken School","Public","212 King Philip Dr.","West Hartford","06117","Capitol","100","100","100","100","100","100","100","0","0","0"
"American School for the Deaf","Non-public","139 North Main Street","West Hartford","06107","Capitol","DS","DS","DS","DS","DS","DS","DS","DS","DS","DS"
"Braeburn School","Public","45 Braeburn Rd.","West Hartford","06107","Capitol","100","100","100","100","100","100","100","0","0","0"
"Bugbee School","Public","1943 Asylum Ave.","West Hartford","06117","Capitol","100","100","100","100","100","100","100","0","0","0"
"Charter Oak International Academy","Public","425 Oakwood Ave.","West Hartford","06110","Capitol","100","98.7","98.7","100","98.7","98.7","98.7","0","0","0"
"Duffy School","Public","95 Westminster St.","West Hartford","06107","Capitol","100","100","100","100","100","100","100","0","0","0"
"Montessori School of Greater Hartford","Non-public","141 North Main Street","West Hartford","06107","Capitol","DS","DS","DS","DS","DS","DS","DS","DS","DS","DS"
"Morley School","Public","77 Bretton Rd.","West Hartford","06119","Capitol","100","100","100","100","100","100","100","0","0","0"
"New England Jewish Academy","Non-public","300 Bloomfield Avenue","West Hartford","06117","Capitol","DS","DS","DS","DS","DS","DS","DS","DS","DS","DS"
"Norfeldt School","Public","35 Barksdale Rd.","West Hartford","06117","Capitol","100","100","100","100","100","100","100","0","0","0"
"Renbrook School","Non-public","2865 Albany Avenue","West Hartford","06117","Capitol","DS","DS","DS","DS","DS","DS","DS","DS","DS","DS"
"Smith School","Public","64 St. James St.","West Hartford","06119","Capitol","100","100","100","100","100","100","100","0","0","0"
"Solomon Schechter Day School of Greater Hartford","Non-public","26 Buena Vista Road","West Hartford","06107","Capitol","DS","DS","DS","DS","DS","DS","DS","DS","DS","DS"
"St. Thomas the Apostle","Non-public","25 Dover Road","West Hartford","06119","Capitol","DS","DS","DS","DS","DS","DS","DS","DS","DS","DS"
"University of Hartford Magnet School","Non-public","196 Bloomfield Ave.","West Hartford","06117","Capitol","100","100","100","100","100","100","100","0","0","0"
"Webster Hill School","Public","125 Webster Hill Blvd.","West Hartford","06117","Capitol","100","100","100","98.2","100","100","98.2","0","0","0"
"Whiting Lane School","Public","47 Whiting Ln.","West Hartford","06119","Capitol","100","100","100","100","100","100","100","0","0","0"
"Wolcott School","Public","71 Wolcott Rd.","West Hartford","06110","Capitol","100","100","100","100","100","100","100","0","0","0"
"Alma E. Pagels School","Public","26 Benham Hill Rd.","West Haven","06516","South Central","100","100","100","100","100","100","100","0","0","0"
"Edith E. Mackrille School","Public","806 Jones Hill Rd.","West Haven","06516","South Central","98.3","98.3","96.6","100","100","96.6","94.9","0","0","0"
"Forest School","Public","95 Burwell Rd.","West Haven","06516","South Central","100","100","100","100","100","100","100","0","0","0"
"Savin Rock Community School","Public","50 Park St.","West Haven","06516","South Central","100","100","100","100","100","100","100","0","0","0"
"Seth G. Haley School","Public","148 South St.","West Haven","06516","South Central","100","100","100","100","100","100","100","0","0","0"
"St. Lawrence School-West Haven","Non-public","231 Main Street","West Haven","06516","South Central","DS","DS","DS","DS","DS","DS","DS","DS","DS","DS"
"Washington School","Public","255 Meloy Road","West Haven","06516","South Central","98.8","98.8","98.8","98.8","98.8","98.8","98.8","0","0","0"
"Daisy Ingraham School","Public","105 Goodspeed Dr.","Westbrook","06498","Lower CT River Valley","100","100","100","100","100","100","100","0","0","0"
"Hurlbutt Elementary School","Public","9 School Rd.","Weston","06883","Western CT","98.5","98.5","98.5","98.5","98.5","98.5","98.5","0","1.5","1.5"
"Coleytown Elementary School","Public","65 Easton Rd.","Westport","06880","Western CT","100","100","100","100","100","100","100","0","0","0"
"Greens Farms Academy","Non-public","35 Beachside Ave","Westport","06880","Western CT","100","100","96.7","100","100","100","96.7","0","0","0"
"Green's Farms School","Public","17 Morningside Dr. South","Westport","06880","Western CT","96.2","96.2","94.2","100","94.2","100","94.2","0","0","0"
"King's Highway Elementary School","Public","125 Post Rd. West","Westport","06880","Western CT","100","100","100","100","100","98.7","98.7","0","0","0"
"Long Lots School","Non-public","13 Hyde Lane","Westport","06880","Western CT","98.8","98.8","98.8","98.8","98.8","98.8","98.8","0","1.2","1.2"
"Pierrepont School","Non-public","1 Sylvan Rd N","Westport","06880","Western","DNC","DNC","DNC","DNC","DNC","DNC","DNC","DNC","DNC","DNC"
"Saugatuck Elementary School","Public","170 Riverside Ave.","Westport","06880","Western CT","98.5","100","100","100","100","98.5","97.1","0","0","0"
"Alfred W. Hanmer School","Public","50 Francis St.","Wethersfield","06109","Capitol","96.8","96.8","96.8","96.8","96.8","96.8","96.8","0","3.2","3.2"
"Charles Wright School","Public","186 Nott St.","Wethersfield","06109","Capitol","DS","DS","DS","DS","DS","DS","DS","DS","DS","DS"
"Corpus Christi School","Non-public","581 Silas Deane Highway","Wethersfield","06109","Capitol","97.1","97.1","97.1","97.1","97.1","97.1","97.1","0","2.9","2.9"
"Discovery Academy","Non-public","176 Cumberland Avenue","Wethersfield","06109","Capitol","100","100","98.5","100","98.5","100","98.5","0","0","0"
"Emerson-Williams School","Public","461 Wells Rd.","Wethersfield","06109","Capitol","100","100","100","100","100","100","100","0","0","0"
"Highcrest School","Public","95 Highcrest Rd.","Wethersfield","06109","Capitol","100","100","100","100","100","100","100","0","0","0"
"Samuel B. Webb Elementary School","Public","51 Willow St.","Wethersfield","06109","Capitol","100","100","100","100","100","97.9","97.9","0","0","0"
"Center School","Public","12 Old Farms Rd.","Willington","06279","Capitol","100","100","100","100","100","97.1","97.1","0","0","0"
"Apple Blossom School & Family Center","Non-public","426 Danbury Rd","Wilton","06897","Western CT","DS","DS","DS","DS","DS","DS","DS","DS","DS","DS"
"Miller-Driscoll School","Public","217 Wolfpit Rd.","Wilton","06897","Western CT","98.1","98.1","98.5","98.5","98.1","98.5","98.1","0","1.2","1.2"
"Schoolhouse Academy Inc.","Non-public","225 Danbury Road","Wilton","06897","Western CT","DS","DS","DS","DS","DS","DS","DS","DS","DS","DS"
"Seven Acres Montessori","Non-public","34 Whipple Road","Wilton","06897","Western CT","DS","DS","DS","DS","DS","DS","DS","DS","DS","DS"
"Mary P. Hinsdale School","Public","15 Hinsdale Ave.","Winchester","06098","Northwest Hills","98.6","98.6","98.6","98.6","98.6","98.6","98.6","0","1.4","1.4"
"Charles H. Barrows STEM Academy","Public","141 Tuckie Road","Windham","06256","Southeastern CT","98.3","96.7","98.3","100","98.3","100","96.7","0","0","0"
"Clinical Developmental, and Therapeutic Programs","Public","832 Main St","Windham","06226","Southeastern CT","DS","DS","DS","DS","DS","DS","DS","DS","DS","DS"
"Natchaug School","Public","123 Jackson St.","Windham","06226","Southeastern CT","93.2","97.7","97.7","100","97.7","97.7","90.9","0","0","0"
"North Windham School","Public","112 Jordan Ln.","Windham","06256","Southeastern CT","100","100","100","100","100","100","100","0","0","0"
"W. B. Sweeney School","Public","60 Oak Hill Dr.","Windham","06226","Southeastern CT","100","100","100","100","100","100","100","0","0","0"
"Madina Academy","Non-public","519 Palisado Ave","Windsor","06095","Capitol","DS","DS","DS","DS","DS","DS","DS","DS","DS","DS"
"Oliver Ellsworth School","Public","730 Kennedy Ave.","Windsor","06095","Capitol","99.1","99.1","99.1","99.1","99.1","100","97.4","0","0","0"
"Poquonock Elementary School","Public","1760 Poquonock Ave.","Windsor","06095","Capitol","100","100","100","100","100","100","100","0","0","0"
"Power & Prayer Christian School","Non-public","209 Kennedy Rd","Windsor","06095","Capitol","DS","DS","DS","DS","DS","DS","DS","DS","DS","DS"
"St. Gabriel","Non-public","77 Bloomfield Avenue","Windsor","06095","Capitol","DNC","DNC","DNC","DNC","DNC","DNC","DNC","DNC","DNC","DNC"
"Windsor Montessori School","Non-public","114 Palisado Avenue","Windsor","06095","Capitol","DNC","DNC","DNC","DNC","DNC","DNC","DNC","DNC","DNC","DNC"
"North Street School","Public","325 North St.","Windsor Locks","06096","Capitol","100","98.8","98.8","100","98.8","100","98.8","0","0","0"
"Alcott School","Public","1490 Woodtick Rd.","Wolcott","06716","Naugatuck Valley","97.5","97.5","97.5","97.5","97.5","97.5","97.5","0","2.5","2.5"
"Frisbie School","Public","24 Todd Rd.","Wolcott","06716","Naugatuck Valley","100","100","100","100","100","100","100","0","0","0"
"Wakelee School","Public","12 Hempel Dr.","Wolcott","06716","Naugatuck Valley","100","100","100","100","100","97.8","97.8","0","0","0"
"Beecher Road School","Public","40 Beecher Rd.","Woodbridge","06525","South Central","96.5","96.5","96.5","96.5","96.5","95.3","95.3","0","2.4","2.4"
"Ezra Academy","Non-public","75 Rimmon Road","Woodbridge","06525","South Central","DNC","DNC","DNC","DNC","DNC","DNC","DNC","DNC","DNC","DNC"
"Mitchell Elementary School","Public","14 School St.","Woodbury","06798","Naugatuck Valley","100","100","100","100","100","100","100","0","0","0"
"Woodstock Elementary School","Public","24 Frog Pond Rd.","Woodstock","06281","Northeast CT","98.5","98.5","97.1","97.1","97.1","100","95.6","0","0","0"
