"County","School","Grade","Total Students Enrolled","DTaP Percent","Polio Percent","MMR Percent","Hep B Percent","Varicella Had Disease Percent","Varicella Percent","Tdap Percent","MCV4 1st Dose Percent","MCV4 16+ 1 Dose Percent","MCV4 2nd Dose 16+ Percent","Medical Exemption Percent","Religious Exemption Percent","Philosophical Exemption Percent","Enrolled Provisionally Percent","Denied Admission Percent","Noncompliant and Attending Percent"
"Adams","Adams Co Christian Academy","Kindergarten","2","","","","","","","","","","","","","","","",""
"Adams","Adams Co Christian Academy","7th Grade","3","","","","","","","","","","","","","","","",""
"Adams","Adams Co Christian Academy","12th Grade","2","","","","","","","","","","","","","","","",""
"Adams","Alloway Creek El Sch","Kindergarten","121","95.0%","90.9%","92.6%","90.9%","0.0%","91.7%","","","","","0.0%","7.4%","0.8%","1.7%","0.0%","0.0%"
"Adams","Bermudian Springs El Sch","Kindergarten","116","90.5%","90.5%","91.4%","92.2%","0.0%","91.4%","","","","","0.0%","5.2%","3.4%","1.7%","0.0%","0.0%"
"Adams","Bermudian Springs HS","12th Grade","152","94.1%","94.1%","93.4%","92.1%","0.0%","94.1%","93.4%","","92.1%","0.0%","2.6%","1.3%","6.6%","0.0%","0.0%","0.0%"
"Adams","Bermudian Springs MS","7th Grade","141","93.6%","93.6%","92.9%","93.6%","0.0%","90.8%","90.1%","89.4%","","","0.7%","1.4%","9.2%","0.0%","0.0%","1.4%"
"Adams","Biglerville El Sch","Kindergarten","95","91.6%","92.6%","93.7%","100.0%","0.0%","92.6%","","","","","0.0%","4.2%","2.1%","3.2%","0.0%","0.0%"
"Adams","Biglerville HS","12th Grade","129","96.9%","96.9%","96.9%","96.9%","0.0%","96.9%","94.6%","","0.8%","90.7%","0.0%","4.7%","3.1%","0.0%","3.1%","0.0%"
"Adams","Breezy Acres","Kindergarten","2","","","","","","","","","","","","","","","",""
"Adams","Conewago Twp El Sch","Kindergarten","110","90.9%","90.9%","91.8%","94.5%","91.8%","0.0%","","","","","0.0%","7.3%","0.9%","0.9%","0.0%","0.0%"
"Adams","Delone Catholic High School","12th Grade","88","100.0%","98.9%","96.6%","98.9%","1.1%","96.6%","100.0%","","2.3%","94.3%","1.1%","6.8%","0.0%","0.0%","0.0%","0.0%"
"Adams","Fairfield Area El Sch","Kindergarten","61","98.4%","98.4%","98.4%","98.4%","0.0%","98.4%","","","","","0.0%","1.6%","0.0%","0.0%","0.0%","1.6%"
"Adams","Fairfield Area HS","12th Grade","68","97.1%","97.1%","97.1%","95.6%","0.0%","97.1%","97.1%","","5.9%","91.2%","4.4%","2.9%","2.9%","0.0%","0.0%","8.8%"
"Adams","Fairfield Area MS","7th Grade","64","96.9%","96.9%","96.9%","96.9%","0.0%","96.9%","93.8%","93.8%","","","1.6%","1.6%","3.1%","0.0%","0.0%","6.2%"
"Adams","Franklin Twp El Sch","Kindergarten","37","91.9%","91.9%","91.9%","94.6%","0.0%","91.9%","","","","","0.0%","8.1%","0.0%","0.0%","0.0%","8.1%"
"Adams","Freedom Christian School","Kindergarten","7","","","","","","","","","","","","","","","",""
"Adams","Freedom Christian School","7th Grade","8","","","","","","","","","","","","","","","",""
"Adams","Freedom Christian School","12th Grade","5","","","","","","","","","","","","","","","",""
"Adams","Gettysburg Area HS","12th Grade","270","100.0%","99.3%","98.5%","99.3%","0.0%","98.5%","98.5%","","99.3%","0.0%","0.0%","1.5%","1.5%","4.1%","0.0%","0.0%"
"Adams","Gettysburg Area MS","7th Grade","252","96.8%","96.8%","97.2%","96.8%","0.0%","97.2%","93.7%","93.7%","","","0.0%","3.2%","2.8%","0.0%","0.0%","0.8%"
"Adams","Gettysburg Montessori CS","Kindergarten","49","91.8%","91.8%","91.8%","91.8%","0.0%","91.8%","","","","","2.0%","4.1%","2.0%","0.0%","0.0%","0.0%"
"Adams","Hoffman Academy","7th Grade","8","","","","","","","","","","","","","","","",""
"Adams","Hoffman Academy","12th Grade","2","","","","","","","","","","","","","","","",""
"Adams","Indian Acres Amish School","7th Grade","2","","","","","","","","","","","","","","","",""
"Adams","James Gettys El Sch","Kindergarten","69","92.8%","92.8%","92.8%","92.8%","0.0%","92.8%","","","","","1.4%","1.4%","0.0%","2.9%","0.0%","4.3%"
"Adams","Lincoln El Sch","Kindergarten","61","98.4%","98.4%","98.4%","98.4%","0.0%","98.4%","","","","","0.0%","0.0%","0.0%","1.6%","0.0%","0.0%"
"Adams","Lincoln IU 12","Kindergarten","20","95.0%","95.0%","95.0%","95.0%","0.0%","95.0%","","","","","0.0%","5.0%","0.0%","0.0%","0.0%","0.0%"
"Adams","Lincoln IU 12","7th Grade","30","96.7%","96.7%","93.3%","96.7%","0.0%","93.3%","86.7%","83.3%","","","0.0%","10.0%","0.0%","6.7%","0.0%","6.7%"
"Adams","Lincoln IU 12","12th Grade","75","94.7%","93.3%","93.3%","96.0%","0.0%","93.3%","93.3%","","0.0%","86.7%","0.0%","8.0%","4.0%","2.7%","0.0%","2.7%"
"Adams","Littlestown SHS","12th Grade","135","97.0%","94.8%","95.6%","97.0%","1.5%","95.6%","92.6%","","0.0%","85.2%","3.7%","6.7%","5.2%","0.0%","0.0%","0.0%"
"Adams","Maple Avenue MS","7th Grade","136","93.4%","94.1%","94.1%","94.1%","0.0%","94.1%","89.0%","88.2%","","","2.2%","8.1%","4.4%","0.0%","0.0%","0.0%"
"Adams","New Oxford El Sch","Kindergarten","136","94.9%","94.9%","93.4%","97.8%","0.0%","93.4%","","","","","0.0%","2.9%","3.7%","0.0%","0.0%","0.0%"
"Adams","New Oxford MS","7th Grade","326","96.3%","96.3%","96.3%","96.3%","0.0%","96.3%","92.0%","91.7%","","","0.0%","5.5%","2.1%","0.6%","0.0%","0.0%"
"Adams","New Oxford SHS","12th Grade","323","98.1%","98.1%","97.2%","96.9%","0.9%","97.2%","96.6%","","0.3%","94.4%","0.3%","3.7%","0.9%","0.0%","0.0%","2.8%"
"Adams","Pheasant Cottage Amish School","7th Grade","1","","","","","","","","","","","","","","","",""
"Adams","St Francis Xavier School","Kindergarten","24","83.3%","75.0%","75.0%","83.3%","0.0%","75.0%","","","","","0.0%","0.0%","4.2%","0.0%","0.0%","20.8%"
"Adams","St Francis Xavier School","7th Grade","10","","","","","","","","","","","","","","","",""
"Adams","St James Child Care Center","Kindergarten","5","","","","","","","","","","","","","","","",""
"Adams","St Teresa of Calcutta - Conewago","Kindergarten","31","96.8%","93.5%","93.5%","96.8%","0.0%","93.5%","","","","","0.0%","9.7%","0.0%","0.0%","0.0%","0.0%"
"Adams","St Teresa of Calcutta - McSherrystown","7th Grade","31","100.0%","100.0%","100.0%","96.8%","0.0%","100.0%","93.5%","93.5%","","","3.2%","6.5%","0.0%","0.0%","0.0%","0.0%"
"Adams","Upper Adams MS","7th Grade","123","95.1%","95.1%","95.1%","95.9%","0.0%","95.9%","93.5%","93.5%","","","0.0%","3.3%","3.3%","0.0%","0.0%","0.0%"
"Adams","Vida CS","Kindergarten","51","96.1%","94.1%","98.0%","94.1%","0.0%","96.1%","","","","","0.0%","2.0%","0.0%","9.8%","0.0%","9.8%"
"Allegheny","ABK Learning and Development Center","Kindergarten","6","","","","","","","","","","","","","","","",""
"Allegheny","ACLD Tillotson School","7th Grade","6","","","","","","","","","","","","","","","",""
"Allegheny","ACLD Tillotson School","12th Grade","19","","","","","","","","","","","","","","","",""
"Allegheny","Abraham Lincoln El Sch","Kindergarten","54","94.4%","94.4%","94.4%","94.4%","0.0%","94.4%","","","","","0.0%","5.6%","0.0%","0.0%","0.0%","0.0%"
"Allegheny","Academy at Westinghouse","7th Grade","74","97.3%","97.3%","95.9%","95.9%","0.0%","94.6%","66.2%","66.2%","","","0.0%","0.0%","2.7%","0.0%","0.0%","31.1%"
"Allegheny","Academy at Westinghouse","12th Grade","82","100.0%","100.0%","100.0%","100.0%","0.0%","100.0%","98.8%","","8.5%","59.8%","0.0%","0.0%","0.0%","0.0%","0.0%","31.7%"
"Allegheny","Acmetonia El Sch","Kindergarten","67","100.0%","100.0%","100.0%","100.0%","0.0%","98.5%","","","","","0.0%","0.0%","1.5%","0.0%","0.0%","0.0%"
"Allegheny","Acton Academy Pittsburgh","Kindergarten","6","","","","","","","","","","","","","","","",""
"Allegheny","Allegheny IU 3","Kindergarten","3","","","","","","","","","","","","","","","",""
"Allegheny","Allegheny IU 3","7th Grade","19","","","","","","","","","","","","","","","",""
"Allegheny","Allegheny IU 3","12th Grade","128","96.9%","96.9%","94.5%","96.9%","0.0%","96.1%","96.1%","","0.0%","89.8%","3.9%","1.6%","5.5%","1.6%","0.0%","0.8%"
"Allegheny","Aquinas Academy","Kindergarten","39","74.4%","74.4%","79.5%","82.1%","0.0%","74.4%","","","","","0.0%","7.7%","23.1%","0.0%","0.0%","0.0%"
"Allegheny","Aquinas Academy","7th Grade","54","87.0%","85.2%","88.9%","90.7%","0.0%","88.9%","85.2%","83.3%","","","0.0%","9.3%","9.3%","0.0%","0.0%","0.0%"
"Allegheny","Aquinas Academy","12th Grade","37","89.2%","89.2%","89.2%","89.2%","0.0%","89.2%","89.2%","","0.0%","81.1%","0.0%","10.8%","8.1%","0.0%","0.0%","0.0%"
"Allegheny","Archangel Gabriel School","Kindergarten","34","91.2%","91.2%","91.2%","91.2%","0.0%","91.2%","","","","","0.0%","8.8%","0.0%","0.0%","0.0%","0.0%"
"Allegheny","Archangel Gabriel School","7th Grade","34","100.0%","100.0%","100.0%","97.1%","0.0%","100.0%","100.0%","100.0%","","","0.0%","0.0%","0.0%","0.0%","0.0%","2.9%"
"Allegheny","Avalon El Sch","Kindergarten","33","97.0%","97.0%","97.0%","97.0%","0.0%","97.0%","","","","","0.0%","0.0%","3.0%","0.0%","0.0%","0.0%"
"Allegheny","Ave Maria Academy-Bethel Park Campus","Kindergarten","52","92.3%","92.3%","92.3%","92.3%","0.0%","92.3%","","","","","0.0%","7.7%","0.0%","0.0%","0.0%","0.0%"
"Allegheny","Ave Maria Academy-Bethel Park Campus","7th Grade","26","100.0%","100.0%","100.0%","100.0%","0.0%","100.0%","100.0%","100.0%","","","0.0%","0.0%","0.0%","0.0%","0.0%","0.0%"
"Allegheny","Ave Maria Academy-Mt Lebanon Campus","Kindergarten","25","92.0%","92.0%","92.0%","92.0%","0.0%","92.0%","","","","","0.0%","4.0%","0.0%","0.0%","0.0%","4.0%"
"Allegheny","Ave Maria Academy-Mt Lebanon Campus","7th Grade","17","","","","","","","","","","","","","","","",""
"Allegheny","Avonworth HS","12th Grade","147","95.2%","93.9%","98.6%","97.3%","0.7%","98.0%","98.6%","","0.0%","93.9%","0.0%","1.4%","2.7%","2.0%","0.0%","0.0%"
"Allegheny","Avonworth MS","7th Grade","165","98.8%","97.6%","99.4%","98.8%","0.0%","99.4%","97.6%","97.6%","","","0.0%","0.0%","3.0%","0.0%","0.0%","0.0%"
"Allegheny","Avonworth Primary Center","Kindergarten","124","97.6%","97.6%","97.6%","97.6%","0.0%","96.8%","","","","","0.0%","0.0%","3.2%","0.0%","0.0%","0.0%"
"Allegheny","Baker El Sch","Kindergarten","97","94.8%","94.8%","94.8%","95.9%","1.0%","93.8%","","","","","0.0%","3.1%","2.1%","0.0%","0.0%","0.0%"
"Allegheny","Bakerstown UMC Day School","Kindergarten","11","","","","","","","","","","","","","","","",""
"Allegheny","Baldwin SHS","12th Grade","340","98.2%","98.8%","99.1%","99.1%","0.3%","98.2%","97.6%","","0.6%","91.8%","0.0%","1.2%","0.9%","0.3%","0.0%","10.6%"
"Allegheny","Barrett El Sch","Kindergarten","60","90.0%","93.3%","93.3%","93.3%","0.0%","93.3%","","","","","0.0%","6.7%","0.0%","3.3%","0.0%","0.0%"
"Allegheny","Bellevue El Sch","Kindergarten","47","95.7%","95.7%","95.7%","95.7%","0.0%","95.7%","","","","","0.0%","0.0%","4.3%","0.0%","0.0%","0.0%"
"Allegheny","Benjamin Franklin El Sch","Kindergarten","75","97.3%","97.3%","96.0%","97.3%","0.0%","96.0%","","","","","1.3%","0.0%","2.7%","0.0%","0.0%","0.0%"
"Allegheny","Bethel Memorial El Sch","Kindergarten","51","98.0%","98.0%","98.0%","98.0%","0.0%","98.0%","","","","","0.0%","2.0%","0.0%","0.0%","0.0%","0.0%"
"Allegheny","Bethel Park HS","12th Grade","359","96.4%","95.8%","96.7%","96.1%","1.4%","96.9%","96.1%","","2.8%","93.3%","1.9%","2.8%","4.5%","0.0%","0.0%","0.0%"
"Allegheny","Bishop Canevin High School","12th Grade","41","95.1%","95.1%","95.1%","95.1%","0.0%","95.1%","95.1%","","0.0%","95.1%","0.0%","0.0%","2.4%","24.4%","0.0%","0.0%"
"Allegheny","Blessed Francis Seelos Academy","Kindergarten","49","93.9%","93.9%","91.8%","98.0%","0.0%","91.8%","","","","","2.0%","0.0%","6.1%","0.0%","0.0%","0.0%"
"Allegheny","Blessed Francis Seelos Academy","7th Grade","27","100.0%","100.0%","100.0%","100.0%","0.0%","100.0%","92.6%","92.6%","","","3.7%","0.0%","3.7%","0.0%","0.0%","0.0%"
"Allegheny","Blessed Trinity Academy","Kindergarten","23","91.3%","91.3%","91.3%","95.7%","95.7%","0.0%","","","","","0.0%","4.3%","0.0%","0.0%","0.0%","4.3%"
"Allegheny","Blessed Trinity Academy","7th Grade","13","","","","","","","","","","","","","","","",""
"Allegheny","Bon Meade El Sch","Kindergarten","79","98.7%","98.7%","98.7%","98.7%","0.0%","98.7%","","","","","0.0%","1.3%","0.0%","0.0%","0.0%","0.0%"
"Allegheny","Bradford Woods El Sch","Kindergarten","48","97.9%","97.9%","95.8%","97.9%","0.0%","95.8%","","","","","2.1%","2.1%","0.0%","0.0%","0.0%","0.0%"
"Allegheny","Brentwood MS","7th Grade","99","98.0%","98.0%","98.0%","98.0%","3.0%","94.9%","97.0%","97.0%","","","0.0%","2.0%","1.0%","0.0%","1.0%","0.0%"
"Allegheny","Brentwood MS","12th Grade","74","98.6%","97.3%","98.6%","95.9%","2.7%","95.9%","95.9%","","4.1%","93.2%","0.0%","2.7%","0.0%","2.7%","0.0%","0.0%"
"Allegheny","Bright Horizons at AGH","Kindergarten","7","","","","","","","","","","","","","","","",""
"Allegheny","Burchfield Primary Sch","Kindergarten","94","98.9%","98.9%","98.9%","100.0%","0.0%","98.9%","","","","","0.0%","0.0%","0.0%","1.1%","0.0%","0.0%"
"Allegheny","Campus Lab School of Carlow University","Kindergarten","24","100.0%","100.0%","100.0%","100.0%","0.0%","100.0%","","","","","0.0%","0.0%","0.0%","0.0%","0.0%","0.0%"
"Allegheny","Campus Lab School of Carlow University","7th Grade","14","","","","","","","","","","","","","","","",""
"Allegheny","Carlynton JSHS","7th Grade","83","98.8%","96.4%","97.6%","97.6%","0.0%","98.8%","81.9%","84.3%","","","2.4%","1.2%","1.2%","0.0%","0.0%","13.3%"
"Allegheny","Carlynton JSHS","12th Grade","106","98.1%","98.1%","97.2%","97.2%","0.0%","96.2%","96.2%","","2.8%","83.0%","0.9%","0.0%","3.8%","0.0%","0.0%","17.0%"
"Allegheny","Carnegie El Sch","Kindergarten","55","96.4%","98.2%","98.2%","94.5%","0.0%","100.0%","","","","","0.0%","0.0%","0.0%","9.1%","0.0%","9.1%"
"Allegheny","Carnegie Mellon University Childrens School","Kindergarten","17","","","","","","","","","","","","","","","",""
"Allegheny","Carriage House Childrens Ctr","Kindergarten","7","","","","","","","","","","","","","","","",""
"Allegheny","Carson MS","7th Grade","222","98.2%","97.7%","98.6%","98.2%","0.5%","97.3%","93.7%","93.2%","","","0.9%","5.4%","0.9%","0.0%","0.0%","0.9%"
"Allegheny","Catalyst Academy CS","Kindergarten","48","81.2%","81.2%","87.5%","85.4%","0.0%","83.3%","","","","","0.0%","0.0%","0.0%","0.0%","0.0%","33.3%"
"Allegheny","Central Catholic","12th Grade","179","97.8%","97.8%","97.8%","97.8%","0.6%","97.2%","97.8%","","0.0%","96.6%","0.0%","2.2%","1.1%","0.0%","0.0%","0.0%"
"Allegheny","Central El Sch - Allison Park location","Kindergarten","64","96.9%","96.9%","96.9%","96.9%","0.0%","96.9%","","","","","0.0%","3.1%","0.0%","0.0%","0.0%","0.0%"
"Allegheny","Central El Sch - Elizabeth location","Kindergarten","49","93.9%","93.9%","93.9%","98.0%","0.0%","93.9%","","","","","0.0%","4.1%","2.0%","0.0%","0.0%","0.0%"
"Allegheny","Chartiers Valley HS","12th Grade","250","96.4%","95.2%","96.0%","97.6%","0.8%","92.4%","98.0%","","38.4%","58.0%","1.2%","2.0%","1.6%","0.8%","0.0%","37.2%"
"Allegheny","Chartiers Valley MS","7th Grade","260","96.2%","99.2%","98.1%","99.2%","0.8%","96.5%","92.3%","91.9%","","","0.8%","1.2%","0.8%","0.0%","0.0%","5.8%"
"Allegheny","Chartiers Valley Primary Sch","Kindergarten","264","96.2%","96.2%","96.2%","97.3%","0.0%","94.3%","","","","","0.4%","0.4%","0.8%","6.4%","0.0%","0.8%"
"Allegheny","Cheswick Christian Academy","Kindergarten","11","","","","","","","","","","","","","","","",""
"Allegheny","Cheswick Christian Academy","7th Grade","9","","","","","","","","","","","","","","","",""
"Allegheny","Cheswick Christian Academy","12th Grade","8","","","","","","","","","","","","","","","",""
"Allegheny","Christ the Divine Tchr Cath Ac","Kindergarten","10","","","","","","","","","","","","","","","",""
"Allegheny","Christ the Divine Tchr Cath Ac","7th Grade","18","","","","","","","","","","","","","","","",""
"Allegheny","City CHS","12th Grade","141","97.9%","97.2%","97.9%","92.2%","0.0%","98.6%","97.9%","","0.0%","95.0%","0.0%","0.7%","11.3%","0.0%","0.0%","2.8%"
"Allegheny","Clairton El Sch","Kindergarten","67","94.0%","94.0%","94.0%","97.0%","0.0%","94.0%","","","","","0.0%","1.5%","0.0%","4.5%","0.0%","0.0%"
"Allegheny","Clairton MS/HS","7th Grade","64","96.9%","96.9%","96.9%","98.4%","0.0%","96.9%","93.8%","92.2%","","","0.0%","4.7%","3.1%","0.0%","0.0%","0.0%"
"Allegheny","Clairton MS/HS","12th Grade","62","100.0%","100.0%","100.0%","100.0%","0.0%","100.0%","100.0%","","1.6%","98.4%","0.0%","1.6%","0.0%","0.0%","0.0%","0.0%"
"Allegheny","Clara Barton El Sch","Kindergarten","55","98.2%","98.2%","98.2%","98.2%","0.0%","98.2%","","","","","0.0%","1.8%","0.0%","0.0%","0.0%","0.0%"
"Allegheny","Community Day School","Kindergarten","34","100.0%","100.0%","100.0%","100.0%","0.0%","100.0%","","","","","0.0%","0.0%","0.0%","0.0%","0.0%","0.0%"
"Allegheny","Community Day School","7th Grade","28","100.0%","100.0%","100.0%","100.0%","0.0%","100.0%","100.0%","100.0%","","","0.0%","0.0%","0.0%","0.0%","0.0%","0.0%"
"Allegheny","Cornell El Sch","Kindergarten","36","94.4%","94.4%","94.4%","94.4%","0.0%","94.4%","","","","","0.0%","5.6%","0.0%","0.0%","0.0%","0.0%"
"Allegheny","Cornell HS","7th Grade","46","97.8%","97.8%","97.8%","97.8%","0.0%","95.7%","89.1%","89.1%","","","0.0%","10.9%","0.0%","0.0%","0.0%","0.0%"
"Allegheny","Cornell HS","12th Grade","39","100.0%","100.0%","100.0%","100.0%","0.0%","100.0%","100.0%","","2.6%","97.4%","0.0%","0.0%","0.0%","0.0%","0.0%","0.0%"
"Allegheny","Cornerstone Christian Prep-Wilson Campus","Kindergarten","14","","","","","","","","","","","","","","","",""
"Allegheny","Cornerstone Christian Prep-Wilson Campus","7th Grade","16","","","","","","","","","","","","","","","",""
"Allegheny","Cornerstone Christian Prep-Wilson Campus","12th Grade","7","","","","","","","","","","","","","","","",""
"Allegheny","Crafton El Sch","Kindergarten","45","88.9%","88.9%","88.9%","91.1%","0.0%","88.9%","","","","","0.0%","8.9%","0.0%","2.2%","0.0%","2.2%"
"Allegheny","Curtisville Pri Ctr","Kindergarten","115","93.0%","93.0%","93.0%","93.0%","0.0%","93.0%","","","","","0.0%","2.6%","2.6%","1.7%","0.0%","0.0%"
"Allegheny","David E Williams MS","7th Grade","252","98.4%","98.4%","98.8%","98.8%","1.2%","97.6%","96.0%","95.6%","","","2.0%","0.0%","2.8%","0.8%","0.0%","0.0%"
"Allegheny","Day School","Kindergarten","6","","","","","","","","","","","","","","","",""
"Allegheny","Day School","7th Grade","15","","","","","","","","","","","","","","","",""
"Allegheny","Day School","12th Grade","50","94.0%","86.0%","88.0%","100.0%","2.0%","90.0%","94.0%","","8.0%","86.0%","0.0%","8.0%","10.0%","2.0%","0.0%","0.0%"
"Allegheny","DePaul Institute","Kindergarten","3","","","","","","","","","","","","","","","",""
"Allegheny","DePaul Institute","7th Grade","2","","","","","","","","","","","","","","","",""
"Allegheny","Deer Lakes HS","12th Grade","166","97.6%","97.6%","97.0%","97.6%","0.6%","97.6%","94.0%","","6.6%","84.3%","0.6%","6.0%","0.0%","0.0%","0.0%","6.6%"
"Allegheny","Deer Lakes MS","7th Grade","139","96.4%","95.7%","95.7%","96.4%","0.7%","95.7%","91.4%","90.6%","","","0.0%","4.3%","0.7%","1.4%","0.0%","5.0%"
"Allegheny","Dickson Prep STEAM Academy","7th Grade","215","74.0%","74.0%","74.0%","74.0%","0.0%","74.0%","74.0%","74.0%","","","0.9%","1.4%","5.6%","0.0%","0.0%","18.1%"
"Allegheny","Discovery School at Beechwood","Kindergarten","15","","","","","","","","","","","","","","","",""
"Allegheny","Divine Mercy Academy","Kindergarten","17","","","","","","","","","","","","","","","",""
"Allegheny","Divine Mercy Academy","7th Grade","17","","","","","","","","","","","","","","","",""
"Allegheny","Donaldson Elem Sch","Kindergarten","89","95.5%","93.3%","92.1%","97.8%","0.0%","92.1%","","","","","0.0%","4.5%","2.2%","2.2%","0.0%","0.0%"
"Allegheny","Dormont El Sch","Kindergarten","55","92.7%","92.7%","96.4%","96.4%","0.0%","94.5%","","","","","1.8%","0.0%","3.6%","1.8%","0.0%","1.8%"
"Allegheny","Dorseyville MS","7th Grade","341","98.2%","98.5%","98.5%","98.2%","0.3%","98.2%","95.3%","95.0%","","","0.0%","4.7%","0.6%","0.0%","0.0%","0.3%"
"Allegheny","Dr Cleveland Steward Jr El Sch","Kindergarten","60","93.3%","93.3%","93.3%","93.3%","0.0%","93.3%","","","","","0.0%","1.7%","3.3%","1.7%","0.0%","0.0%"
"Allegheny","Duquesne El Sch","Kindergarten","57","91.2%","94.7%","98.2%","98.2%","0.0%","98.2%","","","","","0.0%","0.0%","3.5%","0.0%","0.0%","5.3%"
"Allegheny","Duquesne El Sch","7th Grade","51","88.2%","96.1%","98.0%","100.0%","0.0%","98.0%","76.5%","80.4%","","","0.0%","2.0%","0.0%","0.0%","0.0%","21.6%"
"Allegheny","East Allegheny JSHS","7th Grade","99","94.9%","94.9%","94.9%","94.9%","0.0%","94.9%","77.8%","77.8%","","","0.0%","4.0%","1.0%","0.0%","0.0%","17.2%"
"Allegheny","East Allegheny JSHS","12th Grade","121","95.0%","95.0%","95.0%","95.0%","0.0%","95.0%","95.0%","","66.1%","28.9%","0.0%","1.7%","3.3%","0.0%","0.0%","28.9%"
"Allegheny","Easter Seals of Western and Central PA","Kindergarten","6","","","","","","","","","","","","","","","",""
"Allegheny","Eden Christian Academy","Kindergarten","24","91.7%","91.7%","75.0%","91.7%","0.0%","75.0%","","","","","0.0%","16.7%","0.0%","0.0%","0.0%","8.3%"
"Allegheny","Eden Christian Academy - Mt Nebo","7th Grade","49","93.9%","93.9%","93.9%","95.9%","0.0%","93.9%","87.8%","83.7%","","","0.0%","0.0%","16.3%","0.0%","0.0%","0.0%"
"Allegheny","Eden Christian Academy - Mt Nebo","12th Grade","52","92.3%","92.3%","90.4%","94.2%","0.0%","90.4%","90.4%","","0.0%","76.9%","0.0%","7.7%","15.4%","0.0%","0.0%","0.0%"
"Allegheny","Eden Christian Academy - Wexford","Kindergarten","34","85.3%","85.3%","88.2%","91.2%","0.0%","88.2%","","","","","0.0%","5.9%","11.8%","0.0%","0.0%","0.0%"
"Allegheny","Edgewood El STEAM Academy","Kindergarten","82","65.9%","65.9%","65.9%","65.9%","0.0%","65.9%","","","","","0.0%","0.0%","22.0%","0.0%","0.0%","12.2%"
"Allegheny","Edgeworth El Sch","Kindergarten","62","98.4%","98.4%","96.8%","96.8%","0.0%","96.8%","","","","","3.2%","0.0%","0.0%","1.6%","0.0%","0.0%"
"Allegheny","Eisenhower El Sch","Kindergarten","88","98.9%","98.9%","97.7%","98.9%","0.0%","97.7%","","","","","0.0%","1.1%","1.1%","0.0%","0.0%","0.0%"
"Allegheny","Elizabeth Forward SHS","12th Grade","191","99.0%","99.0%","97.9%","99.0%","0.0%","98.4%","96.9%","","56.0%","42.4%","0.0%","0.5%","5.8%","0.0%","0.0%","0.0%"
"Allegheny","Elroy Avenue El Sch","Kindergarten","45","97.8%","97.8%","97.8%","95.6%","2.2%","95.6%","","","","","0.0%","0.0%","2.2%","2.2%","0.0%","0.0%"
"Allegheny","Environmental CS at Frick Park","Kindergarten","75","94.7%","94.7%","94.7%","97.3%","0.0%","94.7%","","","","","0.0%","5.3%","0.0%","0.0%","0.0%","0.0%"
"Allegheny","Environmental CS at Frick Park","7th Grade","104","98.1%","98.1%","98.1%","100.0%","0.0%","98.1%","97.1%","97.1%","","","0.0%","2.9%","0.0%","0.0%","0.0%","0.0%"
"Allegheny","Environmental CS at Frick Park","12th Grade","33","97.0%","97.0%","97.0%","97.0%","0.0%","97.0%","97.0%","","0.0%","97.0%","0.0%","3.0%","0.0%","0.0%","0.0%","0.0%"
"Allegheny","Evergreen El Sch","Kindergarten","62","85.5%","83.9%","85.5%","87.1%","0.0%","85.5%","","","","","0.0%","1.6%","8.1%","6.5%","0.0%","0.0%"
"Allegheny","Fairview El Sch","Kindergarten","72","97.2%","97.2%","97.2%","97.2%","0.0%","97.2%","","","","","0.0%","0.0%","2.8%","0.0%","0.0%","0.0%"
"Allegheny","Falk Laboratory School","Kindergarten","48","97.9%","97.9%","100.0%","97.9%","0.0%","100.0%","","","","","0.0%","0.0%","2.1%","0.0%","0.0%","0.0%"
"Allegheny","Falk Laboratory School","7th Grade","45","100.0%","100.0%","100.0%","100.0%","0.0%","100.0%","100.0%","100.0%","","","0.0%","0.0%","0.0%","0.0%","0.0%","0.0%"
"Allegheny","Fort Couch MS","7th Grade","317","98.7%","98.4%","98.1%","98.4%","0.0%","98.7%","97.8%","97.5%","","","0.3%","1.3%","2.8%","0.0%","0.0%","0.3%"
"Allegheny","Foster El Sch","Kindergarten","47","93.6%","93.6%","95.7%","97.9%","93.6%","0.0%","","","","","0.0%","2.1%","0.0%","6.4%","0.0%","0.0%"
"Allegheny","Founders Hall Middle Sch","7th Grade","195","94.4%","94.4%","94.4%","94.4%","0.0%","94.4%","87.2%","87.2%","","","0.0%","3.6%","2.1%","7.2%","0.0%","0.0%"
"Allegheny","Fox Chapel Area HS","12th Grade","326","98.2%","98.2%","98.8%","97.9%","1.5%","98.5%","98.8%","","8.3%","88.3%","2.1%","1.5%","2.1%","0.0%","0.0%","8.3%"
"Allegheny","Francis McClure El Sch","Kindergarten","133","90.2%","93.2%","93.2%","94.0%","0.0%","93.2%","","","","","0.0%","2.3%","2.3%","2.3%","0.0%","3.0%"
"Allegheny","Franklin El Sch","Kindergarten","82","96.3%","96.3%","96.3%","95.1%","0.0%","96.3%","","","","","0.0%","1.2%","2.4%","0.0%","0.0%","1.2%"
"Allegheny","Fred L Aiken El Sch","Kindergarten","39","92.3%","92.3%","89.7%","100.0%","0.0%","92.3%","","","","","0.0%","0.0%","7.7%","2.6%","0.0%","0.0%"
"Allegheny","Gateway MS","7th Grade","288","97.6%","97.6%","96.9%","96.9%","0.3%","96.5%","95.1%","95.8%","","","0.0%","2.4%","5.6%","0.0%","0.0%","0.3%"
"Allegheny","Gateway SHS","12th Grade","280","98.2%","97.5%","97.5%","97.1%","0.0%","97.1%","95.7%","","92.1%","7.9%","1.1%","3.2%","5.4%","0.0%","0.0%","1.4%"
"Allegheny","George Washington El Sch","Kindergarten","60","98.3%","95.0%","96.7%","96.7%","0.0%","96.7%","","","","","0.0%","1.7%","3.3%","0.0%","0.0%","0.0%"
"Allegheny","Gill Hall El Sch","Kindergarten","113","98.2%","98.2%","98.2%","99.1%","0.0%","98.2%","","","","","0.0%","0.9%","0.0%","0.0%","0.0%","1.8%"
"Allegheny","Glen Montessori School","Kindergarten","28","96.4%","96.4%","96.4%","96.4%","0.0%","96.4%","","","","","0.0%","0.0%","3.6%","0.0%","0.0%","0.0%"
"Allegheny","Glen Montessori School","7th Grade","5","","","","","","","","","","","","","","","",""
"Allegheny","Goddard School - Gibsonia location","Kindergarten","13","","","","","","","","","","","","","","","",""
"Allegheny","Goddard School - Pittsburgh location","Kindergarten","4","","","","","","","","","","","","","","","",""
"Allegheny","Greater Works Christian School","Kindergarten","11","","","","","","","","","","","","","","","",""
"Allegheny","Greater Works Christian School","7th Grade","7","","","","","","","","","","","","","","","",""
"Allegheny","Greenock El Sch","Kindergarten","50","94.0%","94.0%","94.0%","94.0%","0.0%","94.0%","","","","","0.0%","4.0%","2.0%","0.0%","0.0%","0.0%"
"Allegheny","Guardian Angel Academy","Kindergarten","21","90.5%","90.5%","95.2%","100.0%","0.0%","95.2%","","","","","0.0%","0.0%","9.5%","0.0%","0.0%","0.0%"
"Allegheny","Guardian Angel Academy","7th Grade","29","100.0%","100.0%","100.0%","100.0%","0.0%","100.0%","96.6%","93.1%","","","0.0%","3.4%","3.4%","0.0%","0.0%","0.0%"
"Allegheny","Hampton HS","12th Grade","239","97.9%","96.7%","97.1%","97.9%","0.0%","97.9%","99.2%","","0.0%","92.9%","2.1%","4.6%","5.0%","0.0%","0.0%","0.0%"
"Allegheny","Hampton MS","7th Grade","205","96.1%","96.1%","96.1%","97.6%","0.0%","95.6%","92.7%","93.2%","","","1.0%","3.9%","3.4%","0.0%","0.0%","0.0%"
"Allegheny","Hance El Sch","Kindergarten","94","96.8%","96.8%","97.9%","100.0%","0.0%","97.9%","","","","","0.0%","1.1%","2.1%","0.0%","0.0%","0.0%"
"Allegheny","Hartwood El Sch","Kindergarten","70","94.3%","94.3%","94.3%","94.3%","0.0%","94.3%","","","","","0.0%","1.4%","0.0%","4.3%","0.0%","0.0%"
"Allegheny","Harvest Baptist Academy","Kindergarten","24","66.7%","45.8%","41.7%","62.5%","4.2%","41.7%","","","","","4.2%","50.0%","0.0%","4.2%","0.0%","0.0%"
"Allegheny","Harvest Baptist Academy","7th Grade","20","85.0%","65.0%","85.0%","80.0%","0.0%","85.0%","60.0%","55.0%","","","0.0%","50.0%","0.0%","0.0%","0.0%","0.0%"
"Allegheny","Harvest Baptist Academy","12th Grade","9","","","","","","","","","","","","","","","",""
"Allegheny","Highcliff El Sch","Kindergarten","75","94.7%","94.7%","94.7%","90.7%","0.0%","94.7%","","","","","0.0%","8.0%","0.0%","1.3%","0.0%","0.0%"
"Allegheny","Highlands MS","7th Grade","149","88.6%","88.6%","88.6%","88.6%","0.0%","88.6%","88.6%","88.6%","","","0.0%","0.7%","4.7%","4.0%","0.0%","2.0%"
"Allegheny","Highlands SHS","12th Grade","157","96.2%","96.2%","96.2%","96.2%","0.0%","96.2%","96.2%","","0.0%","93.6%","0.0%","5.7%","0.0%","1.3%","0.0%","0.0%"
"Allegheny","Hillcrest Christian Academy","Kindergarten","30","90.0%","90.0%","90.0%","90.0%","0.0%","90.0%","","","","","0.0%","10.0%","0.0%","0.0%","0.0%","0.0%"
"Allegheny","Hillcrest Christian Academy","7th Grade","14","","","","","","","","","","","","","","","",""
"Allegheny","Hillcrest Christian Academy","12th Grade","3","","","","","","","","","","","","","","","",""
"Allegheny","Hillel Academy of Pittsburgh","Kindergarten","16","","","","","","","","","","","","","","","",""
"Allegheny","Hillel Academy of Pittsburgh","7th Grade","27","96.3%","96.3%","96.3%","92.6%","0.0%","92.6%","92.6%","88.9%","","","0.0%","0.0%","3.7%","0.0%","0.0%","7.4%"
"Allegheny","Hillel Academy of Pittsburgh","12th Grade","8","","","","","","","","","","","","","","","",""
"Allegheny","Holy Cross Academy","Kindergarten","41","92.7%","92.7%","95.1%","95.1%","0.0%","95.1%","","","","","0.0%","7.3%","0.0%","0.0%","0.0%","0.0%"
"Allegheny","Holy Cross Academy","7th Grade","19","","","","","","","","","","","","","","","",""
"Allegheny","Holy Family Catholic School","Kindergarten","27","100.0%","100.0%","100.0%","100.0%","0.0%","100.0%","","","","","0.0%","0.0%","0.0%","0.0%","0.0%","0.0%"
"Allegheny","Holy Family Catholic School","7th Grade","19","","","","","","","","","","","","","","","",""
"Allegheny","Holy Family Institute Specialized Learning","7th Grade","1","","","","","","","","","","","","","","","",""
"Allegheny","Holy Family Institute Specialized Learning","12th Grade","3","","","","","","","","","","","","","","","",""
"Allegheny","Homeville El Sch","Kindergarten","102","97.1%","97.1%","97.1%","97.1%","0.0%","97.1%","","","","","0.0%","2.9%","0.0%","0.0%","0.0%","0.0%"
"Allegheny","Hoover El Sch","Kindergarten","48","100.0%","100.0%","100.0%","100.0%","0.0%","100.0%","","","","","0.0%","2.1%","0.0%","0.0%","0.0%","0.0%"
"Allegheny","Hosack El Sch","Kindergarten","43","100.0%","100.0%","100.0%","100.0%","0.0%","100.0%","","","","","0.0%","0.0%","0.0%","0.0%","0.0%","0.0%"
"Allegheny","Howe El Sch","Kindergarten","51","94.1%","94.1%","94.1%","96.1%","0.0%","94.1%","","","","","0.0%","3.9%","2.0%","0.0%","0.0%","0.0%"
"Allegheny","Imani Christian Academy","Kindergarten","8","","","","","","","","","","","","","","","",""
"Allegheny","Imani Christian Academy","7th Grade","8","","","","","","","","","","","","","","","",""
"Allegheny","Imani Christian Academy","12th Grade","9","","","","","","","","","","","","","","","",""
"Allegheny","Independence MS","7th Grade","319","93.1%","91.5%","90.6%","92.2%","0.3%","90.3%","93.4%","94.0%","","","0.3%","1.9%","5.6%","5.3%","0.0%","0.0%"
"Allegheny","Ingomar El Sch","Kindergarten","38","100.0%","100.0%","97.4%","100.0%","0.0%","97.4%","","","","","2.6%","0.0%","0.0%","0.0%","0.0%","0.0%"
"Allegheny","Ingomar MS","7th Grade","188","97.9%","97.3%","98.9%","97.3%","0.0%","98.4%","97.3%","97.3%","","","0.5%","2.7%","1.1%","0.0%","0.0%","1.1%"
"Allegheny","J H Brooks El Sch","Kindergarten","77","88.3%","88.3%","96.1%","96.1%","0.0%","93.5%","","","","","0.0%","1.3%","0.0%","10.4%","0.0%","0.0%"
"Allegheny","J.A. Allard El Sch","Kindergarten","52","98.1%","98.1%","98.1%","98.1%","0.0%","98.1%","","","","","1.9%","0.0%","0.0%","0.0%","0.0%","0.0%"
"Allegheny","J.E. Harrison MS","7th Grade","381","98.2%","97.6%","98.7%","98.7%","0.0%","98.7%","95.3%","95.3%","","","0.3%","1.3%","0.0%","0.0%","0.0%","5.8%"
"Allegheny","Jefferson El Sch","Kindergarten","35","100.0%","100.0%","100.0%","100.0%","0.0%","100.0%","","","","","0.0%","0.0%","0.0%","0.0%","0.0%","0.0%"
"Allegheny","Jefferson MS","7th Grade","226","96.0%","96.0%","96.0%","95.6%","2.7%","94.7%","94.2%","94.2%","","","0.0%","4.9%","0.9%","0.0%","0.0%","0.0%"
"Allegheny","Kelly Primary Sch","Kindergarten","55","94.5%","94.5%","96.4%","96.4%","0.0%","96.4%","","","","","0.0%","3.6%","0.0%","1.8%","0.0%","0.0%"
"Allegheny","Kentucky Avenue School","Kindergarten","12","","","","","","","","","","","","","","","",""
"Allegheny","Kentucky Avenue School","7th Grade","4","","","","","","","","","","","","","","","",""
"Allegheny","Kerr El Sch","Kindergarten","72","94.4%","94.4%","95.8%","95.8%","0.0%","95.8%","","","","","0.0%","0.0%","4.2%","1.4%","0.0%","0.0%"
"Allegheny","Keystone Oaks HS","12th Grade","143","99.3%","97.9%","99.3%","98.6%","0.0%","98.6%","97.9%","","18.9%","80.4%","0.7%","1.4%","1.4%","0.7%","0.0%","18.9%"
"Allegheny","Keystone Oaks MS","7th Grade","174","93.1%","98.3%","98.9%","97.7%","0.0%","98.9%","93.1%","92.0%","","","1.1%","1.7%","4.0%","2.9%","0.0%","1.1%"
"Allegheny","Learning Tree","Kindergarten","6","","","","","","","","","","","","","","","",""
"Allegheny","Life Male STEAM Academy CS","7th Grade","25","88.0%","88.0%","88.0%","88.0%","0.0%","88.0%","88.0%","88.0%","","","0.0%","0.0%","12.0%","0.0%","0.0%","0.0%"
"Allegheny","Lincoln El Sch","Kindergarten","67","98.5%","98.5%","98.5%","100.0%","0.0%","98.5%","","","","","0.0%","0.0%","1.5%","0.0%","0.0%","0.0%"
"Allegheny","Linton MS","7th Grade","221","97.3%","97.3%","97.3%","97.3%","0.0%","97.3%","97.3%","97.3%","","","0.9%","2.3%","0.0%","0.0%","0.0%","0.0%"
"Allegheny","Logan El Sch","Kindergarten","104","73.1%","71.2%","72.1%","81.7%","0.0%","73.1%","","","","","0.0%","0.0%","3.8%","19.2%","0.0%","14.4%"
"Allegheny","Margaret Shadick Cyert Ctr for Early Ed & Prog","Kindergarten","9","","","","","","","","","","","","","","","",""
"Allegheny","Markham El Sch","Kindergarten","51","98.0%","100.0%","100.0%","96.1%","0.0%","98.0%","","","","","0.0%","0.0%","2.0%","3.9%","0.0%","0.0%"
"Allegheny","Marshall El Sch","Kindergarten","97","94.8%","93.8%","93.8%","93.8%","0.0%","93.8%","","","","","0.0%","4.1%","1.0%","0.0%","0.0%","1.0%"
"Allegheny","Marshall MS","7th Grade","283","98.9%","98.2%","98.2%","98.6%","1.4%","96.5%","96.1%","95.8%","","","0.4%","2.5%","2.8%","0.0%","0.0%","0.4%"
"Allegheny","Marzolf Primary Sch","Kindergarten","83","97.6%","97.6%","95.2%","100.0%","0.0%","95.2%","","","","","1.2%","1.2%","0.0%","2.4%","0.0%","0.0%"
"Allegheny","McAnnulty El Sch","Kindergarten","314","95.5%","95.9%","97.5%","98.1%","0.3%","97.5%","","","","","0.0%","0.3%","2.2%","1.6%","0.0%","0.3%"
"Allegheny","McClellan El Sch","Kindergarten","111","94.6%","94.6%","94.6%","94.6%","0.0%","94.6%","","","","","0.0%","3.6%","1.8%","0.0%","0.0%","0.0%"
"Allegheny","McCormick El Sch","Kindergarten","65","98.5%","98.5%","96.9%","98.5%","0.0%","98.5%","","","","","1.5%","1.5%","0.0%","0.0%","0.0%","0.0%"
"Allegheny","McIntyre El Sch","Kindergarten","107","94.4%","92.5%","93.5%","96.3%","0.0%","93.5%","","","","","1.9%","0.0%","4.7%","1.9%","0.0%","0.0%"
"Allegheny","McKee El Sch","Kindergarten","75","96.0%","96.0%","98.7%","96.0%","1.3%","96.0%","","","","","2.7%","0.0%","1.3%","5.3%","0.0%","0.0%"
"Allegheny","McKeesport Area SHS","12th Grade","220","74.5%","74.5%","74.5%","74.5%","0.0%","74.5%","74.5%","","0.0%","74.5%","0.0%","1.4%","2.3%","0.0%","0.0%","21.8%"
"Allegheny","McKeesport Area Tech Ctr","12th Grade","220","74.5%","74.5%","74.5%","74.5%","0.0%","74.5%","74.5%","","0.0%","74.5%","0.0%","1.4%","2.3%","0.0%","0.0%","21.8%"
"Allegheny","McKnight El Sch","Kindergarten","112","94.6%","94.6%","94.6%","96.4%","0.9%","94.6%","","","","","0.0%","3.6%","0.0%","0.0%","0.0%","1.8%"
"Allegheny","Mellon MS","7th Grade","229","98.3%","97.8%","97.8%","97.8%","0.0%","97.8%","97.4%","97.8%","","","0.4%","2.2%","1.7%","0.4%","0.0%","0.0%"
"Allegheny","Montessori Centre Academy Inc","Kindergarten","10","","","","","","","","","","","","","","","",""
"Allegheny","Montessori Childrens Schoolhouse","Kindergarten","20","100.0%","100.0%","100.0%","100.0%","0.0%","100.0%","","","","","0.0%","0.0%","0.0%","0.0%","0.0%","0.0%"
"Allegheny","Montour El Sch","Kindergarten","260","94.6%","94.6%","94.2%","95.4%","0.0%","93.1%","","","","","0.0%","0.8%","2.7%","1.2%","0.0%","3.5%"
"Allegheny","Montour HS","12th Grade","250","99.2%","99.6%","99.6%","100.0%","0.0%","99.6%","98.4%","","4.4%","95.6%","0.4%","1.2%","4.4%","0.8%","0.0%","4.4%"
"Allegheny","Moon Area Upper MS","7th Grade","286","98.3%","97.9%","97.9%","97.9%","0.3%","96.5%","95.5%","95.5%","","","0.7%","3.1%","0.7%","0.7%","0.0%","0.3%"
"Allegheny","Moon SHS","12th Grade","321","99.1%","97.8%","96.9%","96.9%","1.2%","96.6%","96.9%","","0.6%","95.0%","0.9%","1.2%","2.2%","0.3%","0.0%","0.0%"
"Allegheny","Moore Sch","Kindergarten","47","95.7%","95.7%","100.0%","100.0%","0.0%","97.9%","","","","","0.0%","0.0%","0.0%","6.4%","0.0%","0.0%"
"Allegheny","Mother of Mercy Academy","Kindergarten","26","84.6%","84.6%","84.6%","92.3%","0.0%","84.6%","","","","","0.0%","15.4%","0.0%","0.0%","0.0%","0.0%"
"Allegheny","Mother of Mercy Academy","7th Grade","19","","","","","","","","","","","","","","","",""
"Allegheny","Mount Lebanon Montessori School","Kindergarten","13","","","","","","","","","","","","","","","",""
"Allegheny","Mt Lebanon SHS","12th Grade","452","98.2%","96.5%","98.0%","96.7%","0.7%","97.1%","96.9%","","0.0%","96.0%","0.9%","2.7%","3.1%","0.4%","0.0%","0.0%"
"Allegheny","Myrtle Ave Sch","Kindergarten","57","98.2%","100.0%","98.2%","100.0%","0.0%","98.2%","","","","","0.0%","0.0%","1.8%","1.8%","0.0%","0.0%"
"Allegheny","Nazareth Prep","12th Grade","18","","","","","","","","","","","","","","","",""
"Allegheny","Neighborhood Academy","7th Grade","29","62.1%","62.1%","62.1%","62.1%","0.0%","65.5%","62.1%","62.1%","","","0.0%","10.3%","0.0%","0.0%","0.0%","27.6%"
"Allegheny","Neighborhood Academy","12th Grade","14","","","","","","","","","","","","","","","",""
"Allegheny","New Story","Kindergarten","2","","","","","","","","","","","","","","","",""
"Allegheny","New Story","7th Grade","8","","","","","","","","","","","","","","","",""
"Allegheny","New Story","12th Grade","7","","","","","","","","","","","","","","","",""
"Allegheny","Noahs Ark Preschool/St Stephen Kindergarten","Kindergarten","7","","","","","","","","","","","","","","","",""
"Allegheny","North Allegheny HS","12th Grade","667","98.5%","98.1%","97.6%","98.5%","1.0%","96.1%","97.9%","","0.0%","97.0%","1.6%","2.4%","2.8%","0.0%","0.0%","0.4%"
"Allegheny","North Hills MS","7th Grade","377","97.6%","97.6%","97.6%","97.9%","1.3%","95.5%","96.0%","96.0%","","","0.0%","2.7%","1.6%","0.0%","0.0%","0.0%"
"Allegheny","North Hills SHS","12th Grade","343","96.8%","96.2%","96.8%","95.3%","0.0%","95.6%","97.7%","","1.7%","93.6%","0.3%","2.9%","2.9%","0.0%","0.0%","0.0%"
"Allegheny","North Pittsburgh Childrens House","Kindergarten","9","","","","","","","","","","","","","","","",""
"Allegheny","Northgate MSHS","7th Grade","73","97.3%","97.3%","97.3%","93.2%","0.0%","95.9%","91.8%","89.0%","","","0.0%","2.7%","2.7%","0.0%","0.0%","8.2%"
"Allegheny","Northgate MSHS","12th Grade","82","100.0%","98.8%","100.0%","100.0%","0.0%","100.0%","100.0%","","0.0%","95.1%","0.0%","0.0%","2.4%","1.2%","0.0%","1.2%"
"Allegheny","Northside Catholic Assumption Academy","Kindergarten","17","","","","","","","","","","","","","","","",""
"Allegheny","Northside Catholic Assumption Academy","7th Grade","16","","","","","","","","","","","","","","","",""
"Allegheny","O'Block El Sch","Kindergarten","88","97.7%","97.7%","97.7%","97.7%","0.0%","97.7%","","","","","0.0%","1.1%","1.1%","0.0%","0.0%","0.0%"
"Allegheny","OHara El Sch","Kindergarten","130","96.9%","96.9%","96.9%","96.9%","0.0%","96.9%","","","","","0.0%","1.5%","1.5%","0.0%","0.0%","0.0%"
"Allegheny","Oakland Catholic High School","12th Grade","106","98.1%","98.1%","99.1%","98.1%","0.0%","98.1%","98.1%","","0.9%","91.5%","0.0%","0.0%","4.7%","0.0%","0.0%","2.8%"
"Allegheny","Osborne El Sch","Kindergarten","60","90.0%","90.0%","93.3%","98.3%","0.0%","90.0%","","","","","0.0%","0.0%","1.7%","8.3%","0.0%","0.0%"
"Allegheny","Our Lady Sacred Heart HS","12th Grade","88","97.7%","97.7%","96.6%","97.7%","0.0%","96.6%","93.2%","","2.3%","85.2%","0.0%","14.8%","0.0%","0.0%","0.0%","0.0%"
"Allegheny","Pace School","Kindergarten","5","","","","","","","","","","","","","","","",""
"Allegheny","Pace School","7th Grade","10","","","","","","","","","","","","","","","",""
"Allegheny","Pace School","12th Grade","17","","","","","","","","","","","","","","","",""
"Allegheny","Park El Sch","Kindergarten","78","94.9%","94.9%","94.9%","94.9%","0.0%","94.9%","","","","","2.6%","2.6%","0.0%","0.0%","0.0%","0.0%"
"Allegheny","Passport Academy CS","12th Grade","86","100.0%","100.0%","100.0%","100.0%","0.0%","100.0%","94.2%","","0.0%","89.5%","0.0%","0.0%","10.5%","0.0%","0.0%","0.0%"
"Allegheny","Peebles El Sch","Kindergarten","64","96.9%","96.9%","96.9%","98.4%","0.0%","96.9%","","","","","0.0%","3.1%","0.0%","0.0%","0.0%","0.0%"
"Allegheny","Penn Hills CS of Entrepreneurship","Kindergarten","66","97.0%","97.0%","93.9%","95.5%","0.0%","93.9%","","","","","0.0%","1.5%","4.5%","0.0%","0.0%","0.0%"
"Allegheny","Penn Hills CS of Entrepreneurship","7th Grade","59","100.0%","100.0%","98.3%","98.3%","0.0%","98.3%","93.2%","93.2%","","","0.0%","1.7%","5.1%","0.0%","0.0%","0.0%"
"Allegheny","Penn Hills El Sch","Kindergarten","223","66.8%","68.6%","67.7%","72.2%","0.0%","66.4%","","","","","0.0%","2.2%","0.0%","0.0%","0.0%","42.2%"
"Allegheny","Penn Hills SHS","12th Grade","304","98.4%","98.4%","98.4%","98.4%","0.0%","98.4%","98.4%","","98.4%","0.0%","0.0%","1.6%","0.0%","0.0%","0.0%","0.0%"
"Allegheny","Penn Woods Classical Academy","Kindergarten","20","65.0%","65.0%","60.0%","60.0%","0.0%","60.0%","","","","","0.0%","40.0%","0.0%","0.0%","0.0%","0.0%"
"Allegheny","Pennsylvania Distance Learning CS","Kindergarten","69","79.7%","79.7%","79.7%","79.7%","0.0%","79.7%","","","","","0.0%","17.4%","0.0%","2.9%","0.0%","0.0%"
"Allegheny","Pennsylvania Distance Learning CS","7th Grade","122","82.0%","82.0%","82.0%","82.0%","0.0%","82.0%","67.2%","65.6%","","","0.0%","13.9%","0.8%","3.3%","0.0%","16.4%"
"Allegheny","Pennsylvania Distance Learning CS","12th Grade","112","79.5%","79.5%","79.5%","79.5%","0.0%","79.5%","79.5%","","0.0%","64.3%","0.0%","17.0%","0.9%","2.7%","0.0%","15.2%"
"Allegheny","Pine-Richland HS","12th Grade","345","97.1%","97.1%","96.5%","97.1%","0.6%","96.2%","96.8%","","46.4%","46.4%","1.4%","4.1%","2.9%","0.0%","0.0%","0.0%"
"Allegheny","Pine-Richland MS","7th Grade","373","98.9%","98.4%","98.1%","98.1%","0.3%","98.1%","95.4%","96.0%","","","1.3%","1.1%","2.9%","0.0%","0.0%","0.0%"
"Allegheny","Pittsburgh Allderdice HS","12th Grade","305","99.3%","98.4%","99.7%","98.4%","3.0%","96.7%","99.3%","","2.3%","97.7%","0.7%","1.3%","0.0%","1.0%","0.0%","0.0%"
"Allegheny","Pittsburgh Allegheny 6-8","7th Grade","48","100.0%","100.0%","100.0%","100.0%","0.0%","100.0%","95.8%","95.8%","","","0.0%","0.0%","0.0%","0.0%","0.0%","4.2%"
"Allegheny","Pittsburgh Allegheny K-5","Kindergarten","70","100.0%","88.6%","91.4%","95.7%","0.0%","91.4%","","","","","0.0%","0.0%","2.9%","0.0%","0.0%","15.7%"
"Allegheny","Pittsburgh Arlington K-8","Kindergarten","38","76.3%","78.9%","78.9%","97.4%","0.0%","78.9%","","","","","0.0%","0.0%","0.0%","2.6%","0.0%","21.1%"
"Allegheny","Pittsburgh Arlington K-8","7th Grade","36","72.2%","72.2%","72.2%","72.2%","0.0%","72.2%","69.4%","69.4%","","","0.0%","0.0%","2.8%","0.0%","0.0%","27.8%"
"Allegheny","Pittsburgh Arsenal 6-8","7th Grade","39","100.0%","92.3%","94.9%","97.4%","0.0%","97.4%","84.6%","79.5%","","","2.6%","0.0%","10.3%","0.0%","0.0%","43.6%"
"Allegheny","Pittsburgh Arsenal K-5","Kindergarten","162","98.8%","99.4%","99.4%","98.8%","0.0%","99.4%","","","","","0.0%","0.0%","0.0%","0.6%","0.0%","1.2%"
"Allegheny","Pittsburgh Banksville K-5","Kindergarten","56","75.0%","67.9%","80.4%","89.3%","5.4%","64.3%","","","","","0.0%","0.0%","0.0%","1.8%","0.0%","50.0%"
"Allegheny","Pittsburgh Beechwood K-5","Kindergarten","46","89.1%","91.3%","91.3%","91.3%","87.0%","0.0%","","","","","0.0%","2.2%","0.0%","6.5%","0.0%","6.5%"
"Allegheny","Pittsburgh Brashear HS","12th Grade","193","82.4%","83.9%","99.0%","95.3%","2.1%","91.7%","97.4%","","32.6%","61.1%","2.6%","1.0%","0.5%","17.6%","0.0%","10.4%"
"Allegheny","Pittsburgh Brookline K-8","Kindergarten","46","97.8%","95.7%","95.7%","97.8%","0.0%","95.7%","","","","","0.0%","2.2%","0.0%","0.0%","0.0%","2.2%"
"Allegheny","Pittsburgh Brookline K-8","7th Grade","46","97.8%","97.8%","97.8%","97.8%","0.0%","97.8%","93.5%","93.5%","","","0.0%","0.0%","4.3%","0.0%","0.0%","4.3%"
"Allegheny","Pittsburgh CAPA 6-12","7th Grade","102","97.1%","97.1%","97.1%","97.1%","0.0%","97.1%","97.1%","97.1%","","","0.0%","1.0%","1.0%","97.1%","0.0%","0.0%"
"Allegheny","Pittsburgh CAPA 6-12","12th Grade","135","95.6%","95.6%","95.6%","95.6%","0.0%","95.6%","95.6%","","0.0%","95.6%","0.0%","2.2%","0.7%","0.0%","0.0%","2.2%"
"Allegheny","Pittsburgh Carmalt K-8","Kindergarten","65","96.9%","100.0%","100.0%","98.5%","0.0%","100.0%","","","","","0.0%","0.0%","0.0%","4.6%","0.0%","0.0%"
"Allegheny","Pittsburgh Carmalt K-8","7th Grade","48","100.0%","100.0%","100.0%","100.0%","0.0%","100.0%","100.0%","100.0%","","","0.0%","0.0%","0.0%","0.0%","0.0%","0.0%"
"Allegheny","Pittsburgh Carrick HS","12th Grade","95","96.8%","93.7%","97.9%","96.8%","1.1%","97.9%","94.7%","","5.3%","89.5%","0.0%","0.0%","6.3%","0.0%","0.0%","2.1%"
"Allegheny","Pittsburgh Christian Academy","Kindergarten","9","","","","","","","","","","","","","","","",""
"Allegheny","Pittsburgh Christian Academy","7th Grade","15","","","","","","","","","","","","","","","",""
"Allegheny","Pittsburgh Christian Academy","12th Grade","23","87.0%","87.0%","87.0%","87.0%","0.0%","87.0%","87.0%","","0.0%","87.0%","0.0%","8.7%","4.3%","0.0%","0.0%","0.0%"
"Allegheny","Pittsburgh Classical 6-8","7th Grade","71","100.0%","100.0%","100.0%","98.6%","4.2%","95.8%","98.6%","98.6%","","","5.6%","1.4%","0.0%","0.0%","0.0%","0.0%"
"Allegheny","Pittsburgh Colfax K-8","Kindergarten","53","100.0%","98.1%","100.0%","100.0%","0.0%","100.0%","","","","","0.0%","0.0%","0.0%","1.9%","0.0%","0.0%"
"Allegheny","Pittsburgh Colfax K-8","7th Grade","92","97.8%","97.8%","97.8%","98.9%","5.4%","93.5%","96.7%","96.7%","","","0.0%","0.0%","2.2%","2.2%","0.0%","1.1%"
"Allegheny","Pittsburgh Concord K-5","Kindergarten","91","68.1%","70.3%","74.7%","82.4%","0.0%","72.5%","","","","","0.0%","0.0%","4.4%","0.0%","0.0%","33.0%"
"Allegheny","Pittsburgh Conroy","Kindergarten","12","","","","","","","","","","","","","","","",""
"Allegheny","Pittsburgh Conroy","7th Grade","14","","","","","","","","","","","","","","","",""
"Allegheny","Pittsburgh Conroy","12th Grade","67","100.0%","100.0%","98.5%","100.0%","0.0%","98.5%","100.0%","","0.0%","94.0%","1.5%","0.0%","6.0%","0.0%","0.0%","0.0%"
"Allegheny","Pittsburgh Dilworth K-5","Kindergarten","64","95.3%","95.3%","95.3%","96.9%","0.0%","95.3%","","","","","0.0%","0.0%","3.1%","0.0%","0.0%","1.6%"
"Allegheny","Pittsburgh Faison K-5","Kindergarten","63","93.7%","92.1%","96.8%","96.8%","0.0%","96.8%","","","","","0.0%","0.0%","1.6%","6.3%","0.0%","0.0%"
"Allegheny","Pittsburgh Fulton K-5","Kindergarten","23","91.3%","91.3%","91.3%","100.0%","0.0%","95.7%","","","","","0.0%","0.0%","4.3%","8.7%","0.0%","0.0%"
"Allegheny","Pittsburgh Grandview K-5","Kindergarten","46","93.5%","93.5%","93.5%","93.5%","0.0%","93.5%","","","","","0.0%","0.0%","4.3%","2.2%","0.0%","0.0%"
"Allegheny","Pittsburgh Greenfield K-8","Kindergarten","41","97.6%","100.0%","100.0%","100.0%","0.0%","100.0%","","","","","0.0%","0.0%","0.0%","2.4%","0.0%","0.0%"
"Allegheny","Pittsburgh Greenfield K-8","7th Grade","43","100.0%","100.0%","100.0%","100.0%","0.0%","100.0%","93.0%","93.0%","","","0.0%","0.0%","2.3%","2.3%","0.0%","2.3%"
"Allegheny","Pittsburgh King K-8","Kindergarten","51","86.3%","94.1%","86.3%","90.2%","0.0%","86.3%","","","","","0.0%","0.0%","3.9%","2.0%","0.0%","11.8%"
"Allegheny","Pittsburgh King K-8","7th Grade","39","89.7%","87.2%","89.7%","89.7%","0.0%","89.7%","76.9%","79.5%","","","2.6%","0.0%","5.1%","5.1%","0.0%","12.8%"
"Allegheny","Pittsburgh Langley K-8","Kindergarten","54","87.0%","87.0%","87.0%","87.0%","1.9%","85.2%","","","","","1.9%","3.7%","3.7%","3.7%","0.0%","0.0%"
"Allegheny","Pittsburgh Langley K-8","7th Grade","45","95.6%","95.6%","95.6%","95.6%","0.0%","95.6%","95.6%","95.6%","","","0.0%","0.0%","4.4%","0.0%","0.0%","0.0%"
"Allegheny","Pittsburgh Liberty K-5","Kindergarten","24","87.5%","87.5%","87.5%","87.5%","0.0%","87.5%","","","","","0.0%","0.0%","8.3%","4.2%","0.0%","0.0%"
"Allegheny","Pittsburgh Lincoln K-5","Kindergarten","35","94.3%","94.3%","94.3%","94.3%","0.0%","94.3%","","","","","0.0%","0.0%","2.9%","0.0%","0.0%","2.9%"
"Allegheny","Pittsburgh Linden K-5","Kindergarten","21","90.5%","90.5%","90.5%","90.5%","0.0%","90.5%","","","","","4.8%","0.0%","4.8%","0.0%","0.0%","0.0%"
"Allegheny","Pittsburgh Manchester K-8","Kindergarten","19","","","","","","","","","","","","","","","",""
"Allegheny","Pittsburgh Manchester K-8","7th Grade","15","","","","","","","","","","","","","","","",""
"Allegheny","Pittsburgh Mifflin K-8","Kindergarten","33","93.9%","93.9%","93.9%","93.9%","0.0%","93.9%","","","","","0.0%","0.0%","6.1%","0.0%","0.0%","0.0%"
"Allegheny","Pittsburgh Mifflin K-8","7th Grade","28","96.4%","96.4%","96.4%","96.4%","0.0%","96.4%","96.4%","96.4%","","","0.0%","0.0%","3.6%","0.0%","0.0%","0.0%"
"Allegheny","Pittsburgh Miller K-5","Kindergarten","29","86.2%","86.2%","86.2%","86.2%","0.0%","86.2%","","","","","0.0%","6.9%","0.0%","3.4%","0.0%","3.4%"
"Allegheny","Pittsburgh Milliones 6-12","7th Grade","23","100.0%","100.0%","100.0%","100.0%","0.0%","100.0%","95.7%","95.7%","","","0.0%","0.0%","4.3%","0.0%","0.0%","0.0%"
"Allegheny","Pittsburgh Milliones 6-12","12th Grade","42","100.0%","97.6%","100.0%","100.0%","0.0%","100.0%","97.6%","","7.1%","92.9%","0.0%","0.0%","2.4%","4.8%","0.0%","0.0%"
"Allegheny","Pittsburgh Minadeo K-5","Kindergarten","43","83.7%","86.0%","97.7%","93.0%","0.0%","97.7%","","","","","0.0%","0.0%","2.3%","7.0%","0.0%","7.0%"
"Allegheny","Pittsburgh Montessori K-5","Kindergarten","52","98.1%","98.1%","98.1%","98.1%","0.0%","98.1%","","","","","0.0%","0.0%","1.9%","0.0%","0.0%","0.0%"
"Allegheny","Pittsburgh Morrow K-8","Kindergarten","58","94.8%","94.8%","94.8%","96.6%","0.0%","94.8%","","","","","0.0%","0.0%","3.4%","1.7%","0.0%","0.0%"
"Allegheny","Pittsburgh Morrow K-8","7th Grade","45","100.0%","100.0%","100.0%","100.0%","0.0%","100.0%","100.0%","97.8%","","","0.0%","2.2%","0.0%","0.0%","2.2%","0.0%"
"Allegheny","Pittsburgh New Church School","7th Grade","5","","","","","","","","","","","","","","","",""
"Allegheny","Pittsburgh Obama 6-12","7th Grade","65","100.0%","100.0%","100.0%","100.0%","0.0%","100.0%","100.0%","100.0%","","","0.0%","0.0%","0.0%","0.0%","0.0%","0.0%"
"Allegheny","Pittsburgh Obama 6-12","12th Grade","104","100.0%","100.0%","100.0%","100.0%","0.0%","100.0%","100.0%","","0.0%","98.1%","1.0%","0.0%","0.0%","0.0%","0.0%","1.0%"
"Allegheny","Pittsburgh Oliver","7th Grade","2","","","","","","","","","","","","","","","",""
"Allegheny","Pittsburgh Oliver","12th Grade","4","","","","","","","","","","","","","","","",""
"Allegheny","Pittsburgh Online Academy","7th Grade","11","","","","","","","","","","","","","","","",""
"Allegheny","Pittsburgh Online Academy","12th Grade","24","95.8%","91.7%","91.7%","95.8%","0.0%","95.8%","95.8%","","0.0%","66.7%","0.0%","0.0%","16.7%","0.0%","0.0%","20.8%"
"Allegheny","Pittsburgh Perry HS","12th Grade","89","98.9%","95.5%","100.0%","100.0%","0.0%","98.9%","94.4%","","0.0%","94.4%","0.0%","0.0%","0.0%","0.0%","0.0%","43.8%"
"Allegheny","Pittsburgh Phillips K-5","Kindergarten","40","100.0%","97.5%","95.0%","97.5%","0.0%","92.5%","","","","","0.0%","0.0%","2.5%","10.0%","0.0%","0.0%"
"Allegheny","Pittsburgh Pioneer","Kindergarten","5","","","","","","","","","","","","","","","",""
"Allegheny","Pittsburgh Pioneer","7th Grade","4","","","","","","","","","","","","","","","",""
"Allegheny","Pittsburgh Pioneer","12th Grade","20","100.0%","100.0%","95.0%","95.0%","0.0%","95.0%","100.0%","","20.0%","80.0%","10.0%","0.0%","0.0%","5.0%","0.0%","0.0%"
"Allegheny","Pittsburgh Roosevelt K -5","Kindergarten","52","88.5%","92.3%","88.5%","96.2%","0.0%","84.6%","","","","","0.0%","0.0%","1.9%","1.9%","0.0%","11.5%"
"Allegheny","Pittsburgh Schiller 6-8","7th Grade","63","93.7%","93.7%","93.7%","93.7%","0.0%","93.7%","93.7%","93.7%","","","0.0%","0.0%","6.3%","0.0%","0.0%","6.3%"
"Allegheny","Pittsburgh Science and Technology Academy 6-12","7th Grade","76","97.4%","97.4%","97.4%","98.7%","0.0%","97.4%","96.1%","96.1%","","","0.0%","1.3%","2.6%","0.0%","0.0%","0.0%"
"Allegheny","Pittsburgh Science and Technology Academy 6-12","12th Grade","94","100.0%","100.0%","100.0%","100.0%","0.0%","100.0%","97.9%","","96.8%","0.0%","0.0%","3.2%","0.0%","0.0%","0.0%","0.0%"
"Allegheny","Pittsburgh South Brook 6-8","7th Grade","72","100.0%","100.0%","98.6%","100.0%","1.4%","98.6%","77.8%","77.8%","","","1.4%","0.0%","4.2%","1.4%","0.0%","16.7%"
"Allegheny","Pittsburgh South Hills 6-8","7th Grade","155","80.0%","83.2%","90.3%","85.2%","1.9%","84.5%","74.8%","72.9%","","","1.9%","1.9%","0.0%","29.7%","0.0%","0.0%"
"Allegheny","Pittsburgh Spring Hill K-5","Kindergarten","25","96.0%","96.0%","96.0%","100.0%","0.0%","96.0%","","","","","0.0%","4.0%","0.0%","0.0%","0.0%","0.0%"
"Allegheny","Pittsburgh Sterrett 6-8","7th Grade","61","98.4%","98.4%","96.7%","98.4%","0.0%","96.7%","96.7%","93.4%","","","0.0%","1.6%","1.6%","0.0%","0.0%","4.9%"
"Allegheny","Pittsburgh Sunnyside K-8","Kindergarten","35","71.4%","71.4%","71.4%","97.1%","0.0%","68.6%","","","","","2.9%","0.0%","0.0%","0.0%","0.0%","28.6%"
"Allegheny","Pittsburgh Sunnyside K-8","7th Grade","18","","","","","","","","","","","","","","","",""
"Allegheny","Pittsburgh Urban Christian School","Kindergarten","8","","","","","","","","","","","","","","","",""
"Allegheny","Pittsburgh Weil K-5","Kindergarten","31","100.0%","96.8%","96.8%","96.8%","0.0%","96.8%","","","","","0.0%","0.0%","0.0%","3.2%","0.0%","0.0%"
"Allegheny","Pittsburgh West Liberty K-5","Kindergarten","26","88.5%","92.3%","84.6%","92.3%","0.0%","84.6%","","","","","0.0%","0.0%","3.8%","0.0%","0.0%","11.5%"
"Allegheny","Pittsburgh Westwood K-5","Kindergarten","62","91.9%","88.7%","91.9%","83.9%","0.0%","83.9%","","","","","0.0%","0.0%","4.8%","0.0%","0.0%","12.9%"
"Allegheny","Pittsburgh Whittier K-5","Kindergarten","29","93.1%","89.7%","93.1%","96.6%","0.0%","93.1%","","","","","0.0%","0.0%","3.4%","3.4%","0.0%","3.4%"
"Allegheny","Pittsburgh Woolslair K-5","Kindergarten","34","97.1%","97.1%","97.1%","100.0%","0.0%","97.1%","","","","","0.0%","0.0%","0.0%","2.9%","0.0%","0.0%"
"Allegheny","Pivik El Sch","Kindergarten","121","95.9%","93.4%","94.2%","95.9%","0.0%","93.4%","","","","","0.0%","2.5%","4.1%","0.0%","0.0%","0.0%"
"Allegheny","Pleasant Hills MS","7th Grade","278","99.3%","99.3%","99.3%","99.3%","0.0%","99.3%","97.8%","97.8%","","","0.7%","1.8%","0.4%","0.0%","0.0%","0.0%"
"Allegheny","Plum MS","7th Grade","273","98.2%","98.2%","97.8%","98.5%","0.4%","98.2%","96.7%","97.1%","","","0.0%","1.8%","2.9%","0.0%","0.0%","0.0%"
"Allegheny","Plum SHS","12th Grade","333","97.9%","97.0%","96.7%","97.3%","1.2%","95.5%","95.8%","","0.3%","88.6%","0.6%","9.0%","3.6%","0.0%","0.0%","0.0%"
"Allegheny","Poff El Sch","Kindergarten","28","89.3%","89.3%","89.3%","92.9%","0.0%","89.3%","","","","","3.6%","7.1%","0.0%","0.0%","0.0%","0.0%"
"Allegheny","Pressley Ridge Day School-Pittsburgh","7th Grade","4","","","","","","","","","","","","","","","",""
"Allegheny","Pressley Ridge Day School-Pittsburgh","12th Grade","3","","","","","","","","","","","","","","","",""
"Allegheny","Pressley Ridge School for Autism","7th Grade","4","","","","","","","","","","","","","","","",""
"Allegheny","Pressley Ridge School for Autism","12th Grade","16","","","","","","","","","","","","","","","",""
"Allegheny","Pressley Ridge School for the Deaf Program","Kindergarten","1","","","","","","","","","","","","","","","",""
"Allegheny","Pressley Ridge School for the Deaf Program","7th Grade","1","","","","","","","","","","","","","","","",""
"Allegheny","Pressley Ridge School for the Deaf Program","12th Grade","5","","","","","","","","","","","","","","","",""
"Allegheny","Priory Court Childrens Center","Kindergarten","4","","","","","","","","","","","","","","","",""
"Allegheny","Propel CS-Braddock Hills","Kindergarten","43","83.7%","83.7%","83.7%","83.7%","0.0%","83.7%","","","","","0.0%","0.0%","0.0%","2.3%","0.0%","14.0%"
"Allegheny","Propel CS-East","Kindergarten","41","97.6%","97.6%","97.6%","97.6%","0.0%","97.6%","","","","","0.0%","2.4%","0.0%","0.0%","0.0%","0.0%"
"Allegheny","Propel CS-East","7th Grade","45","95.6%","95.6%","95.6%","95.6%","0.0%","95.6%","91.1%","91.1%","","","0.0%","6.7%","2.2%","0.0%","0.0%","0.0%"
"Allegheny","Propel CS-Hazelwood","Kindergarten","16","","","","","","","","","","","","","","","",""
"Allegheny","Propel CS-Hazelwood","7th Grade","17","","","","","","","","","","","","","","","",""
"Allegheny","Propel CS-McKeesport","Kindergarten","38","94.7%","94.7%","92.1%","97.4%","0.0%","92.1%","","","","","0.0%","2.6%","0.0%","5.3%","0.0%","0.0%"
"Allegheny","Propel CS-McKeesport","7th Grade","29","100.0%","100.0%","100.0%","100.0%","0.0%","100.0%","93.1%","93.1%","","","0.0%","3.4%","3.4%","0.0%","0.0%","0.0%"
"Allegheny","Propel CS-Montour","Kindergarten","57","96.5%","96.5%","100.0%","100.0%","0.0%","98.2%","","","","","0.0%","1.8%","3.5%","3.5%","0.0%","0.0%"
"Allegheny","Propel CS-Montour","7th Grade","69","100.0%","100.0%","100.0%","100.0%","0.0%","100.0%","97.1%","97.1%","","","0.0%","0.0%","1.4%","1.4%","0.0%","0.0%"
"Allegheny","Propel CS-Montour","12th Grade","30","100.0%","100.0%","100.0%","100.0%","0.0%","100.0%","100.0%","","0.0%","100.0%","0.0%","0.0%","0.0%","0.0%","0.0%","0.0%"
"Allegheny","Propel CS-Northside","Kindergarten","32","96.9%","96.9%","96.9%","96.9%","0.0%","96.9%","","","","","0.0%","3.1%","0.0%","0.0%","0.0%","0.0%"
"Allegheny","Propel CS-Northside","7th Grade","31","100.0%","100.0%","100.0%","100.0%","0.0%","100.0%","100.0%","100.0%","","","0.0%","0.0%","0.0%","0.0%","0.0%","0.0%"
"Allegheny","Propel CS-Pitcairn","Kindergarten","9","","","","","","","","","","","","","","","",""
"Allegheny","Propel CS-Pitcairn","7th Grade","19","","","","","","","","","","","","","","","",""
"Allegheny","Provident CS","7th Grade","48","97.9%","97.9%","97.9%","97.9%","0.0%","95.8%","89.6%","85.4%","","","0.0%","6.2%","0.0%","0.0%","0.0%","14.6%"
"Allegheny","Quaker Valley HS","12th Grade","156","98.1%","98.1%","98.1%","97.4%","0.0%","97.4%","98.1%","","0.0%","98.1%","0.0%","0.6%","1.9%","0.0%","0.0%","0.0%"
"Allegheny","Quaker Valley MS","7th Grade","131","97.7%","97.7%","96.9%","97.7%","0.8%","96.9%","93.9%","93.9%","","","0.0%","4.6%","1.5%","0.0%","0.0%","0.0%"
"Allegheny","Ramsey El Sch","Kindergarten","80","91.2%","91.2%","91.2%","91.2%","0.0%","91.2%","","","","","0.0%","6.2%","1.2%","0.0%","0.0%","1.2%"
"Allegheny","Redeemer Lutheran School-Verona","Kindergarten","19","","","","","","","","","","","","","","","",""
"Allegheny","Redeemer Lutheran School-Verona","7th Grade","15","","","","","","","","","","","","","","","",""
"Allegheny","Redeemer Lutheran School-Verona","12th Grade","16","","","","","","","","","","","","","","","",""
"Allegheny","Reserve Primary Sch","Kindergarten","26","100.0%","100.0%","100.0%","100.0%","0.0%","100.0%","","","","","0.0%","0.0%","0.0%","0.0%","0.0%","0.0%"
"Allegheny","Rhema Christian School","Kindergarten","19","","","","","","","","","","","","","","","",""
"Allegheny","Rhema Christian School","7th Grade","5","","","","","","","","","","","","","","","",""
"Allegheny","Richland El Sch","Kindergarten","115","96.5%","96.5%","96.5%","97.4%","0.0%","95.7%","","","","","0.0%","2.6%","1.7%","0.0%","0.0%","0.0%"
"Allegheny","Ridge Academy","Kindergarten","5","","","","","","","","","","","","","","","",""
"Allegheny","Riverview JSHS","7th Grade","79","100.0%","100.0%","100.0%","100.0%","0.0%","100.0%","100.0%","100.0%","","","0.0%","0.0%","0.0%","0.0%","0.0%","0.0%"
"Allegheny","Riverview JSHS","12th Grade","63","100.0%","100.0%","100.0%","100.0%","1.6%","98.4%","98.4%","","0.0%","100.0%","0.0%","0.0%","12.7%","0.0%","0.0%","3.2%"
"Allegheny","Robinson Township Christian School","Kindergarten","12","","","","","","","","","","","","","","","",""
"Allegheny","Robinson Township Christian School","7th Grade","5","","","","","","","","","","","","","","","",""
"Allegheny","Robinson Township Christian School","12th Grade","7","","","","","","","","","","","","","","","",""
"Allegheny","Ross El Sch","Kindergarten","81","97.5%","97.5%","97.5%","98.8%","0.0%","97.5%","","","","","0.0%","1.2%","1.2%","0.0%","0.0%","0.0%"
"Allegheny","Royal Oak Nursery School & Kdg","Kindergarten","10","","","","","","","","","","","","","","","",""
"Allegheny","STEM Steps","Kindergarten","5","","","","","","","","","","","","","","","",""
"Allegheny","STEM Steps 2","Kindergarten","7","","","","","","","","","","","","","","","",""
"Allegheny","Sacred Heart Elementary School","Kindergarten","37","94.6%","91.9%","91.9%","91.9%","0.0%","91.9%","","","","","0.0%","0.0%","2.7%","0.0%","0.0%","8.1%"
"Allegheny","Sacred Heart Elementary School","7th Grade","51","96.1%","96.1%","96.1%","96.1%","0.0%","96.1%","94.1%","92.2%","","","0.0%","0.0%","3.9%","0.0%","0.0%","3.9%"
"Allegheny","Scott Primary Sch","Kindergarten","87","95.4%","96.6%","96.6%","96.6%","0.0%","96.6%","","","","","0.0%","2.3%","1.1%","1.1%","0.0%","0.0%"
"Allegheny","Serra Catholic High School","12th Grade","48","100.0%","100.0%","100.0%","100.0%","0.0%","100.0%","100.0%","","39.6%","60.4%","0.0%","0.0%","0.0%","0.0%","0.0%","0.0%"
"Allegheny","Seton Lasalle High School","12th Grade","107","86.0%","84.1%","85.0%","85.0%","0.0%","82.2%","87.9%","","0.0%","78.5%","0.0%","8.4%","1.9%","3.7%","0.0%","8.4%"
"Allegheny","Sewickley Academy","Kindergarten","31","100.0%","96.8%","93.5%","96.8%","0.0%","93.5%","","","","","0.0%","0.0%","3.2%","3.2%","0.0%","0.0%"
"Allegheny","Sewickley Academy","7th Grade","44","100.0%","93.2%","93.2%","93.2%","0.0%","90.9%","93.2%","90.9%","","","4.5%","2.3%","2.3%","0.0%","0.0%","0.0%"
"Allegheny","Sewickley Academy","12th Grade","47","100.0%","100.0%","100.0%","100.0%","0.0%","100.0%","97.9%","","4.3%","93.6%","2.1%","0.0%","4.3%","0.0%","0.0%","0.0%"
"Allegheny","Shady Side Academy Country Day School","Kindergarten","30","100.0%","100.0%","100.0%","100.0%","0.0%","100.0%","","","","","0.0%","0.0%","0.0%","0.0%","0.0%","0.0%"
"Allegheny","Shady Side Academy Junior Sch","Kindergarten","41","97.6%","97.6%","97.6%","100.0%","0.0%","97.6%","","","","","0.0%","2.4%","0.0%","0.0%","0.0%","0.0%"
"Allegheny","Shady Side Academy Middle Sch","7th Grade","68","100.0%","100.0%","100.0%","100.0%","98.5%","0.0%","100.0%","98.5%","","","0.0%","1.5%","0.0%","0.0%","0.0%","0.0%"
"Allegheny","Shady Side Academy Senior School","12th Grade","106","99.1%","100.0%","100.0%","99.1%","0.0%","100.0%","99.1%","","0.0%","98.1%","0.0%","1.9%","0.0%","0.0%","0.0%","0.0%"
"Allegheny","Shaler Area HS","12th Grade","299","98.0%","98.0%","98.0%","98.0%","0.7%","98.3%","97.7%","","3.3%","94.3%","0.0%","0.0%","6.4%","0.0%","0.0%","0.0%"
"Allegheny","Shaler Area MS","7th Grade","290","97.9%","97.2%","97.6%","97.6%","0.0%","97.6%","96.6%","95.9%","","","0.7%","1.7%","2.8%","0.0%","0.0%","0.0%"
"Allegheny","Sister Thea Bowman Catholic Academy","Kindergarten","17","","","","","","","","","","","","","","","",""
"Allegheny","Sister Thea Bowman Catholic Academy","7th Grade","20","100.0%","100.0%","100.0%","100.0%","0.0%","100.0%","100.0%","100.0%","","","0.0%","0.0%","0.0%","0.0%","0.0%","0.0%"
"Allegheny","South Allegheny El Sch","Kindergarten","83","94.0%","94.0%","95.2%","94.0%","0.0%","94.0%","","","","","0.0%","4.8%","0.0%","0.0%","0.0%","2.4%"
"Allegheny","South Allegheny HS","12th Grade","111","99.1%","100.0%","100.0%","99.1%","0.0%","100.0%","98.2%","","0.0%","93.7%","0.0%","1.8%","0.9%","2.7%","0.0%","0.9%"
"Allegheny","South Allegheny MS","7th Grade","98","99.0%","99.0%","99.0%","99.0%","0.0%","99.0%","96.9%","96.9%","","","0.0%","2.0%","1.0%","0.0%","0.0%","0.0%"
"Allegheny","South Fayette MS","7th Grade","295","95.3%","92.5%","95.6%","94.9%","0.7%","95.3%","95.3%","94.9%","","","0.7%","1.7%","5.8%","0.3%","0.0%","0.0%"
"Allegheny","South Fayette Twp El Sch","Kindergarten","232","97.4%","96.6%","97.0%","98.3%","0.4%","96.6%","","","","","0.0%","0.0%","3.9%","0.9%","0.0%","0.0%"
"Allegheny","South Fayette Twp HS","12th Grade","271","96.3%","97.0%","96.7%","97.4%","1.8%","94.5%","97.4%","","1.8%","91.1%","1.1%","5.5%","2.2%","0.0%","0.0%","0.0%"
"Allegheny","South Hills Catholic Academy","Kindergarten","51","74.5%","66.7%","66.7%","74.5%","0.0%","64.7%","","","","","0.0%","7.8%","0.0%","0.0%","0.0%","29.4%"
"Allegheny","South Hills Catholic Academy","7th Grade","33","87.9%","90.9%","90.9%","84.8%","0.0%","87.9%","72.7%","69.7%","","","0.0%","12.1%","0.0%","0.0%","0.0%","21.2%"
"Allegheny","South Park Elem Center","Kindergarten","135","95.6%","96.3%","97.0%","97.8%","0.0%","96.3%","","","","","0.0%","3.7%","0.0%","0.7%","0.0%","0.0%"
"Allegheny","South Park MS","7th Grade","152","99.3%","99.3%","99.3%","99.3%","0.0%","99.3%","96.1%","96.1%","","","0.0%","0.7%","1.3%","0.0%","0.0%","2.0%"
"Allegheny","South Park SHS","12th Grade","154","100.0%","100.0%","98.1%","99.4%","0.0%","98.7%","100.0%","","1.9%","98.1%","1.9%","0.0%","2.6%","0.0%","0.0%","0.0%"
"Allegheny","Southwood School","7th Grade","5","","","","","","","","","","","","","","","",""
"Allegheny","Southwood School","12th Grade","2","","","","","","","","","","","","","","","",""
"Allegheny","Spectrum CS","7th Grade","3","","","","","","","","","","","","","","","",""
"Allegheny","Spectrum CS","12th Grade","20","100.0%","100.0%","100.0%","100.0%","0.0%","100.0%","100.0%","","0.0%","100.0%","0.0%","0.0%","0.0%","0.0%","0.0%","0.0%"
"Allegheny","Springdale JSHS","7th Grade","66","100.0%","100.0%","100.0%","100.0%","0.0%","100.0%","95.5%","95.5%","","","0.0%","0.0%","4.5%","0.0%","0.0%","0.0%"
"Allegheny","Springdale JSHS","12th Grade","64","96.9%","96.9%","96.9%","96.9%","0.0%","96.9%","96.9%","","0.0%","96.9%","0.0%","0.0%","3.1%","0.0%","0.0%","0.0%"
"Allegheny","St Bede School","Kindergarten","26","100.0%","100.0%","100.0%","100.0%","0.0%","100.0%","","","","","0.0%","0.0%","0.0%","0.0%","0.0%","0.0%"
"Allegheny","St Bede School","7th Grade","29","100.0%","100.0%","100.0%","100.0%","0.0%","100.0%","96.6%","96.6%","","","0.0%","3.4%","0.0%","0.0%","0.0%","0.0%"
"Allegheny","St Benedict the Moor","Kindergarten","20","95.0%","95.0%","95.0%","95.0%","0.0%","90.0%","","","","","0.0%","0.0%","5.0%","0.0%","0.0%","5.0%"
"Allegheny","St Benedict the Moor","7th Grade","15","","","","","","","","","","","","","","","",""
"Allegheny","St Edmunds Academy","Kindergarten","38","92.1%","92.1%","92.1%","92.1%","0.0%","92.1%","","","","","0.0%","0.0%","7.9%","0.0%","0.0%","0.0%"
"Allegheny","St Edmunds Academy","7th Grade","28","100.0%","100.0%","100.0%","100.0%","0.0%","100.0%","100.0%","100.0%","","","0.0%","0.0%","0.0%","0.0%","0.0%","0.0%"
"Allegheny","St James School","Kindergarten","11","","","","","","","","","","","","","","","",""
"Allegheny","St James School","7th Grade","10","","","","","","","","","","","","","","","",""
"Allegheny","St Joseph High School","12th Grade","19","","","","","","","","","","","","","","","",""
"Allegheny","St Louise De Marillac School","Kindergarten","60","91.7%","91.7%","91.7%","96.7%","0.0%","91.7%","","","","","1.7%","3.3%","3.3%","0.0%","0.0%","0.0%"
"Allegheny","St Louise De Marillac School","7th Grade","47","95.7%","95.7%","97.9%","97.9%","0.0%","97.9%","93.6%","93.6%","","","0.0%","6.4%","0.0%","0.0%","0.0%","0.0%"
"Allegheny","St Therese School","Kindergarten","21","90.5%","90.5%","90.5%","90.5%","0.0%","90.5%","","","","","0.0%","9.5%","0.0%","0.0%","0.0%","0.0%"
"Allegheny","St Therese School","7th Grade","30","100.0%","100.0%","100.0%","100.0%","0.0%","100.0%","83.3%","83.3%","","","3.3%","3.3%","3.3%","0.0%","0.0%","6.7%"
"Allegheny","Steel City Academies","7th Grade","9","","","","","","","","","","","","","","","",""
"Allegheny","Steel City Academies","12th Grade","5","","","","","","","","","","","","","","","",""
"Allegheny","Steel Valley MS","7th Grade","109","98.2%","99.1%","96.3%","96.3%","0.0%","97.2%","92.7%","89.0%","","","1.8%","0.9%","0.9%","0.0%","0.0%","7.3%"
"Allegheny","Sto-Rox JSHS","7th Grade","71","97.2%","97.2%","97.2%","97.2%","0.0%","97.2%","85.9%","85.9%","","","0.0%","1.4%","1.4%","11.3%","0.0%","0.0%"
"Allegheny","Sto-Rox JSHS","12th Grade","85","98.8%","98.8%","98.8%","98.8%","98.8%","0.0%","83.5%","","2.4%","81.2%","0.0%","0.0%","1.2%","17.6%","0.0%","0.0%"
"Allegheny","Sto-Rox Primary Ctr","Kindergarten","85","100.0%","100.0%","100.0%","100.0%","0.0%","100.0%","","","","","0.0%","0.0%","0.0%","0.0%","0.0%","0.0%"
"Allegheny","Streams El Sch","Kindergarten","77","97.4%","97.4%","97.4%","100.0%","0.0%","97.4%","","","","","0.0%","0.0%","2.6%","0.0%","0.0%","0.0%"
"Allegheny","Tenth Street El Sch","Kindergarten","46","91.3%","89.1%","89.1%","93.5%","0.0%","89.1%","","","","","0.0%","6.5%","4.3%","0.0%","0.0%","0.0%"
"Allegheny","The New Academy CS","12th Grade","26","73.1%","73.1%","69.2%","73.1%","0.0%","73.1%","69.2%","","7.7%","30.8%","0.0%","0.0%","0.0%","0.0%","0.0%","61.5%"
"Allegheny","The Saint Constantine School of Pittsburgh","Kindergarten","16","","","","","","","","","","","","","","","",""
"Allegheny","The Saint Constantine School of Pittsburgh","7th Grade","8","","","","","","","","","","","","","","","",""
"Allegheny","The Saint Constantine School of Pittsburgh","12th Grade","5","","","","","","","","","","","","","","","",""
"Allegheny","Thomas Jefferson HS","12th Grade","278","98.9%","98.9%","98.6%","98.9%","0.0%","97.8%","98.9%","","2.2%","96.8%","1.8%","3.2%","0.7%","0.0%","0.0%","0.4%"
"Allegheny","Three Rivers Village School","Kindergarten","17","","","","","","","","","","","","","","","",""
"Allegheny","Trinity Christian School","Kindergarten","35","91.4%","91.4%","91.4%","91.4%","0.0%","91.4%","","","","","0.0%","2.9%","5.7%","0.0%","0.0%","0.0%"
"Allegheny","Trinity Christian School","7th Grade","44","93.2%","93.2%","93.2%","93.2%","0.0%","93.2%","93.2%","93.2%","","","0.0%","2.3%","2.3%","2.3%","0.0%","0.0%"
"Allegheny","Trinity Christian School","12th Grade","24","75.0%","75.0%","75.0%","75.0%","75.0%","0.0%","75.0%","","0.0%","75.0%","0.0%","8.3%","12.5%","4.2%","0.0%","0.0%"
"Allegheny","Turtle Creek EL STEAM Academy","Kindergarten","95","78.9%","78.9%","78.9%","78.9%","0.0%","78.9%","","","","","0.0%","3.2%","3.2%","14.7%","0.0%","0.0%"
"Allegheny","Twin Rivers El Sch","Kindergarten","87","90.8%","92.0%","90.8%","93.1%","0.0%","90.8%","","","","","0.0%","2.3%","3.4%","1.1%","0.0%","4.6%"
"Allegheny","Universal Academy of Pittsburgh","Kindergarten","12","","","","","","","","","","","","","","","",""
"Allegheny","Universal Academy of Pittsburgh","7th Grade","5","","","","","","","","","","","","","","","",""
"Allegheny","University Park El Sch","Kindergarten","67","92.5%","92.5%","91.0%","95.5%","0.0%","91.0%","","","","","0.0%","1.5%","7.5%","0.0%","0.0%","0.0%"
"Allegheny","University School","12th Grade","15","","","","","","","","","","","","","","","",""
"Allegheny","Upper Saint Clair HS","12th Grade","302","97.4%","97.0%","97.0%","97.0%","2.0%","97.4%","98.0%","","1.0%","95.4%","1.3%","2.3%","3.6%","0.0%","0.0%","0.0%"
"Allegheny","Urban Academy of Greater Pittsburgh CS","Kindergarten","60","96.7%","96.7%","96.7%","96.7%","0.0%","96.7%","","","","","0.0%","1.7%","1.7%","0.0%","0.0%","0.0%"
"Allegheny","Urban Pathways 6-12 CS","7th Grade","55","94.5%","94.5%","94.5%","98.2%","0.0%","94.5%","83.6%","83.6%","","","0.0%","1.8%","0.0%","3.6%","0.0%","10.9%"
"Allegheny","Urban Pathways 6-12 CS","12th Grade","21","100.0%","100.0%","100.0%","100.0%","0.0%","100.0%","95.2%","","38.1%","61.9%","0.0%","4.8%","0.0%","4.8%","0.0%","28.6%"
"Allegheny","Urban Pathways K-5 College CS","Kindergarten","44","95.5%","95.5%","90.9%","100.0%","0.0%","90.9%","","","","","0.0%","2.3%","0.0%","4.5%","0.0%","2.3%"
"Allegheny","Verner El Sch","Kindergarten","29","96.6%","96.6%","93.1%","96.6%","0.0%","93.1%","","","","","0.0%","0.0%","6.9%","0.0%","0.0%","0.0%"
"Allegheny","Waldorf School of Pittsburgh","Kindergarten","42","95.2%","95.2%","95.2%","100.0%","0.0%","95.2%","","","","","4.8%","0.0%","7.1%","4.8%","0.0%","0.0%"
"Allegheny","Waldorf School of Pittsburgh","7th Grade","19","","","","","","","","","","","","","","","",""
"Allegheny","Walnut Grove Christian School","Kindergarten","12","","","","","","","","","","","","","","","",""
"Allegheny","Washington El Sch","Kindergarten","54","94.4%","96.3%","98.1%","98.1%","0.0%","98.1%","","","","","0.0%","0.0%","3.7%","1.9%","0.0%","0.0%"
"Allegheny","Watson Institute Education Center","Kindergarten","11","","","","","","","","","","","","","","","",""
"Allegheny","Watson Institute Education Center","7th Grade","18","","","","","","","","","","","","","","","",""
"Allegheny","Watson Institute Education Center","12th Grade","52","96.2%","84.6%","84.6%","98.1%","1.9%","88.5%","86.5%","","0.0%","82.7%","3.8%","15.4%","0.0%","0.0%","0.0%","0.0%"
"Allegheny","Watson Institute Education Center South","Kindergarten","5","","","","","","","","","","","","","","","",""
"Allegheny","Watson Institute Education Center South","7th Grade","14","","","","","","","","","","","","","","","",""
"Allegheny","Watson Institute Education Center South","12th Grade","42","95.2%","83.3%","81.0%","95.2%","0.0%","81.0%","85.7%","","4.8%","78.6%","4.8%","19.0%","0.0%","0.0%","0.0%","0.0%"
"Allegheny","Watson Institute Social Center for Academic Achievement","7th Grade","7","","","","","","","","","","","","","","","",""
"Allegheny","Watson Institute Social Center for Academic Achievement","12th Grade","4","","","","","","","","","","","","","","","",""
"Allegheny","Wesley High School","12th Grade","19","","","","","","","","","","","","","","","",""
"Allegheny","Wesley K-8 School","7th Grade","13","","","","","","","","","","","","","","","",""
"Allegheny","West Allegheny MS","7th Grade","281","97.5%","97.9%","97.9%","98.2%","0.0%","97.5%","94.3%","93.6%","","","0.7%","5.7%","0.4%","0.0%","0.0%","0.0%"
"Allegheny","West Allegheny SHS","12th Grade","270","96.3%","96.3%","97.0%","96.3%","2.2%","94.1%","96.7%","","0.4%","91.5%","1.9%","5.9%","0.4%","0.4%","0.0%","1.9%"
"Allegheny","West Mifflin Area HS","12th Grade","249","97.6%","97.6%","97.6%","97.6%","0.0%","97.6%","97.6%","","0.0%","97.6%","0.0%","1.6%","0.8%","0.0%","0.0%","0.0%"
"Allegheny","West Mifflin Area MS","7th Grade","143","96.5%","96.5%","96.5%","96.5%","0.0%","96.5%","91.6%","90.2%","","","0.0%","3.5%","0.0%","6.3%","0.0%","0.0%"
"Allegheny","West View El Sch","Kindergarten","72","97.2%","94.4%","95.8%","97.2%","0.0%","95.8%","","","","","0.0%","2.8%","0.0%","0.0%","0.0%","2.8%"
"Allegheny","Western PA Montessori School Inc","Kindergarten","14","","","","","","","","","","","","","","","",""
"Allegheny","Western PA School for Blind","Kindergarten","13","","","","","","","","","","","","","","","",""
"Allegheny","Western PA School for Blind","7th Grade","11","","","","","","","","","","","","","","","",""
"Allegheny","Western PA School for Blind","12th Grade","40","95.0%","97.5%","97.5%","95.0%","0.0%","97.5%","95.0%","","35.0%","65.0%","0.0%","0.0%","2.5%","0.0%","0.0%","12.5%"
"Allegheny","Wexford El Sch","Kindergarten","95","94.7%","94.7%","94.7%","95.8%","0.0%","94.7%","","","","","0.0%","3.2%","2.1%","0.0%","0.0%","0.0%"
"Allegheny","Wilkins El STEAM Academy","Kindergarten","72","91.7%","91.7%","90.3%","91.7%","0.0%","91.7%","","","","","0.0%","0.0%","5.6%","2.8%","0.0%","0.0%"
"Allegheny","William Penn El Sch - Bethel Park location","Kindergarten","40","87.5%","87.5%","87.5%","87.5%","0.0%","87.5%","","","","","0.0%","7.5%","5.0%","0.0%","0.0%","0.0%"
"Allegheny","William Penn El Sch - Monongahela Location","Kindergarten","67","91.0%","91.0%","89.6%","91.0%","0.0%","89.6%","","","","","0.0%","6.0%","0.0%","4.5%","0.0%","0.0%"
"Allegheny","Wilson El Sch","Kindergarten","101","93.1%","93.1%","92.1%","94.1%","0.0%","92.1%","","","","","2.0%","2.0%","1.0%","0.0%","0.0%","3.0%"
"Allegheny","Winchester Thurston School","Kindergarten","36","97.2%","97.2%","97.2%","97.2%","0.0%","97.2%","","","","","0.0%","0.0%","2.8%","0.0%","0.0%","0.0%"
"Allegheny","Winchester Thurston School","7th Grade","48","97.9%","97.9%","97.9%","97.9%","0.0%","97.9%","97.9%","97.9%","","","0.0%","0.0%","2.1%","0.0%","0.0%","0.0%"
"Allegheny","Winchester Thurston School","12th Grade","73","98.6%","98.6%","98.6%","97.3%","0.0%","98.6%","98.6%","","2.7%","95.9%","0.0%","0.0%","1.4%","0.0%","0.0%","4.1%"
"Allegheny","Woodland Hills HS","12th Grade","236","98.7%","98.7%","96.6%","97.0%","0.0%","96.6%","97.0%","","11.0%","85.2%","1.3%","3.8%","2.1%","3.8%","0.0%","2.1%"
"Allegheny","Wyland El Sch","Kindergarten","40","95.0%","95.0%","95.0%","100.0%","0.0%","95.0%","","","","","0.0%","0.0%","2.5%","2.5%","0.0%","0.0%"
"Allegheny","Yeshiva Achei Tmimim Schools","Kindergarten","16","","","","","","","","","","","","","","","",""
"Allegheny","Yeshiva Achei Tmimim Schools","7th Grade","12","","","","","","","","","","","","","","","",""
"Allegheny","Yeshiva Achei Tmimim Schools","12th Grade","1","","","","","","","","","","","","","","","",""
"Allegheny","Yeshiva Achei Tmimim Schools-Boys","Kindergarten","21","81.0%","85.7%","85.7%","90.5%","0.0%","90.5%","","","","","0.0%","4.8%","0.0%","0.0%","0.0%","19.0%"
"Allegheny","Yeshiva Achei Tmimim Schools-Boys","7th Grade","14","","","","","","","","","","","","","","","",""
"Allegheny","Young Scholars of Greater Allegheny CS","Kindergarten","66","81.8%","78.8%","81.8%","86.4%","0.0%","81.8%","","","","","1.5%","10.6%","12.1%","0.0%","0.0%","0.0%"
"Allegheny","Young Scholars of Greater Allegheny CS","7th Grade","33","97.0%","97.0%","97.0%","97.0%","0.0%","97.0%","90.9%","93.9%","","","0.0%","9.1%","3.0%","0.0%","0.0%","0.0%"
"Allegheny","Young Scholars of Western Pennsylvania CS","Kindergarten","41","100.0%","100.0%","100.0%","100.0%","0.0%","100.0%","","","","","0.0%","0.0%","0.0%","0.0%","0.0%","0.0%"
"Allegheny","Young Scholars of Western Pennsylvania CS","7th Grade","28","92.9%","92.9%","96.4%","100.0%","0.0%","96.4%","92.9%","92.9%","","","7.1%","7.1%","0.0%","0.0%","0.0%","0.0%"
"Armstrong","Adelphoi Education at Kittanning","12th Grade","7","","","","","","","","","","","","","","","",""
"Armstrong","Apollo-Ridge Elem Sch","Kindergarten","88","97.7%","97.7%","94.3%","96.6%","0.0%","95.5%","","","","","2.3%","1.1%","0.0%","1.1%","0.0%","0.0%"
"Armstrong","Apollo-Ridge HS","7th Grade","85","94.1%","94.1%","94.1%","94.1%","0.0%","94.1%","87.1%","88.2%","","","1.2%","11.8%","0.0%","0.0%","0.0%","0.0%"
"Armstrong","Apollo-Ridge HS","12th Grade","76","97.4%","96.1%","97.4%","96.1%","0.0%","97.4%","96.1%","","0.0%","89.5%","1.3%","10.5%","1.3%","0.0%","0.0%","0.0%"
"Armstrong","Armstrong JSHS","7th Grade","284","90.8%","94.7%","93.3%","94.0%","0.0%","93.3%","90.8%","91.2%","","","0.0%","3.9%","6.0%","0.4%","0.0%","0.0%"
"Armstrong","Armstrong JSHS","12th Grade","159","93.7%","94.3%","93.7%","93.7%","0.0%","93.7%","93.1%","","0.0%","93.1%","0.6%","3.8%","3.1%","0.0%","0.0%","0.0%"
"Armstrong","Buffalo El Sch","Kindergarten","85","97.6%","97.6%","97.6%","98.8%","0.0%","97.6%","","","","","0.0%","2.4%","0.0%","0.0%","0.0%","0.0%"
"Armstrong","David Leech El Sch","Kindergarten","56","98.2%","98.2%","98.2%","98.2%","0.0%","98.2%","","","","","0.0%","1.8%","0.0%","0.0%","0.0%","0.0%"
"Armstrong","Daybrook Amish School","7th Grade","1","","","","","","","","","","","","","","","",""
"Armstrong","Dayton El Sch","Kindergarten","24","87.5%","87.5%","87.5%","91.7%","0.0%","87.5%","","","","","0.0%","8.3%","0.0%","0.0%","0.0%","4.2%"
"Armstrong","Divine Redeemer School","Kindergarten","11","","","","","","","","","","","","","","","",""
"Armstrong","Elderton El Sch","Kindergarten","27","96.3%","96.3%","100.0%","100.0%","0.0%","100.0%","","","","","0.0%","0.0%","0.0%","3.7%","0.0%","0.0%"
"Armstrong","Evangelical Lutheran School","Kindergarten","16","","","","","","","","","","","","","","","",""
"Armstrong","Freeport Area MS","7th Grade","148","97.3%","95.3%","96.6%","96.6%","0.7%","95.9%","93.9%","93.9%","","","3.4%","4.7%","4.7%","0.0%","0.0%","0.0%"
"Armstrong","Freeport Area SHS","12th Grade","123","96.7%","96.7%","96.7%","96.7%","0.8%","95.1%","94.3%","","0.0%","94.3%","0.0%","4.1%","2.4%","0.0%","0.0%","0.0%"
"Armstrong","Grace Christian School","Kindergarten","7","","","","","","","","","","","","","","","",""
"Armstrong","Grace Christian School","7th Grade","4","","","","","","","","","","","","","","","",""
"Armstrong","Grace Christian School","12th Grade","5","","","","","","","","","","","","","","","",""
"Armstrong","Leechburg Area HS","12th Grade","42","97.6%","97.6%","97.6%","97.6%","0.0%","97.6%","97.6%","","0.0%","97.6%","0.0%","2.4%","0.0%","0.0%","0.0%","0.0%"
"Armstrong","Leechburg Area MS","7th Grade","51","100.0%","100.0%","100.0%","100.0%","0.0%","100.0%","100.0%","100.0%","","","0.0%","0.0%","0.0%","0.0%","0.0%","0.0%"
"Armstrong","Lenape El Sch","Kindergarten","87","92.0%","92.0%","92.0%","92.0%","0.0%","92.0%","","","","","0.0%","8.0%","0.0%","0.0%","0.0%","8.0%"
"Armstrong","Lenape Tech","12th Grade","189","95.2%","95.8%","95.8%","96.3%","0.0%","95.2%","95.2%","","0.0%","91.0%","0.5%","6.9%","3.2%","0.0%","0.0%","0.0%"
"Armstrong","Maple Leaf Amish School","7th Grade","2","","","","","","","","","","","","","","","",""
"Armstrong","Meadow View School","7th Grade","2","","","","","","","","","","","","","","","",""
"Armstrong","Merakey Education Center","Kindergarten","2","","","","","","","","","","","","","","","",""
"Armstrong","Merakey Education Center","7th Grade","2","","","","","","","","","","","","","","","",""
"Armstrong","Merakey Education Center","12th Grade","1","","","","","","","","","","","","","","","",""
"Armstrong","Open Ridge Amish School","7th Grade","3","","","","","","","","","","","","","","","",""
"Armstrong","Orchard Hills Chrst Academy","Kindergarten","61","100.0%","100.0%","100.0%","100.0%","0.0%","100.0%","","","","","0.0%","0.0%","0.0%","0.0%","0.0%","0.0%"
"Armstrong","Orchard Hills Chrst Academy","7th Grade","61","100.0%","100.0%","100.0%","100.0%","0.0%","100.0%","96.7%","96.7%","","","0.0%","3.3%","0.0%","1.6%","0.0%","0.0%"
"Armstrong","Orchard Hills Chrst Academy","12th Grade","61","100.0%","100.0%","100.0%","100.0%","0.0%","100.0%","98.4%","","0.0%","96.7%","0.0%","3.3%","0.0%","0.0%","0.0%","0.0%"
"Armstrong","Pleasant View","7th Grade","3","","","","","","","","","","","","","","","",""
"Armstrong","Rolling Hills School","7th Grade","1","","","","","","","","","","","","","","","",""
"Armstrong","Shannock Valley Amish School","7th Grade","2","","","","","","","","","","","","","","","",""
"Armstrong","Shannock Valley El Sch","Kindergarten","25","96.0%","96.0%","96.0%","96.0%","0.0%","96.0%","","","","","0.0%","0.0%","4.0%","0.0%","0.0%","0.0%"
"Armstrong","Slate Hill Amish","7th Grade","3","","","","","","","","","","","","","","","",""
"Armstrong","South Buffalo El Sch","Kindergarten","36","80.6%","77.8%","77.8%","91.7%","0.0%","77.8%","","","","","0.0%","11.1%","11.1%","0.0%","0.0%","0.0%"
"Armstrong","West Hills Primary Sch","Kindergarten","136","89.7%","90.4%","89.7%","95.6%","0.0%","89.7%","","","","","0.0%","9.6%","0.7%","0.0%","0.0%","0.0%"
"Armstrong","West Shamokin JSHS","7th Grade","118","91.5%","90.7%","90.7%","91.5%","0.8%","90.7%","89.0%","89.0%","","","0.0%","9.3%","1.7%","0.0%","0.0%","1.7%"
"Armstrong","West Shamokin JSHS","12th Grade","61","95.1%","95.1%","95.1%","95.1%","0.0%","95.1%","95.1%","","0.0%","88.5%","0.0%","8.2%","1.6%","0.0%","0.0%","1.6%"
"Armstrong","Whippoorwill Flat School","7th Grade","5","","","","","","","","","","","","","","","",""
"Beaver","Adelphoi Education at Beaver","7th Grade","2","","","","","","","","","","","","","","","",""
"Beaver","Aliquippa El Sch","Kindergarten","74","100.0%","100.0%","100.0%","100.0%","0.0%","100.0%","","","","","0.0%","0.0%","0.0%","0.0%","0.0%","0.0%"
"Beaver","Aliquippa JSHS","7th Grade","81","98.8%","97.5%","98.8%","97.5%","0.0%","98.8%","90.1%","90.1%","","","0.0%","1.2%","0.0%","0.0%","0.0%","12.3%"
"Beaver","Aliquippa JSHS","12th Grade","78","100.0%","100.0%","100.0%","100.0%","0.0%","100.0%","98.7%","","0.0%","92.3%","0.0%","0.0%","0.0%","0.0%","0.0%","9.0%"
"Beaver","Ambridge Area HS","12th Grade","197","94.9%","94.4%","94.4%","94.9%","0.5%","94.4%","93.4%","","4.6%","75.1%","0.5%","8.6%","0.0%","0.0%","0.0%","14.7%"
"Beaver","Ambridge Area MS","7th Grade","174","98.3%","98.3%","98.3%","97.7%","0.0%","97.1%","97.1%","97.7%","","","0.0%","1.1%","8.6%","2.9%","0.0%","1.7%"
"Beaver","Baden Academy CS","Kindergarten","95","93.7%","93.7%","93.7%","97.9%","0.0%","93.7%","","","","","0.0%","7.4%","0.0%","0.0%","0.0%","1.1%"
"Beaver","Beaver Area MS","7th Grade","162","98.1%","98.1%","98.1%","97.5%","0.0%","98.1%","89.5%","89.5%","","","1.2%","0.0%","0.0%","9.3%","0.0%","0.0%"
"Beaver","Beaver Area SHS","12th Grade","173","93.1%","97.7%","97.7%","94.2%","0.0%","97.7%","93.1%","","5.2%","93.1%","1.7%","0.0%","0.0%","5.2%","0.0%","0.0%"
"Beaver","Beaver Co Christian Sch -Upper","12th Grade","27","74.1%","74.1%","74.1%","74.1%","0.0%","74.1%","66.7%","","0.0%","59.3%","3.7%","25.9%","3.7%","0.0%","0.0%","7.4%"
"Beaver","Beaver Co Christian School Lower","Kindergarten","13","","","","","","","","","","","","","","","",""
"Beaver","Beaver Co Christian School Lower","7th Grade","29","58.6%","58.6%","58.6%","58.6%","0.0%","58.6%","62.1%","62.1%","","","3.4%","31.0%","3.4%","3.4%","0.0%","0.0%"
"Beaver","Beaver Falls Area SHS","12th Grade","117","98.3%","98.3%","98.3%","98.3%","0.0%","99.1%","98.3%","","9.4%","89.7%","0.0%","0.0%","6.0%","0.0%","0.0%","6.0%"
"Beaver","Beaver Falls MS","7th Grade","124","95.2%","94.4%","95.2%","95.2%","0.0%","95.2%","90.3%","88.7%","","","0.0%","4.0%","1.6%","2.4%","0.0%","4.0%"
"Beaver","Beaver Valley IU 27","Kindergarten","6","","","","","","","","","","","","","","","",""
"Beaver","Beaver Valley IU 27","7th Grade","14","","","","","","","","","","","","","","","",""
"Beaver","Beaver Valley IU 27","12th Grade","10","","","","","","","","","","","","","","","",""
"Beaver","Bethel Christian School","7th Grade","1","","","","","","","","","","","","","","","",""
"Beaver","Bethel Christian School","12th Grade","2","","","","","","","","","","","","","","","",""
"Beaver","Big Beaver El Sch","Kindergarten","40","95.0%","97.5%","97.5%","97.5%","0.0%","97.5%","","","","","0.0%","0.0%","2.5%","2.5%","0.0%","0.0%"
"Beaver","Blackhawk HS","12th Grade","195","97.9%","97.9%","97.4%","97.9%","0.0%","97.9%","98.5%","","0.0%","98.5%","0.0%","8.7%","2.6%","0.0%","0.0%","0.0%"
"Beaver","Blackhawk Intermediate Sch","Kindergarten","105","91.4%","90.5%","89.5%","93.3%","0.0%","89.5%","","","","","1.0%","8.6%","1.0%","0.0%","0.0%","0.0%"
"Beaver","Center Grange Primary School","Kindergarten","160","96.9%","96.2%","97.5%","98.1%","0.6%","97.5%","","","","","0.0%","0.6%","3.1%","0.0%","0.0%","1.9%"
"Beaver","Central El Sch","Kindergarten","71","93.0%","94.4%","94.4%","94.4%","0.0%","94.4%","","","","","0.0%","0.0%","5.6%","1.4%","0.0%","0.0%"
"Beaver","Central Valley HS","12th Grade","186","99.5%","99.5%","99.5%","99.5%","1.1%","98.4%","100.0%","","0.5%","89.8%","1.6%","0.0%","1.6%","0.5%","0.0%","8.1%"
"Beaver","Central Valley MS","7th Grade","164","98.2%","97.6%","97.6%","98.2%","0.0%","97.6%","88.4%","87.8%","","","0.0%","2.4%","1.2%","0.0%","0.0%","8.5%"
"Beaver","Class Academy","12th Grade","1","","","","","","","","","","","","","","","",""
"Beaver","College Square El Sch","Kindergarten","143","93.0%","93.0%","93.0%","93.0%","0.0%","93.0%","","","","","1.4%","4.9%","0.7%","0.0%","0.0%","0.0%"
"Beaver","Economy El Sch","Kindergarten","68","91.2%","89.7%","92.6%","92.6%","0.0%","91.2%","","","","","0.0%","0.0%","0.0%","0.0%","0.0%","10.3%"
"Beaver","Fairview El Sch","Kindergarten","43","95.3%","93.0%","95.3%","97.7%","0.0%","95.3%","","","","","0.0%","0.0%","4.7%","2.3%","0.0%","2.3%"
"Beaver","Freedom Area El Sch","Kindergarten","85","92.9%","92.9%","96.5%","94.1%","0.0%","96.5%","","","","","0.0%","3.5%","0.0%","0.0%","0.0%","9.4%"
"Beaver","Freedom Area MS","7th Grade","84","96.4%","96.4%","96.4%","96.4%","0.0%","96.4%","88.1%","86.9%","","","0.0%","13.1%","0.0%","0.0%","0.0%","9.5%"
"Beaver","Freedom Area SHS","12th Grade","104","93.3%","93.3%","93.3%","93.3%","0.0%","93.3%","94.2%","","0.0%","84.6%","0.0%","6.7%","0.0%","0.0%","0.0%","16.3%"
"Beaver","Highland El Sch","Kindergarten","33","93.9%","90.9%","90.9%","93.9%","0.0%","90.9%","","","","","0.0%","6.1%","0.0%","3.0%","0.0%","3.0%"
"Beaver","Highland MS","7th Grade","189","97.9%","98.4%","98.4%","98.4%","0.5%","97.9%","94.7%","95.2%","","","0.0%","2.1%","3.7%","0.5%","0.0%","0.0%"
"Beaver","Hopewell El Sch","Kindergarten","48","95.8%","95.8%","97.9%","97.9%","0.0%","97.9%","","","","","0.0%","0.0%","2.1%","2.1%","0.0%","0.0%"
"Beaver","Hopewell JHS","7th Grade","198","94.9%","94.9%","95.5%","94.9%","0.0%","95.5%","93.4%","93.9%","","","0.0%","1.5%","2.0%","0.0%","0.0%","4.5%"
"Beaver","Hopewell SHS","12th Grade","157","96.8%","96.8%","97.5%","96.8%","1.3%","96.8%","96.8%","","0.0%","92.4%","0.6%","1.3%","2.5%","0.0%","0.0%","3.8%"
"Beaver","Independence El Sch","Kindergarten","36","94.4%","91.7%","94.4%","94.4%","0.0%","94.4%","","","","","0.0%","5.6%","0.0%","2.8%","0.0%","0.0%"
"Beaver","Lincoln Park Performing Arts CS","7th Grade","108","93.5%","93.5%","93.5%","93.5%","0.0%","93.5%","93.5%","93.5%","","","0.0%","6.5%","0.0%","0.0%","0.0%","0.0%"
"Beaver","Lincoln Park Performing Arts CS","12th Grade","110","95.5%","95.5%","94.5%","94.5%","0.9%","93.6%","95.5%","","0.0%","95.5%","0.0%","6.4%","0.0%","0.0%","0.0%","0.0%"
"Beaver","Margaret Ross El Sch","Kindergarten","36","97.2%","97.2%","97.2%","97.2%","0.0%","97.2%","","","","","0.0%","0.0%","0.0%","0.0%","0.0%","2.8%"
"Beaver","McGuire Memorial","Kindergarten","7","","","","","","","","","","","","","","","",""
"Beaver","McGuire Memorial","7th Grade","10","","","","","","","","","","","","","","","",""
"Beaver","McGuire Memorial","12th Grade","4","","","","","","","","","","","","","","","",""
"Beaver","Midland El/MS","Kindergarten","31","87.1%","87.1%","90.3%","90.3%","0.0%","90.3%","","","","","0.0%","9.7%","0.0%","0.0%","0.0%","3.2%"
"Beaver","Midland El/MS","7th Grade","14","","","","","","","","","","","","","","","",""
"Beaver","New Brighton Area El Sch","Kindergarten","82","100.0%","100.0%","100.0%","100.0%","0.0%","100.0%","","","","","0.0%","0.0%","0.0%","0.0%","0.0%","0.0%"
"Beaver","New Brighton Area MS","7th Grade","100","100.0%","100.0%","100.0%","100.0%","0.0%","100.0%","100.0%","100.0%","","","0.0%","0.0%","0.0%","0.0%","0.0%","0.0%"
"Beaver","New Brighton Area MS","12th Grade","92","98.9%","98.9%","98.9%","98.9%","0.0%","100.0%","97.8%","","0.0%","92.4%","0.0%","2.2%","0.0%","0.0%","0.0%","6.5%"
"Beaver","Our Lady of Fatima School","Kindergarten","18","","","","","","","","","","","","","","","",""
"Beaver","Our Lady of Fatima School","7th Grade","6","","","","","","","","","","","","","","","",""
"Beaver","Patterson Primary Sch","Kindergarten","48","97.9%","97.9%","97.9%","97.9%","0.0%","97.9%","","","","","0.0%","2.1%","0.0%","0.0%","0.0%","0.0%"
"Beaver","Pennsylvania Cyber CS","Kindergarten","262","76.3%","71.4%","74.0%","77.9%","0.0%","74.0%","","","","","0.0%","17.9%","8.4%","2.3%","0.0%","3.1%"
"Beaver","Pennsylvania Cyber CS","7th Grade","792","91.2%","88.8%","91.8%","90.8%","0.1%","91.7%","67.0%","64.5%","","","0.4%","8.2%","3.3%","0.4%","0.0%","23.2%"
"Beaver","Pennsylvania Cyber CS","12th Grade","1,129","93.5%","91.4%","95.0%","92.6%","0.0%","93.9%","95.2%","","39.1%","35.6%","0.4%","7.4%","2.1%","1.0%","0.0%","28.1%"
"Beaver","Riverside El Sch","Kindergarten","98","89.8%","89.8%","88.8%","93.9%","0.0%","87.8%","","","","","0.0%","0.0%","12.2%","0.0%","0.0%","0.0%"
"Beaver","Riverside HS","12th Grade","106","99.1%","98.1%","99.1%","96.2%","0.9%","97.2%","98.1%","","0.9%","94.3%","0.0%","2.8%","5.7%","0.0%","0.0%","0.0%"
"Beaver","Riverside MS","7th Grade","115","94.8%","94.8%","94.8%","94.8%","0.0%","94.8%","81.7%","80.9%","","","0.0%","3.5%","8.7%","0.0%","0.0%","7.8%"
"Beaver","Rochester Area El Sch","Kindergarten","57","89.5%","82.5%","91.2%","94.7%","0.0%","93.0%","","","","","0.0%","3.5%","0.0%","0.0%","0.0%","14.0%"
"Beaver","Rochester High School","12th Grade","74","100.0%","100.0%","100.0%","100.0%","0.0%","100.0%","100.0%","","27.0%","73.0%","0.0%","2.7%","0.0%","0.0%","0.0%","25.7%"
"Beaver","Rochester MS","7th Grade","61","90.2%","95.1%","95.1%","98.4%","0.0%","96.7%","86.9%","88.5%","","","0.0%","6.6%","0.0%","0.0%","0.0%","16.4%"
"Beaver","Saint Monica Catholic Academy","Kindergarten","9","","","","","","","","","","","","","","","",""
"Beaver","Saint Monica Catholic Academy","7th Grade","4","","","","","","","","","","","","","","","",""
"Beaver","South Side El Sch","Kindergarten","69","94.2%","94.2%","94.2%","94.2%","0.0%","94.2%","","","","","0.0%","1.4%","4.3%","0.0%","0.0%","0.0%"
"Beaver","South Side HS","12th Grade","71","97.2%","95.8%","97.2%","97.2%","0.0%","97.2%","93.0%","","8.5%","84.5%","1.4%","2.8%","8.5%","2.8%","0.0%","2.8%"
"Beaver","South Side MS","7th Grade","70","94.3%","94.3%","94.3%","92.9%","0.0%","94.3%","84.3%","84.3%","","","0.0%","2.9%","8.6%","7.1%","0.0%","7.1%"
"Beaver","State Street El Sch","Kindergarten","24","91.7%","91.7%","100.0%","95.8%","0.0%","100.0%","","","","","0.0%","0.0%","0.0%","4.2%","0.0%","4.2%"
"Beaver","Sts Peter & Paul School","Kindergarten","22","86.4%","86.4%","86.4%","86.4%","0.0%","86.4%","","","","","0.0%","9.1%","4.5%","0.0%","0.0%","0.0%"
"Beaver","Sts Peter & Paul School","7th Grade","11","","","","","","","","","","","","","","","",""
"Beaver","Western Beaver Co JSHS","7th Grade","56","91.1%","91.1%","91.1%","91.1%","0.0%","91.1%","80.4%","78.6%","","","1.8%","0.0%","17.9%","1.8%","0.0%","1.8%"
"Beaver","Western Beaver Co JSHS","12th Grade","56","96.4%","96.4%","96.4%","96.4%","0.0%","96.4%","91.1%","","17.9%","82.1%","0.0%","17.9%","0.0%","0.0%","0.0%","0.0%"
"Bedford","Allegheny Valley Christian School","7th Grade","3","","","","","","","","","","","","","","","",""
"Bedford","Allegheny Valley Christian School","12th Grade","2","","","","","","","","","","","","","","","",""
"Bedford","Bedford El Sch","Kindergarten","125","94.4%","94.4%","94.4%","97.6%","0.0%","94.4%","","","","","0.8%","1.6%","2.4%","1.6%","0.0%","0.0%"
"Bedford","Bedford MS","7th Grade","144","93.1%","93.1%","93.1%","93.1%","0.0%","93.1%","93.1%","93.1%","","","0.0%","6.2%","0.7%","0.0%","0.0%","0.0%"
"Bedford","Bedford SHS","12th Grade","124","95.2%","95.2%","95.2%","96.0%","0.8%","94.4%","95.2%","","6.5%","88.7%","0.0%","8.1%","3.2%","0.0%","0.0%","0.0%"
"Bedford","Chestnut Ridge Central El Sch","Kindergarten","88","94.3%","94.3%","94.3%","93.2%","1.1%","93.2%","","","","","0.0%","6.8%","0.0%","0.0%","0.0%","0.0%"
"Bedford","Chestnut Ridge MS","7th Grade","81","98.8%","98.8%","97.5%","97.5%","0.0%","96.3%","98.8%","98.8%","","","0.0%","3.7%","0.0%","0.0%","0.0%","0.0%"
"Bedford","Chestnut Ridge SHS","12th Grade","105","99.0%","99.0%","100.0%","99.0%","0.0%","100.0%","99.0%","","0.0%","97.1%","0.0%","1.9%","0.0%","0.0%","0.0%","1.9%"
"Bedford","Christian Light School","7th Grade","8","","","","","","","","","","","","","","","",""
"Bedford","Christian Light School","12th Grade","5","","","","","","","","","","","","","","","",""
"Bedford","Dry Hill Parochial School","7th Grade","4","","","","","","","","","","","","","","","",""
"Bedford","Everett Area El Sch","Kindergarten","66","93.9%","90.9%","89.4%","95.5%","0.0%","89.4%","","","","","0.0%","0.0%","4.5%","6.1%","0.0%","6.1%"
"Bedford","Everett Area HS","12th Grade","101","100.0%","100.0%","99.0%","100.0%","0.0%","99.0%","97.0%","","16.8%","83.2%","0.0%","0.0%","4.0%","15.8%","0.0%","15.8%"
"Bedford","Everett Area MS","7th Grade","93","95.7%","95.7%","95.7%","96.8%","0.0%","95.7%","89.2%","89.2%","","","0.0%","0.0%","6.5%","5.4%","0.0%","5.4%"
"Bedford","Friends Cove Mennonite School","7th Grade","4","","","","","","","","","","","","","","","",""
"Bedford","Golden Rule","7th Grade","3","","","","","","","","","","","","","","","",""
"Bedford","Lone Oak Mennonite School","7th Grade","3","","","","","","","","","","","","","","","",""
"Bedford","Noahs Ark Kindergarten","Kindergarten","15","","","","","","","","","","","","","","","",""
"Bedford","Northern Bedford Co El Sch","Kindergarten","60","95.0%","95.0%","95.0%","98.3%","0.0%","93.3%","","","","","0.0%","3.3%","3.3%","0.0%","0.0%","0.0%"
"Bedford","Northern Bedford County HS","12th Grade","51","98.0%","98.0%","98.0%","100.0%","0.0%","96.1%","98.0%","","0.0%","90.2%","2.0%","3.9%","5.9%","0.0%","0.0%","0.0%"
"Bedford","Northern Bedford County MS","7th Grade","70","95.7%","94.3%","92.9%","97.1%","0.0%","92.9%","88.6%","87.1%","","","1.4%","4.3%","8.6%","0.0%","0.0%","0.0%"
"Bedford","Snake Spring Valley Christian Academy","Kindergarten","8","","","","","","","","","","","","","","","",""
"Bedford","Snake Spring Valley Christian Academy","7th Grade","7","","","","","","","","","","","","","","","",""
"Bedford","Snake Spring Valley Christian Academy","12th Grade","4","","","","","","","","","","","","","","","",""
"Bedford","South Cove Parochial School","7th Grade","5","","","","","","","","","","","","","","","",""
"Bedford","Spring Meadow School","7th Grade","1","","","","","","","","","","","","","","","",""
"Bedford","Sunny Slope School","7th Grade","4","","","","","","","","","","","","","","","",""
"Bedford","Sunset Ridge School","7th Grade","1","","","","","","","","","","","","","","","",""
"Bedford","Tussey Mountain EL","Kindergarten","60","98.3%","95.0%","95.0%","96.7%","0.0%","95.0%","","","","","1.7%","0.0%","3.3%","0.0%","0.0%","0.0%"
"Bedford","Tussey Mountain HS","12th Grade","65","98.5%","98.5%","96.9%","98.5%","0.0%","96.9%","96.9%","","0.0%","90.8%","0.0%","0.0%","10.8%","0.0%","0.0%","0.0%"
"Bedford","Tussey Mountain MS","7th Grade","83","95.2%","92.8%","95.2%","95.2%","0.0%","95.2%","94.0%","90.4%","","","0.0%","2.4%","8.4%","0.0%","0.0%","0.0%"
"Bedford","Woodbury Mennonite School","7th Grade","3","","","","","","","","","","","","","","","",""
"Berks","Amanda E Stout El Sch","Kindergarten","232","97.4%","97.4%","96.1%","99.1%","0.0%","95.7%","","","","","0.9%","0.0%","2.6%","0.9%","0.0%","1.3%"
"Berks","Andrew Maier El Sch","Kindergarten","43","100.0%","100.0%","100.0%","100.0%","0.0%","100.0%","","","","","0.0%","0.0%","0.0%","0.0%","0.0%","0.0%"
"Berks","Antietam HS","12th Grade","78","100.0%","100.0%","100.0%","100.0%","0.0%","100.0%","100.0%","","2.6%","97.4%","0.0%","1.3%","0.0%","1.3%","0.0%","0.0%"
"Berks","Autumn Ridge Mennonite School","7th Grade","5","","","","","","","","","","","","","","","",""
"Berks","Berks Catholic High School","12th Grade","161","98.8%","98.8%","99.4%","98.8%","1.2%","98.8%","99.4%","","0.6%","98.8%","0.0%","1.2%","0.0%","0.0%","0.0%","0.0%"
"Berks","Bethel Dunkard Breth Chrst Sch","Kindergarten","6","","","","","","","","","","","","","","","",""
"Berks","Bethel Dunkard Breth Chrst Sch","7th Grade","6","","","","","","","","","","","","","","","",""
"Berks","Bethel Dunkard Breth Chrst Sch","12th Grade","2","","","","","","","","","","","","","","","",""
"Berks","Bethel El Sch","Kindergarten","55","85.5%","85.5%","83.6%","87.3%","0.0%","83.6%","","","","","0.0%","14.5%","0.0%","5.5%","0.0%","0.0%"
"Berks","Blue Mountain Academy","12th Grade","44","61.4%","56.8%","75.0%","84.1%","2.3%","61.4%","54.5%","","11.4%","29.5%","2.3%","4.5%","27.3%","0.0%","0.0%","31.8%"
"Berks","Blue Mountain SDA Elementary Sch","Kindergarten","2","","","","","","","","","","","","","","","",""
"Berks","Blue Mountain SDA Elementary Sch","7th Grade","3","","","","","","","","","","","","","","","",""
"Berks","Blue Mountain View Paroch Sch","7th Grade","3","","","","","","","","","","","","","","","",""
"Berks","Boyertown Area MS-East","7th Grade","314","94.9%","94.9%","94.6%","95.2%","0.6%","94.3%","92.0%","91.4%","","","0.0%","4.8%","1.9%","0.0%","0.0%","2.9%"
"Berks","Boyertown Area MS-West","7th Grade","214","93.0%","92.5%","92.5%","94.4%","1.4%","91.1%","86.9%","86.9%","","","0.0%","5.6%","2.3%","0.0%","0.5%","5.6%"
"Berks","Boyertown Area SHS","12th Grade","520","99.2%","98.7%","98.8%","99.4%","0.8%","98.1%","97.5%","","0.6%","94.8%","0.0%","6.5%","3.8%","0.8%","0.0%","1.5%"
"Berks","Boyertown El Sch","Kindergarten","101","91.1%","91.1%","92.1%","93.1%","0.0%","92.1%","","","","","1.0%","4.0%","0.0%","0.0%","0.0%","5.0%"
"Berks","Brandywine Heights Intrmd/MS","Kindergarten","83","95.2%","95.2%","95.2%","95.2%","0.0%","95.2%","","","","","0.0%","3.6%","0.0%","0.0%","0.0%","1.2%"
"Berks","Brandywine Heights Intrmd/MS","7th Grade","118","89.8%","89.8%","90.7%","90.7%","0.8%","89.8%","83.9%","83.9%","","","0.0%","11.0%","1.7%","0.0%","0.0%","4.2%"
"Berks","Brandywine Heights Intrmd/MS","12th Grade","92","95.7%","94.6%","95.7%","94.6%","1.1%","93.5%","95.7%","","0.0%","88.0%","0.0%","4.3%","5.4%","0.0%","0.0%","2.2%"
"Berks","Brecknock El Sch","Kindergarten","84","94.0%","94.0%","92.9%","94.0%","0.0%","92.9%","","","","","0.0%","7.1%","0.0%","0.0%","0.0%","0.0%"
"Berks","Breezy Corner Parochial School","7th Grade","4","","","","","","","","","","","","","","","",""
"Berks","CHOR Day Academy","7th Grade","4","","","","","","","","","","","","","","","",""
"Berks","CHOR Day Academy","12th Grade","6","","","","","","","","","","","","","","","",""
"Berks","Central MS","7th Grade","429","99.3%","99.3%","99.5%","99.5%","1.2%","98.4%","97.2%","97.2%","","","0.0%","0.2%","0.2%","2.1%","0.0%","0.5%"
"Berks","Centre Avenue Academy","7th Grade","6","","","","","","","","","","","","","","","",""
"Berks","Centre Avenue Academy","12th Grade","2","","","","","","","","","","","","","","","",""
"Berks","Cherry Hill Mennonite School","7th Grade","8","","","","","","","","","","","","","","","",""
"Berks","Colebrookdale El Sch","Kindergarten","47","97.9%","97.9%","97.9%","97.9%","0.0%","97.9%","","","","","0.0%","0.0%","0.0%","0.0%","0.0%","2.1%"
"Berks","Conrad Weiser East El Sch","Kindergarten","65","90.8%","90.8%","92.3%","93.8%","0.0%","92.3%","","","","","0.0%","7.7%","0.0%","1.5%","0.0%","0.0%"
"Berks","Conrad Weiser HS","12th Grade","219","95.4%","95.0%","95.4%","95.4%","0.5%","95.0%","94.5%","","0.0%","93.2%","0.0%","7.8%","0.0%","0.0%","0.0%","0.0%"
"Berks","Conrad Weiser MS","7th Grade","200","91.5%","91.5%","91.5%","91.5%","0.0%","91.5%","91.5%","91.5%","","","0.0%","8.5%","0.0%","0.0%","0.0%","0.0%"
"Berks","Conrad Weiser West El Sch","Kindergarten","88","95.5%","93.2%","94.3%","95.5%","0.0%","94.3%","","","","","0.0%","5.7%","0.0%","1.1%","0.0%","0.0%"
"Berks","Cornwall Terrace El Sch","Kindergarten","69","97.1%","97.1%","97.1%","97.1%","0.0%","97.1%","","","","","0.0%","2.9%","0.0%","0.0%","0.0%","0.0%"
"Berks","Cumru El Sch","Kindergarten","78","98.7%","98.7%","98.7%","98.7%","0.0%","98.7%","","","","","0.0%","1.3%","0.0%","0.0%","0.0%","0.0%"
"Berks","Daniel Boone Area HS","12th Grade","248","96.4%","96.4%","96.4%","96.8%","0.0%","96.0%","96.4%","","0.0%","89.9%","0.0%","3.6%","4.4%","0.4%","0.0%","1.6%"
"Berks","Daniel Boone Area MS","7th Grade","212","97.2%","97.2%","97.2%","97.2%","0.5%","96.2%","94.3%","95.8%","","","0.5%","1.9%","3.3%","0.5%","0.0%","0.0%"
"Berks","Daniel Boone Area Primary Ctr","Kindergarten","177","94.9%","94.9%","93.8%","96.0%","0.0%","93.8%","","","","","0.6%","2.8%","2.3%","0.6%","0.0%","1.1%"
"Berks","Earl El Sch","Kindergarten","37","81.1%","83.8%","86.5%","89.2%","0.0%","86.5%","","","","","0.0%","8.1%","5.4%","0.0%","0.0%","5.4%"
"Berks","Echo Valley Mennonite School","7th Grade","5","","","","","","","","","","","","","","","",""
"Berks","Exeter Twp JHS","7th Grade","277","93.5%","93.5%","93.5%","93.1%","0.0%","93.5%","93.1%","93.1%","","","0.0%","1.8%","3.6%","0.4%","0.0%","1.8%"
"Berks","Exeter Twp SHS","12th Grade","360","95.3%","94.4%","95.6%","92.2%","0.0%","93.9%","96.1%","","0.0%","91.4%","0.0%","0.8%","6.4%","0.8%","0.0%","0.6%"
"Berks","Fairview Christian School","Kindergarten","10","","","","","","","","","","","","","","","",""
"Berks","Fairview Christian School","7th Grade","12","","","","","","","","","","","","","","","",""
"Berks","Fairview Christian School","12th Grade","13","","","","","","","","","","","","","","","",""
"Berks","Fieldstone Parochial School","7th Grade","4","","","","","","","","","","","","","","","",""
"Berks","Fleetwood Christian Day School","7th Grade","4","","","","","","","","","","","","","","","",""
"Berks","Fleetwood MS","7th Grade","179","96.6%","96.6%","96.1%","96.6%","0.6%","95.5%","94.4%","94.4%","","","0.0%","0.6%","2.2%","0.0%","0.0%","3.4%"
"Berks","Fleetwood SHS","12th Grade","172","98.3%","98.3%","98.8%","98.8%","0.6%","98.3%","97.7%","","0.6%","94.8%","0.0%","2.9%","1.2%","0.0%","0.0%","4.1%"
"Berks","Frystown Amish School","7th Grade","4","","","","","","","","","","","","","","","",""
"Berks","Gilbertsville El Sch","Kindergarten","70","100.0%","90.0%","90.0%","98.6%","0.0%","88.6%","","","","","0.0%","5.7%","2.9%","0.0%","0.0%","2.9%"
"Berks","Glenside El Sch","Kindergarten","59","94.9%","94.9%","94.9%","96.6%","0.0%","94.9%","","","","","0.0%","3.4%","0.0%","1.7%","0.0%","0.0%"
"Berks","Governor Mifflin MS","7th Grade","352","96.9%","96.6%","96.6%","97.2%","0.0%","96.0%","93.2%","93.2%","","","0.0%","4.8%","1.4%","0.3%","0.0%","0.9%"
"Berks","Governor Mifflin SHS","12th Grade","346","99.4%","99.4%","99.4%","99.4%","0.0%","99.4%","98.0%","","0.6%","95.1%","1.2%","0.6%","4.9%","0.6%","0.0%","0.0%"
"Berks","Green Valley El Sch","Kindergarten","62","93.5%","93.5%","95.2%","100.0%","93.5%","0.0%","","","","","0.0%","3.2%","0.0%","0.0%","0.0%","6.5%"
"Berks","Greenwich-Lenhartsville El Sch","Kindergarten","36","88.9%","91.7%","94.4%","94.4%","0.0%","94.4%","","","","","0.0%","0.0%","8.3%","2.8%","0.0%","0.0%"
"Berks","Hamburg Area HS","12th Grade","181","98.3%","97.8%","98.3%","98.3%","0.6%","97.8%","98.3%","","1.1%","95.0%","0.0%","2.8%","0.6%","0.0%","0.0%","0.6%"
"Berks","Hamburg Area Middle School","7th Grade","170","92.9%","93.5%","92.4%","94.1%","0.6%","92.4%","87.1%","86.5%","","","0.0%","7.1%","3.5%","0.0%","0.0%","3.5%"
"Berks","Hidden Valley Mennonite School","7th Grade","3","","","","","","","","","","","","","","","",""
"Berks","High Point Baptist Academy","Kindergarten","25","68.0%","52.0%","60.0%","60.0%","0.0%","48.0%","","","","","0.0%","48.0%","4.0%","0.0%","0.0%","0.0%"
"Berks","High Point Baptist Academy","7th Grade","38","78.9%","76.3%","78.9%","78.9%","0.0%","78.9%","55.3%","52.6%","","","0.0%","47.4%","2.6%","0.0%","0.0%","0.0%"
"Berks","High Point Baptist Academy","12th Grade","34","85.3%","79.4%","82.4%","79.4%","0.0%","76.5%","76.5%","","0.0%","70.6%","0.0%","32.4%","0.0%","0.0%","0.0%","0.0%"
"Berks","Hildebrandt Learning Center","Kindergarten","4","","","","","","","","","","","","","","","",""
"Berks","Holy Guardian Angels Regional School","Kindergarten","25","88.0%","88.0%","84.0%","100.0%","0.0%","84.0%","","","","","0.0%","0.0%","0.0%","16.0%","0.0%","0.0%"
"Berks","Holy Guardian Angels Regional School","7th Grade","14","","","","","","","","","","","","","","","",""
"Berks","Honey Brook El Ctr","Kindergarten","45","93.3%","93.3%","93.3%","93.3%","0.0%","93.3%","","","","","0.0%","0.0%","4.4%","0.0%","0.0%","2.2%"
"Berks","Immaculate Conception Academy","Kindergarten","19","","","","","","","","","","","","","","","",""
"Berks","Immaculate Conception Academy","7th Grade","14","","","","","","","","","","","","","","","",""
"Berks","Irish Creek Mennonite School","7th Grade","3","","","","","","","","","","","","","","","",""
"Berks","Jacksonwald El Sch","Kindergarten","64","100.0%","100.0%","100.0%","100.0%","0.0%","100.0%","","","","","0.0%","1.6%","1.6%","1.6%","0.0%","0.0%"
"Berks","John Paul II Center Sp Lrng","Kindergarten","2","","","","","","","","","","","","","","","",""
"Berks","John Paul II Center Sp Lrng","7th Grade","2","","","","","","","","","","","","","","","",""
"Berks","John Paul II Center Sp Lrng","12th Grade","3","","","","","","","","","","","","","","","",""
"Berks","Kempton New Church School","Kindergarten","5","","","","","","","","","","","","","","","",""
"Berks","Kempton New Church School","7th Grade","4","","","","","","","","","","","","","","","",""
"Berks","Kempton New Church School","12th Grade","6","","","","","","","","","","","","","","","",""
"Berks","Kerry C. Hoffman Intermediate Sch","7th Grade","85","97.6%","96.5%","97.6%","97.6%","0.0%","97.6%","97.6%","97.6%","","","1.2%","3.5%","0.0%","0.0%","0.0%","0.0%"
"Berks","Kidspeace National Centers","7th Grade","5","","","","","","","","","","","","","","","",""
"Berks","Kidspeace National Centers","12th Grade","3","","","","","","","","","","","","","","","",""
"Berks","Kings Academy","Kindergarten","11","","","","","","","","","","","","","","","",""
"Berks","Kings Academy","7th Grade","9","","","","","","","","","","","","","","","",""
"Berks","Kings Academy","12th Grade","5","","","","","","","","","","","","","","","",""
"Berks","Kutztown Area MS","7th Grade","116","90.5%","89.7%","90.5%","90.5%","0.0%","87.9%","88.8%","88.8%","","","0.0%","6.9%","3.4%","0.0%","3.4%","0.0%"
"Berks","Kutztown Area SHS","12th Grade","116","92.2%","93.1%","92.2%","91.4%","1.7%","93.1%","91.4%","","5.2%","87.1%","2.6%","8.6%","1.7%","0.9%","2.6%","0.0%"
"Berks","Kutztown El Sch","Kindergarten","48","91.7%","91.7%","91.7%","91.7%","0.0%","91.7%","","","","","2.1%","6.2%","0.0%","0.0%","0.0%","0.0%"
"Berks","Lauers Park El Sch","Kindergarten","101","94.1%","87.1%","94.1%","97.0%","0.0%","93.1%","","","","","0.0%","1.0%","0.0%","5.0%","0.0%","6.9%"
"Berks","Lebanon Valley Christian School","Kindergarten","16","","","","","","","","","","","","","","","",""
"Berks","Lebanon Valley Christian School","7th Grade","11","","","","","","","","","","","","","","","",""
"Berks","Lebanon Valley Christian School","12th Grade","4","","","","","","","","","","","","","","","",""
"Berks","Lighthouse Christian Academy","7th Grade","4","","","","","","","","","","","","","","","",""
"Berks","Lighthouse Christian Academy","12th Grade","1","","","","","","","","","","","","","","","",""
"Berks","Lorane El Sch","Kindergarten","74","95.9%","95.9%","95.9%","95.9%","0.0%","95.9%","","","","","0.0%","0.0%","4.1%","0.0%","0.0%","0.0%"
"Berks","Mifflin Park El Sch","Kindergarten","80","95.0%","95.0%","95.0%","95.0%","0.0%","95.0%","","","","","0.0%","2.5%","2.5%","0.0%","0.0%","0.0%"
"Berks","Millmont El Sch","Kindergarten","113","96.5%","98.2%","97.3%","97.3%","0.0%","97.3%","","","","","0.0%","0.9%","0.9%","1.8%","0.0%","0.9%"
"Berks","Montessori Country Day School","Kindergarten","20","85.0%","90.0%","85.0%","95.0%","0.0%","85.0%","","","","","0.0%","0.0%","15.0%","0.0%","0.0%","0.0%"
"Berks","Mt Aetna Mennonite","7th Grade","12","","","","","","","","","","","","","","","",""
"Berks","Muhlenberg El Ctr","Kindergarten","293","96.6%","95.9%","96.6%","96.9%","0.0%","95.9%","","","","","0.0%","4.1%","0.0%","1.0%","0.0%","0.0%"
"Berks","Muhlenberg HS","12th Grade","402","98.0%","99.0%","99.3%","99.3%","0.7%","98.8%","99.0%","","1.0%","95.5%","1.2%","1.2%","1.0%","1.2%","0.5%","0.7%"
"Berks","Muhlenberg Jr MS","7th Grade","336","98.5%","98.5%","99.1%","99.7%","0.3%","98.8%","97.3%","99.4%","","","0.0%","0.6%","1.8%","0.3%","0.0%","0.6%"
"Berks","New Hanover-Upper Frederick El","Kindergarten","74","90.5%","90.5%","91.9%","93.2%","0.0%","91.9%","","","","","0.0%","4.1%","5.4%","0.0%","0.0%","0.0%"
"Berks","New Story - Kutztown location","Kindergarten","6","","","","","","","","","","","","","","","",""
"Berks","New Story - Kutztown location","7th Grade","12","","","","","","","","","","","","","","","",""
"Berks","New Story - Kutztown location","12th Grade","4","","","","","","","","","","","","","","","",""
"Berks","New Story - New Holland Rd, Reading location","Kindergarten","2","","","","","","","","","","","","","","","",""
"Berks","New Story - Perkiomen Ave, Reading location","Kindergarten","2","","","","","","","","","","","","","","","",""
"Berks","New Story - Perkiomen Ave, Reading location","7th Grade","12","","","","","","","","","","","","","","","",""
"Berks","New Story - Perkiomen Ave, Reading location","12th Grade","12","","","","","","","","","","","","","","","",""
"Berks","New Story - Wyomissing location","12th Grade","8","","","","","","","","","","","","","","","",""
"Berks","North Marion Parochial School","7th Grade","4","","","","","","","","","","","","","","","",""
"Berks","Northeast MS","7th Grade","216","96.3%","95.8%","99.5%","99.1%","0.0%","95.8%","94.4%","94.0%","","","0.0%","0.5%","0.0%","5.1%","0.0%","2.3%"
"Berks","Northwest El Sch","Kindergarten","106","99.1%","95.3%","99.1%","99.1%","0.0%","97.2%","","","","","0.0%","0.0%","0.9%","3.8%","0.0%","0.0%"
"Berks","Oak Haven School","7th Grade","6","","","","","","","","","","","","","","","",""
"Berks","Oley Valley El Sch","Kindergarten","88","96.6%","96.6%","96.6%","96.6%","0.0%","96.6%","","","","","0.0%","4.5%","3.4%","0.0%","0.0%","0.0%"
"Berks","Oley Valley MS","7th Grade","122","94.3%","95.1%","93.4%","95.1%","0.0%","93.4%","86.9%","86.9%","","","0.0%","7.4%","4.9%","0.0%","0.0%","2.5%"
"Berks","Oley Valley SHS","12th Grade","155","96.8%","96.1%","96.8%","96.1%","0.0%","96.1%","95.5%","","0.0%","91.0%","0.6%","4.5%","3.9%","0.0%","0.0%","0.6%"
"Berks","Owatin Creek El Sch","Kindergarten","78","93.6%","94.9%","97.4%","97.4%","0.0%","97.4%","","","","","1.3%","5.1%","0.0%","0.0%","0.0%","0.0%"
"Berks","Penn Bernville El Sch","Kindergarten","48","79.2%","79.2%","77.1%","79.2%","0.0%","77.1%","","","","","0.0%","14.6%","8.3%","2.1%","0.0%","0.0%"
"Berks","Perry El Sch","Kindergarten","51","100.0%","100.0%","100.0%","100.0%","0.0%","100.0%","","","","","0.0%","0.0%","0.0%","0.0%","0.0%","0.0%"
"Berks","Pine Forge Academy","12th Grade","35","85.7%","85.7%","80.0%","85.7%","0.0%","80.0%","82.9%","","68.6%","31.4%","0.0%","5.7%","0.0%","0.0%","0.0%","14.3%"
"Berks","Pleasant Hills Mennonite School","7th Grade","3","","","","","","","","","","","","","","","",""
"Berks","Reading SDA Junior Academy","Kindergarten","5","","","","","","","","","","","","","","","",""
"Berks","Reading SDA Junior Academy","7th Grade","7","","","","","","","","","","","","","","","",""
"Berks","Reading SHS","12th Grade","873","95.2%","95.2%","99.5%","99.3%","0.8%","97.6%","99.4%","","6.2%","86.6%","0.1%","0.5%","0.1%","1.4%","0.0%","5.8%"
"Berks","Rehrersburg Christian School","7th Grade","6","","","","","","","","","","","","","","","",""
"Berks","River Rock Academy - Douglassville Location","12th Grade","5","","","","","","","","","","","","","","","",""
"Berks","River Rock Academy - Sinking Springs location","7th Grade","3","","","","","","","","","","","","","","","",""
"Berks","River Rock Academy - Sinking Springs location","12th Grade","9","","","","","","","","","","","","","","","",""
"Berks","Riverside El Sch","Kindergarten","135","98.5%","98.5%","99.3%","99.3%","0.0%","97.8%","","","","","0.0%","0.0%","0.7%","0.7%","0.0%","2.2%"
"Berks","Robeson El Ctr","Kindergarten","60","96.7%","95.0%","93.3%","96.7%","0.0%","100.0%","","","","","0.0%","5.0%","0.0%","0.0%","0.0%","1.7%"
"Berks","Sacred Heart School","Kindergarten","16","","","","","","","","","","","","","","","",""
"Berks","Sacred Heart School","7th Grade","17","","","","","","","","","","","","","","","",""
"Berks","Schuylkill Valley El Sch","Kindergarten","144","92.4%","92.4%","91.7%","95.1%","0.0%","91.7%","","","","","0.0%","7.6%","0.0%","0.0%","0.0%","0.7%"
"Berks","Schuylkill Valley HS","12th Grade","171","100.0%","99.4%","100.0%","100.0%","0.0%","100.0%","100.0%","","0.0%","95.9%","0.0%","1.8%","1.8%","0.0%","0.0%","0.6%"
"Berks","Schuylkill Valley MS","7th Grade","183","97.8%","97.8%","96.2%","96.7%","0.5%","95.6%","88.5%","87.4%","","","0.5%","2.7%","1.1%","0.0%","0.0%","8.2%"
"Berks","Shiloh Hills El Sch","Kindergarten","71","97.2%","97.2%","97.2%","97.2%","0.0%","97.2%","","","","","0.0%","2.8%","0.0%","0.0%","0.0%","0.0%"
"Berks","Sixteenth & Haak El Sch","Kindergarten","108","96.3%","98.1%","95.4%","98.1%","0.0%","93.5%","","","","","0.9%","0.0%","0.9%","6.5%","0.0%","0.9%"
"Berks","Southern MS","7th Grade","150","95.3%","94.0%","100.0%","98.7%","1.3%","98.0%","92.0%","90.7%","","","0.0%","2.0%","0.0%","4.0%","0.0%","4.7%"
"Berks","Southwest MS","7th Grade","116","100.0%","99.1%","100.0%","100.0%","0.0%","100.0%","96.6%","97.4%","","","0.0%","0.9%","0.0%","0.9%","0.0%","2.6%"
"Berks","Spring Ridge El Sch","Kindergarten","80","97.5%","97.5%","96.2%","97.5%","0.0%","96.2%","","","","","1.2%","1.2%","1.2%","1.2%","0.0%","0.0%"
"Berks","St Catharine of Siena School","Kindergarten","27","92.6%","92.6%","92.6%","92.6%","0.0%","92.6%","","","","","0.0%","0.0%","7.4%","0.0%","0.0%","0.0%"
"Berks","St Catharine of Siena School","7th Grade","27","100.0%","100.0%","100.0%","100.0%","0.0%","100.0%","100.0%","100.0%","","","0.0%","0.0%","0.0%","0.0%","0.0%","0.0%"
"Berks","St Francis Classical Catholic Academy","Kindergarten","24","87.5%","87.5%","75.0%","87.5%","0.0%","75.0%","","","","","0.0%","12.5%","0.0%","0.0%","0.0%","12.5%"
"Berks","St Francis Classical Catholic Academy","7th Grade","13","","","","","","","","","","","","","","","",""
"Berks","St Francis Classical Catholic Academy","12th Grade","1","","","","","","","","","","","","","","","",""
"Berks","St Ignatius Loyola School","Kindergarten","30","96.7%","96.7%","96.7%","96.7%","3.3%","93.3%","","","","","0.0%","0.0%","3.3%","0.0%","0.0%","0.0%"
"Berks","St Ignatius Loyola School","7th Grade","23","95.7%","95.7%","95.7%","100.0%","0.0%","95.7%","91.3%","91.3%","","","0.0%","0.0%","8.7%","0.0%","0.0%","0.0%"
"Berks","St Peter School","Kindergarten","28","92.9%","92.9%","92.9%","96.4%","0.0%","92.9%","","","","","0.0%","0.0%","0.0%","0.0%","0.0%","10.7%"
"Berks","St Peter School","7th Grade","32","100.0%","100.0%","100.0%","100.0%","0.0%","100.0%","81.2%","81.2%","","","0.0%","0.0%","0.0%","0.0%","0.0%","18.8%"
"Berks","Stony Creek El Sch","Kindergarten","62","93.5%","93.5%","91.9%","95.2%","0.0%","90.3%","","","","","0.0%","1.6%","0.0%","0.0%","0.0%","9.7%"
"Berks","Summer Mountain Amish School","7th Grade","5","","","","","","","","","","","","","","","",""
"Berks","Sunny Meadow Mennonite School","7th Grade","3","","","","","","","","","","","","","","","",""
"Berks","Tenth & Green El Sch","Kindergarten","87","95.4%","96.6%","97.7%","95.4%","0.0%","96.6%","","","","","0.0%","0.0%","1.1%","3.4%","0.0%","0.0%"
"Berks","Tenth & Penn El Sch","Kindergarten","74","97.3%","95.9%","97.3%","97.3%","1.4%","94.6%","","","","","0.0%","1.4%","0.0%","2.7%","0.0%","0.0%"
"Berks","Thirteenth & Green El Sch","Kindergarten","86","96.5%","94.2%","97.7%","98.8%","0.0%","96.5%","","","","","0.0%","1.2%","0.0%","7.0%","0.0%","0.0%"
"Berks","Thirteenth & Union El Sch","Kindergarten","116","96.6%","95.7%","97.4%","96.6%","0.0%","95.7%","","","","","0.0%","0.0%","0.0%","0.0%","0.0%","4.3%"
"Berks","Tilden El Center","Kindergarten","104","87.5%","86.5%","86.5%","87.5%","0.0%","86.5%","","","","","0.0%","9.6%","1.9%","0.0%","0.0%","1.9%"
"Berks","Tulpehocken Area HS","12th Grade","113","92.0%","89.4%","89.4%","88.5%","0.9%","91.2%","90.3%","","0.0%","88.5%","0.0%","9.7%","0.0%","0.0%","0.0%","3.5%"
"Berks","Tulpehocken Area MS","7th Grade","112","93.8%","93.8%","93.8%","93.8%","0.9%","74.1%","93.8%","93.8%","","","0.0%","17.0%","2.7%","0.0%","0.0%","5.4%"
"Berks","Twelfth & Marion El Sch","Kindergarten","87","95.4%","94.3%","97.7%","96.6%","0.0%","96.6%","","","","","0.0%","2.3%","0.0%","4.6%","0.0%","0.0%"
"Berks","Twin Valley El Ctr","Kindergarten","73","95.9%","93.2%","94.5%","97.3%","0.0%","94.5%","","","","","0.0%","6.8%","0.0%","0.0%","0.0%","1.4%"
"Berks","Twin Valley HS","12th Grade","284","93.3%","92.6%","93.0%","92.3%","0.4%","93.3%","91.5%","","85.2%","8.8%","1.4%","9.9%","0.0%","0.0%","0.0%","10.6%"
"Berks","Twin Valley MS","7th Grade","192","100.0%","97.9%","98.4%","97.9%","0.5%","97.9%","94.3%","94.3%","","","2.1%","5.7%","0.0%","0.0%","0.0%","0.0%"
"Berks","Tyson-Schoener El Sch","Kindergarten","80","96.2%","96.2%","96.2%","96.2%","0.0%","95.0%","","","","","0.0%","2.5%","0.0%","2.5%","0.0%","0.0%"
"Berks","Washington El Sch","Kindergarten","87","86.2%","86.2%","81.6%","92.0%","0.0%","81.6%","","","","","0.0%","4.6%","11.5%","0.0%","0.0%","2.3%"
"Berks","White Oak Ridge School","7th Grade","3","","","","","","","","","","","","","","","",""
"Berks","Whitfield El Sch","Kindergarten","68","97.1%","97.1%","97.1%","97.1%","0.0%","97.1%","","","","","1.5%","0.0%","1.5%","0.0%","0.0%","0.0%"
"Berks","Willow Creek El Sch","Kindergarten","129","96.1%","96.1%","96.1%","96.1%","0.0%","96.1%","","","","","0.0%","3.9%","0.0%","0.0%","0.0%","0.0%"
"Berks","Willow Creek Mennonite School","7th Grade","3","","","","","","","","","","","","","","","",""
"Berks","Wilson HS","12th Grade","556","98.2%","98.6%","98.2%","97.7%","0.4%","98.0%","97.8%","","0.0%","95.9%","0.4%","1.1%","3.8%","0.4%","0.0%","0.5%"
"Berks","Wilson Southern MS","7th Grade","262","98.9%","98.9%","98.5%","98.9%","0.0%","98.5%","95.8%","95.4%","","","0.0%","1.1%","3.1%","0.0%","0.0%","0.4%"
"Berks","Wilson West MS","7th Grade","248","97.6%","97.6%","98.8%","96.8%","0.0%","98.8%","97.2%","97.2%","","","0.0%","1.6%","1.6%","0.0%","0.0%","0.0%"
"Berks","Wyomissing Hills El Ctr","Kindergarten","119","97.5%","97.5%","97.5%","97.5%","0.0%","97.5%","","","","","0.0%","0.8%","1.7%","0.0%","0.0%","1.7%"
"Berks","Yocum Inst for Arts Education","Kindergarten","10","","","","","","","","","","","","","","","",""
"Blair","Adelphoi Education at Williams","12th Grade","3","","","","","","","","","","","","","","","",""
"Blair","Altoona Area HS","12th Grade","440","99.1%","98.6%","98.6%","98.4%","0.0%","98.4%","98.9%","","0.5%","94.3%","0.7%","4.3%","0.0%","0.0%","0.0%","4.3%"
"Blair","Altoona Area Jr HS","7th Grade","547","97.3%","97.3%","97.1%","97.3%","0.0%","97.1%","92.3%","92.3%","","","0.0%","3.7%","0.9%","3.1%","0.0%","0.0%"
"Blair","Baker El Sch","Kindergarten","44","95.5%","95.5%","95.5%","95.5%","0.0%","95.5%","","","","","0.0%","4.5%","0.0%","0.0%","0.0%","0.0%"
"Blair","Bellwood Antis MS","7th Grade","82","93.9%","93.9%","95.1%","97.6%","0.0%","95.1%","92.7%","92.7%","","","1.2%","6.1%","1.2%","0.0%","0.0%","0.0%"
"Blair","Bellwood-Antis HS","12th Grade","93","95.7%","95.7%","95.7%","95.7%","0.0%","95.7%","95.7%","","0.0%","92.5%","0.0%","5.4%","2.2%","0.0%","0.0%","0.0%"
"Blair","Bishop Guilfoyle Academy","Kindergarten","7","","","","","","","","","","","","","","","",""
"Blair","Bishop Guilfoyle Academy - Eldorado","7th Grade","50","96.0%","96.0%","96.0%","96.0%","0.0%","96.0%","50.0%","50.0%","","","0.0%","0.0%","0.0%","0.0%","0.0%","50.0%"
"Blair","Bishop Guilfoyle Academy - Eldorado","12th Grade","51","96.1%","96.1%","96.1%","96.1%","0.0%","96.1%","96.1%","","21.6%","21.6%","0.0%","0.0%","0.0%","0.0%","0.0%","78.4%"
"Blair","Bishop Guilfoyle Academy - Fairview","Kindergarten","24","95.8%","87.5%","87.5%","95.8%","0.0%","87.5%","","","","","0.0%","0.0%","0.0%","0.0%","0.0%","12.5%"
"Blair","Bishop Guilfoyle Catholic High School","7th Grade","50","96.0%","96.0%","96.0%","96.0%","0.0%","96.0%","50.0%","50.0%","","","0.0%","0.0%","0.0%","0.0%","0.0%","50.0%"
"Blair","Bishop Guilfoyle Catholic High School","12th Grade","51","96.1%","96.1%","96.1%","96.1%","0.0%","96.1%","96.1%","","21.6%","21.6%","0.0%","0.0%","0.0%","0.0%","0.0%","78.4%"
"Blair","Blair County Christian School","Kindergarten","20","50.0%","50.0%","45.0%","55.0%","0.0%","45.0%","","","","","0.0%","5.0%","30.0%","0.0%","0.0%","25.0%"
"Blair","Blair County Christian School","7th Grade","6","","","","","","","","","","","","","","","",""
"Blair","Blair County Christian School","12th Grade","13","","","","","","","","","","","","","","","",""
"Blair","Central HS","12th Grade","144","95.8%","95.8%","95.1%","95.8%","0.7%","95.1%","94.4%","","1.4%","93.8%","2.8%","3.5%","2.1%","0.0%","0.0%","0.0%"
"Blair","Central PA Digital Lrng Foundation CS","Kindergarten","13","","","","","","","","","","","","","","","",""
"Blair","Central PA Digital Lrng Foundation CS","7th Grade","14","","","","","","","","","","","","","","","",""
"Blair","Central PA Digital Lrng Foundation CS","12th Grade","28","96.4%","92.9%","92.9%","96.4%","0.0%","85.7%","85.7%","","0.0%","82.1%","0.0%","14.3%","3.6%","0.0%","0.0%","0.0%"
"Blair","Charles W Longer El Sch","Kindergarten","49","93.9%","89.8%","85.7%","89.8%","0.0%","85.7%","","","","","0.0%","4.1%","6.1%","0.0%","0.0%","4.1%"
"Blair","Claysburg-Kimmel El Sch","Kindergarten","55","94.5%","94.5%","94.5%","94.5%","0.0%","94.5%","","","","","0.0%","5.5%","0.0%","0.0%","0.0%","0.0%"
"Blair","Claysburg-Kimmel Jr HS","7th Grade","58","98.3%","98.3%","98.3%","98.3%","0.0%","96.6%","98.3%","98.3%","","","1.7%","1.7%","0.0%","0.0%","0.0%","0.0%"
"Blair","Claysburg-Kimmel Sr HS","12th Grade","69","98.6%","98.6%","98.6%","98.6%","0.0%","98.6%","97.1%","","0.0%","91.3%","1.4%","8.7%","0.0%","0.0%","0.0%","0.0%"
"Blair","Cove Lane Parochial School","7th Grade","2","","","","","","","","","","","","","","","",""
"Blair","Faith Tabernacle School","7th Grade","1","","","","","","","","","","","","","","","",""
"Blair","Foot of Ten El Sch","Kindergarten","55","94.5%","92.7%","94.5%","94.5%","0.0%","92.7%","","","","","0.0%","3.6%","0.0%","3.6%","0.0%","1.8%"
"Blair","Frankstown El Sch","Kindergarten","86","98.8%","98.8%","97.7%","98.8%","0.0%","97.7%","","","","","0.0%","0.0%","0.0%","1.2%","0.0%","1.2%"
"Blair","Great Commission Schools","Kindergarten","9","","","","","","","","","","","","","","","",""
"Blair","Great Commission Schools","7th Grade","11","","","","","","","","","","","","","","","",""
"Blair","Great Commission Schools","12th Grade","19","","","","","","","","","","","","","","","",""
"Blair","Heritage Christian School","12th Grade","1","","","","","","","","","","","","","","","",""
"Blair","Hollidaysburg Area JHS","7th Grade","262","95.4%","95.4%","94.3%","95.4%","0.0%","93.9%","90.8%","91.6%","","","0.4%","5.0%","3.4%","0.0%","0.0%","1.5%"
"Blair","Hollidaysburg Area SHS","12th Grade","284","95.8%","95.8%","95.8%","96.5%","0.4%","94.4%","95.8%","","0.0%","87.0%","2.1%","2.8%","5.6%","0.0%","0.0%","3.5%"
"Blair","Irving El Sch","Kindergarten","39","97.4%","97.4%","97.4%","97.4%","0.0%","97.4%","","","","","0.0%","2.6%","0.0%","0.0%","0.0%","0.0%"
"Blair","Juniata El Sch","Kindergarten","75","96.0%","96.0%","97.3%","98.7%","0.0%","97.3%","","","","","0.0%","2.7%","0.0%","2.7%","0.0%","0.0%"
"Blair","Juniata Gap El Sch","Kindergarten","77","96.1%","96.1%","96.1%","96.1%","0.0%","96.1%","","","","","0.0%","1.3%","2.6%","1.3%","0.0%","0.0%"
"Blair","Kings Academy Tyrone","Kindergarten","3","","","","","","","","","","","","","","","",""
"Blair","Kings Academy Tyrone","7th Grade","2","","","","","","","","","","","","","","","",""
"Blair","Lewis M Myers El Sch","Kindergarten","86","93.0%","93.0%","93.0%","95.3%","0.0%","93.0%","","","","","0.0%","4.7%","2.3%","0.0%","0.0%","0.0%"
"Blair","Logan El Sch","Kindergarten","81","96.3%","96.3%","95.1%","96.3%","0.0%","96.3%","","","","","0.0%","2.5%","1.2%","0.0%","0.0%","1.2%"
"Blair","Lone Pine School","7th Grade","3","","","","","","","","","","","","","","","",""
"Blair","Merakey Education Center - Altoona location","Kindergarten","2","","","","","","","","","","","","","","","",""
"Blair","Merakey Education Center - Altoona location","7th Grade","2","","","","","","","","","","","","","","","",""
"Blair","Merakey Education Center - Altoona location","12th Grade","1","","","","","","","","","","","","","","","",""
"Blair","Merakey Education Center - East Freedom location","7th Grade","2","","","","","","","","","","","","","","","",""
"Blair","Mowrie A Ebner El Sch","Kindergarten","62","95.2%","95.2%","95.2%","96.8%","0.0%","95.2%","","","","","0.0%","4.8%","0.0%","0.0%","0.0%","0.0%"
"Blair","Old Mines School","7th Grade","3","","","","","","","","","","","","","","","",""
"Blair","Penn Mont Academy","Kindergarten","18","","","","","","","","","","","","","","","",""
"Blair","Penn-Lincoln El Sch","Kindergarten","49","98.0%","98.0%","93.9%","100.0%","0.0%","93.9%","","","","","2.0%","0.0%","0.0%","4.1%","0.0%","0.0%"
"Blair","Piney Creek Parochial School","7th Grade","3","","","","","","","","","","","","","","","",""
"Blair","Pleasant Valley El Sch","Kindergarten","72","98.6%","97.2%","98.6%","100.0%","0.0%","97.2%","","","","","1.4%","1.4%","0.0%","1.4%","0.0%","0.0%"
"Blair","Shady Grove School","7th Grade","4","","","","","","","","","","","","","","","",""
"Blair","Shady Pond School","7th Grade","3","","","","","","","","","","","","","","","",""
"Blair","Soaring Heights School - Altoona","Kindergarten","2","","","","","","","","","","","","","","","",""
"Blair","Soaring Heights School - Altoona","7th Grade","6","","","","","","","","","","","","","","","",""
"Blair","Soaring Heights School - Altoona","12th Grade","15","","","","","","","","","","","","","","","",""
"Blair","Spring Cove El Sch","Kindergarten","114","95.6%","94.7%","94.7%","95.6%","0.0%","94.7%","","","","","0.0%","2.6%","2.6%","0.0%","0.0%","0.0%"
"Blair","Spring Cove MS","7th Grade","131","94.7%","93.9%","93.1%","93.9%","0.0%","92.4%","88.5%","88.5%","","","0.0%","11.5%","0.8%","0.0%","0.0%","0.0%"
"Blair","St Matthew School","Kindergarten","11","","","","","","","","","","","","","","","",""
"Blair","St Patrick School","Kindergarten","5","","","","","","","","","","","","","","","",""
"Blair","Twin Mountain Amish School","7th Grade","3","","","","","","","","","","","","","","","",""
"Blair","Tyrone Area El Sch","Kindergarten","106","97.2%","96.2%","96.2%","97.2%","0.0%","95.3%","","","","","0.9%","0.9%","2.8%","0.0%","0.0%","0.0%"
"Blair","Tyrone Area HS","12th Grade","133","97.0%","97.0%","96.2%","97.7%","1.5%","97.0%","97.0%","","0.0%","93.2%","0.8%","1.5%","5.3%","0.8%","0.0%","0.0%"
"Blair","Tyrone Area MS","7th Grade","113","92.9%","92.0%","93.8%","93.8%","0.0%","93.8%","91.2%","89.4%","","","0.0%","0.9%","9.7%","0.0%","0.0%","0.0%"
"Blair","Tyrone Christian Academy","Kindergarten","11","","","","","","","","","","","","","","","",""
"Blair","Tyrone Christian Academy","7th Grade","7","","","","","","","","","","","","","","","",""
"Blair","Tyrone Christian Academy","12th Grade","2","","","","","","","","","","","","","","","",""
"Blair","White Oak School","7th Grade","2","","","","","","","","","","","","","","","",""
"Blair","Williamsburg Community El Sch","Kindergarten","36","97.2%","94.4%","94.4%","97.2%","0.0%","94.4%","","","","","2.8%","0.0%","2.8%","0.0%","0.0%","0.0%"
"Blair","Williamsburg Community JSHS","7th Grade","40","97.5%","97.5%","97.5%","97.5%","0.0%","97.5%","97.5%","97.5%","","","0.0%","2.5%","0.0%","0.0%","0.0%","0.0%"
"Blair","Williamsburg Community JSHS","12th Grade","40","97.5%","97.5%","100.0%","97.5%","0.0%","100.0%","100.0%","","0.0%","100.0%","0.0%","0.0%","0.0%","2.5%","0.0%","0.0%"
"Bradford","Athens Area HS","12th Grade","171","94.7%","94.7%","93.6%","94.2%","0.0%","93.6%","91.8%","","0.0%","87.7%","0.6%","0.0%","10.5%","1.2%","0.0%","1.2%"
"Bradford","Audrielle Lynch-Ellen Bustin El Sch","Kindergarten","86","94.2%","94.2%","94.2%","93.0%","0.0%","94.2%","","","","","0.0%","1.2%","4.7%","1.2%","0.0%","0.0%"
"Bradford","Canton Area El Sch","Kindergarten","55","89.1%","89.1%","89.1%","89.1%","1.8%","89.1%","","","","","0.0%","5.5%","5.5%","0.0%","0.0%","0.0%"
"Bradford","Canton Country School","7th Grade","5","","","","","","","","","","","","","","","",""
"Bradford","Canton JSHS","7th Grade","78","94.9%","94.9%","94.9%","94.9%","0.0%","94.9%","87.2%","87.2%","","","0.0%","2.6%","10.3%","0.0%","0.0%","0.0%"
"Bradford","Canton JSHS","12th Grade","59","100.0%","98.3%","98.3%","98.3%","0.0%","98.3%","93.2%","","1.7%","91.5%","0.0%","6.8%","3.4%","0.0%","0.0%","1.7%"
"Bradford","Cherubs Nest Preschool and Kindergarten","Kindergarten","8","","","","","","","","","","","","","","","",""
"Bradford","Epiphany School","Kindergarten","15","","","","","","","","","","","","","","","",""
"Bradford","Ghent Hill School","7th Grade","2","","","","","","","","","","","","","","","",""
"Bradford","Harlan Rowe MS","7th Grade","167","94.0%","94.0%","94.0%","93.4%","0.0%","94.0%","88.0%","88.0%","","","0.0%","4.2%","6.6%","1.2%","0.0%","0.6%"
"Bradford","Maple Valley Mennonite School","7th Grade","2","","","","","","","","","","","","","","","",""
"Bradford","Morrow El Sch","Kindergarten","95","91.6%","91.6%","91.6%","98.9%","1.1%","91.6%","","","","","1.1%","3.2%","2.1%","0.0%","0.0%","3.2%"
"Bradford","North Rome Christian School","Kindergarten","20","45.0%","45.0%","45.0%","45.0%","45.0%","45.0%","","","","","0.0%","0.0%","55.0%","0.0%","0.0%","0.0%"
"Bradford","North Rome Christian School","7th Grade","13","","","","","","","","","","","","","","","",""
"Bradford","North Rome Christian School","12th Grade","4","","","","","","","","","","","","","","","",""
"Bradford","Northeast Bradford El Sch","Kindergarten","49","81.6%","83.7%","83.7%","83.7%","0.0%","83.7%","","","","","0.0%","16.3%","0.0%","2.0%","0.0%","0.0%"
"Bradford","Northeast Bradford JSHS","7th Grade","52","84.6%","84.6%","84.6%","84.6%","0.0%","84.6%","80.8%","78.8%","","","0.0%","21.2%","0.0%","0.0%","0.0%","0.0%"
"Bradford","Northeast Bradford JSHS","12th Grade","66","90.9%","90.9%","90.9%","90.9%","1.5%","89.4%","87.9%","","0.0%","74.2%","0.0%","25.8%","0.0%","0.0%","0.0%","0.0%"
"Bradford","River Rock Academy","7th Grade","1","","","","","","","","","","","","","","","",""
"Bradford","SRU El Sch","Kindergarten","56","91.1%","91.1%","87.5%","91.1%","0.0%","87.5%","","","","","0.0%","1.8%","12.5%","0.0%","0.0%","0.0%"
"Bradford","Sayre Area HS","7th Grade","59","94.9%","94.9%","94.9%","94.9%","0.0%","94.9%","94.9%","94.9%","","","0.0%","5.1%","0.0%","0.0%","0.0%","0.0%"
"Bradford","Sayre Area HS","12th Grade","64","96.9%","96.9%","96.9%","96.9%","0.0%","96.9%","96.9%","","0.0%","90.6%","0.0%","1.6%","9.4%","0.0%","0.0%","0.0%"
"Bradford","Snyder El Sch","Kindergarten","57","98.2%","98.2%","98.2%","98.2%","0.0%","98.2%","","","","","0.0%","0.0%","1.8%","0.0%","0.0%","0.0%"
"Bradford","St Agnes Elementary School","Kindergarten","13","","","","","","","","","","","","","","","",""
"Bradford","Towanda Area JSHS","7th Grade","125","97.6%","97.6%","97.6%","97.6%","0.0%","97.6%","90.4%","90.4%","","","0.0%","2.4%","0.8%","0.0%","0.0%","6.4%"
"Bradford","Towanda Area JSHS","12th Grade","107","98.1%","98.1%","98.1%","100.0%","0.0%","98.1%","97.2%","","0.0%","85.0%","0.0%","0.9%","2.8%","0.0%","0.0%","11.2%"
"Bradford","Troy Area JSHS","7th Grade","114","95.6%","95.6%","95.6%","95.6%","0.0%","95.6%","89.5%","89.5%","","","0.0%","9.6%","0.0%","0.0%","0.0%","0.9%"
"Bradford","Troy Area JSHS","12th Grade","98","99.0%","99.0%","99.0%","99.0%","0.0%","96.9%","96.9%","","3.1%","93.9%","0.0%","12.2%","0.0%","0.0%","0.0%","2.0%"
"Bradford","Union Valley Christian Mennonite School","Kindergarten","2","","","","","","","","","","","","","","","",""
"Bradford","Union Valley Christian Mennonite School","7th Grade","1","","","","","","","","","","","","","","","",""
"Bradford","W R Croman Primary Sch","Kindergarten","96","86.5%","86.5%","86.5%","87.5%","0.0%","86.5%","","","","","0.0%","11.5%","1.0%","1.0%","0.0%","1.0%"
"Bradford","Wyalusing Valley El Sch","Kindergarten","79","88.6%","88.6%","87.3%","88.6%","0.0%","87.3%","","","","","0.0%","8.9%","2.5%","1.3%","0.0%","0.0%"
"Bradford","Wyalusing Valley JSHS","7th Grade","108","96.3%","96.3%","96.3%","96.3%","0.0%","96.3%","92.6%","92.6%","","","0.0%","3.7%","3.7%","0.0%","0.0%","0.0%"
"Bradford","Wyalusing Valley JSHS","12th Grade","99","94.9%","94.9%","94.9%","93.9%","1.0%","93.9%","89.9%","","1.0%","81.8%","0.0%","11.1%","7.1%","0.0%","0.0%","0.0%"
"Bucks","Abacus Montessori Academy","Kindergarten","10","","","","","","","","","","","","","","","",""
"Bucks","Abrams Hebrew Academy","Kindergarten","11","","","","","","","","","","","","","","","",""
"Bucks","Abrams Hebrew Academy","7th Grade","10","","","","","","","","","","","","","","","",""
"Bucks","Afton El Sch","Kindergarten","79","100.0%","100.0%","98.7%","100.0%","0.0%","98.7%","","","","","0.0%","1.3%","1.3%","1.3%","0.0%","0.0%"
"Bucks","Archbishop Wood Catholic HS","12th Grade","161","98.1%","98.8%","98.8%","97.5%","0.0%","98.8%","96.9%","","13.0%","83.2%","0.6%","0.0%","0.0%","0.0%","0.0%","16.8%"
"Bucks","Barclay El Sch","Kindergarten","76","93.4%","90.8%","93.4%","94.7%","0.0%","92.1%","","","","","0.0%","2.6%","3.9%","1.3%","0.0%","1.3%"
"Bucks","Bedminster El Sch","Kindergarten","56","94.6%","94.6%","94.6%","94.6%","0.0%","94.6%","","","","","0.0%","0.0%","5.4%","0.0%","0.0%","0.0%"
"Bucks","Belmont Hills El Sch","Kindergarten","76","88.2%","84.2%","82.9%","86.8%","0.0%","82.9%","","","","","0.0%","7.9%","3.9%","5.3%","0.0%","0.0%"
"Bucks","Benjamin Franklin MS","7th Grade","256","97.7%","97.7%","97.7%","97.3%","0.8%","96.9%","96.9%","96.9%","","","0.0%","2.7%","0.8%","0.0%","0.0%","0.0%"
"Bucks","Benjamin Rush El Sch","Kindergarten","48","93.8%","93.8%","95.8%","97.9%","4.2%","91.7%","","","","","0.0%","2.1%","0.0%","6.2%","0.0%","0.0%"
"Bucks","Bensalem Twp HS","12th Grade","583","100.0%","96.6%","96.1%","94.9%","4.1%","95.9%","96.9%","","10.1%","89.9%","0.5%","3.3%","4.6%","1.0%","0.2%","0.0%"
"Bucks","Bridge Valley El Sch","Kindergarten","57","89.5%","87.7%","87.7%","91.2%","0.0%","87.7%","","","","","1.8%","3.5%","7.0%","1.8%","0.0%","0.0%"
"Bucks","Bristol HS","12th Grade","90","82.2%","90.0%","94.4%","94.4%","1.1%","91.1%","65.6%","","24.4%","42.2%","0.0%","0.0%","0.0%","24.4%","0.0%","24.4%"
"Bucks","Bristol MS","7th Grade","91","91.2%","93.4%","95.6%","92.3%","0.0%","94.5%","60.4%","61.5%","","","0.0%","1.1%","1.1%","0.0%","0.0%","38.5%"
"Bucks","Brookwood El Sch","Kindergarten","136","99.3%","97.1%","97.8%","98.5%","0.0%","97.1%","","","","","0.0%","1.5%","1.5%","0.0%","0.0%","0.0%"
"Bucks","Buckingham El Sch","Kindergarten","40","97.5%","95.0%","95.0%","97.5%","0.0%","95.0%","","","","","0.0%","2.5%","2.5%","0.0%","0.0%","0.0%"
"Bucks","Buckingham Friends School","Kindergarten","11","","","","","","","","","","","","","","","",""
"Bucks","Buckingham Friends School","7th Grade","13","","","","","","","","","","","","","","","",""
"Bucks","Bucks County IU 22","Kindergarten","2","","","","","","","","","","","","","","","",""
"Bucks","Bucks County IU 22","7th Grade","11","","","","","","","","","","","","","","","",""
"Bucks","Bucks County Montessori CS","Kindergarten","24","91.7%","91.7%","91.7%","95.8%","0.0%","91.7%","","","","","0.0%","8.3%","0.0%","0.0%","0.0%","0.0%"
"Bucks","Bucks County Technical High School","12th Grade","332","99.1%","94.6%","97.3%","98.8%","0.0%","96.7%","98.8%","","0.0%","86.4%","3.0%","8.7%","6.3%","0.0%","0.0%","0.6%"
"Bucks","Bucks Learning Academy","12th Grade","10","","","","","","","","","","","","","","","",""
"Bucks","Building Blocks Learning Center","Kindergarten","11","","","","","","","","","","","","","","","",""
"Bucks","Butler El Sch","Kindergarten","66","98.5%","98.5%","97.0%","97.0%","0.0%","98.5%","","","","","1.5%","1.5%","0.0%","0.0%","0.0%","1.5%"
"Bucks","Buxmont Academy - Feasterville location","12th Grade","6","","","","","","","","","","","","","","","",""
"Bucks","Buxmont Academy - Sellersville location","12th Grade","7","","","","","","","","","","","","","","","",""
"Bucks","Calvary Christian School","Kindergarten","22","81.8%","81.8%","81.8%","81.8%","0.0%","81.8%","","","","","0.0%","18.2%","0.0%","0.0%","0.0%","0.0%"
"Bucks","Calvary Christian School","7th Grade","16","","","","","","","","","","","","","","","",""
"Bucks","Cecelia Snyder MS","7th Grade","225","98.7%","98.7%","98.7%","98.2%","0.0%","98.7%","96.4%","96.4%","","","0.0%","3.1%","0.0%","0.9%","0.0%","0.0%"
"Bucks","Center for Student Learning CS at Pennsbury","7th Grade","17","","","","","","","","","","","","","","","",""
"Bucks","Center for Student Learning CS at Pennsbury","12th Grade","28","96.4%","96.4%","96.4%","96.4%","0.0%","96.4%","96.4%","","0.0%","89.3%","0.0%","0.0%","10.7%","0.0%","0.0%","0.0%"
"Bucks","Central Bucks HS-East","12th Grade","444","97.3%","97.3%","96.8%","97.3%","1.1%","95.9%","97.3%","","0.0%","95.0%","0.2%","0.5%","4.3%","0.0%","0.0%","0.7%"
"Bucks","Central Bucks HS-South","12th Grade","582","98.5%","98.5%","98.5%","97.6%","3.1%","95.2%","97.9%","","1.7%","93.0%","0.2%","0.9%","2.4%","0.3%","0.0%","3.1%"
"Bucks","Central Bucks HS-West","12th Grade","466","96.6%","94.2%","96.1%","94.8%","1.3%","95.1%","96.6%","","0.0%","92.9%","1.1%","1.1%","4.3%","0.0%","0.0%","0.6%"
"Bucks","Charles H Boehm MS","7th Grade","203","98.0%","98.0%","98.0%","98.0%","0.0%","98.0%","96.1%","96.1%","","","0.5%","0.5%","3.0%","0.0%","0.0%","0.0%"
"Bucks","Churchville El Sch","Kindergarten","71","91.5%","91.5%","91.5%","91.5%","1.4%","90.1%","","","","","0.0%","8.5%","0.0%","0.0%","0.0%","0.0%"
"Bucks","Cold Spring El Sch","Kindergarten","68","95.6%","97.1%","95.6%","97.1%","0.0%","95.6%","","","","","0.0%","2.9%","1.5%","0.0%","0.0%","1.5%"
"Bucks","Comprehensive Learning Center","7th Grade","4","","","","","","","","","","","","","","","",""
"Bucks","Comprehensive Learning Center","12th Grade","9","","","","","","","","","","","","","","","",""
"Bucks","Conwell Egan Catholic HS","12th Grade","172","98.8%","98.8%","98.8%","99.4%","1.7%","95.9%","98.8%","","4.7%","94.2%","2.9%","0.0%","0.0%","0.0%","0.0%","0.0%"
"Bucks","Core Creek El Sch","Kindergarten","137","97.8%","97.1%","97.1%","97.1%","0.0%","97.1%","","","","","0.7%","0.0%","2.9%","0.0%","0.0%","0.7%"
"Bucks","Cornwells El Sch","Kindergarten","74","93.2%","93.2%","94.6%","98.6%","94.6%","0.0%","","","","","0.0%","0.0%","4.1%","2.7%","0.0%","0.0%"
"Bucks","Council Rock HS North","12th Grade","407","98.3%","98.3%","98.0%","98.3%","2.0%","96.8%","98.5%","","0.2%","93.9%","1.2%","3.2%","2.2%","0.0%","0.0%","0.5%"
"Bucks","Council Rock HS South","12th Grade","477","97.1%","95.4%","97.5%","97.5%","2.1%","94.1%","97.1%","","0.6%","94.3%","2.3%","3.6%","2.7%","0.0%","0.0%","0.2%"
"Bucks","Curiosity Shoppe","Kindergarten","3","","","","","","","","","","","","","","","",""
"Bucks","Davis El Sch","Kindergarten","126","98.4%","98.4%","96.0%","100.0%","0.0%","95.2%","","","","","0.8%","7.1%","0.0%","5.6%","0.0%","0.0%"
"Bucks","Deibler El Sch","Kindergarten","41","85.4%","85.4%","85.4%","87.8%","0.0%","85.4%","","","","","0.0%","2.4%","12.2%","0.0%","0.0%","0.0%"
"Bucks","Doyle El Sch","Kindergarten","54","96.3%","92.6%","94.4%","96.3%","1.9%","90.7%","","","","","0.0%","3.7%","3.7%","1.9%","0.0%","0.0%"
"Bucks","Doylestown Hospital Children's Village","Kindergarten","17","","","","","","","","","","","","","","","",""
"Bucks","Durham-Nockamixon El Sch","Kindergarten","43","86.0%","86.0%","86.0%","90.7%","0.0%","86.0%","","","","","0.0%","11.6%","2.3%","0.0%","0.0%","0.0%"
"Bucks","Edgewood El Sch","Kindergarten","54","94.4%","94.4%","94.4%","94.4%","0.0%","94.4%","","","","","0.0%","0.0%","5.6%","0.0%","0.0%","0.0%"
"Bucks","Eleanor Roosevelt El Sch","Kindergarten","91","93.4%","92.3%","93.4%","95.6%","0.0%","93.4%","","","","","0.0%","3.3%","2.2%","3.3%","0.0%","3.3%"
"Bucks","Explore and Learn Childcare and Learning Center","Kindergarten","4","","","","","","","","","","","","","","","",""
"Bucks","Faith Baptist Chrst Academy","Kindergarten","9","","","","","","","","","","","","","","","",""
"Bucks","Faith Baptist Chrst Academy","7th Grade","5","","","","","","","","","","","","","","","",""
"Bucks","Faith Baptist Chrst Academy","12th Grade","4","","","","","","","","","","","","","","","",""
"Bucks","Faith Christian Academy-Elementary Campus","Kindergarten","37","86.5%","86.5%","86.5%","86.5%","0.0%","86.5%","","","","","0.0%","13.5%","0.0%","0.0%","0.0%","0.0%"
"Bucks","Faith Christian Academy-Middle/Upper Campus","7th Grade","78","76.9%","76.9%","76.9%","75.6%","1.3%","73.1%","73.1%","73.1%","","","0.0%","28.2%","0.0%","0.0%","0.0%","0.0%"
"Bucks","Faith Christian Academy-Middle/Upper Campus","12th Grade","90","78.9%","78.9%","77.8%","76.7%","3.3%","76.7%","78.9%","","1.1%","67.8%","0.0%","17.8%","0.0%","0.0%","0.0%","14.4%"
"Bucks","Fallsington El Sch","Kindergarten","31","87.1%","87.1%","87.1%","87.1%","3.2%","83.9%","","","","","0.0%","9.7%","3.2%","0.0%","0.0%","0.0%"
"Bucks","First Childrens Academy II Inc","Kindergarten","16","","","","","","","","","","","","","","","",""
"Bucks","Gayman El Sch","Kindergarten","34","97.1%","97.1%","97.1%","97.1%","0.0%","94.1%","","","","","0.0%","2.9%","2.9%","0.0%","0.0%","0.0%"
"Bucks","Goddard School - Farm Lane, Doylestown location","Kindergarten","9","","","","","","","","","","","","","","","",""
"Bucks","Goddard School - Jamison location","Kindergarten","15","","","","","","","","","","","","","","","",""
"Bucks","Goddard School - W. Swamp Rd, Doylestown location","Kindergarten","13","","","","","","","","","","","","","","","",""
"Bucks","Good Beginnings Kindergarten","Kindergarten","8","","","","","","","","","","","","","","","",""
"Bucks","Goodnoe El Sch","Kindergarten","64","95.3%","95.3%","96.9%","100.0%","0.0%","96.9%","","","","","0.0%","0.0%","0.0%","4.7%","0.0%","0.0%"
"Bucks","Grand View Hosp Childrens Ctr","Kindergarten","10","","","","","","","","","","","","","","","",""
"Bucks","Grandview El Sch","Kindergarten","67","95.5%","97.0%","95.5%","97.0%","0.0%","95.5%","","","","","0.0%","4.5%","0.0%","1.5%","0.0%","0.0%"
"Bucks","Grasse El Sch","Kindergarten","54","92.6%","92.6%","92.6%","92.6%","0.0%","92.6%","","","","","0.0%","0.0%","7.4%","0.0%","0.0%","0.0%"
"Bucks","Groveland El Sch","Kindergarten","112","97.3%","96.4%","96.4%","97.3%","1.8%","94.6%","","","","","0.0%","2.7%","0.9%","0.0%","0.0%","0.0%"
"Bucks","Hillcrest El Sch","Kindergarten","62","91.9%","91.9%","91.9%","93.5%","0.0%","90.3%","","","","","0.0%","6.5%","4.8%","0.0%","0.0%","0.0%"
"Bucks","Holicong MS","7th Grade","324","96.9%","95.4%","96.6%","97.5%","3.4%","93.8%","94.4%","92.9%","","","0.6%","4.9%","1.2%","0.3%","0.0%","1.5%"
"Bucks","Holland El Sch","Kindergarten","50","92.0%","92.0%","92.0%","92.0%","0.0%","92.0%","","","","","0.0%","4.0%","4.0%","0.0%","0.0%","0.0%"
"Bucks","Holland MS","7th Grade","463","91.1%","90.9%","90.9%","91.1%","2.2%","90.9%","90.9%","90.9%","","","0.4%","5.4%","2.6%","0.6%","0.0%","0.6%"
"Bucks","Holy Family Regional School","Kindergarten","34","94.1%","94.1%","97.1%","100.0%","0.0%","97.1%","","","","","0.0%","0.0%","0.0%","0.0%","0.0%","5.9%"
"Bucks","Holy Family Regional School","7th Grade","22","100.0%","100.0%","100.0%","100.0%","0.0%","100.0%","90.9%","95.5%","","","0.0%","0.0%","0.0%","0.0%","0.0%","9.1%"
"Bucks","Holy Ghost Preparatory School","12th Grade","108","99.1%","99.1%","100.0%","100.0%","0.0%","100.0%","100.0%","","0.0%","99.1%","0.0%","0.9%","0.0%","0.0%","0.0%","0.0%"
"Bucks","Holy Trinity School","Kindergarten","18","","","","","","","","","","","","","","","",""
"Bucks","Holy Trinity School","7th Grade","29","100.0%","100.0%","100.0%","100.0%","0.0%","100.0%","100.0%","100.0%","","","0.0%","0.0%","0.0%","0.0%","0.0%","0.0%"
"Bucks","Hoover El Sch","Kindergarten","113","97.3%","97.3%","97.3%","97.3%","0.0%","97.3%","","","","","0.9%","2.7%","0.0%","0.0%","0.0%","0.0%"
"Bucks","Hope Lutheran School","Kindergarten","14","","","","","","","","","","","","","","","",""
"Bucks","Hope Lutheran School","7th Grade","3","","","","","","","","","","","","","","","",""
"Bucks","Jamison El Sch","Kindergarten","64","96.9%","96.9%","96.9%","96.9%","0.0%","96.9%","","","","","0.0%","3.1%","0.0%","0.0%","0.0%","0.0%"
"Bucks","Joseph E Ferderbar El Sch","Kindergarten","62","93.5%","93.5%","93.5%","95.2%","3.2%","91.9%","","","","","1.6%","0.0%","6.5%","0.0%","0.0%","1.6%"
"Bucks","Keystone El Sch","Kindergarten","156","98.7%","98.1%","98.1%","98.7%","0.0%","98.1%","","","","","0.0%","0.0%","1.9%","0.0%","0.0%","0.0%"
"Bucks","Klinger MS","7th Grade","191","96.3%","96.9%","96.9%","95.3%","7.3%","90.1%","82.2%","84.3%","","","0.0%","5.8%","0.0%","0.0%","0.0%","14.7%"
"Bucks","Kutz El Sch","Kindergarten","56","94.6%","94.6%","94.6%","96.4%","0.0%","94.6%","","","","","0.0%","3.6%","1.8%","0.0%","0.0%","0.0%"
"Bucks","Lenape MS","7th Grade","250","94.8%","94.8%","94.4%","94.0%","1.2%","93.2%","91.6%","91.2%","","","2.4%","4.0%","5.2%","0.0%","0.0%","0.0%"
"Bucks","Lifespan School","Kindergarten","8","","","","","","","","","","","","","","","",""
"Bucks","Linden El Sch","Kindergarten","23","95.7%","95.7%","95.7%","95.7%","0.0%","95.7%","","","","","0.0%","0.0%","4.3%","0.0%","0.0%","0.0%"
"Bucks","Log College MS","7th Grade","184","97.8%","96.2%","96.2%","97.3%","1.6%","94.0%","84.8%","85.9%","","","0.0%","4.9%","0.0%","1.1%","0.0%","10.9%"
"Bucks","Makefield El Sch","Kindergarten","64","92.2%","92.2%","92.2%","92.2%","0.0%","92.2%","","","","","0.0%","3.1%","4.7%","0.0%","0.0%","0.0%"
"Bucks","Manor El Sch","Kindergarten","72","94.4%","93.1%","91.7%","93.1%","0.0%","93.1%","","","","","1.4%","4.2%","2.8%","0.0%","0.0%","0.0%"
"Bucks","Maple Point MS","7th Grade","338","98.8%","98.8%","97.9%","98.8%","0.6%","97.6%","96.4%","96.4%","","","1.2%","3.8%","0.0%","0.0%","0.0%","0.0%"
"Bucks","Maureen M Welch El Sch","Kindergarten","58","91.4%","91.4%","91.4%","91.4%","0.0%","91.4%","","","","","0.0%","3.4%","5.2%","0.0%","0.0%","0.0%"
"Bucks","McDonald El Sch","Kindergarten","142","94.4%","93.7%","96.5%","96.5%","1.4%","93.7%","","","","","0.0%","4.2%","0.0%","95.1%","0.0%","0.0%"
"Bucks","Merakey Education Center","7th Grade","2","","","","","","","","","","","","","","","",""
"Bucks","Merakey Education Center","12th Grade","3","","","","","","","","","","","","","","","",""
"Bucks","Mill Creek El Sch - Levittown location","Kindergarten","148","97.3%","97.3%","98.0%","97.3%","0.0%","98.0%","","","","","0.0%","2.0%","0.7%","1.4%","0.0%","0.0%"
"Bucks","Mill Creek El Sch - Warrington location","Kindergarten","109","97.2%","97.2%","97.2%","96.3%","0.0%","97.2%","","","","","0.0%","0.9%","2.8%","0.0%","0.0%","0.0%"
"Bucks","Miller El Sch","Kindergarten","99","97.0%","97.0%","94.9%","98.0%","0.0%","94.9%","","","","","0.0%","0.0%","5.1%","1.0%","0.0%","0.0%"
"Bucks","Montessori Community School","Kindergarten","14","","","","","","","","","","","","","","","",""
"Bucks","Montessori School","Kindergarten","8","","","","","","","","","","","","","","","",""
"Bucks","Morrisville HS","7th Grade","78","97.4%","97.4%","98.7%","98.7%","0.0%","98.7%","92.3%","92.3%","","","0.0%","6.4%","0.0%","1.3%","0.0%","1.3%"
"Bucks","Morrisville HS","12th Grade","47","97.9%","97.9%","97.9%","97.9%","0.0%","97.9%","97.9%","","2.1%","93.6%","0.0%","4.3%","0.0%","0.0%","0.0%","2.1%"
"Bucks","Nativity of Our Lord School","Kindergarten","47","100.0%","97.9%","95.7%","100.0%","0.0%","95.7%","","","","","4.3%","0.0%","0.0%","0.0%","0.0%","0.0%"
"Bucks","Nativity of Our Lord School","7th Grade","48","100.0%","97.9%","97.9%","100.0%","0.0%","97.9%","93.8%","93.8%","","","4.2%","0.0%","0.0%","2.1%","0.0%","0.0%"
"Bucks","Neidig El Sch","Kindergarten","65","90.8%","89.2%","87.7%","92.3%","0.0%","87.7%","","","","","0.0%","10.8%","1.5%","0.0%","0.0%","0.0%"
"Bucks","Neil A Armstrong MS","7th Grade","218","97.2%","95.4%","97.7%","98.6%","0.0%","97.2%","95.4%","95.4%","","","0.0%","3.2%","0.9%","0.0%","0.0%","0.5%"
"Bucks","Neshaminy HS","12th Grade","761","97.6%","97.2%","98.0%","98.6%","4.3%","93.3%","97.8%","","1.7%","93.3%","0.5%","0.1%","5.5%","0.4%","0.1%","1.1%"
"Bucks","New Hope Academy - Doylestown location","7th Grade","4","","","","","","","","","","","","","","","",""
"Bucks","New Hope Academy - Doylestown location","12th Grade","6","","","","","","","","","","","","","","","",""
"Bucks","New Hope Academy - Yardley location","7th Grade","2","","","","","","","","","","","","","","","",""
"Bucks","New Hope Academy - Yardley location","12th Grade","17","","","","","","","","","","","","","","","",""
"Bucks","New Hope-Solebury HS","12th Grade","105","95.2%","93.3%","93.3%","90.5%","1.0%","94.3%","91.4%","","29.5%","29.5%","2.9%","1.0%","1.0%","0.0%","0.0%","70.5%"
"Bucks","New Hope-Solebury Lower El Sch","Kindergarten","73","100.0%","98.6%","98.6%","98.6%","0.0%","98.6%","","","","","0.0%","1.4%","0.0%","0.0%","0.0%","0.0%"
"Bucks","New Hope-Solebury MS","7th Grade","98","100.0%","99.0%","96.9%","100.0%","1.0%","92.9%","37.8%","35.7%","","","2.0%","1.0%","1.0%","0.0%","0.0%","64.3%"
"Bucks","Newtown El Sch","Kindergarten","72","97.2%","97.2%","97.2%","97.2%","0.0%","97.2%","","","","","0.0%","0.0%","2.8%","0.0%","0.0%","0.0%"
"Bucks","Newtown Friends School","Kindergarten","24","91.7%","91.7%","91.7%","91.7%","0.0%","91.7%","","","","","0.0%","0.0%","8.3%","0.0%","0.0%","0.0%"
"Bucks","Newtown Friends School","7th Grade","31","77.4%","77.4%","77.4%","77.4%","0.0%","77.4%","77.4%","77.4%","","","0.0%","0.0%","22.6%","0.0%","0.0%","0.0%"
"Bucks","Newtown MS","7th Grade","387","97.9%","97.2%","97.4%","97.4%","1.0%","96.9%","96.6%","95.9%","","","1.3%","2.1%","3.6%","0.3%","0.0%","0.0%"
"Bucks","Our Lady of Good Counsel","Kindergarten","24","95.8%","91.7%","95.8%","100.0%","0.0%","95.8%","","","","","0.0%","0.0%","0.0%","0.0%","0.0%","8.3%"
"Bucks","Our Lady of Good Counsel","7th Grade","22","100.0%","100.0%","100.0%","100.0%","0.0%","100.0%","81.8%","81.8%","","","0.0%","0.0%","0.0%","0.0%","0.0%","18.2%"
"Bucks","Our Lady of Grace School","Kindergarten","27","85.2%","81.5%","85.2%","85.2%","0.0%","85.2%","","","","","0.0%","0.0%","7.4%","14.8%","0.0%","0.0%"
"Bucks","Our Lady of Grace School","7th Grade","7","","","","","","","","","","","","","","","",""
"Bucks","Our Lady of Mount Carmel","Kindergarten","52","100.0%","100.0%","96.2%","100.0%","0.0%","96.2%","","","","","0.0%","0.0%","0.0%","0.0%","0.0%","3.8%"
"Bucks","Our Lady of Mount Carmel","7th Grade","34","100.0%","100.0%","97.1%","100.0%","0.0%","97.1%","88.2%","88.2%","","","0.0%","0.0%","2.9%","0.0%","0.0%","8.8%"
"Bucks","Oxford Valley El Sch","Kindergarten","68","95.6%","95.6%","95.6%","95.6%","0.0%","95.6%","","","","","0.0%","0.0%","5.9%","0.0%","0.0%","0.0%"
"Bucks","Palisades HS","12th Grade","131","94.7%","93.1%","94.7%","95.4%","1.5%","92.4%","93.9%","","0.0%","90.1%","0.0%","8.4%","2.3%","0.0%","0.0%","1.5%"
"Bucks","Palisades MS","7th Grade","122","85.2%","85.2%","85.2%","86.9%","0.0%","85.2%","86.9%","86.1%","","","0.0%","13.1%","1.6%","0.0%","0.0%","0.0%"
"Bucks","Patricia A Guth El Sch","Kindergarten","41","92.7%","87.8%","87.8%","85.4%","0.0%","80.5%","","","","","0.0%","12.2%","0.0%","9.8%","0.0%","0.0%"
"Bucks","Pen Ryn School","Kindergarten","26","96.2%","96.2%","96.2%","96.2%","0.0%","96.2%","","","","","0.0%","3.8%","0.0%","0.0%","0.0%","0.0%"
"Bucks","Pen Ryn School","7th Grade","28","96.4%","96.4%","96.4%","96.4%","0.0%","96.4%","96.4%","96.4%","","","0.0%","3.6%","0.0%","0.0%","0.0%","0.0%"
"Bucks","Penn Valley El Sch","Kindergarten","46","100.0%","100.0%","100.0%","100.0%","0.0%","100.0%","","","","","0.0%","0.0%","0.0%","0.0%","0.0%","0.0%"
"Bucks","Pennridge Central MS","7th Grade","166","97.0%","96.4%","97.0%","97.0%","0.6%","96.4%","94.6%","94.6%","","","0.0%","0.0%","5.4%","0.0%","0.0%","0.0%"
"Bucks","Pennridge HS","12th Grade","578","97.1%","95.3%","95.3%","95.3%","0.0%","95.3%","95.3%","","1.9%","93.4%","0.2%","5.0%","0.0%","0.0%","0.0%","0.0%"
"Bucks","Pennridge North MS","7th Grade","186","98.4%","98.4%","97.8%","97.8%","1.6%","98.4%","94.6%","95.7%","","","2.2%","5.4%","0.0%","0.0%","0.0%","0.0%"
"Bucks","Pennridge South MS","7th Grade","136","98.5%","98.5%","98.5%","99.3%","0.0%","98.5%","98.5%","98.5%","","","0.7%","5.1%","1.5%","0.0%","0.0%","0.0%"
"Bucks","Pennsbury HS","12th Grade","696","99.9%","99.9%","99.9%","99.9%","0.1%","99.7%","99.9%","","0.9%","99.0%","0.0%","1.7%","1.3%","0.0%","0.0%","0.0%"
"Bucks","Pennwood MS","7th Grade","242","94.6%","94.6%","94.6%","94.6%","0.8%","93.8%","94.6%","94.6%","","","1.2%","3.3%","1.2%","0.4%","0.0%","0.0%"
"Bucks","Pfaff El Sch","Kindergarten","72","94.4%","94.4%","94.4%","94.4%","0.0%","94.4%","","","","","0.0%","5.6%","0.0%","0.0%","0.0%","0.0%"
"Bucks","Pine Run El Sch","Kindergarten","50","96.0%","92.0%","92.0%","96.0%","0.0%","92.0%","","","","","0.0%","0.0%","8.0%","0.0%","0.0%","0.0%"
"Bucks","Plumstead Christian School","Kindergarten","34","64.7%","64.7%","64.7%","79.4%","0.0%","61.8%","","","","","0.0%","23.5%","14.7%","0.0%","0.0%","0.0%"
"Bucks","Plumstead Christian School","7th Grade","28","92.9%","89.3%","92.9%","92.9%","3.6%","89.3%","78.6%","75.0%","","","0.0%","14.3%","10.7%","0.0%","0.0%","0.0%"
"Bucks","Plumstead Christian School","12th Grade","32","93.8%","90.6%","93.8%","93.8%","3.1%","84.4%","93.8%","","0.0%","87.5%","9.4%","9.4%","3.1%","0.0%","0.0%","0.0%"
"Bucks","Poquessing MS","7th Grade","235","96.6%","97.0%","97.0%","96.6%","10.6%","86.8%","93.6%","93.2%","","","0.0%","0.0%","7.2%","0.0%","0.0%","0.4%"
"Bucks","Quakertown Christian School","Kindergarten","5","","","","","","","","","","","","","","","",""
"Bucks","Quakertown Christian School","7th Grade","15","","","","","","","","","","","","","","","",""
"Bucks","Quakertown Christian School","12th Grade","14","","","","","","","","","","","","","","","",""
"Bucks","Quakertown Community HS","12th Grade","414","98.6%","98.3%","98.1%","98.6%","0.7%","97.6%","97.8%","","2.2%","92.8%","0.2%","2.2%","3.9%","0.7%","0.0%","0.5%"
"Bucks","Quakertown El Sch","Kindergarten","47","95.7%","91.5%","95.7%","97.9%","2.1%","93.6%","","","","","0.0%","2.1%","2.1%","4.3%","0.0%","0.0%"
"Bucks","Quarry Hill El Sch","Kindergarten","73","98.6%","98.6%","98.6%","98.6%","0.0%","98.6%","","","","","0.0%","0.0%","1.4%","0.0%","0.0%","0.0%"
"Bucks","Regina Academy at St John the Baptist","Kindergarten","12","","","","","","","","","","","","","","","",""
"Bucks","Regina Academy at St John the Baptist","7th Grade","4","","","","","","","","","","","","","","","",""
"Bucks","Richboro El Sch","Kindergarten","56","91.1%","91.1%","91.1%","94.6%","0.0%","91.1%","","","","","1.8%","5.4%","1.8%","0.0%","0.0%","0.0%"
"Bucks","Richland El Sch","Kindergarten","42","97.6%","100.0%","100.0%","97.6%","0.0%","100.0%","","","","","0.0%","0.0%","0.0%","2.4%","0.0%","0.0%"
"Bucks","River Valley Waldorf School","Kindergarten","11","","","","","","","","","","","","","","","",""
"Bucks","River Valley Waldorf School","7th Grade","8","","","","","","","","","","","","","","","",""
"Bucks","Robert K Shafer MS","7th Grade","263","97.7%","97.7%","97.7%","97.3%","0.8%","97.0%","92.8%","92.4%","","","0.4%","3.8%","0.8%","1.1%","0.0%","1.9%"
"Bucks","Rolling Hills El Sch","Kindergarten","46","91.3%","91.3%","89.1%","91.3%","6.5%","84.8%","","","","","0.0%","10.9%","0.0%","0.0%","0.0%","0.0%"
"Bucks","Russell C Struble El Sch","Kindergarten","71","94.4%","95.8%","94.4%","97.2%","0.0%","95.8%","","","","","0.0%","2.8%","1.4%","1.4%","0.0%","0.0%"
"Bucks","Samuel K Faust El Sch","Kindergarten","65","96.9%","92.3%","95.4%","93.8%","0.0%","90.8%","","","","","1.5%","1.5%","4.6%","0.0%","0.0%","1.5%"
"Bucks","Sandburg MS","7th Grade","186","98.4%","98.4%","98.4%","98.4%","1.1%","97.8%","95.2%","95.2%","","","0.5%","0.0%","4.8%","0.0%","0.0%","0.0%"
"Bucks","School Lane CS","Kindergarten","125","91.2%","92.0%","92.8%","95.2%","0.0%","92.0%","","","","","0.0%","2.4%","5.6%","0.8%","0.0%","0.0%"
"Bucks","School Lane CS","7th Grade","122","99.2%","99.2%","99.2%","99.2%","0.0%","99.2%","98.4%","98.4%","","","0.0%","0.0%","1.6%","0.0%","0.0%","0.0%"
"Bucks","School Lane CS","12th Grade","60","100.0%","100.0%","100.0%","100.0%","3.3%","96.7%","98.3%","","1.7%","96.7%","0.0%","0.0%","3.3%","0.0%","0.0%","0.0%"
"Bucks","School of Saint Jude","Kindergarten","57","98.2%","98.2%","100.0%","100.0%","0.0%","100.0%","","","","","0.0%","0.0%","0.0%","0.0%","0.0%","1.8%"
"Bucks","School of Saint Jude","7th Grade","23","100.0%","100.0%","100.0%","100.0%","0.0%","100.0%","100.0%","100.0%","","","0.0%","0.0%","0.0%","0.0%","0.0%","0.0%"
"Bucks","Schweitzer El Sch","Kindergarten","84","98.8%","98.8%","98.8%","98.8%","0.0%","98.8%","","","","","0.0%","0.0%","1.2%","0.0%","0.0%","0.0%"
"Bucks","Sellersville El Sch","Kindergarten","50","90.0%","90.0%","88.0%","90.0%","0.0%","88.0%","","","","","0.0%","0.0%","10.0%","0.0%","0.0%","2.0%"
"Bucks","Seylar El Sch","Kindergarten","52","94.2%","94.2%","94.2%","94.2%","0.0%","94.2%","","","","","0.0%","5.8%","0.0%","0.0%","0.0%","0.0%"
"Bucks","Shir Ami Bucks Co Jewish Cong","Kindergarten","12","","","","","","","","","","","","","","","",""
"Bucks","Small Wonders at Temple Judea","Kindergarten","12","","","","","","","","","","","","","","","",""
"Bucks","Sol Feinstone El Sch","Kindergarten","87","97.7%","97.7%","97.7%","98.9%","1.1%","96.6%","","","","","0.0%","0.0%","2.3%","0.0%","0.0%","0.0%"
"Bucks","Solebury School","12th Grade","70","97.1%","97.1%","97.1%","97.1%","0.0%","97.1%","97.1%","","5.7%","91.4%","0.0%","0.0%","2.9%","0.0%","0.0%","0.0%"
"Bucks","Springfield El Sch","Kindergarten","23","100.0%","95.7%","100.0%","100.0%","0.0%","95.7%","","","","","0.0%","0.0%","0.0%","4.3%","0.0%","0.0%"
"Bucks","Springtime School","7th Grade","1","","","","","","","","","","","","","","","",""
"Bucks","Springtime School","12th Grade","11","","","","","","","","","","","","","","","",""
"Bucks","St Andrew School","Kindergarten","63","96.8%","96.8%","93.7%","100.0%","0.0%","95.2%","","","","","6.3%","0.0%","0.0%","0.0%","0.0%","0.0%"
"Bucks","St Andrew School","7th Grade","57","96.5%","100.0%","100.0%","100.0%","0.0%","100.0%","96.5%","94.7%","","","5.3%","0.0%","0.0%","0.0%","0.0%","0.0%"
"Bucks","St Charles Borromeo School","Kindergarten","17","","","","","","","","","","","","","","","",""
"Bucks","St Charles Borromeo School","7th Grade","12","","","","","","","","","","","","","","","",""
"Bucks","St Ephrem School","Kindergarten","39","100.0%","100.0%","100.0%","100.0%","0.0%","100.0%","","","","","0.0%","0.0%","0.0%","0.0%","0.0%","0.0%"
"Bucks","St Ephrem School","7th Grade","42","100.0%","100.0%","100.0%","100.0%","0.0%","100.0%","100.0%","100.0%","","","0.0%","0.0%","0.0%","0.0%","0.0%","0.0%"
"Bucks","St Ignatius School","Kindergarten","35","100.0%","100.0%","100.0%","100.0%","0.0%","100.0%","","","","","0.0%","0.0%","0.0%","0.0%","0.0%","0.0%"
"Bucks","St Ignatius School","7th Grade","20","100.0%","100.0%","100.0%","100.0%","0.0%","100.0%","100.0%","100.0%","","","0.0%","0.0%","0.0%","0.0%","0.0%","0.0%"
"Bucks","St Isidore School","Kindergarten","20","85.0%","85.0%","85.0%","85.0%","0.0%","85.0%","","","","","0.0%","0.0%","0.0%","0.0%","0.0%","15.0%"
"Bucks","St Isidore School","7th Grade","12","","","","","","","","","","","","","","","",""
"Bucks","St Joseph-St Robert School","Kindergarten","40","100.0%","100.0%","95.0%","100.0%","0.0%","95.0%","","","","","2.5%","0.0%","0.0%","0.0%","0.0%","2.5%"
"Bucks","St Joseph-St Robert School","7th Grade","11","","","","","","","","","","","","","","","",""
"Bucks","St Katharine Drexel Regional Catholic School","Kindergarten","27","100.0%","100.0%","100.0%","100.0%","0.0%","100.0%","","","","","0.0%","0.0%","0.0%","0.0%","0.0%","0.0%"
"Bucks","St Katharine Drexel Regional Catholic School","7th Grade","42","100.0%","100.0%","100.0%","100.0%","2.4%","97.6%","100.0%","100.0%","","","0.0%","0.0%","0.0%","0.0%","0.0%","0.0%"
"Bucks","St Mark School","Kindergarten","14","","","","","","","","","","","","","","","",""
"Bucks","St Mark School","7th Grade","18","","","","","","","","","","","","","","","",""
"Bucks","St Michael The Archangel School","Kindergarten","11","","","","","","","","","","","","","","","",""
"Bucks","St Michael The Archangel School","7th Grade","15","","","","","","","","","","","","","","","",""
"Bucks","Strayer MS","7th Grade","348","96.3%","96.3%","96.0%","95.7%","1.4%","94.5%","96.3%","96.3%","","","0.0%","1.1%","6.3%","0.0%","0.0%","1.4%"
"Bucks","Tamanend MS","7th Grade","296","97.6%","97.3%","97.6%","97.6%","3.0%","93.6%","95.3%","94.9%","","","0.3%","2.7%","2.7%","0.3%","0.0%","0.0%"
"Bucks","Tawanka El Sch","Kindergarten","134","88.1%","88.1%","87.3%","88.1%","0.0%","87.3%","","","","","0.7%","0.0%","10.4%","1.5%","0.0%","0.0%"
"Bucks","Tinicum El Sch","Kindergarten","22","100.0%","100.0%","100.0%","100.0%","0.0%","100.0%","","","","","0.0%","0.0%","0.0%","0.0%","0.0%","0.0%"
"Bucks","Titus El Sch","Kindergarten","62","98.4%","96.8%","98.4%","96.8%","0.0%","96.8%","","","","","0.0%","3.2%","0.0%","0.0%","0.0%","1.6%"
"Bucks","Tohickon MS","7th Grade","263","97.7%","98.1%","98.5%","97.3%","1.1%","97.3%","94.7%","94.3%","","","0.8%","2.3%","4.2%","0.0%","0.0%","1.1%"
"Bucks","Truman SHS","12th Grade","415","97.3%","97.3%","99.0%","98.8%","1.4%","97.6%","98.1%","","0.5%","95.9%","1.9%","1.0%","2.4%","0.5%","0.0%","0.0%"
"Bucks","Trumbauersville El Sch","Kindergarten","57","94.7%","94.7%","94.7%","96.5%","0.0%","94.7%","","","","","0.0%","3.5%","1.8%","0.0%","0.0%","0.0%"
"Bucks","Unami MS","7th Grade","274","98.5%","98.9%","97.8%","97.8%","0.7%","97.4%","97.8%","97.4%","","","0.0%","0.7%","2.2%","0.0%","0.0%","1.1%"
"Bucks","Upper Bucks Christian School","Kindergarten","22","81.8%","81.8%","77.3%","86.4%","0.0%","77.3%","","","","","4.5%","0.0%","18.2%","0.0%","0.0%","0.0%"
"Bucks","Upper Bucks Christian School","7th Grade","23","87.0%","82.6%","78.3%","87.0%","0.0%","82.6%","47.8%","43.5%","","","4.3%","0.0%","34.8%","17.4%","0.0%","0.0%"
"Bucks","Upper Bucks Christian School","12th Grade","14","","","","","","","","","","","","","","","",""
"Bucks","Valley El Sch","Kindergarten","89","96.6%","96.6%","96.6%","96.6%","0.0%","96.6%","","","","","0.0%","1.1%","2.2%","0.0%","0.0%","0.0%"
"Bucks","Villa Joseph Marie High School","12th Grade","65","100.0%","98.5%","100.0%","98.5%","0.0%","100.0%","100.0%","","0.0%","96.9%","0.0%","4.6%","0.0%","0.0%","0.0%","0.0%"
"Bucks","Village Park Academy","12th Grade","7","","","","","","","","","","","","","","","",""
"Bucks","Walt Disney El Sch","Kindergarten","58","98.3%","94.8%","98.3%","96.6%","0.0%","100.0%","","","","","0.0%","0.0%","1.7%","3.4%","0.0%","0.0%"
"Bucks","Warren Snyder-John Girotti El Sch","Kindergarten","82","90.2%","92.7%","87.8%","91.5%","0.0%","87.8%","","","","","0.0%","1.2%","0.0%","0.0%","0.0%","14.6%"
"Bucks","Warwick El Sch","Kindergarten","39","100.0%","97.4%","97.4%","100.0%","0.0%","97.4%","","","","","0.0%","2.6%","0.0%","0.0%","0.0%","5.1%"
"Bucks","West Rockhill El Sch","Kindergarten","43","100.0%","97.7%","100.0%","97.7%","0.0%","100.0%","","","","","0.0%","0.0%","2.3%","2.3%","0.0%","0.0%"
"Bucks","William Penn MS","7th Grade","290","97.6%","97.6%","97.6%","97.6%","0.0%","97.2%","97.6%","97.2%","","","0.0%","2.1%","1.0%","0.0%","0.0%","0.0%"
"Bucks","William Tennent HS","12th Grade","418","99.0%","98.3%","98.8%","97.6%","1.0%","98.6%","96.9%","","2.4%","65.3%","2.2%","13.6%","0.0%","0.0%","0.0%","34.2%"
"Bucks","Willow Dale El Sch","Kindergarten","111","94.6%","92.8%","89.2%","96.4%","0.0%","88.3%","","","","","0.0%","5.4%","0.0%","0.9%","0.0%","6.3%"
"Bucks","Windmill Academy","Kindergarten","20","90.0%","90.0%","90.0%","90.0%","0.0%","90.0%","","","","","0.0%","0.0%","10.0%","0.0%","0.0%","0.0%"
"Bucks","Wrightstown El Sch","Kindergarten","39","94.9%","94.9%","94.9%","94.9%","0.0%","94.9%","","","","","2.6%","2.6%","0.0%","0.0%","0.0%","0.0%"
"Butler","Broad Street El Sch","Kindergarten","34","88.2%","88.2%","88.2%","91.2%","0.0%","88.2%","","","","","0.0%","5.9%","5.9%","0.0%","0.0%","0.0%"
"Butler","Butler Area IHS","7th Grade","464","96.1%","96.1%","96.8%","97.0%","0.6%","95.9%","90.1%","89.7%","","","0.0%","4.3%","6.0%","0.2%","0.0%","0.4%"
"Butler","Butler Area SHS","12th Grade","475","95.6%","97.5%","97.7%","96.0%","0.4%","96.6%","95.6%","","0.0%","87.6%","0.6%","3.6%","9.5%","0.0%","0.0%","0.0%"
"Butler","Butler Catholic School","Kindergarten","17","","","","","","","","","","","","","","","",""
"Butler","Butler Catholic School","7th Grade","13","","","","","","","","","","","","","","","",""
"Butler","Butler Montessori School","Kindergarten","2","","","","","","","","","","","","","","","",""
"Butler","Calvary Academy","7th Grade","1","","","","","","","","","","","","","","","",""
"Butler","Center Twp Sch","Kindergarten","86","90.7%","90.7%","89.5%","94.2%","0.0%","89.5%","","","","","0.0%","2.3%","8.1%","0.0%","0.0%","0.0%"
"Butler","Connoquenessing El Sch","Kindergarten","45","88.9%","88.9%","91.1%","91.1%","0.0%","91.1%","","","","","0.0%","4.4%","6.7%","0.0%","0.0%","2.2%"
"Butler","Connoquenessing Valley El Sch","Kindergarten","165","93.3%","92.7%","91.5%","97.0%","0.6%","91.5%","","","","","0.0%","2.4%","4.2%","1.2%","0.0%","0.6%"
"Butler","Dassa McKinney El Sch","Kindergarten","76","94.7%","94.7%","94.7%","96.1%","0.0%","94.7%","","","","","1.3%","0.0%","3.9%","0.0%","0.0%","0.0%"
"Butler","Easter Seals of Western and Central PA","Kindergarten","2","","","","","","","","","","","","","","","",""
"Butler","Ehrman Crest El Sch","Kindergarten","171","95.3%","95.3%","95.3%","97.7%","0.0%","94.7%","","","","","0.0%","2.3%","3.5%","0.0%","0.0%","0.0%"
"Butler","Emily Brittain El Sch","Kindergarten","45","91.1%","91.1%","91.1%","91.1%","0.0%","91.1%","","","","","0.0%","2.2%","6.7%","0.0%","0.0%","0.0%"
"Butler","First Baptist Christian School","Kindergarten","3","","","","","","","","","","","","","","","",""
"Butler","First Baptist Christian School","7th Grade","11","","","","","","","","","","","","","","","",""
"Butler","First Baptist Christian School","12th Grade","5","","","","","","","","","","","","","","","",""
"Butler","Glade Run Academy","7th Grade","12","","","","","","","","","","","","","","","",""
"Butler","Glade Run Academy","12th Grade","22","100.0%","100.0%","100.0%","100.0%","0.0%","100.0%","100.0%","","72.7%","27.3%","0.0%","0.0%","13.6%","13.6%","0.0%","0.0%"
"Butler","Goddard School","Kindergarten","23","95.7%","95.7%","95.7%","95.7%","0.0%","95.7%","","","","","4.3%","0.0%","0.0%","0.0%","0.0%","0.0%"
"Butler","Haine El Sch","Kindergarten","153","97.4%","96.7%","96.7%","97.4%","0.0%","96.1%","","","","","0.0%","0.0%","4.6%","0.7%","0.0%","1.3%"
"Butler","His Kids Christian School","Kindergarten","7","","","","","","","","","","","","","","","",""
"Butler","Holy Sepulcher School","Kindergarten","25","100.0%","100.0%","100.0%","100.0%","0.0%","100.0%","","","","","0.0%","0.0%","0.0%","0.0%","0.0%","0.0%"
"Butler","Holy Sepulcher School","7th Grade","11","","","","","","","","","","","","","","","",""
"Butler","Karns City Area El Sch","Kindergarten","92","93.5%","93.5%","93.5%","93.5%","0.0%","93.5%","","","","","0.0%","0.0%","6.5%","0.0%","0.0%","93.5%"
"Butler","Karns City Jr/Sr HS","7th Grade","98","85.7%","85.7%","85.7%","85.7%","0.0%","85.7%","85.7%","85.7%","","","1.0%","4.1%","3.1%","69.4%","0.0%","0.0%"
"Butler","Karns City Jr/Sr HS","12th Grade","92","100.0%","100.0%","100.0%","100.0%","2.2%","97.8%","100.0%","","0.0%","88.0%","1.1%","5.4%","2.2%","12.0%","0.0%","0.0%"
"Butler","Knoch HS","12th Grade","187","97.9%","96.3%","96.8%","97.3%","0.5%","96.3%","94.7%","","0.0%","89.3%","0.0%","9.1%","1.6%","0.0%","0.0%","0.5%"
"Butler","Knoch MS","7th Grade","180","93.9%","94.4%","92.8%","92.8%","0.0%","92.8%","91.7%","91.1%","","","0.6%","7.2%","2.2%","0.0%","0.0%","0.0%"
"Butler","Knoch Primary Sch","Kindergarten","127","93.7%","94.5%","93.7%","94.5%","0.0%","93.7%","","","","","0.0%","7.1%","0.0%","0.0%","0.0%","0.0%"
"Butler","Longmore Academy","7th Grade","12","","","","","","","","","","","","","","","",""
"Butler","Longmore Academy","12th Grade","11","","","","","","","","","","","","","","","",""
"Butler","Mars Area MS","7th Grade","319","95.6%","95.3%","95.6%","94.4%","0.3%","94.0%","92.8%","92.2%","","","0.6%","2.5%","7.2%","0.0%","0.0%","0.9%"
"Butler","Mars Area Primary Ctr","Kindergarten","207","96.6%","97.6%","94.7%","97.1%","0.0%","94.7%","","","","","0.0%","1.9%","3.9%","0.0%","0.0%","0.0%"
"Butler","Mars Area SHS","12th Grade","275","97.5%","96.7%","97.1%","97.1%","0.0%","97.1%","96.4%","","0.7%","93.8%","0.0%","3.6%","2.5%","0.0%","0.0%","0.0%"
"Butler","Mcquistion El Sch","Kindergarten","83","96.4%","96.4%","96.4%","95.2%","0.0%","95.2%","","","","","0.0%","0.0%","6.0%","0.0%","0.0%","1.2%"
"Butler","Moniteau JSHS","7th Grade","77","100.0%","97.4%","97.4%","100.0%","0.0%","98.7%","94.8%","94.8%","","","0.0%","2.6%","2.6%","0.0%","0.0%","0.0%"
"Butler","Moniteau JSHS","12th Grade","75","100.0%","98.7%","98.7%","100.0%","0.0%","98.7%","96.0%","","4.0%","92.0%","1.3%","2.7%","2.7%","0.0%","0.0%","0.0%"
"Butler","Moraine El Sch","Kindergarten","48","85.4%","85.4%","85.4%","85.4%","0.0%","85.4%","","","","","0.0%","0.0%","14.6%","0.0%","0.0%","0.0%"
"Butler","North Catholic High School","12th Grade","166","97.0%","95.8%","95.2%","95.8%","0.0%","94.6%","91.6%","","1.2%","89.8%","0.6%","3.0%","5.4%","0.0%","0.0%","5.4%"
"Butler","Northwest El Sch","Kindergarten","68","89.7%","89.7%","91.2%","91.2%","0.0%","91.2%","","","","","0.0%","1.5%","7.4%","0.0%","0.0%","4.4%"
"Butler","Penn Christian Academy of Butler County Inc","Kindergarten","15","","","","","","","","","","","","","","","",""
"Butler","Penn Christian Academy of Butler County Inc","7th Grade","3","","","","","","","","","","","","","","","",""
"Butler","Portersville Christian School","Kindergarten","16","","","","","","","","","","","","","","","",""
"Butler","Portersville Christian School","7th Grade","12","","","","","","","","","","","","","","","",""
"Butler","Portersville Christian School","12th Grade","19","","","","","","","","","","","","","","","",""
"Butler","Rowan El Sch","Kindergarten","98","90.8%","90.8%","90.8%","93.9%","0.0%","90.8%","","","","","1.0%","6.1%","2.0%","0.0%","0.0%","0.0%"
"Butler","Ryan Gloyer MS","7th Grade","618","97.6%","97.4%","97.4%","97.2%","1.6%","95.8%","94.7%","94.5%","","","0.2%","1.3%","4.0%","0.2%","0.0%","0.5%"
"Butler","Seneca Valley HS","12th Grade","628","97.1%","96.5%","95.9%","96.7%","1.1%","94.9%","95.5%","","0.0%","91.4%","0.3%","2.1%","6.1%","0.2%","0.0%","1.3%"
"Butler","Slippery Rock Area El Sch","Kindergarten","72","87.5%","87.5%","86.1%","90.3%","0.0%","86.1%","","","","","0.0%","0.0%","13.9%","0.0%","0.0%","0.0%"
"Butler","Slippery Rock Area HS","12th Grade","162","94.4%","95.1%","94.4%","95.7%","0.6%","93.2%","93.2%","","1.9%","87.0%","0.0%","0.0%","13.0%","0.0%","0.0%","0.0%"
"Butler","Slippery Rock Area MS","7th Grade","136","93.4%","91.9%","92.6%","91.9%","0.0%","92.6%","88.2%","88.2%","","","0.0%","0.0%","13.2%","0.0%","0.0%","0.0%"
"Butler","St Gregory School","Kindergarten","24","91.7%","91.7%","91.7%","91.7%","0.0%","91.7%","","","","","0.0%","8.3%","0.0%","0.0%","0.0%","0.0%"
"Butler","St Gregory School","7th Grade","56","98.2%","98.2%","98.2%","98.2%","0.0%","98.2%","96.4%","96.4%","","","0.0%","0.0%","1.8%","0.0%","0.0%","1.8%"
"Butler","St Kilian Catholic School","Kindergarten","71","98.6%","100.0%","100.0%","100.0%","0.0%","100.0%","","","","","0.0%","0.0%","0.0%","0.0%","0.0%","1.4%"
"Butler","St Kilian Catholic School","7th Grade","59","96.6%","96.6%","96.6%","96.6%","0.0%","96.6%","96.6%","96.6%","","","0.0%","1.7%","1.7%","0.0%","0.0%","0.0%"
"Butler","St Luke Lutheran School","Kindergarten","29","89.7%","89.7%","100.0%","86.2%","0.0%","100.0%","","","","","0.0%","13.8%","0.0%","0.0%","0.0%","0.0%"
"Butler","St Luke Lutheran School","7th Grade","7","","","","","","","","","","","","","","","",""
"Butler","St Wendelin School","Kindergarten","8","","","","","","","","","","","","","","","",""
"Butler","St Wendelin School","7th Grade","8","","","","","","","","","","","","","","","",""
"Butler","Summit Academy","12th Grade","17","","","","","","","","","","","","","","","",""
"Butler","Summit El Sch","Kindergarten","36","97.2%","97.2%","97.2%","97.2%","0.0%","97.2%","","","","","0.0%","0.0%","5.6%","0.0%","0.0%","0.0%"
"Cambria","All Saints Catholic School","Kindergarten","7","","","","","","","","","","","","","","","",""
"Cambria","All Saints Catholic School","7th Grade","6","","","","","","","","","","","","","","","",""
"Cambria","Bishop Carroll High School","12th Grade","51","82.4%","82.4%","82.4%","82.4%","0.0%","82.4%","82.4%","","72.5%","9.8%","0.0%","13.7%","0.0%","3.9%","0.0%","0.0%"
"Cambria","Bishop McCort Catholic Elementary East","Kindergarten","18","","","","","","","","","","","","","","","",""
"Cambria","Bishop McCort Catholic Elementary West","Kindergarten","16","","","","","","","","","","","","","","","",""
"Cambria","Bishop McCort High School","7th Grade","47","95.7%","95.7%","95.7%","95.7%","2.1%","93.6%","95.7%","95.7%","","","0.0%","0.0%","4.3%","0.0%","0.0%","0.0%"
"Cambria","Bishop McCort High School","12th Grade","67","88.1%","88.1%","88.1%","88.1%","0.0%","88.1%","88.1%","","0.0%","88.1%","0.0%","1.5%","10.4%","0.0%","0.0%","0.0%"
"Cambria","Blacklick Valley El Ctr","Kindergarten","39","89.7%","94.9%","89.7%","94.9%","2.6%","87.2%","","","","","0.0%","0.0%","5.1%","0.0%","0.0%","5.1%"
"Cambria","Blacklick Valley JSHS","7th Grade","43","97.7%","97.7%","97.7%","95.3%","0.0%","97.7%","93.0%","95.3%","","","0.0%","0.0%","0.0%","7.0%","0.0%","7.0%"
"Cambria","Blacklick Valley JSHS","12th Grade","45","95.6%","93.3%","93.3%","95.6%","2.2%","91.1%","95.6%","","0.0%","88.9%","0.0%","0.0%","2.2%","6.7%","0.0%","13.3%"
"Cambria","Cambria County Christian School","Kindergarten","1","","","","","","","","","","","","","","","",""
"Cambria","Cambria County Christian School","7th Grade","3","","","","","","","","","","","","","","","",""
"Cambria","Cambria County Christian School","12th Grade","2","","","","","","","","","","","","","","","",""
"Cambria","Cambria El Sch","Kindergarten","69","92.8%","92.8%","92.8%","92.8%","0.0%","92.8%","","","","","0.0%","5.8%","1.4%","0.0%","0.0%","0.0%"
"Cambria","Cambria Heights El Sch","Kindergarten","78","88.5%","88.5%","89.7%","92.3%","0.0%","89.7%","","","","","0.0%","0.0%","3.8%","6.4%","0.0%","1.3%"
"Cambria","Cambria Heights MS","7th Grade","85","95.3%","94.1%","95.3%","95.3%","0.0%","95.3%","94.1%","94.1%","","","0.0%","5.9%","1.2%","0.0%","0.0%","0.0%"
"Cambria","Cambria Heights SHS","12th Grade","102","98.0%","97.1%","98.0%","98.0%","2.0%","95.1%","96.1%","","1.0%","94.1%","2.0%","1.0%","4.9%","0.0%","0.0%","1.0%"
"Cambria","Central Cambria HS","12th Grade","120","97.5%","97.5%","97.5%","97.5%","0.0%","97.5%","95.8%","","0.0%","86.7%","0.8%","1.7%","5.8%","0.8%","0.0%","4.2%"
"Cambria","Central Cambria MS","7th Grade","114","97.4%","97.4%","96.5%","97.4%","0.0%","96.5%","93.9%","93.0%","","","0.0%","1.8%","3.5%","0.0%","0.0%","2.6%"
"Cambria","Conemaugh Valley El Sch","Kindergarten","48","97.9%","97.9%","97.9%","97.9%","97.9%","0.0%","","","","","0.0%","0.0%","2.1%","0.0%","0.0%","0.0%"
"Cambria","Conemaugh Valley JSHS","7th Grade","55","96.4%","96.4%","96.4%","96.4%","0.0%","96.4%","96.4%","96.4%","","","0.0%","0.0%","3.6%","0.0%","0.0%","0.0%"
"Cambria","Conemaugh Valley JSHS","12th Grade","46","100.0%","100.0%","100.0%","100.0%","0.0%","100.0%","100.0%","","8.7%","89.1%","0.0%","0.0%","8.7%","0.0%","0.0%","0.0%"
"Cambria","Country Side Amish School","7th Grade","5","","","","","","","","","","","","","","","",""
"Cambria","Ferndale Area JSHS","7th Grade","40","100.0%","100.0%","100.0%","100.0%","0.0%","100.0%","100.0%","100.0%","","","0.0%","0.0%","0.0%","0.0%","0.0%","0.0%"
"Cambria","Ferndale Area JSHS","12th Grade","43","100.0%","100.0%","100.0%","100.0%","0.0%","100.0%","100.0%","","2.3%","97.7%","0.0%","0.0%","2.3%","0.0%","0.0%","0.0%"
"Cambria","Ferndale El Sch","Kindergarten","27","92.6%","92.6%","92.6%","92.6%","0.0%","92.6%","","","","","0.0%","3.7%","3.7%","0.0%","0.0%","0.0%"
"Cambria","Forest Hills El Sch","Kindergarten","111","98.2%","98.2%","98.2%","99.1%","0.0%","98.2%","","","","","0.0%","0.9%","0.9%","0.0%","0.0%","0.0%"
"Cambria","Forest Hills JSHS","7th Grade","129","98.4%","98.4%","98.4%","97.7%","0.0%","98.4%","96.1%","96.1%","","","0.0%","3.1%","0.8%","0.0%","0.0%","0.0%"
"Cambria","Forest Hills JSHS","12th Grade","133","97.7%","95.5%","97.7%","97.0%","0.8%","97.0%","94.7%","","0.0%","94.7%","2.3%","3.8%","2.3%","0.0%","0.0%","0.0%"
"Cambria","Greater Johnstown El Sch","Kindergarten","236","91.5%","92.4%","93.2%","92.4%","0.0%","93.6%","","","","","1.7%","2.1%","2.1%","2.1%","0.8%","0.0%"
"Cambria","Greater Johnstown MS","7th Grade","199","95.0%","95.0%","95.0%","95.0%","0.0%","95.0%","94.5%","94.5%","","","0.0%","2.5%","2.0%","1.0%","0.5%","0.0%"
"Cambria","Greater Johnstown SHS","12th Grade","212","98.1%","96.2%","99.1%","98.6%","0.5%","98.6%","98.6%","","3.8%","89.2%","0.5%","3.3%","1.4%","5.2%","0.0%","0.0%"
"Cambria","Holy Name School","Kindergarten","22","100.0%","100.0%","100.0%","100.0%","0.0%","95.5%","","","","","0.0%","0.0%","0.0%","4.5%","0.0%","0.0%"
"Cambria","Holy Name School","7th Grade","20","100.0%","100.0%","100.0%","100.0%","0.0%","100.0%","95.0%","95.0%","","","0.0%","0.0%","0.0%","5.0%","0.0%","0.0%"
"Cambria","Jackson El Sch","Kindergarten","25","96.0%","96.0%","96.0%","96.0%","0.0%","96.0%","","","","","0.0%","4.0%","0.0%","0.0%","0.0%","0.0%"
"Cambria","Northern Cambria El Sch","Kindergarten","41","97.6%","97.6%","97.6%","97.6%","0.0%","97.6%","","","","","0.0%","2.4%","0.0%","0.0%","0.0%","0.0%"
"Cambria","Northern Cambria HS","7th Grade","63","96.8%","96.8%","96.8%","96.8%","0.0%","96.8%","96.8%","96.8%","","","0.0%","1.6%","1.6%","0.0%","0.0%","0.0%"
"Cambria","Northern Cambria HS","12th Grade","70","97.1%","97.1%","95.7%","97.1%","0.0%","95.7%","97.1%","","0.0%","92.9%","0.0%","1.4%","7.1%","0.0%","0.0%","0.0%"
"Cambria","Penn Cambria HS","7th Grade","108","98.1%","98.1%","98.1%","98.1%","0.0%","98.1%","96.3%","96.3%","","","0.9%","0.9%","1.9%","0.0%","0.0%","2.8%"
"Cambria","Penn Cambria HS","12th Grade","139","97.8%","97.1%","97.8%","97.8%","0.0%","97.8%","97.8%","","0.0%","92.1%","0.0%","1.4%","2.2%","0.0%","0.0%","5.8%"
"Cambria","Penn Cambria Pre-Primary","Kindergarten","96","94.8%","94.8%","94.8%","94.8%","0.0%","93.8%","","","","","1.0%","3.1%","2.1%","0.0%","0.0%","0.0%"
"Cambria","Portage Area El Sch","Kindergarten","48","93.8%","93.8%","93.8%","93.8%","0.0%","93.8%","","","","","0.0%","2.1%","4.2%","0.0%","0.0%","0.0%"
"Cambria","Portage Area JSHS","7th Grade","63","100.0%","100.0%","100.0%","100.0%","0.0%","100.0%","100.0%","100.0%","","","0.0%","0.0%","0.0%","0.0%","0.0%","0.0%"
"Cambria","Portage Area JSHS","12th Grade","60","91.7%","91.7%","91.7%","91.7%","0.0%","91.7%","91.7%","","0.0%","91.7%","0.0%","5.0%","0.0%","3.3%","0.0%","0.0%"
"Cambria","Pressley Ridge Johnstown","7th Grade","6","","","","","","","","","","","","","","","",""
"Cambria","Pressley Ridge Johnstown","12th Grade","10","","","","","","","","","","","","","","","",""
"Cambria","Richland Academy","Kindergarten","5","","","","","","","","","","","","","","","",""
"Cambria","Richland El Sch","Kindergarten","117","98.3%","97.4%","99.1%","98.3%","0.0%","96.6%","","","","","0.0%","0.0%","4.3%","0.0%","0.0%","0.0%"
"Cambria","Richland HS","7th Grade","127","99.2%","99.2%","99.2%","98.4%","0.0%","99.2%","96.1%","94.5%","","","0.8%","0.8%","0.8%","3.9%","0.0%","0.0%"
"Cambria","Richland HS","12th Grade","128","96.9%","96.9%","96.1%","96.9%","0.0%","96.1%","97.7%","","3.1%","93.0%","0.0%","2.3%","2.3%","3.1%","0.0%","0.0%"
"Cambria","Soaring Heights School - Johnstown","7th Grade","3","","","","","","","","","","","","","","","",""
"Cambria","St Benedict Catholic School","Kindergarten","8","","","","","","","","","","","","","","","",""
"Cambria","St Benedict Catholic School","7th Grade","1","","","","","","","","","","","","","","","",""
"Cambria","St Michael Catholic School","Kindergarten","15","","","","","","","","","","","","","","","",""
"Cambria","St Michael Catholic School","7th Grade","11","","","","","","","","","","","","","","","",""
"Cambria","St Nicholas Catholic School","Kindergarten","16","","","","","","","","","","","","","","","",""
"Cambria","St Nicholas Catholic School","7th Grade","7","","","","","","","","","","","","","","","",""
"Cambria","Westmont Hilltop El Sch","Kindergarten","96","97.9%","97.9%","97.9%","97.9%","0.0%","97.9%","","","","","0.0%","2.1%","0.0%","0.0%","0.0%","0.0%"
"Cambria","Westmont Hilltop JSHS","7th Grade","104","90.4%","98.1%","98.1%","98.1%","1.0%","97.1%","91.3%","90.4%","","","0.0%","1.0%","6.7%","0.0%","0.0%","1.9%"
"Cambria","Westmont Hilltop JSHS","12th Grade","106","98.1%","98.1%","98.1%","98.1%","0.9%","97.2%","94.3%","","4.7%","89.6%","0.0%","0.9%","4.7%","0.0%","0.0%","3.8%"
"Cameron","Cameron County JSHS","7th Grade","32","96.9%","93.8%","93.8%","96.9%","0.0%","96.9%","84.4%","84.4%","","","0.0%","0.0%","3.1%","0.0%","0.0%","12.5%"
"Cameron","Cameron County JSHS","12th Grade","42","97.6%","92.9%","97.6%","97.6%","0.0%","92.9%","97.6%","","2.4%","83.3%","0.0%","0.0%","7.1%","0.0%","0.0%","7.1%"
"Cameron","Woodland El Sch","Kindergarten","33","78.8%","78.8%","78.8%","81.8%","0.0%","78.8%","","","","","3.0%","3.0%","12.1%","0.0%","0.0%","3.0%"
"Carbon","Ashfield Academy","Kindergarten","3","","","","","","","","","","","","","","","",""
"Carbon","Ashfield Academy","7th Grade","3","","","","","","","","","","","","","","","",""
"Carbon","Ashfield Academy","12th Grade","4","","","","","","","","","","","","","","","",""
"Carbon","Carbon Career & Technical Institute","12th Grade","107","99.1%","100.0%","100.0%","100.0%","0.9%","99.1%","99.1%","","4.7%","94.4%","0.0%","0.0%","6.5%","0.0%","0.0%","0.0%"
"Carbon","Jim Thorpe Area HS","12th Grade","119","95.8%","95.0%","95.0%","95.0%","0.8%","92.4%","91.6%","","0.0%","89.9%","0.8%","5.9%","3.4%","3.4%","0.0%","0.0%"
"Carbon","L B Morris El Sch","Kindergarten","66","84.8%","84.8%","87.9%","90.9%","0.0%","87.9%","","","","","0.0%","3.0%","10.6%","1.5%","0.0%","0.0%"
"Carbon","L B Morris El Sch","7th Grade","75","97.3%","97.3%","96.0%","97.3%","0.0%","97.3%","90.7%","90.7%","","","0.0%","4.0%","5.3%","0.0%","0.0%","0.0%"
"Carbon","Lehighton Area Elementary Center","Kindergarten","135","97.8%","98.5%","98.5%","98.5%","0.0%","98.5%","","","","","0.0%","0.0%","1.5%","0.7%","0.0%","0.0%"
"Carbon","Lehighton Area HS","12th Grade","159","98.7%","98.7%","98.7%","98.7%","0.0%","98.7%","98.1%","","2.5%","95.6%","0.6%","0.0%","3.8%","0.0%","0.0%","0.0%"
"Carbon","Lehighton Area MS","7th Grade","155","98.7%","98.7%","98.7%","98.7%","0.0%","98.7%","98.1%","98.1%","","","0.0%","1.3%","0.6%","0.0%","0.0%","0.0%"
"Carbon","Mahoning Valley Academy","Kindergarten","4","","","","","","","","","","","","","","","",""
"Carbon","Mahoning Valley Academy","7th Grade","6","","","","","","","","","","","","","","","",""
"Carbon","Mahoning Valley Academy","12th Grade","5","","","","","","","","","","","","","","","",""
"Carbon","Packer Ridge Academy","7th Grade","9","","","","","","","","","","","","","","","",""
"Carbon","Packer Ridge Academy","12th Grade","6","","","","","","","","","","","","","","","",""
"Carbon","Palmerton Area HS","12th Grade","120","100.0%","100.0%","100.0%","100.0%","1.7%","97.5%","99.2%","","0.0%","98.3%","0.8%","0.8%","0.8%","0.0%","0.0%","0.0%"
"Carbon","Palmerton Area JHS","7th Grade","148","94.6%","93.2%","93.9%","94.6%","0.0%","94.6%","93.2%","93.9%","","","0.7%","2.0%","4.1%","0.0%","0.0%","0.0%"
"Carbon","Panther Valley El Sch","Kindergarten","138","100.0%","100.0%","99.3%","100.0%","0.0%","100.0%","","","","","0.0%","0.0%","0.7%","0.7%","0.0%","0.0%"
"Carbon","Panther Valley JSHS","7th Grade","129","97.7%","97.7%","98.4%","98.4%","0.0%","98.4%","98.4%","98.4%","","","0.0%","0.8%","0.8%","0.8%","0.0%","0.0%"
"Carbon","Panther Valley JSHS","12th Grade","105","99.0%","99.0%","99.0%","99.0%","0.0%","99.0%","99.0%","","3.8%","95.2%","1.9%","0.0%","1.9%","0.0%","0.0%","1.0%"
"Carbon","Parkside Education Center","Kindergarten","78","91.0%","91.0%","91.0%","91.0%","1.3%","89.7%","","","","","0.0%","6.4%","0.0%","0.0%","0.0%","2.6%"
"Carbon","Penn-Kidder Campus","Kindergarten","44","97.7%","97.7%","97.7%","97.7%","0.0%","97.7%","","","","","0.0%","0.0%","2.3%","0.0%","0.0%","0.0%"
"Carbon","Penn-Kidder Campus","7th Grade","64","81.2%","81.2%","81.2%","81.2%","0.0%","81.2%","81.2%","81.2%","","","3.1%","6.2%","9.4%","0.0%","0.0%","0.0%"
"Carbon","St John Neumann Regional Sch","7th Grade","4","","","","","","","","","","","","","","","",""
"Carbon","Towamensing El Sch","Kindergarten","43","93.0%","93.0%","93.0%","93.0%","0.0%","93.0%","","","","","0.0%","4.7%","2.3%","0.0%","0.0%","0.0%"
"Carbon","Weatherly Area El Sch","Kindergarten","55","100.0%","100.0%","100.0%","100.0%","1.8%","98.2%","","","","","0.0%","0.0%","0.0%","0.0%","0.0%","0.0%"
"Carbon","Weatherly Area MS","7th Grade","59","98.3%","96.6%","96.6%","100.0%","1.7%","94.9%","93.2%","93.2%","","","0.0%","1.7%","6.8%","0.0%","0.0%","0.0%"
"Carbon","Weatherly Area SHS","12th Grade","34","94.1%","94.1%","94.1%","94.1%","0.0%","94.1%","94.1%","","0.0%","94.1%","0.0%","2.9%","2.9%","0.0%","0.0%","0.0%"
"Carbon","Willow Academy","Kindergarten","2","","","","","","","","","","","","","","","",""
"Carbon","Willow Academy","7th Grade","7","","","","","","","","","","","","","","","",""
"Carbon","Willow Academy","12th Grade","14","","","","","","","","","","","","","","","",""
"Centre","Back Road Amish","7th Grade","3","","","","","","","","","","","","","","","",""
"Centre","Bald Eagle Area JSHS","7th Grade","123","97.6%","95.9%","97.6%","95.9%","0.0%","97.6%","94.3%","94.3%","","","0.0%","0.0%","7.3%","0.0%","0.0%","0.0%"
"Centre","Bald Eagle Area JSHS","12th Grade","123","98.4%","97.6%","98.4%","98.4%","0.0%","95.9%","95.9%","","0.0%","87.8%","0.0%","0.0%","11.4%","0.0%","0.0%","0.8%"
"Centre","Bellefonte Area HS","12th Grade","193","97.9%","98.4%","98.4%","97.4%","0.0%","98.4%","97.9%","","0.0%","97.4%","0.5%","1.0%","1.6%","1.0%","0.0%","1.0%"
"Centre","Bellefonte Area MS","7th Grade","189","94.2%","94.2%","94.2%","94.2%","0.5%","93.7%","93.1%","92.6%","","","0.0%","3.2%","1.6%","0.0%","0.0%","2.6%"
"Centre","Bellefonte El Sch","Kindergarten","66","100.0%","100.0%","98.5%","100.0%","0.0%","98.5%","","","","","1.5%","0.0%","0.0%","0.0%","0.0%","0.0%"
"Centre","Benner El Sch","Kindergarten","30","96.7%","96.7%","96.7%","96.7%","0.0%","96.7%","","","","","0.0%","3.3%","0.0%","0.0%","0.0%","0.0%"
"Centre","Bennett Family Center","Kindergarten","20","95.0%","90.0%","95.0%","100.0%","0.0%","95.0%","","","","","0.0%","0.0%","0.0%","0.0%","0.0%","15.0%"
"Centre","Bower Hollow Parochial Sch","7th Grade","5","","","","","","","","","","","","","","","",""
"Centre","Centre County Christian Academy","Kindergarten","15","","","","","","","","","","","","","","","",""
"Centre","Centre County Christian Academy","7th Grade","5","","","","","","","","","","","","","","","",""
"Centre","Centre County Christian Academy","12th Grade","6","","","","","","","","","","","","","","","",""
"Centre","Centre Hall-Potter El Sch","Kindergarten","42","100.0%","90.5%","90.5%","90.5%","0.0%","90.5%","","","","","0.0%","2.4%","7.1%","0.0%","0.0%","0.0%"
"Centre","Centre Learning Community CS","7th Grade","16","","","","","","","","","","","","","","","",""
"Centre","Corl Street El Sch","Kindergarten","38","97.4%","97.4%","97.4%","97.4%","0.0%","97.4%","","","","","0.0%","2.6%","0.0%","0.0%","0.0%","0.0%"
"Centre","Delta HS","12th Grade","38","97.4%","97.4%","97.4%","97.4%","0.0%","97.4%","100.0%","","2.6%","97.4%","0.0%","0.0%","2.6%","0.0%","0.0%","0.0%"
"Centre","Delta MS","7th Grade","45","100.0%","100.0%","100.0%","97.8%","0.0%","100.0%","100.0%","100.0%","","","0.0%","0.0%","2.2%","0.0%","0.0%","0.0%"
"Centre","Easterly Parkway El Sch","Kindergarten","47","95.7%","97.9%","97.9%","97.9%","0.0%","97.9%","","","","","0.0%","0.0%","2.1%","2.1%","0.0%","0.0%"
"Centre","Elk Creek Amish School","7th Grade","1","","","","","","","","","","","","","","","",""
"Centre","Ferguson Twp El Sch","Kindergarten","35","94.3%","94.3%","97.1%","97.1%","0.0%","97.1%","","","","","0.0%","2.9%","0.0%","0.0%","0.0%","2.9%"
"Centre","Grace Prep","12th Grade","17","","","","","","","","","","","","","","","",""
"Centre","Gray's Woods El Sch","Kindergarten","40","97.5%","97.5%","97.5%","97.5%","0.0%","97.5%","","","","","0.0%","0.0%","2.5%","0.0%","0.0%","0.0%"
"Centre","Greenburr Gap Amish School","7th Grade","1","","","","","","","","","","","","","","","",""
"Centre","Howard El Sch","Kindergarten","9","","","","","","","","","","","","","","","",""
"Centre","Hubler Ridge School","7th Grade","5","","","","","","","","","","","","","","","",""
"Centre","Kramer Gap School","7th Grade","3","","","","","","","","","","","","","","","",""
"Centre","Little Nittany Amish Parochial School","7th Grade","2","","","","","","","","","","","","","","","",""
"Centre","Maple Hollow Amish School","7th Grade","3","","","","","","","","","","","","","","","",""
"Centre","Marion-Walker El Sch","Kindergarten","52","98.1%","98.1%","98.1%","98.1%","0.0%","98.1%","","","","","0.0%","0.0%","0.0%","0.0%","0.0%","1.9%"
"Centre","Marsh Creek Parochial School","7th Grade","1","","","","","","","","","","","","","","","",""
"Centre","Merakey Education Center","7th Grade","1","","","","","","","","","","","","","","","",""
"Centre","Merakey Education Center","12th Grade","1","","","","","","","","","","","","","","","",""
"Centre","Middle Road School","7th Grade","3","","","","","","","","","","","","","","","",""
"Centre","Misty Meadow School","7th Grade","3","","","","","","","","","","","","","","","",""
"Centre","Mount Nittany El Sch","Kindergarten","51","96.1%","96.1%","96.1%","98.0%","2.0%","94.1%","","","","","0.0%","0.0%","3.9%","0.0%","0.0%","0.0%"
"Centre","Mount Nittany MS","7th Grade","245","95.9%","95.1%","95.9%","96.3%","0.4%","95.5%","94.7%","93.9%","","","0.8%","3.3%","2.4%","0.0%","0.0%","0.4%"
"Centre","Mountaintop Area El Sch","Kindergarten","19","","","","","","","","","","","","","","","",""
"Centre","New Story","Kindergarten","2","","","","","","","","","","","","","","","",""
"Centre","New Story","7th Grade","4","","","","","","","","","","","","","","","",""
"Centre","Nittany Christian School","Kindergarten","12","","","","","","","","","","","","","","","",""
"Centre","Nittany Christian School","7th Grade","17","","","","","","","","","","","","","","","",""
"Centre","Nittany Ridge School","7th Grade","2","","","","","","","","","","","","","","","",""
"Centre","Nittany Valley CS","Kindergarten","4","","","","","","","","","","","","","","","",""
"Centre","Our Childrens Center","Kindergarten","7","","","","","","","","","","","","","","","",""
"Centre","Our Lady of Victory School","Kindergarten","33","90.9%","87.9%","90.9%","93.9%","3.0%","87.9%","","","","","0.0%","12.1%","0.0%","0.0%","0.0%","0.0%"
"Centre","Our Lady of Victory School","7th Grade","29","96.6%","96.6%","96.6%","96.6%","0.0%","96.6%","96.6%","96.6%","","","0.0%","3.4%","0.0%","0.0%","0.0%","0.0%"
"Centre","Park Forest El Sch","Kindergarten","45","91.1%","91.1%","91.1%","91.1%","0.0%","91.1%","","","","","0.0%","8.9%","0.0%","0.0%","0.0%","0.0%"
"Centre","Park Forest MS","7th Grade","265","93.2%","92.8%","93.2%","93.2%","0.0%","93.2%","92.1%","91.3%","","","1.1%","4.9%","0.8%","1.9%","0.0%","0.0%"
"Centre","Peach Lane Amish School","7th Grade","3","","","","","","","","","","","","","","","",""
"Centre","Penns Valley Area El and Intrmd Sch","Kindergarten","47","97.9%","97.9%","97.9%","97.9%","0.0%","97.9%","","","","","0.0%","2.1%","0.0%","0.0%","0.0%","0.0%"
"Centre","Penns Valley Area JSHS","7th Grade","93","93.5%","93.5%","93.5%","93.5%","0.0%","93.5%","93.5%","92.5%","","","0.0%","0.0%","6.5%","0.0%","0.0%","1.1%"
"Centre","Penns Valley Area JSHS","12th Grade","106","92.5%","92.5%","91.5%","92.5%","0.9%","89.6%","91.5%","","0.0%","90.6%","0.9%","0.9%","4.7%","0.0%","0.0%","3.8%"
"Centre","Penns View Amish School","7th Grade","6","","","","","","","","","","","","","","","",""
"Centre","Pine Meadow Amish School","7th Grade","2","","","","","","","","","","","","","","","",""
"Centre","Pleasant Gap El Sch","Kindergarten","32","96.9%","96.9%","93.8%","96.9%","0.0%","93.8%","","","","","0.0%","6.2%","0.0%","0.0%","0.0%","0.0%"
"Centre","Port Matilda El Sch","Kindergarten","11","","","","","","","","","","","","","","","",""
"Centre","Quarry Road School","7th Grade","1","","","","","","","","","","","","","","","",""
"Centre","Radio Park El Sch","Kindergarten","57","100.0%","100.0%","98.2%","100.0%","0.0%","98.2%","","","","","0.0%","0.0%","1.8%","0.0%","0.0%","0.0%"
"Centre","Round Top Amish School","7th Grade","4","","","","","","","","","","","","","","","",""
"Centre","Shady Meadow School","7th Grade","2","","","","","","","","","","","","","","","",""
"Centre","Soaring Heights School - State College","7th Grade","1","","","","","","","","","","","","","","","",""
"Centre","Spring Bank School","7th Grade","5","","","","","","","","","","","","","","","",""
"Centre","Spring Creek El Sch","Kindergarten","45","100.0%","100.0%","97.8%","100.0%","0.0%","97.8%","","","","","2.2%","0.0%","0.0%","0.0%","0.0%","0.0%"
"Centre","St John Evangelist School","Kindergarten","11","","","","","","","","","","","","","","","",""
"Centre","St Josephs Catholic Academy","12th Grade","26","96.2%","96.2%","96.2%","96.2%","0.0%","96.2%","96.2%","","3.8%","80.8%","0.0%","11.5%","3.8%","0.0%","0.0%","0.0%"
"Centre","State College Area HS","12th Grade","578","97.4%","96.0%","96.9%","96.4%","1.7%","94.5%","98.1%","","1.2%","88.6%","0.5%","1.9%","3.8%","0.0%","0.0%","5.4%"
"Centre","State College Friends School","Kindergarten","11","","","","","","","","","","","","","","","",""
"Centre","State College Friends School","7th Grade","2","","","","","","","","","","","","","","","",""
"Centre","Sunny Meadow Parochial School","7th Grade","5","","","","","","","","","","","","","","","",""
"Centre","Sunny Ridge School","7th Grade","4","","","","","","","","","","","","","","","",""
"Centre","Sunny Side School","7th Grade","1","","","","","","","","","","","","","","","",""
"Centre","Sunset View School - Howard location","7th Grade","2","","","","","","","","","","","","","","","",""
"Centre","Sunset View School - Rebersburg Location","7th Grade","3","","","","","","","","","","","","","","","",""
"Centre","Tabernacle School","7th Grade","2","","","","","","","","","","","","","","","",""
"Centre","Windy Hollow School","7th Grade","2","","","","","","","","","","","","","","","",""
"Centre","Windy Poplars School","7th Grade","2","","","","","","","","","","","","","","","",""
"Centre","Wingate El Sch","Kindergarten","56","94.6%","94.6%","94.6%","96.4%","0.0%","94.6%","","","","","0.0%","0.0%","5.4%","0.0%","0.0%","0.0%"
"Centre","Woodside Amish School","7th Grade","2","","","","","","","","","","","","","","","",""
"Chester","21st Century Cyber CS","7th Grade","45","86.7%","86.7%","84.4%","84.4%","2.2%","84.4%","73.3%","73.3%","","","2.2%","11.1%","4.4%","0.0%","0.0%","11.1%"
"Chester","21st Century Cyber CS","12th Grade","205","93.7%","92.7%","93.7%","94.1%","1.0%","92.7%","93.7%","","28.3%","65.9%","1.0%","5.4%","5.4%","3.4%","0.0%","20.5%"
"Chester","Achievement House CS","7th Grade","29","96.6%","96.6%","96.6%","96.6%","0.0%","96.6%","86.2%","86.2%","","","0.0%","6.9%","3.4%","0.0%","0.0%","6.9%"
"Chester","Achievement House CS","12th Grade","288","95.5%","95.1%","95.5%","95.5%","0.7%","95.5%","92.7%","","3.1%","71.9%","0.0%","4.9%","4.9%","0.0%","0.0%","23.6%"
"Chester","Alliance Christian School","Kindergarten","11","","","","","","","","","","","","","","","",""
"Chester","Alliance Christian School","7th Grade","12","","","","","","","","","","","","","","","",""
"Chester","Alliance Christian School","12th Grade","9","","","","","","","","","","","","","","","",""
"Chester","Assumption Academy","Kindergarten","16","","","","","","","","","","","","","","","",""
"Chester","Assumption BVM School","Kindergarten","26","92.3%","92.3%","92.3%","100.0%","0.0%","92.3%","","","","","0.0%","0.0%","7.7%","0.0%","0.0%","0.0%"
"Chester","Assumption BVM School","7th Grade","25","100.0%","100.0%","100.0%","100.0%","0.0%","100.0%","96.0%","96.0%","","","4.0%","0.0%","0.0%","0.0%","0.0%","0.0%"
"Chester","Avon Grove CS","Kindergarten","183","97.3%","96.7%","96.2%","97.3%","0.0%","96.2%","","","","","0.0%","0.0%","3.8%","0.5%","0.0%","0.0%"
"Chester","Avon Grove CS","7th Grade","153","98.0%","98.0%","98.0%","98.0%","0.0%","97.4%","96.1%","95.4%","","","0.0%","0.0%","4.6%","0.0%","0.0%","0.0%"
"Chester","Avon Grove CS","12th Grade","108","100.0%","97.2%","97.2%","98.1%","0.0%","96.3%","96.3%","","1.9%","94.4%","0.0%","0.0%","3.7%","0.9%","0.0%","0.9%"
"Chester","Avon Grove HS","12th Grade","442","96.2%","95.5%","98.4%","97.7%","4.3%","95.2%","98.9%","","5.9%","93.0%","2.0%","1.8%","1.6%","2.0%","0.0%","2.0%"
"Chester","Avon Grove MS","7th Grade","387","99.0%","99.0%","98.7%","99.0%","1.0%","97.2%","97.7%","97.2%","","","0.0%","1.0%","1.8%","0.3%","0.0%","0.0%"
"Chester","Avon Grove Nazarene Academy","Kindergarten","6","","","","","","","","","","","","","","","",""
"Chester","Beaumont El Sch","Kindergarten","75","97.3%","97.3%","97.3%","98.7%","0.0%","97.3%","","","","","1.3%","0.0%","1.3%","0.0%","0.0%","0.0%"
"Chester","Beaver Creek El Sch","Kindergarten","76","97.4%","97.4%","97.4%","100.0%","0.0%","97.4%","","","","","0.0%","1.3%","1.3%","0.0%","0.0%","0.0%"
"Chester","Bethany Christian School","Kindergarten","8","","","","","","","","","","","","","","","",""
"Chester","Bethany Christian School","7th Grade","6","","","","","","","","","","","","","","","",""
"Chester","Bethany Christian School","12th Grade","1","","","","","","","","","","","","","","","",""
"Chester","Birdell School","7th Grade","1","","","","","","","","","","","","","","","",""
"Chester","Bishop Shanahan High School","12th Grade","232","99.6%","100.0%","100.0%","100.0%","0.4%","99.6%","99.6%","","0.4%","97.4%","0.0%","0.0%","0.0%","0.0%","0.0%","2.6%"
"Chester","Bradford Hgts El Sch","Kindergarten","79","89.9%","89.9%","89.9%","91.1%","0.0%","89.9%","","","","","0.0%","6.3%","2.5%","1.3%","0.0%","1.3%"
"Chester","Brandywine-Wallace El Sch","Kindergarten","75","94.7%","97.3%","97.3%","97.3%","0.0%","96.0%","","","","","0.0%","1.3%","2.7%","2.7%","0.0%","0.0%"
"Chester","Breezewood Amish School","7th Grade","1","","","","","","","","","","","","","","","",""
"Chester","CFS School At Church Farm","12th Grade","35","100.0%","100.0%","100.0%","100.0%","0.0%","100.0%","100.0%","","11.4%","88.6%","0.0%","0.0%","0.0%","0.0%","0.0%","0.0%"
"Chester","Caln El Sch","Kindergarten","76","73.7%","73.7%","73.7%","73.7%","0.0%","73.7%","","","","","0.0%","0.0%","1.3%","0.0%","0.0%","25.0%"
"Chester","Camphill School","Kindergarten","5","","","","","","","","","","","","","","","",""
"Chester","Camphill School","7th Grade","8","","","","","","","","","","","","","","","",""
"Chester","Camphill School","12th Grade","9","","","","","","","","","","","","","","","",""
"Chester","Chadds Ford El Sch","Kindergarten","40","100.0%","100.0%","100.0%","100.0%","0.0%","100.0%","","","","","0.0%","0.0%","0.0%","0.0%","0.0%","0.0%"
"Chester","Charles F Patton MS","7th Grade","281","97.5%","97.2%","96.4%","97.2%","0.0%","96.1%","97.2%","96.8%","","","1.4%","1.8%","0.7%","0.0%","0.0%","0.0%"
"Chester","Charlestown El Sch","Kindergarten","58","100.0%","100.0%","100.0%","100.0%","1.7%","98.3%","","","","","0.0%","0.0%","0.0%","0.0%","0.0%","0.0%"
"Chester","Charlestown Playhouse","Kindergarten","18","","","","","","","","","","","","","","","",""
"Chester","Cherri Knoll School","7th Grade","5","","","","","","","","","","","","","","","",""
"Chester","Chester Co Technical College HS-Brandywine","12th Grade","9","","","","","","","","","","","","","","","",""
"Chester","Chester Co Technical College HS-Pennocks","12th Grade","3","","","","","","","","","","","","","","","",""
"Chester","Chester Co Technical College HS-Pickering","12th Grade","31","93.5%","93.5%","93.5%","93.5%","0.0%","93.5%","93.5%","","9.7%","83.9%","0.0%","0.0%","6.5%","0.0%","0.0%","0.0%"
"Chester","Chesterbrook Academy Elem Sch","Kindergarten","21","81.0%","76.2%","76.2%","81.0%","0.0%","76.2%","","","","","0.0%","9.5%","0.0%","0.0%","0.0%","14.3%"
"Chester","Childrens School of Villanova University","Kindergarten","6","","","","","","","","","","","","","","","",""
"Chester","Christ Memorial Lutheran School","Kindergarten","28","71.4%","71.4%","71.4%","71.4%","0.0%","71.4%","","","","","3.6%","25.0%","0.0%","0.0%","0.0%","0.0%"
"Chester","Chrome View","7th Grade","3","","","","","","","","","","","","","","","",""
"Chester","Coaffroath School","7th Grade","4","","","","","","","","","","","","","","","",""
"Chester","Coatesville Area SHS","12th Grade","458","97.4%","97.8%","97.6%","97.8%","0.4%","96.3%","96.3%","","0.9%","92.6%","0.4%","0.0%","2.6%","3.9%","0.0%","4.6%"
"Chester","Collegium CS","Kindergarten","160","97.5%","97.5%","97.5%","97.5%","0.0%","97.5%","","","","","0.0%","1.9%","1.9%","0.6%","0.0%","0.0%"
"Chester","Collegium CS","7th Grade","200","96.5%","96.5%","96.5%","96.5%","0.5%","96.0%","96.5%","96.5%","","","0.0%","3.5%","0.0%","0.0%","0.0%","0.0%"
"Chester","Collegium CS","12th Grade","132","97.7%","97.7%","97.7%","97.7%","0.8%","97.0%","97.7%","","0.0%","97.7%","0.0%","3.0%","0.0%","0.0%","0.0%","0.0%"
"Chester","Concept School","7th Grade","1","","","","","","","","","","","","","","","",""
"Chester","Concept School","12th Grade","3","","","","","","","","","","","","","","","",""
"Chester","Conestoga SHS","12th Grade","567","98.8%","99.1%","99.3%","99.1%","1.4%","97.2%","98.6%","","0.7%","97.0%","0.9%","2.1%","0.4%","0.4%","0.0%","0.0%"
"Chester","Country Hillside School","7th Grade","4","","","","","","","","","","","","","","","",""
"Chester","Cream School","7th Grade","2","","","","","","","","","","","","","","","",""
"Chester","Delaware County Christian School - Elem","Kindergarten","41","80.5%","80.5%","82.9%","90.2%","0.0%","82.9%","","","","","0.0%","19.5%","0.0%","0.0%","0.0%","4.9%"
"Chester","Delaware Valley Friends School","7th Grade","24","100.0%","100.0%","100.0%","100.0%","0.0%","100.0%","95.8%","95.8%","","","0.0%","4.2%","0.0%","0.0%","0.0%","0.0%"
"Chester","Delaware Valley Friends School","12th Grade","33","100.0%","100.0%","100.0%","97.0%","0.0%","97.0%","97.0%","","0.0%","97.0%","0.0%","0.0%","3.0%","0.0%","0.0%","0.0%"
"Chester","Devereux Day Academy","Kindergarten","2","","","","","","","","","","","","","","","",""
"Chester","Devereux Day Academy","7th Grade","1","","","","","","","","","","","","","","","",""
"Chester","Devereux PA CARES School","Kindergarten","8","","","","","","","","","","","","","","","",""
"Chester","Devereux PA CARES School","7th Grade","4","","","","","","","","","","","","","","","",""
"Chester","Devereux PA CARES School","12th Grade","9","","","","","","","","","","","","","","","",""
"Chester","Devereux School for Integrated Learning","7th Grade","11","","","","","","","","","","","","","","","",""
"Chester","Devereux School for Integrated Learning","12th Grade","8","","","","","","","","","","","","","","","",""
"Chester","Devon El Sch","Kindergarten","57","100.0%","100.0%","100.0%","98.2%","0.0%","100.0%","","","","","0.0%","1.8%","0.0%","1.8%","0.0%","0.0%"
"Chester","Devon Preparatory School","7th Grade","21","95.2%","95.2%","95.2%","95.2%","0.0%","95.2%","95.2%","95.2%","","","0.0%","4.8%","0.0%","0.0%","0.0%","0.0%"
"Chester","Devon Preparatory School","12th Grade","60","100.0%","100.0%","100.0%","100.0%","0.0%","98.3%","100.0%","","6.7%","91.7%","1.7%","5.0%","1.7%","0.0%","0.0%","0.0%"
"Chester","Downingtown HS East Campus","12th Grade","433","97.7%","97.9%","98.2%","98.2%","0.7%","97.5%","97.2%","","0.2%","96.5%","0.0%","3.7%","0.9%","0.2%","0.0%","0.0%"
"Chester","Downingtown HS West Campus","12th Grade","462","95.9%","94.2%","95.9%","97.0%","1.1%","95.7%","95.0%","","0.2%","95.2%","0.2%","1.5%","3.9%","0.2%","0.0%","0.4%"
"Chester","Downingtown MS","7th Grade","558","97.0%","96.6%","97.0%","97.0%","0.7%","96.2%","95.5%","95.3%","","","0.5%","1.4%","3.0%","0.0%","0.0%","1.4%"
"Chester","Downingtown STEM Academy","12th Grade","235","99.6%","98.7%","98.7%","99.1%","0.4%","98.7%","97.4%","","0.4%","97.0%","0.9%","1.7%","0.9%","0.0%","0.0%","0.0%"
"Chester","E N Peirce MS","7th Grade","366","98.9%","98.4%","98.6%","98.6%","1.1%","97.5%","97.3%","97.3%","","","0.0%","1.4%","0.8%","0.5%","0.0%","0.0%"
"Chester","East Bradford El Sch","Kindergarten","69","100.0%","100.0%","100.0%","100.0%","0.0%","100.0%","","","","","0.0%","0.0%","0.0%","0.0%","0.0%","0.0%"
"Chester","East Coventry El Sch","Kindergarten","77","97.4%","97.4%","97.4%","97.4%","0.0%","97.4%","","","","","0.0%","2.6%","0.0%","0.0%","0.0%","0.0%"
"Chester","East Fallowfield El Sch","Kindergarten","48","95.8%","91.7%","93.8%","97.9%","0.0%","93.8%","","","","","0.0%","2.1%","2.1%","2.1%","0.0%","2.1%"
"Chester","East Goshen El Sch","Kindergarten","88","97.7%","94.3%","94.3%","95.5%","0.0%","93.2%","","","","","0.0%","1.1%","3.4%","0.0%","0.0%","2.3%"
"Chester","East Vincent El Sch","Kindergarten","79","97.5%","97.5%","97.5%","97.5%","0.0%","97.5%","","","","","0.0%","2.5%","0.0%","0.0%","0.0%","0.0%"
"Chester","East Ward El Sch","Kindergarten","104","97.1%","97.1%","98.1%","99.0%","0.0%","97.1%","","","","","0.0%","1.0%","1.0%","2.9%","0.0%","0.0%"
"Chester","Edgewood View Amish School","7th Grade","5","","","","","","","","","","","","","","","",""
"Chester","Elk Creek School","7th Grade","2","","","","","","","","","","","","","","","",""
"Chester","Elm Creek Amish School","7th Grade","2","","","","","","","","","","","","","","","",""
"Chester","Engletown Road Amish School","7th Grade","6","","","","","","","","","","","","","","","",""
"Chester","Evergreen View","7th Grade","4","","","","","","","","","","","","","","","",""
"Chester","Exton El Sch","Kindergarten","92","97.8%","97.8%","97.8%","98.9%","0.0%","97.8%","","","","","0.0%","0.0%","2.2%","0.0%","0.0%","0.0%"
"Chester","Fairview Amish School","7th Grade","4","","","","","","","","","","","","","","","",""
"Chester","Fairville Friends School Inc","Kindergarten","16","","","","","","","","","","","","","","","",""
"Chester","Fern Hill El Sch","Kindergarten","92","94.6%","94.6%","94.6%","95.7%","0.0%","94.6%","","","","","0.0%","0.0%","4.3%","1.1%","0.0%","0.0%"
"Chester","Forge Road Amish School","7th Grade","3","","","","","","","","","","","","","","","",""
"Chester","French Creek El Sch","Kindergarten","70","95.7%","91.4%","88.6%","94.3%","0.0%","87.1%","","","","","1.4%","1.4%","10.0%","0.0%","0.0%","0.0%"
"Chester","Friendship School","7th Grade","3","","","","","","","","","","","","","","","",""
"Chester","Frog Hollow School","7th Grade","3","","","","","","","","","","","","","","","",""
"Chester","Fusion Academy - Malvern","7th Grade","1","","","","","","","","","","","","","","","",""
"Chester","Fusion Academy - Malvern","12th Grade","25","100.0%","100.0%","100.0%","100.0%","0.0%","100.0%","100.0%","","84.0%","16.0%","0.0%","0.0%","0.0%","0.0%","0.0%","0.0%"
"Chester","General Wayne El Sch","Kindergarten","75","100.0%","100.0%","100.0%","100.0%","0.0%","98.7%","","","","","0.0%","0.0%","1.3%","0.0%","0.0%","0.0%"
"Chester","Glen Acres El Sch","Kindergarten","73","91.8%","91.8%","91.8%","93.2%","0.0%","91.8%","","","","","0.0%","8.2%","0.0%","1.4%","0.0%","0.0%"
"Chester","Goddard School","Kindergarten","2","","","","","","","","","","","","","","","",""
"Chester","Good Samaritan Day School","Kindergarten","10","","","","","","","","","","","","","","","",""
"Chester","Great Beginnings Christian Kdg","Kindergarten","11","","","","","","","","","","","","","","","",""
"Chester","Great Valley HS","12th Grade","366","100.0%","100.0%","100.0%","100.0%","0.3%","99.7%","99.7%","","0.0%","99.7%","0.3%","0.8%","3.6%","0.0%","0.0%","0.0%"
"Chester","Great Valley MS","7th Grade","355","98.3%","98.3%","98.0%","98.3%","1.1%","96.6%","98.0%","98.0%","","","0.3%","0.8%","0.8%","0.6%","0.0%","0.8%"
"Chester","Greystone El Sch","Kindergarten","81","95.1%","95.1%","96.3%","96.3%","1.2%","95.1%","","","","","0.0%","3.7%","0.0%","1.2%","0.0%","0.0%"
"Chester","Growing Place Childcare & Preschool","Kindergarten","13","","","","","","","","","","","","","","","",""
"Chester","Heritage School","Kindergarten","7","","","","","","","","","","","","","","","",""
"Chester","Hibernia Amish School","7th Grade","6","","","","","","","","","","","","","","","",""
"Chester","Hidden Acres School","7th Grade","3","","","","","","","","","","","","","","","",""
"Chester","Hidden Lane School","7th Grade","3","","","","","","","","","","","","","","","",""
"Chester","Highland Amish School","7th Grade","1","","","","","","","","","","","","","","","",""
"Chester","Highpoint Amish School","7th Grade","5","","","","","","","","","","","","","","","",""
"Chester","Hillendale El Sch","Kindergarten","54","90.7%","90.7%","88.9%","96.3%","0.0%","88.9%","","","","","1.9%","0.0%","9.3%","0.0%","0.0%","0.0%"
"Chester","Hillsdale El Sch","Kindergarten","80","97.5%","96.2%","97.5%","97.5%","0.0%","97.5%","","","","","0.0%","2.5%","0.0%","1.2%","0.0%","0.0%"
"Chester","Hillside El Sch","Kindergarten","99","97.0%","97.0%","96.0%","98.0%","0.0%","96.0%","","","","","1.0%","3.0%","0.0%","0.0%","0.0%","0.0%"
"Chester","Holy Family School","Kindergarten","30","96.7%","96.7%","96.7%","96.7%","0.0%","96.7%","","","","","0.0%","3.3%","0.0%","0.0%","0.0%","0.0%"
"Chester","Holy Family School","7th Grade","11","","","","","","","","","","","","","","","",""
"Chester","Homestead Amish School","7th Grade","3","","","","","","","","","","","","","","","",""
"Chester","Honey Brook Christian Academy","7th Grade","2","","","","","","","","","","","","","","","",""
"Chester","Honey Brook Christian Academy","12th Grade","2","","","","","","","","","","","","","","","",""
"Chester","Insight PA Cyber CS","Kindergarten","56","98.2%","96.4%","98.2%","100.0%","0.0%","98.2%","","","","","0.0%","14.3%","14.3%","0.0%","0.0%","3.6%"
"Chester","Insight PA Cyber CS","7th Grade","233","98.3%","96.6%","99.1%","98.3%","0.0%","99.1%","77.7%","77.3%","","","0.0%","6.0%","6.0%","0.0%","0.0%","25.8%"
"Chester","Insight PA Cyber CS","12th Grade","476","98.3%","96.6%","98.9%","98.5%","0.0%","98.7%","97.7%","","0.0%","70.4%","0.0%","5.7%","5.0%","0.0%","0.0%","31.5%"
"Chester","J R Fugett MS","7th Grade","296","99.0%","99.3%","99.7%","99.7%","0.7%","99.0%","96.3%","96.3%","","","0.0%","0.3%","2.7%","0.7%","0.0%","0.0%"
"Chester","Jordan Bank Sch","Kindergarten","203","97.5%","96.1%","96.6%","98.0%","0.0%","96.1%","","","","","0.0%","2.0%","1.5%","0.5%","0.0%","0.0%"
"Chester","Kathryn D. Markley El Sch","Kindergarten","79","98.7%","98.7%","98.7%","98.7%","0.0%","98.7%","","","","","0.0%","0.0%","1.3%","0.0%","0.0%","0.0%"
"Chester","Kennett HS","12th Grade","316","97.8%","97.8%","97.8%","97.2%","1.9%","97.8%","97.8%","","2.8%","89.2%","0.9%","0.6%","2.5%","0.3%","0.0%","4.4%"
"Chester","Kennett MS","7th Grade","277","95.7%","94.9%","97.8%","98.2%","3.2%","95.3%","97.8%","97.8%","","","0.7%","0.0%","2.2%","2.5%","0.0%","2.5%"
"Chester","Kimberton Waldorf School","Kindergarten","43","67.4%","67.4%","67.4%","72.1%","0.0%","67.4%","","","","","2.3%","7.0%","23.3%","0.0%","0.0%","0.0%"
"Chester","Kimberton Waldorf School","7th Grade","9","","","","","","","","","","","","","","","",""
"Chester","Kimberton Waldorf School","12th Grade","11","","","","","","","","","","","","","","","",""
"Chester","Kings Highway El Sch","Kindergarten","74","94.6%","94.6%","94.6%","94.6%","0.0%","94.6%","","","","","0.0%","1.4%","4.1%","0.0%","0.0%","0.0%"
"Chester","Lionville El Sch","Kindergarten","94","95.7%","95.7%","96.8%","96.8%","0.0%","96.8%","","","","","0.0%","1.1%","2.1%","1.1%","0.0%","0.0%"
"Chester","Lionville MS","7th Grade","548","99.5%","99.5%","99.5%","99.5%","1.1%","98.4%","99.5%","99.5%","","","0.4%","0.5%","1.6%","0.0%","0.0%","0.4%"
"Chester","London Grove Friends Kdg","Kindergarten","5","","","","","","","","","","","","","","","",""
"Chester","Malvern Preparatory School","7th Grade","48","100.0%","100.0%","100.0%","100.0%","0.0%","100.0%","100.0%","100.0%","","","0.0%","2.1%","0.0%","0.0%","0.0%","0.0%"
"Chester","Malvern Preparatory School","12th Grade","125","100.0%","100.0%","100.0%","100.0%","0.8%","99.2%","100.0%","","0.8%","99.2%","0.0%","3.2%","0.0%","0.0%","0.0%","0.0%"
"Chester","Maple Grove Amish School","7th Grade","5","","","","","","","","","","","","","","","",""
"Chester","Maple Run Amish School","7th Grade","3","","","","","","","","","","","","","","","",""
"Chester","Mary C Howse El Sch","Kindergarten","65","96.9%","96.9%","96.9%","96.9%","0.0%","96.9%","","","","","0.0%","1.5%","0.0%","1.5%","0.0%","0.0%"
"Chester","Mary D Lang Kdg Ctr","Kindergarten","264","97.3%","97.3%","97.7%","97.7%","0.8%","97.0%","","","","","0.0%","1.5%","0.4%","1.9%","0.0%","0.0%"
"Chester","Media Amish Parochial School","7th Grade","2","","","","","","","","","","","","","","","",""
"Chester","Montessori Childrens House of Valley Forge","Kindergarten","25","100.0%","100.0%","100.0%","100.0%","0.0%","100.0%","","","","","0.0%","0.0%","0.0%","0.0%","0.0%","0.0%"
"Chester","Montgomery School","Kindergarten","24","87.5%","83.3%","87.5%","91.7%","0.0%","83.3%","","","","","0.0%","0.0%","12.5%","4.2%","0.0%","0.0%"
"Chester","Montgomery School","7th Grade","36","94.4%","94.4%","94.4%","94.4%","0.0%","91.7%","88.9%","86.1%","","","0.0%","0.0%","13.9%","2.8%","0.0%","0.0%"
"Chester","Mount Pleasant Amish School","7th Grade","2","","","","","","","","","","","","","","","",""
"Chester","Mount Vernon School","7th Grade","2","","","","","","","","","","","","","","","",""
"Chester","New Eagle El Sch","Kindergarten","74","100.0%","100.0%","100.0%","100.0%","0.0%","100.0%","","","","","0.0%","0.0%","0.0%","0.0%","0.0%","0.0%"
"Chester","North Coventry El Sch","Kindergarten","75","92.0%","92.0%","93.3%","94.7%","0.0%","93.3%","","","","","0.0%","1.3%","4.0%","0.0%","0.0%","2.7%"
"Chester","Octorara Area JSHS","12th Grade","188","97.3%","96.3%","96.8%","96.8%","1.1%","95.7%","95.7%","","3.7%","86.7%","0.5%","4.8%","3.7%","1.1%","1.1%","3.2%"
"Chester","Octorara Area MS","7th Grade","145","85.5%","85.5%","85.5%","85.5%","0.0%","85.5%","85.5%","85.5%","","","0.7%","13.1%","7.6%","0.0%","0.0%","0.0%"
"Chester","Octorara Primary LC","Kindergarten","125","92.8%","92.8%","92.8%","92.8%","0.0%","91.2%","","","","","0.0%","4.0%","4.8%","0.0%","0.0%","0.0%"
"Chester","Owen J Roberts HS","12th Grade","451","97.8%","96.7%","97.1%","97.3%","0.9%","96.2%","95.6%","","0.4%","90.5%","0.9%","0.4%","7.8%","0.0%","0.0%","0.0%"
"Chester","Owen J Roberts MS","7th Grade","430","98.6%","96.3%","96.0%","96.0%","0.0%","96.3%","90.9%","91.2%","","","0.5%","3.7%","4.4%","0.0%","0.0%","0.7%"
"Chester","Oxford Area HS","12th Grade","303","98.3%","98.3%","100.0%","99.0%","2.0%","96.7%","99.0%","","5.0%","93.4%","0.3%","1.3%","2.3%","0.0%","0.0%","3.6%"
"Chester","Peacedale Amish School","7th Grade","3","","","","","","","","","","","","","","","",""
"Chester","Peaceful Acres Amish School","7th Grade","5","","","","","","","","","","","","","","","",""
"Chester","Penn London El Sch","Kindergarten","293","96.9%","96.9%","97.6%","98.0%","0.3%","96.6%","","","","","0.3%","1.0%","0.7%","1.0%","0.0%","0.7%"
"Chester","Penn Wood El Sch","Kindergarten","64","92.2%","85.9%","87.5%","90.6%","0.0%","87.5%","","","","","0.0%","0.0%","7.8%","0.0%","0.0%","6.2%"
"Chester","Penn's Grove Sch","7th Grade","244","97.5%","96.7%","96.3%","96.7%","0.4%","96.3%","70.9%","70.9%","","","0.0%","2.9%","0.4%","26.2%","0.0%","24.2%"
"Chester","Pennock Bridge School","7th Grade","3","","","","","","","","","","","","","","","",""
"Chester","Pennsylvania Leadership CS","Kindergarten","85","75.3%","74.1%","76.5%","84.7%","0.0%","76.5%","","","","","1.2%","0.0%","28.2%","0.0%","0.0%","0.0%"
"Chester","Pennsylvania Leadership CS","7th Grade","272","89.0%","87.5%","87.9%","89.0%","0.4%","87.5%","80.1%","77.2%","","","0.4%","0.0%","19.1%","0.4%","0.0%","2.9%"
"Chester","Pennsylvania Leadership CS","12th Grade","451","94.7%","93.6%","92.5%","93.6%","0.2%","91.4%","91.1%","","2.7%","76.5%","0.2%","0.0%","16.4%","1.8%","0.0%","2.4%"
"Chester","Phelps School","7th Grade","2","","","","","","","","","","","","","","","",""
"Chester","Phelps School","12th Grade","26","100.0%","96.2%","100.0%","100.0%","3.8%","96.2%","96.2%","","15.4%","76.9%","0.0%","0.0%","0.0%","26.9%","0.0%","0.0%"
"Chester","Phoenixville Area HS","12th Grade","308","99.7%","100.0%","100.0%","98.4%","0.0%","99.7%","99.4%","","0.6%","96.8%","0.0%","0.0%","0.0%","1.0%","0.0%","2.6%"
"Chester","Phoenixville Area MS","7th Grade","315","94.3%","96.2%","95.9%","95.2%","3.2%","92.7%","94.3%","94.3%","","","0.3%","5.1%","1.0%","0.3%","0.0%","0.0%"
"Chester","Phoenixville Early Learning Ctr","Kindergarten","286","96.5%","96.5%","97.2%","97.9%","0.3%","96.9%","","","","","0.0%","1.7%","0.7%","0.7%","0.0%","0.7%"
"Chester","Pickering Valley El Sch","Kindergarten","86","98.8%","97.7%","95.3%","98.8%","0.0%","95.3%","","","","","1.2%","1.2%","1.2%","0.0%","0.0%","1.2%"
"Chester","Pin Oak Amish School","7th Grade","7","","","","","","","","","","","","","","","",""
"Chester","Pine Tree Amish School","7th Grade","1","","","","","","","","","","","","","","","",""
"Chester","Pocopson El Sch","Kindergarten","56","100.0%","100.0%","100.0%","100.0%","0.0%","98.2%","","","","","0.0%","1.8%","0.0%","1.8%","0.0%","0.0%"
"Chester","Pope John Paul II Regional Catholic Elementary School","Kindergarten","71","91.5%","91.5%","90.1%","93.0%","0.0%","90.1%","","","","","2.8%","0.0%","0.0%","0.0%","0.0%","7.0%"
"Chester","Pope John Paul II Regional Catholic Elementary School","7th Grade","49","89.8%","87.8%","85.7%","89.8%","0.0%","85.7%","69.4%","67.3%","","","0.0%","0.0%","0.0%","0.0%","0.0%","46.9%"
"Chester","Rainbow El Sch","Kindergarten","93","94.6%","95.7%","95.7%","96.8%","0.0%","94.6%","","","","","0.0%","1.1%","0.0%","2.2%","0.0%","3.2%"
"Chester","Rattle Snake Run School","7th Grade","6","","","","","","","","","","","","","","","",""
"Chester","Reeceville El Sch","Kindergarten","81","96.3%","97.5%","97.5%","98.8%","0.0%","97.5%","","","","","1.2%","0.0%","1.2%","1.2%","0.0%","0.0%"
"Chester","Regina Luminis Academy","Kindergarten","10","","","","","","","","","","","","","","","",""
"Chester","Regina Luminis Academy","7th Grade","15","","","","","","","","","","","","","","","",""
"Chester","Regina Luminis Academy","12th Grade","14","","","","","","","","","","","","","","","",""
"Chester","Renaissance Academy CS","Kindergarten","99","98.0%","98.0%","98.0%","98.0%","0.0%","98.0%","","","","","0.0%","1.0%","1.0%","0.0%","0.0%","0.0%"
"Chester","Renaissance Academy CS","7th Grade","86","98.8%","98.8%","98.8%","98.8%","0.0%","98.8%","98.8%","98.8%","","","0.0%","1.2%","0.0%","0.0%","0.0%","0.0%"
"Chester","Renaissance Academy CS","12th Grade","79","100.0%","100.0%","100.0%","100.0%","0.0%","100.0%","100.0%","","0.0%","100.0%","0.0%","0.0%","0.0%","0.0%","0.0%","0.0%"
"Chester","Riverstone United Christian Academy","12th Grade","1","","","","","","","","","","","","","","","",""
"Chester","Robin Ridge School","7th Grade","3","","","","","","","","","","","","","","","",""
"Chester","Rock Woods Amish School","7th Grade","3","","","","","","","","","","","","","","","",""
"Chester","Rolling Meadows School","7th Grade","2","","","","","","","","","","","","","","","",""
"Chester","Rosewood School","7th Grade","3","","","","","","","","","","","","","","","",""
"Chester","Royer-Greaves School for the Blind","Kindergarten","1","","","","","","","","","","","","","","","",""
"Chester","Royer-Greaves School for the Blind","7th Grade","6","","","","","","","","","","","","","","","",""
"Chester","Royer-Greaves School for the Blind","12th Grade","1","","","","","","","","","","","","","","","",""
"Chester","SS Peter and Paul School","Kindergarten","42","100.0%","100.0%","100.0%","100.0%","0.0%","100.0%","","","","","0.0%","0.0%","0.0%","0.0%","0.0%","0.0%"
"Chester","SS Peter and Paul School","7th Grade","27","96.3%","96.3%","96.3%","96.3%","0.0%","96.3%","88.9%","88.9%","","","11.1%","0.0%","0.0%","0.0%","0.0%","0.0%"
"Chester","SS Simon & Jude School","Kindergarten","34","94.1%","94.1%","94.1%","94.1%","0.0%","94.1%","","","","","5.9%","0.0%","0.0%","0.0%","0.0%","0.0%"
"Chester","SS Simon & Jude School","7th Grade","31","100.0%","100.0%","100.0%","100.0%","0.0%","100.0%","100.0%","100.0%","","","0.0%","0.0%","0.0%","0.0%","0.0%","0.0%"
"Chester","Sandy Hill School","7th Grade","1","","","","","","","","","","","","","","","",""
"Chester","Sarah W Starkweather El Sch","Kindergarten","96","99.0%","95.8%","95.8%","99.0%","0.0%","95.8%","","","","","1.0%","3.1%","0.0%","0.0%","0.0%","0.0%"
"Chester","Scott MS","7th Grade","180","100.0%","99.4%","99.4%","99.4%","0.0%","98.9%","97.8%","97.8%","","","1.1%","0.6%","0.6%","0.0%","0.0%","1.1%"
"Chester","Shady Grove Amish School","7th Grade","2","","","","","","","","","","","","","","","",""
"Chester","Shady Lane Amish Parochial Sch","7th Grade","1","","","","","","","","","","","","","","","",""
"Chester","Shamona Creek El Sch","Kindergarten","76","98.7%","94.7%","93.4%","98.7%","0.0%","94.7%","","","","","0.0%","1.3%","3.9%","0.0%","0.0%","1.3%"
"Chester","Springton Manor El Sch","Kindergarten","85","96.5%","96.5%","95.3%","96.5%","0.0%","95.3%","","","","","1.2%","0.0%","3.5%","0.0%","0.0%","0.0%"
"Chester","St Agnes School","Kindergarten","41","100.0%","100.0%","100.0%","100.0%","0.0%","100.0%","","","","","0.0%","0.0%","0.0%","0.0%","0.0%","0.0%"
"Chester","St Agnes School","7th Grade","21","100.0%","100.0%","100.0%","100.0%","0.0%","100.0%","95.2%","95.2%","","","4.8%","0.0%","0.0%","0.0%","0.0%","0.0%"
"Chester","St Davids Nursery School","Kindergarten","9","","","","","","","","","","","","","","","",""
"Chester","St Elizabeth Parish School","Kindergarten","17","","","","","","","","","","","","","","","",""
"Chester","St Elizabeth Parish School","7th Grade","20","100.0%","100.0%","100.0%","100.0%","0.0%","100.0%","90.0%","90.0%","","","0.0%","0.0%","0.0%","10.0%","0.0%","0.0%"
"Chester","St Joseph School","Kindergarten","60","95.0%","95.0%","93.3%","96.7%","0.0%","95.0%","","","","","1.7%","0.0%","1.7%","1.7%","0.0%","0.0%"
"Chester","St Joseph School","7th Grade","40","97.5%","97.5%","97.5%","97.5%","0.0%","97.5%","92.5%","97.5%","","","2.5%","0.0%","0.0%","5.0%","0.0%","0.0%"
"Chester","St Matthews Preschool & Kindergarten","Kindergarten","14","","","","","","","","","","","","","","","",""
"Chester","St Maximilian Kolbe School","Kindergarten","10","","","","","","","","","","","","","","","",""
"Chester","St Maximilian Kolbe School","7th Grade","10","","","","","","","","","","","","","","","",""
"Chester","St Norbert School","Kindergarten","32","96.9%","96.9%","96.9%","100.0%","0.0%","96.9%","","","","","3.1%","0.0%","0.0%","0.0%","0.0%","0.0%"
"Chester","St Norbert School","7th Grade","15","","","","","","","","","","","","","","","",""
"Chester","St Patrick School","Kindergarten","41","97.6%","97.6%","97.6%","97.6%","0.0%","97.6%","","","","","0.0%","0.0%","0.0%","0.0%","0.0%","4.9%"
"Chester","St Patrick School","7th Grade","22","100.0%","100.0%","100.0%","100.0%","0.0%","100.0%","100.0%","100.0%","","","0.0%","0.0%","0.0%","0.0%","0.0%","0.0%"
"Chester","St Philomena Academy","Kindergarten","1","","","","","","","","","","","","","","","",""
"Chester","State Hill Amish School","7th Grade","2","","","","","","","","","","","","","","","",""
"Chester","Steelville School","7th Grade","1","","","","","","","","","","","","","","","",""
"Chester","Stetson MS","7th Grade","280","99.3%","98.9%","98.6%","98.9%","1.1%","97.5%","96.4%","96.4%","","","0.4%","2.1%","1.8%","0.0%","0.0%","0.0%"
"Chester","Sts Philip & James School","Kindergarten","17","","","","","","","","","","","","","","","",""
"Chester","Sts Philip & James School","7th Grade","18","","","","","","","","","","","","","","","",""
"Chester","Sugartown El Sch","Kindergarten","80","97.5%","96.2%","98.8%","98.8%","0.0%","97.5%","","","","","0.0%","0.0%","0.0%","2.5%","0.0%","1.2%"
"Chester","Sunny Cove","7th Grade","3","","","","","","","","","","","","","","","",""
"Chester","Sunset View Amish School","7th Grade","1","","","","","","","","","","","","","","","",""
"Chester","Suplee School","7th Grade","2","","","","","","","","","","","","","","","",""
"Chester","Sweet Water Amish School","7th Grade","1","","","","","","","","","","","","","","","",""
"Chester","Timothy School","Kindergarten","3","","","","","","","","","","","","","","","",""
"Chester","Timothy School","7th Grade","6","","","","","","","","","","","","","","","",""
"Chester","Timothy School","12th Grade","6","","","","","","","","","","","","","","","",""
"Chester","Toot Hill Amish School","7th Grade","1","","","","","","","","","","","","","","","",""
"Chester","Tredyffrin-Easttown MS","7th Grade","257","98.8%","99.2%","99.2%","99.2%","1.6%","98.1%","99.2%","99.2%","","","0.4%","1.2%","0.0%","0.0%","0.0%","0.0%"
"Chester","Two Log Amish School","7th Grade","4","","","","","","","","","","","","","","","",""
"Chester","Unionville El Sch","Kindergarten","50","96.0%","96.0%","96.0%","98.0%","0.0%","96.0%","","","","","0.0%","2.0%","2.0%","0.0%","0.0%","0.0%"
"Chester","Unionville HS","12th Grade","345","97.7%","97.4%","97.7%","97.7%","0.3%","97.7%","96.8%","","1.2%","95.4%","1.4%","1.7%","1.7%","0.3%","0.0%","0.9%"
"Chester","Upland Country Day School","Kindergarten","17","","","","","","","","","","","","","","","",""
"Chester","Upland Country Day School","7th Grade","19","","","","","","","","","","","","","","","",""
"Chester","Uwchlan Hills El Sch","Kindergarten","83","97.6%","97.6%","97.6%","97.6%","0.0%","97.6%","","","","","0.0%","1.2%","1.2%","0.0%","0.0%","0.0%"
"Chester","Valley Forge El Sch","Kindergarten","78","98.7%","98.7%","98.7%","100.0%","0.0%","96.2%","","","","","0.0%","0.0%","2.6%","1.3%","0.0%","0.0%"
"Chester","Valley Forge MS","7th Grade","296","94.6%","98.0%","98.0%","97.0%","1.4%","95.9%","97.0%","97.3%","","","0.0%","2.0%","2.0%","0.0%","0.0%","2.0%"
"Chester","Vanguard School","Kindergarten","5","","","","","","","","","","","","","","","",""
"Chester","Vanguard School","7th Grade","16","","","","","","","","","","","","","","","",""
"Chester","Vanguard School","12th Grade","13","","","","","","","","","","","","","","","",""
"Chester","Villa Maria Academy","12th Grade","104","100.0%","99.0%","100.0%","100.0%","1.0%","99.0%","99.0%","","0.0%","99.0%","0.0%","0.0%","0.0%","0.0%","0.0%","1.0%"
"Chester","Villa Maria Academy Lwr School","Kindergarten","27","92.6%","96.3%","92.6%","100.0%","0.0%","96.3%","","","","","3.7%","0.0%","0.0%","0.0%","0.0%","7.4%"
"Chester","Villa Maria Academy Lwr School","7th Grade","35","100.0%","97.1%","94.3%","100.0%","2.9%","94.3%","94.3%","94.3%","","","2.9%","0.0%","2.9%","0.0%","0.0%","0.0%"
"Chester","Wagontown School","7th Grade","2","","","","","","","","","","","","","","","",""
"Chester","West Bradford El Sch","Kindergarten","95","96.8%","96.8%","96.8%","96.8%","0.0%","96.8%","","","","","0.0%","0.0%","3.2%","0.0%","0.0%","0.0%"
"Chester","West Brandywine School","7th Grade","4","","","","","","","","","","","","","","","",""
"Chester","West Chester Bayard Rustin HS","12th Grade","293","99.0%","98.0%","98.6%","99.3%","0.7%","98.0%","98.6%","","0.0%","95.2%","0.0%","0.0%","4.8%","0.3%","0.0%","0.0%"
"Chester","West Chester Christian School","Kindergarten","3","","","","","","","","","","","","","","","",""
"Chester","West Chester Christian School","7th Grade","8","","","","","","","","","","","","","","","",""
"Chester","West Chester Christian School","12th Grade","10","","","","","","","","","","","","","","","",""
"Chester","West Chester East HS","12th Grade","303","99.0%","98.7%","98.7%","98.3%","0.7%","98.0%","98.7%","","1.3%","97.4%","0.0%","0.0%","1.7%","0.0%","0.0%","0.0%"
"Chester","West Chester Friends School","Kindergarten","20","95.0%","95.0%","95.0%","95.0%","0.0%","95.0%","","","","","5.0%","0.0%","0.0%","0.0%","0.0%","5.0%"
"Chester","West Chester Henderson HS","12th Grade","371","100.0%","100.0%","99.7%","99.5%","1.6%","98.4%","99.5%","","3.2%","96.8%","0.0%","0.0%","1.6%","0.0%","0.0%","0.0%"
"Chester","West Fallowfield Christian School","Kindergarten","21","90.5%","76.2%","71.4%","90.5%","0.0%","71.4%","","","","","0.0%","0.0%","0.0%","33.3%","0.0%","33.3%"
"Chester","West Fallowfield Christian School","7th Grade","14","","","","","","","","","","","","","","","",""
"Chester","West Vincent El Sch","Kindergarten","72","98.6%","98.6%","98.6%","98.6%","0.0%","98.6%","","","","","0.0%","1.4%","0.0%","0.0%","0.0%","0.0%"
"Chester","Westtown School","Kindergarten","32","87.5%","87.5%","87.5%","87.5%","0.0%","87.5%","","","","","0.0%","9.4%","3.1%","0.0%","0.0%","0.0%"
"Chester","Westtown School","7th Grade","47","93.6%","93.6%","93.6%","93.6%","0.0%","93.6%","93.6%","93.6%","","","0.0%","4.3%","2.1%","0.0%","0.0%","0.0%"
"Chester","Westtown School","12th Grade","84","97.6%","97.6%","97.6%","97.6%","0.0%","97.6%","97.6%","","1.2%","96.4%","0.0%","1.2%","1.2%","0.0%","0.0%","0.0%"
"Chester","Westtown-Thornbury El Sch","Kindergarten","84","91.7%","95.2%","91.7%","96.4%","0.0%","91.7%","","","","","0.0%","8.3%","0.0%","0.0%","0.0%","0.0%"
"Chester","Whiteland Montessori School","Kindergarten","5","","","","","","","","","","","","","","","",""
"Chester","Whiteside Wing","7th Grade","2","","","","","","","","","","","","","","","",""
"Chester","Windsor Christian Academy","Kindergarten","49","75.5%","75.5%","75.5%","75.5%","0.0%","75.5%","","","","","0.0%","14.3%","0.0%","0.0%","0.0%","10.2%"
"Chester","Windsor Christian Academy","7th Grade","23","91.3%","91.3%","91.3%","91.3%","0.0%","91.3%","65.2%","60.9%","","","4.3%","26.1%","0.0%","0.0%","0.0%","8.7%"
"Chester","Woodlynde School","Kindergarten","1","","","","","","","","","","","","","","","",""
"Chester","Woodlynde School","7th Grade","14","","","","","","","","","","","","","","","",""
"Chester","Woodlynde School","12th Grade","15","","","","","","","","","","","","","","","",""
"Clarion","Allegheny-Clarion Valley Elem","Kindergarten","36","97.2%","97.2%","97.2%","100.0%","0.0%","97.2%","","","","","0.0%","0.0%","2.8%","0.0%","0.0%","0.0%"
"Clarion","Allegheny-Clarion Valley Elem","7th Grade","47","93.6%","100.0%","97.9%","97.9%","0.0%","97.9%","93.6%","93.6%","","","0.0%","4.3%","4.3%","0.0%","0.0%","0.0%"
"Clarion","Allegheny-Clarion Valley Elem","12th Grade","43","100.0%","100.0%","100.0%","100.0%","0.0%","100.0%","100.0%","","0.0%","95.3%","0.0%","2.3%","2.3%","0.0%","0.0%","0.0%"
"Clarion","Bear Run School","7th Grade","5","","","","","","","","","","","","","","","",""
"Clarion","Clarion Area El Sch","Kindergarten","68","92.6%","92.6%","95.6%","95.6%","0.0%","95.6%","","","","","0.0%","2.9%","0.0%","4.4%","0.0%","1.5%"
"Clarion","Clarion Area JSHS","7th Grade","58","96.6%","96.6%","96.6%","96.6%","0.0%","96.6%","94.8%","94.8%","","","0.0%","1.7%","1.7%","1.7%","0.0%","0.0%"
"Clarion","Clarion Area JSHS","12th Grade","66","97.0%","97.0%","97.0%","97.0%","0.0%","97.0%","97.0%","","0.0%","97.0%","0.0%","1.5%","1.5%","0.0%","0.0%","0.0%"
"Clarion","Clarion Christian School","Kindergarten","2","","","","","","","","","","","","","","","",""
"Clarion","Clarion Christian School","7th Grade","1","","","","","","","","","","","","","","","",""
"Clarion","Clarion-Limestone Area JSHS","7th Grade","71","97.2%","97.2%","97.2%","97.2%","0.0%","97.2%","97.2%","97.2%","","","0.0%","2.8%","0.0%","0.0%","0.0%","0.0%"
"Clarion","Clarion-Limestone Area JSHS","12th Grade","48","93.8%","93.8%","93.8%","93.8%","0.0%","93.8%","93.8%","","0.0%","93.8%","0.0%","6.2%","0.0%","0.0%","0.0%","0.0%"
"Clarion","Clarion-Limestone El Sch","Kindergarten","44","86.4%","86.4%","86.4%","86.4%","0.0%","86.4%","","","","","4.5%","9.1%","0.0%","0.0%","0.0%","0.0%"
"Clarion","Clover Mist Amish School","7th Grade","2","","","","","","","","","","","","","","","",""
"Clarion","Country Corners","7th Grade","3","","","","","","","","","","","","","","","",""
"Clarion","Cropps Corners Amish School","7th Grade","2","","","","","","","","","","","","","","","",""
"Clarion","Eagle Crest Amish School","7th Grade","6","","","","","","","","","","","","","","","",""
"Clarion","Immaculate Conception School","Kindergarten","9","","","","","","","","","","","","","","","",""
"Clarion","Keystone El Sch","Kindergarten","66","86.4%","83.3%","86.4%","87.9%","0.0%","86.4%","","","","","0.0%","6.1%","7.6%","3.0%","0.0%","0.0%"
"Clarion","Keystone JSHS","7th Grade","62","95.2%","95.2%","95.2%","95.2%","1.6%","93.5%","83.9%","82.3%","","","0.0%","9.7%","8.1%","0.0%","0.0%","0.0%"
"Clarion","Keystone JSHS","12th Grade","82","100.0%","98.8%","100.0%","100.0%","2.4%","97.6%","98.8%","","0.0%","93.9%","0.0%","6.1%","1.2%","0.0%","0.0%","0.0%"
"Clarion","Leatherwood Academy","Kindergarten","10","","","","","","","","","","","","","","","",""
"Clarion","Meadow View Amish School","7th Grade","2","","","","","","","","","","","","","","","",""
"Clarion","North Clarion Co El Sch","Kindergarten","38","97.4%","97.4%","97.4%","97.4%","0.0%","97.4%","","","","","0.0%","2.6%","0.0%","0.0%","0.0%","0.0%"
"Clarion","North Clarion Co JSHS","7th Grade","53","98.1%","98.1%","98.1%","98.1%","0.0%","98.1%","98.1%","98.1%","","","0.0%","0.0%","1.9%","0.0%","0.0%","0.0%"
"Clarion","North Clarion Co JSHS","12th Grade","47","97.9%","97.9%","95.7%","97.9%","0.0%","95.7%","97.9%","","0.0%","91.5%","2.1%","2.1%","4.3%","0.0%","0.0%","0.0%"
"Clarion","Redbank Valley HS","7th Grade","81","98.8%","98.8%","98.8%","100.0%","0.0%","98.8%","92.6%","91.4%","","","0.0%","1.2%","2.5%","1.2%","0.0%","3.7%"
"Clarion","Redbank Valley HS","12th Grade","87","100.0%","100.0%","100.0%","100.0%","1.1%","98.9%","100.0%","","0.0%","90.8%","1.1%","3.4%","0.0%","0.0%","0.0%","5.7%"
"Clarion","Redbank Valley Primary School","Kindergarten","96","92.7%","92.7%","92.7%","96.9%","0.0%","92.7%","","","","","0.0%","2.1%","2.1%","1.0%","0.0%","3.1%"
"Clarion","Sligo El Sch","Kindergarten","35","97.1%","94.3%","91.4%","97.1%","0.0%","97.1%","","","","","0.0%","8.6%","0.0%","0.0%","0.0%","0.0%"
"Clarion","St Josephs School","Kindergarten","6","","","","","","","","","","","","","","","",""
"Clarion","Sun Rise Amish School","7th Grade","2","","","","","","","","","","","","","","","",""
"Clarion","Union HS","7th Grade","47","97.9%","97.9%","97.9%","97.9%","0.0%","97.9%","91.5%","91.5%","","","0.0%","0.0%","6.4%","2.1%","0.0%","2.1%"
"Clarion","Union HS","12th Grade","36","86.1%","86.1%","86.1%","86.1%","0.0%","86.1%","86.1%","","2.8%","75.0%","2.8%","2.8%","13.9%","2.8%","0.0%","2.8%"
"Clearfield","C G Johnson El Sch","Kindergarten","47","95.7%","95.7%","95.7%","97.9%","0.0%","95.7%","","","","","0.0%","0.0%","4.3%","0.0%","0.0%","0.0%"
"Clearfield","Christian Servant Academy","Kindergarten","8","","","","","","","","","","","","","","","",""
"Clearfield","Clearfield Alliance Christian School","Kindergarten","11","","","","","","","","","","","","","","","",""
"Clearfield","Clearfield Alliance Christian School","7th Grade","7","","","","","","","","","","","","","","","",""
"Clearfield","Clearfield Alliance Christian School","12th Grade","9","","","","","","","","","","","","","","","",""
"Clearfield","Clearfield Area El Sch","Kindergarten","142","94.4%","94.4%","95.1%","95.8%","0.0%","95.1%","","","","","0.0%","2.8%","1.4%","0.7%","0.0%","0.7%"
"Clearfield","Clearfield Area JSHS","7th Grade","166","97.0%","97.6%","95.8%","97.0%","0.0%","95.8%","89.8%","89.2%","","","1.2%","1.2%","9.6%","0.0%","0.0%","0.0%"
"Clearfield","Clearfield Area JSHS","12th Grade","174","97.1%","97.7%","97.1%","97.1%","1.1%","96.0%","96.0%","","8.6%","87.4%","0.0%","0.0%","13.2%","0.0%","0.0%","0.0%"
"Clearfield","Curwensville Area El Sch","Kindergarten","74","93.2%","93.2%","91.9%","95.9%","0.0%","94.6%","","","","","0.0%","0.0%","8.1%","0.0%","0.0%","0.0%"
"Clearfield","Curwensville Area JSHS","7th Grade","88","94.3%","94.3%","94.3%","94.3%","0.0%","94.3%","90.9%","90.9%","","","0.0%","0.0%","6.8%","0.0%","0.0%","2.3%"
"Clearfield","Curwensville Area JSHS","12th Grade","79","97.5%","97.5%","96.2%","96.2%","0.0%","94.9%","93.7%","","0.0%","88.6%","0.0%","0.0%","12.7%","1.3%","0.0%","0.0%"
"Clearfield","Deer Creek School","7th Grade","2","","","","","","","","","","","","","","","",""
"Clearfield","DuBois Area Catholic Elementary School","Kindergarten","24","91.7%","91.7%","91.7%","95.8%","0.0%","91.7%","","","","","4.2%","0.0%","4.2%","0.0%","0.0%","0.0%"
"Clearfield","DuBois Area Catholic High School","7th Grade","29","100.0%","100.0%","100.0%","100.0%","0.0%","100.0%","100.0%","100.0%","","","0.0%","0.0%","0.0%","0.0%","0.0%","0.0%"
"Clearfield","DuBois Area Catholic High School","12th Grade","32","100.0%","96.9%","100.0%","100.0%","0.0%","96.9%","100.0%","","0.0%","100.0%","0.0%","3.1%","0.0%","0.0%","0.0%","0.0%"
"Clearfield","DuBois Area MS","7th Grade","264","96.2%","97.0%","97.7%","97.3%","0.4%","97.0%","94.7%","95.5%","","","0.8%","3.8%","1.1%","0.0%","0.0%","0.0%"
"Clearfield","DuBois Area SHS","12th Grade","253","98.8%","98.4%","98.0%","98.4%","1.6%","96.0%","97.6%","","0.0%","93.7%","0.8%","1.2%","5.5%","0.0%","0.0%","0.8%"
"Clearfield","DuBois Christian Schools","Kindergarten","13","","","","","","","","","","","","","","","",""
"Clearfield","DuBois Christian Schools","7th Grade","18","","","","","","","","","","","","","","","",""
"Clearfield","DuBois Christian Schools","12th Grade","3","","","","","","","","","","","","","","","",""
"Clearfield","Glendale El Sch","Kindergarten","43","95.3%","95.3%","95.3%","97.7%","0.0%","95.3%","","","","","0.0%","0.0%","2.3%","2.3%","0.0%","0.0%"
"Clearfield","Glendale JSHS","7th Grade","50","100.0%","100.0%","100.0%","100.0%","0.0%","100.0%","98.0%","98.0%","","","0.0%","0.0%","2.0%","0.0%","0.0%","0.0%"
"Clearfield","Glendale JSHS","12th Grade","71","100.0%","100.0%","100.0%","100.0%","0.0%","100.0%","100.0%","","9.9%","90.1%","0.0%","0.0%","1.4%","0.0%","0.0%","8.5%"
"Clearfield","Harmony Area El Sch","Kindergarten","16","","","","","","","","","","","","","","","",""
"Clearfield","Harmony Area JSHS","7th Grade","17","","","","","","","","","","","","","","","",""
"Clearfield","Harmony Area JSHS","12th Grade","13","","","","","","","","","","","","","","","",""
"Clearfield","Juniata El Sch","Kindergarten","43","79.1%","79.1%","86.0%","81.4%","0.0%","79.1%","","","","","0.0%","7.0%","16.3%","0.0%","0.0%","0.0%"
"Clearfield","Juniata El Sch","7th Grade","1","","","","","","","","","","","","","","","",""
"Clearfield","Lone Oak Amish School","7th Grade","1","","","","","","","","","","","","","","","",""
"Clearfield","Moshannon Valley El Sch","Kindergarten","44","95.5%","93.2%","88.6%","97.7%","0.0%","86.4%","","","","","0.0%","4.5%","6.8%","2.3%","0.0%","0.0%"
"Clearfield","Moshannon Valley JSHS","7th Grade","50","94.0%","94.0%","92.0%","94.0%","0.0%","94.0%","84.0%","86.0%","","","0.0%","2.0%","10.0%","6.0%","0.0%","0.0%"
"Clearfield","Moshannon Valley JSHS","12th Grade","68","97.1%","98.5%","98.5%","98.5%","0.0%","98.5%","98.5%","","22.1%","76.5%","1.5%","1.5%","22.1%","0.0%","0.0%","0.0%"
"Clearfield","New Story","Kindergarten","1","","","","","","","","","","","","","","","",""
"Clearfield","New Story","7th Grade","9","","","","","","","","","","","","","","","",""
"Clearfield","New Story","12th Grade","2","","","","","","","","","","","","","","","",""
"Clearfield","Oklahoma El Sch","Kindergarten","66","97.0%","97.0%","97.0%","97.0%","0.0%","97.0%","","","","","0.0%","1.5%","1.5%","0.0%","0.0%","0.0%"
"Clearfield","Osceola Mills El Sch","Kindergarten","45","95.6%","95.6%","95.6%","95.6%","0.0%","95.6%","","","","","0.0%","0.0%","11.1%","0.0%","0.0%","0.0%"
"Clearfield","Philipsburg El Sch","Kindergarten","67","98.5%","97.0%","98.5%","100.0%","0.0%","98.5%","","","","","0.0%","0.0%","0.0%","0.0%","0.0%","3.0%"
"Clearfield","Philipsburg-Osceola Area HS","12th Grade","151","98.0%","98.7%","98.0%","98.0%","0.0%","98.0%","98.0%","","24.5%","71.5%","0.0%","0.0%","7.3%","0.0%","0.0%","22.5%"
"Clearfield","Philipsburg-Osceola Area MS","7th Grade","118","99.2%","99.2%","99.2%","99.2%","0.0%","99.2%","94.1%","94.1%","","","0.0%","0.0%","3.4%","0.0%","0.0%","2.5%"
"Clearfield","Ross Road School","7th Grade","2","","","","","","","","","","","","","","","",""
"Clearfield","Scenic View School","7th Grade","2","","","","","","","","","","","","","","","",""
"Clearfield","Soaring Heights School - DuBois","Kindergarten","1","","","","","","","","","","","","","","","",""
"Clearfield","Soaring Heights School - DuBois","7th Grade","4","","","","","","","","","","","","","","","",""
"Clearfield","Soaring Heights School - DuBois","12th Grade","1","","","","","","","","","","","","","","","",""
"Clearfield","St Francis Grade School","Kindergarten","19","","","","","","","","","","","","","","","",""
"Clearfield","St Francis Grade School","7th Grade","12","","","","","","","","","","","","","","","",""
"Clearfield","Wasson Avenue El Sch","Kindergarten","70","100.0%","100.0%","100.0%","100.0%","1.4%","98.6%","","","","","0.0%","0.0%","0.0%","0.0%","0.0%","0.0%"
"Clearfield","Weber Road School","7th Grade","1","","","","","","","","","","","","","","","",""
"Clearfield","West Branch Area El Sch","Kindergarten","53","96.2%","94.3%","92.5%","94.3%","0.0%","92.5%","","","","","0.0%","3.8%","5.7%","0.0%","0.0%","0.0%"
"Clearfield","West Branch Area HS","12th Grade","81","97.5%","97.5%","97.5%","97.5%","0.0%","97.5%","97.5%","","6.2%","91.4%","0.0%","0.0%","8.6%","0.0%","0.0%","0.0%"
"Clearfield","West Branch MS","7th Grade","74","95.9%","95.9%","95.9%","95.9%","0.0%","95.9%","91.9%","91.9%","","","0.0%","0.0%","6.8%","0.0%","0.0%","1.4%"
"Clearfield","Windy Ridge Amish School","7th Grade","3","","","","","","","","","","","","","","","",""
"Clinton","Bald Eagle Boys Camp School","7th Grade","4","","","","","","","","","","","","","","","",""
"Clinton","Breezy Meadows Amish School","7th Grade","3","","","","","","","","","","","","","","","",""
"Clinton","Bucktail HS","7th Grade","32","100.0%","96.9%","100.0%","100.0%","0.0%","100.0%","90.6%","93.8%","","","0.0%","6.2%","0.0%","0.0%","0.0%","6.2%"
"Clinton","Bucktail HS","12th Grade","26","88.5%","92.3%","88.5%","92.3%","0.0%","84.6%","92.3%","","3.8%","76.9%","7.7%","15.4%","0.0%","0.0%","0.0%","3.8%"
"Clinton","Central Mountain HS","12th Grade","255","98.8%","96.9%","98.8%","98.8%","0.0%","98.8%","98.0%","","3.9%","89.4%","0.0%","0.0%","5.1%","0.0%","0.0%","3.5%"
"Clinton","Central Mountain MS","7th Grade","233","96.6%","97.9%","97.4%","97.9%","0.0%","97.4%","96.6%","95.7%","","","0.0%","4.7%","0.0%","0.4%","0.0%","2.6%"
"Clinton","Country Lane School","7th Grade","3","","","","","","","","","","","","","","","",""
"Clinton","Country View School","7th Grade","2","","","","","","","","","","","","","","","",""
"Clinton","Coyote Ridge Amish School","7th Grade","3","","","","","","","","","","","","","","","",""
"Clinton","Deer Hollow Parochial School","7th Grade","2","","","","","","","","","","","","","","","",""
"Clinton","East End Mountain Amish School","7th Grade","4","","","","","","","","","","","","","","","",""
"Clinton","Fishing Creek Parochial School","7th Grade","3","","","","","","","","","","","","","","","",""
"Clinton","Liberty-Curtin El Sch","Kindergarten","36","94.4%","94.4%","97.2%","97.2%","0.0%","97.2%","","","","","0.0%","2.8%","0.0%","0.0%","0.0%","2.8%"
"Clinton","Limestone Ridge Amish School","7th Grade","2","","","","","","","","","","","","","","","",""
"Clinton","Lock Haven Catholic School","Kindergarten","13","","","","","","","","","","","","","","","",""
"Clinton","Lock Haven Catholic School","7th Grade","13","","","","","","","","","","","","","","","",""
"Clinton","Locust Grove Amish School","7th Grade","1","","","","","","","","","","","","","","","",""
"Clinton","Locust Ridge Amish School","7th Grade","3","","","","","","","","","","","","","","","",""
"Clinton","Mackeyville School","7th Grade","4","","","","","","","","","","","","","","","",""
"Clinton","Meadow Brook Parochial School","7th Grade","3","","","","","","","","","","","","","","","",""
"Clinton","Mill Hall El Sch","Kindergarten","61","88.5%","90.2%","90.2%","93.4%","0.0%","88.5%","","","","","1.6%","0.0%","0.0%","0.0%","0.0%","14.8%"
"Clinton","Mountain Top School","7th Grade","1","","","","","","","","","","","","","","","",""
"Clinton","Ore Bank Amish School","7th Grade","4","","","","","","","","","","","","","","","",""
"Clinton","Renovo El Sch","Kindergarten","22","81.8%","77.3%","81.8%","95.5%","0.0%","81.8%","","","","","0.0%","13.6%","0.0%","0.0%","0.0%","9.1%"
"Clinton","Robb El Sch","Kindergarten","81","96.3%","93.8%","96.3%","96.3%","0.0%","96.3%","","","","","0.0%","3.7%","0.0%","0.0%","0.0%","2.5%"
"Clinton","Sandy Ridge School","7th Grade","1","","","","","","","","","","","","","","","",""
"Clinton","Sugar Hollow Parochial School","7th Grade","3","","","","","","","","","","","","","","","",""
"Clinton","Sugar Valley Rural CS","Kindergarten","35","91.4%","91.4%","88.6%","94.3%","0.0%","88.6%","","","","","0.0%","0.0%","11.4%","0.0%","0.0%","0.0%"
"Clinton","Sugar Valley Rural CS","7th Grade","37","94.6%","97.3%","97.3%","97.3%","0.0%","94.6%","94.6%","94.6%","","","0.0%","0.0%","8.1%","0.0%","0.0%","0.0%"
"Clinton","Sugar Valley Rural CS","12th Grade","34","97.1%","97.1%","97.1%","94.1%","0.0%","97.1%","97.1%","","0.0%","85.3%","0.0%","2.9%","11.8%","0.0%","0.0%","0.0%"
"Clinton","Walnut Street Christian School","Kindergarten","16","","","","","","","","","","","","","","","",""
"Clinton","Walnut Street Christian School","7th Grade","8","","","","","","","","","","","","","","","",""
"Clinton","Walnut Street Christian School","12th Grade","5","","","","","","","","","","","","","","","",""
"Clinton","West Branch Christian Academy","Kindergarten","6","","","","","","","","","","","","","","","",""
"Clinton","West Branch Christian Academy","7th Grade","4","","","","","","","","","","","","","","","",""
"Clinton","West Branch Christian Academy","12th Grade","1","","","","","","","","","","","","","","","",""
"Clinton","Windy Meadow Amish School","7th Grade","5","","","","","","","","","","","","","","","",""
"Clinton","Winterside School","7th Grade","3","","","","","","","","","","","","","","","",""
"Clinton","Woodward El Sch","Kindergarten","50","96.0%","92.0%","96.0%","96.0%","0.0%","96.0%","","","","","0.0%","4.0%","0.0%","0.0%","0.0%","4.0%"
"Columbia","Appleman El Sch","Kindergarten","54","81.5%","81.5%","81.5%","81.5%","0.0%","81.5%","","","","","0.0%","3.7%","11.1%","1.9%","0.0%","1.9%"
"Columbia","Bald Hill School","7th Grade","5","","","","","","","","","","","","","","","",""
"Columbia","Beaver-Main El Sch","Kindergarten","8","","","","","","","","","","","","","","","",""
"Columbia","Benton Area HS","12th Grade","54","96.3%","96.3%","96.3%","96.3%","1.9%","94.4%","96.3%","","0.0%","96.3%","1.9%","0.0%","3.7%","0.0%","0.0%","0.0%"
"Columbia","Benton Area MS","7th Grade","51","92.2%","92.2%","92.2%","92.2%","2.0%","92.2%","88.2%","88.2%","","","0.0%","0.0%","13.7%","0.0%","0.0%","0.0%"
"Columbia","Berwick Area HS","12th Grade","174","98.3%","98.9%","98.9%","98.9%","1.1%","97.1%","98.9%","","3.4%","94.8%","1.7%","0.6%","1.1%","0.0%","0.0%","0.6%"
"Columbia","Berwick Area MS","7th Grade","214","95.3%","98.6%","98.6%","99.1%","0.5%","97.7%","94.9%","94.4%","","","0.0%","3.3%","2.3%","0.5%","0.0%","0.0%"
"Columbia","Bloomsburg Area HS","12th Grade","96","95.8%","95.8%","95.8%","95.8%","0.0%","94.8%","96.9%","","0.0%","88.5%","2.1%","2.1%","5.2%","0.0%","0.0%","4.2%"
"Columbia","Bloomsburg Area MS","7th Grade","117","96.6%","96.6%","96.6%","96.6%","0.0%","95.7%","95.7%","95.7%","","","0.0%","0.0%","2.6%","0.9%","0.0%","1.7%"
"Columbia","Bloomsburg Christian School","Kindergarten","2","","","","","","","","","","","","","","","",""
"Columbia","Bloomsburg Christian School","7th Grade","2","","","","","","","","","","","","","","","",""
"Columbia","Bloomsburg Christian School","12th Grade","3","","","","","","","","","","","","","","","",""
"Columbia","Central Columbia El Sch","Kindergarten","147","95.9%","94.6%","93.2%","91.2%","0.0%","91.2%","","","","","0.0%","6.8%","0.0%","0.0%","0.0%","2.0%"
"Columbia","Central Columbia El Sch","7th Grade","164","98.2%","98.2%","98.2%","97.6%","0.0%","97.6%","93.9%","93.3%","","","0.0%","2.4%","1.8%","0.0%","0.0%","2.4%"
"Columbia","Central Columbia El Sch","12th Grade","148","98.6%","98.0%","97.3%","98.0%","0.0%","98.0%","97.3%","","1.4%","95.9%","1.4%","2.7%","1.4%","2.0%","0.0%","2.0%"
"Columbia","Central Columbia MS","7th Grade","164","98.2%","98.2%","98.2%","97.6%","0.0%","97.6%","93.9%","93.3%","","","0.0%","2.4%","1.8%","0.0%","0.0%","2.4%"
"Columbia","Columbia County Christian School","Kindergarten","11","","","","","","","","","","","","","","","",""
"Columbia","Columbia County Christian School","7th Grade","17","","","","","","","","","","","","","","","",""
"Columbia","Columbia County Christian School","12th Grade","15","","","","","","","","","","","","","","","",""
"Columbia","Columbia-Montour AVTS","12th Grade","124","100.0%","100.0%","100.0%","99.2%","0.0%","100.0%","99.2%","","0.0%","96.8%","0.0%","0.8%","3.2%","0.0%","0.0%","0.0%"
"Columbia","East Berwick El Sch","Kindergarten","122","91.0%","91.8%","92.6%","95.1%","0.0%","91.8%","","","","","0.8%","0.8%","5.7%","1.6%","0.0%","0.0%"
"Columbia","Greenwood Friends School","Kindergarten","6","","","","","","","","","","","","","","","",""
"Columbia","Greenwood Valley Amish School","7th Grade","2","","","","","","","","","","","","","","","",""
"Columbia","Hartman El Ctr","Kindergarten","97","95.9%","94.8%","95.9%","97.9%","0.0%","94.8%","","","","","0.0%","5.2%","0.0%","0.0%","0.0%","0.0%"
"Columbia","Memorial El Sch","Kindergarten","64","96.9%","96.9%","96.9%","96.9%","0.0%","96.9%","","","","","0.0%","1.6%","1.6%","0.0%","0.0%","0.0%"
"Columbia","Millville Area El Sch","Kindergarten","43","100.0%","97.7%","97.7%","100.0%","0.0%","97.7%","","","","","0.0%","2.3%","0.0%","0.0%","0.0%","0.0%"
"Columbia","Millville Area JSHS","7th Grade","38","100.0%","100.0%","100.0%","100.0%","0.0%","100.0%","97.4%","97.4%","","","2.6%","0.0%","0.0%","0.0%","0.0%","0.0%"
"Columbia","Millville Area JSHS","12th Grade","28","100.0%","100.0%","100.0%","100.0%","0.0%","100.0%","100.0%","","0.0%","96.4%","0.0%","0.0%","3.6%","0.0%","0.0%","0.0%"
"Columbia","New Story","Kindergarten","1","","","","","","","","","","","","","","","",""
"Columbia","New Story","7th Grade","3","","","","","","","","","","","","","","","",""
"Columbia","New Story","12th Grade","1","","","","","","","","","","","","","","","",""
"Columbia","Southern Columbia HS","12th Grade","102","97.1%","97.1%","96.1%","97.1%","1.0%","95.1%","96.1%","","1.0%","94.1%","1.0%","4.9%","1.0%","0.0%","0.0%","0.0%"
"Columbia","Southern Columbia MS","7th Grade","100","96.0%","96.0%","96.0%","97.0%","0.0%","96.0%","93.0%","94.0%","","","0.0%","8.0%","1.0%","0.0%","0.0%","0.0%"
"Columbia","Turkey Ridge School","7th Grade","3","","","","","","","","","","","","","","","",""
"Columbia","W W Evans Memorial El Sch","Kindergarten","36","91.7%","91.7%","88.9%","100.0%","0.0%","88.9%","","","","","2.8%","2.8%","5.6%","0.0%","0.0%","0.0%"
"Columbia","West Berwick El Sch","Kindergarten","105","98.1%","97.1%","97.1%","98.1%","0.0%","96.2%","","","","","0.0%","0.0%","2.9%","1.0%","0.0%","0.0%"
"Crawford","Atlantic Amish School","7th Grade","6","","","","","","","","","","","","","","","",""
"Crawford","Bridgeview Amish School","7th Grade","1","","","","","","","","","","","","","","","",""
"Crawford","Cambridge Springs El Sch","Kindergarten","47","93.6%","91.5%","93.6%","93.6%","0.0%","93.6%","","","","","0.0%","4.3%","2.1%","2.1%","0.0%","0.0%"
"Crawford","Cambridge Springs JSHS","7th Grade","72","90.3%","90.3%","90.3%","90.3%","0.0%","90.3%","86.1%","86.1%","","","1.4%","5.6%","5.6%","0.0%","0.0%","1.4%"
"Crawford","Cambridge Springs JSHS","12th Grade","70","94.3%","94.3%","94.3%","94.3%","0.0%","94.3%","92.9%","","0.0%","87.1%","0.0%","5.7%","1.4%","0.0%","0.0%","8.6%"
"Crawford","Cochranton El Sch","Kindergarten","36","91.7%","80.6%","88.9%","91.7%","0.0%","86.1%","","","","","0.0%","11.1%","5.6%","2.8%","0.0%","0.0%"
"Crawford","Cochranton JSHS","7th Grade","61","95.1%","96.7%","95.1%","96.7%","0.0%","91.8%","90.2%","88.5%","","","4.9%","3.3%","3.3%","0.0%","0.0%","0.0%"
"Crawford","Cochranton JSHS","12th Grade","55","100.0%","96.4%","98.2%","98.2%","0.0%","98.2%","96.4%","","0.0%","74.5%","0.0%","0.0%","5.5%","0.0%","0.0%","20.0%"
"Crawford","Conneaut Area MS","7th Grade","125","90.4%","90.4%","91.2%","90.4%","0.0%","89.6%","84.8%","82.4%","","","0.0%","8.8%","5.6%","2.4%","0.0%","0.8%"
"Crawford","Conneaut Area Senior High","12th Grade","136","99.3%","99.3%","99.3%","99.3%","0.7%","98.5%","97.1%","","11.8%","88.2%","0.0%","5.1%","5.1%","0.7%","0.0%","0.7%"
"Crawford","Conneaut Lake-Sadsbury El Sch","Kindergarten","73","89.0%","89.0%","89.0%","93.2%","0.0%","89.0%","","","","","0.0%","6.8%","4.1%","1.4%","0.0%","0.0%"
"Crawford","Conneaut Valley El Sch","Kindergarten","61","93.4%","88.5%","90.2%","93.4%","0.0%","90.2%","","","","","0.0%","3.3%","4.9%","0.0%","0.0%","4.9%"
"Crawford","Crawford Christian Academy","Kindergarten","29","79.3%","62.1%","69.0%","82.8%","0.0%","72.4%","","","","","0.0%","24.1%","0.0%","0.0%","0.0%","13.8%"
"Crawford","Crawford Christian Academy","7th Grade","18","","","","","","","","","","","","","","","",""
"Crawford","Crawford Christian Academy","12th Grade","16","","","","","","","","","","","","","","","",""
"Crawford","Cussewago Mennonite School","7th Grade","4","","","","","","","","","","","","","","","",""
"Crawford","Faith Builders Christian School","7th Grade","9","","","","","","","","","","","","","","","",""
"Crawford","Faith Builders Christian School","12th Grade","6","","","","","","","","","","","","","","","",""
"Crawford","First District El Sch","Kindergarten","41","97.6%","97.6%","97.6%","97.6%","0.0%","97.6%","","","","","0.0%","2.4%","0.0%","0.0%","0.0%","0.0%"
"Crawford","Hemlock Grove","7th Grade","2","","","","","","","","","","","","","","","",""
"Crawford","Learning Center K-8 School","Kindergarten","10","","","","","","","","","","","","","","","",""
"Crawford","Learning Center K-8 School","7th Grade","2","","","","","","","","","","","","","","","",""
"Crawford","Maple Knoll Amish School","7th Grade","2","","","","","","","","","","","","","","","",""
"Crawford","Maplewood El Sch","Kindergarten","57","96.5%","93.0%","94.7%","96.5%","0.0%","94.7%","","","","","0.0%","0.0%","7.0%","1.8%","0.0%","0.0%"
"Crawford","Maplewood JSHS","7th Grade","70","97.1%","92.9%","97.1%","95.7%","1.4%","97.1%","94.3%","94.3%","","","0.0%","5.7%","2.9%","0.0%","0.0%","0.0%"
"Crawford","Maplewood JSHS","12th Grade","89","94.4%","94.4%","95.5%","94.4%","0.0%","95.5%","92.1%","","3.4%","86.5%","1.1%","5.6%","1.1%","0.0%","0.0%","5.6%"
"Crawford","Meadville Area SHS","12th Grade","200","98.0%","98.0%","98.0%","98.0%","0.0%","96.5%","95.0%","","0.0%","95.0%","0.0%","0.0%","5.5%","0.0%","0.0%","0.5%"
"Crawford","Meadville MS","7th Grade","212","97.2%","97.2%","97.2%","97.2%","0.0%","97.2%","95.8%","95.3%","","","0.0%","0.9%","5.2%","0.0%","0.0%","0.0%"
"Crawford","Neason Hill El Sch","Kindergarten","41","95.1%","90.2%","90.2%","95.1%","0.0%","90.2%","","","","","0.0%","7.3%","0.0%","0.0%","0.0%","2.4%"
"Crawford","New Horizon Amish School","7th Grade","5","","","","","","","","","","","","","","","",""
"Crawford","Orchard Lane School","7th Grade","3","","","","","","","","","","","","","","","",""
"Crawford","Pleasant Valley School","7th Grade","3","","","","","","","","","","","","","","","",""
"Crawford","Saegertown El Sch","Kindergarten","58","89.7%","89.7%","87.9%","89.7%","0.0%","87.9%","","","","","1.7%","5.2%","1.7%","0.0%","0.0%","3.4%"
"Crawford","Saegertown JSHS","7th Grade","59","94.9%","94.9%","93.2%","94.9%","0.0%","93.2%","86.4%","86.4%","","","1.7%","5.1%","5.1%","0.0%","0.0%","1.7%"
"Crawford","Saegertown JSHS","12th Grade","75","93.3%","93.3%","92.0%","93.3%","0.0%","93.3%","93.3%","","0.0%","89.3%","0.0%","0.0%","2.7%","0.0%","0.0%","9.3%"
"Crawford","Second District El Sch","Kindergarten","51","96.1%","88.2%","88.2%","96.1%","0.0%","88.2%","","","","","0.0%","2.0%","5.9%","5.9%","0.0%","0.0%"
"Crawford","Seton Catholic School","Kindergarten","11","","","","","","","","","","","","","","","",""
"Crawford","Seton Catholic School","7th Grade","8","","","","","","","","","","","","","","","",""
"Crawford","Sportsman Road Amish School","7th Grade","3","","","","","","","","","","","","","","","",""
"Crawford","Tower Hill School","7th Grade","3","","","","","","","","","","","","","","","",""
"Crawford","West End El Sch","Kindergarten","42","95.2%","97.6%","95.2%","97.6%","0.0%","97.6%","","","","","0.0%","2.4%","2.4%","2.4%","0.0%","0.0%"
"Crawford","Woodland Acre School","7th Grade","4","","","","","","","","","","","","","","","",""
"Cumberland","Al Huda School","Kindergarten","19","","","","","","","","","","","","","","","",""
"Cumberland","Al Huda Secondary School","Kindergarten","18","","","","","","","","","","","","","","","",""
"Cumberland","Arche Classical Academy","Kindergarten","13","","","","","","","","","","","","","","","",""
"Cumberland","Arche Classical Academy","7th Grade","5","","","","","","","","","","","","","","","",""
"Cumberland","Bellaire El Sch","Kindergarten","66","93.9%","95.5%","95.5%","97.0%","0.0%","95.5%","","","","","1.5%","1.5%","0.0%","3.0%","0.0%","0.0%"
"Cumberland","Best Friends Day Care Center","Kindergarten","4","","","","","","","","","","","","","","","",""
"Cumberland","Big Spring HS","12th Grade","191","95.3%","95.3%","94.8%","95.3%","2.1%","94.2%","93.7%","","0.5%","90.6%","5.2%","3.1%","4.7%","1.0%","0.0%","0.0%"
"Cumberland","Big Spring MS","7th Grade","205","93.2%","93.2%","93.7%","93.7%","0.0%","93.7%","91.7%","91.2%","","","0.0%","6.3%","3.4%","0.0%","0.0%","0.0%"
"Cumberland","Boiling Springs HS","12th Grade","227","96.0%","96.0%","96.5%","96.0%","0.9%","93.4%","95.2%","","0.9%","96.5%","4.4%","4.4%","1.8%","0.9%","0.0%","0.4%"
"Cumberland","Calvary Chapel Christian Academy","Kindergarten","4","","","","","","","","","","","","","","","",""
"Cumberland","Calvary Chapel Christian Academy","7th Grade","1","","","","","","","","","","","","","","","",""
"Cumberland","Camp Hill MS","7th Grade","96","94.8%","92.7%","93.8%","94.8%","2.1%","91.7%","94.8%","94.8%","","","0.0%","0.0%","6.2%","1.0%","0.0%","1.0%"
"Cumberland","Camp Hill SHS","12th Grade","114","96.5%","96.5%","96.5%","97.4%","1.8%","94.7%","96.5%","","0.9%","94.7%","0.9%","0.0%","3.5%","0.0%","0.0%","0.0%"
"Cumberland","Capital Area IU 15","Kindergarten","5","","","","","","","","","","","","","","","",""
"Cumberland","Capital Area IU 15","7th Grade","8","","","","","","","","","","","","","","","",""
"Cumberland","Capital Area IU 15","12th Grade","9","","","","","","","","","","","","","","","",""
"Cumberland","Carlisle Area HS","12th Grade","414","89.6%","89.9%","89.1%","89.1%","1.7%","87.9%","90.3%","","1.2%","70.3%","4.6%","2.9%","1.0%","19.3%","0.0%","19.6%"
"Cumberland","Carlisle Christian Academy","Kindergarten","18","","","","","","","","","","","","","","","",""
"Cumberland","Carlisle Christian Academy","7th Grade","10","","","","","","","","","","","","","","","",""
"Cumberland","Carlisle Christian Academy","12th Grade","16","","","","","","","","","","","","","","","",""
"Cumberland","Cedar Knoll Parochial","7th Grade","3","","","","","","","","","","","","","","","",""
"Cumberland","Chestnut Grove Parochial Sch","7th Grade","4","","","","","","","","","","","","","","","",""
"Cumberland","Childrens Garden of St Johns Lutheran Church","Kindergarten","22","90.9%","90.9%","90.9%","90.9%","0.0%","90.9%","","","","","0.0%","9.1%","0.0%","0.0%","0.0%","0.0%"
"Cumberland","Christian School of Grace Baptist Church","Kindergarten","11","","","","","","","","","","","","","","","",""
"Cumberland","Christian School of Grace Baptist Church","7th Grade","12","","","","","","","","","","","","","","","",""
"Cumberland","Country View School","7th Grade","2","","","","","","","","","","","","","","","",""
"Cumberland","Covered Bridge Amish School","7th Grade","2","","","","","","","","","","","","","","","",""
"Cumberland","Crestview El Sch","Kindergarten","88","97.7%","96.6%","97.7%","98.9%","1.1%","96.6%","","","","","0.0%","1.1%","0.0%","2.3%","0.0%","0.0%"
"Cumberland","Cumberland Valley HS","12th Grade","819","98.0%","98.7%","98.5%","98.2%","0.2%","98.3%","97.3%","","2.4%","80.8%","0.2%","1.8%","1.2%","0.0%","0.0%","15.9%"
"Cumberland","Dickinson College Kindergarten","Kindergarten","10","","","","","","","","","","","","","","","",""
"Cumberland","Eagle Ridge Mennonite School","7th Grade","3","","","","","","","","","","","","","","","",""
"Cumberland","Eagle View MS","7th Grade","387","100.0%","97.9%","97.9%","97.9%","0.0%","97.9%","96.4%","96.4%","","","0.5%","2.3%","1.3%","1.8%","0.0%","2.1%"
"Cumberland","East Pennsboro Area MS","7th Grade","210","100.0%","99.0%","95.7%","95.7%","0.0%","95.7%","99.0%","95.7%","","","0.0%","3.3%","1.0%","1.0%","0.0%","0.0%"
"Cumberland","East Pennsboro Area SHS","12th Grade","230","94.8%","94.8%","94.8%","94.8%","0.4%","94.3%","94.8%","","2.6%","92.2%","0.0%","1.3%","3.9%","0.0%","0.0%","0.0%"
"Cumberland","East Pennsboro El Sch","Kindergarten","109","99.1%","100.0%","100.0%","100.0%","0.0%","100.0%","","","","","0.0%","0.0%","0.0%","0.9%","0.0%","0.0%"
"Cumberland","Goddard School","Kindergarten","26","100.0%","100.0%","100.0%","100.0%","0.0%","100.0%","","","","","0.0%","0.0%","0.0%","0.0%","0.0%","0.0%"
"Cumberland","Grace B Luhrs Univ Elem","Kindergarten","20","95.0%","95.0%","95.0%","95.0%","0.0%","95.0%","","","","","0.0%","0.0%","5.0%","0.0%","0.0%","0.0%"
"Cumberland","Green Ridge El Sch","Kindergarten","64","96.9%","96.9%","96.9%","96.9%","0.0%","96.9%","","","","","0.0%","1.6%","0.0%","0.0%","0.0%","1.6%"
"Cumberland","Green Spring Mennonite School","7th Grade","5","","","","","","","","","","","","","","","",""
"Cumberland","Hamilton El Sch","Kindergarten","65","90.8%","89.2%","89.2%","92.3%","1.5%","87.7%","","","","","0.0%","3.1%","1.5%","6.2%","1.5%","0.0%"
"Cumberland","Hampden El Sch","Kindergarten","65","90.8%","93.8%","87.7%","100.0%","4.6%","83.1%","","","","","0.0%","0.0%","3.1%","4.6%","0.0%","7.7%"
"Cumberland","Harrisburg Academy","Kindergarten","34","100.0%","100.0%","100.0%","100.0%","0.0%","100.0%","","","","","0.0%","0.0%","0.0%","0.0%","0.0%","0.0%"
"Cumberland","Harrisburg Academy","7th Grade","15","","","","","","","","","","","","","","","",""
"Cumberland","Harrisburg Academy","12th Grade","14","","","","","","","","","","","","","","","",""
"Cumberland","Heritage Christian Academy","Kindergarten","15","","","","","","","","","","","","","","","",""
"Cumberland","Heritage Christian Academy","7th Grade","6","","","","","","","","","","","","","","","",""
"Cumberland","Heritage Christian Academy","12th Grade","6","","","","","","","","","","","","","","","",""
"Cumberland","Hickory Lane School","7th Grade","1","","","","","","","","","","","","","","","",""
"Cumberland","Hidden Brook Parochial School","7th Grade","2","","","","","","","","","","","","","","","",""
"Cumberland","Hidden Valley School","7th Grade","2","","","","","","","","","","","","","","","",""
"Cumberland","Hoover El Sch","Kindergarten","73","100.0%","100.0%","98.6%","100.0%","0.0%","98.6%","","","","","1.4%","0.0%","0.0%","0.0%","0.0%","0.0%"
"Cumberland","James Burd El Sch","Kindergarten","110","93.6%","93.6%","93.6%","94.5%","0.0%","93.6%","","","","","0.9%","3.6%","0.0%","1.8%","0.0%","0.9%"
"Cumberland","Kiddie Academy of Silver Spring Township","Kindergarten","8","","","","","","","","","","","","","","","",""
"Cumberland","Kindergarten Academy","Kindergarten","329","96.7%","95.7%","95.7%","96.0%","0.0%","94.5%","","","","","0.3%","2.1%","2.7%","0.9%","0.0%","0.0%"
"Cumberland","Kings Table Schoolhouse","7th Grade","1","","","","","","","","","","","","","","","",""
"Cumberland","Lamberton MS","7th Grade","219","95.9%","95.9%","95.9%","95.9%","0.5%","95.0%","94.5%","94.5%","","","0.0%","2.7%","1.4%","0.0%","0.0%","2.3%"
"Cumberland","Letort El Sch","Kindergarten","40","95.0%","95.0%","97.5%","97.5%","0.0%","95.0%","","","","","0.0%","2.5%","0.0%","5.0%","0.0%","5.0%"
"Cumberland","Living Faith School","7th Grade","3","","","","","","","","","","","","","","","",""
"Cumberland","McKinney Amish School","7th Grade","3","","","","","","","","","","","","","","","",""
"Cumberland","Meadow Run School","7th Grade","3","","","","","","","","","","","","","","","",""
"Cumberland","Mechanicsburg Area SHS","12th Grade","388","97.9%","97.7%","98.2%","97.7%","0.8%","96.1%","96.9%","","2.1%","91.5%","0.8%","2.1%","2.6%","1.0%","0.0%","2.6%"
"Cumberland","Mechanicsburg MS","7th Grade","370","95.7%","95.4%","95.4%","95.1%","0.5%","95.4%","93.5%","93.2%","","","0.3%","4.6%","1.1%","0.0%","0.0%","2.7%"
"Cumberland","Merakey Autism Center","Kindergarten","7","","","","","","","","","","","","","","","",""
"Cumberland","Merakey Autism Center","7th Grade","6","","","","","","","","","","","","","","","",""
"Cumberland","Merakey Autism Center","12th Grade","1","","","","","","","","","","","","","","","",""
"Cumberland","Middle Run Parochial School","7th Grade","5","","","","","","","","","","","","","","","",""
"Cumberland","Middlesex El Sch","Kindergarten","52","94.2%","94.2%","98.1%","98.1%","0.0%","98.1%","","","","","0.0%","0.0%","5.8%","0.0%","0.0%","0.0%"
"Cumberland","Monroe El Sch","Kindergarten","80","98.8%","98.8%","98.8%","98.8%","0.0%","98.8%","","","","","0.0%","1.2%","0.0%","0.0%","0.0%","0.0%"
"Cumberland","Mooreland El Sch","Kindergarten","50","94.0%","96.0%","90.0%","96.0%","0.0%","94.0%","","","","","0.0%","2.0%","2.0%","8.0%","0.0%","8.0%"
"Cumberland","Mount Rock Elem Sch","Kindergarten","326","99.7%","99.7%","100.0%","100.0%","0.0%","100.0%","","","","","0.0%","0.0%","0.0%","0.3%","0.0%","0.0%"
"Cumberland","Mountain View Amish School","7th Grade","2","","","","","","","","","","","","","","","",""
"Cumberland","Mountain View MS","7th Grade","481","97.3%","97.1%","96.9%","96.5%","0.4%","96.9%","95.4%","95.2%","","","0.2%","2.9%","1.0%","1.0%","0.0%","1.0%"
"Cumberland","Mt Holly Springs El Sch","Kindergarten","32","93.8%","93.8%","93.8%","93.8%","0.0%","93.8%","","","","","0.0%","3.1%","0.0%","3.1%","0.0%","0.0%"
"Cumberland","Mt Rock Parochial School","7th Grade","3","","","","","","","","","","","","","","","",""
"Cumberland","Nancy Grayson El Sch","Kindergarten","139","91.4%","91.4%","91.4%","91.4%","0.0%","91.4%","","","","","0.0%","1.4%","6.5%","0.7%","0.0%","0.0%"
"Cumberland","New Story","Kindergarten","19","","","","","","","","","","","","","","","",""
"Cumberland","New Story","7th Grade","5","","","","","","","","","","","","","","","",""
"Cumberland","New Story","12th Grade","9","","","","","","","","","","","","","","","",""
"Cumberland","Newville El Sch","Kindergarten","329","99.1%","99.1%","99.1%","99.1%","0.0%","99.1%","","","","","0.0%","0.0%","0.0%","0.0%","0.0%","0.9%"
"Cumberland","North Dickinson El Sch","Kindergarten","38","94.7%","94.7%","94.7%","94.7%","0.0%","94.7%","","","","","0.0%","0.0%","5.3%","0.0%","0.0%","0.0%"
"Cumberland","Oak Flat El Sch","Kindergarten","360","99.2%","99.2%","99.2%","99.2%","0.6%","99.2%","","","","","0.0%","0.6%","0.0%","0.0%","0.0%","0.3%"
"Cumberland","Oak Grove Parochial School","7th Grade","3","","","","","","","","","","","","","","","",""
"Cumberland","Quarry Hill School","7th Grade","4","","","","","","","","","","","","","","","",""
"Cumberland","River Rock Academy","Kindergarten","5","","","","","","","","","","","","","","","",""
"Cumberland","River Rock Academy","7th Grade","4","","","","","","","","","","","","","","","",""
"Cumberland","River Rock Academy","12th Grade","3","","","","","","","","","","","","","","","",""
"Cumberland","River Rock Academy, Inc.","7th Grade","4","","","","","","","","","","","","","","","",""
"Cumberland","River Rock Academy, Inc.","12th Grade","4","","","","","","","","","","","","","","","",""
"Cumberland","Rocky View Parochial School","7th Grade","5","","","","","","","","","","","","","","","",""
"Cumberland","Running Pump Rd Parochial Sch","7th Grade","5","","","","","","","","","","","","","","","",""
"Cumberland","Shady Lane Amish School","7th Grade","5","","","","","","","","","","","","","","","",""
"Cumberland","Shaull El Sch","Kindergarten","60","100.0%","100.0%","100.0%","100.0%","0.0%","100.0%","","","","","0.0%","0.0%","0.0%","0.0%","0.0%","0.0%"
"Cumberland","Shippensburg Area MS","7th Grade","310","96.5%","96.5%","97.1%","96.5%","0.3%","96.5%","95.8%","96.1%","","","0.3%","4.5%","2.6%","2.3%","0.0%","0.0%"
"Cumberland","Shippensburg Area SHS","12th Grade","302","95.7%","95.4%","95.4%","96.0%","0.7%","95.0%","95.0%","","0.0%","81.8%","0.3%","3.6%","1.3%","5.3%","0.0%","8.3%"
"Cumberland","Silver Spring El Sch","Kindergarten","65","100.0%","100.0%","100.0%","100.0%","0.0%","100.0%","","","","","0.0%","0.0%","0.0%","0.0%","0.0%","0.0%"
"Cumberland","Slate Ridge Mennonite School","7th Grade","4","","","","","","","","","","","","","","","",""
"Cumberland","South Mountain Parochial Sch","7th Grade","4","","","","","","","","","","","","","","","",""
"Cumberland","Sporting Hill El Sch","Kindergarten","84","96.4%","96.4%","96.4%","96.4%","0.0%","96.4%","","","","","0.0%","4.8%","0.0%","0.0%","0.0%","0.0%"
"Cumberland","Spring Hill Parochial School","7th Grade","4","","","","","","","","","","","","","","","",""
"Cumberland","St Joseph School","Kindergarten","41","100.0%","100.0%","100.0%","100.0%","0.0%","100.0%","","","","","0.0%","0.0%","0.0%","2.4%","0.0%","0.0%"
"Cumberland","St Joseph School","7th Grade","41","100.0%","100.0%","100.0%","100.0%","0.0%","100.0%","100.0%","100.0%","","","0.0%","2.4%","0.0%","0.0%","0.0%","0.0%"
"Cumberland","St Patrick School","Kindergarten","45","93.3%","93.3%","93.3%","93.3%","0.0%","93.3%","","","","","0.0%","2.2%","0.0%","2.2%","0.0%","2.2%"
"Cumberland","St Patrick School","7th Grade","40","95.0%","95.0%","95.0%","95.0%","0.0%","95.0%","95.0%","95.0%","","","2.5%","2.5%","0.0%","0.0%","0.0%","0.0%"
"Cumberland","St Theresa School","Kindergarten","32","100.0%","100.0%","100.0%","100.0%","0.0%","100.0%","","","","","0.0%","0.0%","0.0%","0.0%","0.0%","0.0%"
"Cumberland","St Theresa School","7th Grade","42","100.0%","100.0%","100.0%","100.0%","0.0%","100.0%","95.2%","95.2%","","","0.0%","4.8%","0.0%","0.0%","0.0%","0.0%"
"Cumberland","Sunny Slope School","7th Grade","4","","","","","","","","","","","","","","","",""
"Cumberland","Sunset Run Parochial School","7th Grade","3","","","","","","","","","","","","","","","",""
"Cumberland","Tender Years Inc","Kindergarten","10","","","","","","","","","","","","","","","",""
"Cumberland","Trailside Mennonite School","7th Grade","4","","","","","","","","","","","","","","","",""
"Cumberland","Trinity High School","12th Grade","134","98.5%","99.3%","99.3%","99.3%","0.7%","99.3%","99.3%","","17.9%","82.1%","0.0%","0.0%","3.7%","2.2%","0.0%","17.9%"
"Cumberland","Upward Christian Academy","Kindergarten","9","","","","","","","","","","","","","","","",""
"Cumberland","Upward Christian Academy","7th Grade","7","","","","","","","","","","","","","","","",""
"Cumberland","W.G. Rice El Sch","Kindergarten","136","96.3%","95.6%","96.3%","97.1%","0.0%","96.3%","","","","","0.0%","5.9%","0.0%","0.0%","0.0%","1.5%"
"Cumberland","West Creek Hills El Sch","Kindergarten","88","93.2%","94.3%","95.5%","94.3%","0.0%","95.5%","","","","","0.0%","3.4%","1.1%","2.3%","0.0%","0.0%"
"Cumberland","West Shore Christian Academy","Kindergarten","48","83.3%","81.2%","83.3%","87.5%","0.0%","83.3%","","","","","0.0%","12.5%","0.0%","0.0%","0.0%","6.2%"
"Cumberland","West Shore Christian Academy","7th Grade","46","73.9%","73.9%","73.9%","73.9%","0.0%","73.9%","73.9%","73.9%","","","0.0%","13.0%","0.0%","0.0%","0.0%","13.0%"
"Cumberland","West Shore Christian Academy","12th Grade","36","72.2%","72.2%","72.2%","72.2%","0.0%","72.2%","72.2%","","0.0%","72.2%","2.8%","16.7%","0.0%","0.0%","0.0%","8.3%"
"Cumberland","Wilson MS","7th Grade","221","94.6%","95.0%","96.8%","95.5%","1.4%","94.6%","94.6%","94.6%","","","1.4%","0.5%","3.6%","0.9%","0.9%","0.0%"
"Cumberland","Winding Creek El Sch","Kindergarten","128","97.7%","97.7%","95.3%","99.2%","0.0%","96.1%","","","","","0.0%","0.8%","0.0%","4.7%","0.0%","0.0%"
"Cumberland","Yellow Breeches Ed Ctr - Boiling Springs","7th Grade","4","","","","","","","","","","","","","","","",""
"Cumberland","Yellow Breeches Ed Ctr - Boiling Springs","12th Grade","6","","","","","","","","","","","","","","","",""
"Cumberland","Yellow Breeches MS","7th Grade","181","100.0%","100.0%","100.0%","100.0%","0.0%","100.0%","100.0%","100.0%","","","3.9%","2.2%","1.1%","0.0%","0.0%","0.0%"
"Dauphin","Al-Sabereen School","Kindergarten","18","","","","","","","","","","","","","","","",""
"Dauphin","Benjamin Franklin Sch","Kindergarten","122","91.0%","91.8%","95.1%","98.4%","0.0%","92.6%","","","","","0.0%","0.0%","1.6%","2.5%","0.0%","8.2%"
"Dauphin","Bishop McDevitt High School","12th Grade","186","98.4%","98.4%","98.4%","98.4%","0.0%","97.3%","97.8%","","10.8%","89.2%","0.0%","1.1%","0.0%","0.0%","0.0%","11.3%"
"Dauphin","Camp Curtin Academy","7th Grade","335","88.1%","87.8%","89.9%","92.5%","0.0%","89.0%","68.1%","66.6%","","","0.0%","0.0%","0.0%","0.0%","0.0%","37.6%"
"Dauphin","Capital Area School for the Arts CS","12th Grade","46","93.5%","95.7%","93.5%","93.5%","0.0%","93.5%","89.1%","","0.0%","89.1%","2.2%","6.5%","2.2%","0.0%","0.0%","0.0%"
"Dauphin","Central Dauphin East MS","7th Grade","238","97.5%","99.2%","99.2%","99.2%","0.4%","99.2%","97.1%","97.1%","","","0.0%","0.0%","2.9%","0.4%","0.4%","0.0%"
"Dauphin","Central Dauphin East SHS","12th Grade","379","96.8%","99.5%","100.0%","99.2%","0.3%","99.2%","98.7%","","5.8%","92.6%","0.3%","0.5%","1.3%","0.5%","0.0%","2.1%"
"Dauphin","Central Dauphin MS","7th Grade","263","98.9%","96.2%","98.1%","98.5%","0.0%","97.7%","95.4%","95.4%","","","0.4%","3.0%","0.0%","0.0%","0.0%","1.5%"
"Dauphin","Central Dauphin SHS","12th Grade","507","96.1%","95.5%","95.9%","95.7%","0.0%","95.7%","96.3%","","1.8%","94.5%","0.8%","2.0%","1.0%","0.4%","0.0%","2.0%"
"Dauphin","Chambers Hill El Sch","Kindergarten","80","96.2%","97.5%","97.5%","98.8%","0.0%","97.5%","","","","","0.0%","2.5%","0.0%","5.0%","0.0%","0.0%"
"Dauphin","Circle School","Kindergarten","2","","","","","","","","","","","","","","","",""
"Dauphin","Circle School","7th Grade","1","","","","","","","","","","","","","","","",""
"Dauphin","Circle School","12th Grade","3","","","","","","","","","","","","","","","",""
"Dauphin","Commonwealth Charter Academy CS","Kindergarten","1,012","75.0%","77.0%","69.4%","77.0%","0.1%","68.7%","","","","","0.4%","28.2%","0.0%","0.0%","0.0%","2.8%"
"Dauphin","Commonwealth Charter Academy CS","7th Grade","3,079","88.8%","90.1%","88.8%","89.9%","0.2%","88.5%","70.2%","68.9%","","","0.1%","14.9%","0.0%","0.0%","0.0%","16.1%"
"Dauphin","Commonwealth Charter Academy CS","12th Grade","4,137","92.0%","93.3%","92.5%","93.0%","0.6%","91.5%","90.2%","","90.2%","7.1%","0.5%","12.5%","0.0%","0.0%","0.0%","41.2%"
"Dauphin","Conewago El Sch","Kindergarten","25","92.0%","92.0%","92.0%","92.0%","0.0%","92.0%","","","","","0.0%","4.0%","4.0%","0.0%","0.0%","0.0%"
"Dauphin","Cougar Academy","Kindergarten","13","","","","","","","","","","","","","","","",""
"Dauphin","Cougar Academy","7th Grade","31","93.5%","96.8%","96.8%","96.8%","0.0%","96.8%","96.8%","96.8%","","","0.0%","0.0%","0.0%","0.0%","0.0%","6.5%"
"Dauphin","Cougar Academy","12th Grade","19","","","","","","","","","","","","","","","",""
"Dauphin","Covenant Christian Academy","Kindergarten","28","60.7%","64.3%","64.3%","75.0%","0.0%","60.7%","","","","","0.0%","10.7%","0.0%","0.0%","0.0%","28.6%"
"Dauphin","Covenant Christian Academy","7th Grade","19","","","","","","","","","","","","","","","",""
"Dauphin","Covenant Christian Academy","12th Grade","12","","","","","","","","","","","","","","","",""
"Dauphin","CrossPoint Early Learning Center","Kindergarten","10","","","","","","","","","","","","","","","",""
"Dauphin","Dauphin County Technical School","12th Grade","281","98.6%","97.9%","98.6%","98.6%","0.0%","98.2%","98.6%","","2.8%","85.4%","0.0%","1.1%","1.4%","0.0%","0.0%","16.4%"
"Dauphin","Downey Sch","Kindergarten","49","81.6%","79.6%","77.6%","83.7%","0.0%","71.4%","","","","","0.0%","2.0%","0.0%","0.0%","0.0%","32.7%"
"Dauphin","E. H. Phillips El Sch","Kindergarten","50","94.0%","94.0%","96.0%","98.0%","0.0%","96.0%","","","","","0.0%","4.0%","0.0%","2.0%","0.0%","0.0%"
"Dauphin","East Hanover El Sch","Kindergarten","61","95.1%","95.1%","95.1%","95.1%","0.0%","91.8%","","","","","0.0%","0.0%","4.9%","0.0%","0.0%","3.3%"
"Dauphin","East Shore Montessori School","Kindergarten","10","","","","","","","","","","","","","","","",""
"Dauphin","Fink El Sch","Kindergarten","53","98.1%","98.1%","100.0%","98.1%","0.0%","100.0%","","","","","0.0%","0.0%","0.0%","1.9%","0.0%","0.0%"
"Dauphin","Foose Sch","Kindergarten","108","95.4%","90.7%","83.3%","96.3%","0.0%","83.3%","","","","","0.0%","0.0%","0.9%","0.0%","0.0%","89.8%"
"Dauphin","Garden Spot Amish School","7th Grade","2","","","","","","","","","","","","","","","",""
"Dauphin","Goddard School - Harrisburg location","Kindergarten","16","","","","","","","","","","","","","","","",""
"Dauphin","Goddard School - Hummelstown location","Kindergarten","19","","","","","","","","","","","","","","","",""
"Dauphin","Halifax Area El Sch","Kindergarten","57","93.0%","93.0%","93.0%","93.0%","0.0%","93.0%","","","","","0.0%","7.0%","0.0%","0.0%","0.0%","0.0%"
"Dauphin","Halifax Area HS","12th Grade","61","83.6%","82.0%","82.0%","82.0%","0.0%","83.6%","83.6%","","0.0%","83.6%","3.3%","4.9%","6.6%","4.9%","0.0%","0.0%"
"Dauphin","Halifax Area MS","7th Grade","70","94.3%","94.3%","91.4%","94.3%","0.0%","92.9%","91.4%","91.4%","","","1.4%","1.4%","4.3%","2.9%","0.0%","0.0%"
"Dauphin","Hansel and Gretel Early Learning Center","Kindergarten","12","","","","","","","","","","","","","","","",""
"Dauphin","Harrisburg Adventist School","Kindergarten","3","","","","","","","","","","","","","","","",""
"Dauphin","Harrisburg Adventist School","7th Grade","2","","","","","","","","","","","","","","","",""
"Dauphin","Harrisburg Catholic Elementary School","Kindergarten","27","88.9%","85.2%","88.9%","92.6%","0.0%","88.9%","","","","","0.0%","0.0%","0.0%","0.0%","0.0%","88.9%"
"Dauphin","Harrisburg Catholic Elementary School","7th Grade","25","96.0%","84.0%","80.0%","96.0%","0.0%","80.0%","88.0%","88.0%","","","0.0%","0.0%","0.0%","0.0%","0.0%","88.0%"
"Dauphin","Harrisburg Christian School","Kindergarten","24","87.5%","87.5%","87.5%","87.5%","0.0%","87.5%","","","","","0.0%","12.5%","0.0%","0.0%","0.0%","0.0%"
"Dauphin","Harrisburg Christian School","7th Grade","30","86.7%","86.7%","86.7%","86.7%","0.0%","86.7%","86.7%","86.7%","","","0.0%","13.3%","0.0%","0.0%","0.0%","0.0%"
"Dauphin","Harrisburg Christian School","12th Grade","14","","","","","","","","","","","","","","","",""
"Dauphin","Harrisburg HS","12th Grade","253","83.4%","81.8%","86.6%","83.8%","0.0%","82.6%","84.2%","","7.1%","38.3%","0.0%","0.4%","0.0%","0.0%","0.0%","67.2%"
"Dauphin","Harrisburg HS - SciTech Cmp","12th Grade","76","88.2%","88.2%","92.1%","92.1%","0.0%","92.1%","90.8%","","6.6%","68.4%","0.0%","0.0%","0.0%","0.0%","0.0%","28.9%"
"Dauphin","Hershey Christian Academy","Kindergarten","12","","","","","","","","","","","","","","","",""
"Dauphin","Hershey Christian Academy","7th Grade","8","","","","","","","","","","","","","","","",""
"Dauphin","Hershey Christian Academy","12th Grade","2","","","","","","","","","","","","","","","",""
"Dauphin","Hershey Early Childhood Ctr","Kindergarten","195","94.9%","94.9%","95.4%","95.9%","0.0%","95.9%","","","","","0.5%","4.1%","0.0%","2.6%","0.0%","0.0%"
"Dauphin","Hershey HS","12th Grade","286","96.9%","96.9%","98.3%","98.3%","1.7%","96.5%","96.2%","","1.7%","92.3%","4.9%","2.8%","3.1%","1.0%","0.0%","0.0%"
"Dauphin","Hershey MS","7th Grade","249","98.0%","96.8%","98.4%","98.4%","1.2%","97.6%","94.0%","94.0%","","","0.0%","0.8%","1.2%","2.8%","0.0%","2.4%"
"Dauphin","Hershey Meadow School","7th Grade","2","","","","","","","","","","","","","","","",""
"Dauphin","Holy Name of Jesus School","Kindergarten","49","98.0%","95.9%","95.9%","98.0%","0.0%","95.9%","","","","","0.0%","2.0%","2.0%","0.0%","0.0%","0.0%"
"Dauphin","Holy Name of Jesus School","7th Grade","40","100.0%","100.0%","100.0%","100.0%","0.0%","100.0%","100.0%","100.0%","","","0.0%","0.0%","0.0%","0.0%","0.0%","0.0%"
"Dauphin","Infinity CS","Kindergarten","26","100.0%","100.0%","100.0%","100.0%","0.0%","100.0%","","","","","0.0%","0.0%","0.0%","0.0%","0.0%","0.0%"
"Dauphin","Infinity CS","7th Grade","32","100.0%","100.0%","100.0%","100.0%","0.0%","100.0%","100.0%","100.0%","","","0.0%","0.0%","0.0%","0.0%","0.0%","0.0%"
"Dauphin","Joshua Learning Center","Kindergarten","14","","","","","","","","","","","","","","","",""
"Dauphin","Kunkel El Sch","Kindergarten","56","89.3%","91.1%","91.1%","91.1%","0.0%","91.1%","","","","","0.0%","5.4%","3.6%","1.8%","0.0%","0.0%"
"Dauphin","Lawnton El Sch","Kindergarten","31","100.0%","100.0%","100.0%","100.0%","0.0%","100.0%","","","","","0.0%","0.0%","0.0%","0.0%","0.0%","0.0%"
"Dauphin","Lighthouse Christian Academy","Kindergarten","2","","","","","","","","","","","","","","","",""
"Dauphin","Lighthouse Christian Academy","7th Grade","2","","","","","","","","","","","","","","","",""
"Dauphin","Lighthouse Christian Academy","12th Grade","2","","","","","","","","","","","","","","","",""
"Dauphin","Linglestown El Sch","Kindergarten","69","95.7%","95.7%","97.1%","94.2%","0.0%","97.1%","","","","","1.4%","2.9%","0.0%","2.9%","0.0%","0.0%"
"Dauphin","Linglestown MS","7th Grade","263","99.2%","99.2%","99.2%","99.2%","0.0%","99.2%","97.3%","97.0%","","","2.3%","0.8%","1.1%","0.0%","0.0%","0.0%"
"Dauphin","Little Learners' CDC Academy","Kindergarten","16","","","","","","","","","","","","","","","",""
"Dauphin","Logos Academy Harrisburg","Kindergarten","15","","","","","","","","","","","","","","","",""
"Dauphin","Londonderry El Sch","Kindergarten","41","87.8%","87.8%","87.8%","87.8%","0.0%","87.8%","","","","","0.0%","2.4%","7.3%","2.4%","0.0%","0.0%"
"Dauphin","Londonderry School","Kindergarten","21","71.4%","71.4%","71.4%","71.4%","0.0%","66.7%","","","","","0.0%","0.0%","0.0%","0.0%","0.0%","38.1%"
"Dauphin","Londonderry School","7th Grade","11","","","","","","","","","","","","","","","",""
"Dauphin","Lower Dauphin HS","12th Grade","284","97.9%","97.9%","97.5%","97.2%","1.1%","97.9%","97.5%","","0.0%","93.3%","1.1%","3.5%","1.1%","0.4%","0.0%","1.4%"
"Dauphin","Lower Dauphin MS","7th Grade","247","97.2%","97.2%","97.2%","97.2%","0.0%","96.4%","93.1%","92.3%","","","0.8%","5.3%","1.6%","0.4%","0.0%","0.8%"
"Dauphin","Mahantango Mountain Amish School","7th Grade","3","","","","","","","","","","","","","","","",""
"Dauphin","Marshall Math Science Academy","7th Grade","180","96.7%","96.7%","96.7%","97.2%","0.0%","96.7%","79.4%","79.4%","","","0.0%","0.6%","0.0%","0.0%","0.0%","23.9%"
"Dauphin","Matterstown School","7th Grade","3","","","","","","","","","","","","","","","",""
"Dauphin","Meadow Ridge Parochial School","7th Grade","6","","","","","","","","","","","","","","","",""
"Dauphin","Melrose Sch","Kindergarten","62","96.8%","91.9%","91.9%","96.8%","0.0%","90.3%","","","","","0.0%","1.6%","0.0%","0.0%","0.0%","12.9%"
"Dauphin","Middle Paxton El Sch","Kindergarten","42","92.9%","92.9%","90.5%","90.5%","0.0%","90.5%","","","","","0.0%","4.8%","0.0%","4.8%","0.0%","0.0%"
"Dauphin","Middletown Area HS","12th Grade","196","96.4%","96.4%","96.4%","96.4%","1.5%","94.9%","95.4%","","1.0%","93.9%","0.0%","2.0%","0.5%","0.0%","2.0%","0.5%"
"Dauphin","Middletown Area MS","7th Grade","185","96.2%","96.2%","96.2%","96.2%","0.0%","96.2%","96.2%","96.2%","","","0.0%","0.5%","2.7%","0.0%","0.0%","0.5%"
"Dauphin","Millersburg Area MS","7th Grade","56","89.3%","89.3%","89.3%","89.3%","0.0%","89.3%","82.1%","82.1%","","","0.0%","14.3%","1.8%","1.8%","0.0%","0.0%"
"Dauphin","Millersburg Area SHS","12th Grade","58","96.6%","96.6%","96.6%","96.6%","0.0%","96.6%","94.8%","","0.0%","89.7%","0.0%","5.2%","0.0%","5.2%","0.0%","0.0%"
"Dauphin","Millersburg El Sch","Kindergarten","58","94.8%","94.8%","96.6%","100.0%","0.0%","94.8%","","","","","0.0%","5.2%","3.4%","5.2%","0.0%","0.0%"
"Dauphin","Milton Hershey School","Kindergarten","38","100.0%","100.0%","100.0%","100.0%","0.0%","100.0%","","","","","0.0%","0.0%","0.0%","0.0%","0.0%","0.0%"
"Dauphin","Milton Hershey School","7th Grade","182","100.0%","100.0%","100.0%","99.5%","0.0%","99.5%","95.1%","95.6%","","","0.0%","0.0%","0.0%","6.6%","0.0%","0.0%"
"Dauphin","Milton Hershey School","12th Grade","224","100.0%","100.0%","100.0%","100.0%","0.9%","99.1%","100.0%","","0.9%","99.1%","0.0%","0.0%","0.0%","0.9%","0.0%","0.0%"
"Dauphin","Mountain View El Sch","Kindergarten","51","96.1%","94.1%","94.1%","96.1%","0.0%","94.1%","","","","","0.0%","3.9%","2.0%","0.0%","0.0%","0.0%"
"Dauphin","Nativity School of Harrisburg","7th Grade","13","","","","","","","","","","","","","","","",""
"Dauphin","New Story","Kindergarten","2","","","","","","","","","","","","","","","",""
"Dauphin","New Story","7th Grade","2","","","","","","","","","","","","","","","",""
"Dauphin","New Story","12th Grade","3","","","","","","","","","","","","","","","",""
"Dauphin","North Mountain View Amish","7th Grade","1","","","","","","","","","","","","","","","",""
"Dauphin","North Side El Sch","Kindergarten","80","93.8%","93.8%","93.8%","95.0%","0.0%","93.8%","","","","","0.0%","3.8%","0.0%","2.5%","0.0%","0.0%"
"Dauphin","Northern Dauphin County Christian School","Kindergarten","16","","","","","","","","","","","","","","","",""
"Dauphin","Northern Dauphin County Christian School","7th Grade","8","","","","","","","","","","","","","","","",""
"Dauphin","Northern Dauphin County Christian School","12th Grade","2","","","","","","","","","","","","","","","",""
"Dauphin","Nye El Sch","Kindergarten","39","94.9%","92.3%","94.9%","94.9%","0.0%","94.9%","","","","","0.0%","2.6%","2.6%","2.6%","0.0%","0.0%"
"Dauphin","Paxtang El Sch","Kindergarten","127","96.1%","96.1%","98.4%","98.4%","0.0%","98.4%","","","","","0.0%","1.6%","0.0%","2.4%","0.0%","0.0%"
"Dauphin","Paxtonia El Sch","Kindergarten","98","100.0%","100.0%","100.0%","99.0%","0.0%","100.0%","","","","","0.0%","0.0%","0.0%","0.0%","0.0%","1.0%"
"Dauphin","Peaceful Valley Amish School","7th Grade","3","","","","","","","","","","","","","","","",""
"Dauphin","Price","7th Grade","1","","","","","","","","","","","","","","","",""
"Dauphin","Price","12th Grade","3","","","","","","","","","","","","","","","",""
"Dauphin","Rabbi David L. Silver Yeshiva Academy","Kindergarten","17","","","","","","","","","","","","","","","",""
"Dauphin","Rabbi David L. Silver Yeshiva Academy","7th Grade","3","","","","","","","","","","","","","","","",""
"Dauphin","Rakers Mill School","7th Grade","3","","","","","","","","","","","","","","","",""
"Dauphin","Reach Cyber CS","Kindergarten","163","62.6%","70.6%","66.3%","76.7%","0.0%","64.4%","","","","","0.0%","29.4%","9.8%","0.0%","0.0%","0.6%"
"Dauphin","Reach Cyber CS","7th Grade","457","89.9%","93.2%","92.8%","95.4%","0.0%","91.9%","71.1%","70.0%","","","0.0%","10.3%","7.0%","1.8%","0.0%","13.3%"
"Dauphin","Reach Cyber CS","12th Grade","727","91.9%","95.7%","95.6%","96.4%","0.7%","95.2%","92.0%","","92.4%","1.8%","0.3%","8.9%","4.7%","1.5%","0.0%","21.3%"
"Dauphin","Robert Reid El Sch","Kindergarten","67","94.0%","92.5%","95.5%","95.5%","0.0%","95.5%","","","","","0.0%","0.0%","3.0%","3.0%","0.0%","1.5%"
"Dauphin","Rolling Acres School","7th Grade","2","","","","","","","","","","","","","","","",""
"Dauphin","Rutherford El Sch","Kindergarten","69","100.0%","98.6%","100.0%","100.0%","0.0%","98.6%","","","","","0.0%","0.0%","0.0%","1.4%","0.0%","0.0%"
"Dauphin","Sara Lindemuth El Sch","Kindergarten","263","92.8%","93.2%","94.7%","96.6%","0.0%","93.9%","","","","","0.4%","1.5%","1.1%","0.8%","0.0%","4.2%"
"Dauphin","Scenic View School","7th Grade","1","","","","","","","","","","","","","","","",""
"Dauphin","Scott at Lincoln School","Kindergarten","60","88.3%","83.3%","85.0%","90.0%","0.0%","83.3%","","","","","0.0%","1.7%","0.0%","0.0%","0.0%","21.7%"
"Dauphin","Sequoia Christian School","Kindergarten","15","","","","","","","","","","","","","","","",""
"Dauphin","Seven Sorrows BVM School","Kindergarten","29","93.1%","93.1%","96.6%","96.6%","0.0%","96.6%","","","","","0.0%","6.9%","0.0%","0.0%","0.0%","0.0%"
"Dauphin","Seven Sorrows BVM School","7th Grade","22","100.0%","100.0%","100.0%","100.0%","0.0%","100.0%","90.9%","90.9%","","","0.0%","9.1%","0.0%","0.0%","0.0%","0.0%"
"Dauphin","South Hanover El Sch","Kindergarten","52","98.1%","98.1%","98.1%","98.1%","1.9%","96.2%","","","","","0.0%","0.0%","1.9%","0.0%","0.0%","0.0%"
"Dauphin","South Mountain View Amish School","7th Grade","2","","","","","","","","","","","","","","","",""
"Dauphin","Specktown Amish School","7th Grade","3","","","","","","","","","","","","","","","",""
"Dauphin","St Catherine Laboure School","Kindergarten","15","","","","","","","","","","","","","","","",""
"Dauphin","St Catherine Laboure School","7th Grade","42","100.0%","100.0%","100.0%","100.0%","0.0%","100.0%","92.9%","97.6%","","","0.0%","0.0%","0.0%","0.0%","0.0%","7.1%"
"Dauphin","St Joan of Arc School","Kindergarten","53","92.5%","92.5%","92.5%","90.6%","0.0%","90.6%","","","","","0.0%","9.4%","0.0%","0.0%","0.0%","0.0%"
"Dauphin","St Joan of Arc School","7th Grade","34","97.1%","97.1%","97.1%","97.1%","0.0%","97.1%","91.2%","91.2%","","","0.0%","2.9%","5.9%","0.0%","0.0%","0.0%"
"Dauphin","St Stephens Episcopal School","Kindergarten","17","","","","","","","","","","","","","","","",""
"Dauphin","St Stephens Episcopal School","7th Grade","7","","","","","","","","","","","","","","","",""
"Dauphin","Steele School","Kindergarten","51","86.3%","88.2%","88.2%","96.1%","0.0%","86.3%","","","","","2.0%","0.0%","2.0%","3.9%","0.0%","11.8%"
"Dauphin","Steelton-Highspire El Sch","Kindergarten","122","94.3%","94.3%","92.6%","95.1%","2.5%","90.2%","","","","","0.0%","3.3%","1.6%","4.1%","0.0%","0.0%"
"Dauphin","Steelton-Highspire HS","7th Grade","103","96.1%","96.1%","95.1%","95.1%","1.0%","95.1%","96.1%","96.1%","","","0.0%","1.0%","1.9%","2.9%","0.0%","0.0%"
"Dauphin","Steelton-Highspire HS","12th Grade","120","98.3%","98.3%","98.3%","97.5%","1.7%","96.7%","98.3%","","5.8%","91.7%","0.0%","1.7%","0.0%","1.7%","0.0%","0.0%"
"Dauphin","Susquehanna Twp HS","12th Grade","204","95.6%","95.6%","98.0%","96.6%","1.0%","96.6%","97.5%","","6.4%","81.4%","2.9%","2.0%","2.0%","1.5%","0.0%","8.8%"
"Dauphin","Susquehanna Twp MS","Kindergarten","1","","","","","","","","","","","","","","","",""
"Dauphin","Susquehanna Twp MS","7th Grade","280","97.5%","97.1%","97.1%","96.8%","0.0%","96.8%","94.3%","93.2%","","","0.7%","2.9%","0.4%","1.8%","0.0%","3.6%"
"Dauphin","Swatara MS","7th Grade","202","93.1%","95.0%","95.5%","97.0%","0.0%","95.0%","94.6%","94.6%","","","0.0%","0.0%","7.9%","0.0%","0.0%","5.0%"
"Dauphin","Sylvan Heights Science CS","Kindergarten","45","100.0%","95.6%","97.8%","100.0%","0.0%","100.0%","","","","","0.0%","0.0%","0.0%","0.0%","0.0%","4.4%"
"Dauphin","Tender Years Inc","Kindergarten","2","","","","","","","","","","","","","","","",""
"Dauphin","Tree Line Amish School","7th Grade","2","","","","","","","","","","","","","","","",""
"Dauphin","Tri-Community El Sch","Kindergarten","80","96.2%","97.5%","97.5%","98.8%","0.0%","97.5%","","","","","0.0%","2.5%","0.0%","5.0%","0.0%","0.0%"
"Dauphin","Upper Dauphin Area El Sch","Kindergarten","89","97.8%","97.8%","94.4%","100.0%","1.1%","94.4%","","","","","1.1%","4.5%","1.1%","4.5%","0.0%","0.0%"
"Dauphin","Upper Dauphin Area HS","12th Grade","83","100.0%","100.0%","100.0%","100.0%","0.0%","100.0%","97.6%","","1.2%","96.4%","0.0%","2.4%","0.0%","2.4%","0.0%","0.0%"
"Dauphin","Upper Dauphin Area MS","7th Grade","81","98.8%","98.8%","98.8%","98.8%","0.0%","98.8%","93.8%","92.6%","","","1.2%","2.5%","0.0%","4.9%","0.0%","0.0%"
"Dauphin","Vista School","7th Grade","3","","","","","","","","","","","","","","","",""
"Dauphin","Vista School","12th Grade","28","100.0%","100.0%","100.0%","100.0%","0.0%","85.7%","89.3%","","7.1%","78.6%","0.0%","17.9%","0.0%","0.0%","0.0%","0.0%"
"Dauphin","West Hanover El Sch","Kindergarten","59","96.6%","91.5%","96.6%","94.9%","0.0%","96.6%","","","","","1.7%","3.4%","0.0%","8.5%","0.0%","0.0%"
"Dauphin","Whistiling Pines Amish Parochial School","7th Grade","2","","","","","","","","","","","","","","","",""
"Dauphin","Windy Knoll School","7th Grade","3","","","","","","","","","","","","","","","",""
"Delaware","Academy Park HS","12th Grade","355","98.9%","98.9%","98.0%","99.7%","0.0%","98.0%","94.9%","","1.7%","58.0%","0.0%","1.7%","0.0%","0.3%","0.0%","42.8%"
"Delaware","Academy of Academics","Kindergarten","4","","","","","","","","","","","","","","","",""
"Delaware","Academy of Notre Dame","7th Grade","35","100.0%","100.0%","100.0%","100.0%","0.0%","100.0%","100.0%","100.0%","","","0.0%","0.0%","0.0%","0.0%","0.0%","0.0%"
"Delaware","Academy of Notre Dame","12th Grade","103","100.0%","100.0%","100.0%","100.0%","0.0%","100.0%","100.0%","","0.0%","100.0%","0.0%","0.0%","0.0%","0.0%","0.0%","0.0%"
"Delaware","Agnes Irwin School","Kindergarten","31","96.8%","96.8%","96.8%","96.8%","0.0%","96.8%","","","","","0.0%","3.2%","0.0%","0.0%","0.0%","0.0%"
"Delaware","Agnes Irwin School","7th Grade","45","100.0%","100.0%","100.0%","100.0%","0.0%","100.0%","100.0%","100.0%","","","0.0%","0.0%","0.0%","0.0%","0.0%","0.0%"
"Delaware","Agnes Irwin School","12th Grade","77","100.0%","100.0%","100.0%","100.0%","0.0%","100.0%","100.0%","","0.0%","98.7%","0.0%","1.3%","0.0%","0.0%","0.0%","0.0%"
"Delaware","Aldan El Sch","Kindergarten","38","94.7%","97.4%","94.7%","97.4%","0.0%","94.7%","","","","","0.0%","5.3%","0.0%","0.0%","0.0%","2.6%"
"Delaware","Amosland El Sch","Kindergarten","80","97.5%","97.5%","98.8%","98.8%","0.0%","98.8%","","","","","0.0%","1.2%","0.0%","1.2%","0.0%","0.0%"
"Delaware","Archbishop John Carroll HS","12th Grade","164","98.8%","98.8%","98.8%","98.8%","1.2%","97.6%","98.8%","","0.0%","98.8%","3.0%","0.0%","0.0%","0.0%","0.0%","0.0%"
"Delaware","Ardmore Avenue Sch","Kindergarten","60","88.3%","88.3%","90.0%","91.7%","1.7%","86.7%","","","","","0.0%","10.0%","0.0%","1.7%","1.7%","0.0%"
"Delaware","Aronimink El Sch","Kindergarten","117","99.1%","98.3%","100.0%","100.0%","0.0%","100.0%","","","","","0.0%","0.9%","0.0%","0.9%","0.0%","0.0%"
"Delaware","Aston El Sch","Kindergarten","54","96.3%","96.3%","98.1%","96.3%","0.0%","98.1%","","","","","0.0%","0.0%","3.7%","0.0%","0.0%","0.0%"
"Delaware","Bell Avenue School","Kindergarten","32","87.5%","93.8%","90.6%","96.9%","0.0%","90.6%","","","","","0.0%","0.0%","0.0%","0.0%","0.0%","12.5%"
"Delaware","Benchmark School","7th Grade","34","97.1%","97.1%","97.1%","97.1%","0.0%","97.1%","97.1%","97.1%","","","0.0%","2.9%","0.0%","0.0%","0.0%","0.0%"
"Delaware","Bethel Springs El Sch","Kindergarten","96","99.0%","99.0%","99.0%","100.0%","0.0%","99.0%","","","","","0.0%","1.0%","0.0%","0.0%","0.0%","1.0%"
"Delaware","Beverly Hills MS","7th Grade","450","98.9%","98.9%","99.6%","98.9%","1.1%","98.4%","98.0%","98.0%","","","0.0%","2.0%","0.0%","1.8%","0.0%","0.0%"
"Delaware","Blessed Virgin Mary School","Kindergarten","16","","","","","","","","","","","","","","","",""
"Delaware","Blessed Virgin Mary School","7th Grade","23","100.0%","100.0%","100.0%","100.0%","0.0%","100.0%","100.0%","100.0%","","","0.0%","0.0%","0.0%","0.0%","0.0%","0.0%"
"Delaware","Boothwyn El Sch","Kindergarten","50","90.0%","90.0%","92.0%","98.0%","0.0%","92.0%","","","","","0.0%","0.0%","6.0%","4.0%","0.0%","0.0%"
"Delaware","Buxmont Academy","12th Grade","1","","","","","","","","","","","","","","","",""
"Delaware","Cardinal John Foley Regional Catholic","Kindergarten","80","100.0%","100.0%","100.0%","100.0%","0.0%","100.0%","","","","","0.0%","0.0%","0.0%","0.0%","0.0%","0.0%"
"Delaware","Cardinal John Foley Regional Catholic","7th Grade","23","95.7%","95.7%","95.7%","95.7%","0.0%","95.7%","91.3%","91.3%","","","8.7%","0.0%","0.0%","0.0%","0.0%","0.0%"
"Delaware","Cardinal Ohara High School","12th Grade","217","98.6%","98.6%","98.6%","98.6%","0.5%","98.6%","98.2%","","0.5%","89.9%","1.4%","0.0%","0.0%","9.2%","0.9%","9.2%"
"Delaware","Chatham Park El Sch","Kindergarten","73","100.0%","98.6%","98.6%","98.6%","0.0%","98.6%","","","","","0.0%","1.4%","0.0%","0.0%","0.0%","0.0%"
"Delaware","Chester Charter Scholars Academy CS","Kindergarten","52","90.4%","82.7%","84.6%","92.3%","0.0%","84.6%","","","","","0.0%","5.8%","0.0%","0.0%","0.0%","11.5%"
"Delaware","Chester Charter Scholars Academy CS","7th Grade","56","100.0%","100.0%","100.0%","100.0%","0.0%","100.0%","71.4%","71.4%","","","0.0%","0.0%","0.0%","0.0%","0.0%","30.4%"
"Delaware","Chester Charter Scholars Academy CS","12th Grade","50","98.0%","98.0%","96.0%","96.0%","0.0%","96.0%","100.0%","","48.0%","42.0%","0.0%","0.0%","0.0%","0.0%","0.0%","56.0%"
"Delaware","Chester Community CS","Kindergarten","293","72.4%","72.0%","71.7%","82.3%","0.0%","71.3%","","","","","0.3%","5.5%","2.0%","0.0%","0.0%","21.5%"
"Delaware","Chester Community CS","7th Grade","395","89.6%","89.6%","90.4%","90.1%","0.0%","89.1%","55.2%","54.2%","","","0.0%","1.5%","0.0%","0.0%","0.0%","44.3%"
"Delaware","Chester HS","12th Grade","113","76.1%","76.1%","70.8%","81.4%","0.0%","66.4%","66.4%","","60.2%","39.8%","0.0%","0.0%","0.0%","0.0%","0.0%","60.2%"
"Delaware","Chester Upland Sch of Arts","Kindergarten","63","96.8%","96.8%","85.7%","96.8%","0.0%","85.7%","","","","","0.0%","3.2%","0.0%","0.0%","0.0%","14.3%"
"Delaware","Chesterbrook Academy","Kindergarten","16","","","","","","","","","","","","","","","",""
"Delaware","Chestnutwold El Sch","Kindergarten","62","98.4%","98.4%","96.8%","100.0%","0.0%","96.8%","","","","","0.0%","1.6%","1.6%","0.0%","0.0%","0.0%"
"Delaware","Chichester MS","7th Grade","198","99.5%","99.5%","99.5%","99.5%","0.0%","99.0%","97.5%","97.5%","","","0.0%","0.0%","2.0%","0.5%","0.0%","0.0%"
"Delaware","Chichester SHS","12th Grade","219","99.1%","99.1%","99.1%","99.1%","0.0%","99.1%","97.7%","","0.5%","97.3%","0.0%","0.0%","1.4%","0.9%","0.0%","0.5%"
"Delaware","Christian Academy","Kindergarten","10","","","","","","","","","","","","","","","",""
"Delaware","Christian Academy","7th Grade","13","","","","","","","","","","","","","","","",""
"Delaware","Christian Academy","12th Grade","29","93.1%","93.1%","93.1%","93.1%","0.0%","93.1%","93.1%","","0.0%","89.7%","0.0%","10.3%","0.0%","0.0%","0.0%","0.0%"
"Delaware","Coebourn El Sch","Kindergarten","31","90.3%","90.3%","93.5%","96.8%","0.0%","90.3%","","","","","0.0%","9.7%","0.0%","0.0%","0.0%","0.0%"
"Delaware","Colwyn El Sch","Kindergarten","24","95.8%","95.8%","100.0%","100.0%","0.0%","95.8%","","","","","0.0%","0.0%","0.0%","4.2%","4.2%","4.2%"
"Delaware","Concord El Sch","Kindergarten","191","92.1%","92.7%","92.1%","94.8%","0.0%","92.1%","","","","","0.0%","4.2%","2.1%","1.6%","0.0%","1.0%"
"Delaware","Coopertown El Sch","Kindergarten","58","98.3%","96.6%","96.6%","98.3%","0.0%","96.6%","","","","","1.7%","1.7%","0.0%","0.0%","0.0%","0.0%"
"Delaware","Culbertson El Sch","Kindergarten","49","93.9%","93.9%","93.9%","95.9%","0.0%","93.9%","","","","","2.0%","4.1%","0.0%","0.0%","0.0%","0.0%"
"Delaware","Darby Twp Sch","7th Grade","86","96.5%","96.5%","95.3%","96.5%","0.0%","95.3%","74.4%","74.4%","","","0.0%","2.3%","1.2%","0.0%","0.0%","22.1%"
"Delaware","Delaware County Christian School","7th Grade","63","92.1%","92.1%","92.1%","92.1%","0.0%","92.1%","92.1%","92.1%","","","1.6%","6.3%","0.0%","0.0%","0.0%","0.0%"
"Delaware","Delaware County Christian School","12th Grade","65","100.0%","100.0%","100.0%","92.3%","0.0%","92.3%","92.3%","","100.0%","0.0%","3.1%","4.6%","0.0%","0.0%","0.0%","0.0%"
"Delaware","Delaware County IU 25","Kindergarten","23","82.6%","78.3%","69.6%","78.3%","0.0%","78.3%","","","","","0.0%","0.0%","0.0%","8.7%","13.0%","0.0%"
"Delaware","Delaware County IU 25","7th Grade","10","","","","","","","","","","","","","","","",""
"Delaware","Delaware County IU 25","12th Grade","62","35.5%","35.5%","33.9%","35.5%","0.0%","35.5%","30.6%","","0.0%","32.3%","1.6%","0.0%","1.6%","48.4%","19.4%","0.0%"
"Delaware","Delcroft Sch","7th Grade","64","100.0%","100.0%","100.0%","100.0%","0.0%","100.0%","81.2%","79.7%","","","0.0%","0.0%","0.0%","0.0%","0.0%","20.3%"
"Delaware","Drexel Hill MS","7th Grade","402","98.5%","98.0%","99.3%","98.5%","0.2%","98.5%","96.0%","95.8%","","","0.0%","4.0%","0.0%","1.0%","0.0%","0.0%"
"Delaware","Drexel Neumann Academy","Kindergarten","14","","","","","","","","","","","","","","","",""
"Delaware","Drexel Neumann Academy","7th Grade","18","","","","","","","","","","","","","","","",""
"Delaware","East Lansdowne El Sch","Kindergarten","29","82.8%","82.8%","86.2%","89.7%","0.0%","86.2%","","","","","0.0%","6.9%","6.9%","0.0%","0.0%","6.9%"
"Delaware","Easter Seals of Southeastern Pa","Kindergarten","1","","","","","","","","","","","","","","","",""
"Delaware","Eddystone El Sch","Kindergarten","33","87.9%","87.9%","100.0%","90.9%","0.0%","100.0%","","","","","0.0%","6.1%","0.0%","6.1%","0.0%","0.0%"
"Delaware","Edgewood El Sch","Kindergarten","62","96.8%","96.8%","96.8%","98.4%","0.0%","96.8%","","","","","0.0%","0.0%","3.2%","0.0%","0.0%","0.0%"
"Delaware","Edgmont Scholars Academy","Kindergarten","34","76.5%","67.6%","58.8%","61.8%","0.0%","50.0%","","","","","0.0%","2.9%","0.0%","0.0%","0.0%","50.0%"
"Delaware","Edgmont Scholars Academy","7th Grade","59","89.8%","84.7%","79.7%","88.1%","0.0%","79.7%","39.0%","57.6%","","","0.0%","0.0%","0.0%","0.0%","0.0%","61.0%"
"Delaware","Episcopal Academy","Kindergarten","72","100.0%","100.0%","98.6%","100.0%","0.0%","98.6%","","","","","0.0%","0.0%","1.4%","0.0%","0.0%","0.0%"
"Delaware","Episcopal Academy","7th Grade","98","100.0%","100.0%","100.0%","99.0%","1.0%","99.0%","99.0%","99.0%","","","0.0%","0.0%","0.0%","1.0%","0.0%","1.0%"
"Delaware","Episcopal Academy","12th Grade","136","100.0%","100.0%","100.0%","100.0%","0.0%","100.0%","100.0%","","0.0%","99.3%","0.0%","0.7%","0.0%","0.0%","0.0%","0.0%"
"Delaware","Friends School Haverford","Kindergarten","12","","","","","","","","","","","","","","","",""
"Delaware","Garnet Valley HS","12th Grade","405","98.0%","98.0%","96.3%","96.3%","0.5%","96.3%","96.8%","","95.3%","0.0%","2.5%","3.0%","3.0%","0.0%","0.0%","0.0%"
"Delaware","Garnet Valley MS","7th Grade","371","97.6%","97.6%","97.6%","97.6%","0.0%","97.6%","97.3%","97.0%","","","0.0%","2.4%","0.0%","0.5%","0.0%","0.0%"
"Delaware","Garretts Way","Kindergarten","24","100.0%","100.0%","100.0%","100.0%","0.0%","100.0%","","","","","0.0%","0.0%","0.0%","0.0%","0.0%","0.0%"
"Delaware","George Crothers Memorial School","Kindergarten","6","","","","","","","","","","","","","","","",""
"Delaware","George Crothers Memorial School","7th Grade","6","","","","","","","","","","","","","","","",""
"Delaware","George Crothers Memorial School","12th Grade","11","","","","","","","","","","","","","","","",""
"Delaware","Glenolden Sch","7th Grade","81","98.8%","98.8%","97.5%","98.8%","0.0%","97.5%","95.1%","95.1%","","","0.0%","0.0%","7.4%","0.0%","0.0%","1.2%"
"Delaware","Glenwood El Sch","Kindergarten","85","100.0%","100.0%","100.0%","100.0%","1.2%","98.8%","","","","","1.2%","0.0%","0.0%","0.0%","0.0%","0.0%"
"Delaware","Grace Park El Sch","Kindergarten","49","98.0%","95.9%","95.9%","98.0%","0.0%","95.9%","","","","","0.0%","2.0%","2.0%","0.0%","0.0%","0.0%"
"Delaware","Grayson School","Kindergarten","7","","","","","","","","","","","","","","","",""
"Delaware","Grayson School","7th Grade","13","","","","","","","","","","","","","","","",""
"Delaware","Grayson School","12th Grade","10","","","","","","","","","","","","","","","",""
"Delaware","Harris Sch","7th Grade","109","0.0%","1.8%","0.9%","0.0%","0.0%","0.9%","31.2%","36.7%","","","0.0%","0.0%","0.0%","28.4%","0.0%","71.6%"
"Delaware","Haverford MS","7th Grade","507","98.8%","98.8%","98.6%","98.6%","0.0%","98.6%","97.6%","97.6%","","","0.6%","1.8%","1.0%","0.2%","0.0%","0.0%"
"Delaware","Haverford SHS","12th Grade","522","98.7%","98.1%","99.2%","98.3%","0.6%","98.3%","99.0%","","1.0%","97.9%","0.0%","1.0%","1.1%","1.0%","0.0%","0.0%"
"Delaware","Hill Top Preparatory School","7th Grade","7","","","","","","","","","","","","","","","",""
"Delaware","Hill Top Preparatory School","12th Grade","17","","","","","","","","","","","","","","","",""
"Delaware","Hillcrest El Sch","Kindergarten","61","100.0%","100.0%","100.0%","100.0%","0.0%","100.0%","","","","","0.0%","3.3%","0.0%","3.3%","0.0%","0.0%"
"Delaware","Hilltop El Sch","Kindergarten","62","95.2%","95.2%","95.2%","95.2%","0.0%","95.2%","","","","","0.0%","0.0%","4.8%","0.0%","0.0%","0.0%"
"Delaware","Holy Child Academy","Kindergarten","17","","","","","","","","","","","","","","","",""
"Delaware","Holy Child Academy","7th Grade","16","","","","","","","","","","","","","","","",""
"Delaware","Holy Cross School","Kindergarten","25","64.0%","64.0%","64.0%","64.0%","0.0%","64.0%","","","","","0.0%","0.0%","0.0%","0.0%","0.0%","36.0%"
"Delaware","Holy Cross School","7th Grade","26","76.9%","76.9%","76.9%","76.9%","0.0%","76.9%","38.5%","38.5%","","","0.0%","0.0%","0.0%","0.0%","0.0%","61.5%"
"Delaware","Holy Family Regional Catholic School","Kindergarten","16","","","","","","","","","","","","","","","",""
"Delaware","Holy Family Regional Catholic School","7th Grade","20","100.0%","100.0%","100.0%","100.0%","0.0%","100.0%","100.0%","100.0%","","","0.0%","0.0%","0.0%","0.0%","0.0%","0.0%"
"Delaware","Indian Lane El Sch","Kindergarten","60","98.3%","98.3%","98.3%","98.3%","0.0%","98.3%","","","","","0.0%","0.0%","1.7%","0.0%","0.0%","0.0%"
"Delaware","Innovate Academy","Kindergarten","21","57.1%","57.1%","57.1%","57.1%","0.0%","57.1%","","","","","0.0%","42.9%","0.0%","0.0%","0.0%","0.0%"
"Delaware","Innovate Academy","7th Grade","11","","","","","","","","","","","","","","","",""
"Delaware","Interboro SHS","12th Grade","272","99.3%","99.3%","99.3%","99.3%","0.0%","99.3%","98.2%","","1.5%","96.0%","0.4%","0.4%","1.5%","0.0%","0.0%","0.7%"
"Delaware","Ithan El Sch","Kindergarten","82","95.1%","95.1%","95.1%","93.9%","0.0%","95.1%","","","","","0.0%","2.4%","2.4%","0.0%","0.0%","1.2%"
"Delaware","Jack M Barrack Hebrew Academy","7th Grade","42","100.0%","100.0%","100.0%","100.0%","0.0%","100.0%","97.6%","95.2%","","","0.0%","0.0%","0.0%","0.0%","0.0%","4.8%"
"Delaware","Jack M Barrack Hebrew Academy","12th Grade","60","100.0%","100.0%","100.0%","100.0%","0.0%","100.0%","100.0%","","0.0%","93.3%","0.0%","0.0%","0.0%","0.0%","0.0%","6.7%"
"Delaware","Kindergarten Academy","Kindergarten","204","97.1%","97.1%","96.6%","96.6%","0.0%","96.6%","","","","","0.0%","2.5%","1.0%","1.0%","0.0%","0.0%"
"Delaware","Lakeview El Sch","Kindergarten","66","98.5%","98.5%","97.0%","98.5%","0.0%","97.0%","","","","","1.5%","0.0%","1.5%","0.0%","0.0%","0.0%"
"Delaware","Lansdowne Friends School","Kindergarten","14","","","","","","","","","","","","","","","",""
"Delaware","Leedom El Sch","Kindergarten","60","96.7%","96.7%","96.7%","100.0%","0.0%","96.7%","","","","","0.0%","1.7%","1.7%","0.0%","0.0%","0.0%"
"Delaware","Linwood El Sch","Kindergarten","43","95.3%","97.7%","97.7%","97.7%","0.0%","97.7%","","","","","0.0%","0.0%","2.3%","2.3%","0.0%","0.0%"
"Delaware","Loomis El Sch","Kindergarten","54","100.0%","100.0%","100.0%","100.0%","0.0%","100.0%","","","","","0.0%","0.0%","0.0%","0.0%","0.0%","0.0%"
"Delaware","Lynnewood El Sch","Kindergarten","81","97.5%","97.5%","97.5%","98.8%","0.0%","97.5%","","","","","0.0%","1.2%","1.2%","0.0%","0.0%","0.0%"
"Delaware","Main Line Classical Academy Inc","Kindergarten","9","","","","","","","","","","","","","","","",""
"Delaware","Main Line Classical Academy Inc","7th Grade","7","","","","","","","","","","","","","","","",""
"Delaware","Main Street Sch","Kindergarten","46","91.3%","84.8%","73.9%","84.8%","0.0%","67.4%","","","","","0.0%","2.2%","0.0%","0.0%","0.0%","97.8%"
"Delaware","Manoa El Sch","Kindergarten","90","100.0%","100.0%","100.0%","100.0%","0.0%","98.9%","","","","","0.0%","0.0%","0.0%","1.1%","0.0%","0.0%"
"Delaware","Marcus Hook El Sch","Kindergarten","54","98.1%","98.1%","96.3%","98.1%","0.0%","96.3%","","","","","0.0%","1.9%","1.9%","0.0%","0.0%","0.0%"
"Delaware","Marple Newtown SHS","12th Grade","337","99.1%","98.8%","99.1%","98.2%","1.5%","97.3%","99.1%","","0.0%","94.4%","0.6%","2.1%","1.8%","0.0%","0.0%","1.5%"
"Delaware","Media Childrens House","Kindergarten","11","","","","","","","","","","","","","","","",""
"Delaware","Media El Sch","Kindergarten","43","100.0%","100.0%","100.0%","100.0%","0.0%","100.0%","","","","","0.0%","0.0%","0.0%","0.0%","0.0%","0.0%"
"Delaware","Media Providence Friends Sch","Kindergarten","23","100.0%","100.0%","100.0%","100.0%","0.0%","100.0%","","","","","0.0%","0.0%","0.0%","0.0%","0.0%","0.0%"
"Delaware","Media Providence Friends Sch","7th Grade","8","","","","","","","","","","","","","","","",""
"Delaware","Melmark Inc","Kindergarten","4","","","","","","","","","","","","","","","",""
"Delaware","Melmark Inc","7th Grade","9","","","","","","","","","","","","","","","",""
"Delaware","Melmark Inc","12th Grade","8","","","","","","","","","","","","","","","",""
"Delaware","Middletown Montessori School","Kindergarten","14","","","","","","","","","","","","","","","",""
"Delaware","Monsignor Bonner Archbishop Prendergast Catholic High School","12th Grade","199","99.5%","98.5%","99.0%","99.0%","0.0%","98.5%","99.0%","","1.0%","97.5%","0.5%","0.0%","0.0%","3.0%","0.0%","0.5%"
"Delaware","Mother of Providence Regional Catholic School","Kindergarten","40","100.0%","100.0%","100.0%","100.0%","0.0%","100.0%","","","","","0.0%","0.0%","0.0%","0.0%","0.0%","0.0%"
"Delaware","Mother of Providence Regional Catholic School","7th Grade","9","","","","","","","","","","","","","","","",""
"Delaware","Nether Providence El Sch","Kindergarten","74","100.0%","100.0%","100.0%","100.0%","0.0%","100.0%","","","","","0.0%","2.7%","1.4%","0.0%","0.0%","0.0%"
"Delaware","Northley MS","7th Grade","264","98.1%","97.3%","97.7%","98.1%","0.4%","97.3%","94.7%","94.3%","","","0.0%","4.9%","0.8%","0.4%","0.0%","0.4%"
"Delaware","Norwood Sch","7th Grade","75","97.3%","97.3%","97.3%","97.3%","0.0%","97.3%","97.3%","97.3%","","","0.0%","2.7%","0.0%","0.0%","0.0%","1.3%"
"Delaware","Notre Dame Delourdes School","Kindergarten","11","","","","","","","","","","","","","","","",""
"Delaware","Notre Dame Delourdes School","7th Grade","15","","","","","","","","","","","","","","","",""
"Delaware","Our Lady of Angels Regional Catholic School","Kindergarten","36","100.0%","100.0%","100.0%","100.0%","0.0%","100.0%","","","","","0.0%","0.0%","0.0%","0.0%","0.0%","0.0%"
"Delaware","Our Lady of Angels Regional Catholic School","7th Grade","34","100.0%","100.0%","100.0%","100.0%","0.0%","100.0%","100.0%","100.0%","","","0.0%","0.0%","0.0%","0.0%","0.0%","0.0%"
"Delaware","Park Lane El Sch","Kindergarten","41","97.6%","97.6%","92.7%","100.0%","0.0%","92.7%","","","","","0.0%","0.0%","0.0%","9.8%","0.0%","9.8%"
"Delaware","Parkside El Sch","Kindergarten","37","97.3%","97.3%","97.3%","97.3%","0.0%","94.6%","","","","","0.0%","0.0%","5.4%","0.0%","0.0%","0.0%"
"Delaware","Paxon Hollow MS","7th Grade","295","97.3%","97.6%","97.6%","97.3%","0.3%","96.9%","94.2%","93.9%","","","0.7%","3.4%","1.7%","0.3%","0.0%","0.7%"
"Delaware","Penn Wood HS","12th Grade","386","98.4%","99.5%","100.0%","99.2%","0.3%","98.7%","99.2%","","68.9%","20.2%","2.6%","0.5%","1.3%","2.6%","20.7%","15.8%"
"Delaware","Penn Wood MS","7th Grade","308","93.2%","96.4%","97.7%","96.1%","0.6%","96.4%","79.5%","76.6%","","","0.0%","0.0%","0.6%","0.0%","0.0%","26.6%"
"Delaware","Penncrest HS","12th Grade","327","97.9%","98.5%","98.8%","97.9%","1.2%","97.2%","98.2%","","1.2%","94.5%","0.6%","3.1%","1.2%","0.0%","0.0%","0.0%"
"Delaware","Pennell El Sch","Kindergarten","48","93.8%","93.8%","95.8%","100.0%","0.0%","95.8%","","","","","2.1%","4.2%","2.1%","0.0%","0.0%","0.0%"
"Delaware","Phebe Anna Thorne Kindergarten","Kindergarten","10","","","","","","","","","","","","","","","",""
"Delaware","Primos El Sch","Kindergarten","89","94.4%","94.4%","94.4%","94.4%","0.0%","94.4%","","","","","0.0%","5.6%","0.0%","0.0%","0.0%","0.0%"
"Delaware","Prospect Park Sch","7th Grade","62","98.4%","98.4%","98.4%","98.4%","0.0%","98.4%","91.9%","91.9%","","","0.0%","0.0%","8.1%","0.0%","0.0%","0.0%"
"Delaware","Radnor El Sch","Kindergarten","82","100.0%","98.8%","97.6%","97.6%","0.0%","97.6%","","","","","0.0%","2.4%","0.0%","0.0%","0.0%","0.0%"
"Delaware","Radnor MS","7th Grade","278","98.2%","98.2%","98.6%","97.5%","1.1%","97.5%","96.0%","96.0%","","","0.4%","2.5%","1.1%","0.4%","0.0%","1.4%"
"Delaware","Radnor SHS","12th Grade","273","99.3%","99.3%","99.6%","99.3%","2.2%","97.8%","98.9%","","1.1%","96.0%","0.4%","1.5%","2.2%","0.0%","0.0%","0.0%"
"Delaware","Richardson MS","7th Grade","360","97.2%","97.2%","98.9%","99.2%","0.0%","99.4%","99.2%","99.2%","","","0.0%","1.7%","1.1%","0.0%","0.0%","0.0%"
"Delaware","Ridley HS","12th Grade","499","98.8%","98.8%","98.2%","98.8%","0.0%","98.4%","98.0%","","0.0%","97.8%","0.0%","0.0%","4.0%","0.2%","0.0%","0.0%"
"Delaware","Ridley MS","7th Grade","426","99.1%","99.1%","99.1%","99.1%","0.0%","99.1%","98.4%","98.4%","","","0.0%","2.1%","0.0%","0.2%","0.0%","2.1%"
"Delaware","River Rock Academy","7th Grade","1","","","","","","","","","","","","","","","",""
"Delaware","River Rock Academy","12th Grade","3","","","","","","","","","","","","","","","",""
"Delaware","Rose Tree El Sch","Kindergarten","61","93.4%","93.4%","91.8%","95.1%","0.0%","91.8%","","","","","0.0%","8.2%","0.0%","0.0%","0.0%","0.0%"
"Delaware","Russell El Sch","Kindergarten","32","100.0%","100.0%","100.0%","100.0%","0.0%","100.0%","","","","","0.0%","0.0%","0.0%","0.0%","0.0%","0.0%"
"Delaware","STEM at Showalter","12th Grade","123","99.2%","99.2%","99.2%","99.2%","0.0%","99.2%","95.1%","","58.5%","41.5%","0.0%","0.0%","0.8%","0.0%","0.0%","58.5%"
"Delaware","Sacred Heart Academy Bryn Mawr","Kindergarten","7","","","","","","","","","","","","","","","",""
"Delaware","Sacred Heart Academy Bryn Mawr","7th Grade","4","","","","","","","","","","","","","","","",""
"Delaware","Sacred Heart Academy Bryn Mawr","12th Grade","29","100.0%","100.0%","100.0%","100.0%","0.0%","100.0%","100.0%","","0.0%","100.0%","0.0%","0.0%","0.0%","0.0%","0.0%","0.0%"
"Delaware","Sacred Heart School","Kindergarten","31","100.0%","100.0%","100.0%","100.0%","0.0%","100.0%","","","","","0.0%","0.0%","0.0%","0.0%","0.0%","0.0%"
"Delaware","Sacred Heart School","7th Grade","9","","","","","","","","","","","","","","","",""
"Delaware","School in Rose Valley","Kindergarten","28","89.3%","89.3%","89.3%","89.3%","0.0%","89.3%","","","","","0.0%","3.6%","7.1%","0.0%","0.0%","0.0%"
"Delaware","Sharon Hill Sch","7th Grade","79","89.9%","91.1%","91.1%","91.1%","0.0%","91.1%","75.9%","74.7%","","","0.0%","0.0%","1.3%","0.0%","0.0%","24.1%"
"Delaware","Southeast Delco Kindergarten Center","Kindergarten","238","85.7%","87.4%","88.7%","93.3%","0.4%","85.7%","","","","","0.4%","2.5%","0.4%","0.0%","0.0%","15.1%"
"Delaware","Springfield HS","12th Grade","331","99.4%","99.4%","99.4%","99.4%","0.0%","99.4%","97.3%","","2.1%","97.3%","0.0%","0.0%","2.7%","0.0%","0.0%","0.0%"
"Delaware","Springfield Literacy Center","Kindergarten","231","97.0%","97.0%","97.0%","97.0%","0.0%","97.0%","","","","","0.0%","0.9%","2.2%","0.0%","0.0%","0.0%"
"Delaware","Springton Lake MS","7th Grade","361","98.9%","98.9%","98.9%","98.9%","0.8%","98.9%","97.2%","97.2%","","","0.0%","0.0%","3.0%","3.0%","0.0%","0.0%"
"Delaware","St Aloysius Academy","Kindergarten","16","","","","","","","","","","","","","","","",""
"Delaware","St Aloysius Academy","7th Grade","20","100.0%","100.0%","100.0%","100.0%","0.0%","100.0%","100.0%","95.0%","","","0.0%","0.0%","0.0%","5.0%","0.0%","0.0%"
"Delaware","St Anastasia School","Kindergarten","66","98.5%","98.5%","98.5%","98.5%","0.0%","98.5%","","","","","1.5%","0.0%","0.0%","0.0%","0.0%","0.0%"
"Delaware","St Anastasia School","7th Grade","39","100.0%","100.0%","100.0%","100.0%","0.0%","100.0%","100.0%","100.0%","","","0.0%","0.0%","0.0%","0.0%","0.0%","0.0%"
"Delaware","St Andrew School","Kindergarten","27","100.0%","100.0%","100.0%","100.0%","0.0%","100.0%","","","","","0.0%","0.0%","0.0%","0.0%","0.0%","0.0%"
"Delaware","St Andrew School","7th Grade","46","100.0%","100.0%","100.0%","100.0%","0.0%","100.0%","93.5%","93.5%","","","0.0%","0.0%","0.0%","6.5%","0.0%","0.0%"
"Delaware","St Bernadette School","Kindergarten","43","97.7%","97.7%","97.7%","100.0%","0.0%","95.3%","","","","","0.0%","0.0%","0.0%","4.7%","0.0%","0.0%"
"Delaware","St Bernadette School","7th Grade","25","100.0%","100.0%","100.0%","100.0%","0.0%","100.0%","96.0%","96.0%","","","0.0%","0.0%","0.0%","4.0%","0.0%","0.0%"
"Delaware","St Cyril Alexandria School","Kindergarten","23","100.0%","100.0%","100.0%","100.0%","0.0%","100.0%","","","","","0.0%","0.0%","0.0%","0.0%","0.0%","0.0%"
"Delaware","St Cyril Alexandria School","7th Grade","23","100.0%","100.0%","100.0%","100.0%","0.0%","100.0%","100.0%","100.0%","","","0.0%","0.0%","0.0%","0.0%","0.0%","0.0%"
"Delaware","St Davids Episcopal Day School","Kindergarten","12","","","","","","","","","","","","","","","",""
"Delaware","St Dorothy School","Kindergarten","45","100.0%","100.0%","100.0%","100.0%","0.0%","100.0%","","","","","0.0%","0.0%","0.0%","0.0%","0.0%","0.0%"
"Delaware","St Dorothy School","7th Grade","33","100.0%","100.0%","100.0%","100.0%","0.0%","100.0%","97.0%","97.0%","","","3.0%","0.0%","0.0%","0.0%","0.0%","0.0%"
"Delaware","St Eugene School","Kindergarten","8","","","","","","","","","","","","","","","",""
"Delaware","St Eugene School","7th Grade","25","100.0%","100.0%","100.0%","100.0%","0.0%","100.0%","100.0%","100.0%","","","0.0%","0.0%","0.0%","0.0%","0.0%","0.0%"
"Delaware","St Francis of Assisi School","Kindergarten","41","68.3%","68.3%","68.3%","68.3%","0.0%","68.3%","","","","","0.0%","0.0%","0.0%","0.0%","0.0%","31.7%"
"Delaware","St Francis of Assisi School","7th Grade","27","100.0%","100.0%","100.0%","100.0%","0.0%","100.0%","96.3%","96.3%","","","0.0%","0.0%","0.0%","0.0%","0.0%","3.7%"
"Delaware","St James Regional Catholic School","Kindergarten","30","100.0%","100.0%","100.0%","100.0%","0.0%","100.0%","","","","","0.0%","0.0%","0.0%","0.0%","0.0%","0.0%"
"Delaware","St James Regional Catholic School","7th Grade","28","100.0%","100.0%","100.0%","100.0%","0.0%","100.0%","100.0%","100.0%","","","0.0%","0.0%","0.0%","0.0%","0.0%","0.0%"
"Delaware","St Katharine of Siena","Kindergarten","52","88.5%","88.5%","88.5%","88.5%","0.0%","88.5%","","","","","0.0%","0.0%","1.9%","0.0%","9.6%","9.6%"
"Delaware","St Katharine of Siena","7th Grade","28","100.0%","96.4%","96.4%","96.4%","3.6%","96.4%","82.1%","78.6%","","","0.0%","0.0%","0.0%","0.0%","21.4%","21.4%"
"Delaware","St Katherine Day Sch -Upper","12th Grade","9","","","","","","","","","","","","","","","",""
"Delaware","St Laurence School","Kindergarten","48","100.0%","100.0%","100.0%","100.0%","0.0%","100.0%","","","","","0.0%","0.0%","0.0%","2.1%","0.0%","0.0%"
"Delaware","St Laurence School","7th Grade","43","100.0%","100.0%","100.0%","100.0%","0.0%","100.0%","100.0%","100.0%","","","0.0%","0.0%","0.0%","0.0%","0.0%","0.0%"
"Delaware","St Marks Christian Kindergarten","Kindergarten","17","","","","","","","","","","","","","","","",""
"Delaware","St Mary Magdalen School","Kindergarten","48","97.9%","97.9%","93.8%","97.9%","0.0%","97.9%","","","","","0.0%","0.0%","2.1%","8.3%","0.0%","0.0%"
"Delaware","St Mary Magdalen School","7th Grade","27","100.0%","100.0%","96.3%","96.3%","0.0%","96.3%","96.3%","96.3%","","","0.0%","0.0%","3.7%","0.0%","0.0%","0.0%"
"Delaware","St Pius X School","Kindergarten","49","98.0%","98.0%","98.0%","100.0%","0.0%","98.0%","","","","","2.0%","0.0%","0.0%","0.0%","0.0%","0.0%"
"Delaware","St Pius X School","7th Grade","35","100.0%","100.0%","100.0%","97.1%","0.0%","100.0%","100.0%","100.0%","","","0.0%","2.9%","0.0%","0.0%","0.0%","0.0%"
"Delaware","Stetser El Sch","Kindergarten","35","91.4%","85.7%","85.7%","94.3%","0.0%","85.7%","","","","","0.0%","0.0%","5.7%","0.0%","0.0%","8.6%"
"Delaware","Stratford Friends School","7th Grade","12","","","","","","","","","","","","","","","",""
"Delaware","Strath Haven HS","12th Grade","267","100.0%","99.3%","99.3%","99.3%","0.0%","99.3%","99.6%","","0.0%","92.1%","0.4%","0.4%","0.4%","0.4%","0.0%","7.9%"
"Delaware","Strath Haven MS","7th Grade","297","100.0%","100.0%","100.0%","100.0%","0.0%","100.0%","99.0%","98.7%","","","0.0%","1.3%","0.7%","0.7%","0.0%","0.7%"
"Delaware","Sts Colman-John Neumann","Kindergarten","48","97.9%","97.9%","97.9%","100.0%","0.0%","97.9%","","","","","2.1%","0.0%","0.0%","0.0%","0.0%","0.0%"
"Delaware","Sts Colman-John Neumann","7th Grade","38","100.0%","100.0%","100.0%","100.0%","0.0%","100.0%","94.7%","94.7%","","","5.3%","0.0%","0.0%","0.0%","0.0%","0.0%"
"Delaware","Sun Valley HS","12th Grade","240","99.6%","98.3%","99.6%","99.6%","0.4%","98.8%","99.6%","","0.0%","97.9%","0.4%","2.5%","0.4%","0.0%","0.0%","0.0%"
"Delaware","Swarthmore-Rutledge Sch","Kindergarten","80","98.8%","98.8%","98.8%","98.8%","0.0%","98.8%","","","","","0.0%","0.0%","1.2%","0.0%","0.0%","0.0%"
"Delaware","Talk School","Kindergarten","1","","","","","","","","","","","","","","","",""
"Delaware","Talk School","7th Grade","1","","","","","","","","","","","","","","","",""
"Delaware","Talk School","12th Grade","1","","","","","","","","","","","","","","","",""
"Delaware","Tinicum Sch","7th Grade","42","95.2%","95.2%","95.2%","95.2%","0.0%","95.2%","95.2%","95.2%","","","0.0%","2.4%","0.0%","2.4%","0.0%","0.0%"
"Delaware","Toby Farms Intermediate School","7th Grade","116","73.3%","73.3%","66.4%","75.0%","0.0%","67.2%","34.5%","37.9%","","","0.0%","0.0%","0.0%","0.0%","0.0%","65.5%"
"Delaware","Upper Darby Kdg Ctr","Kindergarten","477","96.0%","96.6%","95.8%","97.3%","0.0%","95.8%","","","","","0.2%","3.1%","0.0%","2.3%","0.0%","0.0%"
"Delaware","Upper Darby SHS","12th Grade","1,018","92.3%","97.7%","98.9%","98.2%","2.1%","97.0%","98.3%","","6.8%","88.1%","0.3%","5.1%","0.0%","2.7%","0.6%","0.0%"
"Delaware","Valley Forge Military Academy","7th Grade","7","","","","","","","","","","","","","","","",""
"Delaware","Valley Forge Military Academy","12th Grade","24","100.0%","100.0%","100.0%","100.0%","12.5%","87.5%","100.0%","","4.2%","95.8%","0.0%","0.0%","0.0%","4.2%","0.0%","0.0%"
"Delaware","Vision Academy CS","Kindergarten","72","97.2%","97.2%","98.6%","98.6%","0.0%","98.6%","","","","","0.0%","1.4%","0.0%","0.0%","0.0%","1.4%"
"Delaware","Vision Academy CS","7th Grade","48","100.0%","100.0%","100.0%","100.0%","0.0%","100.0%","93.8%","93.8%","","","0.0%","0.0%","0.0%","0.0%","0.0%","6.2%"
"Delaware","Vision Academy CS of Excellence","Kindergarten","48","87.5%","87.5%","87.5%","87.5%","0.0%","87.5%","","","","","0.0%","2.1%","10.4%","0.0%","0.0%","0.0%"
"Delaware","W B Evans Magnet Sch","Kindergarten","58","91.4%","89.7%","94.8%","93.1%","0.0%","93.1%","","","","","0.0%","6.9%","0.0%","3.4%","0.0%","0.0%"
"Delaware","Walden School","Kindergarten","26","100.0%","96.2%","96.2%","100.0%","0.0%","96.2%","","","","","3.8%","0.0%","0.0%","0.0%","0.0%","0.0%"
"Delaware","Wallingford El Sch","Kindergarten","66","100.0%","100.0%","100.0%","100.0%","0.0%","100.0%","","","","","0.0%","0.0%","0.0%","0.0%","0.0%","0.0%"
"Delaware","Walnut Street El Sch","Kindergarten","55","94.5%","94.5%","98.2%","98.2%","0.0%","98.2%","","","","","1.8%","0.0%","0.0%","0.0%","0.0%","3.6%"
"Delaware","Wayne El Sch","Kindergarten","57","98.2%","98.2%","98.2%","98.2%","0.0%","98.2%","","","","","0.0%","1.8%","0.0%","0.0%","0.0%","0.0%"
"Delaware","Westbrook Park El Sch","Kindergarten","50","98.0%","96.0%","94.0%","96.0%","0.0%","94.0%","","","","","0.0%","6.0%","0.0%","6.0%","0.0%","0.0%"
"Delaware","Woodlyn El Sch","Kindergarten","38","89.5%","89.5%","89.5%","89.5%","0.0%","89.5%","","","","","0.0%","0.0%","5.3%","5.3%","0.0%","0.0%"
"Delaware","Worrall El Sch","Kindergarten","47","97.9%","97.9%","97.9%","97.9%","0.0%","97.9%","","","","","0.0%","0.0%","2.1%","0.0%","0.0%","0.0%"
"Elk","Elk County Catholic","12th Grade","41","97.6%","97.6%","97.6%","97.6%","0.0%","95.1%","97.6%","","0.0%","87.8%","2.4%","12.2%","0.0%","0.0%","0.0%","0.0%"
"Elk","Fox Twp El Sch","Kindergarten","39","97.4%","92.3%","92.3%","94.9%","0.0%","92.3%","","","","","0.0%","2.6%","5.1%","0.0%","0.0%","0.0%"
"Elk","Francis S Grandinetti El Sch","Kindergarten","73","89.0%","89.0%","90.4%","91.8%","0.0%","89.0%","","","","","0.0%","0.0%","11.0%","1.4%","0.0%","0.0%"
"Elk","Johnsonburg Area El Sch","Kindergarten","30","93.3%","93.3%","93.3%","93.3%","0.0%","93.3%","","","","","0.0%","3.3%","0.0%","0.0%","0.0%","3.3%"
"Elk","Johnsonburg Area HS","7th Grade","41","100.0%","100.0%","100.0%","100.0%","0.0%","100.0%","97.6%","97.6%","","","0.0%","0.0%","0.0%","0.0%","0.0%","2.4%"
"Elk","Johnsonburg Area HS","12th Grade","52","100.0%","100.0%","100.0%","100.0%","0.0%","100.0%","100.0%","","0.0%","92.3%","1.9%","0.0%","1.9%","0.0%","0.0%","3.8%"
"Elk","Ridgway Area HS","12th Grade","51","98.0%","98.0%","98.0%","98.0%","0.0%","98.0%","98.0%","","2.0%","96.1%","0.0%","0.0%","3.9%","0.0%","0.0%","0.0%"
"Elk","Ridgway Area MS","7th Grade","74","98.6%","98.6%","98.6%","97.3%","0.0%","98.6%","94.6%","94.6%","","","1.4%","0.0%","5.4%","0.0%","0.0%","1.4%"
"Elk","South St Marys Street El Sch","Kindergarten","86","96.5%","96.5%","95.3%","96.5%","0.0%","95.3%","","","","","0.0%","4.7%","0.0%","0.0%","0.0%","0.0%"
"Elk","St Leo School","Kindergarten","6","","","","","","","","","","","","","","","",""
"Elk","St Leo School","7th Grade","6","","","","","","","","","","","","","","","",""
"Elk","St Marys Area MS","7th Grade","144","97.9%","97.9%","100.0%","100.0%","0.0%","100.0%","97.9%","97.9%","","","0.0%","1.4%","0.7%","0.0%","0.0%","0.0%"
"Elk","St Marys Area SHS","12th Grade","130","97.7%","98.5%","100.0%","100.0%","2.3%","97.7%","96.9%","","0.8%","92.3%","0.8%","0.8%","6.2%","0.8%","0.0%","1.5%"
"Elk","St Marys Catholic Elem School","Kindergarten","40","100.0%","97.5%","92.5%","100.0%","0.0%","92.5%","","","","","0.0%","10.0%","0.0%","0.0%","0.0%","0.0%"
"Elk","St Marys Catholic Middle School","7th Grade","44","100.0%","100.0%","100.0%","100.0%","0.0%","100.0%","95.5%","95.5%","","","0.0%","4.5%","0.0%","0.0%","0.0%","0.0%"
"Erie","Asbury El Sch","Kindergarten","65","93.8%","95.4%","96.9%","96.9%","0.0%","96.9%","","","","","0.0%","1.5%","1.5%","3.1%","0.0%","0.0%"
"Erie","Belle Valley El Sch","Kindergarten","115","92.2%","93.0%","93.0%","93.0%","0.0%","93.9%","","","","","0.0%","7.8%","0.0%","0.0%","0.0%","0.0%"
"Erie","Bethel Christian School of Erie","Kindergarten","17","","","","","","","","","","","","","","","",""
"Erie","Bethel Christian School of Erie","7th Grade","13","","","","","","","","","","","","","","","",""
"Erie","Bethel Christian School of Erie","12th Grade","5","","","","","","","","","","","","","","","",""
"Erie","Cathedral Preparatory School","12th Grade","135","96.3%","96.3%","96.3%","96.3%","0.0%","96.3%","96.3%","","0.0%","95.6%","0.0%","3.0%","1.5%","0.0%","0.0%","0.0%"
"Erie","Chestnut Hill El Sch","Kindergarten","61","100.0%","100.0%","100.0%","100.0%","0.0%","100.0%","","","","","0.0%","0.0%","0.0%","0.0%","0.0%","0.0%"
"Erie","Clark El Sch","Kindergarten","46","95.7%","95.7%","95.7%","95.7%","0.0%","95.7%","","","","","0.0%","2.2%","2.2%","0.0%","0.0%","0.0%"
"Erie","Community Country Day School","7th Grade","10","","","","","","","","","","","","","","","",""
"Erie","Community Country Day School","12th Grade","8","","","","","","","","","","","","","","","",""
"Erie","Corry Alliance Academy","Kindergarten","7","","","","","","","","","","","","","","","",""
"Erie","Corry Area HS","12th Grade","143","96.5%","95.8%","96.5%","97.2%","0.0%","96.5%","95.8%","","0.0%","90.9%","0.7%","3.5%","5.6%","0.7%","0.0%","0.7%"
"Erie","Corry Area MS","7th Grade","142","97.2%","96.5%","95.8%","96.5%","0.0%","95.8%","85.9%","85.9%","","","3.5%","5.6%","7.0%","2.1%","0.0%","2.1%"
"Erie","Corry Area Primary Sch","Kindergarten","102","99.0%","98.0%","99.0%","98.0%","0.0%","98.0%","","","","","1.0%","3.9%","0.0%","0.0%","0.0%","0.0%"
"Erie","Diehl Sch","Kindergarten","83","92.8%","94.0%","94.0%","94.0%","1.2%","94.0%","","","","","0.0%","2.4%","1.2%","3.6%","0.0%","0.0%"
"Erie","Dr Gertrude A Barber Center","Kindergarten","2","","","","","","","","","","","","","","","",""
"Erie","Dr Gertrude A Barber Center","7th Grade","13","","","","","","","","","","","","","","","",""
"Erie","Dr Gertrude A Barber Center","12th Grade","21","90.5%","85.7%","100.0%","100.0%","0.0%","100.0%","95.2%","","9.5%","90.5%","4.8%","0.0%","4.8%","9.5%","0.0%","0.0%"
"Erie","East MS","7th Grade","196","98.5%","99.0%","99.0%","98.5%","7.7%","91.3%","94.4%","94.9%","","","1.5%","2.0%","3.1%","0.0%","0.0%","0.0%"
"Erie","Edinboro El Sch","Kindergarten","89","92.1%","92.1%","92.1%","93.3%","0.0%","92.1%","","","","","0.0%","5.6%","1.1%","1.1%","0.0%","0.0%"
"Erie","Edison El Sch","Kindergarten","56","85.7%","87.5%","85.7%","91.1%","0.0%","85.7%","","","","","3.6%","7.1%","3.6%","1.8%","0.0%","0.0%"
"Erie","Elk Valley El Sch","Kindergarten","86","93.0%","93.0%","93.0%","93.0%","0.0%","93.0%","","","","","0.0%","1.2%","5.8%","0.0%","0.0%","0.0%"
"Erie","Erie Day School","Kindergarten","13","","","","","","","","","","","","","","","",""
"Erie","Erie Day School","7th Grade","18","","","","","","","","","","","","","","","",""
"Erie","Erie First Christian Academy","Kindergarten","13","","","","","","","","","","","","","","","",""
"Erie","Erie First Christian Academy","7th Grade","16","","","","","","","","","","","","","","","",""
"Erie","Erie First Christian Academy","12th Grade","16","","","","","","","","","","","","","","","",""
"Erie","Erie HS","12th Grade","295","98.3%","91.9%","98.3%","98.0%","7.5%","90.8%","97.6%","","10.8%","82.0%","0.3%","4.7%","1.0%","2.0%","0.0%","2.0%"
"Erie","Erie Preparatory Academy","12th Grade","22","86.4%","68.2%","72.7%","81.8%","0.0%","54.5%","50.0%","","4.5%","36.4%","0.0%","0.0%","0.0%","0.0%","0.0%","72.7%"
"Erie","Fairview El Sch","Kindergarten","128","92.2%","92.2%","91.4%","92.2%","0.0%","90.6%","","","","","0.0%","0.0%","7.8%","1.6%","0.0%","0.0%"
"Erie","Fairview HS","12th Grade","163","92.6%","90.8%","92.0%","90.8%","1.8%","90.2%","90.2%","","0.0%","87.7%","0.6%","5.5%","9.2%","0.0%","0.0%","0.0%"
"Erie","Fairview MS","7th Grade","173","94.2%","94.2%","94.8%","92.5%","1.7%","91.9%","93.6%","93.6%","","","0.6%","2.3%","4.6%","0.0%","0.0%","0.6%"
"Erie","Fort LeBoeuf MS","7th Grade","146","97.3%","96.6%","97.3%","97.9%","0.0%","97.3%","91.8%","89.7%","","","0.0%","4.8%","5.5%","0.0%","0.0%","0.0%"
"Erie","Fort LeBoeuf SHS","12th Grade","191","98.4%","97.4%","98.4%","98.4%","1.0%","97.9%","97.9%","","0.0%","93.2%","1.0%","4.2%","4.2%","0.0%","0.0%","0.0%"
"Erie","General McLane HS","12th Grade","172","95.9%","95.9%","96.5%","96.5%","0.0%","95.9%","95.9%","","2.9%","92.4%","0.0%","6.4%","2.3%","0.0%","0.0%","0.0%"
"Erie","Girard HS","12th Grade","133","97.7%","97.7%","97.7%","98.5%","0.0%","97.0%","97.7%","","0.8%","95.5%","1.5%","0.8%","3.0%","0.0%","0.0%","0.0%"
"Erie","Grandview El Sch","Kindergarten","107","92.5%","92.5%","91.6%","94.4%","0.0%","91.6%","","","","","0.0%","4.7%","2.8%","0.9%","0.0%","0.0%"
"Erie","Grover Cleveland El Sch","Kindergarten","98","92.9%","92.9%","92.9%","95.9%","0.0%","92.9%","","","","","2.0%","0.0%","5.1%","2.0%","0.0%","2.0%"
"Erie","Harbor Creek Junior HS","7th Grade","158","98.1%","98.1%","98.1%","98.1%","0.0%","97.5%","94.3%","94.9%","","","0.6%","4.4%","1.9%","0.0%","0.0%","0.0%"
"Erie","Harbor Creek Senior HS","12th Grade","149","98.0%","98.7%","98.7%","98.7%","0.7%","98.0%","98.7%","","0.0%","97.3%","0.7%","0.0%","2.0%","0.0%","0.0%","0.0%"
"Erie","Harborcreek Youth Services","7th Grade","5","","","","","","","","","","","","","","","",""
"Erie","Harborcreek Youth Services","12th Grade","3","","","","","","","","","","","","","","","",""
"Erie","Harding Sch","Kindergarten","101","93.1%","93.1%","93.1%","93.1%","4.0%","89.1%","","","","","1.0%","3.0%","3.0%","1.0%","0.0%","0.0%"
"Erie","Iroquois El Sch","Kindergarten","71","93.0%","93.0%","93.0%","93.0%","0.0%","93.0%","","","","","1.4%","2.8%","2.8%","0.0%","0.0%","0.0%"
"Erie","Iroquois JSHS","7th Grade","87","89.7%","88.5%","92.0%","93.1%","0.0%","92.0%","83.9%","83.9%","","","0.0%","1.1%","0.0%","0.0%","0.0%","16.1%"
"Erie","Iroquois JSHS","12th Grade","94","96.8%","95.7%","98.9%","97.9%","0.0%","97.9%","95.7%","","24.5%","72.3%","0.0%","4.3%","0.0%","0.0%","0.0%","12.8%"
"Erie","James S Wilson MS","7th Grade","182","97.3%","97.3%","97.3%","97.3%","1.6%","94.5%","95.1%","95.6%","","","0.0%","3.3%","0.5%","0.0%","0.0%","1.1%"
"Erie","James W Parker MS","7th Grade","163","95.7%","93.9%","95.1%","95.7%","0.6%","95.1%","93.9%","93.9%","","","1.2%","5.5%","1.2%","0.0%","0.0%","0.0%"
"Erie","Jefferson El Sch","Kindergarten","58","82.8%","82.8%","84.5%","84.5%","3.4%","81.0%","","","","","0.0%","10.3%","3.4%","3.4%","0.0%","0.0%"
"Erie","JoAnna Connell Sch","Kindergarten","94","94.7%","95.7%","94.7%","100.0%","0.0%","94.7%","","","","","1.1%","1.1%","2.1%","1.1%","0.0%","0.0%"
"Erie","Klein El Sch","Kindergarten","25","96.0%","96.0%","96.0%","96.0%","0.0%","96.0%","","","","","0.0%","0.0%","4.0%","0.0%","0.0%","0.0%"
"Erie","Leadership Christian Academy","Kindergarten","6","","","","","","","","","","","","","","","",""
"Erie","Leadership Christian Academy","7th Grade","10","","","","","","","","","","","","","","","",""
"Erie","Lincoln El Sch","Kindergarten","57","87.7%","87.7%","87.7%","93.0%","1.8%","86.0%","","","","","1.8%","8.8%","1.8%","0.0%","0.0%","1.8%"
"Erie","Luther Memorial Academy","Kindergarten","12","","","","","","","","","","","","","","","",""
"Erie","Luther Memorial Academy","7th Grade","16","","","","","","","","","","","","","","","",""
"Erie","McDowell HS","12th Grade","569","97.9%","98.1%","98.4%","97.9%","0.0%","97.9%","97.9%","","0.9%","97.7%","0.5%","1.1%","4.2%","0.9%","0.0%","0.2%"
"Erie","McKean El Sch","Kindergarten","63","93.7%","93.7%","93.7%","96.8%","0.0%","93.7%","","","","","0.0%","3.2%","1.6%","0.0%","0.0%","1.6%"
"Erie","McKinley El Sch","Kindergarten","87","94.3%","95.4%","97.7%","97.7%","2.3%","95.4%","","","","","0.0%","2.3%","0.0%","4.6%","0.0%","0.0%"
"Erie","Mercyhurst Preparatory School","12th Grade","97","92.8%","92.8%","92.8%","92.8%","0.0%","92.8%","92.8%","","68.0%","0.0%","1.0%","4.1%","2.1%","0.0%","0.0%","24.7%"
"Erie","Mill Village El Sch","Kindergarten","16","","","","","","","","","","","","","","","",""
"Erie","Montessori Regional CS","Kindergarten","67","95.5%","95.5%","95.5%","95.5%","0.0%","95.5%","","","","","0.0%","4.5%","0.0%","0.0%","0.0%","0.0%"
"Erie","Montessori Regional CS","7th Grade","64","82.8%","82.8%","82.8%","82.8%","1.6%","81.2%","78.1%","79.7%","","","0.0%","15.6%","1.6%","0.0%","0.0%","4.7%"
"Erie","Mother Teresa Academy","Kindergarten","18","","","","","","","","","","","","","","","",""
"Erie","Mother Teresa Academy","7th Grade","19","","","","","","","","","","","","","","","",""
"Erie","North East El Sch","Kindergarten","84","92.9%","92.9%","94.0%","95.2%","0.0%","94.0%","","","","","0.0%","2.4%","3.6%","1.2%","0.0%","0.0%"
"Erie","North East HS","12th Grade","118","99.2%","99.2%","99.2%","99.2%","0.0%","99.2%","99.2%","","0.0%","94.1%","0.0%","0.0%","5.9%","0.0%","0.0%","0.0%"
"Erie","North East MS","7th Grade","119","94.1%","94.1%","94.1%","94.1%","0.0%","94.1%","91.6%","92.4%","","","0.8%","0.8%","6.7%","0.0%","0.0%","0.0%"
"Erie","Northwest PA Collegiate Academy","12th Grade","188","97.3%","97.3%","96.8%","97.3%","0.5%","96.3%","96.8%","","2.7%","90.4%","3.7%","1.6%","2.7%","1.1%","0.0%","0.0%"
"Erie","Northwestern El Sch","Kindergarten","46","100.0%","100.0%","100.0%","100.0%","0.0%","100.0%","","","","","0.0%","0.0%","0.0%","0.0%","0.0%","0.0%"
"Erie","Northwestern MS","7th Grade","91","100.0%","100.0%","100.0%","100.0%","0.0%","100.0%","95.6%","95.6%","","","0.0%","4.4%","2.2%","0.0%","0.0%","1.1%"
"Erie","Northwestern SHS","12th Grade","107","92.5%","92.5%","91.6%","92.5%","0.0%","92.5%","92.5%","","12.1%","77.6%","0.0%","7.5%","2.8%","0.0%","0.0%","12.1%"
"Erie","Our Lady of Peace School","Kindergarten","23","100.0%","100.0%","100.0%","100.0%","0.0%","100.0%","","","","","0.0%","0.0%","0.0%","0.0%","0.0%","0.0%"
"Erie","Our Lady of Peace School","7th Grade","41","87.8%","87.8%","87.8%","87.8%","0.0%","87.8%","87.8%","87.8%","","","0.0%","7.3%","2.4%","2.4%","0.0%","0.0%"
"Erie","Perry El Sch","Kindergarten","66","90.9%","90.9%","90.9%","90.9%","1.5%","89.4%","","","","","0.0%","9.1%","0.0%","0.0%","0.0%","0.0%"
"Erie","Perseus House CS of Excellence","7th Grade","53","100.0%","100.0%","100.0%","100.0%","9.4%","90.6%","100.0%","100.0%","","","0.0%","0.0%","0.0%","0.0%","0.0%","0.0%"
"Erie","Perseus House CS of Excellence","12th Grade","117","100.0%","100.0%","100.0%","98.3%","0.9%","99.1%","100.0%","","0.0%","99.1%","1.7%","0.0%","0.0%","0.0%","0.9%","0.0%"
"Erie","Pfeiffer-Burleigh Sch","Kindergarten","100","94.0%","96.0%","96.0%","97.0%","1.0%","96.0%","","","","","0.0%","3.0%","1.0%","3.0%","0.0%","0.0%"
"Erie","Rice Avenue MS","7th Grade","108","98.1%","98.1%","98.1%","98.1%","0.0%","98.1%","94.4%","95.4%","","","0.9%","0.9%","3.7%","0.0%","0.0%","0.0%"
"Erie","Robert Benjamin Wiley Community CS","Kindergarten","60","86.7%","86.7%","86.7%","86.7%","0.0%","86.7%","","","","","0.0%","0.0%","3.3%","0.0%","0.0%","10.0%"
"Erie","Robert Benjamin Wiley Community CS","7th Grade","68","100.0%","100.0%","100.0%","100.0%","0.0%","100.0%","70.6%","70.6%","","","0.0%","0.0%","0.0%","0.0%","0.0%","29.4%"
"Erie","Robison El Sch","Kindergarten","54","92.6%","92.6%","92.6%","94.4%","0.0%","92.6%","","","","","0.0%","5.6%","1.9%","1.9%","0.0%","0.0%"
"Erie","Rolling Ridge El Sch","Kindergarten","47","93.6%","93.6%","93.6%","93.6%","0.0%","93.6%","","","","","0.0%","0.0%","6.4%","0.0%","0.0%","0.0%"
"Erie","Saint Jude School","Kindergarten","17","","","","","","","","","","","","","","","",""
"Erie","Saint Jude School","7th Grade","23","100.0%","100.0%","100.0%","100.0%","0.0%","100.0%","100.0%","91.3%","","","0.0%","0.0%","4.3%","0.0%","0.0%","4.3%"
"Erie","Sarah A Reed Child Ctr","7th Grade","3","","","","","","","","","","","","","","","",""
"Erie","Seneca HS","12th Grade","95","97.9%","97.9%","97.9%","97.9%","3.2%","94.7%","97.9%","","1.1%","90.5%","0.0%","4.2%","2.1%","1.1%","0.0%","1.1%"
"Erie","South Hills Child Development Center, Inc.","Kindergarten","9","","","","","","","","","","","","","","","",""
"Erie","Springfield El Sch","Kindergarten","36","97.2%","97.2%","97.2%","97.2%","0.0%","97.2%","","","","","0.0%","2.8%","0.0%","0.0%","0.0%","0.0%"
"Erie","St George School","Kindergarten","38","100.0%","100.0%","100.0%","100.0%","0.0%","100.0%","","","","","0.0%","0.0%","0.0%","0.0%","0.0%","0.0%"
"Erie","St George School","7th Grade","47","95.7%","95.7%","95.7%","95.7%","0.0%","95.7%","95.7%","95.7%","","","0.0%","2.1%","2.1%","0.0%","0.0%","0.0%"
"Erie","St Gregory School","Kindergarten","8","","","","","","","","","","","","","","","",""
"Erie","St Gregory School","7th Grade","9","","","","","","","","","","","","","","","",""
"Erie","St James School","Kindergarten","23","100.0%","100.0%","100.0%","100.0%","0.0%","100.0%","","","","","0.0%","0.0%","0.0%","0.0%","0.0%","0.0%"
"Erie","St Luke School","Kindergarten","25","92.0%","92.0%","92.0%","92.0%","0.0%","92.0%","","","","","0.0%","4.0%","0.0%","0.0%","0.0%","4.0%"
"Erie","St Luke School","7th Grade","25","92.0%","92.0%","92.0%","92.0%","0.0%","92.0%","92.0%","92.0%","","","0.0%","8.0%","0.0%","0.0%","0.0%","0.0%"
"Erie","Strong Vincent MS","7th Grade","225","97.8%","97.3%","97.3%","96.9%","3.1%","94.7%","95.6%","95.6%","","","0.0%","3.6%","0.0%","1.3%","0.0%","0.0%"
"Erie","Tracy El Sch","Kindergarten","84","98.8%","98.8%","97.6%","100.0%","0.0%","97.6%","","","","","1.2%","1.2%","1.2%","0.0%","0.0%","1.2%"
"Erie","Union City El Sch","Kindergarten","57","93.0%","93.0%","96.5%","96.5%","0.0%","96.5%","","","","","0.0%","5.3%","1.8%","1.8%","0.0%","0.0%"
"Erie","Union City HS","12th Grade","79","96.2%","97.5%","97.5%","98.7%","1.3%","97.5%","94.9%","","0.0%","94.9%","1.3%","2.5%","3.8%","0.0%","0.0%","0.0%"
"Erie","Union City MS","7th Grade","74","93.2%","94.6%","94.6%","95.9%","0.0%","94.6%","91.9%","91.9%","","","0.0%","4.1%","4.1%","0.0%","0.0%","0.0%"
"Erie","Walnut Creek MS","7th Grade","149","97.3%","96.6%","98.0%","97.3%","2.7%","96.0%","94.6%","94.6%","","","0.0%","3.4%","2.0%","0.7%","0.0%","0.0%"
"Erie","Waterford El Sch","Kindergarten","52","98.1%","98.1%","96.2%","98.1%","0.0%","98.1%","","","","","0.0%","1.9%","1.9%","0.0%","0.0%","0.0%"
"Erie","Wattsburg Area El Ctr","Kindergarten","74","86.5%","86.5%","86.5%","89.2%","0.0%","87.8%","","","","","0.0%","6.8%","6.8%","1.4%","0.0%","0.0%"
"Erie","Wattsburg Area MS","7th Grade","107","92.5%","92.5%","91.6%","92.5%","0.9%","91.6%","91.6%","91.6%","","","0.0%","4.7%","3.7%","0.0%","0.0%","0.0%"
"Erie","Westlake MS","7th Grade","141","95.7%","92.2%","95.7%","96.5%","0.0%","96.5%","88.7%","91.5%","","","0.7%","2.8%","5.7%","0.0%","0.0%","2.1%"
"Erie","Woodrow Wilson MS","7th Grade","244","100.0%","100.0%","98.4%","99.6%","2.5%","91.0%","94.7%","100.0%","","","0.4%","2.0%","0.8%","3.3%","0.8%","0.4%"
"Fayette","A G Montessori School","Kindergarten","10","","","","","","","","","","","","","","","",""
"Fayette","A L Wilson El Sch","Kindergarten","44","100.0%","100.0%","100.0%","100.0%","0.0%","100.0%","","","","","0.0%","0.0%","0.0%","0.0%","0.0%","0.0%"
"Fayette","Adelphoi Education at Albert Gallatin","Kindergarten","2","","","","","","","","","","","","","","","",""
"Fayette","Adelphoi Education at Albert Gallatin","7th Grade","5","","","","","","","","","","","","","","","",""
"Fayette","Adelphoi Education at Albert Gallatin","12th Grade","6","","","","","","","","","","","","","","","",""
"Fayette","Albert Gallatin Area SHS","12th Grade","232","98.3%","98.3%","97.8%","97.8%","0.0%","97.8%","97.4%","","0.0%","94.8%","0.4%","1.7%","3.0%","0.0%","0.0%","0.0%"
"Fayette","Albert Gallatin North MS","7th Grade","126","96.8%","93.7%","97.6%","97.6%","0.0%","97.6%","93.7%","94.4%","","","2.4%","1.6%","6.3%","0.0%","0.0%","0.0%"
"Fayette","Albert Gallatin South MS","7th Grade","110","94.5%","94.5%","92.7%","94.5%","0.0%","93.6%","91.8%","91.8%","","","0.0%","2.7%","5.5%","0.0%","0.0%","0.0%"
"Fayette","Ben Franklin Sch","Kindergarten","44","93.2%","90.9%","90.9%","93.2%","0.0%","90.9%","","","","","0.0%","0.0%","6.8%","2.3%","0.0%","0.0%"
"Fayette","Ben Franklin Sch","7th Grade","94","96.8%","94.7%","96.8%","97.9%","2.1%","96.8%","95.7%","95.7%","","","0.0%","2.1%","2.1%","1.1%","0.0%","0.0%"
"Fayette","Brownsville Area El Sch","Kindergarten","117","95.7%","95.7%","95.7%","98.3%","0.0%","95.7%","","","","","0.0%","4.3%","0.0%","0.0%","0.0%","0.0%"
"Fayette","Brownsville Area HS","12th Grade","81","96.3%","96.3%","96.3%","96.3%","0.0%","96.3%","92.6%","","0.0%","87.7%","0.0%","3.7%","8.6%","0.0%","0.0%","0.0%"
"Fayette","Brownsville Area MS","7th Grade","106","97.2%","97.2%","96.2%","96.2%","0.0%","96.2%","95.3%","92.5%","","","0.9%","3.8%","2.8%","0.0%","0.0%","0.0%"
"Fayette","Bullskin El Sch","Kindergarten","78","91.0%","91.0%","91.0%","91.0%","0.0%","91.0%","","","","","1.3%","7.7%","0.0%","0.0%","0.0%","0.0%"
"Fayette","Champion Christian School","Kindergarten","6","","","","","","","","","","","","","","","",""
"Fayette","Chestnut Ridge Christian Academy","Kindergarten","14","","","","","","","","","","","","","","","",""
"Fayette","Chestnut Ridge Christian Academy","7th Grade","1","","","","","","","","","","","","","","","",""
"Fayette","Chestnut Ridge Christian Academy","12th Grade","1","","","","","","","","","","","","","","","",""
"Fayette","Clark El Sch","Kindergarten","43","88.4%","90.7%","93.0%","97.7%","0.0%","93.0%","","","","","0.0%","0.0%","14.0%","0.0%","0.0%","0.0%"
"Fayette","Connellsville Area Catholic School","Kindergarten","17","","","","","","","","","","","","","","","",""
"Fayette","Connellsville Area MS","7th Grade","299","93.6%","94.3%","93.0%","91.3%","0.0%","93.0%","94.3%","95.3%","","","0.0%","3.0%","8.4%","0.0%","0.0%","0.0%"
"Fayette","Dunbar Twp El Sch","Kindergarten","75","96.0%","96.0%","96.0%","96.0%","0.0%","96.0%","","","","","0.0%","0.0%","4.0%","0.0%","0.0%","0.0%"
"Fayette","Franklin Sch","Kindergarten","20","100.0%","90.0%","90.0%","100.0%","0.0%","90.0%","","","","","0.0%","5.0%","5.0%","0.0%","0.0%","0.0%"
"Fayette","Frazier El Sch","Kindergarten","66","97.0%","93.9%","93.9%","93.9%","0.0%","93.9%","","","","","0.0%","10.6%","0.0%","0.0%","0.0%","0.0%"
"Fayette","Frazier HS","12th Grade","86","100.0%","98.8%","100.0%","98.8%","0.0%","97.7%","97.7%","","11.6%","86.0%","0.0%","11.6%","0.0%","2.3%","0.0%","2.3%"
"Fayette","Frazier MS","7th Grade","65","100.0%","95.4%","100.0%","100.0%","0.0%","100.0%","90.8%","90.8%","","","0.0%","7.7%","0.0%","3.1%","0.0%","3.1%"
"Fayette","Friendship Hill El Sch","Kindergarten","25","84.0%","84.0%","84.0%","88.0%","0.0%","84.0%","","","","","0.0%","8.0%","8.0%","0.0%","0.0%","0.0%"
"Fayette","Geibel Catholic Junior-Senior High School","7th Grade","8","","","","","","","","","","","","","","","",""
"Fayette","Geibel Catholic Junior-Senior High School","12th Grade","25","100.0%","100.0%","100.0%","100.0%","0.0%","100.0%","100.0%","","72.0%","28.0%","0.0%","0.0%","0.0%","0.0%","0.0%","0.0%"
"Fayette","George J Plava El Sch","Kindergarten","44","95.5%","95.5%","95.5%","95.5%","0.0%","95.5%","","","","","0.0%","2.3%","2.3%","0.0%","0.0%","0.0%"
"Fayette","Hatfield El Sch","Kindergarten","57","96.5%","94.7%","94.7%","98.2%","0.0%","94.7%","","","","","1.8%","1.8%","1.8%","5.3%","0.0%","0.0%"
"Fayette","Hutchinson El Sch","Kindergarten","48","95.8%","93.8%","93.8%","95.8%","0.0%","93.8%","","","","","2.1%","0.0%","4.2%","6.2%","0.0%","0.0%"
"Fayette","Lafayette El Sch","Kindergarten","47","91.5%","93.6%","93.6%","97.9%","0.0%","93.6%","","","","","0.0%","2.1%","2.1%","4.3%","0.0%","0.0%"
"Fayette","Lafayette MS","7th Grade","57","93.0%","93.0%","93.0%","93.0%","0.0%","93.0%","89.5%","89.5%","","","0.0%","7.0%","1.8%","0.0%","0.0%","1.8%"
"Fayette","Laurel Highlands MS","7th Grade","222","98.6%","98.6%","98.6%","98.6%","98.6%","0.0%","89.2%","89.2%","","","0.0%","7.2%","2.7%","0.0%","0.0%","0.9%"
"Fayette","Laurel Highlands SHS","12th Grade","174","97.1%","97.1%","96.6%","97.1%","0.0%","96.0%","96.6%","","0.6%","82.8%","0.0%","5.7%","6.3%","0.0%","0.0%","5.7%"
"Fayette","Marclay Sch","7th Grade","39","97.4%","94.9%","97.4%","97.4%","0.0%","97.4%","82.1%","82.1%","","","0.0%","0.0%","17.9%","0.0%","0.0%","2.6%"
"Fayette","Marshall El Sch","Kindergarten","61","95.1%","95.1%","95.1%","98.4%","0.0%","95.1%","","","","","0.0%","0.0%","4.9%","0.0%","0.0%","0.0%"
"Fayette","Masontown El Sch","Kindergarten","65","93.8%","93.8%","93.8%","96.9%","0.0%","93.8%","","","","","0.0%","1.5%","4.6%","0.0%","0.0%","0.0%"
"Fayette","Menallen Sch","Kindergarten","41","90.2%","90.2%","90.2%","90.2%","0.0%","90.2%","","","","","0.0%","2.4%","7.3%","0.0%","0.0%","0.0%"
"Fayette","Mount Moriah Christian School","Kindergarten","28","96.4%","96.4%","96.4%","100.0%","0.0%","96.4%","","","","","0.0%","0.0%","3.6%","0.0%","0.0%","0.0%"
"Fayette","New Meadow Run Parochial School","Kindergarten","7","","","","","","","","","","","","","","","",""
"Fayette","New Meadow Run Parochial School","7th Grade","4","","","","","","","","","","","","","","","",""
"Fayette","Penn Highlands Connellsville Center for Autism","7th Grade","1","","","","","","","","","","","","","","","",""
"Fayette","Penn Highlands Connellsville Center for Autism","12th Grade","2","","","","","","","","","","","","","","","",""
"Fayette","Smithfield El Sch","Kindergarten","34","94.1%","97.1%","94.1%","100.0%","0.0%","94.1%","","","","","0.0%","2.9%","2.9%","0.0%","0.0%","0.0%"
"Fayette","Spring Valley School","Kindergarten","8","","","","","","","","","","","","","","","",""
"Fayette","Spring Valley School","7th Grade","4","","","","","","","","","","","","","","","",""
"Fayette","Springfield El Sch","Kindergarten","45","95.6%","95.6%","95.6%","93.3%","0.0%","95.6%","","","","","0.0%","0.0%","4.4%","2.2%","0.0%","0.0%"
"Fayette","St John Evangelist School","Kindergarten","10","","","","","","","","","","","","","","","",""
"Fayette","St John Evangelist School","7th Grade","18","","","","","","","","","","","","","","","",""
"Fayette","Uniontown Area SHS","12th Grade","138","100.0%","99.3%","98.6%","100.0%","0.0%","99.3%","97.1%","","0.0%","92.0%","0.0%","5.8%","0.7%","0.7%","0.0%","1.4%"
"Fayette","Verna Montessori School","Kindergarten","28","82.1%","82.1%","82.1%","82.1%","0.0%","82.1%","","","","","0.0%","17.9%","0.0%","0.0%","0.0%","0.0%"
"Fayette","Verna Montessori School","7th Grade","2","","","","","","","","","","","","","","","",""
"Fayette","West Crawford El Sch","Kindergarten","74","93.2%","93.2%","93.2%","93.2%","0.0%","93.2%","","","","","0.0%","0.0%","6.8%","0.0%","0.0%","0.0%"
"Fayette","Wharton Sch","Kindergarten","30","96.7%","96.7%","96.7%","100.0%","0.0%","96.7%","","","","","0.0%","3.3%","0.0%","0.0%","0.0%","0.0%"
"Forest","East Forest El Sch","Kindergarten","8","","","","","","","","","","","","","","","",""
"Forest","East Forest JSHS","7th Grade","17","","","","","","","","","","","","","","","",""
"Forest","East Forest JSHS","12th Grade","9","","","","","","","","","","","","","","","",""
"Forest","West Forest El Sch","Kindergarten","17","","","","","","","","","","","","","","","",""
"Forest","West Forest JSHS","7th Grade","15","","","","","","","","","","","","","","","",""
"Forest","West Forest JSHS","12th Grade","21","95.2%","95.2%","95.2%","95.2%","0.0%","95.2%","95.2%","","0.0%","95.2%","0.0%","0.0%","4.8%","0.0%","0.0%","0.0%"
"Franklin","Anchor Christian Day School","7th Grade","7","","","","","","","","","","","","","","","",""
"Franklin","Anchor Christian Day School","12th Grade","4","","","","","","","","","","","","","","","",""
"Franklin","Benjamin Chambers El Sch","Kindergarten","88","95.5%","90.9%","95.5%","97.7%","0.0%","95.5%","","","","","1.1%","0.0%","1.1%","6.8%","0.0%","0.0%"
"Franklin","Brook Side Amish School","7th Grade","4","","","","","","","","","","","","","","","",""
"Franklin","Buchanan El Sch","Kindergarten","37","100.0%","94.6%","100.0%","100.0%","0.0%","100.0%","","","","","5.4%","5.4%","2.7%","0.0%","0.0%","0.0%"
"Franklin","Chambersburg Area Career Magnet Sch","12th Grade","180","97.2%","96.1%","96.7%","94.4%","3.3%","96.7%","94.4%","","1.7%","86.1%","0.0%","8.9%","5.0%","0.0%","0.0%","0.0%"
"Franklin","Chambersburg Area MS - South","7th Grade","316","98.1%","99.4%","99.4%","99.4%","1.3%","98.4%","96.5%","96.5%","","","0.0%","1.3%","3.2%","0.9%","0.0%","0.0%"
"Franklin","Chambersburg Area SHS","12th Grade","647","94.4%","96.0%","95.5%","94.0%","2.6%","92.9%","94.0%","","3.7%","89.3%","0.0%","2.5%","8.5%","0.6%","0.3%","0.0%"
"Franklin","Clearfield Parochial School","7th Grade","2","","","","","","","","","","","","","","","",""
"Franklin","Conococheague Creek Amish School","7th Grade","3","","","","","","","","","","","","","","","",""
"Franklin","Cornell Abraxas Youth Center","12th Grade","4","","","","","","","","","","","","","","","",""
"Franklin","Corpus Christi School","Kindergarten","18","","","","","","","","","","","","","","","",""
"Franklin","Corpus Christi School","7th Grade","20","95.0%","95.0%","95.0%","95.0%","5.0%","90.0%","95.0%","95.0%","","","0.0%","0.0%","5.0%","0.0%","0.0%","0.0%"
"Franklin","Cumberland Valley Christian School","Kindergarten","12","","","","","","","","","","","","","","","",""
"Franklin","Cumberland Valley Christian School","7th Grade","27","85.2%","85.2%","85.2%","85.2%","0.0%","85.2%","85.2%","85.2%","","","0.0%","14.8%","0.0%","0.0%","0.0%","0.0%"
"Franklin","Cumberland Valley Christian School","12th Grade","11","","","","","","","","","","","","","","","",""
"Franklin","Fairview Avenue El Sch","Kindergarten","108","95.4%","96.3%","97.2%","98.1%","0.0%","97.2%","","","","","0.9%","0.9%","2.8%","0.0%","0.0%","0.9%"
"Franklin","Falling Spring El Sch","Kindergarten","39","94.9%","94.9%","94.9%","94.9%","0.0%","94.9%","","","","","0.0%","2.6%","2.6%","0.0%","0.0%","0.0%"
"Franklin","Fannett-Metal El Sch","Kindergarten","29","89.7%","89.7%","89.7%","100.0%","0.0%","89.7%","","","","","0.0%","0.0%","10.3%","0.0%","0.0%","0.0%"
"Franklin","Fannett-Metal MS","7th Grade","33","90.9%","90.9%","90.9%","93.9%","0.0%","90.9%","84.8%","84.8%","","","0.0%","3.0%","9.1%","3.0%","0.0%","0.0%"
"Franklin","Fannett-Metal SHS","12th Grade","28","96.4%","96.4%","96.4%","96.4%","0.0%","96.4%","92.9%","","0.0%","89.3%","0.0%","0.0%","10.7%","0.0%","0.0%","0.0%"
"Franklin","Fayetteville El Sch","Kindergarten","74","94.6%","95.9%","94.6%","94.6%","0.0%","94.6%","","","","","1.4%","1.4%","4.1%","0.0%","0.0%","0.0%"
"Franklin","Freedom Christian Academy","Kindergarten","10","","","","","","","","","","","","","","","",""
"Franklin","Freedom Christian Academy","7th Grade","4","","","","","","","","","","","","","","","",""
"Franklin","Grandview El Sch","Kindergarten","44","97.7%","97.7%","97.7%","97.7%","2.3%","95.5%","","","","","0.0%","0.0%","2.3%","0.0%","0.0%","0.0%"
"Franklin","Greencastle-Antrim MS","7th Grade","262","93.5%","90.8%","93.5%","94.7%","0.8%","92.0%","88.5%","91.6%","","","0.8%","7.6%","3.4%","1.1%","0.0%","1.9%"
"Franklin","Greencastle-Antrim Pri Sch","Kindergarten","171","95.9%","95.9%","94.7%","95.9%","0.0%","94.7%","","","","","1.2%","3.5%","4.7%","1.8%","0.0%","0.0%"
"Franklin","Greencastle-Antrim SHS","12th Grade","262","96.6%","92.4%","96.9%","96.6%","1.5%","94.7%","96.6%","","1.5%","90.8%","3.1%","9.5%","0.0%","1.9%","0.0%","0.0%"
"Franklin","Guilford Hills El Sch","Kindergarten","23","91.3%","87.0%","87.0%","87.0%","0.0%","87.0%","","","","","0.0%","8.7%","4.3%","0.0%","0.0%","0.0%"
"Franklin","Hamilton Heights El Sch","Kindergarten","95","94.7%","94.7%","92.6%","94.7%","0.0%","93.7%","","","","","0.0%","4.2%","3.2%","0.0%","0.0%","1.1%"
"Franklin","Hooverville El Sch","Kindergarten","50","96.0%","96.0%","96.0%","96.0%","0.0%","96.0%","","","","","2.0%","0.0%","0.0%","0.0%","0.0%","2.0%"
"Franklin","James Buchanan HS","12th Grade","195","96.9%","95.9%","96.4%","96.9%","2.1%","94.4%","94.4%","","2.6%","80.5%","0.0%","8.7%","4.6%","0.5%","0.0%","3.6%"
"Franklin","James Buchanan MS","7th Grade","182","91.8%","92.3%","91.8%","92.3%","2.2%","88.5%","86.3%","84.6%","","","0.0%","7.7%","6.0%","2.2%","0.0%","2.2%"
"Franklin","Lurgan El Sch","Kindergarten","22","95.5%","95.5%","95.5%","100.0%","0.0%","95.5%","","","","","0.0%","0.0%","4.5%","0.0%","0.0%","0.0%"
"Franklin","Maple Grove Amish School","7th Grade","5","","","","","","","","","","","","","","","",""
"Franklin","Marion El Sch","Kindergarten","46","95.7%","95.7%","97.8%","97.8%","0.0%","97.8%","","","","","0.0%","0.0%","2.2%","2.2%","0.0%","0.0%"
"Franklin","McClays Mill Amish School","7th Grade","4","","","","","","","","","","","","","","","",""
"Franklin","Meadow Brook Amish School","7th Grade","2","","","","","","","","","","","","","","","",""
"Franklin","Mercersburg Academy","12th Grade","132","99.2%","98.5%","100.0%","99.2%","6.1%","93.9%","99.2%","","6.8%","90.2%","0.0%","2.3%","1.5%","0.0%","0.0%","0.0%"
"Franklin","Mercersburg El Sch","Kindergarten","39","89.7%","87.2%","92.3%","92.3%","0.0%","87.2%","","","","","0.0%","2.6%","7.7%","7.7%","0.0%","0.0%"
"Franklin","Montessori Academy of Chambersburg","Kindergarten","15","","","","","","","","","","","","","","","",""
"Franklin","Montessori Academy of Chambersburg","7th Grade","6","","","","","","","","","","","","","","","",""
"Franklin","Montgomery El Sch","Kindergarten","25","80.0%","80.0%","80.0%","80.0%","0.0%","80.0%","","","","","0.0%","8.0%","12.0%","0.0%","0.0%","0.0%"
"Franklin","Mountain View Amish School","7th Grade","2","","","","","","","","","","","","","","","",""
"Franklin","Mountain View El Sch","Kindergarten","40","90.0%","90.0%","90.0%","87.5%","0.0%","90.0%","","","","","0.0%","0.0%","7.5%","5.0%","0.0%","5.0%"
"Franklin","Mowersville Amish Parochial School","7th Grade","2","","","","","","","","","","","","","","","",""
"Franklin","Mowersville Christian Academy","Kindergarten","7","","","","","","","","","","","","","","","",""
"Franklin","Mowersville Christian Academy","7th Grade","4","","","","","","","","","","","","","","","",""
"Franklin","Mowersville Christian Academy","12th Grade","2","","","","","","","","","","","","","","","",""
"Franklin","Mowrey El Sch","Kindergarten","89","93.3%","94.4%","96.6%","95.5%","0.0%","94.4%","","","","","2.2%","2.2%","3.4%","0.0%","0.0%","0.0%"
"Franklin","New Franklin El Sch","Kindergarten","38","94.7%","92.1%","92.1%","94.7%","0.0%","92.1%","","","","","0.0%","2.6%","2.6%","5.3%","0.0%","0.0%"
"Franklin","Oak Hill School","7th Grade","6","","","","","","","","","","","","","","","",""
"Franklin","Otterbein School","7th Grade","2","","","","","","","","","","","","","","","",""
"Franklin","Path Valley Christian School","Kindergarten","2","","","","","","","","","","","","","","","",""
"Franklin","Providence Christian Academy","Kindergarten","1","","","","","","","","","","","","","","","",""
"Franklin","Providence Christian Academy","7th Grade","1","","","","","","","","","","","","","","","",""
"Franklin","Providence Christian Academy","12th Grade","1","","","","","","","","","","","","","","","",""
"Franklin","Providence School - Pidgeon Hill","7th Grade","5","","","","","","","","","","","","","","","",""
"Franklin","Scenic Lane School","7th Grade","1","","","","","","","","","","","","","","","",""
"Franklin","Scotland El Sch","Kindergarten","59","91.5%","91.5%","91.5%","93.2%","0.0%","91.5%","","","","","0.0%","3.4%","6.8%","0.0%","0.0%","0.0%"
"Franklin","Shady Grove Mennonite School","7th Grade","11","","","","","","","","","","","","","","","",""
"Franklin","Shalom Christian Academy","Kindergarten","45","82.2%","73.3%","68.9%","84.4%","2.2%","66.7%","","","","","0.0%","31.1%","0.0%","2.2%","0.0%","0.0%"
"Franklin","Shalom Christian Academy","7th Grade","44","88.6%","88.6%","88.6%","88.6%","0.0%","88.6%","81.8%","79.5%","","","0.0%","20.5%","0.0%","2.3%","0.0%","0.0%"
"Franklin","Shalom Christian Academy","12th Grade","34","94.1%","88.2%","91.2%","94.1%","8.8%","88.2%","94.1%","","8.8%","85.3%","0.0%","8.8%","0.0%","2.9%","0.0%","0.0%"
"Franklin","South Hamilton El Sch","Kindergarten","47","93.6%","93.6%","93.6%","93.6%","0.0%","93.6%","","","","","0.0%","2.1%","4.3%","0.0%","0.0%","0.0%"
"Franklin","South Mountain Secure Trmnt Un","12th Grade","4","","","","","","","","","","","","","","","",""
"Franklin","St Andrews School","Kindergarten","12","","","","","","","","","","","","","","","",""
"Franklin","St Andrews School","7th Grade","15","","","","","","","","","","","","","","","",""
"Franklin","St Thomas El Sch","Kindergarten","38","92.1%","92.1%","92.1%","92.1%","0.0%","92.1%","","","","","0.0%","5.3%","0.0%","0.0%","0.0%","2.6%"
"Franklin","Stevens El Sch","Kindergarten","50","92.0%","92.0%","92.0%","94.0%","0.0%","90.0%","","","","","0.0%","2.0%","2.0%","0.0%","0.0%","6.0%"
"Franklin","Stoney Creek Parochial School","7th Grade","3","","","","","","","","","","","","","","","",""
"Franklin","Summitview El Sch","Kindergarten","68","97.1%","97.1%","97.1%","98.5%","0.0%","97.1%","","","","","0.0%","1.5%","1.5%","0.0%","0.0%","0.0%"
"Franklin","Sweetwater Ridge Amish School","7th Grade","1","","","","","","","","","","","","","","","",""
"Franklin","Tunnel Run School","7th Grade","3","","","","","","","","","","","","","","","",""
"Franklin","Walnut Lane Amish School","7th Grade","2","","","","","","","","","","","","","","","",""
"Franklin","Waynesboro Area MS","7th Grade","321","97.2%","97.5%","97.5%","96.9%","0.6%","96.0%","91.9%","91.9%","","","1.6%","4.0%","4.7%","0.9%","0.0%","0.0%"
"Franklin","Waynesboro Area SHS","12th Grade","368","97.6%","97.3%","97.8%","96.2%","0.3%","96.7%","95.7%","","1.9%","92.7%","0.8%","2.2%","1.4%","0.3%","1.1%","3.3%"
"Franklin","Willow Hill Parochial School","7th Grade","4","","","","","","","","","","","","","","","",""
"Fulton","Forbes Road El Sch","Kindergarten","28","92.9%","92.9%","92.9%","92.9%","0.0%","92.9%","","","","","0.0%","0.0%","3.6%","0.0%","0.0%","3.6%"
"Fulton","Forbes Road JSHS","7th Grade","29","75.9%","75.9%","75.9%","75.9%","0.0%","75.9%","69.0%","69.0%","","","3.4%","10.3%","0.0%","0.0%","0.0%","17.2%"
"Fulton","Forbes Road JSHS","12th Grade","25","84.0%","84.0%","84.0%","84.0%","4.0%","80.0%","84.0%","","12.0%","72.0%","0.0%","16.0%","12.0%","0.0%","0.0%","0.0%"
"Fulton","McConnellsburg El Sch","Kindergarten","61","77.0%","73.8%","73.8%","82.0%","0.0%","72.1%","","","","","0.0%","26.2%","0.0%","1.6%","0.0%","0.0%"
"Fulton","McConnellsburg HS","12th Grade","69","92.8%","92.8%","92.8%","92.8%","2.9%","89.9%","92.8%","","1.4%","85.5%","0.0%","14.5%","0.0%","0.0%","0.0%","0.0%"
"Fulton","McConnellsburg MS","7th Grade","82","87.8%","84.1%","84.1%","86.6%","0.0%","84.1%","80.5%","80.5%","","","0.0%","19.5%","0.0%","0.0%","0.0%","0.0%"
"Fulton","Southern Fulton El Sch","Kindergarten","47","95.7%","95.7%","95.7%","100.0%","0.0%","93.6%","","","","","0.0%","6.4%","0.0%","0.0%","0.0%","0.0%"
"Fulton","Southern Fulton JSHS","7th Grade","51","90.2%","90.2%","90.2%","90.2%","0.0%","90.2%","88.2%","86.3%","","","0.0%","13.7%","0.0%","0.0%","0.0%","0.0%"
"Fulton","Southern Fulton JSHS","12th Grade","53","96.2%","96.2%","96.2%","96.2%","0.0%","96.2%","96.2%","","0.0%","84.9%","0.0%","11.3%","1.9%","1.9%","0.0%","0.0%"
"Greene","Bobtown El Sch","Kindergarten","45","86.7%","86.7%","86.7%","86.7%","0.0%","86.7%","","","","","0.0%","0.0%","4.4%","8.9%","0.0%","0.0%"
"Greene","Carmichaels Area El Ctr","Kindergarten","69","91.3%","92.8%","91.3%","94.2%","0.0%","92.8%","","","","","0.0%","0.0%","10.1%","0.0%","0.0%","0.0%"
"Greene","Carmichaels Area HS","12th Grade","67","97.0%","97.0%","97.0%","95.5%","0.0%","97.0%","94.0%","","0.0%","85.1%","0.0%","0.0%","17.9%","0.0%","0.0%","0.0%"
"Greene","Carmichaels Area MS","7th Grade","62","98.4%","98.4%","98.4%","98.4%","0.0%","98.4%","88.7%","87.1%","","","0.0%","0.0%","11.3%","0.0%","0.0%","1.6%"
"Greene","Greene Valley Christian Academy","Kindergarten","12","","","","","","","","","","","","","","","",""
"Greene","Jefferson-Morgan El Sch","Kindergarten","51","98.0%","98.0%","98.0%","100.0%","0.0%","98.0%","","","","","2.0%","0.0%","0.0%","0.0%","0.0%","0.0%"
"Greene","Jefferson-Morgan MS/HS","7th Grade","45","97.8%","97.8%","95.6%","97.8%","0.0%","95.6%","86.7%","86.7%","","","2.2%","4.4%","0.0%","0.0%","0.0%","6.7%"
"Greene","Jefferson-Morgan MS/HS","12th Grade","59","100.0%","100.0%","100.0%","100.0%","0.0%","100.0%","98.3%","","86.4%","0.0%","0.0%","1.7%","0.0%","0.0%","0.0%","11.9%"
"Greene","Landmark Baptist Academy","Kindergarten","3","","","","","","","","","","","","","","","",""
"Greene","Landmark Baptist Academy","7th Grade","1","","","","","","","","","","","","","","","",""
"Greene","Mapletown JSHS","7th Grade","45","95.6%","95.6%","80.0%","95.6%","0.0%","80.0%","80.0%","80.0%","","","0.0%","4.4%","8.9%","8.9%","0.0%","0.0%"
"Greene","Mapletown JSHS","12th Grade","45","100.0%","100.0%","100.0%","100.0%","0.0%","100.0%","80.0%","","6.7%","71.1%","0.0%","0.0%","0.0%","8.9%","0.0%","13.3%"
"Greene","Open Door Christian School","Kindergarten","5","","","","","","","","","","","","","","","",""
"Greene","Open Door Christian School","12th Grade","1","","","","","","","","","","","","","","","",""
"Greene","Waynesburg Central El School","Kindergarten","119","96.6%","96.6%","96.6%","96.6%","0.0%","97.5%","","","","","0.0%","1.7%","1.7%","0.8%","0.0%","0.0%"
"Greene","Waynesburg Central JSHS","7th Grade","112","100.0%","99.1%","100.0%","98.2%","0.0%","100.0%","100.0%","100.0%","","","0.9%","0.9%","0.9%","0.0%","0.0%","0.0%"
"Greene","Waynesburg Central JSHS","12th Grade","126","100.0%","98.4%","98.4%","97.6%","0.0%","98.4%","98.4%","","0.8%","97.6%","0.8%","7.1%","0.8%","0.0%","0.0%","1.6%"
"Greene","West Greene El Ctr","Kindergarten","37","91.9%","91.9%","89.2%","91.9%","0.0%","89.2%","","","","","2.7%","8.1%","0.0%","0.0%","0.0%","0.0%"
"Greene","West Greene Middle-Senior HS","7th Grade","49","91.8%","91.8%","91.8%","91.8%","2.0%","89.8%","87.8%","87.8%","","","0.0%","10.2%","0.0%","2.0%","0.0%","0.0%"
"Greene","West Greene Middle-Senior HS","12th Grade","46","100.0%","100.0%","100.0%","97.8%","0.0%","97.8%","100.0%","","0.0%","100.0%","0.0%","2.2%","0.0%","0.0%","0.0%","0.0%"
"Huntingdon","Calvary Christian Academy","Kindergarten","8","","","","","","","","","","","","","","","",""
"Huntingdon","Calvary Christian Academy","7th Grade","16","","","","","","","","","","","","","","","",""
"Huntingdon","Calvary Christian Academy","12th Grade","5","","","","","","","","","","","","","","","",""
"Huntingdon","County Line School","7th Grade","3","","","","","","","","","","","","","","","",""
"Huntingdon","Huntingdon Area MS","7th Grade","157","100.0%","100.0%","100.0%","100.0%","0.0%","100.0%","99.4%","99.4%","","","0.6%","0.0%","0.0%","0.0%","0.0%","0.0%"
"Huntingdon","Huntingdon Area SHS","12th Grade","144","99.3%","99.3%","99.3%","99.3%","0.0%","99.3%","100.0%","","0.0%","97.2%","0.0%","0.0%","2.8%","0.0%","0.0%","0.0%"
"Huntingdon","Huntingdon Christian Academy","Kindergarten","1","","","","","","","","","","","","","","","",""
"Huntingdon","Huntingdon Christian Academy","7th Grade","1","","","","","","","","","","","","","","","",""
"Huntingdon","Huntingdon Christian Academy","12th Grade","3","","","","","","","","","","","","","","","",""
"Huntingdon","Juniata Valley El Sch","Kindergarten","42","95.2%","95.2%","95.2%","97.6%","0.0%","95.2%","","","","","0.0%","4.8%","0.0%","0.0%","0.0%","0.0%"
"Huntingdon","Juniata Valley JSHS","7th Grade","60","95.0%","95.0%","95.0%","95.0%","0.0%","95.0%","91.7%","91.7%","","","1.7%","3.3%","0.0%","3.3%","0.0%","0.0%"
"Huntingdon","Juniata Valley JSHS","12th Grade","52","96.2%","96.2%","96.2%","96.2%","0.0%","96.2%","96.2%","","0.0%","90.4%","0.0%","5.8%","0.0%","3.8%","0.0%","0.0%"
"Huntingdon","Mount Union Area JHS","7th Grade","87","94.3%","94.3%","94.3%","94.3%","0.0%","94.3%","90.8%","90.8%","","","0.0%","6.9%","0.0%","0.0%","0.0%","3.4%"
"Huntingdon","Mount Union Area SHS","12th Grade","80","97.5%","97.5%","97.5%","97.5%","1.2%","96.2%","96.2%","","3.8%","92.5%","0.0%","6.2%","0.0%","0.0%","0.0%","1.2%"
"Huntingdon","Mount Union-Kistler El Sch","Kindergarten","96","88.5%","90.6%","90.6%","91.7%","0.0%","91.7%","","","","","0.0%","8.3%","0.0%","3.1%","0.0%","0.0%"
"Huntingdon","New Day CS","7th Grade","20","100.0%","100.0%","100.0%","100.0%","5.0%","95.0%","100.0%","100.0%","","","0.0%","0.0%","0.0%","0.0%","0.0%","0.0%"
"Huntingdon","New Day CS","12th Grade","23","100.0%","100.0%","100.0%","100.0%","0.0%","100.0%","100.0%","","0.0%","100.0%","0.0%","0.0%","0.0%","0.0%","0.0%","0.0%"
"Huntingdon","Rockhill El Sch","Kindergarten","27","92.6%","92.6%","92.6%","96.3%","0.0%","92.6%","","","","","0.0%","7.4%","0.0%","0.0%","0.0%","0.0%"
"Huntingdon","Saddlers Run School","7th Grade","5","","","","","","","","","","","","","","","",""
"Huntingdon","Shade Gap El Sch","Kindergarten","11","","","","","","","","","","","","","","","",""
"Huntingdon","Southern Huntingdon Co HS/MS","7th Grade","80","98.8%","98.8%","98.8%","98.8%","0.0%","98.8%","92.5%","93.8%","","","0.0%","1.2%","5.0%","0.0%","0.0%","1.2%"
"Huntingdon","Southern Huntingdon Co HS/MS","12th Grade","98","100.0%","100.0%","100.0%","99.0%","0.0%","99.0%","100.0%","","10.2%","89.8%","0.0%","0.0%","10.2%","2.0%","0.0%","0.0%"
"Huntingdon","Southside El Sch","Kindergarten","43","95.3%","95.3%","95.3%","95.3%","0.0%","95.3%","","","","","0.0%","4.7%","0.0%","0.0%","0.0%","0.0%"
"Huntingdon","Spring Farms El Sch","Kindergarten","29","86.2%","86.2%","86.2%","93.1%","0.0%","86.2%","","","","","0.0%","6.9%","0.0%","3.4%","0.0%","3.4%"
"Huntingdon","Standing Stone El Sch","Kindergarten","62","98.4%","98.4%","98.4%","98.4%","0.0%","98.4%","","","","","0.0%","1.6%","0.0%","0.0%","0.0%","0.0%"
"Huntingdon","Stone Valley Community CS","Kindergarten","10","","","","","","","","","","","","","","","",""
"Huntingdon","Youth Forestry Camp #3","12th Grade","4","","","","","","","","","","","","","","","",""
"Indiana","Adelphoi Education at Indiana","7th Grade","5","","","","","","","","","","","","","","","",""
"Indiana","Adelphoi Education at Indiana","12th Grade","2","","","","","","","","","","","","","","","",""
"Indiana","Ambrose Amish Par","7th Grade","3","","","","","","","","","","","","","","","",""
"Indiana","Ben Franklin El Sch","Kindergarten","91","96.7%","97.8%","94.5%","97.8%","0.0%","94.5%","","","","","1.1%","1.1%","1.1%","2.2%","0.0%","2.2%"
"Indiana","Blairsville El Sch","Kindergarten","74","95.9%","95.9%","93.2%","93.2%","0.0%","93.2%","","","","","0.0%","0.0%","6.8%","0.0%","0.0%","0.0%"
"Indiana","Breezy Lane School","7th Grade","4","","","","","","","","","","","","","","","",""
"Indiana","Calvary Baptist Academy","Kindergarten","3","","","","","","","","","","","","","","","",""
"Indiana","Calvary Baptist Academy","7th Grade","3","","","","","","","","","","","","","","","",""
"Indiana","Calvary Baptist Academy","12th Grade","3","","","","","","","","","","","","","","","",""
"Indiana","Canoe Ridge Amish School","7th Grade","3","","","","","","","","","","","","","","","",""
"Indiana","Cedar Hollow School","7th Grade","3","","","","","","","","","","","","","","","",""
"Indiana","Clover Valley Amish School","7th Grade","4","","","","","","","","","","","","","","","",""
"Indiana","Drake Run Amish School","7th Grade","3","","","","","","","","","","","","","","","",""
"Indiana","Dry Knob Amish School","7th Grade","2","","","","","","","","","","","","","","","",""
"Indiana","East Pike El Sch","Kindergarten","91","92.3%","92.3%","91.2%","92.3%","0.0%","91.2%","","","","","0.0%","5.5%","2.2%","1.1%","0.0%","0.0%"
"Indiana","Hemlock Acres Amish","7th Grade","3","","","","","","","","","","","","","","","",""
"Indiana","Hickory Hollow Amish School","7th Grade","4","","","","","","","","","","","","","","","",""
"Indiana","Hilltop Amish School","7th Grade","1","","","","","","","","","","","","","","","",""
"Indiana","Homer-Center El Sch","Kindergarten","62","93.5%","93.5%","93.5%","95.2%","0.0%","93.5%","","","","","1.6%","3.2%","0.0%","0.0%","0.0%","3.2%"
"Indiana","Homer-Center JSHS","7th Grade","52","96.2%","96.2%","96.2%","96.2%","0.0%","96.2%","96.2%","96.2%","","","0.0%","0.0%","0.0%","3.8%","0.0%","0.0%"
"Indiana","Homer-Center JSHS","12th Grade","83","97.6%","96.4%","97.6%","96.4%","0.0%","97.6%","96.4%","","0.0%","91.6%","0.0%","2.4%","3.6%","0.0%","0.0%","2.4%"
"Indiana","Indiana Area JHS","7th Grade","229","92.6%","92.6%","92.6%","92.6%","0.0%","92.6%","92.6%","92.6%","","","0.0%","0.0%","5.2%","2.2%","0.0%","0.0%"
"Indiana","Indiana Area SHS","12th Grade","224","96.0%","95.5%","96.0%","95.1%","1.3%","94.2%","94.2%","","1.8%","88.8%","1.3%","2.2%","2.7%","0.0%","0.0%","4.9%"
"Indiana","Indiana Wesleyan School","Kindergarten","3","","","","","","","","","","","","","","","",""
"Indiana","Indiana Wesleyan School","7th Grade","2","","","","","","","","","","","","","","","",""
"Indiana","Indiana Wesleyan School","12th Grade","3","","","","","","","","","","","","","","","",""
"Indiana","Keys Montessori School Inc","Kindergarten","7","","","","","","","","","","","","","","","",""
"Indiana","Lewis Run","7th Grade","2","","","","","","","","","","","","","","","",""
"Indiana","Maple Knob","7th Grade","2","","","","","","","","","","","","","","","",""
"Indiana","Marion Center Area JR/SR HS","7th Grade","102","99.0%","99.0%","96.1%","100.0%","0.0%","97.1%","94.1%","93.1%","","","0.0%","4.9%","4.9%","0.0%","0.0%","0.0%"
"Indiana","Marion Center Area JR/SR HS","12th Grade","94","95.7%","97.9%","95.7%","97.9%","0.0%","95.7%","95.7%","","7.4%","89.4%","0.0%","2.1%","8.5%","0.0%","0.0%","0.0%"
"Indiana","Merakey Indiana","Kindergarten","1","","","","","","","","","","","","","","","",""
"Indiana","New Story","Kindergarten","3","","","","","","","","","","","","","","","",""
"Indiana","New Story","7th Grade","3","","","","","","","","","","","","","","","",""
"Indiana","New Story","12th Grade","3","","","","","","","","","","","","","","","",""
"Indiana","Oak Grove Parochial School","7th Grade","4","","","","","","","","","","","","","","","",""
"Indiana","Owl Hollow Amish School","7th Grade","3","","","","","","","","","","","","","","","",""
"Indiana","Penns Manor Area El Sch","Kindergarten","43","83.7%","83.7%","83.7%","90.7%","0.0%","83.7%","","","","","0.0%","4.7%","4.7%","7.0%","0.0%","0.0%"
"Indiana","Penns Manor Area JSHS","7th Grade","54","92.6%","92.6%","90.7%","92.6%","0.0%","90.7%","85.2%","85.2%","","","0.0%","3.7%","5.6%","9.3%","0.0%","0.0%"
"Indiana","Penns Manor Area JSHS","12th Grade","53","98.1%","98.1%","96.2%","98.1%","0.0%","96.2%","90.6%","","11.3%","81.1%","0.0%","1.9%","3.8%","13.2%","0.0%","0.0%"
"Indiana","Pine Grove Amish School","7th Grade","3","","","","","","","","","","","","","","","",""
"Indiana","Pine Ridge Amish School","7th Grade","2","","","","","","","","","","","","","","","",""
"Indiana","Pumpkin Ridge","7th Grade","4","","","","","","","","","","","","","","","",""
"Indiana","Purchase Line El Sch","Kindergarten","45","95.6%","95.6%","91.1%","95.6%","0.0%","91.1%","","","","","0.0%","11.1%","0.0%","0.0%","0.0%","0.0%"
"Indiana","Purchase Line JSHS","7th Grade","62","95.2%","95.2%","95.2%","96.8%","0.0%","95.2%","88.7%","91.9%","","","0.0%","11.3%","0.0%","0.0%","0.0%","1.6%"
"Indiana","Purchase Line JSHS","12th Grade","60","96.7%","98.3%","96.7%","98.3%","0.0%","96.7%","96.7%","","0.0%","91.7%","0.0%","8.3%","0.0%","0.0%","0.0%","0.0%"
"Indiana","Rayne El Sch","Kindergarten","84","89.3%","89.3%","90.5%","89.3%","0.0%","90.5%","","","","","0.0%","0.0%","9.5%","1.2%","0.0%","0.0%"
"Indiana","River Valley HS","12th Grade","112","99.1%","99.1%","99.1%","100.0%","0.9%","96.4%","99.1%","","1.8%","78.6%","0.9%","0.9%","3.6%","0.0%","0.0%","14.3%"
"Indiana","River Valley MS","7th Grade","120","99.2%","98.3%","96.7%","96.7%","0.0%","96.7%","90.0%","89.2%","","","0.0%","1.7%","4.2%","0.0%","0.0%","5.8%"
"Indiana","Rose Valley School","7th Grade","1","","","","","","","","","","","","","","","",""
"Indiana","Saltsburg El Sch","Kindergarten","38","94.7%","84.2%","84.2%","100.0%","0.0%","84.2%","","","","","0.0%","0.0%","15.8%","0.0%","0.0%","0.0%"
"Indiana","Seeds of Faith Christian Academy","Kindergarten","8","","","","","","","","","","","","","","","",""
"Indiana","Seeds of Faith Christian Academy","7th Grade","6","","","","","","","","","","","","","","","",""
"Indiana","Seeds of Faith Christian Academy","12th Grade","2","","","","","","","","","","","","","","","",""
"Indiana","Shady Lane Amish School","7th Grade","3","","","","","","","","","","","","","","","",""
"Indiana","Shady Run Amish School","7th Grade","3","","","","","","","","","","","","","","","",""
"Indiana","Spring Hollow Amish School","7th Grade","4","","","","","","","","","","","","","","","",""
"Indiana","St Bernard School","Kindergarten","10","","","","","","","","","","","","","","","",""
"Indiana","St Bernard School","7th Grade","3","","","","","","","","","","","","","","","",""
"Indiana","Stony Acres Amish School","7th Grade","6","","","","","","","","","","","","","","","",""
"Indiana","Stony Flat Amish School","7th Grade","2","","","","","","","","","","","","","","","",""
"Indiana","United El Sch","Kindergarten","52","90.4%","90.4%","90.4%","90.4%","0.0%","90.4%","","","","","0.0%","3.8%","5.8%","0.0%","0.0%","0.0%"
"Indiana","United JSHS","7th Grade","65","93.8%","93.8%","93.8%","93.8%","0.0%","93.8%","93.8%","93.8%","","","0.0%","0.0%","6.2%","0.0%","0.0%","0.0%"
"Indiana","United JSHS","12th Grade","71","93.0%","93.0%","93.0%","93.0%","0.0%","93.0%","93.0%","","0.0%","93.0%","0.0%","0.0%","7.0%","0.0%","0.0%","0.0%"
"Indiana","Walnut Hollow Amish School","7th Grade","3","","","","","","","","","","","","","","","",""
"Indiana","West Creek Road Amish School","7th Grade","2","","","","","","","","","","","","","","","",""
"Indiana","Whistle Hollow Amish School","7th Grade","4","","","","","","","","","","","","","","","",""
"Jefferson","Allens Mills School","7th Grade","2","","","","","","","","","","","","","","","",""
"Jefferson","Bear Lane School","7th Grade","2","","","","","","","","","","","","","","","",""
"Jefferson","Blose Hill Amish School","7th Grade","1","","","","","","","","","","","","","","","",""
"Jefferson","Brockway Area Elementary Sch","Kindergarten","53","94.3%","94.3%","94.3%","94.3%","0.0%","94.3%","","","","","0.0%","0.0%","5.7%","1.9%","0.0%","0.0%"
"Jefferson","Brockway Area JSHS","7th Grade","52","100.0%","100.0%","100.0%","100.0%","0.0%","100.0%","98.1%","98.1%","","","0.0%","0.0%","3.8%","0.0%","0.0%","0.0%"
"Jefferson","Brockway Area JSHS","12th Grade","74","100.0%","100.0%","100.0%","100.0%","0.0%","100.0%","100.0%","","0.0%","100.0%","0.0%","0.0%","0.0%","0.0%","0.0%","0.0%"
"Jefferson","Brookville JSHS","7th Grade","115","93.9%","93.9%","93.0%","92.2%","0.0%","92.2%","92.2%","92.2%","","","0.9%","5.2%","3.5%","0.0%","0.0%","0.0%"
"Jefferson","Brookville JSHS","12th Grade","115","95.7%","95.7%","95.7%","95.7%","0.0%","95.7%","94.8%","","0.0%","91.3%","0.0%","8.7%","0.0%","0.0%","0.0%","0.0%"
"Jefferson","Buck Run School","7th Grade","3","","","","","","","","","","","","","","","",""
"Jefferson","Christs Dominion Academy","Kindergarten","3","","","","","","","","","","","","","","","",""
"Jefferson","Christs Dominion Academy","12th Grade","1","","","","","","","","","","","","","","","",""
"Jefferson","Eagles Nest Amish School","7th Grade","4","","","","","","","","","","","","","","","",""
"Jefferson","Hazen Amish School","7th Grade","3","","","","","","","","","","","","","","","",""
"Jefferson","Highland Park School","7th Grade","6","","","","","","","","","","","","","","","",""
"Jefferson","Hillside School","7th Grade","2","","","","","","","","","","","","","","","",""
"Jefferson","Jefferson County-DuBois AVTS","12th Grade","126","97.6%","97.6%","97.6%","96.8%","0.0%","97.6%","98.4%","","0.0%","67.5%","0.0%","4.0%","0.8%","0.0%","0.0%","67.5%"
"Jefferson","Kentucky Avenue Amish School","7th Grade","3","","","","","","","","","","","","","","","",""
"Jefferson","Liberty Hill Amish School","7th Grade","1","","","","","","","","","","","","","","","",""
"Jefferson","Lone Maple Amish School","7th Grade","3","","","","","","","","","","","","","","","",""
"Jefferson","Maple Grove Amish School","7th Grade","4","","","","","","","","","","","","","","","",""
"Jefferson","Munderf Amish School","7th Grade","1","","","","","","","","","","","","","","","",""
"Jefferson","Northside El Sch","Kindergarten","116","91.4%","91.4%","91.4%","92.2%","0.0%","91.4%","","","","","0.9%","7.8%","0.0%","0.0%","0.0%","0.0%"
"Jefferson","Pine Valley Parochial School","7th Grade","1","","","","","","","","","","","","","","","",""
"Jefferson","Punxsutawney Area El Sch","Kindergarten","115","97.4%","97.4%","97.4%","98.3%","0.0%","97.4%","","","","","0.0%","0.9%","1.7%","0.0%","0.0%","0.0%"
"Jefferson","Punxsutawney Area HS","7th Grade","179","96.6%","96.6%","96.6%","96.6%","0.0%","96.6%","92.2%","92.7%","","","0.0%","3.4%","4.5%","0.0%","0.0%","0.0%"
"Jefferson","Punxsutawney Area HS","12th Grade","109","96.3%","95.4%","96.3%","95.4%","0.0%","95.4%","95.4%","","0.0%","90.8%","0.0%","5.5%","4.6%","0.0%","0.0%","0.0%"
"Jefferson","Punxsutawney Christian School","Kindergarten","7","","","","","","","","","","","","","","","",""
"Jefferson","Punxsutawney Christian School","7th Grade","3","","","","","","","","","","","","","","","",""
"Jefferson","Punxsutawney Christian School","12th Grade","1","","","","","","","","","","","","","","","",""
"Jefferson","Reitz Crossing Amish School","7th Grade","3","","","","","","","","","","","","","","","",""
"Jefferson","Rock Dump School","7th Grade","4","","","","","","","","","","","","","","","",""
"Jefferson","Saints Cosmas & Damian School","Kindergarten","15","","","","","","","","","","","","","","","",""
"Jefferson","Sawmill Road School","7th Grade","3","","","","","","","","","","","","","","","",""
"Jefferson","Spring Hollow Amish School","7th Grade","4","","","","","","","","","","","","","","","",""
"Jefferson","Sunset View Amish School","7th Grade","4","","","","","","","","","","","","","","","",""
"Jefferson","Trout Run School","7th Grade","2","","","","","","","","","","","","","","","",""
"Jefferson","Valier Valley","7th Grade","3","","","","","","","","","","","","","","","",""
"Jefferson","Valley View Amish School","7th Grade","1","","","","","","","","","","","","","","","",""
"Jefferson","Willow Drive School","7th Grade","5","","","","","","","","","","","","","","","",""
"Jefferson","Woodberry","7th Grade","4","","","","","","","","","","","","","","","",""
"Juniata","Black Rock Amish School","7th Grade","5","","","","","","","","","","","","","","","",""
"Juniata","Breezy Hollow Amish School","7th Grade","1","","","","","","","","","","","","","","","",""
"Juniata","Cedar View School","7th Grade","1","","","","","","","","","","","","","","","",""
"Juniata","Delaware Creek School","7th Grade","3","","","","","","","","","","","","","","","",""
"Juniata","East Juniata El Sch","Kindergarten","68","86.8%","88.2%","88.2%","88.2%","0.0%","88.2%","","","","","0.0%","4.4%","7.4%","1.5%","0.0%","0.0%"
"Juniata","East Juniata JSHS","7th Grade","60","96.7%","96.7%","95.0%","96.7%","0.0%","96.7%","88.3%","86.7%","","","0.0%","6.7%","6.7%","1.7%","0.0%","0.0%"
"Juniata","East Juniata JSHS","12th Grade","69","95.7%","95.7%","95.7%","94.2%","0.0%","95.7%","92.8%","","4.3%","81.2%","0.0%","7.2%","8.7%","2.9%","0.0%","0.0%"
"Juniata","East Salem Amish Parochial Sch","7th Grade","2","","","","","","","","","","","","","","","",""
"Juniata","Juniata Christian School","Kindergarten","15","","","","","","","","","","","","","","","",""
"Juniata","Juniata Christian School","7th Grade","13","","","","","","","","","","","","","","","",""
"Juniata","Juniata Christian School","12th Grade","8","","","","","","","","","","","","","","","",""
"Juniata","Juniata El Sch","Kindergarten","118","89.8%","91.5%","91.5%","94.1%","0.0%","90.7%","","","","","0.0%","1.7%","0.8%","5.1%","0.0%","2.5%"
"Juniata","Juniata SHS","12th Grade","139","95.7%","94.2%","95.0%","95.7%","2.2%","92.8%","92.1%","","0.0%","81.3%","0.0%","13.7%","1.4%","3.6%","0.0%","0.0%"
"Juniata","Kurtz Valley Amish School","7th Grade","1","","","","","","","","","","","","","","","",""
"Juniata","Laurel Run Amish School","7th Grade","2","","","","","","","","","","","","","","","",""
"Juniata","Mountain View Amish School","7th Grade","4","","","","","","","","","","","","","","","",""
"Juniata","Red Rock School","7th Grade","3","","","","","","","","","","","","","","","",""
"Juniata","Ridgeside School","7th Grade","2","","","","","","","","","","","","","","","",""
"Juniata","Shade Mountain Amish School","7th Grade","1","","","","","","","","","","","","","","","",""
"Juniata","Shade Mountain Christian School","7th Grade","6","","","","","","","","","","","","","","","",""
"Juniata","Soaring Heights School - Mifflin","Kindergarten","3","","","","","","","","","","","","","","","",""
"Juniata","Soaring Heights School - Mifflin","7th Grade","5","","","","","","","","","","","","","","","",""
"Juniata","Soaring Heights School - Mifflin","12th Grade","1","","","","","","","","","","","","","","","",""
"Juniata","Tuscarora MS","7th Grade","115","93.0%","93.0%","93.9%","93.9%","0.0%","93.9%","89.6%","89.6%","","","0.0%","1.7%","8.7%","0.9%","0.0%","0.0%"
"Juniata","Willow Springs Mennonite School","7th Grade","5","","","","","","","","","","","","","","","",""
"Juniata","Windy Acres School","7th Grade","1","","","","","","","","","","","","","","","",""
"Lackawanna","Abington Christian Academy","Kindergarten","9","","","","","","","","","","","","","","","",""
"Lackawanna","Abington Christian Academy","7th Grade","2","","","","","","","","","","","","","","","",""
"Lackawanna","Abington Christian Academy","12th Grade","2","","","","","","","","","","","","","","","",""
"Lackawanna","Abington Heights HS","12th Grade","289","99.0%","99.0%","97.9%","97.2%","1.0%","96.5%","98.3%","","0.7%","92.7%","1.0%","4.2%","3.8%","0.0%","0.0%","0.7%"
"Lackawanna","Abington Heights MS","7th Grade","243","94.7%","94.7%","94.7%","94.7%","0.0%","94.7%","94.2%","94.2%","","","0.4%","1.2%","2.9%","4.9%","0.0%","6.6%"
"Lackawanna","All Saints Academy","Kindergarten","18","","","","","","","","","","","","","","","",""
"Lackawanna","All Saints Academy","7th Grade","18","","","","","","","","","","","","","","","",""
"Lackawanna","Bais Yaakov of Scranton","12th Grade","1","","","","","","","","","","","","","","","",""
"Lackawanna","Carbondale Area JSHS","7th Grade","84","100.0%","100.0%","100.0%","100.0%","0.0%","100.0%","98.8%","98.8%","","","0.0%","1.2%","1.2%","0.0%","0.0%","0.0%"
"Lackawanna","Carbondale Area JSHS","12th Grade","138","100.0%","100.0%","100.0%","100.0%","0.0%","100.0%","100.0%","","0.7%","99.3%","0.0%","0.0%","0.0%","0.0%","0.0%","0.0%"
"Lackawanna","Carbondale El Sch","Kindergarten","96","96.9%","95.8%","95.8%","96.9%","0.0%","95.8%","","","","","0.0%","2.1%","2.1%","0.0%","0.0%","0.0%"
"Lackawanna","Charles Sumner #18","Kindergarten","55","94.5%","94.5%","98.2%","100.0%","0.0%","98.2%","","","","","0.0%","1.8%","0.0%","3.6%","0.0%","0.0%"
"Lackawanna","Clarks Summit El Sch","Kindergarten","67","94.0%","94.0%","94.0%","97.0%","0.0%","94.0%","","","","","0.0%","0.0%","3.0%","1.5%","0.0%","1.5%"
"Lackawanna","Discovery Montessori - Beech St., Scranton location","Kindergarten","4","","","","","","","","","","","","","","","",""
"Lackawanna","Discovery Montessori - N. Main Ave, Scranton Location","Kindergarten","7","","","","","","","","","","","","","","","",""
"Lackawanna","Dunmore El Ctr","Kindergarten","92","97.8%","97.8%","97.8%","98.9%","0.0%","97.8%","","","","","0.0%","0.0%","2.2%","0.0%","0.0%","0.0%"
"Lackawanna","Dunmore JSHS","7th Grade","101","98.0%","97.0%","98.0%","97.0%","0.0%","97.0%","98.0%","98.0%","","","1.0%","2.0%","2.0%","0.0%","0.0%","1.0%"
"Lackawanna","Dunmore JSHS","12th Grade","123","97.6%","97.6%","97.6%","98.4%","0.0%","96.7%","96.7%","","0.0%","93.5%","0.0%","4.1%","0.0%","1.6%","0.0%","2.4%"
"Lackawanna","Fell CS","Kindergarten","15","","","","","","","","","","","","","","","",""
"Lackawanna","Fell CS","7th Grade","7","","","","","","","","","","","","","","","",""
"Lackawanna","Frances Willard #32","Kindergarten","79","97.5%","98.7%","98.7%","98.7%","0.0%","98.7%","","","","","0.0%","0.0%","0.0%","2.5%","0.0%","0.0%"
"Lackawanna","Graham Academy","Kindergarten","5","","","","","","","","","","","","","","","",""
"Lackawanna","Graham Academy","7th Grade","7","","","","","","","","","","","","","","","",""
"Lackawanna","Graham Academy","12th Grade","3","","","","","","","","","","","","","","","",""
"Lackawanna","Gregory the Great Academy","12th Grade","11","","","","","","","","","","","","","","","",""
"Lackawanna","Holy Cross High School Dunmore Campus","12th Grade","75","100.0%","98.7%","100.0%","98.7%","0.0%","98.7%","100.0%","","0.0%","94.7%","0.0%","1.3%","0.0%","0.0%","0.0%","4.0%"
"Lackawanna","Isaac Tripp El Sch","Kindergarten","128","94.5%","93.8%","96.9%","97.7%","0.0%","95.3%","","","","","0.0%","3.1%","0.0%","5.5%","0.0%","0.0%"
"Lackawanna","Jefferson El Sch","Kindergarten","47","87.2%","85.1%","85.1%","85.1%","0.0%","85.1%","","","","","0.0%","10.6%","4.3%","0.0%","0.0%","0.0%"
"Lackawanna","John Adams #4","Kindergarten","57","93.0%","89.5%","98.2%","94.7%","0.0%","98.2%","","","","","0.0%","1.8%","0.0%","10.5%","0.0%","0.0%"
"Lackawanna","John F. Kennedy #7","Kindergarten","68","97.1%","97.1%","98.5%","98.5%","0.0%","98.5%","","","","","0.0%","1.5%","0.0%","0.0%","0.0%","2.9%"
"Lackawanna","John G Whittier #2","Kindergarten","89","97.8%","95.5%","100.0%","97.8%","0.0%","100.0%","","","","","0.0%","1.1%","1.1%","3.4%","0.0%","1.1%"
"Lackawanna","LaSalle Academy Jessup","Kindergarten","23","95.7%","95.7%","95.7%","95.7%","0.0%","95.7%","","","","","0.0%","0.0%","4.3%","0.0%","0.0%","0.0%"
"Lackawanna","LaSalle Academy Jessup","7th Grade","23","100.0%","100.0%","100.0%","100.0%","0.0%","100.0%","100.0%","100.0%","","","0.0%","0.0%","0.0%","0.0%","0.0%","0.0%"
"Lackawanna","Lakeland El Sch - Mayfield Campus","Kindergarten","44","97.7%","97.7%","97.7%","100.0%","0.0%","97.7%","","","","","0.0%","2.3%","0.0%","0.0%","0.0%","0.0%"
"Lackawanna","Lakeland El Sch - Scott Campus","Kindergarten","61","96.7%","96.7%","96.7%","96.7%","0.0%","96.7%","","","","","0.0%","1.6%","1.6%","0.0%","0.0%","0.0%"
"Lackawanna","Lakeland JSHS","7th Grade","100","98.0%","98.0%","99.0%","98.0%","0.0%","99.0%","96.0%","95.0%","","","0.0%","1.0%","4.0%","0.0%","0.0%","0.0%"
"Lackawanna","Lakeland JSHS","12th Grade","112","98.2%","98.2%","98.2%","98.2%","0.9%","97.3%","98.2%","","0.0%","97.3%","0.0%","0.9%","1.8%","0.0%","0.0%","0.0%"
"Lackawanna","McNichols Plaza","Kindergarten","74","98.6%","98.6%","98.6%","98.6%","0.0%","98.6%","","","","","0.0%","0.0%","1.4%","0.0%","0.0%","0.0%"
"Lackawanna","Merakey Education Center","12th Grade","1","","","","","","","","","","","","","","","",""
"Lackawanna","Mid Valley El Ctr","Kindergarten","119","98.3%","98.3%","98.3%","98.3%","0.0%","98.3%","","","","","0.0%","0.8%","0.8%","0.0%","0.0%","0.0%"
"Lackawanna","Mid Valley Secondary Center","7th Grade","158","99.4%","99.4%","99.4%","99.4%","0.6%","98.7%","100.0%","100.0%","","","0.0%","0.0%","0.6%","0.0%","0.0%","0.0%"
"Lackawanna","Mid Valley Secondary Center","12th Grade","154","100.0%","100.0%","100.0%","100.0%","0.6%","99.4%","100.0%","","0.0%","100.0%","0.0%","0.0%","0.0%","0.0%","0.0%","0.0%"
"Lackawanna","Milton Eisner Yeshiva HS","12th Grade","19","","","","","","","","","","","","","","","",""
"Lackawanna","Moscow El Sch","Kindergarten","136","92.6%","93.4%","91.9%","94.1%","0.0%","91.9%","","","","","1.5%","2.2%","3.7%","2.2%","0.0%","0.0%"
"Lackawanna","Nativity Miguel School of Scranton","7th Grade","17","","","","","","","","","","","","","","","",""
"Lackawanna","Neil Armstrong #40","Kindergarten","66","95.5%","97.0%","98.5%","97.0%","0.0%","98.5%","","","","","0.0%","1.5%","0.0%","1.5%","0.0%","1.5%"
"Lackawanna","New Story","Kindergarten","2","","","","","","","","","","","","","","","",""
"Lackawanna","New Story","7th Grade","4","","","","","","","","","","","","","","","",""
"Lackawanna","New Story","12th Grade","3","","","","","","","","","","","","","","","",""
"Lackawanna","Newton-Ransom Sch","Kindergarten","24","95.8%","95.8%","91.7%","95.8%","0.0%","91.7%","","","","","0.0%","4.2%","4.2%","0.0%","0.0%","0.0%"
"Lackawanna","North Pocono HS","12th Grade","228","96.1%","96.1%","96.1%","96.1%","0.9%","96.1%","96.1%","","0.0%","90.8%","0.9%","6.6%","0.9%","1.8%","0.0%","0.4%"
"Lackawanna","North Pocono Intmd Sch","7th Grade","1","","","","","","","","","","","","","","","",""
"Lackawanna","North Pocono MS","7th Grade","243","95.1%","94.7%","95.1%","95.9%","0.8%","94.7%","93.4%","93.8%","","","0.4%","3.7%","1.2%","0.0%","0.0%","1.6%"
"Lackawanna","Northeast Intrmd Sch","7th Grade","208","99.0%","99.0%","99.0%","99.0%","0.5%","99.0%","96.2%","96.2%","","","0.0%","2.4%","0.5%","0.0%","0.0%","1.0%"
"Lackawanna","Northeastern Educational IU 19","Kindergarten","11","","","","","","","","","","","","","","","",""
"Lackawanna","Northeastern Educational IU 19","7th Grade","4","","","","","","","","","","","","","","","",""
"Lackawanna","Northeastern Educational IU 19","12th Grade","41","95.1%","92.7%","97.6%","95.1%","0.0%","97.6%","95.1%","","0.0%","90.2%","2.4%","0.0%","2.4%","9.8%","0.0%","0.0%"
"Lackawanna","Old Forge El Sch","Kindergarten","84","91.7%","91.7%","94.0%","97.6%","0.0%","91.7%","","","","","1.2%","0.0%","0.0%","0.0%","0.0%","7.1%"
"Lackawanna","Old Forge JSHS","7th Grade","86","100.0%","100.0%","100.0%","100.0%","0.0%","100.0%","89.5%","89.5%","","","0.0%","0.0%","0.0%","0.0%","0.0%","10.5%"
"Lackawanna","Old Forge JSHS","12th Grade","73","100.0%","100.0%","100.0%","100.0%","0.0%","100.0%","100.0%","","8.2%","91.8%","0.0%","1.4%","1.4%","0.0%","0.0%","5.5%"
"Lackawanna","Our Lady of Peace School","Kindergarten","47","91.5%","91.5%","89.4%","97.9%","0.0%","89.4%","","","","","0.0%","2.1%","2.1%","0.0%","0.0%","8.5%"
"Lackawanna","Our Lady of Peace School","7th Grade","38","100.0%","100.0%","100.0%","100.0%","0.0%","100.0%","97.4%","100.0%","","","0.0%","0.0%","0.0%","0.0%","0.0%","2.6%"
"Lackawanna","Riverside El Sch West","Kindergarten","111","100.0%","100.0%","99.1%","100.0%","0.0%","99.1%","","","","","0.0%","0.9%","0.9%","0.0%","0.0%","0.0%"
"Lackawanna","Riverside JSHS","7th Grade","115","100.0%","100.0%","100.0%","100.0%","0.0%","100.0%","97.4%","97.4%","","","0.0%","1.7%","0.9%","0.0%","0.0%","0.0%"
"Lackawanna","Riverside JSHS","12th Grade","103","100.0%","100.0%","100.0%","100.0%","0.0%","100.0%","99.0%","","0.0%","99.0%","0.0%","0.0%","1.0%","0.0%","0.0%","0.0%"
"Lackawanna","Robert Morris #27","Kindergarten","51","94.1%","94.1%","94.1%","98.0%","2.0%","92.2%","","","","","0.0%","5.9%","0.0%","0.0%","0.0%","0.0%"
"Lackawanna","Scranton HS","7th Grade","59","98.3%","96.6%","98.3%","98.3%","0.0%","98.3%","96.6%","96.6%","","","0.0%","5.1%","0.0%","0.0%","0.0%","0.0%"
"Lackawanna","Scranton HS","12th Grade","453","98.7%","97.8%","98.9%","98.9%","0.2%","98.7%","98.7%","","3.1%","94.7%","0.2%","1.5%","0.0%","1.3%","0.0%","0.0%"
"Lackawanna","Scranton Hebrew Day School","Kindergarten","17","","","","","","","","","","","","","","","",""
"Lackawanna","Scranton Hebrew Day School","7th Grade","14","","","","","","","","","","","","","","","",""
"Lackawanna","Scranton Preparatory School","12th Grade","164","100.0%","100.0%","100.0%","100.0%","0.0%","100.0%","100.0%","","0.0%","97.0%","0.0%","3.0%","0.0%","0.0%","0.0%","0.0%"
"Lackawanna","South Abington Sch","Kindergarten","49","93.9%","93.9%","93.9%","95.9%","0.0%","91.8%","","","","","0.0%","4.1%","2.0%","2.0%","0.0%","0.0%"
"Lackawanna","South Scranton Intrmd Sch","7th Grade","167","98.2%","97.6%","97.6%","98.2%","0.6%","97.0%","94.6%","95.8%","","","0.0%","2.4%","0.0%","0.6%","0.0%","4.2%"
"Lackawanna","St Mary of Mt Carmel School","Kindergarten","18","","","","","","","","","","","","","","","",""
"Lackawanna","St Mary of Mt Carmel School","7th Grade","14","","","","","","","","","","","","","","","",""
"Lackawanna","St Paul St Clare School St Clare Campus","Kindergarten","33","100.0%","100.0%","100.0%","100.0%","0.0%","100.0%","","","","","0.0%","0.0%","0.0%","0.0%","0.0%","0.0%"
"Lackawanna","St Paul St Clare School St Paul Campus","7th Grade","31","100.0%","100.0%","100.0%","100.0%","0.0%","100.0%","100.0%","100.0%","","","0.0%","0.0%","0.0%","0.0%","0.0%","0.0%"
"Lackawanna","Valley View El Ctr","Kindergarten","176","97.7%","98.3%","98.3%","97.7%","0.0%","98.3%","","","","","0.0%","1.1%","0.6%","0.6%","0.0%","0.0%"
"Lackawanna","Valley View HS","12th Grade","168","98.8%","98.8%","98.8%","98.8%","1.8%","96.4%","97.6%","","0.0%","97.0%","1.8%","1.2%","0.0%","0.0%","0.0%","0.0%"
"Lackawanna","Valley View MS","7th Grade","202","99.5%","99.0%","99.0%","99.0%","0.0%","99.0%","97.0%","97.0%","","","0.0%","2.0%","1.0%","0.0%","0.0%","0.0%"
"Lackawanna","Waverly Sch","Kindergarten","46","100.0%","100.0%","100.0%","100.0%","0.0%","100.0%","","","","","0.0%","0.0%","0.0%","0.0%","0.0%","0.0%"
"Lackawanna","West Scranton HS","12th Grade","362","98.6%","98.9%","99.2%","98.6%","0.3%","98.6%","98.9%","","3.0%","95.6%","1.4%","0.3%","0.0%","0.8%","0.0%","0.0%"
"Lackawanna","West Scranton Intrmd Sch","7th Grade","198","98.0%","97.0%","99.5%","98.0%","0.0%","99.0%","97.5%","98.0%","","","0.0%","2.5%","0.5%","2.0%","0.0%","1.0%"
"Lackawanna","William Prescott #38","Kindergarten","58","94.8%","87.9%","96.6%","96.6%","0.0%","96.6%","","","","","0.0%","3.4%","0.0%","8.6%","0.0%","0.0%"
"Lackawanna","dePaul School in NEPA","7th Grade","7","","","","","","","","","","","","","","","",""
"Lancaster","Adamstown El Sch","Kindergarten","59","89.8%","88.1%","88.1%","89.8%","0.0%","88.1%","","","","","0.0%","8.5%","3.4%","0.0%","0.0%","0.0%"
"Lancaster","Airport View Amish School","7th Grade","5","","","","","","","","","","","","","","","",""
"Lancaster","Akron El Sch","Kindergarten","47","91.5%","91.5%","91.5%","93.6%","2.1%","91.5%","","","","","0.0%","4.3%","4.3%","0.0%","0.0%","0.0%"
"Lancaster","Amish Road School","7th Grade","3","","","","","","","","","","","","","","","",""
"Lancaster","Amsterdam School","7th Grade","3","","","","","","","","","","","","","","","",""
"Lancaster","Anchor Christian Academy","7th Grade","24","79.2%","62.5%","87.5%","79.2%","0.0%","83.3%","66.7%","62.5%","","","0.0%","37.5%","0.0%","0.0%","0.0%","4.2%"
"Lancaster","Anchor Christian Academy","12th Grade","7","","","","","","","","","","","","","","","",""
"Lancaster","Apple Grove Amish School","7th Grade","1","","","","","","","","","","","","","","","",""
"Lancaster","Ashville","7th Grade","3","","","","","","","","","","","","","","","",""
"Lancaster","Back Run Amish School","7th Grade","2","","","","","","","","","","","","","","","",""
"Lancaster","Bainbridge El Sch","Kindergarten","77","88.3%","88.3%","88.3%","88.3%","0.0%","88.3%","","","","","0.0%","9.1%","0.0%","2.6%","0.0%","0.0%"
"Lancaster","Baron EL Sch","Kindergarten","81","86.4%","85.2%","86.4%","87.7%","0.0%","85.2%","","","","","0.0%","11.1%","2.5%","1.2%","0.0%","1.2%"
"Lancaster","Bart-Colerain El Sch","Kindergarten","21","76.2%","76.2%","76.2%","90.5%","0.0%","76.2%","","","","","0.0%","9.5%","14.3%","0.0%","0.0%","0.0%"
"Lancaster","Bartville Amish School","7th Grade","2","","","","","","","","","","","","","","","",""
"Lancaster","Beartown School","7th Grade","4","","","","","","","","","","","","","","","",""
"Lancaster","Beaver Dam School","7th Grade","3","","","","","","","","","","","","","","","",""
"Lancaster","Beilers School","7th Grade","5","","","","","","","","","","","","","","","",""
"Lancaster","Bell Amish School","7th Grade","3","","","","","","","","","","","","","","","",""
"Lancaster","Bellaire Ridge Amish School","7th Grade","3","","","","","","","","","","","","","","","",""
"Lancaster","Bethany Parochial School","7th Grade","2","","","","","","","","","","","","","","","",""
"Lancaster","Blackhorse School","7th Grade","5","","","","","","","","","","","","","","","",""
"Lancaster","Blue Ball El Sch","Kindergarten","57","87.7%","89.5%","86.0%","94.7%","0.0%","87.7%","","","","","1.8%","0.0%","12.3%","0.0%","0.0%","0.0%"
"Lancaster","Boyers Run Mennonite School","7th Grade","3","","","","","","","","","","","","","","","",""
"Lancaster","Brecht Sch","Kindergarten","45","93.3%","93.3%","93.3%","93.3%","0.0%","93.3%","","","","","0.0%","4.4%","2.2%","0.0%","0.0%","0.0%"
"Lancaster","Brecknock El Sch","Kindergarten","62","85.5%","85.5%","80.6%","90.3%","0.0%","79.0%","","","","","0.0%","6.5%","6.5%","8.1%","0.0%","6.5%"
"Lancaster","Brick Amish School","7th Grade","3","","","","","","","","","","","","","","","",""
"Lancaster","Brickerville Mennonite School","7th Grade","8","","","","","","","","","","","","","","","",""
"Lancaster","Bridgeville School","7th Grade","4","","","","","","","","","","","","","","","",""
"Lancaster","Brownstown El Sch","Kindergarten","56","96.4%","94.6%","96.4%","94.6%","0.0%","92.9%","","","","","0.0%","7.1%","0.0%","0.0%","0.0%","0.0%"
"Lancaster","Brunners Grove School","7th Grade","2","","","","","","","","","","","","","","","",""
"Lancaster","Bucher Sch","Kindergarten","69","94.2%","94.2%","95.7%","98.6%","0.0%","97.1%","","","","","1.4%","0.0%","1.4%","2.9%","0.0%","0.0%"
"Lancaster","Buck View School","7th Grade","1","","","","","","","","","","","","","","","",""
"Lancaster","Buena Vista Amish School","7th Grade","1","","","","","","","","","","","","","","","",""
"Lancaster","Bunker Hill Amish School","7th Grade","3","","","","","","","","","","","","","","","",""
"Lancaster","Burrowes El Sch","Kindergarten","49","98.0%","100.0%","98.0%","100.0%","0.0%","98.0%","","","","","0.0%","0.0%","0.0%","2.0%","0.0%","0.0%"
"Lancaster","Byerland School","7th Grade","3","","","","","","","","","","","","","","","",""
"Lancaster","Byerstown School","7th Grade","1","","","","","","","","","","","","","","","",""
"Lancaster","Calamus Run School","7th Grade","2","","","","","","","","","","","","","","","",""
"Lancaster","Calvary Christian Academy","7th Grade","2","","","","","","","","","","","","","","","",""
"Lancaster","Calvary Christian Academy","12th Grade","2","","","","","","","","","","","","","","","",""
"Lancaster","Camebridge Parochial School","7th Grade","4","","","","","","","","","","","","","","","",""
"Lancaster","Cardinal Wing School","7th Grade","6","","","","","","","","","","","","","","","",""
"Lancaster","Carter and MacRae El Sch","Kindergarten","49","98.0%","98.0%","98.0%","98.0%","0.0%","98.0%","","","","","0.0%","0.0%","2.0%","0.0%","0.0%","0.0%"
"Lancaster","Catalyst Christian School","Kindergarten","30","76.7%","63.3%","66.7%","83.3%","0.0%","60.0%","","","","","0.0%","26.7%","3.3%","0.0%","0.0%","10.0%"
"Lancaster","Catalyst Christian School","7th Grade","21","76.2%","71.4%","76.2%","76.2%","0.0%","76.2%","71.4%","61.9%","","","0.0%","19.0%","4.8%","0.0%","0.0%","19.0%"
"Lancaster","Catalyst Christian School","12th Grade","10","","","","","","","","","","","","","","","",""
"Lancaster","Cattail Parochial School","7th Grade","2","","","","","","","","","","","","","","","",""
"Lancaster","Cedar Hill Amish School","7th Grade","5","","","","","","","","","","","","","","","",""
"Lancaster","Cedar Valley Amish School","7th Grade","2","","","","","","","","","","","","","","","",""
"Lancaster","Center Grove School","7th Grade","6","","","","","","","","","","","","","","","",""
"Lancaster","Center Parochial School","7th Grade","5","","","","","","","","","","","","","","","",""
"Lancaster","Center Square School","7th Grade","1","","","","","","","","","","","","","","","",""
"Lancaster","Centerville Amish School","7th Grade","1","","","","","","","","","","","","","","","",""
"Lancaster","Centerville El Sch","Kindergarten","60","98.3%","98.3%","98.3%","98.3%","3.3%","96.7%","","","","","0.0%","0.0%","1.7%","0.0%","0.0%","0.0%"
"Lancaster","Centerville MS","7th Grade","331","95.2%","94.6%","94.6%","94.0%","0.6%","93.1%","93.4%","93.4%","","","0.9%","3.3%","3.6%","0.0%","0.0%","0.3%"
"Lancaster","Central Manor El Sch","Kindergarten","59","89.8%","89.8%","89.8%","94.9%","0.0%","89.8%","","","","","0.0%","5.1%","6.8%","0.0%","1.7%","0.0%"
"Lancaster","Cherry Grove School","7th Grade","6","","","","","","","","","","","","","","","",""
"Lancaster","Cherry Lane Amish School","7th Grade","4","","","","","","","","","","","","","","","",""
"Lancaster","Chestnut Hill School - Christiana Location","7th Grade","4","","","","","","","","","","","","","","","",""
"Lancaster","Chestnut Hill School - Denver location","7th Grade","5","","","","","","","","","","","","","","","",""
"Lancaster","Chestnut Run School","7th Grade","4","","","","","","","","","","","","","","","",""
"Lancaster","Churchtown Parochial School","7th Grade","4","","","","","","","","","","","","","","","",""
"Lancaster","Clay El Sch","Kindergarten","79","79.7%","79.7%","79.7%","84.8%","0.0%","78.5%","","","","","1.3%","10.1%","8.9%","2.5%","0.0%","1.3%"
"Lancaster","Clearfield Amish School","7th Grade","3","","","","","","","","","","","","","","","",""
"Lancaster","Clearview Mennonite School","7th Grade","11","","","","","","","","","","","","","","","",""
"Lancaster","Clearview Parochial School","7th Grade","4","","","","","","","","","","","","","","","",""
"Lancaster","Clearview School","7th Grade","3","","","","","","","","","","","","","","","",""
"Lancaster","Clermont El Sch","Kindergarten","73","91.8%","91.8%","91.8%","91.8%","0.0%","91.8%","","","","","0.0%","1.4%","5.5%","0.0%","0.0%","2.7%"
"Lancaster","Climbers Run","7th Grade","2","","","","","","","","","","","","","","","",""
"Lancaster","Cocalico MS","7th Grade","257","85.6%","84.4%","84.4%","86.4%","1.6%","83.3%","80.5%","80.2%","","","0.8%","8.2%","5.4%","0.0%","0.0%","7.0%"
"Lancaster","Cocalico SHS","12th Grade","277","91.3%","88.8%","90.3%","90.3%","0.7%","86.6%","86.3%","","0.4%","79.4%","3.6%","4.3%","8.7%","0.0%","0.0%","7.6%"
"Lancaster","Collins School","7th Grade","2","","","","","","","","","","","","","","","",""
"Lancaster","Colonial Amish School","7th Grade","4","","","","","","","","","","","","","","","",""
"Lancaster","Columbia HS","12th Grade","80","97.5%","98.8%","98.8%","100.0%","0.0%","98.8%","96.2%","","0.0%","77.5%","1.2%","1.2%","3.8%","0.0%","0.0%","26.2%"
"Lancaster","Columbia MS Hill Campus","7th Grade","105","100.0%","99.0%","100.0%","99.0%","1.0%","99.0%","84.8%","82.9%","","","0.0%","1.9%","1.0%","0.0%","0.0%","30.5%"
"Lancaster","Compass School","7th Grade","2","","","","","","","","","","","","","","","",""
"Lancaster","Conestoga Christian School","Kindergarten","35","77.1%","65.7%","65.7%","82.9%","0.0%","60.0%","","","","","0.0%","0.0%","25.7%","14.3%","0.0%","14.3%"
"Lancaster","Conestoga Christian School","7th Grade","16","","","","","","","","","","","","","","","",""
"Lancaster","Conestoga Christian School","12th Grade","25","96.0%","88.0%","96.0%","96.0%","0.0%","96.0%","96.0%","","0.0%","56.0%","0.0%","12.0%","4.0%","32.0%","0.0%","32.0%"
"Lancaster","Conestoga El Sch","Kindergarten","41","90.2%","90.2%","90.2%","100.0%","0.0%","87.8%","","","","","0.0%","0.0%","7.3%","4.9%","0.0%","0.0%"
"Lancaster","Conestoga School","7th Grade","2","","","","","","","","","","","","","","","",""
"Lancaster","Conestoga Valley SHS","12th Grade","333","96.1%","96.4%","95.5%","96.4%","1.5%","90.7%","95.2%","","2.1%","87.4%","1.2%","2.1%","9.3%","0.0%","0.0%","0.0%"
"Lancaster","Conestoga View School","7th Grade","2","","","","","","","","","","","","","","","",""
"Lancaster","Cooperville Amish School","7th Grade","3","","","","","","","","","","","","","","","",""
"Lancaster","Cornerstone School","7th Grade","1","","","","","","","","","","","","","","","",""
"Lancaster","Country Knob School","7th Grade","2","","","","","","","","","","","","","","","",""
"Lancaster","Country Meadow School","7th Grade","3","","","","","","","","","","","","","","","",""
"Lancaster","Country View School","7th Grade","2","","","","","","","","","","","","","","","",""
"Lancaster","Countryside Amish School","7th Grade","3","","","","","","","","","","","","","","","",""
"Lancaster","Creek Hill School","7th Grade","2","","","","","","","","","","","","","","","",""
"Lancaster","Crystal Springs School","7th Grade","5","","","","","","","","","","","","","","","",""
"Lancaster","Dayspring Christian Academy","Kindergarten","25","76.0%","76.0%","76.0%","76.0%","0.0%","76.0%","","","","","0.0%","8.0%","0.0%","0.0%","0.0%","16.0%"
"Lancaster","Dayspring Christian Academy","7th Grade","36","58.3%","58.3%","58.3%","58.3%","0.0%","58.3%","41.7%","36.1%","","","2.8%","8.3%","22.2%","0.0%","0.0%","44.4%"
"Lancaster","Dayspring Christian Academy","12th Grade","27","48.1%","48.1%","48.1%","48.1%","0.0%","48.1%","48.1%","","48.1%","18.5%","3.7%","18.5%","29.6%","0.0%","0.0%","29.6%"
"Lancaster","Deer Hollow Amish School","7th Grade","2","","","","","","","","","","","","","","","",""
"Lancaster","Denver El Sch","Kindergarten","78","75.6%","70.5%","71.8%","78.2%","0.0%","71.8%","","","","","0.0%","10.3%","15.4%","0.0%","0.0%","3.8%"
"Lancaster","Diamond Road Menn School","7th Grade","5","","","","","","","","","","","","","","","",""
"Lancaster","Diem Woods Amish School","7th Grade","4","","","","","","","","","","","","","","","",""
"Lancaster","Doe Run El Sch","Kindergarten","145","77.2%","75.9%","75.2%","78.6%","0.0%","74.5%","","","","","0.0%","17.9%","4.8%","0.7%","0.0%","2.1%"
"Lancaster","Donegal HS","12th Grade","240","98.3%","97.9%","97.9%","97.9%","0.4%","97.9%","96.7%","","0.4%","90.8%","1.2%","4.6%","2.1%","1.7%","0.0%","1.7%"
"Lancaster","Donegal JHS","7th Grade","241","97.1%","95.0%","96.7%","97.5%","0.4%","96.3%","93.4%","92.9%","","","0.4%","4.1%","2.1%","0.0%","0.0%","1.2%"
"Lancaster","Donegal Primary School","Kindergarten","230","93.0%","90.0%","90.0%","94.3%","0.0%","90.0%","","","","","0.4%","4.3%","2.2%","1.3%","0.0%","2.6%"
"Lancaster","Dry Wells Amish Parochial School","7th Grade","4","","","","","","","","","","","","","","","",""
"Lancaster","Durlach Parochial School","7th Grade","2","","","","","","","","","","","","","","","",""
"Lancaster","Eagle Crest Amish School","7th Grade","1","","","","","","","","","","","","","","","",""
"Lancaster","Eagle View Amish School","7th Grade","3","","","","","","","","","","","","","","","",""
"Lancaster","East Earl Amish Parochial Sch","7th Grade","5","","","","","","","","","","","","","","","",""
"Lancaster","East Gordon View School","7th Grade","1","","","","","","","","","","","","","","","",""
"Lancaster","East High Street El Sch","Kindergarten","158","96.2%","96.2%","96.8%","96.8%","0.0%","96.8%","","","","","0.6%","1.3%","1.3%","0.6%","0.0%","0.0%"
"Lancaster","East Nickel Mines School","7th Grade","3","","","","","","","","","","","","","","","",""
"Lancaster","East Petersburg El Sch","Kindergarten","45","91.1%","91.1%","91.1%","91.1%","2.2%","88.9%","","","","","0.0%","0.0%","8.9%","0.0%","0.0%","0.0%"
"Lancaster","Eby Chiques School","7th Grade","2","","","","","","","","","","","","","","","",""
"Lancaster","Eden Meadows School","7th Grade","2","","","","","","","","","","","","","","","",""
"Lancaster","Edisonville School","7th Grade","3","","","","","","","","","","","","","","","",""
"Lancaster","Elizabethtown Area MS","7th Grade","282","96.5%","96.1%","94.3%","96.5%","0.4%","94.3%","93.3%","92.9%","","","0.0%","3.2%","3.9%","0.0%","0.0%","1.4%"
"Lancaster","Elizabethtown Area SHS","12th Grade","341","97.1%","97.1%","97.4%","96.8%","0.9%","96.2%","96.2%","","5.6%","90.9%","0.0%","3.8%","4.1%","0.6%","0.0%","1.8%"
"Lancaster","Elm School","7th Grade","4","","","","","","","","","","","","","","","",""
"Lancaster","Ephrata MS","7th Grade","299","91.0%","91.0%","91.0%","90.6%","1.0%","89.3%","87.6%","86.3%","","","0.7%","28.8%","7.4%","0.3%","0.0%","3.0%"
"Lancaster","Ephrata Mennonite School","Kindergarten","30","33.3%","33.3%","33.3%","53.3%","0.0%","33.3%","","","","","0.0%","16.7%","0.0%","0.0%","0.0%","50.0%"
"Lancaster","Ephrata Mennonite School","7th Grade","32","84.4%","84.4%","84.4%","87.5%","9.4%","75.0%","75.0%","65.6%","","","0.0%","25.0%","0.0%","0.0%","0.0%","18.8%"
"Lancaster","Ephrata Mennonite School","12th Grade","24","95.8%","95.8%","95.8%","95.8%","25.0%","75.0%","87.5%","","0.0%","54.2%","0.0%","8.3%","0.0%","0.0%","0.0%","41.7%"
"Lancaster","Ephrata SHS","12th Grade","355","94.9%","95.2%","96.1%","95.2%","3.1%","92.7%","95.2%","","1.7%","85.6%","2.8%","5.6%","3.9%","1.1%","0.0%","2.0%"
"Lancaster","Eshelman Run School","7th Grade","2","","","","","","","","","","","","","","","",""
"Lancaster","Eshleman El Sch","Kindergarten","36","94.4%","94.4%","88.9%","94.4%","0.0%","88.9%","","","","","0.0%","5.6%","5.6%","0.0%","0.0%","0.0%"
"Lancaster","Evergreen Ridge School","7th Grade","1","","","","","","","","","","","","","","","",""
"Lancaster","Fairfield School","7th Grade","2","","","","","","","","","","","","","","","",""
"Lancaster","Fairhaven Christian School","Kindergarten","9","","","","","","","","","","","","","","","",""
"Lancaster","Fairhaven Christian School","7th Grade","13","","","","","","","","","","","","","","","",""
"Lancaster","Fairland Road Amish School","7th Grade","3","","","","","","","","","","","","","","","",""
"Lancaster","Fairmount School","7th Grade","5","","","","","","","","","","","","","","","",""
"Lancaster","Fairview Amish School","7th Grade","6","","","","","","","","","","","","","","","",""
"Lancaster","Fairview Parochial School","7th Grade","1","","","","","","","","","","","","","","","",""
"Lancaster","Faith Mennonite High School","12th Grade","22","50.0%","59.1%","50.0%","59.1%","31.8%","36.4%","36.4%","","0.0%","9.1%","0.0%","22.7%","45.5%","0.0%","0.0%","22.7%"
"Lancaster","Farmdale El Sch","Kindergarten","42","100.0%","100.0%","97.6%","100.0%","0.0%","97.6%","","","","","2.4%","0.0%","0.0%","0.0%","0.0%","0.0%"
"Lancaster","Farmersville Mennonite School","7th Grade","6","","","","","","","","","","","","","","","",""
"Lancaster","Farmersville Parochial School","7th Grade","4","","","","","","","","","","","","","","","",""
"Lancaster","Fishers Amish School","7th Grade","2","","","","","","","","","","","","","","","",""
"Lancaster","Foggy Ridge Amish School","7th Grade","4","","","","","","","","","","","","","","","",""
"Lancaster","Forest View Amish School","7th Grade","4","","","","","","","","","","","","","","","",""
"Lancaster","Fritz El Sch","Kindergarten","75","93.3%","93.3%","94.7%","96.0%","0.0%","92.0%","","","","","0.0%","2.7%","5.3%","0.0%","0.0%","0.0%"
"Lancaster","Fulton El Sch - Ephrata location","Kindergarten","65","93.8%","92.3%","90.8%","93.8%","0.0%","90.8%","","","","","1.5%","6.2%","3.1%","0.0%","0.0%","0.0%"
"Lancaster","Fulton El Sch - Lancaster location","Kindergarten","48","93.8%","93.8%","95.8%","95.8%","0.0%","95.8%","","","","","0.0%","0.0%","6.2%","0.0%","0.0%","0.0%"
"Lancaster","Fulton View School","7th Grade","2","","","","","","","","","","","","","","","",""
"Lancaster","Gap View School","7th Grade","2","","","","","","","","","","","","","","","",""
"Lancaster","Garden Spot MS","7th Grade","257","89.1%","83.3%","87.2%","89.1%","1.9%","84.4%","76.3%","77.0%","","","0.0%","14.0%","7.0%","1.6%","0.0%","1.6%"
"Lancaster","Garden Spot SHS","12th Grade","223","96.0%","95.1%","96.0%","95.1%","3.6%","89.7%","88.8%","","2.2%","80.3%","0.4%","11.2%","4.5%","1.8%","0.0%","1.8%"
"Lancaster","Gehmans Mennonite School","Kindergarten","21","28.6%","28.6%","38.1%","52.4%","9.5%","28.6%","","","","","0.0%","28.6%","38.1%","4.8%","0.0%","4.8%"
"Lancaster","Gehmans Mennonite School","7th Grade","23","82.6%","82.6%","82.6%","87.0%","4.3%","78.3%","69.6%","69.6%","","","0.0%","21.7%","13.0%","0.0%","0.0%","0.0%"
"Lancaster","Georgetown School","7th Grade","3","","","","","","","","","","","","","","","",""
"Lancaster","Gerald G Huesken MS","7th Grade","292","93.2%","93.2%","93.5%","92.8%","1.4%","91.8%","89.7%","90.1%","","","0.7%","8.6%","2.1%","0.7%","0.0%","0.0%"
"Lancaster","Gibbons School","7th Grade","1","","","","","","","","","","","","","","","",""
"Lancaster","Glenwood Parochial School","7th Grade","7","","","","","","","","","","","","","","","",""
"Lancaster","Goods Mennonite School","7th Grade","1","","","","","","","","","","","","","","","",""
"Lancaster","Goods Parochial School","7th Grade","3","","","","","","","","","","","","","","","",""
"Lancaster","Grace Christian School","7th Grade","1","","","","","","","","","","","","","","","",""
"Lancaster","Grandview Heights","7th Grade","1","","","","","","","","","","","","","","","",""
"Lancaster","Green Lane School","7th Grade","4","","","","","","","","","","","","","","","",""
"Lancaster","Greenbank School","7th Grade","3","","","","","","","","","","","","","","","",""
"Lancaster","Greenland School","7th Grade","2","","","","","","","","","","","","","","","",""
"Lancaster","Greentree Amish School","7th Grade","2","","","","","","","","","","","","","","","",""
"Lancaster","Groffdale School","7th Grade","5","","","","","","","","","","","","","","","",""
"Lancaster","Hahnstown Mennonite School","7th Grade","9","","","","","","","","","","","","","","","",""
"Lancaster","Haiti Woods School","7th Grade","2","","","","","","","","","","","","","","","",""
"Lancaster","Hambright El Sch","Kindergarten","72","94.4%","91.7%","95.8%","98.6%","0.0%","94.4%","","","","","0.0%","1.4%","4.2%","2.8%","0.0%","0.0%"
"Lancaster","Hamilton El Sch","Kindergarten","59","93.2%","93.2%","96.6%","98.3%","0.0%","94.9%","","","","","5.1%","0.0%","0.0%","3.4%","0.0%","0.0%"
"Lancaster","Hammercreek Amish School","7th Grade","2","","","","","","","","","","","","","","","",""
"Lancaster","Harmony Ridge School","7th Grade","2","","","","","","","","","","","","","","","",""
"Lancaster","Harristown Amish School","7th Grade","2","","","","","","","","","","","","","","","",""
"Lancaster","Hartman Station Amish School","7th Grade","2","","","","","","","","","","","","","","","",""
"Lancaster","Harvest Lane Amish School","7th Grade","2","","","","","","","","","","","","","","","",""
"Lancaster","Hawksville Amish School","7th Grade","4","","","","","","","","","","","","","","","",""
"Lancaster","Hempfield SHS","12th Grade","615","98.4%","97.2%","97.1%","97.9%","0.5%","96.9%","97.7%","","0.0%","94.5%","1.1%","1.3%","5.7%","0.5%","0.0%","0.0%"
"Lancaster","Hersheys Corner Amish School","7th Grade","3","","","","","","","","","","","","","","","",""
"Lancaster","Hess School","7th Grade","4","","","","","","","","","","","","","","","",""
"Lancaster","Hess View School","7th Grade","6","","","","","","","","","","","","","","","",""
"Lancaster","Hickory Grove School","7th Grade","3","","","","","","","","","","","","","","","",""
"Lancaster","Hidden Meadow School","7th Grade","3","","","","","","","","","","","","","","","",""
"Lancaster","Highfield Parochial School","7th Grade","3","","","","","","","","","","","","","","","",""
"Lancaster","Highland El Sch","Kindergarten","75","93.3%","93.3%","94.7%","92.0%","0.0%","85.3%","","","","","0.0%","10.7%","2.7%","4.0%","0.0%","0.0%"
"Lancaster","Hill Top School","7th Grade","3","","","","","","","","","","","","","","","",""
"Lancaster","Hilldale Amish Parochial School","7th Grade","4","","","","","","","","","","","","","","","",""
"Lancaster","Hillside Parochial School","7th Grade","9","","","","","","","","","","","","","","","",""
"Lancaster","Hillside School","7th Grade","3","","","","","","","","","","","","","","","",""
"Lancaster","Hillside View Amish School","7th Grade","1","","","","","","","","","","","","","","","",""
"Lancaster","Hinkletown Mennonite School","Kindergarten","30","66.7%","66.7%","70.0%","73.3%","0.0%","70.0%","","","","","0.0%","3.3%","23.3%","0.0%","0.0%","6.7%"
"Lancaster","Hinkletown Mennonite School","7th Grade","15","","","","","","","","","","","","","","","",""
"Lancaster","Hinkletown Mennonite School","12th Grade","9","","","","","","","","","","","","","","","",""
"Lancaster","Hollow Parochial School","7th Grade","3","","","","","","","","","","","","","","","",""
"Lancaster","Honeysuckle Amish School","7th Grade","2","","","","","","","","","","","","","","","",""
"Lancaster","Irishtown Road School","7th Grade","2","","","","","","","","","","","","","","","",""
"Lancaster","Iron Grove SChool","7th Grade","4","","","","","","","","","","","","","","","",""
"Lancaster","Iva School","7th Grade","4","","","","","","","","","","","","","","","",""
"Lancaster","Jackson MS","7th Grade","172","97.1%","97.7%","98.3%","98.3%","0.6%","97.7%","97.7%","97.7%","","","0.0%","0.0%","0.6%","2.3%","0.0%","0.0%"
"Lancaster","Janus School","7th Grade","5","","","","","","","","","","","","","","","",""
"Lancaster","Janus School","12th Grade","10","","","","","","","","","","","","","","","",""
"Lancaster","Jenkins School","Kindergarten","15","","","","","","","","","","","","","","","",""
"Lancaster","John Beck El Sch","Kindergarten","59","88.1%","88.1%","88.1%","89.8%","0.0%","88.1%","","","","","0.0%","8.5%","5.1%","0.0%","0.0%","0.0%"
"Lancaster","John R Bonfield El Sch","Kindergarten","59","91.5%","91.5%","89.8%","91.5%","0.0%","89.8%","","","","","1.7%","3.4%","5.1%","0.0%","0.0%","0.0%"
"Lancaster","Kelly School","Kindergarten","4","","","","","","","","","","","","","","","",""
"Lancaster","Kelly School","7th Grade","5","","","","","","","","","","","","","","","",""
"Lancaster","Kelly School","12th Grade","3","","","","","","","","","","","","","","","",""
"Lancaster","Keystone Amish School","7th Grade","3","","","","","","","","","","","","","","","",""
"Lancaster","King El Sch","Kindergarten","56","92.9%","92.9%","92.9%","98.2%","1.8%","91.1%","","","","","0.0%","0.0%","7.1%","0.0%","0.0%","0.0%"
"Lancaster","Kingdom Builders Academy","Kindergarten","2","","","","","","","","","","","","","","","",""
"Lancaster","Kingdom Builders Academy","7th Grade","3","","","","","","","","","","","","","","","",""
"Lancaster","Kissel Hill El Sch","Kindergarten","67","89.6%","89.6%","89.6%","92.5%","1.5%","88.1%","","","","","0.0%","9.0%","1.5%","1.5%","0.0%","0.0%"
"Lancaster","Knott Run School","7th Grade","4","","","","","","","","","","","","","","","",""
"Lancaster","Kramer Mill School","7th Grade","8","","","","","","","","","","","","","","","",""
"Lancaster","Krantz Mill School","7th Grade","2","","","","","","","","","","","","","","","",""
"Lancaster","Kraybill Mennonite School","Kindergarten","39","79.5%","76.9%","76.9%","74.4%","0.0%","74.4%","","","","","0.0%","15.4%","0.0%","0.0%","0.0%","12.8%"
"Lancaster","Kraybill Mennonite School","7th Grade","17","","","","","","","","","","","","","","","",""
"Lancaster","La Academia Partnership CS","7th Grade","27","100.0%","100.0%","100.0%","100.0%","0.0%","96.3%","88.9%","85.2%","","","0.0%","0.0%","0.0%","0.0%","0.0%","14.8%"
"Lancaster","La Academia Partnership CS","12th Grade","27","100.0%","100.0%","100.0%","100.0%","0.0%","100.0%","100.0%","","18.5%","81.5%","0.0%","0.0%","0.0%","0.0%","0.0%","18.5%"
"Lancaster","Lafayette El Sch","Kindergarten","63","93.7%","92.1%","95.2%","98.4%","0.0%","95.2%","","","","","0.0%","0.0%","4.8%","3.2%","0.0%","0.0%"
"Lancaster","Lampeter-Strasburg Early Childhood Center","Kindergarten","197","85.8%","85.3%","85.3%","90.4%","0.0%","85.3%","","","","","0.5%","10.7%","2.5%","1.0%","0.0%","0.0%"
"Lancaster","Lampeter-Strasburg SHS","12th Grade","242","93.4%","92.6%","93.8%","94.2%","1.7%","92.6%","92.6%","","2.1%","88.4%","0.4%","11.6%","0.8%","0.0%","0.0%","0.0%"
"Lancaster","Lancaster Catholic High School","12th Grade","118","94.9%","94.1%","94.9%","94.9%","1.7%","93.2%","94.1%","","0.0%","72.0%","0.0%","2.5%","2.5%","0.0%","0.0%","22.9%"
"Lancaster","Lancaster Country Day School","Kindergarten","24","95.8%","95.8%","91.7%","95.8%","0.0%","95.8%","","","","","0.0%","4.2%","0.0%","4.2%","0.0%","0.0%"
"Lancaster","Lancaster Country Day School","7th Grade","47","89.4%","89.4%","91.5%","91.5%","0.0%","91.5%","91.5%","91.5%","","","2.1%","6.4%","0.0%","4.3%","0.0%","0.0%"
"Lancaster","Lancaster Country Day School","12th Grade","52","100.0%","98.1%","98.1%","96.2%","1.9%","98.1%","98.1%","","0.0%","92.3%","3.8%","1.9%","0.0%","7.7%","0.0%","0.0%"
"Lancaster","Lancaster County Christian School","Kindergarten","40","77.5%","67.5%","67.5%","82.5%","0.0%","65.0%","","","","","0.0%","35.0%","0.0%","0.0%","0.0%","0.0%"
"Lancaster","Lancaster County Christian School","7th Grade","31","87.1%","87.1%","87.1%","87.1%","0.0%","87.1%","77.4%","77.4%","","","0.0%","22.6%","0.0%","0.0%","0.0%","0.0%"
"Lancaster","Lancaster County Christian School","12th Grade","24","100.0%","100.0%","100.0%","95.8%","4.2%","95.8%","100.0%","","4.2%","79.2%","0.0%","12.5%","0.0%","0.0%","0.0%","4.2%"
"Lancaster","Lancaster Mennonite School Lancaster Campus","Kindergarten","26","92.3%","92.3%","92.3%","92.3%","0.0%","92.3%","","","","","0.0%","3.8%","0.0%","3.8%","0.0%","0.0%"
"Lancaster","Lancaster Mennonite School Lancaster Campus","7th Grade","28","85.7%","85.7%","89.3%","85.7%","0.0%","82.1%","78.6%","71.4%","","","0.0%","17.9%","0.0%","0.0%","0.0%","14.3%"
"Lancaster","Lancaster Mennonite School Lancaster Campus","12th Grade","60","83.3%","85.0%","83.3%","86.7%","0.0%","78.3%","88.3%","","8.3%","58.3%","1.7%","3.3%","3.3%","20.0%","0.0%","16.7%"
"Lancaster","Lancaster-Lebanon IU 13","Kindergarten","4","","","","","","","","","","","","","","","",""
"Lancaster","Lancaster-Lebanon IU 13","7th Grade","14","","","","","","","","","","","","","","","",""
"Lancaster","Lancaster-Lebanon IU 13","12th Grade","118","98.3%","97.5%","96.6%","96.6%","12.7%","83.1%","98.3%","","3.4%","91.5%","7.6%","0.8%","1.7%","0.0%","0.0%","0.0%"
"Lancaster","Landis Hill Parochial School","7th Grade","5","","","","","","","","","","","","","","","",""
"Lancaster","Landis Run Intermediate School","7th Grade","1","","","","","","","","","","","","","","","",""
"Lancaster","Landisville MS","7th Grade","247","93.9%","98.0%","98.0%","98.0%","0.0%","97.6%","93.9%","93.9%","","","0.8%","2.4%","3.6%","12.1%","0.0%","0.0%"
"Lancaster","Landisville Pri Ctr","Kindergarten","113","96.5%","96.5%","96.5%","96.5%","0.0%","96.5%","","","","","0.0%","0.0%","1.8%","1.8%","0.0%","0.0%"
"Lancaster","Laurel Ridge Mennonite School","7th Grade","6","","","","","","","","","","","","","","","",""
"Lancaster","Leola El Sch","Kindergarten","36","91.7%","88.9%","94.4%","94.4%","0.0%","94.4%","","","","","2.8%","5.6%","2.8%","0.0%","0.0%","0.0%"
"Lancaster","Letort El Sch","Kindergarten","34","94.1%","94.1%","94.1%","97.1%","0.0%","94.1%","","","","","0.0%","2.9%","2.9%","0.0%","0.0%","0.0%"
"Lancaster","Liberty View School","7th Grade","2","","","","","","","","","","","","","","","",""
"Lancaster","Lime Quarry School","7th Grade","5","","","","","","","","","","","","","","","",""
"Lancaster","Lime Rock School","7th Grade","3","","","","","","","","","","","","","","","",""
"Lancaster","Lincoln Garden School","7th Grade","4","","","","","","","","","","","","","","","",""
"Lancaster","Lincoln Independent Mennonite School","7th Grade","12","","","","","","","","","","","","","","","",""
"Lancaster","Lincoln MS","7th Grade","157","96.8%","98.7%","100.0%","100.0%","0.0%","99.4%","96.8%","96.8%","","","0.0%","0.0%","5.7%","0.0%","0.0%","0.6%"
"Lancaster","Linden Grove School","7th Grade","6","","","","","","","","","","","","","","","",""
"Lancaster","Linden Hall","7th Grade","6","","","","","","","","","","","","","","","",""
"Lancaster","Linden Hall","12th Grade","18","","","","","","","","","","","","","","","",""
"Lancaster","Linestown Amish School","7th Grade","2","","","","","","","","","","","","","","","",""
"Lancaster","Linville Hill Christian High School","7th Grade","27","63.0%","59.3%","59.3%","70.4%","3.7%","63.0%","37.0%","33.3%","","","0.0%","33.3%","25.9%","0.0%","0.0%","14.8%"
"Lancaster","Linville Hill Christian High School","12th Grade","29","79.3%","75.9%","75.9%","82.8%","13.8%","62.1%","65.5%","","0.0%","37.9%","0.0%","37.9%","10.3%","0.0%","0.0%","20.7%"
"Lancaster","Linville Hill Christian School","Kindergarten","31","38.7%","35.5%","35.5%","45.2%","0.0%","35.5%","","","","","0.0%","16.1%","35.5%","0.0%","0.0%","16.1%"
"Lancaster","Lititz Christian School","Kindergarten","11","","","","","","","","","","","","","","","",""
"Lancaster","Lititz Christian School","7th Grade","14","","","","","","","","","","","","","","","",""
"Lancaster","Lititz Christian School","12th Grade","9","","","","","","","","","","","","","","","",""
"Lancaster","Lititz El Sch","Kindergarten","58","94.8%","94.8%","93.1%","94.8%","0.0%","94.8%","","","","","0.0%","1.7%","5.2%","0.0%","0.0%","0.0%"
"Lancaster","Locust Ridge Amish School","7th Grade","2","","","","","","","","","","","","","","","",""
"Lancaster","Loop Road Amish School","7th Grade","2","","","","","","","","","","","","","","","",""
"Lancaster","Lynwood School","7th Grade","8","","","","","","","","","","","","","","","",""
"Lancaster","Manheim Central MS","7th Grade","229","94.8%","94.3%","94.8%","95.2%","1.3%","91.7%","86.9%","85.6%","","","0.4%","10.9%","2.2%","0.4%","0.0%","1.7%"
"Lancaster","Manheim Central SHS","12th Grade","233","91.4%","91.4%","91.4%","90.6%","1.3%","90.1%","91.4%","","0.4%","85.8%","1.3%","8.2%","3.9%","0.0%","0.0%","0.9%"
"Lancaster","Manheim Christian Day School","Kindergarten","29","55.2%","55.2%","58.6%","82.8%","0.0%","55.2%","","","","","0.0%","44.8%","0.0%","3.4%","0.0%","3.4%"
"Lancaster","Manheim Christian Day School","7th Grade","12","","","","","","","","","","","","","","","",""
"Lancaster","Manheim Twp HS","12th Grade","474","94.1%","93.7%","97.0%","97.3%","1.1%","95.4%","97.0%","","7.6%","89.7%","2.5%","3.6%","1.7%","3.0%","0.0%","0.0%"
"Lancaster","Manheim Twp MS","7th Grade","476","94.5%","93.5%","95.8%","96.4%","0.8%","95.2%","93.5%","93.3%","","","0.4%","2.3%","2.3%","0.8%","0.0%","0.8%"
"Lancaster","Manor Middle School","7th Grade","249","96.8%","96.4%","96.4%","96.4%","0.4%","96.0%","95.6%","95.6%","","","1.2%","2.8%","1.6%","0.4%","0.0%","0.0%"
"Lancaster","Maple Grove Mennonite Academy","7th Grade","1","","","","","","","","","","","","","","","",""
"Lancaster","Maple Hillside Amish School","7th Grade","2","","","","","","","","","","","","","","","",""
"Lancaster","Martic El Sch","Kindergarten","42","90.5%","88.1%","90.5%","92.9%","0.0%","90.5%","","","","","0.0%","2.4%","9.5%","0.0%","0.0%","0.0%"
"Lancaster","Marticville MS","7th Grade","207","92.3%","91.3%","90.8%","92.8%","0.5%","90.3%","88.9%","88.4%","","","0.5%","11.6%","1.9%","0.0%","0.0%","0.0%"
"Lancaster","Martin Meylin MS","7th Grade","261","90.8%","90.4%","92.7%","84.3%","0.8%","91.6%","87.4%","86.6%","","","0.8%","14.9%","2.3%","0.0%","0.0%","0.0%"
"Lancaster","Martin School","Kindergarten","44","95.5%","95.5%","95.5%","97.7%","0.0%","93.2%","","","","","0.0%","0.0%","2.3%","4.5%","0.0%","0.0%"
"Lancaster","Martin School","7th Grade","80","98.8%","100.0%","100.0%","100.0%","0.0%","100.0%","96.2%","96.2%","","","0.0%","0.0%","1.2%","2.5%","0.0%","0.0%"
"Lancaster","Martindale Parochial School","7th Grade","3","","","","","","","","","","","","","","","",""
"Lancaster","Mary Francis Bachmann School","7th Grade","8","","","","","","","","","","","","","","","",""
"Lancaster","Maxwell School","7th Grade","1","","","","","","","","","","","","","","","",""
"Lancaster","McCaskey Campus","12th Grade","466","97.9%","97.6%","97.9%","97.0%","2.8%","95.7%","98.9%","","5.6%","92.9%","0.9%","2.1%","0.0%","2.6%","0.0%","0.0%"
"Lancaster","Meadeville Amish School","7th Grade","5","","","","","","","","","","","","","","","",""
"Lancaster","Meadow Creek Parochial School","7th Grade","7","","","","","","","","","","","","","","","",""
"Lancaster","Meadow Lane School","7th Grade","6","","","","","","","","","","","","","","","",""
"Lancaster","Meadow Ridge School","7th Grade","4","","","","","","","","","","","","","","","",""
"Lancaster","Meadow Springs Parochial Sch","7th Grade","1","","","","","","","","","","","","","","","",""
"Lancaster","Meadow View Parochial School","7th Grade","2","","","","","","","","","","","","","","","",""
"Lancaster","Meadowbrook School","7th Grade","4","","","","","","","","","","","","","","","",""
"Lancaster","Meadows of Hope Christian School","7th Grade","3","","","","","","","","","","","","","","","",""
"Lancaster","Meadowview School","7th Grade","4","","","","","","","","","","","","","","","",""
"Lancaster","Meetinghouse Road School","7th Grade","1","","","","","","","","","","","","","","","",""
"Lancaster","Metzlers Mennonite School","7th Grade","2","","","","","","","","","","","","","","","",""
"Lancaster","Middle Creek Parochial School","7th Grade","4","","","","","","","","","","","","","","","",""
"Lancaster","Mill Creek School","7th Grade","3","","","","","","","","","","","","","","","",""
"Lancaster","Mill Creek Valley Parochial School","7th Grade","4","","","","","","","","","","","","","","","",""
"Lancaster","Mill Run School","7th Grade","5","","","","","","","","","","","","","","","",""
"Lancaster","Millport Mennonite School","7th Grade","6","","","","","","","","","","","","","","","",""
"Lancaster","Millway School","7th Grade","3","","","","","","","","","","","","","","","",""
"Lancaster","Millwood School","7th Grade","5","","","","","","","","","","","","","","","",""
"Lancaster","Milton Grove Amish School","7th Grade","3","","","","","","","","","","","","","","","",""
"Lancaster","Minnich School","7th Grade","4","","","","","","","","","","","","","","","",""
"Lancaster","Misty Meadow School","7th Grade","2","","","","","","","","","","","","","","","",""
"Lancaster","Montessori Academy of Lancaster","Kindergarten","30","93.3%","93.3%","93.3%","93.3%","0.0%","93.3%","","","","","0.0%","6.7%","0.0%","0.0%","0.0%","0.0%"
"Lancaster","Morris Hill School","7th Grade","3","","","","","","","","","","","","","","","",""
"Lancaster","Mount Calvary Christian School","Kindergarten","66","74.2%","72.7%","72.7%","81.8%","1.5%","72.7%","","","","","0.0%","0.0%","28.8%","0.0%","0.0%","0.0%"
"Lancaster","Mount Calvary Christian School","7th Grade","67","92.5%","91.0%","91.0%","92.5%","0.0%","88.1%","83.6%","79.1%","","","0.0%","0.0%","23.9%","0.0%","0.0%","0.0%"
"Lancaster","Mount Calvary Christian School","12th Grade","43","93.0%","90.7%","93.0%","90.7%","0.0%","90.7%","88.4%","","0.0%","83.7%","0.0%","0.0%","11.6%","4.7%","0.0%","0.0%"
"Lancaster","Mount Pleasant View School","7th Grade","5","","","","","","","","","","","","","","","",""
"Lancaster","Mountain Side School","7th Grade","4","","","","","","","","","","","","","","","",""
"Lancaster","Mountville El Sch","Kindergarten","64","100.0%","100.0%","100.0%","100.0%","0.0%","100.0%","","","","","0.0%","0.0%","0.0%","0.0%","0.0%","0.0%"
"Lancaster","Muddy Creek Christian School","7th Grade","6","","","","","","","","","","","","","","","",""
"Lancaster","Muddy Run Amish School","7th Grade","4","","","","","","","","","","","","","","","",""
"Lancaster","Mussers Parochial School","7th Grade","4","","","","","","","","","","","","","","","",""
"Lancaster","Myers School","7th Grade","4","","","","","","","","","","","","","","","",""
"Lancaster","Napierville Mennonite School","7th Grade","5","","","","","","","","","","","","","","","",""
"Lancaster","Narvon Run School","7th Grade","5","","","","","","","","","","","","","","","",""
"Lancaster","Neff Sch","Kindergarten","53","96.2%","96.2%","98.1%","96.2%","0.0%","98.1%","","","","","0.0%","1.9%","0.0%","1.9%","0.0%","0.0%"
"Lancaster","New Danville School","7th Grade","1","","","","","","","","","","","","","","","",""
"Lancaster","New Haven Mennonite School","Kindergarten","13","","","","","","","","","","","","","","","",""
"Lancaster","New Haven Mennonite School","7th Grade","13","","","","","","","","","","","","","","","",""
"Lancaster","New Holland Elementary","Kindergarten","62","83.9%","83.9%","83.9%","87.1%","0.0%","82.3%","","","","","0.0%","6.5%","6.5%","1.6%","0.0%","4.8%"
"Lancaster","New Hope Parochial School","7th Grade","1","","","","","","","","","","","","","","","",""
"Lancaster","New Milltown Amish Paroch Sch","7th Grade","2","","","","","","","","","","","","","","","",""
"Lancaster","New Providence School","7th Grade","3","","","","","","","","","","","","","","","",""
"Lancaster","New School of Lancaster","Kindergarten","19","","","","","","","","","","","","","","","",""
"Lancaster","New School of Lancaster","7th Grade","4","","","","","","","","","","","","","","","",""
"Lancaster","New Story","Kindergarten","11","","","","","","","","","","","","","","","",""
"Lancaster","New Story","7th Grade","21","90.5%","90.5%","90.5%","90.5%","0.0%","90.5%","90.5%","90.5%","","","0.0%","4.8%","4.8%","0.0%","0.0%","0.0%"
"Lancaster","New Story","12th Grade","7","","","","","","","","","","","","","","","",""
"Lancaster","New Texas Amish Parochial School","7th Grade","3","","","","","","","","","","","","","","","",""
"Lancaster","Newport School","7th Grade","3","","","","","","","","","","","","","","","",""
"Lancaster","Nitrauer Sch","Kindergarten","92","90.2%","90.2%","91.3%","95.7%","0.0%","90.2%","","","","","0.0%","5.4%","0.0%","4.3%","0.0%","0.0%"
"Lancaster","Noble Oak School","7th Grade","2","","","","","","","","","","","","","","","",""
"Lancaster","North Jackson Amish School","7th Grade","4","","","","","","","","","","","","","","","",""
"Lancaster","North Star School","7th Grade","2","","","","","","","","","","","","","","","",""
"Lancaster","Oak Grove Amish School","7th Grade","3","","","","","","","","","","","","","","","",""
"Lancaster","Oak Lane Mennonite School","7th Grade","3","","","","","","","","","","","","","","","",""
"Lancaster","Oak Ridge Amish School","7th Grade","4","","","","","","","","","","","","","","","",""
"Lancaster","Oak Shade School","7th Grade","2","","","","","","","","","","","","","","","",""
"Lancaster","Old Line Amish School","7th Grade","5","","","","","","","","","","","","","","","",""
"Lancaster","Our Lady of the Angels School","Kindergarten","16","","","","","","","","","","","","","","","",""
"Lancaster","Our Lady of the Angels School","7th Grade","4","","","","","","","","","","","","","","","",""
"Lancaster","Our Mother Perpetual Help","Kindergarten","22","90.9%","90.9%","81.8%","100.0%","0.0%","81.8%","","","","","0.0%","9.1%","0.0%","0.0%","0.0%","9.1%"
"Lancaster","Our Mother Perpetual Help","7th Grade","12","","","","","","","","","","","","","","","",""
"Lancaster","Paradise El Sch","Kindergarten","52","80.8%","80.8%","84.6%","88.5%","0.0%","84.6%","","","","","0.0%","3.8%","9.6%","5.8%","0.0%","0.0%"
"Lancaster","Paradise Lane School","7th Grade","2","","","","","","","","","","","","","","","",""
"Lancaster","Park El Sch","Kindergarten","87","96.6%","96.6%","98.9%","97.7%","0.0%","97.7%","","","","","0.0%","0.0%","0.0%","0.0%","0.0%","6.9%"
"Lancaster","Parkside Amish School","7th Grade","2","","","","","","","","","","","","","","","",""
"Lancaster","Peaceful View School","7th Grade","1","","","","","","","","","","","","","","","",""
"Lancaster","Peach Lane School","7th Grade","2","","","","","","","","","","","","","","","",""
"Lancaster","Pencroft School","7th Grade","3","","","","","","","","","","","","","","","",""
"Lancaster","Penn Johns Parochial School","7th Grade","3","","","","","","","","","","","","","","","",""
"Lancaster","Penn Manor HS","12th Grade","458","96.5%","96.7%","96.7%","96.3%","1.3%","95.2%","95.0%","","0.2%","89.7%","1.3%","3.7%","4.1%","0.2%","0.0%","2.6%"
"Lancaster","Pennsy Ridge School","7th Grade","2","","","","","","","","","","","","","","","",""
"Lancaster","Pequea Christian School","Kindergarten","12","","","","","","","","","","","","","","","",""
"Lancaster","Pequea Christian School","7th Grade","10","","","","","","","","","","","","","","","",""
"Lancaster","Pequea El Sch","Kindergarten","46","84.8%","84.8%","84.8%","91.3%","0.0%","84.8%","","","","","0.0%","6.5%","8.7%","2.2%","0.0%","0.0%"
"Lancaster","Pequea Mennonite School","7th Grade","5","","","","","","","","","","","","","","","",""
"Lancaster","Pequea Valley Secondary Sch","7th Grade","113","83.2%","81.4%","83.2%","85.8%","0.9%","84.1%","77.9%","78.8%","","","0.9%","7.1%","11.5%","0.0%","0.0%","6.2%"
"Lancaster","Pequea Valley Secondary Sch","12th Grade","124","89.5%","89.5%","91.1%","90.3%","0.8%","91.1%","85.5%","","0.8%","76.6%","0.8%","8.1%","13.7%","0.8%","0.0%","1.6%"
"Lancaster","Phoenix Academy","12th Grade","45","93.3%","100.0%","100.0%","100.0%","2.2%","97.8%","100.0%","","2.2%","91.1%","0.0%","0.0%","0.0%","4.4%","2.2%","0.0%"
"Lancaster","Picadilly Ridge School","7th Grade","4","","","","","","","","","","","","","","","",""
"Lancaster","Pieffer Hill Parochial School","7th Grade","4","","","","","","","","","","","","","","","",""
"Lancaster","Pine Crest Amish School","7th Grade","4","","","","","","","","","","","","","","","",""
"Lancaster","Pine Curve School","7th Grade","7","","","","","","","","","","","","","","","",""
"Lancaster","Pine Grove Amish School","7th Grade","3","","","","","","","","","","","","","","","",""
"Lancaster","Pine Knob School","7th Grade","1","","","","","","","","","","","","","","","",""
"Lancaster","Pleasant Grove School","7th Grade","1","","","","","","","","","","","","","","","",""
"Lancaster","Pleasant Valley Mennonite School","Kindergarten","7","","","","","","","","","","","","","","","",""
"Lancaster","Pleasant Valley Mennonite School","7th Grade","9","","","","","","","","","","","","","","","",""
"Lancaster","Pleasant Valley Parochial School","7th Grade","2","","","","","","","","","","","","","","","",""
"Lancaster","Pleasant View Amish School","7th Grade","4","","","","","","","","","","","","","","","",""
"Lancaster","Pond View","7th Grade","6","","","","","","","","","","","","","","","",""
"Lancaster","Price El Sch","Kindergarten","54","98.1%","98.1%","100.0%","100.0%","1.9%","98.1%","","","","","1.9%","1.9%","0.0%","1.9%","0.0%","0.0%"
"Lancaster","Providence El Sch","Kindergarten","65","87.7%","87.7%","87.7%","92.3%","0.0%","87.7%","","","","","0.0%","6.2%","4.6%","0.0%","0.0%","1.5%"
"Lancaster","Quarry Road School","7th Grade","3","","","","","","","","","","","","","","","",""
"Lancaster","Quarryville Amish Parochial School","7th Grade","2","","","","","","","","","","","","","","","",""
"Lancaster","Quarryville El Sch","Kindergarten","67","83.6%","83.6%","83.6%","88.1%","0.0%","83.6%","","","","","0.0%","4.5%","7.5%","4.5%","0.0%","1.5%"
"Lancaster","Rawlinsville School","7th Grade","5","","","","","","","","","","","","","","","",""
"Lancaster","Reamstown El Sch","Kindergarten","55","89.1%","83.6%","85.5%","89.1%","0.0%","83.6%","","","","","1.8%","1.8%","10.9%","0.0%","0.0%","1.8%"
"Lancaster","Reamstown Mennonite School","7th Grade","7","","","","","","","","","","","","","","","",""
"Lancaster","Red Hill Parochial School","7th Grade","6","","","","","","","","","","","","","","","",""
"Lancaster","Red Well School","7th Grade","1","","","","","","","","","","","","","","","",""
"Lancaster","Refton School","7th Grade","4","","","","","","","","","","","","","","","",""
"Lancaster","Reidenbach Parochial School","7th Grade","7","","","","","","","","","","","","","","","",""
"Lancaster","Reidenbaugh El Sch","Kindergarten","93","96.8%","95.7%","95.7%","96.8%","0.0%","95.7%","","","","","0.0%","4.3%","0.0%","0.0%","0.0%","0.0%"
"Lancaster","Reservoir Amish School","7th Grade","2","","","","","","","","","","","","","","","",""
"Lancaster","Reynolds MS","7th Grade","181","91.2%","91.2%","95.0%","95.0%","1.7%","93.4%","93.4%","93.4%","","","2.2%","5.0%","0.0%","1.7%","0.0%","0.0%"
"Lancaster","River Rock Academy","12th Grade","5","","","","","","","","","","","","","","","",""
"Lancaster","River View Amish School","7th Grade","1","","","","","","","","","","","","","","","",""
"Lancaster","Riverview Parochial School","7th Grade","2","","","","","","","","","","","","","","","",""
"Lancaster","Rockvale School","7th Grade","3","","","","","","","","","","","","","","","",""
"Lancaster","Rocky Ridge School","7th Grade","2","","","","","","","","","","","","","","","",""
"Lancaster","Rocky Springs School","7th Grade","1","","","","","","","","","","","","","","","",""
"Lancaster","Rohrerstown El Sch","Kindergarten","47","95.7%","95.7%","95.7%","95.7%","2.1%","97.9%","","","","","0.0%","0.0%","4.3%","0.0%","0.0%","0.0%"
"Lancaster","Ross El Sch","Kindergarten","59","94.9%","98.3%","94.9%","96.6%","0.0%","96.6%","","","","","0.0%","0.0%","3.4%","3.4%","0.0%","0.0%"
"Lancaster","Rynear Road School","7th Grade","4","","","","","","","","","","","","","","","",""
"Lancaster","Sacred Heart of Jesus School","Kindergarten","19","","","","","","","","","","","","","","","",""
"Lancaster","Sacred Heart of Jesus School","7th Grade","24","87.5%","87.5%","87.5%","87.5%","0.0%","87.5%","83.3%","83.3%","","","0.0%","12.5%","0.0%","4.2%","0.0%","0.0%"
"Lancaster","Salem Amish School","7th Grade","3","","","","","","","","","","","","","","","",""
"Lancaster","Salisbury El Sch","Kindergarten","36","91.7%","91.7%","91.7%","94.4%","0.0%","91.7%","","","","","2.8%","2.8%","2.8%","0.0%","0.0%","0.0%"
"Lancaster","Salisbury Heights School","7th Grade","3","","","","","","","","","","","","","","","",""
"Lancaster","Scalpy Hollow School","7th Grade","2","","","","","","","","","","","","","","","",""
"Lancaster","Scenic Ridge Amish School","7th Grade","3","","","","","","","","","","","","","","","",""
"Lancaster","Schaeffer Sch","Kindergarten","66","93.9%","93.9%","92.4%","95.5%","0.0%","92.4%","","","","","0.0%","3.0%","1.5%","6.1%","0.0%","0.0%"
"Lancaster","Scheaffers Mennnonite School","7th Grade","4","","","","","","","","","","","","","","","",""
"Lancaster","Shady Glade School","7th Grade","3","","","","","","","","","","","","","","","",""
"Lancaster","Shalom Mennonite School","Kindergarten","21","66.7%","66.7%","57.1%","66.7%","9.5%","38.1%","","","","","0.0%","4.8%","47.6%","0.0%","0.0%","0.0%"
"Lancaster","Shalom Mennonite School","7th Grade","24","70.8%","62.5%","70.8%","66.7%","8.3%","54.2%","58.3%","58.3%","","","0.0%","29.2%","20.8%","0.0%","0.0%","0.0%"
"Lancaster","Sides Mill School","7th Grade","1","","","","","","","","","","","","","","","",""
"Lancaster","Silver Hill School","7th Grade","4","","","","","","","","","","","","","","","",""
"Lancaster","Simmontown Amish School","7th Grade","3","","","","","","","","","","","","","","","",""
"Lancaster","Slaymaker Hill School","7th Grade","5","","","","","","","","","","","","","","","",""
"Lancaster","Smiling Ridge School","7th Grade","2","","","","","","","","","","","","","","","",""
"Lancaster","Smith MS","7th Grade","131","94.7%","94.7%","94.7%","96.2%","0.8%","94.7%","84.0%","84.0%","","","0.0%","7.6%","7.6%","0.0%","0.0%","3.8%"
"Lancaster","Smith-Wade-El El Sch","Kindergarten","65","95.4%","96.9%","98.5%","100.0%","0.0%","100.0%","","","","","1.5%","0.0%","0.0%","3.1%","0.0%","0.0%"
"Lancaster","Smoketown Amish School","7th Grade","1","","","","","","","","","","","","","","","",""
"Lancaster","Smoketown El Sch","Kindergarten","68","89.7%","89.7%","89.7%","88.2%","0.0%","89.7%","","","","","0.0%","7.4%","2.9%","1.5%","0.0%","0.0%"
"Lancaster","Smyrna View School","7th Grade","2","","","","","","","","","","","","","","","",""
"Lancaster","Snake Hill School","7th Grade","3","","","","","","","","","","","","","","","",""
"Lancaster","Solanco HS","12th Grade","268","92.5%","92.2%","92.2%","92.2%","0.0%","92.2%","92.5%","","6.3%","86.9%","0.7%","2.6%","3.0%","0.0%","0.0%","7.5%"
"Lancaster","Solvit Academy","Kindergarten","6","","","","","","","","","","","","","","","",""
"Lancaster","Solvit Academy","7th Grade","1","","","","","","","","","","","","","","","",""
"Lancaster","Sonlight River Brethren","7th Grade","5","","","","","","","","","","","","","","","",""
"Lancaster","Sonlight River Brethren","12th Grade","5","","","","","","","","","","","","","","","",""
"Lancaster","Sporting Hill Christian School","Kindergarten","7","","","","","","","","","","","","","","","",""
"Lancaster","Sporting Hill Christian School","7th Grade","6","","","","","","","","","","","","","","","",""
"Lancaster","Sporting Hill Mennonite School","7th Grade","8","","","","","","","","","","","","","","","",""
"Lancaster","Sporting Valley School","7th Grade","3","","","","","","","","","","","","","","","",""
"Lancaster","Spotts View School","7th Grade","4","","","","","","","","","","","","","","","",""
"Lancaster","Spring Garden School","7th Grade","2","","","","","","","","","","","","","","","",""
"Lancaster","Springhead Amish Parochial School","7th Grade","4","","","","","","","","","","","","","","","",""
"Lancaster","Springhill Amish School","7th Grade","4","","","","","","","","","","","","","","","",""
"Lancaster","Springville Amish Parocial School","7th Grade","3","","","","","","","","","","","","","","","",""
"Lancaster","Springville Mennonite School","7th Grade","14","","","","","","","","","","","","","","","",""
"Lancaster","Sproul Road School","7th Grade","5","","","","","","","","","","","","","","","",""
"Lancaster","St John Neumann Catholic School","Kindergarten","21","90.5%","90.5%","90.5%","100.0%","0.0%","90.5%","","","","","0.0%","0.0%","0.0%","0.0%","0.0%","9.5%"
"Lancaster","St John Neumann Catholic School","7th Grade","27","100.0%","100.0%","100.0%","100.0%","0.0%","100.0%","96.3%","96.3%","","","0.0%","0.0%","0.0%","0.0%","0.0%","3.7%"
"Lancaster","St Leo the Great School","Kindergarten","43","95.3%","95.3%","95.3%","95.3%","0.0%","95.3%","","","","","0.0%","4.7%","0.0%","0.0%","0.0%","0.0%"
"Lancaster","St Leo the Great School","7th Grade","30","93.3%","96.7%","96.7%","96.7%","0.0%","96.7%","93.3%","96.7%","","","0.0%","3.3%","0.0%","0.0%","0.0%","3.3%"
"Lancaster","Stone Independent School","7th Grade","19","","","","","","","","","","","","","","","",""
"Lancaster","Stone Independent School","12th Grade","18","","","","","","","","","","","","","","","",""
"Lancaster","Stoney Curve School","7th Grade","3","","","","","","","","","","","","","","","",""
"Lancaster","Stoney Lane School","7th Grade","6","","","","","","","","","","","","","","","",""
"Lancaster","Stony Hill Amish School","7th Grade","2","","","","","","","","","","","","","","","",""
"Lancaster","Stumptown School","7th Grade","5","","","","","","","","","","","","","","","",""
"Lancaster","Summit Hill School","7th Grade","2","","","","","","","","","","","","","","","",""
"Lancaster","Summitview Christian School","Kindergarten","4","","","","","","","","","","","","","","","",""
"Lancaster","Summitview Christian School","7th Grade","5","","","","","","","","","","","","","","","",""
"Lancaster","Summitview Christian School","12th Grade","4","","","","","","","","","","","","","","","",""
"Lancaster","Sun Valley School","7th Grade","4","","","","","","","","","","","","","","","",""
"Lancaster","Sunflower School","7th Grade","2","","","","","","","","","","","","","","","",""
"Lancaster","Sunny Slope School","7th Grade","1","","","","","","","","","","","","","","","",""
"Lancaster","Sunny View School","7th Grade","3","","","","","","","","","","","","","","","",""
"Lancaster","Sunnyside Parochial School-East","7th Grade","1","","","","","","","","","","","","","","","",""
"Lancaster","Sunnyside West School","7th Grade","4","","","","","","","","","","","","","","","",""
"Lancaster","Sunset Valley Amish Parochial School","7th Grade","2","","","","","","","","","","","","","","","",""
"Lancaster","Susquehanna Waldorf School","Kindergarten","17","","","","","","","","","","","","","","","",""
"Lancaster","Susquehanna Waldorf School","7th Grade","18","","","","","","","","","","","","","","","",""
"Lancaster","Swift MS","7th Grade","113","94.7%","94.7%","94.7%","97.3%","0.9%","93.8%","85.8%","83.2%","","","0.9%","7.1%","6.2%","0.0%","0.0%","3.5%"
"Lancaster","Sycamore Amish Parochial School","7th Grade","2","","","","","","","","","","","","","","","",""
"Lancaster","Tanglewood School","7th Grade","2","","","","","","","","","","","","","","","",""
"Lancaster","Terre Hill Mennonite High Sch","12th Grade","25","92.0%","92.0%","88.0%","92.0%","32.0%","56.0%","92.0%","","0.0%","68.0%","4.0%","12.0%","12.0%","8.0%","0.0%","0.0%"
"Lancaster","Trackside School","7th Grade","5","","","","","","","","","","","","","","","",""
"Lancaster","Trostle Hill School","7th Grade","7","","","","","","","","","","","","","","","",""
"Lancaster","Twin Brook Amish School","7th Grade","4","","","","","","","","","","","","","","","",""
"Lancaster","Twin Elm School","7th Grade","7","","","","","","","","","","","","","","","",""
"Lancaster","Twin Run School","7th Grade","3","","","","","","","","","","","","","","","",""
"Lancaster","Union Amish School","7th Grade","2","","","","","","","","","","","","","","","",""
"Lancaster","Union Grove Mennonite School","7th Grade","16","","","","","","","","","","","","","","","",""
"Lancaster","Valley Road School","7th Grade","4","","","","","","","","","","","","","","","",""
"Lancaster","Valley Run School","7th Grade","4","","","","","","","","","","","","","","","",""
"Lancaster","Valley View School","7th Grade","3","","","","","","","","","","","","","","","",""
"Lancaster","Verdant Valley School","7th Grade","2","","","","","","","","","","","","","","","",""
"Lancaster","Veritas Academy","Kindergarten","34","82.4%","70.6%","76.5%","82.4%","0.0%","76.5%","","","","","0.0%","29.4%","0.0%","0.0%","0.0%","0.0%"
"Lancaster","Veritas Academy","7th Grade","29","93.1%","93.1%","82.8%","93.1%","0.0%","82.8%","82.8%","82.8%","","","3.4%","10.3%","3.4%","0.0%","0.0%","0.0%"
"Lancaster","Veritas Academy","12th Grade","13","","","","","","","","","","","","","","","",""
"Lancaster","Wakefield School","7th Grade","4","","","","","","","","","","","","","","","",""
"Lancaster","Walnut Grove School","7th Grade","3","","","","","","","","","","","","","","","",""
"Lancaster","Walnut Hill Parochial School","7th Grade","4","","","","","","","","","","","","","","","",""
"Lancaster","Walnut Lane","7th Grade","2","","","","","","","","","","","","","","","",""
"Lancaster","Warwick MS","7th Grade","292","92.1%","92.1%","92.8%","92.8%","1.0%","91.8%","88.7%","88.4%","","","0.7%","6.5%","3.1%","0.0%","0.0%","2.7%"
"Lancaster","Warwick SHS","12th Grade","318","94.7%","93.4%","94.3%","94.7%","0.9%","93.4%","94.3%","","3.5%","84.3%","1.9%","3.1%","5.3%","4.7%","0.0%","1.9%"
"Lancaster","Washington El Sch","Kindergarten","70","95.7%","95.7%","97.1%","95.7%","1.4%","95.7%","","","","","0.0%","0.0%","1.4%","2.9%","0.0%","0.0%"
"Lancaster","Waterloo Amish School","7th Grade","4","","","","","","","","","","","","","","","",""
"Lancaster","Way of Jesus Academy","Kindergarten","7","","","","","","","","","","","","","","","",""
"Lancaster","Weaverland School","7th Grade","4","","","","","","","","","","","","","","","",""
"Lancaster","Weavertown Mennonite School","Kindergarten","23","39.1%","39.1%","26.1%","39.1%","0.0%","26.1%","","","","","0.0%","21.7%","30.4%","0.0%","0.0%","21.7%"
"Lancaster","Weavertown Mennonite School","7th Grade","19","","","","","","","","","","","","","","","",""
"Lancaster","West Cocalico Mennonite School","7th Grade","14","","","","","","","","","","","","","","","",""
"Lancaster","West Eby Road School","7th Grade","4","","","","","","","","","","","","","","","",""
"Lancaster","West Stevens School","7th Grade","13","","","","","","","","","","","","","","","",""
"Lancaster","West Terre Hill School","7th Grade","2","","","","","","","","","","","","","","","",""
"Lancaster","Westfield Amish Parochial Sch","7th Grade","1","","","","","","","","","","","","","","","",""
"Lancaster","Wharton El Sch","Kindergarten","59","94.9%","98.3%","94.9%","96.6%","0.0%","96.6%","","","","","0.0%","0.0%","3.4%","3.4%","0.0%","0.0%"
"Lancaster","Wheatland MS","7th Grade","139","97.1%","97.1%","96.4%","97.1%","1.4%","95.7%","95.7%","95.0%","","","1.4%","5.0%","0.0%","0.0%","0.0%","0.0%"
"Lancaster","White Hall Amish School","7th Grade","4","","","","","","","","","","","","","","","",""
"Lancaster","White Oak Mennonite School","7th Grade","4","","","","","","","","","","","","","","","",""
"Lancaster","White Oak School","7th Grade","4","","","","","","","","","","","","","","","",""
"Lancaster","White Rock School","7th Grade","5","","","","","","","","","","","","","","","",""
"Lancaster","Wickersham El Sch","Kindergarten","59","93.2%","96.6%","96.6%","96.6%","1.7%","93.2%","","","","","0.0%","0.0%","5.1%","3.4%","0.0%","0.0%"
"Lancaster","Windwheel Hill","7th Grade","2","","","","","","","","","","","","","","","",""
"Lancaster","Windy Knoll Amish School","7th Grade","1","","","","","","","","","","","","","","","",""
"Lancaster","Windy Top Amish School","7th Grade","1","","","","","","","","","","","","","","","",""
"Lancaster","Witmer Amish School","7th Grade","3","","","","","","","","","","","","","","","",""
"Lancaster","Wolf Rock School","7th Grade","4","","","","","","","","","","","","","","","",""
"Lancaster","Wonder Academy","Kindergarten","19","","","","","","","","","","","","","","","",""
"Lancaster","Wood Corner Amish School","7th Grade","6","","","","","","","","","","","","","","","",""
"Lancaster","Wood Land Amish Parochial School","7th Grade","1","","","","","","","","","","","","","","","",""
"Lancaster","Woodcrest Parochial School","7th Grade","7","","","","","","","","","","","","","","","",""
"Lancaster","Woods Edge Amish School","7th Grade","3","","","","","","","","","","","","","","","",""
"Lancaster","Woods and Water","7th Grade","1","","","","","","","","","","","","","","","",""
"Lancaster","Wrightsdale Amish School","7th Grade","3","","","","","","","","","","","","","","","",""
"Lancaster","Zeltenreich Parochial School","7th Grade","3","","","","","","","","","","","","","","","",""
"Lawrence","Apple Grove School","7th Grade","2","","","","","","","","","","","","","","","",""
"Lawrence","Cotton School","7th Grade","4","","","","","","","","","","","","","","","",""
"Lawrence","Fayette School","7th Grade","2","","","","","","","","","","","","","","","",""
"Lawrence","Harry W Lockley Early Learning Center","Kindergarten","238","95.4%","96.2%","95.4%","96.6%","0.0%","95.4%","","","","","0.0%","0.0%","3.4%","1.3%","0.0%","0.0%"
"Lawrence","Hillside Parochial School","7th Grade","2","","","","","","","","","","","","","","","",""
"Lawrence","J R Wilson School","7th Grade","3","","","","","","","","","","","","","","","",""
"Lawrence","Laurel El Sch","Kindergarten","52","92.3%","92.3%","92.3%","92.3%","0.0%","92.3%","","","","","0.0%","5.8%","1.9%","0.0%","0.0%","0.0%"
"Lawrence","Laurel HS","7th Grade","77","94.8%","97.4%","97.4%","97.4%","2.6%","96.1%","96.1%","96.1%","","","1.3%","2.6%","1.3%","0.0%","0.0%","0.0%"
"Lawrence","Laurel MS","12th Grade","87","98.9%","98.9%","97.7%","97.7%","2.3%","95.4%","97.7%","","5.7%","89.7%","1.1%","3.4%","9.2%","2.3%","0.0%","0.0%"
"Lawrence","Lawrence County CTC","12th Grade","127","97.6%","96.1%","100.0%","100.0%","0.8%","99.2%","100.0%","","0.0%","93.7%","0.0%","0.0%","5.5%","2.4%","0.0%","0.0%"
"Lawrence","Ligo School","7th Grade","3","","","","","","","","","","","","","","","",""
"Lawrence","Lincoln JSHS","7th Grade","116","98.3%","98.3%","98.3%","98.3%","0.0%","98.3%","94.0%","94.0%","","","0.0%","0.9%","2.6%","2.6%","0.0%","0.0%"
"Lawrence","Lincoln JSHS","12th Grade","106","99.1%","99.1%","97.2%","99.1%","0.0%","99.1%","98.1%","","0.9%","90.6%","0.9%","0.9%","3.8%","4.7%","0.0%","0.0%"
"Lawrence","Little Beaver Parochial School","7th Grade","3","","","","","","","","","","","","","","","",""
"Lawrence","Lusk School","7th Grade","4","","","","","","","","","","","","","","","",""
"Lawrence","Meadow Lark School","7th Grade","2","","","","","","","","","","","","","","","",""
"Lawrence","Mohawk El Sch","Kindergarten","109","87.2%","86.2%","86.2%","94.5%","0.0%","86.2%","","","","","1.8%","0.9%","13.8%","0.0%","0.0%","0.0%"
"Lawrence","Mohawk JHS","7th Grade","110","97.3%","96.4%","96.4%","96.4%","0.0%","97.3%","94.5%","94.5%","","","0.0%","0.0%","5.5%","2.7%","0.0%","2.7%"
"Lawrence","Mohawk SHS","12th Grade","100","99.0%","99.0%","98.0%","98.0%","0.0%","98.0%","98.0%","","1.0%","94.0%","1.0%","0.0%","6.0%","0.0%","0.0%","2.0%"
"Lawrence","Neshannock JSHS","7th Grade","106","95.3%","95.3%","95.3%","95.3%","0.0%","95.3%","91.5%","91.5%","","","0.0%","4.7%","3.8%","0.0%","0.0%","0.0%"
"Lawrence","Neshannock JSHS","12th Grade","103","95.1%","95.1%","95.1%","95.1%","0.0%","95.1%","95.1%","","3.9%","91.3%","1.9%","1.9%","4.9%","0.0%","0.0%","0.0%"
"Lawrence","Neshannock Memorial El Sch","Kindergarten","96","96.9%","96.9%","96.9%","96.9%","0.0%","96.9%","","","","","2.1%","1.0%","0.0%","0.0%","0.0%","0.0%"
"Lawrence","New Castle Christian Academy","Kindergarten","20","100.0%","100.0%","100.0%","100.0%","0.0%","95.0%","","","","","0.0%","5.0%","0.0%","0.0%","0.0%","0.0%"
"Lawrence","New Castle Christian Academy","7th Grade","5","","","","","","","","","","","","","","","",""
"Lawrence","New Castle JHS","7th Grade","251","97.2%","96.4%","97.2%","97.2%","0.0%","97.2%","92.0%","91.6%","","","0.0%","0.8%","7.2%","1.2%","0.0%","0.8%"
"Lawrence","New Castle SHS","12th Grade","163","98.2%","98.8%","98.8%","98.8%","0.0%","98.8%","95.7%","","0.6%","89.0%","0.0%","4.9%","3.7%","0.0%","0.0%","3.1%"
"Lawrence","North Side Primary School","Kindergarten","90","95.6%","95.6%","94.4%","95.6%","1.1%","93.3%","","","","","0.0%","4.4%","0.0%","1.1%","0.0%","0.0%"
"Lawrence","Shenango El Sch","Kindergarten","64","92.2%","92.2%","93.8%","93.8%","0.0%","93.8%","","","","","0.0%","0.0%","6.2%","1.6%","0.0%","0.0%"
"Lawrence","Shenango HS","7th Grade","80","96.2%","96.2%","96.2%","96.2%","0.0%","96.2%","91.2%","91.2%","","","0.0%","5.0%","3.8%","0.0%","0.0%","0.0%"
"Lawrence","Shenango HS","12th Grade","68","100.0%","100.0%","100.0%","100.0%","1.5%","98.5%","100.0%","","0.0%","95.6%","0.0%","2.9%","1.5%","0.0%","0.0%","0.0%"
"Lawrence","Shepherd School","7th Grade","5","","","","","","","","","","","","","","","",""
"Lawrence","Sunset Valley Amish School","7th Grade","3","","","","","","","","","","","","","","","",""
"Lawrence","Thorn Hill School","7th Grade","5","","","","","","","","","","","","","","","",""
"Lawrence","Union Area HS","12th Grade","53","100.0%","100.0%","100.0%","100.0%","1.9%","98.1%","98.1%","","15.1%","75.5%","1.9%","5.7%","0.0%","7.5%","0.0%","7.5%"
"Lawrence","Union Area MS","7th Grade","57","93.0%","93.0%","93.0%","93.0%","0.0%","93.0%","80.7%","78.9%","","","3.5%","5.3%","1.8%","3.5%","0.0%","10.5%"
"Lawrence","Union Memorial El Sch","Kindergarten","50","96.0%","96.0%","96.0%","96.0%","0.0%","96.0%","","","","","2.0%","0.0%","0.0%","2.0%","0.0%","2.0%"
"Lawrence","Wilmington Area El Sch","Kindergarten","65","93.8%","93.8%","92.3%","95.4%","0.0%","93.8%","","","","","0.0%","3.1%","3.1%","0.0%","0.0%","1.5%"
"Lawrence","Wilmington Area JSHS","7th Grade","75","90.7%","90.7%","92.0%","94.7%","1.3%","89.3%","90.7%","86.7%","","","0.0%","6.7%","6.7%","0.0%","0.0%","2.7%"
"Lawrence","Wilmington Area JSHS","12th Grade","81","97.5%","95.1%","95.1%","97.5%","1.2%","96.3%","96.3%","","0.0%","85.2%","1.2%","7.4%","3.7%","0.0%","0.0%","4.9%"
"Lebanon","Academy at the Mill","Kindergarten","6","","","","","","","","","","","","","","","",""
"Lebanon","Annville Cleona HS","12th Grade","123","97.6%","96.7%","97.6%","95.9%","0.0%","97.6%","98.4%","","0.0%","96.7%","1.6%","4.1%","0.0%","0.0%","0.0%","0.0%"
"Lebanon","Annville-Cleona MS","7th Grade","112","99.1%","100.0%","100.0%","100.0%","0.0%","100.0%","99.1%","99.1%","","","0.0%","0.9%","0.0%","0.0%","0.0%","0.0%"
"Lebanon","Blue Mt Christian School","Kindergarten","10","","","","","","","","","","","","","","","",""
"Lebanon","Blue Mt Christian School","7th Grade","5","","","","","","","","","","","","","","","",""
"Lebanon","Blue Mt Christian School","12th Grade","2","","","","","","","","","","","","","","","",""
"Lebanon","Brookside Amish School","7th Grade","3","","","","","","","","","","","","","","","",""
"Lebanon","Buffalo Springs Parochial Sch","7th Grade","2","","","","","","","","","","","","","","","",""
"Lebanon","Cedar Crest HS","12th Grade","411","96.4%","96.4%","96.4%","96.4%","0.0%","96.4%","96.4%","","0.0%","92.9%","0.2%","1.9%","1.7%","0.0%","0.0%","3.4%"
"Lebanon","Cedar Crest MS","7th Grade","417","95.9%","95.7%","95.4%","96.9%","0.2%","97.4%","92.3%","92.1%","","","0.5%","4.8%","1.9%","0.2%","0.0%","1.7%"
"Lebanon","Cherry Lane School","7th Grade","4","","","","","","","","","","","","","","","",""
"Lebanon","Cleona El Sch","Kindergarten","95","97.9%","96.8%","94.7%","97.9%","0.0%","94.7%","","","","","0.0%","3.2%","2.1%","0.0%","0.0%","0.0%"
"Lebanon","Cornwall El Sch","Kindergarten","93","94.6%","94.6%","94.6%","94.6%","0.0%","94.6%","","","","","0.0%","2.2%","3.2%","0.0%","0.0%","0.0%"
"Lebanon","County Line School","7th Grade","2","","","","","","","","","","","","","","","",""
"Lebanon","Eastern Lebanon Co MS","7th Grade","206","92.7%","91.7%","92.2%","92.7%","0.5%","91.7%","88.3%","87.4%","","","0.5%","6.8%","3.9%","0.0%","0.0%","5.8%"
"Lebanon","Eastern Lebanon Co SHS","12th Grade","196","90.3%","89.8%","90.8%","90.8%","0.5%","89.3%","91.8%","","5.6%","85.7%","0.5%","4.6%","2.6%","3.1%","0.0%","4.1%"
"Lebanon","Ebenezer El Sch","Kindergarten","72","95.8%","95.8%","95.8%","95.8%","0.0%","95.8%","","","","","0.0%","0.0%","4.2%","0.0%","0.0%","0.0%"
"Lebanon","Fairview Mennonite School","7th Grade","13","","","","","","","","","","","","","","","",""
"Lebanon","Fontana Parochial School","7th Grade","3","","","","","","","","","","","","","","","",""
"Lebanon","Fort Zeller El Sch","Kindergarten","84","85.7%","85.7%","85.7%","85.7%","0.0%","85.7%","","","","","1.2%","7.1%","6.0%","0.0%","0.0%","0.0%"
"Lebanon","Harding El Sch","Kindergarten","57","94.7%","93.0%","94.7%","94.7%","0.0%","93.0%","","","","","0.0%","1.8%","1.8%","3.5%","0.0%","0.0%"
"Lebanon","Hillcrest Amish Parochial School","7th Grade","1","","","","","","","","","","","","","","","",""
"Lebanon","Hope Christian School","Kindergarten","5","","","","","","","","","","","","","","","",""
"Lebanon","Hope Christian School","7th Grade","3","","","","","","","","","","","","","","","",""
"Lebanon","Houck El Sch","Kindergarten","50","98.0%","98.0%","98.0%","98.0%","0.0%","96.0%","","","","","0.0%","2.0%","0.0%","2.0%","0.0%","0.0%"
"Lebanon","Ignite Learning Center","7th Grade","1","","","","","","","","","","","","","","","",""
"Lebanon","Ignite Learning Center","12th Grade","2","","","","","","","","","","","","","","","",""
"Lebanon","Jackson El Sch","Kindergarten","70","88.6%","88.6%","88.6%","88.6%","1.4%","87.1%","","","","","0.0%","7.1%","4.3%","0.0%","0.0%","0.0%"
"Lebanon","Jacksonville Parochial School","7th Grade","4","","","","","","","","","","","","","","","",""
"Lebanon","Jonestown Mennonite School","7th Grade","13","","","","","","","","","","","","","","","",""
"Lebanon","Lebanon Christian Academy","Kindergarten","14","","","","","","","","","","","","","","","",""
"Lebanon","Lebanon Christian Academy","7th Grade","17","","","","","","","","","","","","","","","",""
"Lebanon","Lebanon Christian Academy","12th Grade","9","","","","","","","","","","","","","","","",""
"Lebanon","Lebanon Intermediate Sch","7th Grade","5","","","","","","","","","","","","","","","",""
"Lebanon","Lebanon SHS","12th Grade","291","97.3%","96.2%","99.3%","99.7%","1.4%","98.6%","99.0%","","2.7%","95.5%","0.3%","2.4%","0.7%","0.3%","0.0%","1.4%"
"Lebanon","Lingle Avenue El Sch","Kindergarten","220","92.3%","92.3%","92.7%","94.5%","0.0%","93.2%","","","","","0.0%","6.4%","0.0%","1.4%","0.0%","1.4%"
"Lebanon","Meadow View Framers","7th Grade","3","","","","","","","","","","","","","","","",""
"Lebanon","Millbach Mennonite School","7th Grade","3","","","","","","","","","","","","","","","",""
"Lebanon","Millbach Springs School","7th Grade","5","","","","","","","","","","","","","","","",""
"Lebanon","Millcreek Parochial School","7th Grade","4","","","","","","","","","","","","","","","",""
"Lebanon","Nacetown Mennonite School","7th Grade","3","","","","","","","","","","","","","","","",""
"Lebanon","New Covenant Christian School","Kindergarten","20","80.0%","80.0%","80.0%","80.0%","0.0%","75.0%","","","","","0.0%","25.0%","0.0%","0.0%","0.0%","0.0%"
"Lebanon","New Covenant Christian School","7th Grade","16","","","","","","","","","","","","","","","",""
"Lebanon","New Covenant Christian School","12th Grade","15","","","","","","","","","","","","","","","",""
"Lebanon","Northern Lebanon El Sch","Kindergarten","141","80.1%","79.4%","80.1%","80.1%","0.7%","80.1%","","","","","0.0%","13.5%","5.0%","2.8%","0.0%","0.7%"
"Lebanon","Northern Lebanon SHS","7th Grade","160","93.1%","93.1%","92.5%","93.8%","0.0%","91.9%","91.9%","91.9%","","","0.0%","6.9%","0.6%","0.6%","0.0%","1.9%"
"Lebanon","Northern Lebanon SHS","12th Grade","175","93.7%","93.7%","93.7%","94.3%","0.0%","92.6%","93.7%","","1.1%","88.6%","0.6%","9.7%","1.1%","0.0%","0.0%","1.1%"
"Lebanon","Northside El Sch","Kindergarten","4","","","","","","","","","","","","","","","",""
"Lebanon","Northwest El Sch","Kindergarten","89","98.9%","100.0%","98.9%","100.0%","0.0%","98.9%","","","","","0.0%","0.0%","0.0%","1.1%","0.0%","0.0%"
"Lebanon","Our Lady of the Cross School","Kindergarten","6","","","","","","","","","","","","","","","",""
"Lebanon","Our Lady of the Cross School","7th Grade","12","","","","","","","","","","","","","","","",""
"Lebanon","Our Lady of the Cross School","12th Grade","11","","","","","","","","","","","","","","","",""
"Lebanon","Owl Creek School","7th Grade","1","","","","","","","","","","","","","","","",""
"Lebanon","Palmyra Area MS","7th Grade","291","92.4%","92.8%","92.8%","92.8%","0.3%","92.4%","91.4%","90.7%","","","0.0%","4.8%","3.8%","0.3%","0.0%","0.3%"
"Lebanon","Palmyra Area SHS","12th Grade","283","95.8%","95.8%","95.8%","95.4%","1.1%","94.3%","95.4%","","0.4%","92.9%","0.7%","3.5%","1.4%","0.0%","0.0%","2.1%"
"Lebanon","Paloma School","Kindergarten","12","","","","","","","","","","","","","","","",""
"Lebanon","Paloma School","7th Grade","2","","","","","","","","","","","","","","","",""
"Lebanon","Pine Meadow Parochial School","7th Grade","3","","","","","","","","","","","","","","","",""
"Lebanon","Pine Street El Sch","Kindergarten","2","","","","","","","","","","","","","","","",""
"Lebanon","Pleasant Hill Parochial School","7th Grade","5","","","","","","","","","","","","","","","",""
"Lebanon","Reach Christian School","Kindergarten","14","","","","","","","","","","","","","","","",""
"Lebanon","Reach Christian School","7th Grade","15","","","","","","","","","","","","","","","",""
"Lebanon","Reistville School","7th Grade","2","","","","","","","","","","","","","","","",""
"Lebanon","Rocky Ledge School","7th Grade","2","","","","","","","","","","","","","","","",""
"Lebanon","Schaefferstown Mennonite High School","12th Grade","21","76.2%","76.2%","76.2%","76.2%","23.8%","52.4%","76.2%","","14.3%","14.3%","0.0%","14.3%","33.3%","0.0%","0.0%","38.1%"
"Lebanon","South Lebanon El Sch","Kindergarten","97","96.9%","95.9%","95.9%","96.9%","0.0%","95.9%","","","","","0.0%","4.1%","0.0%","0.0%","0.0%","0.0%"
"Lebanon","Southeast El Sch","Kindergarten","69","98.6%","98.6%","98.6%","98.6%","0.0%","98.6%","","","","","0.0%","1.4%","0.0%","1.4%","0.0%","0.0%"
"Lebanon","Southwest El Sch","Kindergarten","56","100.0%","100.0%","100.0%","100.0%","0.0%","100.0%","","","","","0.0%","0.0%","0.0%","0.0%","0.0%","0.0%"
"Lebanon","Stony Ridge Parochial School","7th Grade","4","","","","","","","","","","","","","","","",""
"Lebanon","Stracks Dam Amish School","7th Grade","3","","","","","","","","","","","","","","","",""
"Lebanon","Sun Valley Parochial School","7th Grade","2","","","","","","","","","","","","","","","",""
"Lebanon","Sunny Lea School","7th Grade","3","","","","","","","","","","","","","","","",""
"Lebanon","Triple Springs Amish Parochial","7th Grade","4","","","","","","","","","","","","","","","",""
"Lebanon","Union Canal El Sch","Kindergarten","64","100.0%","100.0%","98.4%","100.0%","0.0%","98.4%","","","","","0.0%","0.0%","0.0%","1.6%","0.0%","0.0%"
"Lebanon","Wildlife View Amish School","7th Grade","4","","","","","","","","","","","","","","","",""
"Lebanon","Yeagley Ridge School","7th Grade","4","","","","","","","","","","","","","","","",""
"Lebanon","Yellow Breeches Ed Ctr - Fredericksburg","7th Grade","10","","","","","","","","","","","","","","","",""
"Lebanon","Yellow Breeches Ed Ctr - Fredericksburg","12th Grade","11","","","","","","","","","","","","","","","",""
"Lehigh","Alburtis El Sch","Kindergarten","50","96.0%","94.0%","96.0%","96.0%","0.0%","96.0%","","","","","0.0%","6.0%","0.0%","0.0%","0.0%","0.0%"
"Lehigh","Allentown Central Catholic HS","12th Grade","160","98.8%","98.8%","97.5%","98.8%","0.0%","97.5%","96.9%","","0.6%","95.0%","0.0%","0.0%","5.0%","0.0%","0.0%","0.0%"
"Lehigh","Arts Academy CS","7th Grade","111","95.5%","95.5%","96.4%","98.2%","0.0%","96.4%","78.4%","80.2%","","","0.0%","0.0%","0.9%","0.0%","0.0%","21.6%"
"Lehigh","Arts Academy Elementary CS","Kindergarten","62","93.5%","93.5%","93.5%","93.5%","0.0%","93.5%","","","","","0.0%","0.0%","4.8%","1.6%","0.0%","0.0%"
"Lehigh","Bridgeview Academy of Health Science Innovation and Tech","12th Grade","76","98.7%","98.7%","98.7%","98.7%","1.3%","97.4%","97.4%","","0.0%","97.4%","0.0%","0.0%","2.6%","0.0%","0.0%","0.0%"
"Lehigh","Brigadier General Anna Mae Hays El Sch","Kindergarten","134","95.5%","97.8%","99.3%","97.8%","0.0%","98.5%","","","","","1.5%","0.7%","0.7%","3.0%","0.0%","0.0%"
"Lehigh","Catasauqua MS","7th Grade","115","96.5%","96.5%","96.5%","96.5%","0.0%","96.5%","85.2%","85.2%","","","0.9%","3.5%","0.0%","12.2%","0.0%","0.0%"
"Lehigh","Catasauqua SHS","12th Grade","126","98.4%","98.4%","96.0%","98.4%","1.6%","95.2%","97.6%","","10.3%","88.1%","1.6%","3.2%","0.0%","11.9%","0.0%","0.0%"
"Lehigh","Centennial School Lehigh Univ","7th Grade","6","","","","","","","","","","","","","","","",""
"Lehigh","Centennial School Lehigh Univ","12th Grade","12","","","","","","","","","","","","","","","",""
"Lehigh","Central El Sch","Kindergarten","98","98.0%","98.0%","99.0%","99.0%","0.0%","99.0%","","","","","0.0%","0.0%","1.0%","2.0%","0.0%","0.0%"
"Lehigh","Childs Choice Montessori School","Kindergarten","4","","","","","","","","","","","","","","","",""
"Lehigh","Circle of Seasons CS","Kindergarten","46","82.6%","82.6%","84.8%","87.0%","0.0%","82.6%","","","","","0.0%","15.2%","0.0%","0.0%","0.0%","8.7%"
"Lehigh","Circle of Seasons CS","7th Grade","43","86.0%","86.0%","88.4%","86.0%","0.0%","88.4%","76.7%","79.1%","","","0.0%","16.3%","9.3%","0.0%","0.0%","9.3%"
"Lehigh","Clarence M Gockley El Sch","Kindergarten","275","95.3%","95.3%","96.0%","97.8%","0.4%","95.3%","","","","","0.4%","2.9%","1.1%","0.0%","0.4%","0.4%"
"Lehigh","Covenant Christian Academy of the Lehigh Valley","Kindergarten","4","","","","","","","","","","","","","","","",""
"Lehigh","Datzyk Montessori School","Kindergarten","13","","","","","","","","","","","","","","","",""
"Lehigh","Emmaus Baptist Academy","Kindergarten","1","","","","","","","","","","","","","","","",""
"Lehigh","Emmaus Baptist Academy","7th Grade","1","","","","","","","","","","","","","","","",""
"Lehigh","Emmaus Baptist Academy","12th Grade","1","","","","","","","","","","","","","","","",""
"Lehigh","Emmaus HS","12th Grade","718","95.5%","97.6%","97.8%","97.6%","1.3%","97.8%","97.8%","","1.9%","94.4%","0.7%","2.8%","1.8%","0.3%","0.0%","0.1%"
"Lehigh","Executive Education Academy CS","Kindergarten","119","96.6%","94.1%","95.0%","96.6%","0.0%","95.0%","","","","","0.0%","3.4%","2.5%","0.0%","0.0%","0.0%"
"Lehigh","Executive Education Academy CS","7th Grade","154","100.0%","100.0%","99.4%","100.0%","0.0%","100.0%","98.7%","98.7%","","","0.0%","1.9%","0.0%","0.0%","0.0%","0.0%"
"Lehigh","Executive Education Academy CS","12th Grade","112","97.3%","93.8%","98.2%","99.1%","0.9%","97.3%","97.3%","","4.5%","92.0%","0.0%","5.4%","1.8%","0.0%","0.0%","0.9%"
"Lehigh","Eyer MS","7th Grade","259","92.3%","92.7%","92.7%","92.7%","0.0%","92.7%","90.0%","90.3%","","","0.0%","4.2%","3.9%","0.0%","0.0%","1.9%"
"Lehigh","Fogelsville Sch","Kindergarten","47","100.0%","95.7%","100.0%","100.0%","0.0%","100.0%","","","","","0.0%","0.0%","0.0%","4.3%","0.0%","0.0%"
"Lehigh","Francis D Raub MS","7th Grade","273","96.7%","97.8%","97.8%","98.2%","0.7%","97.1%","96.7%","96.7%","","","0.0%","0.4%","2.9%","0.4%","0.0%","0.7%"
"Lehigh","Francis H Sheckler El Sch","Kindergarten","105","99.0%","99.0%","98.1%","99.0%","0.0%","98.1%","","","","","0.0%","1.9%","0.0%","0.0%","0.0%","0.0%"
"Lehigh","Fred J. Jaindl El Sch","Kindergarten","53","94.3%","94.3%","94.3%","96.2%","0.0%","94.3%","","","","","1.9%","3.8%","0.0%","1.9%","0.0%","0.0%"
"Lehigh","Goddard School","Kindergarten","19","","","","","","","","","","","","","","","",""
"Lehigh","Grace Montessori School","Kindergarten","8","","","","","","","","","","","","","","","",""
"Lehigh","Harrison-Morton MS","7th Grade","252","99.6%","97.6%","99.2%","98.8%","0.4%","97.6%","97.6%","97.6%","","","0.0%","0.4%","1.2%","4.4%","0.0%","0.0%"
"Lehigh","Hillside School","7th Grade","12","","","","","","","","","","","","","","","",""
"Lehigh","Hiram W Dodd El Sch","Kindergarten","46","95.7%","95.7%","93.5%","95.7%","0.0%","93.5%","","","","","2.2%","0.0%","2.2%","2.2%","0.0%","0.0%"
"Lehigh","Hopewell El Sch","Kindergarten","81","93.8%","93.8%","93.8%","93.8%","0.0%","93.8%","","","","","0.0%","6.2%","0.0%","0.0%","0.0%","0.0%"
"Lehigh","Innovative Arts Academy CS","7th Grade","61","95.1%","95.1%","96.7%","98.4%","0.0%","93.4%","57.4%","52.5%","","","0.0%","0.0%","0.0%","0.0%","0.0%","57.4%"
"Lehigh","Innovative Arts Academy CS","12th Grade","68","98.5%","98.5%","95.6%","98.5%","0.0%","95.6%","89.7%","","60.3%","39.7%","0.0%","0.0%","1.5%","0.0%","0.0%","39.7%"
"Lehigh","Ironton Sch","Kindergarten","74","95.9%","95.9%","95.9%","95.9%","0.0%","95.9%","","","","","0.0%","0.0%","4.1%","0.0%","0.0%","0.0%"
"Lehigh","Jackson Early Childhood Center","Kindergarten","164","96.3%","98.8%","98.2%","98.8%","0.0%","97.0%","","","","","0.0%","0.0%","1.2%","5.5%","0.0%","0.0%"
"Lehigh","Jefferson El Sch - Allentown location","Kindergarten","83","100.0%","100.0%","96.4%","100.0%","0.0%","94.0%","","","","","0.0%","3.6%","0.0%","2.4%","0.0%","0.0%"
"Lehigh","Jefferson El Sch - Emmaus location","Kindergarten","40","100.0%","100.0%","100.0%","100.0%","0.0%","100.0%","","","","","0.0%","0.0%","0.0%","0.0%","0.0%","0.0%"
"Lehigh","Jewish Day School of the Lehigh Valley","Kindergarten","9","","","","","","","","","","","","","","","",""
"Lehigh","Kernsville Sch","Kindergarten","73","98.6%","100.0%","98.6%","100.0%","0.0%","98.6%","","","","","0.0%","0.0%","1.4%","0.0%","0.0%","0.0%"
"Lehigh","Kidspeace National Centers","7th Grade","21","95.2%","95.2%","95.2%","95.2%","0.0%","95.2%","95.2%","95.2%","","","0.0%","0.0%","0.0%","0.0%","0.0%","4.8%"
"Lehigh","Kidspeace National Centers","12th Grade","1","","","","","","","","","","","","","","","",""
"Lehigh","Kratzer Sch","Kindergarten","83","96.4%","96.4%","96.4%","96.4%","0.0%","96.4%","","","","","1.2%","2.4%","0.0%","0.0%","0.0%","0.0%"
"Lehigh","Lehigh Christian Academy","Kindergarten","21","81.0%","85.7%","81.0%","85.7%","0.0%","81.0%","","","","","0.0%","9.5%","0.0%","0.0%","0.0%","9.5%"
"Lehigh","Lehigh Christian Academy","7th Grade","23","82.6%","82.6%","82.6%","82.6%","0.0%","82.6%","82.6%","82.6%","","","0.0%","4.3%","13.0%","0.0%","0.0%","0.0%"
"Lehigh","Lehigh Christian Academy","12th Grade","14","","","","","","","","","","","","","","","",""
"Lehigh","Lehigh Parkway El Sch","Kindergarten","52","94.2%","94.2%","94.2%","94.2%","0.0%","94.2%","","","","","0.0%","3.8%","1.9%","0.0%","0.0%","0.0%"
"Lehigh","Liberty Bell El Sch","Kindergarten","88","84.1%","83.0%","83.0%","86.4%","1.1%","84.1%","","","","","0.0%","11.4%","4.5%","1.1%","0.0%","0.0%"
"Lehigh","Lincoln El Sch","Kindergarten","61","100.0%","98.4%","98.4%","100.0%","0.0%","98.4%","","","","","0.0%","1.6%","0.0%","0.0%","0.0%","0.0%"
"Lehigh","Lincoln Leadership Academy CS","Kindergarten","70","95.7%","94.3%","94.3%","94.3%","0.0%","94.3%","","","","","0.0%","1.4%","1.4%","2.9%","1.4%","92.9%"
"Lehigh","Lincoln Leadership Academy CS","7th Grade","85","92.9%","92.9%","92.9%","92.9%","1.2%","92.9%","87.1%","87.1%","","","0.0%","5.9%","0.0%","0.0%","7.1%","87.1%"
"Lehigh","Lincoln Leadership Academy CS","12th Grade","67","97.0%","97.0%","97.0%","98.5%","0.0%","97.0%","95.5%","","3.0%","73.1%","0.0%","1.5%","0.0%","17.9%","4.5%","76.1%"
"Lehigh","Louis E Dieruff HS","12th Grade","485","99.4%","99.4%","99.4%","99.2%","0.0%","99.4%","99.4%","","0.6%","98.8%","0.0%","0.4%","0.2%","0.8%","0.0%","0.0%"
"Lehigh","Lower Macungie MS","7th Grade","365","97.8%","97.0%","98.1%","98.4%","0.3%","97.8%","94.2%","93.7%","","","0.3%","1.6%","3.0%","0.0%","0.0%","2.7%"
"Lehigh","Luis A. Ramos El Sch","Kindergarten","83","95.2%","95.2%","96.4%","98.8%","0.0%","95.2%","","","","","0.0%","2.4%","1.2%","7.2%","0.0%","0.0%"
"Lehigh","Macungie El Sch","Kindergarten","66","98.5%","98.5%","97.0%","98.5%","0.0%","97.0%","","","","","0.0%","3.0%","0.0%","1.5%","0.0%","0.0%"
"Lehigh","Manarah Islamic Academy","Kindergarten","22","95.5%","95.5%","90.9%","95.5%","0.0%","90.9%","","","","","0.0%","4.5%","9.1%","0.0%","0.0%","0.0%"
"Lehigh","Manarah Islamic Academy","7th Grade","18","","","","","","","","","","","","","","","",""
"Lehigh","Mercy Special Learning Center","Kindergarten","6","","","","","","","","","","","","","","","",""
"Lehigh","Mercy Special Learning Center","7th Grade","5","","","","","","","","","","","","","","","",""
"Lehigh","Mercy Special Learning Center","12th Grade","6","","","","","","","","","","","","","","","",""
"Lehigh","Moravian Academy - Swain Campus","Kindergarten","16","","","","","","","","","","","","","","","",""
"Lehigh","Moravian Academy - Swain Campus","7th Grade","28","96.4%","96.4%","96.4%","100.0%","0.0%","100.0%","96.4%","96.4%","","","0.0%","3.6%","3.6%","0.0%","0.0%","0.0%"
"Lehigh","Mosser El Sch","Kindergarten","89","92.1%","92.1%","94.4%","97.8%","0.0%","93.3%","","","","","0.0%","0.0%","3.4%","5.6%","0.0%","0.0%"
"Lehigh","Muhlenberg El Sch","Kindergarten","71","98.6%","98.6%","100.0%","98.6%","0.0%","100.0%","","","","","0.0%","0.0%","0.0%","1.4%","0.0%","0.0%"
"Lehigh","Northern Lehigh MS","7th Grade","130","97.7%","96.9%","96.9%","96.9%","0.0%","96.9%","96.9%","96.9%","","","0.0%","2.3%","0.0%","3.1%","0.0%","0.0%"
"Lehigh","Northern Lehigh SHS","12th Grade","147","91.2%","89.1%","89.1%","88.4%","0.7%","89.1%","88.4%","","0.7%","71.4%","0.0%","1.4%","4.8%","2.7%","0.0%","22.4%"
"Lehigh","Northwestern Lehigh El Sch","Kindergarten","69","97.1%","97.1%","97.1%","98.6%","0.0%","97.1%","","","","","0.0%","0.0%","2.9%","0.0%","0.0%","0.0%"
"Lehigh","Northwestern Lehigh HS","12th Grade","167","96.4%","95.2%","97.6%","97.0%","0.0%","97.6%","96.4%","","0.0%","96.4%","0.0%","1.8%","2.4%","0.0%","0.0%","1.8%"
"Lehigh","Northwestern Lehigh MS","7th Grade","171","97.7%","93.6%","93.0%","93.0%","0.0%","93.0%","91.2%","91.2%","","","0.0%","2.9%","1.2%","0.0%","0.0%","5.3%"
"Lehigh","Notre Dame of Bethlehem School","Kindergarten","28","100.0%","100.0%","100.0%","100.0%","0.0%","100.0%","","","","","0.0%","0.0%","0.0%","0.0%","0.0%","0.0%"
"Lehigh","Notre Dame of Bethlehem School","7th Grade","43","97.7%","97.7%","97.7%","97.7%","0.0%","97.7%","97.7%","97.7%","","","0.0%","2.3%","0.0%","0.0%","0.0%","0.0%"
"Lehigh","Orefield MS","7th Grade","382","98.7%","98.7%","98.4%","98.7%","0.3%","98.7%","97.4%","96.9%","","","0.0%","0.5%","2.4%","0.0%","0.0%","1.0%"
"Lehigh","Parkland HS","12th Grade","793","97.6%","98.4%","98.0%","98.2%","0.8%","97.4%","98.2%","","0.6%","93.7%","0.3%","1.1%","3.7%","0.6%","0.0%","1.1%"
"Lehigh","Parkway Manor Sch","Kindergarten","86","95.3%","94.2%","94.2%","95.3%","0.0%","94.2%","","","","","0.0%","3.5%","1.2%","3.5%","0.0%","2.3%"
"Lehigh","Peters El Sch","Kindergarten","114","94.7%","94.7%","90.4%","94.7%","0.0%","90.4%","","","","","0.0%","2.6%","2.6%","4.4%","0.0%","0.9%"
"Lehigh","Premier Early Learning Center","Kindergarten","4","","","","","","","","","","","","","","","",""
"Lehigh","Ritter El Sch","Kindergarten","79","94.9%","94.9%","97.5%","96.2%","0.0%","97.5%","","","","","0.0%","5.1%","0.0%","0.0%","0.0%","0.0%"
"Lehigh","Roberto Clemente CS","Kindergarten","47","95.7%","95.7%","95.7%","97.9%","0.0%","95.7%","","","","","0.0%","4.3%","2.1%","0.0%","0.0%","0.0%"
"Lehigh","Roberto Clemente CS","7th Grade","52","100.0%","100.0%","100.0%","100.0%","0.0%","98.1%","94.2%","94.2%","","","0.0%","0.0%","1.9%","0.0%","0.0%","5.8%"
"Lehigh","Roberto Clemente CS","12th Grade","31","100.0%","100.0%","100.0%","100.0%","3.2%","93.5%","93.5%","","6.5%","87.1%","0.0%","0.0%","0.0%","3.2%","0.0%","3.2%"
"Lehigh","Roosevelt El Sch","Kindergarten","93","94.6%","96.8%","97.8%","95.7%","0.0%","96.8%","","","","","0.0%","1.1%","0.0%","5.4%","0.0%","0.0%"
"Lehigh","Ruby Bridge Childhood Center","Kindergarten","116","97.4%","97.4%","97.4%","97.4%","0.0%","97.4%","","","","","0.0%","0.9%","0.0%","1.7%","0.0%","0.0%"
"Lehigh","Salem Christian School","Kindergarten","9","","","","","","","","","","","","","","","",""
"Lehigh","Salem Christian School","7th Grade","17","","","","","","","","","","","","","","","",""
"Lehigh","Salem Christian School","12th Grade","14","","","","","","","","","","","","","","","",""
"Lehigh","Salisbury El Sch","Kindergarten","106","97.2%","97.2%","98.1%","99.1%","0.0%","98.1%","","","","","0.0%","0.0%","2.8%","0.0%","0.0%","0.0%"
"Lehigh","Salisbury MS","7th Grade","112","99.1%","98.2%","99.1%","100.0%","0.9%","98.2%","94.6%","94.6%","","","0.9%","1.8%","4.5%","0.0%","0.0%","0.0%"
"Lehigh","Salisbury SHS","12th Grade","153","98.7%","98.7%","98.0%","98.7%","0.0%","98.7%","96.7%","","2.0%","90.8%","1.3%","1.3%","5.9%","0.0%","0.0%","0.0%"
"Lehigh","Salvaggio Academy","Kindergarten","14","","","","","","","","","","","","","","","",""
"Lehigh","Schnecksville Sch","Kindergarten","70","97.1%","97.1%","95.7%","97.1%","0.0%","95.7%","","","","","0.0%","1.4%","2.9%","0.0%","0.0%","0.0%"
"Lehigh","Seven Generations CS","Kindergarten","80","88.8%","82.5%","85.0%","88.8%","0.0%","85.0%","","","","","0.0%","2.5%","8.8%","0.0%","0.0%","17.5%"
"Lehigh","Seven Generations CS","7th Grade","41","92.7%","85.4%","92.7%","87.8%","0.0%","92.7%","90.2%","87.8%","","","0.0%","4.9%","4.9%","0.0%","0.0%","12.2%"
"Lehigh","Sheridan El Sch","Kindergarten","3","","","","","","","","","","","","","","","",""
"Lehigh","Shoemaker El Sch","Kindergarten","67","95.5%","95.5%","98.5%","95.5%","0.0%","98.5%","","","","","1.5%","1.5%","1.5%","0.0%","0.0%","0.0%"
"Lehigh","Sonia Sotomayor Dual Lang Immersion Academy","Kindergarten","38","94.7%","94.7%","94.7%","94.7%","0.0%","94.7%","","","","","0.0%","5.3%","0.0%","0.0%","0.0%","0.0%"
"Lehigh","South Mountain MS","7th Grade","328","99.4%","99.7%","100.0%","99.1%","0.6%","98.8%","100.0%","99.7%","","","0.3%","0.3%","0.9%","0.3%","0.0%","0.0%"
"Lehigh","Southern Lehigh MS","7th Grade","253","94.9%","94.9%","94.5%","94.9%","0.0%","94.9%","93.3%","93.3%","","","0.8%","1.6%","4.3%","0.0%","0.0%","0.0%"
"Lehigh","Southern Lehigh SHS","12th Grade","293","97.3%","96.6%","96.6%","96.9%","0.0%","97.3%","96.9%","","0.0%","94.2%","0.0%","3.8%","2.0%","0.0%","0.0%","0.0%"
"Lehigh","Springhouse MS","7th Grade","497","98.6%","99.2%","98.8%","99.0%","0.2%","98.8%","97.4%","97.2%","","","0.4%","1.8%","0.6%","0.8%","0.0%","0.0%"
"Lehigh","St Ann School","Kindergarten","26","88.5%","88.5%","92.3%","92.3%","0.0%","92.3%","","","","","0.0%","7.7%","0.0%","3.8%","0.0%","0.0%"
"Lehigh","St Ann School","7th Grade","25","100.0%","100.0%","100.0%","100.0%","0.0%","100.0%","96.0%","96.0%","","","0.0%","0.0%","4.0%","0.0%","0.0%","0.0%"
"Lehigh","St Elizabeth Regional School","Kindergarten","20","95.0%","95.0%","95.0%","95.0%","0.0%","95.0%","","","","","0.0%","0.0%","5.0%","0.0%","0.0%","0.0%"
"Lehigh","St Elizabeth Regional School","7th Grade","15","","","","","","","","","","","","","","","",""
"Lehigh","St John Neumann Regional Sch","Kindergarten","17","","","","","","","","","","","","","","","",""
"Lehigh","St John Vianney Regional School","Kindergarten","22","95.5%","95.5%","95.5%","95.5%","0.0%","95.5%","","","","","0.0%","0.0%","4.5%","0.0%","0.0%","0.0%"
"Lehigh","St John Vianney Regional School","7th Grade","25","100.0%","100.0%","100.0%","100.0%","0.0%","100.0%","100.0%","100.0%","","","0.0%","0.0%","0.0%","0.0%","0.0%","0.0%"
"Lehigh","St Joseph the Worker-Orefield","Kindergarten","26","88.5%","88.5%","92.3%","96.2%","0.0%","92.3%","","","","","0.0%","11.5%","0.0%","0.0%","0.0%","0.0%"
"Lehigh","St Joseph the Worker-Orefield","7th Grade","32","96.9%","96.9%","96.9%","96.9%","0.0%","96.9%","90.6%","87.5%","","","0.0%","6.2%","6.2%","0.0%","0.0%","0.0%"
"Lehigh","St Michael the Archangel Lwr","Kindergarten","58","94.8%","94.8%","94.8%","93.1%","0.0%","93.1%","","","","","0.0%","1.7%","3.4%","1.7%","0.0%","0.0%"
"Lehigh","St Michael the Archangel Upr","7th Grade","14","","","","","","","","","","","","","","","",""
"Lehigh","St Stephens Episcopal Church School","Kindergarten","14","","","","","","","","","","","","","","","",""
"Lehigh","St Thomas More School","Kindergarten","47","95.7%","95.7%","93.6%","100.0%","0.0%","95.7%","","","","","0.0%","0.0%","0.0%","0.0%","0.0%","6.4%"
"Lehigh","St Thomas More School","7th Grade","50","100.0%","100.0%","100.0%","100.0%","0.0%","100.0%","92.0%","92.0%","","","0.0%","0.0%","2.0%","0.0%","0.0%","6.0%"
"Lehigh","Trexler MS","7th Grade","234","99.6%","97.4%","97.9%","97.4%","0.0%","97.9%","97.4%","97.4%","","","0.0%","0.9%","0.4%","1.7%","0.0%","0.0%"
"Lehigh","Union Terrace El Sch","Kindergarten","31","93.5%","93.5%","93.5%","96.8%","0.0%","93.5%","","","","","0.0%","0.0%","0.0%","6.5%","0.0%","0.0%"
"Lehigh","Veterans Memorial El Sch","Kindergarten","69","97.1%","95.7%","95.7%","95.7%","0.0%","95.7%","","","","","0.0%","0.0%","4.3%","1.4%","0.0%","0.0%"
"Lehigh","Washington El Sch","Kindergarten","4","","","","","","","","","","","","","","","",""
"Lehigh","Weisenberg El Sch","Kindergarten","69","92.8%","91.3%","89.9%","91.3%","0.0%","89.9%","","","","","0.0%","1.4%","5.8%","0.0%","0.0%","2.9%"
"Lehigh","Wescosville El Sch","Kindergarten","77","94.8%","97.4%","98.7%","98.7%","0.0%","98.7%","","","","","0.0%","0.0%","1.3%","5.2%","0.0%","0.0%"
"Lehigh","Whitehall Christian School","Kindergarten","8","","","","","","","","","","","","","","","",""
"Lehigh","Whitehall Christian School","7th Grade","1","","","","","","","","","","","","","","","",""
"Lehigh","Whitehall HS","12th Grade","381","98.2%","98.4%","98.4%","98.2%","2.1%","97.9%","98.7%","","0.5%","96.3%","2.6%","1.8%","1.3%","0.5%","0.0%","0.8%"
"Lehigh","Whitehall-Coplay MS","7th Grade","325","97.8%","97.8%","97.8%","97.8%","0.0%","97.8%","97.8%","97.8%","","","0.0%","1.5%","0.6%","0.0%","0.0%","0.0%"
"Lehigh","William Allen HS","12th Grade","661","99.2%","99.2%","99.4%","99.2%","2.1%","97.3%","99.4%","","7.3%","90.0%","0.3%","0.3%","1.7%","1.1%","0.0%","0.2%"
"Lehigh","Willow Lane El Sch","Kindergarten","106","99.1%","100.0%","99.1%","99.1%","0.0%","99.1%","","","","","0.0%","1.9%","0.9%","1.9%","0.0%","0.0%"
"Luzerne","Al Noor Islamic Academy","Kindergarten","10","","","","","","","","","","","","","","","",""
"Luzerne","Arthur Street El Sch","Kindergarten","126","94.4%","94.4%","96.8%","98.4%","0.0%","90.5%","","","","","0.0%","0.0%","0.0%","10.3%","0.0%","0.0%"
"Luzerne","Bear Creek Community CS","Kindergarten","75","98.7%","96.0%","94.7%","97.3%","0.0%","94.7%","","","","","2.7%","4.0%","0.0%","0.0%","0.0%","0.0%"
"Luzerne","Bear Creek Community CS","7th Grade","52","96.2%","96.2%","96.2%","96.2%","0.0%","96.2%","94.2%","94.2%","","","3.8%","0.0%","0.0%","1.9%","0.0%","0.0%"
"Luzerne","Charis Academy","Kindergarten","3","","","","","","","","","","","","","","","",""
"Luzerne","Charis Academy","7th Grade","7","","","","","","","","","","","","","","","",""
"Luzerne","Cheder Menachem Schuyler Ave","Kindergarten","24","58.3%","50.0%","75.0%","83.3%","0.0%","75.0%","","","","","0.0%","29.2%","0.0%","0.0%","0.0%","45.8%"
"Luzerne","Cheder Menachem Schuyler Ave","7th Grade","15","","","","","","","","","","","","","","","",""
"Luzerne","Cheder Menachem, Inc.","Kindergarten","31","77.4%","61.3%","61.3%","71.0%","0.0%","64.5%","","","","","0.0%","19.4%","0.0%","0.0%","0.0%","25.8%"
"Luzerne","Cheder Menachem, Inc.","7th Grade","13","","","","","","","","","","","","","","","",""
"Luzerne","Crestwood Secondary Campus","7th Grade","232","98.7%","98.7%","98.3%","98.3%","0.4%","98.3%","95.3%","95.3%","","","0.0%","3.0%","0.9%","0.4%","0.0%","1.3%"
"Luzerne","Crestwood Secondary Campus","12th Grade","233","99.6%","99.6%","99.1%","100.0%","0.9%","98.3%","99.1%","","0.4%","97.4%","0.4%","1.7%","0.0%","0.0%","0.0%","1.3%"
"Luzerne","Cross Creek Christian Academy","Kindergarten","5","","","","","","","","","","","","","","","",""
"Luzerne","Cross Creek Christian Academy","7th Grade","3","","","","","","","","","","","","","","","",""
"Luzerne","Cross Creek Christian Academy","12th Grade","1","","","","","","","","","","","","","","","",""
"Luzerne","Dallas MS","7th Grade","178","96.1%","95.5%","96.6%","96.1%","0.0%","96.1%","94.9%","94.4%","","","0.0%","2.8%","2.2%","0.0%","0.0%","1.1%"
"Luzerne","Dallas SHS","12th Grade","180","100.0%","100.0%","99.4%","100.0%","0.6%","98.9%","100.0%","","0.0%","97.2%","2.2%","1.1%","0.6%","0.0%","0.0%","1.1%"
"Luzerne","Dana El Ctr","Kindergarten","108","96.3%","96.3%","95.4%","99.1%","0.0%","94.4%","","","","","0.0%","1.9%","0.0%","0.9%","0.0%","5.6%"
"Luzerne","Daniel J Flood El Sch","Kindergarten","102","97.1%","97.1%","97.1%","99.0%","0.0%","97.1%","","","","","0.0%","0.0%","2.0%","1.0%","0.0%","0.0%"
"Luzerne","Dodson El Sch","Kindergarten","93","98.9%","97.8%","97.8%","100.0%","0.0%","97.8%","","","","","0.0%","0.0%","1.1%","7.5%","0.0%","0.0%"
"Luzerne","Dr David W Kistler El Sch","Kindergarten","177","96.0%","96.0%","97.7%","97.7%","0.0%","96.6%","","","","","0.0%","1.7%","0.0%","1.7%","0.6%","0.6%"
"Luzerne","Drums El/MS","Kindergarten","74","98.6%","98.6%","97.3%","98.6%","0.0%","97.3%","","","","","0.0%","4.1%","0.0%","5.4%","0.0%","5.4%"
"Luzerne","Drums El/MS","7th Grade","76","100.0%","100.0%","100.0%","100.0%","0.0%","98.7%","94.7%","94.7%","","","0.0%","2.6%","0.0%","5.3%","0.0%","5.3%"
"Luzerne","Fairview El Sch","Kindergarten","76","97.4%","97.4%","96.1%","98.7%","0.0%","97.4%","","","","","2.6%","0.0%","1.3%","0.0%","0.0%","0.0%"
"Luzerne","Freeland El/MS","Kindergarten","96","92.7%","92.7%","90.6%","97.9%","0.0%","90.6%","","","","","0.0%","2.1%","0.0%","1.0%","0.0%","6.2%"
"Luzerne","Freeland El/MS","7th Grade","129","100.0%","100.0%","100.0%","100.0%","0.0%","100.0%","99.2%","99.2%","","","0.0%","0.0%","0.0%","0.0%","0.0%","0.8%"
"Luzerne","G A R MS","7th Grade","368","98.4%","98.6%","98.6%","98.9%","0.0%","97.8%","93.5%","92.4%","","","0.0%","1.6%","0.0%","0.5%","0.0%","6.5%"
"Luzerne","Good Shepherd Academy","Kindergarten","68","95.6%","95.6%","92.6%","95.6%","0.0%","92.6%","","","","","0.0%","2.9%","0.0%","4.4%","0.0%","4.4%"
"Luzerne","Good Shepherd Academy","7th Grade","67","100.0%","100.0%","100.0%","100.0%","0.0%","100.0%","88.1%","88.1%","","","0.0%","0.0%","0.0%","11.9%","0.0%","11.9%"
"Luzerne","Graham Academy High School","7th Grade","4","","","","","","","","","","","","","","","",""
"Luzerne","Graham Academy High School","12th Grade","17","","","","","","","","","","","","","","","",""
"Luzerne","Graham Academy Lower School","Kindergarten","12","","","","","","","","","","","","","","","",""
"Luzerne","Graham Academy Lower School","7th Grade","7","","","","","","","","","","","","","","","",""
"Luzerne","Greater Nanticoke Area Ed Ctr","7th Grade","170","99.4%","99.4%","99.4%","99.4%","0.0%","99.4%","95.9%","95.9%","","","0.6%","1.2%","1.2%","0.6%","1.2%","0.0%"
"Luzerne","Greater Nanticoke Area SHS","12th Grade","189","97.9%","97.9%","97.9%","97.9%","0.5%","97.4%","98.9%","","1.6%","97.4%","0.5%","1.1%","0.0%","1.6%","0.0%","0.0%"
"Luzerne","Hanover Area JSHS","7th Grade","175","96.0%","96.0%","96.0%","96.0%","0.0%","96.0%","96.0%","96.0%","","","1.1%","0.6%","0.6%","0.0%","0.0%","1.7%"
"Luzerne","Hanover Area JSHS","12th Grade","144","100.0%","94.4%","94.4%","94.4%","0.0%","94.4%","94.4%","","0.0%","94.4%","2.1%","0.0%","1.4%","0.7%","0.0%","1.4%"
"Luzerne","Hazle Township Early Learning Center","Kindergarten","194","96.9%","96.9%","97.4%","99.5%","0.0%","93.3%","","","","","0.0%","0.0%","0.0%","6.7%","0.0%","0.0%"
"Luzerne","Hazleton Area Career Center","12th Grade","189","99.5%","100.0%","100.0%","100.0%","1.6%","98.4%","100.0%","","0.0%","97.4%","1.1%","0.0%","1.1%","0.0%","0.0%","1.1%"
"Luzerne","Hazleton Area HS","12th Grade","778","99.4%","98.7%","98.7%","99.0%","1.4%","97.7%","97.9%","","5.3%","78.8%","0.4%","1.4%","0.5%","0.6%","0.0%","14.5%"
"Luzerne","Hazleton El/MS","7th Grade","171","100.0%","98.8%","98.8%","99.4%","0.0%","98.2%","99.4%","99.4%","","","0.6%","0.6%","0.0%","3.5%","0.0%","0.6%"
"Luzerne","Hazleton Trinity Nursery & Kdg","Kindergarten","11","","","","","","","","","","","","","","","",""
"Luzerne","Heights Terrace El/MS","Kindergarten","122","100.0%","100.0%","100.0%","99.2%","0.0%","98.4%","","","","","0.0%","0.0%","0.0%","2.5%","0.0%","0.0%"
"Luzerne","Heights Terrace El/MS","7th Grade","127","100.0%","100.0%","100.0%","99.2%","0.8%","99.2%","98.4%","98.4%","","","0.0%","0.0%","0.8%","0.8%","0.0%","0.8%"
"Luzerne","Heights/Murray El Sch","Kindergarten","138","97.1%","98.6%","98.6%","97.8%","0.7%","97.1%","","","","","0.0%","0.7%","0.0%","1.4%","0.7%","2.9%"
"Luzerne","Holy Family Academy","Kindergarten","19","","","","","","","","","","","","","","","",""
"Luzerne","Holy Family Academy","7th Grade","11","","","","","","","","","","","","","","","",""
"Luzerne","Holy Redeemer High School","12th Grade","111","100.0%","100.0%","100.0%","99.1%","0.0%","100.0%","100.0%","","13.5%","86.5%","0.9%","0.0%","0.0%","0.0%","0.0%","13.5%"
"Luzerne","Holy Rosary School","Kindergarten","17","","","","","","","","","","","","","","","",""
"Luzerne","Holy Rosary School","7th Grade","17","","","","","","","","","","","","","","","",""
"Luzerne","Jenny Lynn Elementary","7th Grade","10","","","","","","","","","","","","","","","",""
"Luzerne","KBS Academy","Kindergarten","2","","","","","","","","","","","","","","","",""
"Luzerne","Kennedy Early Childhood Center","Kindergarten","186","96.8%","97.8%","97.3%","98.4%","0.0%","97.3%","","","","","0.0%","1.6%","0.0%","1.6%","0.5%","0.0%"
"Luzerne","Lake-Lehman JSHS","7th Grade","140","97.1%","96.4%","95.0%","96.4%","0.0%","96.4%","72.9%","70.7%","","","0.0%","0.0%","5.7%","0.0%","0.0%","26.4%"
"Luzerne","Lake-Lehman JSHS","12th Grade","128","96.9%","96.9%","96.9%","96.9%","0.0%","95.3%","95.3%","","0.8%","78.9%","0.0%","2.3%","1.6%","0.0%","0.0%","18.0%"
"Luzerne","Lake-Noxen El Sch","Kindergarten","36","97.2%","97.2%","97.2%","97.2%","0.0%","94.4%","","","","","0.0%","2.8%","0.0%","0.0%","0.0%","2.8%"
"Luzerne","Lehman-Jackson El Sch","Kindergarten","56","98.2%","98.2%","96.4%","98.2%","0.0%","96.4%","","","","","0.0%","1.8%","0.0%","0.0%","0.0%","1.8%"
"Luzerne","Luzerne IU 18","Kindergarten","28","100.0%","100.0%","96.4%","100.0%","0.0%","96.4%","","","","","3.6%","0.0%","0.0%","0.0%","0.0%","0.0%"
"Luzerne","Luzerne IU 18","7th Grade","17","","","","","","","","","","","","","","","",""
"Luzerne","Luzerne IU 18","12th Grade","89","100.0%","100.0%","98.9%","100.0%","0.0%","98.9%","98.9%","","5.6%","91.0%","1.1%","0.0%","0.0%","2.2%","0.0%","0.0%"
"Luzerne","Lyndwood El Sch","Kindergarten","180","93.3%","93.3%","93.3%","93.3%","0.0%","93.3%","","","","","1.1%","3.3%","0.0%","0.0%","0.0%","2.2%"
"Luzerne","MMI Preparatory School","7th Grade","23","95.7%","95.7%","95.7%","95.7%","0.0%","95.7%","95.7%","95.7%","","","0.0%","0.0%","0.0%","4.3%","0.0%","4.3%"
"Luzerne","MMI Preparatory School","12th Grade","31","100.0%","100.0%","100.0%","100.0%","3.2%","96.8%","100.0%","","0.0%","93.5%","0.0%","0.0%","0.0%","6.5%","0.0%","6.5%"
"Luzerne","Maple Manor El/MS","7th Grade","204","100.0%","97.5%","100.0%","100.0%","1.5%","97.1%","80.4%","80.4%","","","0.0%","0.0%","0.0%","1.5%","0.0%","19.6%"
"Luzerne","Martin F Quinn Pittston Area Primary Ctr","Kindergarten","197","95.9%","95.9%","96.4%","100.0%","96.4%","0.0%","","","","","0.0%","0.5%","0.0%","0.0%","0.0%","9.6%"
"Luzerne","McAdoo-Kelayres El/MS","Kindergarten","79","100.0%","100.0%","96.2%","97.5%","0.0%","96.2%","","","","","1.3%","0.0%","2.5%","0.0%","0.0%","0.0%"
"Luzerne","McAdoo-Kelayres El/MS","7th Grade","94","98.9%","96.8%","98.9%","98.9%","0.0%","97.9%","98.9%","97.9%","","","0.0%","1.1%","1.1%","2.1%","0.0%","0.0%"
"Luzerne","Milford E Barnes Junior School","Kindergarten","3","","","","","","","","","","","","","","","",""
"Luzerne","Milford E Barnes Junior School","7th Grade","1","","","","","","","","","","","","","","","",""
"Luzerne","Milford E Barnes Junior School","12th Grade","1","","","","","","","","","","","","","","","",""
"Luzerne","Mountaintop Christian Academy","Kindergarten","8","","","","","","","","","","","","","","","",""
"Luzerne","Mountaintop Christian Academy","7th Grade","3","","","","","","","","","","","","","","","",""
"Luzerne","New Story","Kindergarten","8","","","","","","","","","","","","","","","",""
"Luzerne","New Story","7th Grade","8","","","","","","","","","","","","","","","",""
"Luzerne","New Story","12th Grade","1","","","","","","","","","","","","","","","",""
"Luzerne","Northeast Secure Treatment Unit","7th Grade","2","","","","","","","","","","","","","","","",""
"Luzerne","Northeast Secure Treatment Unit","12th Grade","4","","","","","","","","","","","","","","","",""
"Luzerne","Northwest Area HS","7th Grade","76","96.1%","96.1%","96.1%","96.1%","0.0%","96.1%","90.8%","89.5%","","","0.0%","0.0%","6.6%","1.3%","0.0%","2.6%"
"Luzerne","Northwest Area HS","12th Grade","64","100.0%","100.0%","100.0%","100.0%","0.0%","100.0%","96.9%","","7.8%","90.6%","0.0%","0.0%","3.1%","0.0%","0.0%","7.8%"
"Luzerne","Northwest Area Primary Sch","Kindergarten","68","97.1%","95.6%","95.6%","97.1%","0.0%","95.6%","","","","","0.0%","0.0%","1.5%","0.0%","0.0%","2.9%"
"Luzerne","Pittston Area MS","7th Grade","231","97.0%","97.0%","98.3%","97.4%","0.0%","97.4%","70.1%","69.7%","","","0.0%","0.4%","0.4%","0.0%","0.0%","32.0%"
"Luzerne","Pittston Area SHS","12th Grade","272","97.8%","96.3%","97.4%","97.8%","0.0%","97.4%","97.1%","","2.9%","70.2%","0.0%","1.5%","0.7%","0.0%","0.0%","32.4%"
"Luzerne","Rice El Sch","Kindergarten","87","96.6%","94.3%","93.1%","98.9%","0.0%","94.3%","","","","","0.0%","0.0%","5.7%","2.3%","0.0%","0.0%"
"Luzerne","Ross El Sch","Kindergarten","20","100.0%","100.0%","100.0%","100.0%","0.0%","100.0%","","","","","0.0%","0.0%","0.0%","0.0%","0.0%","0.0%"
"Luzerne","Solomon/Plains El Sch","Kindergarten","101","96.0%","98.0%","100.0%","100.0%","0.0%","98.0%","","","","","0.0%","0.0%","1.0%","5.0%","0.0%","0.0%"
"Luzerne","Solomon/Plains MS","7th Grade","274","96.7%","96.4%","97.4%","96.0%","0.4%","97.1%","94.9%","95.3%","","","0.0%","1.8%","1.1%","1.5%","0.0%","1.8%"
"Luzerne","St Jude School","Kindergarten","29","100.0%","100.0%","100.0%","100.0%","0.0%","100.0%","","","","","0.0%","0.0%","0.0%","0.0%","0.0%","0.0%"
"Luzerne","St Jude School","7th Grade","17","","","","","","","","","","","","","","","",""
"Luzerne","St Nicholas St Mary School","Kindergarten","27","96.3%","96.3%","96.3%","100.0%","0.0%","96.3%","","","","","0.0%","0.0%","0.0%","3.7%","0.0%","0.0%"
"Luzerne","St Nicholas St Mary School","7th Grade","35","100.0%","100.0%","100.0%","100.0%","0.0%","100.0%","94.3%","94.3%","","","0.0%","0.0%","0.0%","0.0%","0.0%","5.7%"
"Luzerne","State El Ctr","Kindergarten","163","91.4%","92.6%","96.3%","98.8%","0.0%","96.3%","","","","","0.0%","0.6%","0.6%","0.6%","0.0%","6.7%"
"Luzerne","Third Avenue El Sch","Kindergarten","106","93.4%","94.3%","95.3%","96.2%","0.0%","95.3%","","","","","0.0%","1.9%","0.9%","3.8%","0.0%","0.9%"
"Luzerne","Trucksville Early Childhood Education Center","Kindergarten","10","","","","","","","","","","","","","","","",""
"Luzerne","Valley El/MS","Kindergarten","101","99.0%","99.0%","100.0%","99.0%","0.0%","100.0%","","","","","0.0%","1.0%","2.0%","1.0%","0.0%","0.0%"
"Luzerne","Valley El/MS","7th Grade","92","96.7%","96.7%","96.7%","96.7%","0.0%","95.7%","98.9%","98.9%","","","0.0%","3.3%","1.1%","1.1%","0.0%","3.3%"
"Luzerne","West Hazleton El/MS","Kindergarten","102","99.0%","98.0%","97.1%","99.0%","0.0%","97.1%","","","","","0.0%","0.0%","1.0%","3.9%","0.0%","0.0%"
"Luzerne","West Hazleton El/MS","7th Grade","119","100.0%","100.0%","100.0%","100.0%","0.0%","100.0%","99.2%","99.2%","","","0.0%","0.0%","0.0%","0.0%","0.0%","0.8%"
"Luzerne","West Side CTC","12th Grade","81","100.0%","100.0%","98.8%","100.0%","0.0%","98.8%","98.8%","","1.2%","87.7%","0.0%","1.2%","9.9%","0.0%","0.0%","0.0%"
"Luzerne","Wilkes Barre Academy","Kindergarten","24","87.5%","87.5%","95.8%","95.8%","0.0%","95.8%","","","","","0.0%","0.0%","4.2%","8.3%","0.0%","0.0%"
"Luzerne","Wilkes Barre Academy","7th Grade","18","","","","","","","","","","","","","","","",""
"Luzerne","Wilkes Barre Mennonite School","Kindergarten","4","","","","","","","","","","","","","","","",""
"Luzerne","Wilkes Barre Mennonite School","7th Grade","2","","","","","","","","","","","","","","","",""
"Luzerne","Wilkes Barre Mennonite School","12th Grade","1","","","","","","","","","","","","","","","",""
"Luzerne","Wilkes-Barre Area HS","12th Grade","615","100.0%","98.2%","99.5%","99.8%","1.0%","99.0%","99.8%","","3.1%","85.5%","0.3%","2.6%","0.5%","0.7%","0.0%","11.2%"
"Luzerne","Wilkes-Barre Area SD STEM Academy","12th Grade","18","","","","","","","","","","","","","","","",""
"Luzerne","Wycallis Primary Center","Kindergarten","176","98.3%","98.3%","96.0%","98.3%","0.0%","96.6%","","","","","0.0%","1.7%","1.1%","0.0%","0.0%","1.1%"
"Luzerne","Wyoming Area Catholic School","Kindergarten","22","100.0%","100.0%","100.0%","100.0%","0.0%","100.0%","","","","","0.0%","0.0%","0.0%","0.0%","0.0%","0.0%"
"Luzerne","Wyoming Area Catholic School","7th Grade","18","","","","","","","","","","","","","","","",""
"Luzerne","Wyoming Area Kindergarten Ctr","Kindergarten","136","94.9%","94.9%","97.1%","97.1%","0.0%","97.1%","","","","","0.0%","2.9%","0.0%","2.2%","0.0%","0.0%"
"Luzerne","Wyoming Area Sec Ctr","7th Grade","158","94.9%","94.9%","94.9%","94.9%","0.0%","94.9%","91.1%","91.1%","","","0.0%","5.1%","0.0%","3.8%","0.0%","0.0%"
"Luzerne","Wyoming Area Sec Ctr","12th Grade","142","97.9%","97.9%","97.2%","97.9%","0.0%","97.9%","97.2%","","4.2%","93.7%","0.0%","2.8%","2.1%","0.0%","0.0%","0.0%"
"Luzerne","Wyoming Seminary College Preparatory School","Kindergarten","27","100.0%","100.0%","100.0%","100.0%","0.0%","100.0%","","","","","0.0%","0.0%","0.0%","0.0%","0.0%","0.0%"
"Luzerne","Wyoming Seminary College Preparatory School","7th Grade","38","100.0%","100.0%","100.0%","100.0%","0.0%","100.0%","100.0%","100.0%","","","0.0%","0.0%","0.0%","0.0%","0.0%","0.0%"
"Luzerne","Wyoming Seminary College Preparatory School","12th Grade","115","99.1%","99.1%","99.1%","97.4%","6.1%","93.0%","99.1%","","1.7%","97.4%","0.9%","0.0%","0.0%","1.7%","0.0%","0.0%"
"Luzerne","Wyoming Valley Montessori School","Kindergarten","9","","","","","","","","","","","","","","","",""
"Luzerne","Wyoming Valley SDA School","7th Grade","2","","","","","","","","","","","","","","","",""
"Luzerne","Wyoming Valley West MS","7th Grade","346","97.7%","97.7%","97.7%","97.7%","0.6%","97.1%","87.6%","87.6%","","","0.0%","0.9%","1.4%","7.2%","0.0%","2.9%"
"Luzerne","Wyoming Valley West SHS","12th Grade","346","97.7%","96.5%","98.6%","98.6%","0.0%","98.6%","97.4%","","2.3%","70.2%","0.3%","1.7%","0.0%","0.0%","0.0%","28.0%"
"Lycoming","Avis El Sch","Kindergarten","44","93.2%","95.5%","93.2%","97.7%","0.0%","93.2%","","","","","0.0%","2.3%","2.3%","2.3%","0.0%","0.0%"
"Lycoming","BLaST IU 17","Kindergarten","3","","","","","","","","","","","","","","","",""
"Lycoming","BLaST IU 17","7th Grade","5","","","","","","","","","","","","","","","",""
"Lycoming","BLaST IU 17","12th Grade","10","","","","","","","","","","","","","","","",""
"Lycoming","Bald Eagle School","7th Grade","4","","","","","","","","","","","","","","","",""
"Lycoming","Beacon Academy","Kindergarten","5","","","","","","","","","","","","","","","",""
"Lycoming","Brookside School","7th Grade","2","","","","","","","","","","","","","","","",""
"Lycoming","C E McCall MS","7th Grade","169","95.9%","95.9%","96.4%","95.9%","0.0%","96.4%","91.1%","91.1%","","","0.0%","8.3%","1.8%","0.6%","0.0%","1.8%"
"Lycoming","Carl G Renn El Sch","Kindergarten","11","","","","","","","","","","","","","","","",""
"Lycoming","Central El Sch","Kindergarten","105","92.4%","92.4%","92.4%","94.3%","0.0%","92.4%","","","","","0.0%","2.9%","4.8%","0.0%","0.0%","1.0%"
"Lycoming","Cochran Primary Sch","Kindergarten","115","98.3%","98.3%","99.1%","98.3%","0.0%","99.1%","","","","","0.0%","0.0%","0.9%","1.7%","0.0%","0.0%"
"Lycoming","Country Acres Amish School","7th Grade","4","","","","","","","","","","","","","","","",""
"Lycoming","Countryside Amish School","7th Grade","4","","","","","","","","","","","","","","","",""
"Lycoming","Donald E. Schick Sch","Kindergarten","134","97.8%","97.8%","97.0%","97.8%","0.0%","97.0%","","","","","0.7%","1.5%","1.5%","0.0%","0.0%","0.0%"
"Lycoming","George A Ferrell El Sch","Kindergarten","14","","","","","","","","","","","","","","","",""
"Lycoming","Hepburn-Lycoming Primary Sch","Kindergarten","95","100.0%","100.0%","100.0%","100.0%","0.0%","100.0%","","","","","0.0%","0.0%","0.0%","0.0%","0.0%","0.0%"
"Lycoming","Hughesville JSHS","7th Grade","128","94.5%","93.8%","94.5%","94.5%","0.0%","94.5%","91.4%","91.4%","","","0.8%","4.7%","3.1%","0.0%","0.0%","2.3%"
"Lycoming","Hughesville JSHS","12th Grade","137","95.6%","94.9%","95.6%","94.2%","2.9%","92.0%","94.2%","","0.0%","91.2%","0.7%","7.3%","2.9%","0.0%","0.0%","4.4%"
"Lycoming","Jackson Primary Sch","Kindergarten","124","94.4%","95.2%","95.2%","96.0%","0.0%","95.2%","","","","","0.0%","2.4%","0.8%","0.0%","0.0%","2.4%"
"Lycoming","Jersey Shore Area El Sch","Kindergarten","104","94.2%","95.2%","95.2%","97.1%","0.0%","95.2%","","","","","0.0%","1.9%","1.9%","1.9%","0.0%","0.0%"
"Lycoming","Jersey Shore Area SHS","12th Grade","150","98.7%","98.7%","98.7%","98.7%","0.0%","98.7%","96.7%","","0.0%","92.7%","0.0%","1.3%","2.0%","4.0%","0.0%","0.0%"
"Lycoming","Jersey Shore MS","7th Grade","160","96.9%","96.9%","96.9%","96.9%","1.9%","95.0%","93.8%","93.1%","","","0.0%","1.9%","2.5%","2.5%","0.0%","0.0%"
"Lycoming","Joseph C Ashkar El Sch","Kindergarten","57","87.7%","89.5%","89.5%","93.0%","0.0%","89.5%","","","","","0.0%","5.3%","3.5%","1.8%","0.0%","1.8%"
"Lycoming","La-Sa-Quik Res Treatment","12th Grade","1","","","","","","","","","","","","","","","",""
"Lycoming","Leisure Acre School","7th Grade","2","","","","","","","","","","","","","","","",""
"Lycoming","Loyalsock Twp MS","7th Grade","133","97.7%","97.7%","97.7%","97.7%","0.0%","97.7%","97.0%","97.0%","","","0.0%","2.3%","0.8%","0.0%","0.0%","0.8%"
"Lycoming","Loyalsock Twp SHS","12th Grade","123","97.6%","97.6%","97.6%","96.7%","0.0%","96.7%","96.7%","","1.6%","95.1%","0.8%","0.8%","3.3%","0.0%","0.0%","0.8%"
"Lycoming","Loyalsock Valley El Sch","Kindergarten","25","100.0%","100.0%","100.0%","100.0%","0.0%","100.0%","","","","","0.0%","0.0%","0.0%","0.0%","0.0%","0.0%"
"Lycoming","Lyter El Sch","Kindergarten","76","97.4%","96.1%","98.7%","96.1%","0.0%","97.4%","","","","","0.0%","2.6%","0.0%","1.3%","0.0%","0.0%"
"Lycoming","Montgomery El Sch","Kindergarten","61","95.1%","95.1%","95.1%","95.1%","0.0%","95.1%","","","","","0.0%","4.9%","0.0%","0.0%","0.0%","0.0%"
"Lycoming","Montgomery JSHS","7th Grade","68","98.5%","98.5%","98.5%","98.5%","0.0%","98.5%","97.1%","97.1%","","","0.0%","2.9%","0.0%","0.0%","0.0%","0.0%"
"Lycoming","Montgomery JSHS","12th Grade","74","100.0%","100.0%","100.0%","100.0%","0.0%","100.0%","97.3%","","1.4%","97.3%","0.0%","2.7%","0.0%","0.0%","0.0%","0.0%"
"Lycoming","Montoursville Area SHS","12th Grade","134","99.3%","98.5%","97.8%","99.3%","0.7%","97.8%","95.5%","","0.7%","91.0%","0.0%","5.2%","1.5%","0.7%","0.0%","2.2%"
"Lycoming","Mountain View Christian School","Kindergarten","2","","","","","","","","","","","","","","","",""
"Lycoming","Mountain View Christian School","7th Grade","1","","","","","","","","","","","","","","","",""
"Lycoming","Mountain View School","7th Grade","4","","","","","","","","","","","","","","","",""
"Lycoming","Muncy JSHS","7th Grade","65","93.8%","93.8%","93.8%","93.8%","0.0%","93.8%","93.8%","93.8%","","","0.0%","4.6%","0.0%","0.0%","0.0%","1.5%"
"Lycoming","Muncy JSHS","12th Grade","81","98.8%","98.8%","98.8%","98.8%","0.0%","98.8%","98.8%","","1.2%","97.5%","0.0%","2.5%","0.0%","0.0%","0.0%","0.0%"
"Lycoming","Pine Woods Nippenose Valley","7th Grade","2","","","","","","","","","","","","","","","",""
"Lycoming","River Rock Academy","7th Grade","4","","","","","","","","","","","","","","","",""
"Lycoming","River Rock Academy","12th Grade","3","","","","","","","","","","","","","","","",""
"Lycoming","Scenic Mountain Parochial School","7th Grade","2","","","","","","","","","","","","","","","",""
"Lycoming","South Williamsport Area JSHS","7th Grade","93","94.6%","93.5%","94.6%","95.7%","0.0%","94.6%","93.5%","92.5%","","","2.2%","1.1%","6.5%","0.0%","0.0%","3.2%"
"Lycoming","South Williamsport Area JSHS","12th Grade","86","97.7%","97.7%","100.0%","97.7%","0.0%","98.8%","94.2%","","0.0%","90.7%","2.3%","1.2%","3.5%","0.0%","0.0%","4.7%"
"Lycoming","St John Neumann Regional Academy","Kindergarten","15","","","","","","","","","","","","","","","",""
"Lycoming","St John Neumann Regional Academy High School Campus","7th Grade","11","","","","","","","","","","","","","","","",""
"Lycoming","St John Neumann Regional Academy High School Campus","12th Grade","11","","","","","","","","","","","","","","","",""
"Lycoming","Valley Bell School","7th Grade","2","","","","","","","","","","","","","","","",""
"Lycoming","Ward L Myers El Sch","Kindergarten","66","89.4%","89.4%","89.4%","89.4%","0.0%","89.4%","","","","","0.0%","6.1%","0.0%","0.0%","0.0%","4.5%"
"Lycoming","White Deer Valley School","7th Grade","2","","","","","","","","","","","","","","","",""
"Lycoming","Williamsport Area MS","7th Grade","364","98.4%","98.1%","98.4%","98.6%","0.0%","98.4%","95.6%","95.6%","","","0.8%","2.2%","1.6%","0.8%","0.3%","0.0%"
"Lycoming","Williamsport Area SHS","12th Grade","337","98.5%","97.9%","98.2%","97.6%","0.3%","98.2%","97.9%","","0.0%","95.0%","0.9%","1.2%","1.2%","0.0%","0.0%","1.8%"
"Lycoming","Williamsport Christian School","Kindergarten","9","","","","","","","","","","","","","","","",""
"Lycoming","Williamsport Christian School","7th Grade","6","","","","","","","","","","","","","","","",""
"Lycoming","Williamsport Christian School","12th Grade","4","","","","","","","","","","","","","","","",""
"Lycoming","Windy Acre School","7th Grade","4","","","","","","","","","","","","","","","",""
"McKean","Bradford Area Christian Academy","Kindergarten","4","","","","","","","","","","","","","","","",""
"McKean","Bradford Area Christian Academy","7th Grade","3","","","","","","","","","","","","","","","",""
"McKean","Bradford Area HS","12th Grade","176","97.7%","97.7%","97.7%","97.7%","0.0%","97.7%","97.7%","","0.0%","94.9%","0.0%","0.0%","3.4%","0.0%","0.0%","1.7%"
"McKean","Chestnut Street Christian School","Kindergarten","2","","","","","","","","","","","","","","","",""
"McKean","Chestnut Street Christian School","7th Grade","3","","","","","","","","","","","","","","","",""
"McKean","Chestnut Street Christian School","12th Grade","2","","","","","","","","","","","","","","","",""
"McKean","Floyd C Fretz MS","7th Grade","162","88.9%","88.9%","88.9%","88.9%","2.5%","88.3%","88.9%","88.9%","","","0.0%","0.0%","6.2%","4.9%","0.0%","0.0%"
"McKean","George Blaisdell El Sch","Kindergarten","171","93.6%","94.2%","94.7%","95.9%","0.0%","94.2%","","","","","0.0%","1.8%","1.8%","0.6%","0.0%","2.3%"
"McKean","Kane Area El Sch","Kindergarten","82","95.1%","93.9%","93.9%","97.6%","0.0%","92.7%","","","","","0.0%","3.7%","1.2%","2.4%","0.0%","0.0%"
"McKean","Kane Area HS","12th Grade","63","100.0%","98.4%","100.0%","100.0%","0.0%","100.0%","100.0%","","0.0%","100.0%","0.0%","0.0%","0.0%","0.0%","0.0%","1.6%"
"McKean","Kane Area MS","7th Grade","79","97.5%","97.5%","97.5%","97.5%","0.0%","97.5%","96.2%","96.2%","","","0.0%","2.5%","1.3%","0.0%","0.0%","0.0%"
"McKean","Learning Center Inc","Kindergarten","9","","","","","","","","","","","","","","","",""
"McKean","Otto-Eldred El Sch","Kindergarten","37","43.2%","43.2%","40.5%","40.5%","0.0%","43.2%","","","","","0.0%","5.4%","0.0%","54.1%","0.0%","0.0%"
"McKean","Otto-Eldred JSHS","7th Grade","29","100.0%","100.0%","100.0%","100.0%","0.0%","100.0%","100.0%","100.0%","","","0.0%","0.0%","0.0%","0.0%","0.0%","0.0%"
"McKean","Otto-Eldred JSHS","12th Grade","43","97.7%","97.7%","97.7%","97.7%","0.0%","97.7%","97.7%","","0.0%","97.7%","2.3%","0.0%","0.0%","0.0%","0.0%","0.0%"
"McKean","Port Allegany El Sch","Kindergarten","49","98.0%","98.0%","98.0%","98.0%","0.0%","98.0%","","","","","0.0%","0.0%","2.0%","0.0%","0.0%","0.0%"
"McKean","Port Allegany JSHS","7th Grade","74","100.0%","100.0%","100.0%","100.0%","0.0%","100.0%","100.0%","100.0%","","","0.0%","0.0%","0.0%","0.0%","0.0%","0.0%"
"McKean","Port Allegany JSHS","12th Grade","65","100.0%","100.0%","100.0%","100.0%","0.0%","100.0%","100.0%","","1.5%","98.5%","0.0%","0.0%","1.5%","0.0%","0.0%","0.0%"
"McKean","Smethport Area El Sch","Kindergarten","38","92.1%","92.1%","92.1%","92.1%","0.0%","92.1%","","","","","0.0%","7.9%","0.0%","0.0%","0.0%","0.0%"
"McKean","Smethport Area JSHS","7th Grade","53","92.5%","90.6%","90.6%","92.5%","0.0%","90.6%","90.6%","90.6%","","","1.9%","3.8%","3.8%","0.0%","0.0%","0.0%"
"McKean","Smethport Area JSHS","12th Grade","53","98.1%","98.1%","98.1%","98.1%","0.0%","96.2%","98.1%","","1.9%","96.2%","1.9%","0.0%","3.8%","0.0%","0.0%","0.0%"
"Mercer","Artman El Sch","Kindergarten","153","98.0%","97.4%","98.0%","97.4%","0.0%","97.4%","","","","","0.0%","2.6%","0.7%","1.3%","0.0%","0.0%"
"Mercer","Case Avenue El Sch","Kindergarten","62","96.8%","96.8%","96.8%","96.8%","0.0%","96.8%","","","","","0.0%","0.0%","3.2%","0.0%","0.0%","0.0%"
"Mercer","Cherry Hill School","7th Grade","4","","","","","","","","","","","","","","","",""
"Mercer","Commodore Perry JSHS","7th Grade","42","95.2%","95.2%","95.2%","92.9%","0.0%","95.2%","90.5%","90.5%","","","0.0%","2.4%","7.1%","2.4%","0.0%","0.0%"
"Mercer","Commodore Perry JSHS","12th Grade","37","94.6%","94.6%","94.6%","94.6%","0.0%","94.6%","94.6%","","5.4%","91.9%","0.0%","5.4%","2.7%","0.0%","0.0%","0.0%"
"Mercer","Commodore Perry Sch","Kindergarten","24","91.7%","91.7%","91.7%","95.8%","0.0%","91.7%","","","","","0.0%","4.2%","0.0%","4.2%","0.0%","0.0%"
"Mercer","County Line School","7th Grade","3","","","","","","","","","","","","","","","",""
"Mercer","Creative Learning Christian School","Kindergarten","1","","","","","","","","","","","","","","","",""
"Mercer","Creative Learning Christian School","7th Grade","4","","","","","","","","","","","","","","","",""
"Mercer","Creative Learning Christian School","12th Grade","2","","","","","","","","","","","","","","","",""
"Mercer","Delahunty MS","7th Grade","137","97.1%","97.1%","97.1%","98.5%","0.0%","97.1%","93.4%","93.4%","","","0.0%","8.0%","0.0%","0.0%","0.0%","0.0%"
"Mercer","Dutch Lane School","7th Grade","3","","","","","","","","","","","","","","","",""
"Mercer","Farrell Area HS/UMS","7th Grade","43","100.0%","100.0%","100.0%","100.0%","0.0%","100.0%","100.0%","97.7%","","","0.0%","2.3%","0.0%","0.0%","0.0%","0.0%"
"Mercer","Farrell Area HS/UMS","12th Grade","45","97.8%","97.8%","95.6%","97.8%","2.2%","93.3%","97.8%","","11.1%","86.7%","2.2%","0.0%","2.2%","0.0%","0.0%","2.2%"
"Mercer","Greenville El Sch","Kindergarten","73","89.0%","87.7%","87.7%","87.7%","0.0%","87.7%","","","","","0.0%","4.1%","6.8%","1.4%","0.0%","1.4%"
"Mercer","Greenville JSHS","7th Grade","81","97.5%","97.5%","96.3%","98.8%","0.0%","95.1%","93.8%","92.6%","","","1.2%","4.9%","1.2%","0.0%","0.0%","2.5%"
"Mercer","Greenville JSHS","12th Grade","111","96.4%","96.4%","96.4%","97.3%","0.9%","95.5%","96.4%","","0.0%","94.6%","0.0%","4.5%","0.9%","0.0%","0.0%","0.9%"
"Mercer","Grove City Area HS","12th Grade","169","94.1%","93.5%","93.5%","94.1%","0.6%","92.9%","92.9%","","0.6%","84.0%","0.6%","8.3%","6.5%","0.0%","0.0%","0.0%"
"Mercer","Grove City Area MS","7th Grade","162","77.2%","77.2%","77.2%","77.2%","0.0%","77.2%","77.2%","77.2%","","","0.0%","0.0%","17.9%","0.0%","0.0%","4.9%"
"Mercer","Grove City Christian Academy","Kindergarten","22","63.6%","63.6%","63.6%","63.6%","0.0%","63.6%","","","","","0.0%","4.5%","31.8%","0.0%","0.0%","0.0%"
"Mercer","Grove City Christian Academy","7th Grade","22","81.8%","77.3%","77.3%","81.8%","4.5%","72.7%","54.5%","54.5%","","","0.0%","18.2%","27.3%","0.0%","0.0%","0.0%"
"Mercer","Grove City Christian Academy","12th Grade","18","","","","","","","","","","","","","","","",""
"Mercer","Hickory HS","12th Grade","166","94.6%","94.0%","95.2%","95.2%","0.6%","93.4%","94.6%","","0.0%","91.6%","1.2%","7.2%","0.0%","0.0%","0.0%","0.6%"
"Mercer","Hilltop Amish School","7th Grade","1","","","","","","","","","","","","","","","",""
"Mercer","Hillview El Sch","Kindergarten","109","86.2%","86.2%","86.2%","86.2%","0.0%","86.2%","","","","","0.9%","0.0%","11.0%","0.0%","0.0%","1.8%"
"Mercer","Jamestown Area El Sch","Kindergarten","28","92.9%","92.9%","92.9%","92.9%","0.0%","92.9%","","","","","0.0%","7.1%","0.0%","0.0%","0.0%","0.0%"
"Mercer","Jamestown Area JSHS","7th Grade","22","95.5%","95.5%","95.5%","95.5%","0.0%","95.5%","95.5%","95.5%","","","0.0%","4.5%","0.0%","0.0%","0.0%","0.0%"
"Mercer","Jamestown Area JSHS","12th Grade","27","96.3%","96.3%","96.3%","96.3%","0.0%","96.3%","96.3%","","0.0%","96.3%","0.0%","3.7%","0.0%","0.0%","0.0%","0.0%"
"Mercer","Kennedy Catholic School","7th Grade","26","96.2%","100.0%","100.0%","100.0%","0.0%","100.0%","96.2%","92.3%","","","0.0%","7.7%","0.0%","0.0%","0.0%","0.0%"
"Mercer","Kennedy Catholic School","12th Grade","16","","","","","","","","","","","","","","","",""
"Mercer","Keystone Education Center CS","7th Grade","9","","","","","","","","","","","","","","","",""
"Mercer","Lakeview Middle-HS","7th Grade","67","94.0%","94.0%","92.5%","94.0%","0.0%","92.5%","91.0%","91.0%","","","1.5%","7.5%","1.5%","0.0%","0.0%","0.0%"
"Mercer","Lakeview Middle-HS","12th Grade","65","100.0%","98.5%","96.9%","96.9%","0.0%","96.9%","95.4%","","0.0%","95.4%","1.5%","3.1%","0.0%","0.0%","0.0%","1.5%"
"Mercer","Luther W Low El Sch","Kindergarten","48","97.9%","97.9%","97.9%","97.9%","0.0%","97.9%","","","","","0.0%","2.1%","0.0%","0.0%","0.0%","0.0%"
"Mercer","Meadow View Amish School","7th Grade","2","","","","","","","","","","","","","","","",""
"Mercer","Mercer Area El Sch","Kindergarten","67","89.6%","89.6%","89.6%","89.6%","0.0%","89.6%","","","","","0.0%","7.5%","3.0%","0.0%","0.0%","0.0%"
"Mercer","Mercer Area MS","7th Grade","86","94.2%","94.2%","95.3%","94.2%","0.0%","94.2%","93.0%","93.0%","","","0.0%","4.7%","3.5%","0.0%","0.0%","1.2%"
"Mercer","Mercer Area SHS","12th Grade","75","96.0%","93.3%","93.3%","94.7%","0.0%","92.0%","89.3%","","1.3%","82.7%","0.0%","8.0%","2.7%","0.0%","0.0%","8.0%"
"Mercer","Musser El Sch","Kindergarten","49","91.8%","91.8%","93.9%","91.8%","2.0%","93.9%","","","","","0.0%","0.0%","4.1%","4.1%","0.0%","0.0%"
"Mercer","Oak Hill Amish Parochial School","7th Grade","2","","","","","","","","","","","","","","","",""
"Mercer","Oakview El Sch","Kindergarten","58","93.1%","93.1%","93.1%","93.1%","0.0%","93.1%","","","","","0.0%","6.9%","0.0%","0.0%","0.0%","0.0%"
"Mercer","Orchard Hill School","7th Grade","1","","","","","","","","","","","","","","","",""
"Mercer","Osborn School","7th Grade","2","","","","","","","","","","","","","","","",""
"Mercer","Pleasant View School","7th Grade","3","","","","","","","","","","","","","","","",""
"Mercer","Reynolds El Sch","Kindergarten","84","96.4%","95.2%","96.4%","97.6%","0.0%","96.4%","","","","","0.0%","2.4%","2.4%","1.2%","0.0%","0.0%"
"Mercer","Reynolds JSHS","7th Grade","85","100.0%","100.0%","100.0%","100.0%","0.0%","100.0%","100.0%","100.0%","","","0.0%","0.0%","0.0%","0.0%","0.0%","0.0%"
"Mercer","Reynolds JSHS","12th Grade","64","98.4%","98.4%","98.4%","98.4%","0.0%","98.4%","98.4%","","1.6%","96.9%","0.0%","0.0%","3.1%","0.0%","0.0%","1.6%"
"Mercer","Russell C. Phillips El Sch","Kindergarten","69","97.1%","97.1%","97.1%","97.1%","0.0%","97.1%","","","","","0.0%","0.0%","2.9%","0.0%","0.0%","0.0%"
"Mercer","Shady Maple Amish Parochial","7th Grade","4","","","","","","","","","","","","","","","",""
"Mercer","Shady Maple School","7th Grade","3","","","","","","","","","","","","","","","",""
"Mercer","Sharon HS","12th Grade","114","100.0%","100.0%","100.0%","97.4%","0.0%","99.1%","98.2%","","0.9%","93.9%","0.0%","0.0%","4.4%","0.0%","0.0%","4.4%"
"Mercer","Sharon MS","7th Grade","141","98.6%","98.6%","98.6%","100.0%","0.0%","98.6%","97.9%","97.9%","","","0.7%","0.0%","4.3%","0.0%","0.0%","0.0%"
"Mercer","Sharpsville Area El Sch","Kindergarten","58","98.3%","98.3%","98.3%","98.3%","0.0%","98.3%","","","","","0.0%","0.0%","0.0%","1.7%","0.0%","0.0%"
"Mercer","Sharpsville Area MS","7th Grade","66","97.0%","97.0%","97.0%","97.0%","0.0%","97.0%","93.9%","93.9%","","","0.0%","0.0%","3.0%","3.0%","0.0%","0.0%"
"Mercer","Sharpsville Area SHS","12th Grade","78","100.0%","100.0%","100.0%","100.0%","1.3%","98.7%","98.7%","","0.0%","94.9%","0.0%","0.0%","2.6%","2.6%","0.0%","0.0%"
"Mercer","St John Paul II Elementary School","Kindergarten","13","","","","","","","","","","","","","","","",""
"Mercer","Stoneboro Wesleyan Methodist School","Kindergarten","5","","","","","","","","","","","","","","","",""
"Mercer","Stoneboro Wesleyan Methodist School","7th Grade","5","","","","","","","","","","","","","","","",""
"Mercer","Stoneboro Wesleyan Methodist School","12th Grade","4","","","","","","","","","","","","","","","",""
"Mercer","Valley View Amish School","7th Grade","3","","","","","","","","","","","","","","","",""
"Mercer","Wesley Education Center","Kindergarten","6","","","","","","","","","","","","","","","",""
"Mercer","West Hill El Sch","Kindergarten","39","97.4%","97.4%","94.9%","100.0%","0.0%","94.9%","","","","","0.0%","0.0%","5.1%","0.0%","0.0%","0.0%"
"Mercer","West Middlesex Area JSHS","7th Grade","59","98.3%","98.3%","98.3%","98.3%","0.0%","98.3%","98.3%","98.3%","","","0.0%","1.7%","0.0%","0.0%","0.0%","0.0%"
"Mercer","West Middlesex Area JSHS","12th Grade","55","98.2%","98.2%","98.2%","98.2%","0.0%","98.2%","98.2%","","0.0%","98.2%","0.0%","1.8%","0.0%","0.0%","0.0%","0.0%"
"Mercer","William Penn Academy","12th Grade","1","","","","","","","","","","","","","","","",""
"Mercer","Willow Creek School","7th Grade","3","","","","","","","","","","","","","","","",""
"Mercer","Wood Lawn School","7th Grade","3","","","","","","","","","","","","","","","",""
"Mercer","Zuver School No 8","7th Grade","5","","","","","","","","","","","","","","","",""
"Mifflin","Allison Gap School","7th Grade","3","","","","","","","","","","","","","","","",""
"Mifflin","Back Mountain Amish School","7th Grade","6","","","","","","","","","","","","","","","",""
"Mifflin","Barefoot School","7th Grade","3","","","","","","","","","","","","","","","",""
"Mifflin","Barrville Amish School","7th Grade","1","","","","","","","","","","","","","","","",""
"Mifflin","Belleville Mennonite School","Kindergarten","24","66.7%","66.7%","66.7%","79.2%","0.0%","66.7%","","","","","0.0%","33.3%","0.0%","0.0%","0.0%","0.0%"
"Mifflin","Belleville Mennonite School","7th Grade","16","","","","","","","","","","","","","","","",""
"Mifflin","Belleville Mennonite School","12th Grade","7","","","","","","","","","","","","","","","",""
"Mifflin","Beth-El Christian Day School","7th Grade","5","","","","","","","","","","","","","","","",""
"Mifflin","Beth-El Christian Day School","12th Grade","1","","","","","","","","","","","","","","","",""
"Mifflin","Big Ridge","7th Grade","2","","","","","","","","","","","","","","","",""
"Mifflin","Cedar Grove School","7th Grade","1","","","","","","","","","","","","","","","",""
"Mifflin","Church Lane Amish School","7th Grade","3","","","","","","","","","","","","","","","",""
"Mifflin","Clearview Amish School","7th Grade","4","","","","","","","","","","","","","","","",""
"Mifflin","Coffee Run Private Parochial School","7th Grade","1","","","","","","","","","","","","","","","",""
"Mifflin","Dry Hollow Amish School","7th Grade","2","","","","","","","","","","","","","","","",""
"Mifflin","East Derry El Sch","Kindergarten","64","92.2%","92.2%","90.6%","92.2%","0.0%","90.6%","","","","","0.0%","10.9%","1.6%","0.0%","0.0%","0.0%"
"Mifflin","Green Gate Amish School","7th Grade","7","","","","","","","","","","","","","","","",""
"Mifflin","Green Lane School House","7th Grade","5","","","","","","","","","","","","","","","",""
"Mifflin","Hollow View School","7th Grade","2","","","","","","","","","","","","","","","",""
"Mifflin","Indian Valley El Sch","Kindergarten","84","91.7%","91.7%","91.7%","94.0%","0.0%","91.7%","","","","","0.0%","8.3%","0.0%","0.0%","0.0%","0.0%"
"Mifflin","Ka Vee Amish School","7th Grade","4","","","","","","","","","","","","","","","",""
"Mifflin","Kish Creek School","7th Grade","5","","","","","","","","","","","","","","","",""
"Mifflin","Lewistown El Sch","Kindergarten","107","91.6%","93.5%","92.5%","96.3%","0.0%","92.5%","","","","","0.0%","7.5%","0.9%","0.0%","0.0%","0.0%"
"Mifflin","Locust Hill Amish School","7th Grade","1","","","","","","","","","","","","","","","",""
"Mifflin","Meadow View Amish School","7th Grade","3","","","","","","","","","","","","","","","",""
"Mifflin","Mifflin Co HS","12th Grade","342","97.4%","97.1%","96.8%","97.4%","0.3%","96.5%","96.8%","","0.3%","94.7%","0.0%","5.8%","0.0%","0.0%","0.0%","0.0%"
"Mifflin","Mifflin Co MS","7th Grade","391","94.9%","94.9%","94.6%","94.6%","0.0%","94.6%","90.8%","90.5%","","","0.3%","5.9%","3.3%","0.5%","0.0%","0.3%"
"Mifflin","Mifflin County Christian Academy","Kindergarten","7","","","","","","","","","","","","","","","",""
"Mifflin","Mifflin County Christian Academy","7th Grade","3","","","","","","","","","","","","","","","",""
"Mifflin","Mifflin County Christian Academy","12th Grade","2","","","","","","","","","","","","","","","",""
"Mifflin","Orchard Side School","7th Grade","4","","","","","","","","","","","","","","","",""
"Mifflin","Pine Grove Amish School","7th Grade","1","","","","","","","","","","","","","","","",""
"Mifflin","Poplar Grove School","7th Grade","4","","","","","","","","","","","","","","","",""
"Mifflin","Sacred Heart of Jesus School","Kindergarten","14","","","","","","","","","","","","","","","",""
"Mifflin","Shady Acre School","7th Grade","3","","","","","","","","","","","","","","","",""
"Mifflin","Shady Grove Amish School","7th Grade","3","","","","","","","","","","","","","","","",""
"Mifflin","Shale Bank Amish School","7th Grade","3","","","","","","","","","","","","","","","",""
"Mifflin","Soft Run School","7th Grade","2","","","","","","","","","","","","","","","",""
"Mifflin","Stony Hill School","7th Grade","1","","","","","","","","","","","","","","","",""
"Mifflin","Strodes Mills El Sch","Kindergarten","64","89.1%","89.1%","89.1%","90.6%","0.0%","89.1%","","","","","0.0%","10.9%","0.0%","0.0%","0.0%","0.0%"
"Mifflin","Sunnyside Amish School","7th Grade","1","","","","","","","","","","","","","","","",""
"Mifflin","Sunrise Amish School","7th Grade","2","","","","","","","","","","","","","","","",""
"Mifflin","Treaster Valley Amish School","7th Grade","3","","","","","","","","","","","","","","","",""
"Mifflin","Valley View Christian School","7th Grade","10","","","","","","","","","","","","","","","",""
"Mifflin","Valley View Christian School","12th Grade","3","","","","","","","","","","","","","","","",""
"Mifflin","Waynesburg Amish School","7th Grade","6","","","","","","","","","","","","","","","",""
"Mifflin","White Hall Amish School","7th Grade","3","","","","","","","","","","","","","","","",""
"Mifflin","Woodland Amish School","7th Grade","1","","","","","","","","","","","","","","","",""
"Mifflin","Wylie Brook Amish School","7th Grade","2","","","","","","","","","","","","","","","",""
"Monroe","Arlington Heights El Sch","Kindergarten","44","95.5%","95.5%","95.5%","97.7%","0.0%","90.9%","","","","","0.0%","4.5%","4.5%","2.3%","0.0%","0.0%"
"Monroe","B F Morey El Sch","Kindergarten","49","98.0%","98.0%","95.9%","98.0%","0.0%","95.9%","","","","","0.0%","2.0%","2.0%","0.0%","0.0%","0.0%"
"Monroe","Bushkill El Sch","Kindergarten","58","91.4%","86.2%","89.7%","93.1%","0.0%","89.7%","","","","","0.0%","1.7%","10.3%","1.7%","0.0%","0.0%"
"Monroe","Childrens Education & Learning Center","Kindergarten","16","","","","","","","","","","","","","","","",""
"Monroe","Chipperfield El Sch","Kindergarten","128","89.8%","92.2%","92.2%","92.2%","0.0%","90.6%","","","","","0.0%","7.0%","3.9%","0.8%","0.0%","0.0%"
"Monroe","Clear Run El Ctr","Kindergarten","212","92.5%","88.2%","88.2%","91.5%","0.5%","87.3%","","","","","0.0%","2.4%","6.1%","0.0%","0.0%","4.7%"
"Monroe","Congregation Ohr Menachem","12th Grade","18","","","","","","","","","","","","","","","",""
"Monroe","East Stroudsburg El Sch","Kindergarten","99","90.9%","89.9%","90.9%","90.9%","0.0%","89.9%","","","","","0.0%","9.1%","1.0%","2.0%","0.0%","0.0%"
"Monroe","East Stroudsburg SHS North","12th Grade","236","96.6%","96.6%","97.5%","97.0%","0.4%","96.6%","94.9%","","2.5%","91.9%","0.0%","6.4%","0.4%","0.0%","0.0%","0.0%"
"Monroe","East Stroudsburg SHS South","12th Grade","351","97.2%","95.7%","98.6%","98.3%","0.6%","97.4%","96.6%","","4.3%","92.3%","0.0%","5.1%","0.6%","0.3%","0.0%","0.0%"
"Monroe","Evergreen Community CS","7th Grade","14","","","","","","","","","","","","","","","",""
"Monroe","Evergreen Community CS","12th Grade","14","","","","","","","","","","","","","","","",""
"Monroe","Faith Christian School Site 3","Kindergarten","11","","","","","","","","","","","","","","","",""
"Monroe","Hamilton Twp El Sch","Kindergarten","54","92.6%","92.6%","92.6%","92.6%","0.0%","92.6%","","","","","0.0%","1.9%","9.3%","0.0%","0.0%","0.0%"
"Monroe","J M Hill El Sch","Kindergarten","57","96.5%","93.0%","98.2%","98.2%","0.0%","94.7%","","","","","0.0%","1.8%","3.5%","1.8%","0.0%","0.0%"
"Monroe","J T Lambert Intermediate Sch","7th Grade","287","95.8%","90.6%","93.0%","95.8%","0.3%","92.0%","89.9%","90.2%","","","1.0%","7.3%","3.1%","0.3%","0.0%","0.0%"
"Monroe","Lehman Intermediate Sch","7th Grade","180","91.7%","89.4%","91.7%","92.8%","0.0%","91.7%","88.9%","88.9%","","","0.0%","6.1%","5.0%","0.6%","0.0%","0.0%"
"Monroe","Middle Smithfield El Sch","Kindergarten","65","90.8%","90.8%","89.2%","92.3%","0.0%","89.2%","","","","","0.0%","7.7%","3.1%","0.0%","0.0%","0.0%"
"Monroe","Notre Dame Elementary School","Kindergarten","24","95.8%","95.8%","95.8%","95.8%","0.0%","95.8%","","","","","4.2%","0.0%","0.0%","0.0%","0.0%","0.0%"
"Monroe","Notre Dame High School","7th Grade","29","96.6%","100.0%","96.6%","100.0%","0.0%","96.6%","96.6%","100.0%","","","0.0%","0.0%","3.4%","0.0%","0.0%","0.0%"
"Monroe","Notre Dame High School","12th Grade","44","95.5%","95.5%","95.5%","95.5%","2.3%","93.2%","95.5%","","0.0%","95.5%","2.3%","2.3%","0.0%","0.0%","0.0%","0.0%"
"Monroe","Pleasant Valley El Sch","Kindergarten","289","89.6%","90.0%","91.0%","90.0%","0.3%","90.3%","","","","","0.3%","1.7%","6.6%","0.0%","0.0%","2.4%"
"Monroe","Pleasant Valley HS","12th Grade","338","96.2%","95.6%","96.2%","95.9%","0.0%","92.3%","93.5%","","0.3%","90.2%","1.5%","3.3%","5.6%","0.0%","0.0%","1.5%"
"Monroe","Pleasant Valley MS","7th Grade","328","93.3%","92.7%","92.1%","92.7%","0.3%","91.8%","89.3%","89.0%","","","0.0%","1.8%","8.2%","0.0%","0.0%","0.9%"
"Monroe","Pocono Adventist Christian School","Kindergarten","1","","","","","","","","","","","","","","","",""
"Monroe","Pocono Adventist Christian School","7th Grade","2","","","","","","","","","","","","","","","",""
"Monroe","Pocono Mountain East HS","12th Grade","356","96.1%","96.1%","95.5%","95.8%","0.6%","94.7%","94.1%","","0.8%","88.5%","0.6%","4.5%","2.0%","2.0%","0.0%","1.7%"
"Monroe","Pocono Mountain East JHS","7th Grade","275","97.5%","97.5%","97.8%","97.8%","0.0%","97.8%","89.1%","88.4%","","","0.4%","0.7%","6.5%","0.0%","0.0%","9.8%"
"Monroe","Pocono Mountain West HS","12th Grade","388","97.4%","97.2%","97.4%","97.4%","0.8%","96.6%","96.6%","","1.0%","88.7%","0.0%","3.6%","9.8%","0.0%","0.0%","0.0%"
"Monroe","Pocono Mountain West JHS","7th Grade","327","95.4%","95.1%","95.4%","95.7%","0.3%","95.4%","92.0%","91.7%","","","0.0%","4.9%","2.4%","0.3%","0.0%","0.9%"
"Monroe","Polk Academy","Kindergarten","2","","","","","","","","","","","","","","","",""
"Monroe","Polk Academy","7th Grade","1","","","","","","","","","","","","","","","",""
"Monroe","Resica El Sch","Kindergarten","72","97.2%","97.2%","97.2%","97.2%","0.0%","97.2%","","","","","0.0%","2.8%","0.0%","0.0%","0.0%","0.0%"
"Monroe","Smithfield El Sch","Kindergarten","55","87.3%","90.9%","90.9%","90.9%","0.0%","90.9%","","","","","0.0%","7.3%","1.8%","3.6%","0.0%","0.0%"
"Monroe","Stroudsburg HS","12th Grade","438","94.7%","91.3%","95.9%","96.6%","1.1%","93.6%","95.0%","","3.0%","91.1%","0.7%","3.7%","5.5%","1.1%","0.0%","0.0%"
"Monroe","Stroudsburg MS","7th Grade","323","97.5%","96.9%","97.8%","98.5%","0.0%","96.3%","94.4%","94.7%","","","0.3%","0.6%","3.7%","0.6%","0.0%","0.3%"
"Monroe","Swiftwater El Ctr","Kindergarten","220","85.9%","86.8%","82.7%","92.3%","0.0%","82.3%","","","","","0.0%","2.7%","3.6%","1.4%","0.0%","12.3%"
"Monroe","Tobyhanna El Ctr","Kindergarten","57","91.2%","91.2%","91.2%","94.7%","0.0%","93.0%","","","","","0.0%","7.0%","1.8%","0.0%","0.0%","0.0%"
"Montgomery","Abington Friends School","Kindergarten","29","96.6%","96.6%","96.6%","100.0%","0.0%","96.6%","","","","","3.4%","0.0%","0.0%","3.4%","0.0%","3.4%"
"Montgomery","Abington Friends School","7th Grade","38","100.0%","97.4%","97.4%","97.4%","0.0%","97.4%","97.4%","94.7%","","","2.6%","2.6%","0.0%","0.0%","0.0%","0.0%"
"Montgomery","Abington Friends School","12th Grade","74","97.3%","97.3%","97.3%","97.3%","1.4%","95.9%","97.3%","","0.0%","97.3%","0.0%","2.7%","0.0%","0.0%","0.0%","0.0%"
"Montgomery","Abington MS","7th Grade","679","98.1%","98.4%","98.7%","98.7%","1.6%","97.3%","96.9%","96.9%","","","0.0%","1.3%","0.7%","0.6%","0.0%","0.7%"
"Montgomery","Abington SHS","12th Grade","742","97.8%","98.1%","98.2%","97.7%","0.4%","97.7%","97.7%","","1.1%","95.0%","0.4%","2.2%","1.3%","0.0%","0.0%","0.8%"
"Montgomery","Academy in Manayunk","7th Grade","43","100.0%","100.0%","100.0%","100.0%","0.0%","100.0%","100.0%","100.0%","","","0.0%","0.0%","0.0%","0.0%","0.0%","0.0%"
"Montgomery","Academy in Manayunk","12th Grade","53","100.0%","100.0%","100.0%","100.0%","0.0%","100.0%","100.0%","","0.0%","100.0%","0.0%","0.0%","0.0%","0.0%","0.0%","0.0%"
"Montgomery","Academy of the New Ch Boys","12th Grade","42","90.5%","88.1%","92.9%","88.1%","2.4%","88.1%","92.9%","","0.0%","83.3%","0.0%","0.0%","21.4%","0.0%","0.0%","0.0%"
"Montgomery","Academy of the New Church Girls","12th Grade","25","92.0%","92.0%","92.0%","84.0%","4.0%","88.0%","92.0%","","12.0%","76.0%","0.0%","0.0%","16.0%","0.0%","0.0%","0.0%"
"Montgomery","Agora Cyber CS","Kindergarten","168","78.6%","79.2%","79.8%","82.1%","0.0%","78.6%","","","","","0.0%","16.1%","7.7%","0.6%","0.0%","0.0%"
"Montgomery","Agora Cyber CS","7th Grade","344","91.6%","91.9%","92.7%","94.2%","0.0%","92.2%","86.0%","86.3%","","","0.3%","7.0%","4.9%","1.2%","0.3%","2.0%"
"Montgomery","Agora Cyber CS","12th Grade","437","96.1%","96.1%","96.3%","97.0%","0.0%","96.6%","91.5%","","0.7%","80.5%","0.0%","7.3%","7.8%","0.2%","0.2%","5.9%"
"Montgomery","Ancillae Assumpta Academy","Kindergarten","52","96.2%","96.2%","96.2%","96.2%","1.9%","94.2%","","","","","1.9%","0.0%","0.0%","1.9%","0.0%","0.0%"
"Montgomery","Ancillae Assumpta Academy","7th Grade","60","98.3%","98.3%","96.7%","96.7%","1.7%","96.7%","91.7%","93.3%","","","1.7%","0.0%","3.3%","1.7%","3.3%","1.7%"
"Montgomery","Arcola Intrmd Sch","7th Grade","345","97.4%","97.7%","98.6%","98.6%","0.0%","98.0%","97.7%","97.7%","","","0.6%","0.6%","2.6%","0.6%","0.0%","0.0%"
"Montgomery","Armenian Sisters Academy","Kindergarten","18","","","","","","","","","","","","","","","",""
"Montgomery","Armenian Sisters Academy","7th Grade","10","","","","","","","","","","","","","","","",""
"Montgomery","Arrowhead El Sch","Kindergarten","73","95.9%","95.9%","95.9%","95.9%","0.0%","95.9%","","","","","0.0%","4.1%","0.0%","0.0%","0.0%","0.0%"
"Montgomery","Bala Cynwyd School for Young Children","Kindergarten","10","","","","","","","","","","","","","","","",""
"Montgomery","Bala House Montessori","Kindergarten","18","","","","","","","","","","","","","","","",""
"Montgomery","Bala-Cynwyd MS","7th Grade","207","98.1%","98.1%","98.1%","97.6%","0.5%","97.6%","99.0%","97.6%","","","0.0%","0.5%","1.0%","0.0%","0.0%","2.4%"
"Montgomery","Baldwin School","Kindergarten","26","92.3%","92.3%","92.3%","92.3%","0.0%","92.3%","","","","","0.0%","0.0%","3.8%","7.7%","0.0%","0.0%"
"Montgomery","Baldwin School","7th Grade","50","98.0%","98.0%","98.0%","100.0%","0.0%","98.0%","92.0%","92.0%","","","0.0%","0.0%","0.0%","8.0%","0.0%","0.0%"
"Montgomery","Baldwin School","12th Grade","38","100.0%","94.7%","100.0%","100.0%","0.0%","100.0%","100.0%","","7.9%","89.5%","0.0%","0.0%","0.0%","7.9%","0.0%","0.0%"
"Montgomery","Barth El Sch","Kindergarten","50","90.0%","92.0%","90.0%","94.0%","0.0%","92.0%","","","","","0.0%","4.0%","0.0%","2.0%","2.0%","2.0%"
"Montgomery","Belmont Hills El Sch","Kindergarten","76","96.1%","96.1%","94.7%","96.1%","0.0%","96.1%","","","","","0.0%","3.9%","0.0%","1.3%","0.0%","0.0%"
"Montgomery","Black Rock MS","7th Grade","275","98.9%","98.5%","98.9%","98.5%","0.0%","98.5%","98.9%","98.5%","","","0.0%","1.1%","0.0%","0.0%","0.0%","1.5%"
"Montgomery","Blair Mill El Sch","Kindergarten","68","97.1%","97.1%","97.1%","95.6%","0.0%","95.6%","","","","","0.0%","5.9%","0.0%","0.0%","0.0%","0.0%"
"Montgomery","Blockson MS","7th Grade","167","97.0%","96.4%","97.0%","98.2%","0.6%","97.0%","96.4%","97.0%","","","0.0%","4.2%","0.0%","1.8%","0.0%","1.8%"
"Montgomery","Blue Bell El Sch","Kindergarten","78","98.7%","98.7%","98.7%","100.0%","0.0%","98.7%","","","","","0.0%","1.3%","0.0%","0.0%","0.0%","0.0%"
"Montgomery","Bridgeport El Sch","Kindergarten","50","94.0%","94.0%","96.0%","94.0%","0.0%","94.0%","","","","","0.0%","4.0%","2.0%","0.0%","0.0%","2.0%"
"Montgomery","Bridle Path El Sch","Kindergarten","72","100.0%","98.6%","98.6%","100.0%","0.0%","98.6%","","","","","0.0%","0.0%","1.4%","0.0%","0.0%","0.0%"
"Montgomery","Bright Spot Child Care","Kindergarten","13","","","","","","","","","","","","","","","",""
"Montgomery","Brooke El Sch","Kindergarten","54","96.3%","96.3%","94.4%","96.3%","0.0%","92.6%","","","","","0.0%","5.6%","0.0%","0.0%","0.0%","1.9%"
"Montgomery","Bryn Athyn Church School","Kindergarten","26","73.1%","73.1%","76.9%","84.6%","0.0%","76.9%","","","","","0.0%","11.5%","15.4%","0.0%","0.0%","0.0%"
"Montgomery","Bryn Athyn Church School","7th Grade","36","86.1%","83.3%","83.3%","83.3%","5.6%","80.6%","80.6%","80.6%","","","0.0%","0.0%","33.3%","0.0%","0.0%","2.8%"
"Montgomery","Buxmont Academy","12th Grade","2","","","","","","","","","","","","","","","",""
"Montgomery","Caley El Sch","Kindergarten","75","100.0%","100.0%","100.0%","100.0%","0.0%","100.0%","","","","","0.0%","0.0%","0.0%","0.0%","0.0%","0.0%"
"Montgomery","Calvary Baptist School","Kindergarten","15","","","","","","","","","","","","","","","",""
"Montgomery","Calvary Baptist School","7th Grade","14","","","","","","","","","","","","","","","",""
"Montgomery","Calvary Baptist School","12th Grade","13","","","","","","","","","","","","","","","",""
"Montgomery","Candlebrook El Sch","Kindergarten","70","98.6%","98.6%","98.6%","100.0%","0.0%","98.6%","","","","","0.0%","1.4%","0.0%","0.0%","0.0%","0.0%"
"Montgomery","Capstone Academy","7th Grade","3","","","","","","","","","","","","","","","",""
"Montgomery","Capstone Academy","12th Grade","3","","","","","","","","","","","","","","","",""
"Montgomery","Cedarbrook MS","7th Grade","279","98.6%","99.3%","99.6%","99.6%","1.1%","98.6%","95.3%","95.0%","","","0.0%","3.9%","0.4%","0.4%","0.0%","0.4%"
"Montgomery","Center School","7th Grade","14","","","","","","","","","","","","","","","",""
"Montgomery","Centre Square Montessori Schoolhouse","Kindergarten","13","","","","","","","","","","","","","","","",""
"Montgomery","Cheltenham HS","12th Grade","369","96.7%","97.0%","96.2%","97.6%","0.3%","96.7%","96.2%","","1.6%","93.8%","1.4%","3.8%","0.3%","0.3%","0.0%","0.0%"
"Montgomery","Chesterbrook Academy","Kindergarten","11","","","","","","","","","","","","","","","",""
"Montgomery","Childworks Inc","Kindergarten","5","","","","","","","","","","","","","","","",""
"Montgomery","Colonial MS","7th Grade","422","98.1%","98.3%","98.3%","98.3%","0.7%","98.3%","95.5%","95.3%","","","0.5%","2.6%","1.7%","0.0%","0.0%","2.4%"
"Montgomery","Conshohocken El Sch","Kindergarten","80","97.5%","97.5%","97.5%","97.5%","1.2%","95.0%","","","","","1.2%","1.2%","2.5%","0.0%","0.0%","0.0%"
"Montgomery","Copper Beech Sch","Kindergarten","120","98.3%","97.5%","97.5%","98.3%","0.0%","97.5%","","","","","0.0%","1.7%","0.8%","0.0%","0.0%","0.0%"
"Montgomery","Corpus Christi School","Kindergarten","41","100.0%","100.0%","100.0%","100.0%","0.0%","100.0%","","","","","0.0%","0.0%","0.0%","0.0%","0.0%","0.0%"
"Montgomery","Corpus Christi School","7th Grade","46","100.0%","100.0%","100.0%","100.0%","0.0%","100.0%","100.0%","100.0%","","","0.0%","0.0%","0.0%","0.0%","0.0%","0.0%"
"Montgomery","Cottage Seven Academy","7th Grade","9","","","","","","","","","","","","","","","",""
"Montgomery","Coventry Christian Schools Inc","Kindergarten","45","77.8%","80.0%","75.6%","86.7%","0.0%","73.3%","","","","","2.2%","22.2%","2.2%","0.0%","0.0%","0.0%"
"Montgomery","Coventry Christian Schools Inc","7th Grade","28","96.4%","85.7%","96.4%","96.4%","0.0%","96.4%","82.1%","82.1%","","","3.6%","28.6%","0.0%","0.0%","0.0%","0.0%"
"Montgomery","Coventry Christian Schools Inc","12th Grade","30","76.7%","83.3%","93.3%","83.3%","3.3%","90.0%","96.7%","","40.0%","60.0%","0.0%","33.3%","0.0%","0.0%","0.0%","10.0%"
"Montgomery","Creative Minds Montessori School","Kindergarten","5","","","","","","","","","","","","","","","",""
"Montgomery","Crooked Billet El Sch","Kindergarten","54","98.1%","98.1%","98.1%","100.0%","0.0%","100.0%","","","","","0.0%","0.0%","0.0%","1.9%","0.0%","0.0%"
"Montgomery","Cynwyd Sch","Kindergarten","63","96.8%","96.8%","98.4%","96.8%","0.0%","98.4%","","","","","0.0%","1.6%","1.6%","1.6%","0.0%","0.0%"
"Montgomery","Deep Creek Learning Center","Kindergarten","9","","","","","","","","","","","","","","","",""
"Montgomery","Deep Creek Learning Center","7th Grade","1","","","","","","","","","","","","","","","",""
"Montgomery","Deep Creek Learning Center","12th Grade","1","","","","","","","","","","","","","","","",""
"Montgomery","Dock Mennonite Academy","12th Grade","61","98.4%","98.4%","96.7%","96.7%","0.0%","98.4%","98.4%","","6.6%","88.5%","0.0%","3.3%","1.6%","0.0%","0.0%","0.0%"
"Montgomery","Dock Mennonite Academy Elem","Kindergarten","39","79.5%","79.5%","79.5%","89.7%","0.0%","79.5%","","","","","0.0%","20.5%","0.0%","0.0%","0.0%","0.0%"
"Montgomery","Dock Mennonite Academy Elem","7th Grade","39","97.4%","100.0%","100.0%","100.0%","0.0%","100.0%","92.3%","92.3%","","","2.6%","2.6%","0.0%","0.0%","0.0%","2.6%"
"Montgomery","E M Crouthamel El Sch","Kindergarten","41","100.0%","100.0%","100.0%","100.0%","0.0%","100.0%","","","","","0.0%","0.0%","0.0%","0.0%","0.0%","0.0%"
"Montgomery","Eagleville El Sch","Kindergarten","77","97.4%","96.1%","96.1%","100.0%","0.0%","96.1%","","","","","0.0%","1.3%","1.3%","1.3%","0.0%","0.0%"
"Montgomery","East Norriton MS","7th Grade","195","98.5%","97.9%","98.5%","99.5%","0.0%","98.5%","96.4%","96.9%","","","0.5%","1.5%","0.0%","1.5%","0.0%","0.0%"
"Montgomery","Easter Seals of Southeastern Pa","Kindergarten","10","","","","","","","","","","","","","","","",""
"Montgomery","Eisenhower MS","7th Grade","196","98.5%","98.5%","99.0%","97.4%","0.0%","99.0%","97.4%","98.0%","","","1.5%","0.0%","1.0%","0.0%","0.0%","3.1%"
"Montgomery","Evans El Sch","Kindergarten","79","97.5%","97.5%","97.5%","97.5%","0.0%","97.5%","","","","","0.0%","2.5%","0.0%","0.0%","0.0%","0.0%"
"Montgomery","Evergreen El Sch","Kindergarten","76","98.7%","98.7%","100.0%","100.0%","0.0%","100.0%","","","","","0.0%","0.0%","0.0%","1.3%","0.0%","0.0%"
"Montgomery","Fairwold Academy","Kindergarten","4","","","","","","","","","","","","","","","",""
"Montgomery","Fairwold Academy","7th Grade","15","","","","","","","","","","","","","","","",""
"Montgomery","Fairwold Academy","12th Grade","28","100.0%","100.0%","100.0%","100.0%","0.0%","100.0%","100.0%","","0.0%","96.4%","0.0%","0.0%","0.0%","0.0%","0.0%","3.6%"
"Montgomery","Fitzwater El Sch","Kindergarten","88","94.3%","94.3%","94.3%","94.3%","0.0%","94.3%","","","","","0.0%","3.4%","2.3%","0.0%","0.0%","0.0%"
"Montgomery","For Kids Sake Child Care & Learning Center","Kindergarten","9","","","","","","","","","","","","","","","",""
"Montgomery","Fort Washington El Sch","Kindergarten","87","95.4%","95.4%","95.4%","98.9%","0.0%","95.4%","","","","","0.0%","0.0%","4.6%","0.0%","0.0%","0.0%"
"Montgomery","Franconia El Sch","Kindergarten","62","85.5%","85.5%","85.5%","85.5%","0.0%","85.5%","","","","","0.0%","1.6%","11.3%","1.6%","0.0%","0.0%"
"Montgomery","Franklin El Sch","Kindergarten","56","85.7%","85.7%","85.7%","85.7%","0.0%","85.7%","","","","","0.0%","12.5%","0.0%","1.8%","0.0%","0.0%"
"Montgomery","French International Sch Phila","Kindergarten","37","89.2%","89.2%","91.9%","94.6%","2.7%","86.5%","","","","","0.0%","2.7%","0.0%","5.4%","0.0%","10.8%"
"Montgomery","French International Sch Phila","7th Grade","19","","","","","","","","","","","","","","","",""
"Montgomery","Friends Central Lower School","Kindergarten","34","97.1%","97.1%","97.1%","97.1%","0.0%","97.1%","","","","","0.0%","0.0%","2.9%","0.0%","0.0%","0.0%"
"Montgomery","Friends Central School","7th Grade","60","98.3%","98.3%","98.3%","98.3%","1.7%","96.7%","98.3%","98.3%","","","0.0%","0.0%","1.7%","0.0%","0.0%","0.0%"
"Montgomery","Friends Central School","12th Grade","107","97.2%","97.2%","97.2%","97.2%","0.9%","96.3%","97.2%","","0.9%","96.3%","0.0%","0.9%","1.9%","0.0%","0.0%","0.0%"
"Montgomery","Fusion Academy - Ardmore","7th Grade","8","","","","","","","","","","","","","","","",""
"Montgomery","Fusion Academy - Ardmore","12th Grade","17","","","","","","","","","","","","","","","",""
"Montgomery","General Nash El Sch","Kindergarten","52","98.1%","98.1%","96.2%","98.1%","0.0%","98.1%","","","","","0.0%","0.0%","1.9%","0.0%","0.0%","1.9%"
"Montgomery","Germantown Academy","Kindergarten","41","100.0%","100.0%","100.0%","100.0%","0.0%","100.0%","","","","","0.0%","0.0%","0.0%","0.0%","0.0%","0.0%"
"Montgomery","Germantown Academy","7th Grade","88","98.9%","98.9%","98.9%","98.9%","0.0%","98.9%","98.9%","98.9%","","","0.0%","0.0%","0.0%","0.0%","0.0%","1.1%"
"Montgomery","Germantown Academy","12th Grade","147","100.0%","100.0%","100.0%","100.0%","0.0%","100.0%","100.0%","","2.0%","98.0%","0.0%","0.0%","0.7%","1.4%","0.0%","0.0%"
"Montgomery","Gladwyne Montessori School","Kindergarten","29","96.6%","96.6%","96.6%","96.6%","0.0%","96.6%","","","","","0.0%","3.4%","0.0%","0.0%","0.0%","0.0%"
"Montgomery","Gladwyne Sch","Kindergarten","107","99.1%","99.1%","97.2%","99.1%","0.0%","98.1%","","","","","1.9%","0.0%","0.0%","0.9%","0.0%","0.0%"
"Montgomery","Glenside El Sch","Kindergarten","70","98.6%","98.6%","98.6%","98.6%","0.0%","98.6%","","","","","1.4%","0.0%","0.0%","0.0%","0.0%","0.0%"
"Montgomery","Goddard School - Bala Cynwyd location","Kindergarten","14","","","","","","","","","","","","","","","",""
"Montgomery","Goddard School - Collegeville location","Kindergarten","20","100.0%","95.0%","100.0%","100.0%","0.0%","95.0%","","","","","0.0%","0.0%","0.0%","5.0%","0.0%","5.0%"
"Montgomery","Goddard School - Huntingdon Valley location","Kindergarten","12","","","","","","","","","","","","","","","",""
"Montgomery","Good Shepherd Catholic Regional School","Kindergarten","16","","","","","","","","","","","","","","","",""
"Montgomery","Good Shepherd Catholic Regional School","7th Grade","12","","","","","","","","","","","","","","","",""
"Montgomery","Grace Christian School","Kindergarten","9","","","","","","","","","","","","","","","",""
"Montgomery","Grace Christian School","7th Grade","3","","","","","","","","","","","","","","","",""
"Montgomery","Gulph EL Sch","Kindergarten","83","98.8%","97.6%","97.6%","100.0%","0.0%","97.6%","","","","","1.2%","0.0%","0.0%","1.2%","0.0%","1.2%"
"Montgomery","Gwyn-Nor El Sch","Kindergarten","95","96.8%","96.8%","96.8%","97.9%","0.0%","95.8%","","","","","0.0%","3.2%","0.0%","0.0%","0.0%","1.1%"
"Montgomery","Gwynedd Friends School","Kindergarten","11","","","","","","","","","","","","","","","",""
"Montgomery","Gwynedd Mercy Acad El Division","Kindergarten","37","100.0%","94.6%","100.0%","100.0%","0.0%","100.0%","","","","","0.0%","0.0%","0.0%","5.4%","0.0%","5.4%"
"Montgomery","Gwynedd Mercy Acad El Division","7th Grade","56","94.6%","94.6%","96.4%","92.9%","0.0%","94.6%","91.1%","91.1%","","","1.8%","0.0%","5.4%","1.8%","0.0%","1.8%"
"Montgomery","Gwynedd Mercy High School","12th Grade","113","100.0%","100.0%","100.0%","100.0%","0.0%","100.0%","100.0%","","100.0%","0.0%","0.0%","0.0%","0.0%","0.0%","0.0%","0.0%"
"Montgomery","Gwynedd Square El Sch","Kindergarten","83","94.0%","94.0%","94.0%","95.2%","0.0%","94.0%","","","","","0.0%","1.2%","4.8%","0.0%","0.0%","0.0%"
"Montgomery","Hallowell El Sch","Kindergarten","69","98.6%","98.6%","98.6%","98.6%","0.0%","98.6%","","","","","0.0%","1.4%","0.0%","0.0%","0.0%","0.0%"
"Montgomery","Harriton SHS","12th Grade","301","96.3%","95.0%","95.0%","95.0%","0.3%","95.7%","95.7%","","0.0%","87.0%","1.7%","2.0%","0.7%","9.0%","0.0%","0.0%"
"Montgomery","Hatboro-Horsham SHS","12th Grade","362","98.9%","99.2%","99.2%","98.9%","0.0%","98.6%","98.9%","","0.6%","97.8%","0.0%","0.8%","1.9%","0.3%","0.0%","0.0%"
"Montgomery","Hatfield El Sch","Kindergarten","67","100.0%","100.0%","100.0%","100.0%","0.0%","98.5%","","","","","0.0%","0.0%","0.0%","1.5%","0.0%","0.0%"
"Montgomery","Haverford School","Kindergarten","32","100.0%","100.0%","100.0%","100.0%","0.0%","100.0%","","","","","0.0%","0.0%","0.0%","0.0%","0.0%","0.0%"
"Montgomery","Haverford School","7th Grade","74","100.0%","97.3%","97.3%","97.3%","0.0%","97.3%","97.3%","97.3%","","","0.0%","2.7%","0.0%","0.0%","0.0%","0.0%"
"Montgomery","Haverford School","12th Grade","111","100.0%","99.1%","100.0%","99.1%","0.0%","99.1%","100.0%","","0.0%","88.3%","0.0%","2.7%","0.0%","0.0%","0.0%","9.0%"
"Montgomery","Hereford El Sch","Kindergarten","109","91.7%","91.7%","91.7%","91.7%","0.0%","91.7%","","","","","0.0%","0.0%","8.3%","0.9%","0.0%","0.0%"
"Montgomery","Highland Sch","Kindergarten","72","93.1%","94.4%","94.4%","97.2%","0.0%","94.4%","","","","","0.0%","2.8%","2.8%","1.4%","0.0%","0.0%"
"Montgomery","Hill School","12th Grade","159","99.4%","98.7%","98.7%","98.7%","0.6%","98.1%","98.7%","","98.7%","0.0%","0.0%","0.0%","1.9%","1.9%","0.0%","0.0%"
"Montgomery","Holy Child School at Rosemont","Kindergarten","34","100.0%","100.0%","100.0%","100.0%","0.0%","100.0%","","","","","0.0%","0.0%","0.0%","0.0%","0.0%","0.0%"
"Montgomery","Holy Child School at Rosemont","7th Grade","32","96.9%","96.9%","96.9%","96.9%","0.0%","96.9%","96.9%","96.9%","","","0.0%","3.1%","0.0%","0.0%","0.0%","0.0%"
"Montgomery","Holy Cross Regional Catholic School","Kindergarten","49","100.0%","100.0%","100.0%","100.0%","0.0%","100.0%","","","","","2.0%","0.0%","0.0%","0.0%","0.0%","0.0%"
"Montgomery","Holy Cross Regional Catholic School","7th Grade","56","100.0%","100.0%","100.0%","100.0%","1.8%","98.2%","100.0%","100.0%","","","0.0%","0.0%","0.0%","0.0%","0.0%","0.0%"
"Montgomery","Holy Rosary Regional Catholic School","Kindergarten","17","","","","","","","","","","","","","","","",""
"Montgomery","Holy Rosary Regional Catholic School","7th Grade","4","","","","","","","","","","","","","","","",""
"Montgomery","Huntingdon Valley Christian Academy","Kindergarten","8","","","","","","","","","","","","","","","",""
"Montgomery","Huntingdon Valley Christian Academy","7th Grade","7","","","","","","","","","","","","","","","",""
"Montgomery","Indian Crest MS","7th Grade","211","92.4%","92.4%","91.5%","92.4%","0.0%","91.5%","91.5%","91.5%","","","0.5%","3.8%","4.3%","0.5%","0.0%","0.0%"
"Montgomery","Indian Valley Kindergarten","Kindergarten","26","53.8%","46.2%","38.5%","50.0%","0.0%","38.5%","","","","","0.0%","61.5%","0.0%","0.0%","0.0%","0.0%"
"Montgomery","Indian Valley MS","7th Grade","259","92.7%","92.3%","91.5%","91.9%","0.0%","92.7%","88.4%","87.3%","","","1.5%","9.3%","2.3%","0.0%","0.0%","2.3%"
"Montgomery","Inglewood El Sch","Kindergarten","51","100.0%","100.0%","100.0%","100.0%","0.0%","100.0%","","","","","0.0%","0.0%","0.0%","0.0%","0.0%","0.0%"
"Montgomery","Jarrettown El Sch","Kindergarten","72","100.0%","100.0%","100.0%","98.6%","0.0%","100.0%","","","","","0.0%","0.0%","1.4%","0.0%","0.0%","1.4%"
"Montgomery","Jenkintown El Sch","Kindergarten","57","100.0%","100.0%","100.0%","100.0%","0.0%","100.0%","","","","","0.0%","0.0%","0.0%","0.0%","0.0%","0.0%"
"Montgomery","Jenkintown Middle/High School","7th Grade","64","96.9%","96.9%","95.3%","96.9%","0.0%","96.9%","95.3%","95.3%","","","1.6%","1.6%","3.1%","0.0%","0.0%","0.0%"
"Montgomery","Jenkintown Middle/High School","12th Grade","50","98.0%","98.0%","98.0%","94.0%","2.0%","96.0%","98.0%","","0.0%","90.0%","6.0%","6.0%","0.0%","0.0%","0.0%","2.0%"
"Montgomery","Keith Valley MS","7th Grade","330","98.2%","97.9%","98.2%","97.9%","0.0%","97.9%","96.7%","96.1%","","","0.6%","1.2%","2.1%","1.2%","0.0%","0.0%"
"Montgomery","Kiddie Academy","Kindergarten","13","","","","","","","","","","","","","","","",""
"Montgomery","Kids in the Village Early Learning Center","Kindergarten","6","","","","","","","","","","","","","","","",""
"Montgomery","Knapp El Sch","Kindergarten","91","97.8%","97.8%","95.6%","97.8%","0.0%","95.6%","","","","","1.1%","2.2%","1.1%","2.2%","0.0%","0.0%"
"Montgomery","Kohelet Yeshiva","Kindergarten","27","100.0%","100.0%","100.0%","100.0%","0.0%","100.0%","","","","","0.0%","0.0%","0.0%","0.0%","0.0%","0.0%"
"Montgomery","Kohelet Yeshiva","7th Grade","30","90.0%","100.0%","100.0%","100.0%","0.0%","100.0%","90.0%","90.0%","","","0.0%","0.0%","0.0%","0.0%","0.0%","10.0%"
"Montgomery","Kohelet Yeshiva","12th Grade","18","","","","","","","","","","","","","","","",""
"Montgomery","Kosloff Torah Academy High School for Girls","12th Grade","35","42.9%","42.9%","42.9%","45.7%","0.0%","40.0%","45.7%","","0.0%","51.4%","5.7%","0.0%","0.0%","0.0%","0.0%","60.0%"
"Montgomery","Kulp El Sch","Kindergarten","69","95.7%","97.1%","95.7%","95.7%","0.0%","95.7%","","","","","0.0%","1.4%","1.4%","2.9%","0.0%","0.0%"
"Montgomery","LaSalle College High School","12th Grade","285","98.9%","98.6%","99.3%","97.5%","0.0%","98.9%","98.6%","","0.7%","83.9%","0.4%","2.1%","0.0%","0.0%","0.0%","15.1%"
"Montgomery","Lakeside School","7th Grade","5","","","","","","","","","","","","","","","",""
"Montgomery","Lakeside School","12th Grade","35","100.0%","100.0%","100.0%","100.0%","0.0%","100.0%","97.1%","","8.6%","88.6%","0.0%","5.7%","2.9%","2.9%","0.0%","0.0%"
"Montgomery","Lane Good Council Montessori School","Kindergarten","20","100.0%","100.0%","100.0%","100.0%","0.0%","100.0%","","","","","0.0%","0.0%","0.0%","0.0%","0.0%","0.0%"
"Montgomery","Lansdale Catholic High School","12th Grade","134","99.3%","99.3%","99.3%","99.3%","0.0%","99.3%","99.3%","","1.5%","82.1%","0.7%","0.0%","0.0%","15.7%","0.0%","0.0%"
"Montgomery","Lansdale Montessori School","Kindergarten","13","","","","","","","","","","","","","","","",""
"Montgomery","Limerick El Sch","Kindergarten","52","98.1%","98.1%","98.1%","98.1%","0.0%","98.1%","","","","","0.0%","1.9%","0.0%","0.0%","0.0%","0.0%"
"Montgomery","Lincoln El Sch","Kindergarten","78","91.0%","89.7%","91.0%","91.0%","0.0%","91.0%","","","","","0.0%","6.4%","1.3%","3.8%","0.0%","0.0%"
"Montgomery","Lower Gwynedd El Sch","Kindergarten","75","97.3%","97.3%","98.7%","98.7%","0.0%","98.7%","","","","","0.0%","1.3%","0.0%","0.0%","0.0%","1.3%"
"Montgomery","Lower Merion HS","12th Grade","418","93.3%","95.5%","95.9%","93.3%","2.4%","97.6%","93.3%","","7.9%","92.1%","1.2%","2.9%","1.7%","0.0%","0.0%","7.9%"
"Montgomery","Lower Moreland HS","12th Grade","212","98.6%","94.3%","99.1%","99.1%","1.9%","96.7%","99.1%","","1.4%","92.5%","0.5%","1.9%","4.2%","0.0%","0.0%","0.0%"
"Montgomery","Lower Moreland MS","7th Grade","232","97.4%","98.7%","98.7%","98.3%","1.7%","97.0%","97.0%","97.0%","","","0.0%","1.7%","0.4%","0.0%","0.0%","0.9%"
"Montgomery","Maple Glen El Sch","Kindergarten","62","96.8%","96.8%","96.8%","96.8%","0.0%","96.8%","","","","","0.0%","0.0%","3.2%","0.0%","0.0%","0.0%"
"Montgomery","Marlborough El Sch","Kindergarten","107","95.3%","94.4%","94.4%","95.3%","0.0%","94.4%","","","","","0.9%","0.0%","4.7%","0.0%","0.0%","0.9%"
"Montgomery","Marshall Street El Sch","Kindergarten","120","94.2%","96.7%","97.5%","97.5%","0.0%","97.5%","","","","","0.0%","0.0%","1.7%","3.3%","0.0%","4.2%"
"Montgomery","Martin Luther School","7th Grade","32","100.0%","100.0%","100.0%","100.0%","0.0%","100.0%","100.0%","93.8%","","","0.0%","0.0%","0.0%","0.0%","6.2%","0.0%"
"Montgomery","Martin Luther School","12th Grade","10","","","","","","","","","","","","","","","",""
"Montgomery","Martin Saints Classical High School","12th Grade","19","","","","","","","","","","","","","","","",""
"Montgomery","Mary Mother of the Redeemer School","Kindergarten","42","100.0%","100.0%","100.0%","100.0%","0.0%","100.0%","","","","","0.0%","0.0%","0.0%","0.0%","0.0%","0.0%"
"Montgomery","Mary Mother of the Redeemer School","7th Grade","46","100.0%","100.0%","100.0%","100.0%","0.0%","100.0%","100.0%","100.0%","","","0.0%","0.0%","0.0%","0.0%","0.0%","0.0%"
"Montgomery","Mater Dei Catholic School","Kindergarten","68","94.1%","95.6%","95.6%","95.6%","0.0%","95.6%","","","","","1.5%","0.0%","0.0%","0.0%","0.0%","4.4%"
"Montgomery","McKinley Sch","Kindergarten","88","95.5%","96.6%","98.9%","97.7%","2.3%","94.3%","","","","","0.0%","3.4%","1.1%","0.0%","0.0%","0.0%"
"Montgomery","Meadowbrook School","Kindergarten","13","","","","","","","","","","","","","","","",""
"Montgomery","Merion El Sch","Kindergarten","83","97.6%","97.6%","97.6%","98.8%","0.0%","97.6%","","","","","0.0%","1.2%","0.0%","1.2%","0.0%","0.0%"
"Montgomery","Merion Mercy Academy","12th Grade","85","100.0%","98.8%","100.0%","98.8%","0.0%","98.8%","97.6%","","0.0%","95.3%","0.0%","3.5%","1.2%","0.0%","0.0%","0.0%"
"Montgomery","Mesivta High School of Greater Philadelphia","12th Grade","19","","","","","","","","","","","","","","","",""
"Montgomery","Methacton HS","12th Grade","391","98.2%","98.0%","97.7%","98.5%","0.0%","98.0%","98.7%","","1.3%","95.7%","0.5%","0.0%","1.5%","0.8%","0.0%","0.5%"
"Montgomery","Milagre Kids School","12th Grade","1","","","","","","","","","","","","","","","",""
"Montgomery","Miquon School","Kindergarten","17","","","","","","","","","","","","","","","",""
"Montgomery","Montessori Childrens House","Kindergarten","2","","","","","","","","","","","","","","","",""
"Montgomery","Montessori School","Kindergarten","15","","","","","","","","","","","","","","","",""
"Montgomery","Montgomery County IU 23","Kindergarten","5","","","","","","","","","","","","","","","",""
"Montgomery","Montgomery County IU 23","7th Grade","2","","","","","","","","","","","","","","","",""
"Montgomery","Montgomery County IU 23","12th Grade","17","","","","","","","","","","","","","","","",""
"Montgomery","Montgomery El Sch","Kindergarten","79","100.0%","98.7%","98.7%","100.0%","0.0%","97.5%","","","","","0.0%","0.0%","2.5%","1.3%","0.0%","0.0%"
"Montgomery","Mother Teresa Regional Catholic School","Kindergarten","24","91.7%","91.7%","91.7%","91.7%","0.0%","91.7%","","","","","0.0%","8.3%","0.0%","0.0%","0.0%","0.0%"
"Montgomery","Mother Teresa Regional Catholic School","7th Grade","22","100.0%","100.0%","100.0%","100.0%","0.0%","100.0%","90.9%","90.9%","","","0.0%","9.1%","0.0%","0.0%","0.0%","0.0%"
"Montgomery","Mount Saint Joseph Academy","12th Grade","125","97.6%","97.6%","98.4%","98.4%","1.6%","97.6%","97.6%","","0.0%","96.0%","0.0%","0.0%","4.8%","0.0%","0.0%","0.0%"
"Montgomery","Myers El Sch","Kindergarten","56","98.2%","98.2%","98.2%","98.2%","1.8%","96.4%","","","","","0.0%","1.8%","0.0%","0.0%","0.0%","0.0%"
"Montgomery","New Hope Christian Academy-Roslyn","Kindergarten","2","","","","","","","","","","","","","","","",""
"Montgomery","New Hope Christian Academy-Roslyn","7th Grade","2","","","","","","","","","","","","","","","",""
"Montgomery","New Hope Christian Academy-Roslyn","12th Grade","1","","","","","","","","","","","","","","","",""
"Montgomery","Nibras Day School","Kindergarten","21","76.2%","76.2%","76.2%","76.2%","0.0%","76.2%","","","","","0.0%","4.8%","0.0%","0.0%","0.0%","23.8%"
"Montgomery","Norristown Area HS","12th Grade","472","99.2%","98.5%","99.8%","99.8%","0.6%","98.7%","98.9%","","4.9%","91.7%","0.4%","1.3%","0.8%","0.2%","0.4%","1.1%"
"Montgomery","North Penn SHS","12th Grade","1,130","94.8%","94.8%","94.8%","94.8%","0.4%","94.8%","94.8%","","0.0%","94.8%","0.0%","0.0%","5.0%","0.6%","0.0%","0.0%"
"Montgomery","North Wales El Sch","Kindergarten","63","96.8%","96.8%","96.8%","98.4%","0.0%","95.2%","","","","","0.0%","3.2%","0.0%","1.6%","0.0%","0.0%"
"Montgomery","Oak Park El Sch","Kindergarten","71","95.8%","95.8%","95.8%","95.8%","0.0%","95.8%","","","","","0.0%","2.8%","1.4%","0.0%","0.0%","0.0%"
"Montgomery","Oak Ridge El Sch","Kindergarten","48","95.8%","95.8%","93.8%","95.8%","0.0%","91.7%","","","","","0.0%","4.2%","2.1%","0.0%","0.0%","2.1%"
"Montgomery","Oaks El Sch","Kindergarten","76","93.4%","93.4%","93.4%","93.4%","0.0%","93.4%","","","","","0.0%","6.6%","0.0%","0.0%","0.0%","0.0%"
"Montgomery","Our Lady of Confidence Sch Ele","Kindergarten","2","","","","","","","","","","","","","","","",""
"Montgomery","Our Lady of Confidence Sch Ele","7th Grade","4","","","","","","","","","","","","","","","",""
"Montgomery","Our Lady of Mercy Regional Catholic School","Kindergarten","54","96.3%","96.3%","98.1%","100.0%","0.0%","98.1%","","","","","0.0%","0.0%","0.0%","0.0%","0.0%","3.7%"
"Montgomery","Our Lady of Mercy Regional Catholic School","7th Grade","39","100.0%","100.0%","100.0%","100.0%","0.0%","100.0%","97.4%","97.4%","","","0.0%","0.0%","0.0%","0.0%","0.0%","2.6%"
"Montgomery","Overlook Sch","Kindergarten","66","97.0%","97.0%","98.5%","98.5%","0.0%","98.5%","","","","","0.0%","1.5%","0.0%","1.5%","0.0%","0.0%"
"Montgomery","Pathway School","7th Grade","11","","","","","","","","","","","","","","","",""
"Montgomery","Pathway School","12th Grade","32","100.0%","100.0%","100.0%","100.0%","0.0%","100.0%","100.0%","","0.0%","81.2%","0.0%","0.0%","15.6%","0.0%","0.0%","3.1%"
"Montgomery","Paul V Fly El Sch","Kindergarten","106","93.4%","93.4%","93.4%","96.2%","0.0%","93.4%","","","","","0.9%","0.0%","5.7%","0.9%","0.0%","0.0%"
"Montgomery","Penn Valley Sch","Kindergarten","88","94.3%","94.3%","95.5%","97.7%","0.0%","95.5%","","","","","1.1%","3.4%","1.1%","0.0%","0.0%","0.0%"
"Montgomery","Penn Wynne Sch","Kindergarten","106","97.2%","97.2%","97.2%","97.2%","0.0%","97.2%","","","","","0.9%","0.0%","1.9%","0.0%","0.0%","0.0%"
"Montgomery","Pennbrook MS","7th Grade","243","99.2%","99.2%","98.4%","99.6%","0.4%","97.5%","96.7%","96.7%","","","0.0%","1.6%","2.1%","0.0%","0.0%","0.0%"
"Montgomery","Penndale MS","7th Grade","411","96.1%","96.1%","96.1%","95.9%","1.0%","96.1%","95.4%","95.4%","","","0.7%","1.9%","2.4%","1.2%","0.0%","0.0%"
"Montgomery","Pennfield MS","7th Grade","308","97.4%","97.1%","98.1%","97.7%","0.0%","97.1%","97.7%","97.1%","","","1.6%","1.6%","0.6%","1.0%","0.0%","0.0%"
"Montgomery","Pennsylvania Virtual CS","Kindergarten","136","71.3%","72.8%","72.8%","80.1%","0.0%","73.5%","","","","","0.0%","14.7%","13.2%","0.0%","0.7%","0.0%"
"Montgomery","Pennsylvania Virtual CS","7th Grade","211","88.2%","94.3%","94.3%","95.3%","0.0%","93.8%","87.2%","87.2%","","","0.0%","7.6%","6.2%","0.0%","0.0%","0.9%"
"Montgomery","Pennsylvania Virtual CS","12th Grade","232","94.4%","97.0%","96.1%","98.3%","0.0%","97.0%","96.1%","","2.6%","92.7%","0.0%","2.6%","6.0%","0.0%","0.0%","0.0%"
"Montgomery","Perkiomen School","7th Grade","10","","","","","","","","","","","","","","","",""
"Montgomery","Perkiomen School","12th Grade","107","99.1%","99.1%","97.2%","99.1%","6.5%","92.5%","98.1%","","43.9%","51.4%","0.0%","0.9%","0.0%","3.7%","0.0%","0.0%"
"Montgomery","Perkiomen Valley HS","12th Grade","436","97.7%","96.3%","97.7%","96.6%","0.0%","96.8%","97.2%","","1.4%","95.2%","1.4%","1.8%","1.8%","0.0%","0.0%","0.0%"
"Montgomery","Perkiomen Valley MS-East","7th Grade","195","93.3%","92.8%","92.8%","92.8%","0.0%","91.8%","91.3%","91.8%","","","0.0%","0.5%","7.2%","0.5%","0.5%","0.0%"
"Montgomery","Perkiomen Valley MS-West","7th Grade","169","95.3%","95.3%","94.7%","94.7%","0.6%","94.7%","94.7%","94.7%","","","0.0%","0.0%","3.6%","2.4%","0.0%","0.0%"
"Montgomery","Philadelphia Montgomery Christian Academy","Kindergarten","24","87.5%","87.5%","91.7%","91.7%","0.0%","91.7%","","","","","0.0%","8.3%","0.0%","4.2%","0.0%","0.0%"
"Montgomery","Philadelphia Montgomery Christian Academy","7th Grade","34","100.0%","100.0%","100.0%","97.1%","0.0%","100.0%","100.0%","100.0%","","","0.0%","2.9%","0.0%","0.0%","0.0%","0.0%"
"Montgomery","Philadelphia Montgomery Christian Academy","12th Grade","31","96.8%","96.8%","96.8%","96.8%","0.0%","96.8%","96.8%","","6.5%","87.1%","0.0%","3.2%","3.2%","0.0%","0.0%","0.0%"
"Montgomery","Pine Road El Sch","Kindergarten","125","91.2%","93.6%","92.8%","97.6%","0.0%","92.8%","","","","","0.8%","0.0%","7.2%","1.6%","0.0%","0.0%"
"Montgomery","Plymouth El Sch","Kindergarten","159","92.5%","92.5%","93.7%","97.5%","0.0%","93.7%","","","","","0.0%","3.1%","3.1%","1.3%","0.0%","0.0%"
"Montgomery","Plymouth Meeting Friends School","Kindergarten","14","","","","","","","","","","","","","","","",""
"Montgomery","Plymouth-Whitemarsh SHS","12th Grade","408","98.0%","99.0%","99.0%","99.3%","1.2%","97.5%","98.5%","","0.7%","96.8%","0.5%","0.7%","1.2%","0.0%","0.0%","0.2%"
"Montgomery","Pope John Paul II High School","12th Grade","177","98.9%","99.4%","99.4%","99.4%","0.0%","99.4%","98.9%","","0.0%","98.9%","1.1%","0.0%","0.0%","0.6%","0.0%","0.0%"
"Montgomery","Pottsgrove MS","7th Grade","208","96.2%","96.2%","96.6%","96.6%","1.0%","95.7%","93.3%","93.3%","","","0.0%","3.8%","3.8%","1.0%","0.0%","1.0%"
"Montgomery","Pottsgrove SHS","12th Grade","254","98.0%","98.0%","98.0%","97.6%","0.8%","98.0%","96.9%","","0.8%","93.3%","0.8%","4.3%","1.6%","0.0%","0.0%","0.0%"
"Montgomery","Pottstown MS","7th Grade","197","90.9%","90.9%","90.9%","90.9%","0.0%","88.8%","89.3%","88.3%","","","0.0%","8.6%","1.0%","0.0%","1.5%","0.5%"
"Montgomery","Pottstown SHS","12th Grade","214","98.6%","98.6%","98.1%","98.6%","0.5%","94.9%","98.1%","","2.3%","89.3%","0.0%","1.9%","0.0%","0.9%","4.2%","4.2%"
"Montgomery","Presentation BVM School","Kindergarten","16","","","","","","","","","","","","","","","",""
"Montgomery","Presentation BVM School","7th Grade","12","","","","","","","","","","","","","","","",""
"Montgomery","Providence Montessori School House","Kindergarten","4","","","","","","","","","","","","","","","",""
"Montgomery","Quaker School At Horsham","Kindergarten","1","","","","","","","","","","","","","","","",""
"Montgomery","Quaker School At Horsham","7th Grade","5","","","","","","","","","","","","","","","",""
"Montgomery","Quaker School At Horsham","12th Grade","5","","","","","","","","","","","","","","","",""
"Montgomery","Queen of Angels Regional Catholic School","Kindergarten","20","100.0%","100.0%","100.0%","100.0%","0.0%","100.0%","","","","","0.0%","0.0%","0.0%","0.0%","0.0%","0.0%"
"Montgomery","Queen of Angels Regional Catholic School","7th Grade","14","","","","","","","","","","","","","","","",""
"Montgomery","R&R Perelman Jewish D S-Forman","Kindergarten","18","","","","","","","","","","","","","","","",""
"Montgomery","R&R Perelman Jewish D S-Stern","Kindergarten","39","100.0%","100.0%","100.0%","100.0%","0.0%","100.0%","","","","","0.0%","0.0%","0.0%","0.0%","0.0%","0.0%"
"Montgomery","Ray S. Musselman Learning Center","Kindergarten","278","95.7%","96.0%","96.0%","98.2%","0.0%","95.7%","","","","","0.4%","0.0%","2.5%","3.6%","0.0%","3.6%"
"Montgomery","Red Bridge Montessori House","Kindergarten","3","","","","","","","","","","","","","","","",""
"Montgomery","Regina Angelorum Academy","Kindergarten","26","57.7%","61.5%","76.9%","73.1%","0.0%","57.7%","","","","","0.0%","3.8%","0.0%","0.0%","0.0%","42.3%"
"Montgomery","Regina Angelorum Academy","7th Grade","16","","","","","","","","","","","","","","","",""
"Montgomery","Regina Coeli Academy","Kindergarten","12","","","","","","","","","","","","","","","",""
"Montgomery","Regina Coeli Academy","7th Grade","9","","","","","","","","","","","","","","","",""
"Montgomery","Ridge Park El Sch","Kindergarten","111","94.6%","94.6%","95.5%","97.3%","0.0%","95.5%","","","","","0.9%","3.6%","0.9%","0.0%","0.0%","0.0%"
"Montgomery","Ringing Rocks El Sch","Kindergarten","121","94.2%","93.4%","94.2%","94.2%","0.0%","94.2%","","","","","0.0%","7.4%","0.0%","0.8%","0.8%","0.0%"
"Montgomery","Roberts El Sch","Kindergarten","57","96.5%","94.7%","94.7%","96.5%","0.0%","94.7%","","","","","0.0%","3.5%","1.8%","0.0%","0.0%","0.0%"
"Montgomery","Roosevelt Campus of the Norristown Area HS","12th Grade","30","100.0%","100.0%","100.0%","100.0%","0.0%","100.0%","100.0%","","3.3%","83.3%","0.0%","3.3%","0.0%","10.0%","0.0%","10.0%"
"Montgomery","Roslyn Sch","Kindergarten","64","93.8%","93.8%","96.9%","96.9%","0.0%","95.3%","","","","","0.0%","1.6%","3.1%","1.6%","0.0%","1.6%"
"Montgomery","Royersford El Sch","Kindergarten","55","96.4%","96.4%","94.5%","94.5%","0.0%","96.4%","","","","","0.0%","3.6%","0.0%","1.8%","0.0%","0.0%"
"Montgomery","Rupert El Sch","Kindergarten","43","90.7%","90.7%","90.7%","90.7%","0.0%","90.7%","","","","","0.0%","0.0%","9.3%","0.0%","0.0%","0.0%"
"Montgomery","Rydal El Sch","Kindergarten","79","94.9%","94.9%","94.9%","94.9%","0.0%","94.9%","","","","","0.0%","3.8%","1.3%","0.0%","0.0%","0.0%"
"Montgomery","Salford Hills El Sch","Kindergarten","68","89.7%","89.7%","86.8%","91.2%","0.0%","88.2%","","","","","0.0%","10.3%","0.0%","1.5%","0.0%","1.5%"
"Montgomery","Sandy Run MS","7th Grade","335","100.0%","99.4%","99.4%","99.4%","0.9%","98.5%","95.8%","95.8%","","","0.0%","0.0%","2.1%","2.7%","0.0%","0.0%"
"Montgomery","Schwenksville El Sch","Kindergarten","71","95.8%","95.8%","95.8%","94.4%","0.0%","95.8%","","","","","0.0%","0.0%","4.2%","1.4%","0.0%","0.0%"
"Montgomery","Seeds Academy An Acton Academy","Kindergarten","5","","","","","","","","","","","","","","","",""
"Montgomery","Shady Grove El Sch","Kindergarten","104","96.2%","95.2%","95.2%","100.0%","1.0%","94.2%","","","","","1.0%","2.9%","1.0%","0.0%","0.0%","0.0%"
"Montgomery","Shipley School","7th Grade","51","98.0%","100.0%","98.0%","100.0%","0.0%","100.0%","98.0%","96.1%","","","0.0%","3.9%","0.0%","0.0%","0.0%","2.0%"
"Montgomery","Shipley School","12th Grade","94","100.0%","100.0%","100.0%","98.9%","0.0%","100.0%","100.0%","","0.0%","98.9%","1.1%","0.0%","0.0%","0.0%","0.0%","1.1%"
"Montgomery","Shipley School Lower Campus","Kindergarten","23","100.0%","100.0%","100.0%","100.0%","0.0%","100.0%","","","","","0.0%","0.0%","0.0%","0.0%","0.0%","0.0%"
"Montgomery","Simmons El Sch","Kindergarten","86","96.5%","96.5%","96.5%","96.5%","0.0%","96.5%","","","","","0.0%","7.0%","0.0%","0.0%","0.0%","0.0%"
"Montgomery","Skippack El Sch","Kindergarten","75","98.7%","98.7%","98.7%","98.7%","0.0%","98.7%","","","","","0.0%","0.0%","1.3%","0.0%","0.0%","0.0%"
"Montgomery","Souderton Area HS","12th Grade","545","92.1%","93.6%","93.2%","93.4%","0.7%","92.3%","93.4%","","1.7%","90.8%","1.1%","4.4%","2.0%","1.7%","0.0%","0.0%"
"Montgomery","Souderton CS Collaborative","Kindergarten","20","100.0%","100.0%","100.0%","100.0%","0.0%","100.0%","","","","","0.0%","0.0%","0.0%","0.0%","0.0%","0.0%"
"Montgomery","Souderton CS Collaborative","7th Grade","29","96.6%","96.6%","100.0%","96.6%","0.0%","96.6%","100.0%","96.6%","","","0.0%","3.4%","0.0%","0.0%","0.0%","0.0%"
"Montgomery","South East Youth Dev Center","12th Grade","3","","","","","","","","","","","","","","","",""
"Montgomery","South El Sch","Kindergarten","69","98.6%","97.1%","97.1%","98.6%","0.0%","95.7%","","","","","1.4%","0.0%","2.9%","0.0%","0.0%","0.0%"
"Montgomery","Spring City El Sch","Kindergarten","28","100.0%","100.0%","100.0%","100.0%","0.0%","100.0%","","","","","0.0%","0.0%","0.0%","0.0%","0.0%","0.0%"
"Montgomery","Spring-Ford MS 7th Grade Ctr","7th Grade","668","99.0%","99.0%","98.8%","98.5%","0.0%","98.7%","96.3%","96.3%","","","0.9%","4.6%","0.9%","0.0%","0.0%","0.4%"
"Montgomery","Spring-Ford SHS 9-12 Ctr","12th Grade","697","97.4%","95.3%","97.7%","98.0%","0.4%","96.0%","98.1%","","1.1%","94.3%","3.3%","3.3%","1.3%","0.3%","0.0%","0.0%"
"Montgomery","Springfield Twp El Sch-Enfield","Kindergarten","187","97.9%","97.9%","97.9%","98.9%","0.0%","97.9%","","","","","0.0%","1.1%","2.1%","0.0%","0.0%","0.0%"
"Montgomery","Springfield Twp HS","12th Grade","189","98.9%","98.4%","98.9%","98.9%","0.0%","98.4%","98.9%","","0.0%","98.4%","1.1%","0.5%","1.1%","0.0%","0.0%","0.0%"
"Montgomery","Springfield Twp MS","7th Grade","209","97.1%","98.6%","98.1%","98.6%","0.0%","98.1%","97.6%","97.6%","","","1.0%","1.9%","1.0%","0.0%","0.0%","0.0%"
"Montgomery","St Albert the Great School","Kindergarten","38","94.7%","94.7%","94.7%","100.0%","0.0%","94.7%","","","","","5.3%","0.0%","0.0%","2.6%","0.0%","0.0%"
"Montgomery","St Albert the Great School","7th Grade","29","100.0%","100.0%","100.0%","100.0%","0.0%","100.0%","96.6%","96.6%","","","0.0%","3.4%","0.0%","0.0%","0.0%","0.0%"
"Montgomery","St Aloysius","Kindergarten","45","95.6%","97.8%","97.8%","100.0%","0.0%","97.8%","","","","","2.2%","0.0%","0.0%","2.2%","0.0%","0.0%"
"Montgomery","St Aloysius","7th Grade","24","100.0%","100.0%","100.0%","100.0%","0.0%","100.0%","95.8%","95.8%","","","0.0%","0.0%","0.0%","4.2%","0.0%","0.0%"
"Montgomery","St Francis of Assisi School","Kindergarten","21","100.0%","100.0%","100.0%","100.0%","0.0%","100.0%","","","","","0.0%","0.0%","0.0%","0.0%","0.0%","0.0%"
"Montgomery","St Francis of Assisi School","7th Grade","22","100.0%","100.0%","100.0%","100.0%","0.0%","100.0%","100.0%","100.0%","","","0.0%","0.0%","0.0%","0.0%","0.0%","0.0%"
"Montgomery","St Genevieve School","Kindergarten","33","93.9%","93.9%","93.9%","97.0%","0.0%","93.9%","","","","","0.0%","6.1%","0.0%","0.0%","0.0%","0.0%"
"Montgomery","St Genevieve School","7th Grade","27","100.0%","100.0%","100.0%","100.0%","0.0%","100.0%","96.3%","96.3%","","","0.0%","3.7%","0.0%","0.0%","0.0%","0.0%"
"Montgomery","St Helena School","Kindergarten","51","100.0%","100.0%","100.0%","100.0%","0.0%","100.0%","","","","","0.0%","0.0%","0.0%","0.0%","0.0%","0.0%"
"Montgomery","St Helena School","7th Grade","44","100.0%","100.0%","100.0%","100.0%","0.0%","100.0%","100.0%","100.0%","","","0.0%","0.0%","0.0%","0.0%","0.0%","0.0%"
"Montgomery","St Hilary of Poiters School","Kindergarten","28","100.0%","100.0%","100.0%","100.0%","0.0%","100.0%","","","","","0.0%","0.0%","0.0%","0.0%","0.0%","0.0%"
"Montgomery","St Hilary of Poiters School","7th Grade","30","100.0%","100.0%","100.0%","100.0%","3.3%","96.7%","100.0%","100.0%","","","0.0%","0.0%","0.0%","0.0%","0.0%","0.0%"
"Montgomery","St Katherine Day Sch -Lower/Jr","Kindergarten","5","","","","","","","","","","","","","","","",""
"Montgomery","St Katherine Day Sch -Lower/Jr","7th Grade","2","","","","","","","","","","","","","","","",""
"Montgomery","St Luke the Evangelist School","Kindergarten","35","100.0%","94.3%","91.4%","100.0%","0.0%","91.4%","","","","","0.0%","8.6%","0.0%","0.0%","0.0%","0.0%"
"Montgomery","St Luke the Evangelist School","7th Grade","25","100.0%","100.0%","100.0%","100.0%","0.0%","100.0%","100.0%","100.0%","","","0.0%","0.0%","0.0%","0.0%","0.0%","0.0%"
"Montgomery","St Margaret School","Kindergarten","23","91.3%","91.3%","95.7%","95.7%","4.3%","91.3%","","","","","0.0%","0.0%","0.0%","8.7%","0.0%","0.0%"
"Montgomery","St Margaret School","7th Grade","15","","","","","","","","","","","","","","","",""
"Montgomery","St Marks Classical Academy","Kindergarten","6","","","","","","","","","","","","","","","",""
"Montgomery","St Marks Classical Academy","7th Grade","6","","","","","","","","","","","","","","","",""
"Montgomery","St Mary School","Kindergarten","34","97.1%","97.1%","97.1%","97.1%","0.0%","97.1%","","","","","0.0%","0.0%","2.9%","0.0%","0.0%","0.0%"
"Montgomery","St Mary School","7th Grade","17","","","","","","","","","","","","","","","",""
"Montgomery","St Philip Neri School","Kindergarten","57","100.0%","100.0%","98.2%","98.2%","0.0%","98.2%","","","","","1.8%","0.0%","0.0%","0.0%","0.0%","0.0%"
"Montgomery","St Philip Neri School","7th Grade","54","94.4%","94.4%","94.4%","94.4%","0.0%","94.4%","92.6%","90.7%","","","0.0%","1.9%","3.7%","1.9%","0.0%","1.9%"
"Montgomery","St Teresa of Calcutta","Kindergarten","45","100.0%","100.0%","100.0%","100.0%","0.0%","100.0%","","","","","0.0%","0.0%","0.0%","0.0%","0.0%","0.0%"
"Montgomery","St Teresa of Calcutta","7th Grade","28","100.0%","100.0%","100.0%","100.0%","0.0%","100.0%","100.0%","100.0%","","","0.0%","0.0%","0.0%","0.0%","0.0%","0.0%"
"Montgomery","Step Up Academy - Abington Location","Kindergarten","1","","","","","","","","","","","","","","","",""
"Montgomery","Step Up Academy - Wyncote location","Kindergarten","1","","","","","","","","","","","","","","","",""
"Montgomery","Step Up Academy - Wyncote location","7th Grade","9","","","","","","","","","","","","","","","",""
"Montgomery","Step Up Academy - Wyncote location","12th Grade","5","","","","","","","","","","","","","","","",""
"Montgomery","Stony Creek El Sch","Kindergarten","92","94.6%","95.7%","95.7%","95.7%","0.0%","95.7%","","","","","1.1%","2.2%","2.2%","0.0%","0.0%","0.0%"
"Montgomery","Temple Beth Hillel Nursery Sch","Kindergarten","9","","","","","","","","","","","","","","","",""
"Montgomery","Torah Academy of Greater Philadelphia","Kindergarten","32","93.8%","90.6%","90.6%","93.8%","0.0%","90.6%","","","","","0.0%","0.0%","0.0%","0.0%","0.0%","9.4%"
"Montgomery","Torah Academy of Greater Philadelphia","7th Grade","32","75.0%","75.0%","75.0%","71.9%","0.0%","75.0%","75.0%","75.0%","","","0.0%","0.0%","0.0%","0.0%","0.0%","28.1%"
"Montgomery","Twin Spring Farm Educ Impr","Kindergarten","8","","","","","","","","","","","","","","","",""
"Montgomery","Upper Merion HS","12th Grade","352","98.9%","99.4%","99.7%","98.9%","2.0%","96.9%","99.1%","","16.8%","82.1%","0.6%","0.9%","1.1%","0.0%","0.0%","17.3%"
"Montgomery","Upper Merion MS","7th Grade","332","97.9%","98.2%","98.2%","98.8%","0.6%","97.6%","91.0%","91.3%","","","0.0%","1.2%","1.2%","1.2%","0.0%","6.3%"
"Montgomery","Upper Moreland El Sch","Kindergarten","216","98.6%","98.6%","98.6%","99.5%","0.5%","97.7%","","","","","0.0%","1.4%","0.0%","0.0%","0.0%","2.3%"
"Montgomery","Upper Moreland HS","12th Grade","243","97.1%","97.1%","97.1%","97.1%","0.8%","96.3%","97.1%","","1.2%","95.9%","0.0%","0.4%","2.1%","0.0%","0.0%","1.6%"
"Montgomery","Upper Moreland MS","7th Grade","281","96.1%","96.1%","96.1%","96.1%","2.1%","94.3%","96.1%","96.1%","","","0.0%","3.2%","0.4%","0.0%","0.0%","0.4%"
"Montgomery","Upper Perkiomen HS","12th Grade","296","94.9%","95.3%","94.9%","94.9%","1.0%","92.6%","93.9%","","0.0%","88.2%","0.7%","10.8%","2.4%","2.0%","0.0%","1.7%"
"Montgomery","Upper Perkiomen MS","7th Grade","229","93.9%","93.4%","93.4%","93.4%","0.0%","93.9%","91.7%","91.3%","","","0.4%","10.9%","0.9%","0.0%","0.0%","0.9%"
"Montgomery","Upper Providence El Sch","Kindergarten","65","98.5%","98.5%","98.5%","98.5%","0.0%","98.5%","","","","","0.0%","1.5%","0.0%","0.0%","0.0%","0.0%"
"Montgomery","Valley Christian School","Kindergarten","5","","","","","","","","","","","","","","","",""
"Montgomery","Valley Forge Baptist Academy","Kindergarten","31","74.2%","74.2%","71.0%","80.6%","0.0%","74.2%","","","","","0.0%","0.0%","29.0%","0.0%","0.0%","0.0%"
"Montgomery","Valley Forge Baptist Academy","7th Grade","20","90.0%","90.0%","85.0%","90.0%","0.0%","85.0%","75.0%","75.0%","","","5.0%","0.0%","25.0%","0.0%","0.0%","0.0%"
"Montgomery","Valley Forge Baptist Academy","12th Grade","7","","","","","","","","","","","","","","","",""
"Montgomery","Vantage Academy - Bridgeport Location","12th Grade","15","","","","","","","","","","","","","","","",""
"Montgomery","Vantage Academy - Souderton location","7th Grade","5","","","","","","","","","","","","","","","",""
"Montgomery","Vantage Academy - Souderton location","12th Grade","14","","","","","","","","","","","","","","","",""
"Montgomery","Vernfield El Sch","Kindergarten","73","93.2%","93.2%","93.2%","93.2%","0.0%","93.2%","","","","","0.0%","5.5%","1.4%","0.0%","0.0%","0.0%"
"Montgomery","Visitation BVM School","Kindergarten","34","100.0%","100.0%","100.0%","100.0%","0.0%","100.0%","","","","","0.0%","0.0%","0.0%","0.0%","0.0%","0.0%"
"Montgomery","Visitation BVM School","7th Grade","41","100.0%","100.0%","100.0%","100.0%","0.0%","100.0%","100.0%","100.0%","","","0.0%","0.0%","0.0%","0.0%","0.0%","0.0%"
"Montgomery","Waldron Mercy Academy","Kindergarten","30","93.3%","96.7%","96.7%","100.0%","0.0%","96.7%","","","","","0.0%","0.0%","0.0%","6.7%","0.0%","0.0%"
"Montgomery","Waldron Mercy Academy","7th Grade","40","100.0%","100.0%","100.0%","100.0%","0.0%","100.0%","97.5%","97.5%","","","0.0%","0.0%","0.0%","2.5%","0.0%","0.0%"
"Montgomery","Walton Farm El Sch","Kindergarten","73","98.6%","97.3%","97.3%","97.3%","0.0%","97.3%","","","","","0.0%","1.4%","1.4%","0.0%","0.0%","0.0%"
"Montgomery","Welsh Valley MS","7th Grade","212","98.1%","97.6%","97.6%","98.1%","1.9%","97.6%","95.3%","96.2%","","","0.0%","1.9%","0.9%","0.0%","0.0%","2.8%"
"Montgomery","West Broad Street El Sch","Kindergarten","67","88.1%","88.1%","88.1%","88.1%","3.0%","88.1%","","","","","0.0%","10.4%","0.0%","0.0%","0.0%","1.5%"
"Montgomery","West Pottsgrove El Sch","Kindergarten","85","91.8%","92.9%","92.9%","92.9%","0.0%","92.9%","","","","","1.2%","1.2%","4.7%","1.2%","0.0%","0.0%"
"Montgomery","Whitehall El Sch","Kindergarten","96","96.9%","97.9%","97.9%","97.9%","0.0%","96.9%","","","","","0.0%","0.0%","0.0%","4.2%","0.0%","1.0%"
"Montgomery","Whitemarsh El Sch","Kindergarten","100","100.0%","100.0%","99.0%","99.0%","0.0%","100.0%","","","","","0.0%","0.0%","1.0%","0.0%","0.0%","0.0%"
"Montgomery","Whitemarsh Montessori Childrens House","Kindergarten","7","","","","","","","","","","","","","","","",""
"Montgomery","Willow Hill Sch","Kindergarten","45","95.6%","95.6%","95.6%","95.6%","0.0%","95.6%","","","","","0.0%","4.4%","0.0%","0.0%","0.0%","0.0%"
"Montgomery","Wissahickon MS","7th Grade","414","97.8%","98.1%","98.1%","98.6%","0.7%","97.8%","96.4%","96.4%","","","1.7%","0.5%","2.2%","1.4%","0.0%","1.4%"
"Montgomery","Wissahickon SHS","12th Grade","357","97.8%","98.9%","98.9%","98.6%","1.4%","96.9%","98.6%","","96.9%","0.0%","2.5%","2.5%","0.8%","0.0%","0.0%","0.0%"
"Montgomery","Woodland El Sch","Kindergarten","80","93.8%","93.8%","93.8%","93.8%","0.0%","92.5%","","","","","1.2%","0.0%","5.0%","3.8%","0.0%","0.0%"
"Montgomery","Worcester El Sch","Kindergarten","88","98.9%","98.9%","98.9%","98.9%","0.0%","98.9%","","","","","0.0%","0.0%","1.1%","0.0%","0.0%","0.0%"
"Montgomery","Wyncote Academy","12th Grade","8","","","","","","","","","","","","","","","",""
"Montgomery","Wyncote El Sch","Kindergarten","57","94.7%","96.5%","96.5%","96.5%","0.0%","96.5%","","","","","0.0%","3.5%","0.0%","1.8%","0.0%","0.0%"
"Montgomery","Wyndcroft School","Kindergarten","13","","","","","","","","","","","","","","","",""
"Montgomery","Wyndcroft School","7th Grade","16","","","","","","","","","","","","","","","",""
"Montgomery","York Avenue El Sch","Kindergarten","44","97.7%","97.7%","97.7%","100.0%","0.0%","97.7%","","","","","0.0%","0.0%","0.0%","2.3%","0.0%","0.0%"
"Montour","Breezy Meadows School","7th Grade","5","","","","","","","","","","","","","","","",""
"Montour","Chillisquaque Valley Parc Sch","7th Grade","5","","","","","","","","","","","","","","","",""
"Montour","County Line Parochial School","7th Grade","1","","","","","","","","","","","","","","","",""
"Montour","Danville Area MS","7th Grade","185","100.0%","100.0%","100.0%","100.0%","0.5%","99.5%","96.8%","96.8%","","","0.0%","0.0%","2.7%","0.5%","0.0%","0.0%"
"Montour","Danville Area SHS","12th Grade","170","100.0%","99.4%","99.4%","99.4%","0.6%","98.8%","99.4%","","0.0%","91.2%","0.0%","2.4%","0.6%","2.9%","0.0%","2.9%"
"Montour","Danville Ctr Adolescent Female","7th Grade","2","","","","","","","","","","","","","","","",""
"Montour","Danville Ctr Adolescent Female","12th Grade","8","","","","","","","","","","","","","","","",""
"Montour","Danville Primary Sch","Kindergarten","141","97.2%","97.2%","96.5%","99.3%","0.0%","96.5%","","","","","0.0%","0.7%","1.4%","2.1%","0.0%","0.0%"
"Montour","Limestone Mennonite Parochial School","7th Grade","4","","","","","","","","","","","","","","","",""
"Montour","North Central Secure Trmnt Unt","7th Grade","1","","","","","","","","","","","","","","","",""
"Montour","North Central Secure Trmnt Unt","12th Grade","9","","","","","","","","","","","","","","","",""
"Montour","Ridgeview Amish School","7th Grade","4","","","","","","","","","","","","","","","",""
"Montour","St Cyril Kindergarten","Kindergarten","11","","","","","","","","","","","","","","","",""
"Montour","St Joseph School","Kindergarten","23","100.0%","100.0%","100.0%","100.0%","0.0%","100.0%","","","","","0.0%","0.0%","0.0%","0.0%","0.0%","0.0%"
"Montour","St Joseph School","7th Grade","19","","","","","","","","","","","","","","","",""
"Montour","Sunny Hillside School","7th Grade","2","","","","","","","","","","","","","","","",""
"Northampton","Asa Packer El Sch","Kindergarten","47","95.7%","95.7%","95.7%","95.7%","0.0%","95.7%","","","","","0.0%","2.1%","2.1%","0.0%","0.0%","0.0%"
"Northampton","Avona El Sch","Kindergarten","36","97.2%","100.0%","94.4%","97.2%","0.0%","94.4%","","","","","0.0%","5.6%","0.0%","2.8%","0.0%","0.0%"
"Northampton","Bangor Area HS","12th Grade","228","95.6%","94.7%","95.6%","96.9%","2.2%","96.1%","94.3%","","1.3%","88.6%","0.0%","6.6%","2.6%","0.4%","0.0%","0.4%"
"Northampton","Bangor Area MS","7th Grade","213","93.4%","93.4%","93.0%","94.8%","0.0%","92.5%","86.9%","86.9%","","","1.4%","7.0%","4.7%","0.0%","0.0%","1.9%"
"Northampton","Bethlehem Catholic High School","12th Grade","119","100.0%","100.0%","100.0%","100.0%","0.0%","100.0%","100.0%","","12.6%","85.7%","0.0%","1.7%","0.0%","0.0%","0.0%","12.6%"
"Northampton","Bethlehem Christian School","Kindergarten","16","","","","","","","","","","","","","","","",""
"Northampton","Bethlehem Christian School","7th Grade","22","90.9%","86.4%","90.9%","90.9%","0.0%","86.4%","72.7%","86.4%","","","0.0%","9.1%","0.0%","0.0%","0.0%","18.2%"
"Northampton","Bethlehem Christian School","12th Grade","15","","","","","","","","","","","","","","","",""
"Northampton","Broughal MS","7th Grade","180","99.4%","99.4%","99.4%","99.4%","0.0%","99.4%","97.2%","97.2%","","","0.0%","1.1%","1.1%","0.6%","0.0%","0.0%"
"Northampton","Buxmont Academy","12th Grade","6","","","","","","","","","","","","","","","",""
"Northampton","Calypso El Sch","Kindergarten","38","92.1%","92.1%","94.7%","100.0%","0.0%","94.7%","","","","","0.0%","0.0%","7.9%","0.0%","0.0%","0.0%"
"Northampton","Cheston El Sch","Kindergarten","99","91.9%","92.9%","94.9%","93.9%","0.0%","94.9%","","","","","0.0%","3.0%","2.0%","3.0%","0.0%","0.0%"
"Northampton","Clearview El Sch","Kindergarten","74","93.2%","93.2%","94.6%","94.6%","0.0%","93.2%","","","","","1.4%","2.7%","1.4%","0.0%","0.0%","1.4%"
"Northampton","Colonel John Siegfried El Sch","Kindergarten","150","98.7%","98.7%","99.3%","98.7%","0.7%","98.7%","","","","","0.7%","0.7%","0.0%","0.7%","0.0%","0.0%"
"Northampton","Donegan El Sch","Kindergarten","67","95.5%","95.5%","95.5%","95.5%","0.0%","94.0%","","","","","0.0%","3.0%","0.0%","0.0%","0.0%","3.0%"
"Northampton","East Hills MS","7th Grade","298","100.0%","98.3%","97.7%","98.0%","0.7%","96.6%","95.3%","95.3%","","","0.7%","2.0%","2.3%","0.0%","0.0%","0.0%"
"Northampton","Easton Area HS","12th Grade","764","95.7%","93.8%","98.0%","98.2%","0.9%","97.1%","97.4%","","0.9%","94.6%","0.8%","2.9%","1.8%","0.3%","0.0%","0.4%"
"Northampton","Easton Area MS","7th Grade","638","97.8%","95.6%","97.5%","98.0%","0.8%","96.6%","94.2%","93.9%","","","0.0%","2.5%","2.5%","1.3%","0.0%","1.1%"
"Northampton","Easton Arts Academy Elementary CS","Kindergarten","32","96.9%","96.9%","96.9%","93.8%","0.0%","96.9%","","","","","0.0%","0.0%","6.2%","0.0%","0.0%","0.0%"
"Northampton","Faith Christian School Site 1","7th Grade","25","84.0%","72.0%","80.0%","84.0%","4.0%","84.0%","60.0%","52.0%","","","0.0%","48.0%","0.0%","12.0%","0.0%","0.0%"
"Northampton","Faith Christian School Site 1","12th Grade","15","","","","","","","","","","","","","","","",""
"Northampton","Farmersville El Sch","Kindergarten","54","100.0%","100.0%","100.0%","100.0%","0.0%","100.0%","","","","","0.0%","0.0%","0.0%","0.0%","0.0%","0.0%"
"Northampton","Fellowship Christian High School","7th Grade","3","","","","","","","","","","","","","","","",""
"Northampton","Fellowship Christian High School","12th Grade","6","","","","","","","","","","","","","","","",""
"Northampton","Five Points El Sch","Kindergarten","171","91.8%","91.8%","94.2%","94.7%","0.0%","92.4%","","","","","1.2%","2.9%","2.9%","1.8%","0.0%","0.0%"
"Northampton","Forks El Sch","Kindergarten","60","91.7%","91.7%","91.7%","93.3%","0.0%","91.7%","","","","","0.0%","1.7%","5.0%","1.7%","0.0%","0.0%"
"Northampton","Fountain Hill El Sch","Kindergarten","65","98.5%","98.5%","95.4%","98.5%","0.0%","95.4%","","","","","0.0%","1.5%","3.1%","0.0%","0.0%","0.0%"
"Northampton","Freedom HS","12th Grade","451","98.7%","98.4%","98.2%","98.7%","0.4%","98.0%","97.8%","","0.2%","96.7%","0.2%","0.2%","3.1%","1.1%","0.0%","0.0%"
"Northampton","Freemansburg El Sch","Kindergarten","59","94.9%","94.9%","93.2%","94.9%","0.0%","93.2%","","","","","0.0%","6.8%","1.7%","0.0%","0.0%","0.0%"
"Northampton","George Wolf El Sch","Kindergarten","60","95.0%","95.0%","95.0%","98.3%","0.0%","95.0%","","","","","1.7%","1.7%","1.7%","0.0%","0.0%","0.0%"
"Northampton","Goddard School - Bethlehem Location","Kindergarten","7","","","","","","","","","","","","","","","",""
"Northampton","Goddard School - Easton Location","Kindergarten","11","","","","","","","","","","","","","","","",""
"Northampton","Good Shepherd Catholic School","Kindergarten","34","85.3%","85.3%","91.2%","94.1%","0.0%","91.2%","","","","","0.0%","0.0%","0.0%","100.0%","0.0%","0.0%"
"Northampton","Good Shepherd Catholic School","7th Grade","31","100.0%","100.0%","100.0%","100.0%","0.0%","100.0%","83.9%","83.9%","","","0.0%","0.0%","3.2%","96.8%","0.0%","0.0%"
"Northampton","Governor Wolf El Sch","Kindergarten","70","94.3%","94.3%","98.6%","98.6%","0.0%","98.6%","","","","","0.0%","1.4%","0.0%","4.3%","0.0%","0.0%"
"Northampton","Hanover El Sch","Kindergarten","33","93.9%","93.9%","93.9%","97.0%","0.0%","93.9%","","","","","0.0%","3.0%","3.0%","0.0%","0.0%","0.0%"
"Northampton","Holy Family School","Kindergarten","25","80.0%","80.0%","84.0%","84.0%","0.0%","84.0%","","","","","0.0%","0.0%","20.0%","0.0%","0.0%","0.0%"
"Northampton","Holy Family School","7th Grade","26","96.2%","96.2%","96.2%","96.2%","0.0%","96.2%","96.2%","96.2%","","","0.0%","0.0%","3.8%","0.0%","0.0%","0.0%"
"Northampton","Holy Infancy School","Kindergarten","13","","","","","","","","","","","","","","","",""
"Northampton","Holy Infancy School","7th Grade","12","","","","","","","","","","","","","","","",""
"Northampton","Immaculate Conception School","Kindergarten","36","58.3%","58.3%","58.3%","58.3%","0.0%","58.3%","","","","","0.0%","8.3%","0.0%","0.0%","0.0%","33.3%"
"Northampton","Immaculate Conception School","7th Grade","23","69.6%","69.6%","69.6%","69.6%","0.0%","69.6%","69.6%","69.6%","","","0.0%","4.3%","0.0%","0.0%","0.0%","26.1%"
"Northampton","James Buchanan El Sch","Kindergarten","37","94.6%","97.3%","97.3%","100.0%","0.0%","97.3%","","","","","0.0%","2.7%","0.0%","2.7%","0.0%","0.0%"
"Northampton","Kenneth N Butz Jr El Sch","Kindergarten","91","95.6%","95.6%","95.6%","95.6%","0.0%","95.6%","","","","","0.0%","3.3%","1.1%","0.0%","0.0%","0.0%"
"Northampton","Lehigh El Sch","Kindergarten","80","97.5%","97.5%","97.5%","98.8%","0.0%","97.5%","","","","","2.5%","2.5%","0.0%","0.0%","0.0%","0.0%"
"Northampton","Lehigh Learning Academy","12th Grade","16","","","","","","","","","","","","","","","",""
"Northampton","Lehigh Valley Academy Regional CS","Kindergarten","146","99.3%","99.3%","98.6%","100.0%","0.0%","99.3%","","","","","0.7%","0.7%","0.0%","0.0%","0.0%","0.0%"
"Northampton","Lehigh Valley Academy Regional CS","7th Grade","149","98.0%","98.7%","98.7%","98.7%","0.0%","98.7%","96.0%","96.0%","","","0.0%","4.7%","0.0%","0.0%","0.0%","0.0%"
"Northampton","Lehigh Valley Academy Regional CS","12th Grade","125","99.2%","99.2%","100.0%","99.2%","0.8%","99.2%","100.0%","","0.0%","98.4%","0.0%","3.2%","0.0%","0.0%","0.0%","0.0%"
"Northampton","Lehigh Valley Charter High School for the Arts","12th Grade","126","85.7%","85.7%","84.9%","84.1%","0.0%","84.1%","84.9%","","7.9%","76.2%","19.8%","2.4%","0.0%","0.0%","0.0%","0.0%"
"Northampton","Lehigh Valley Dual Language CS","Kindergarten","50","90.0%","90.0%","90.0%","90.0%","0.0%","90.0%","","","","","0.0%","4.0%","0.0%","6.0%","0.0%","0.0%"
"Northampton","Lehigh Valley Dual Language CS","7th Grade","49","85.7%","85.7%","85.7%","85.7%","0.0%","85.7%","85.7%","85.7%","","","2.0%","2.0%","0.0%","10.2%","0.0%","0.0%"
"Northampton","Liberty HS","12th Grade","592","96.5%","95.6%","98.5%","99.0%","0.7%","98.3%","98.6%","","2.0%","93.9%","1.4%","2.4%","2.2%","0.2%","0.0%","0.0%"
"Northampton","Lightbridge Academy","Kindergarten","20","95.0%","95.0%","95.0%","95.0%","0.0%","95.0%","","","","","5.0%","0.0%","0.0%","0.0%","0.0%","0.0%"
"Northampton","Lincoln El Sch","Kindergarten","52","98.1%","98.1%","98.1%","100.0%","0.0%","98.1%","","","","","0.0%","0.0%","1.9%","0.0%","0.0%","0.0%"
"Northampton","Lower Nazareth El Sch","Kindergarten","104","94.2%","94.2%","95.2%","96.2%","0.0%","95.2%","","","","","0.0%","5.8%","0.0%","0.0%","0.0%","0.0%"
"Northampton","March El Sch","Kindergarten","47","95.7%","93.6%","95.7%","95.7%","0.0%","95.7%","","","","","0.0%","0.0%","2.1%","2.1%","0.0%","2.1%"
"Northampton","Marvine El Sch","Kindergarten","44","90.9%","93.2%","97.7%","95.5%","0.0%","97.7%","","","","","0.0%","0.0%","6.8%","2.3%","0.0%","0.0%"
"Northampton","Meridian Academy","7th Grade","3","","","","","","","","","","","","","","","",""
"Northampton","Miller Heights El Sch","Kindergarten","51","94.1%","94.1%","94.1%","98.0%","0.0%","94.1%","","","","","0.0%","0.0%","5.9%","0.0%","0.0%","0.0%"
"Northampton","Moore El Sch","Kindergarten","65","100.0%","100.0%","98.5%","100.0%","0.0%","98.5%","","","","","0.0%","0.0%","1.5%","0.0%","0.0%","0.0%"
"Northampton","Moravian Academy - Downtown Campus","Kindergarten","36","94.4%","94.4%","100.0%","94.4%","0.0%","94.4%","","","","","0.0%","0.0%","0.0%","0.0%","0.0%","13.9%"
"Northampton","Moravian Academy - Downtown Campus","7th Grade","49","95.9%","98.0%","98.0%","98.0%","0.0%","98.0%","77.6%","77.6%","","","0.0%","0.0%","2.0%","0.0%","0.0%","22.4%"
"Northampton","Moravian Academy - Merle Smith Campus","12th Grade","76","93.4%","94.7%","94.7%","93.4%","2.6%","92.1%","97.4%","","1.3%","93.4%","5.3%","2.6%","3.9%","0.0%","0.0%","0.0%"
"Northampton","Nazareth Area HS","12th Grade","418","98.1%","97.6%","98.1%","98.3%","0.5%","97.6%","97.4%","","0.0%","96.2%","0.5%","2.9%","1.7%","0.0%","0.0%","0.0%"
"Northampton","Nazareth Area MS","7th Grade","385","97.7%","97.4%","97.1%","97.9%","0.0%","97.1%","94.8%","94.3%","","","0.5%","2.1%","3.9%","0.0%","0.0%","0.3%"
"Northampton","Nitschmann MS","7th Grade","249","99.2%","98.4%","99.6%","100.0%","0.4%","97.6%","95.2%","95.2%","","","1.2%","1.2%","4.8%","0.0%","0.0%","0.0%"
"Northampton","Northampton Area HS","12th Grade","483","97.7%","97.3%","97.1%","97.7%","0.8%","94.6%","96.7%","","0.6%","91.5%","0.6%","5.2%","2.7%","0.6%","0.0%","0.2%"
"Northampton","Northampton Area MS","7th Grade","382","99.2%","99.2%","98.7%","99.2%","0.0%","99.2%","95.8%","96.1%","","","0.5%","2.6%","1.0%","0.0%","0.0%","0.0%"
"Northampton","Northeast MS","7th Grade","244","99.2%","98.8%","98.8%","99.2%","0.0%","98.4%","96.3%","95.9%","","","0.8%","2.0%","1.6%","0.0%","0.8%","0.8%"
"Northampton","Notre Dame High School","12th Grade","117","99.1%","99.1%","99.1%","99.1%","0.0%","99.1%","99.1%","","0.0%","90.6%","0.0%","0.9%","0.0%","0.0%","0.0%","8.5%"
"Northampton","Our Lady of Perpetual Help","Kindergarten","24","75.0%","75.0%","75.0%","87.5%","0.0%","75.0%","","","","","0.0%","12.5%","0.0%","0.0%","0.0%","12.5%"
"Northampton","Our Lady of Perpetual Help","7th Grade","31","96.8%","96.8%","96.8%","96.8%","0.0%","96.8%","93.5%","96.8%","","","0.0%","3.2%","0.0%","0.0%","0.0%","3.2%"
"Northampton","Palmer El Sch","Kindergarten","75","98.7%","98.7%","98.7%","98.7%","0.0%","98.7%","","","","","0.0%","0.0%","1.3%","1.3%","0.0%","0.0%"
"Northampton","Paxinosa El Sch","Kindergarten","81","88.9%","88.9%","92.6%","91.4%","0.0%","91.4%","","","","","0.0%","2.5%","1.2%","7.4%","0.0%","0.0%"
"Northampton","Pen Argyl Area HS","12th Grade","119","95.8%","95.8%","95.8%","95.8%","1.7%","94.1%","95.8%","","0.8%","43.7%","0.8%","3.4%","0.0%","0.0%","0.0%","52.1%"
"Northampton","Plainfield El Sch","Kindergarten","119","97.5%","97.5%","98.3%","98.3%","0.0%","98.3%","","","","","0.0%","0.0%","2.5%","0.0%","0.0%","2.5%"
"Northampton","Saucon Valley El Sch","Kindergarten","150","94.0%","94.0%","96.7%","96.7%","0.0%","96.7%","","","","","0.0%","0.0%","4.7%","1.3%","0.0%","0.0%"
"Northampton","Saucon Valley MS","7th Grade","144","99.3%","99.3%","98.6%","99.3%","2.1%","96.5%","97.9%","97.9%","","","0.0%","0.7%","1.4%","0.0%","0.0%","0.0%"
"Northampton","Saucon Valley SHS","12th Grade","154","98.1%","98.1%","98.1%","97.4%","0.6%","97.4%","95.5%","","0.6%","94.2%","0.0%","0.6%","4.5%","0.0%","0.0%","1.3%"
"Northampton","Shafer El Sch","Kindergarten","107","93.5%","93.5%","94.4%","95.3%","0.0%","93.5%","","","","","0.9%","0.0%","4.7%","1.9%","0.0%","0.0%"
"Northampton","Shawnee El Sch","Kindergarten","93","95.7%","95.7%","97.8%","98.9%","0.0%","96.8%","","","","","0.0%","1.1%","4.3%","1.1%","0.0%","0.0%"
"Northampton","Spring Garden El Sch","Kindergarten","73","97.3%","97.3%","97.3%","95.9%","0.0%","97.3%","","","","","0.0%","1.4%","2.7%","0.0%","0.0%","0.0%"
"Northampton","St Anne School","Kindergarten","34","85.3%","85.3%","91.2%","94.1%","0.0%","91.2%","","","","","0.0%","0.0%","0.0%","0.0%","0.0%","14.7%"
"Northampton","St Anne School","7th Grade","25","88.0%","88.0%","88.0%","88.0%","0.0%","88.0%","84.0%","84.0%","","","0.0%","12.0%","0.0%","0.0%","0.0%","4.0%"
"Northampton","St Jane Frances School","Kindergarten","38","94.7%","94.7%","94.7%","94.7%","0.0%","92.1%","","","","","0.0%","7.9%","0.0%","0.0%","0.0%","0.0%"
"Northampton","St Jane Frances School","7th Grade","35","97.1%","97.1%","97.1%","97.1%","0.0%","97.1%","94.3%","91.4%","","","0.0%","17.1%","0.0%","0.0%","0.0%","0.0%"
"Northampton","St John Chrysostom Academy","7th Grade","7","","","","","","","","","","","","","","","",""
"Northampton","St John Chrysostom Academy","12th Grade","2","","","","","","","","","","","","","","","",""
"Northampton","Thomas Jefferson El Sch","Kindergarten","24","100.0%","100.0%","100.0%","100.0%","0.0%","100.0%","","","","","0.0%","0.0%","0.0%","0.0%","0.0%","0.0%"
"Northampton","Tracy El Sch","Kindergarten","68","92.6%","94.1%","94.1%","97.1%","0.0%","94.1%","","","","","1.5%","1.5%","4.4%","0.0%","0.0%","0.0%"
"Northampton","William Penn El Sch","Kindergarten","35","94.3%","94.3%","94.3%","94.3%","0.0%","94.3%","","","","","0.0%","0.0%","5.7%","0.0%","0.0%","0.0%"
"Northampton","Williams Township El Sch","Kindergarten","40","100.0%","100.0%","95.0%","100.0%","0.0%","95.0%","","","","","2.5%","2.5%","0.0%","0.0%","0.0%","0.0%"
"Northampton","Wilson Area HS","12th Grade","196","99.0%","99.0%","99.5%","99.5%","0.0%","99.0%","99.0%","","5.6%","94.4%","3.1%","4.6%","2.6%","0.0%","0.0%","0.0%"
"Northampton","Wilson Area Intermediate Sch","7th Grade","190","97.4%","97.4%","97.4%","97.4%","0.0%","97.4%","96.8%","96.8%","","","0.0%","1.6%","1.1%","0.0%","0.0%","0.5%"
"Northampton","Wilson Borough El Sch","Kindergarten","42","100.0%","100.0%","100.0%","100.0%","0.0%","100.0%","","","","","0.0%","0.0%","0.0%","0.0%","0.0%","0.0%"
"Northampton","Wind Gap MS","7th Grade","105","69.5%","69.5%","69.5%","97.1%","0.0%","97.1%","69.5%","69.5%","","","0.0%","0.0%","2.9%","0.0%","0.0%","27.6%"
"Northumberland","Augustaville Amish Parochial School","7th Grade","5","","","","","","","","","","","","","","","",""
"Northumberland","Buck Hollow Amish School","7th Grade","2","","","","","","","","","","","","","","","",""
"Northumberland","Cherrytown School","7th Grade","1","","","","","","","","","","","","","","","",""
"Northumberland","James F Baugher El Sch","Kindergarten","148","93.9%","94.6%","93.9%","93.9%","0.0%","94.6%","","","","","0.0%","2.7%","2.7%","2.0%","0.0%","0.0%"
"Northumberland","Keefertown Parochial School","7th Grade","1","","","","","","","","","","","","","","","",""
"Northumberland","Line Mountain El Sch","Kindergarten","65","84.6%","81.5%","80.0%","83.1%","0.0%","83.1%","","","","","0.0%","9.2%","1.5%","7.7%","0.0%","0.0%"
"Northumberland","Line Mountain HS","12th Grade","104","96.2%","96.2%","96.2%","97.1%","0.0%","95.2%","94.2%","","0.0%","93.3%","0.0%","4.8%","2.9%","0.0%","0.0%","1.0%"
"Northumberland","Line Mountain MS","7th Grade","83","94.0%","94.0%","94.0%","94.0%","0.0%","94.0%","94.0%","94.0%","","","0.0%","6.0%","0.0%","0.0%","0.0%","0.0%"
"Northumberland","Maranatha Christian School","Kindergarten","13","","","","","","","","","","","","","","","",""
"Northumberland","Maranatha Christian School","7th Grade","11","","","","","","","","","","","","","","","",""
"Northumberland","Maranatha Christian School","12th Grade","6","","","","","","","","","","","","","","","",""
"Northumberland","Meadowbrook Christian School","Kindergarten","30","43.3%","43.3%","43.3%","43.3%","0.0%","43.3%","","","","","0.0%","10.0%","0.0%","0.0%","0.0%","46.7%"
"Northumberland","Meadowbrook Christian School","7th Grade","26","69.2%","69.2%","69.2%","69.2%","0.0%","69.2%","34.6%","30.8%","","","0.0%","7.7%","0.0%","0.0%","0.0%","65.4%"
"Northumberland","Meadowbrook Christian School","12th Grade","14","","","","","","","","","","","","","","","",""
"Northumberland","Meadowview Christian Academy","Kindergarten","11","","","","","","","","","","","","","","","",""
"Northumberland","Meadowview Christian Academy","7th Grade","2","","","","","","","","","","","","","","","",""
"Northumberland","Milton Area MS","7th Grade","174","94.3%","93.7%","93.7%","94.3%","0.0%","93.7%","90.2%","90.2%","","","0.0%","6.3%","2.3%","1.1%","0.0%","0.0%"
"Northumberland","Milton HS","12th Grade","167","96.4%","97.0%","97.6%","98.2%","0.0%","97.6%","95.8%","","1.2%","90.4%","1.2%","3.6%","4.2%","0.6%","0.0%","0.0%"
"Northumberland","Mount Carmel Area El Sch","Kindergarten","95","93.7%","92.6%","93.7%","95.8%","0.0%","93.7%","","","","","0.0%","1.1%","3.2%","2.1%","0.0%","1.1%"
"Northumberland","Mount Carmel Area HS","12th Grade","117","99.1%","100.0%","100.0%","100.0%","0.0%","100.0%","100.0%","","1.7%","96.6%","0.9%","0.0%","2.6%","0.0%","0.0%","0.0%"
"Northumberland","Mount Carmel Area JH","7th Grade","96","99.0%","99.0%","99.0%","99.0%","0.0%","99.0%","95.8%","95.8%","","","0.0%","0.0%","4.2%","1.0%","0.0%","0.0%"
"Northumberland","Northumberland Christian School","Kindergarten","24","79.2%","70.8%","70.8%","75.0%","0.0%","70.8%","","","","","0.0%","29.2%","0.0%","0.0%","0.0%","0.0%"
"Northumberland","Northumberland Christian School","7th Grade","14","","","","","","","","","","","","","","","",""
"Northumberland","Northumberland Christian School","12th Grade","19","","","","","","","","","","","","","","","",""
"Northumberland","Oaklyn Sch","Kindergarten","123","92.7%","92.7%","93.5%","90.2%","0.0%","89.4%","","","","","2.4%","4.1%","7.3%","0.8%","0.0%","0.8%"
"Northumberland","Our Lady of Lourdes Regional School","Kindergarten","27","96.3%","96.3%","96.3%","96.3%","0.0%","96.3%","","","","","0.0%","3.7%","0.0%","0.0%","0.0%","0.0%"
"Northumberland","Our Lady of Lourdes Regional School","7th Grade","19","","","","","","","","","","","","","","","",""
"Northumberland","Our Lady of Lourdes Regional School","12th Grade","25","100.0%","100.0%","100.0%","100.0%","0.0%","100.0%","100.0%","","0.0%","100.0%","0.0%","0.0%","0.0%","0.0%","0.0%","0.0%"
"Northumberland","Pleasant View Parochial School","7th Grade","2","","","","","","","","","","","","","","","",""
"Northumberland","Priestley Sch","Kindergarten","79","96.2%","97.5%","97.5%","98.7%","0.0%","98.7%","","","","","1.3%","6.3%","0.0%","3.8%","0.0%","0.0%"
"Northumberland","Robinwood Day Care Ctr Inc","Kindergarten","3","","","","","","","","","","","","","","","",""
"Northumberland","Schwaben Creek School","7th Grade","5","","","","","","","","","","","","","","","",""
"Northumberland","Shamokin Area El Sch","Kindergarten","178","92.7%","94.9%","93.3%","97.2%","0.0%","90.4%","","","","","0.0%","0.0%","0.6%","0.0%","0.0%","11.8%"
"Northumberland","Shamokin Area HS","12th Grade","145","100.0%","100.0%","100.0%","100.0%","0.0%","100.0%","100.0%","","2.1%","92.4%","0.0%","2.1%","0.0%","0.0%","0.0%","10.3%"
"Northumberland","Shamokin Area MS","7th Grade","169","94.7%","94.7%","94.7%","95.3%","0.0%","94.7%","92.3%","91.1%","","","0.0%","1.8%","0.0%","0.0%","0.0%","8.3%"
"Northumberland","Shikellamy HS","12th Grade","233","97.4%","96.6%","97.4%","95.7%","0.0%","97.4%","97.0%","","0.0%","93.6%","2.1%","4.3%","3.0%","0.4%","0.0%","0.0%"
"Northumberland","Shikellamy MS","7th Grade","194","88.7%","88.7%","88.7%","88.7%","0.0%","88.7%","87.6%","87.6%","","","3.1%","3.6%","4.6%","1.0%","0.0%","0.5%"
"Northumberland","Spring View Amish School","7th Grade","3","","","","","","","","","","","","","","","",""
"Northumberland","St Louis de Montfort Academy","7th Grade","2","","","","","","","","","","","","","","","",""
"Northumberland","St Louis de Montfort Academy","12th Grade","5","","","","","","","","","","","","","","","",""
"Northumberland","Sunny Crest School","7th Grade","1","","","","","","","","","","","","","","","",""
"Northumberland","Sunny Knoll Amish School","7th Grade","6","","","","","","","","","","","","","","","",""
"Northumberland","Sunrise View School","7th Grade","4","","","","","","","","","","","","","","","",""
"Northumberland","Susquehanna Bible Academy","7th Grade","1","","","","","","","","","","","","","","","",""
"Northumberland","Susquehanna Bible Academy","12th Grade","2","","","","","","","","","","","","","","","",""
"Northumberland","Warrior Run El Sch","Kindergarten","97","93.8%","93.8%","93.8%","93.8%","0.0%","93.8%","","","","","0.0%","4.1%","2.1%","0.0%","0.0%","0.0%"
"Northumberland","Warrior Run JSHS","7th Grade","126","92.9%","93.7%","92.9%","93.7%","0.0%","92.9%","91.3%","92.1%","","","1.6%","5.6%","2.4%","0.0%","0.0%","0.0%"
"Northumberland","Warrior Run JSHS","12th Grade","118","97.5%","96.6%","96.6%","98.3%","0.0%","95.8%","96.6%","","1.7%","94.1%","4.2%","2.5%","2.5%","0.0%","0.0%","0.8%"
"Northumberland","West Winds Amish School","7th Grade","1","","","","","","","","","","","","","","","",""
"Northumberland","Wild Flower Hollow Amish School","7th Grade","1","","","","","","","","","","","","","","","",""
"Perry","Blain El Sch","Kindergarten","35","94.3%","91.4%","94.3%","94.3%","0.0%","91.4%","","","","","2.9%","0.0%","2.9%","0.0%","0.0%","2.9%"
"Perry","Bowers View School","7th Grade","1","","","","","","","","","","","","","","","",""
"Perry","Carroll El Sch","Kindergarten","41","90.2%","92.7%","92.7%","92.7%","0.0%","90.2%","","","","","0.0%","2.4%","4.9%","2.4%","0.0%","0.0%"
"Perry","Clarks Run Parochial School","7th Grade","5","","","","","","","","","","","","","","","",""
"Perry","Creekwood Amish School","7th Grade","1","","","","","","","","","","","","","","","",""
"Perry","Farm Lane School","7th Grade","2","","","","","","","","","","","","","","","",""
"Perry","Fowlers Hollow Amish School","7th Grade","4","","","","","","","","","","","","","","","",""
"Perry","Greenwood El Sch","Kindergarten","59","91.5%","91.5%","91.5%","91.5%","0.0%","91.5%","","","","","0.0%","5.1%","1.7%","1.7%","0.0%","0.0%"
"Perry","Greenwood HS","12th Grade","63","100.0%","100.0%","100.0%","100.0%","4.8%","92.1%","100.0%","","1.6%","96.8%","0.0%","1.6%","1.6%","0.0%","0.0%","0.0%"
"Perry","Greenwood MS","7th Grade","65","96.9%","96.9%","95.4%","96.9%","0.0%","95.4%","96.9%","95.4%","","","0.0%","3.1%","1.5%","0.0%","0.0%","0.0%"
"Perry","Heritage Christian School of West Perry","Kindergarten","2","","","","","","","","","","","","","","","",""
"Perry","Heritage Christian School of West Perry","7th Grade","4","","","","","","","","","","","","","","","",""
"Perry","Hominy Hollow School","7th Grade","3","","","","","","","","","","","","","","","",""
"Perry","Honeysuckle Ridge School","7th Grade","1","","","","","","","","","","","","","","","",""
"Perry","Liberty Valley Amish School","7th Grade","2","","","","","","","","","","","","","","","",""
"Perry","Loysville Youth Dev Ctr","12th Grade","24","95.8%","91.7%","95.8%","91.7%","0.0%","91.7%","95.8%","","41.7%","37.5%","0.0%","0.0%","0.0%","0.0%","0.0%","62.5%"
"Perry","Manassa Amish School","7th Grade","1","","","","","","","","","","","","","","","",""
"Perry","Mountain View Parochial School","7th Grade","4","","","","","","","","","","","","","","","",""
"Perry","New Bloomfield El Sch","Kindergarten","56","91.1%","91.1%","91.1%","92.9%","0.0%","91.1%","","","","","0.0%","0.0%","0.0%","1.8%","0.0%","8.9%"
"Perry","Newport El Sch","Kindergarten","89","88.8%","87.6%","86.5%","91.0%","0.0%","86.5%","","","","","3.4%","4.5%","4.5%","3.4%","0.0%","0.0%"
"Perry","Newport HS","12th Grade","78","98.7%","96.2%","98.7%","98.7%","0.0%","97.4%","100.0%","","11.5%","88.5%","5.1%","1.3%","10.3%","0.0%","0.0%","0.0%"
"Perry","Newport MS","7th Grade","54","100.0%","94.4%","98.1%","98.1%","0.0%","98.1%","92.6%","92.6%","","","3.7%","0.0%","1.9%","1.9%","0.0%","0.0%"
"Perry","Perry View Parochial School","7th Grade","5","","","","","","","","","","","","","","","",""
"Perry","Raccoon Valley Amish School","7th Grade","1","","","","","","","","","","","","","","","",""
"Perry","Rock Hollow School","7th Grade","1","","","","","","","","","","","","","","","",""
"Perry","Spring Valley Mennonite","7th Grade","3","","","","","","","","","","","","","","","",""
"Perry","Stony Point Amish School","7th Grade","2","","","","","","","","","","","","","","","",""
"Perry","Sunset Valley School","7th Grade","3","","","","","","","","","","","","","","","",""
"Perry","Susquenita El Sch","Kindergarten","111","95.5%","95.5%","95.5%","95.5%","0.0%","95.5%","","","","","0.9%","3.6%","0.0%","0.0%","0.0%","0.0%"
"Perry","Susquenita HS","12th Grade","110","99.1%","98.2%","99.1%","98.2%","0.0%","99.1%","97.3%","","0.9%","94.5%","0.0%","0.0%","4.5%","0.0%","0.0%","0.0%"
"Perry","Susquenita MS","7th Grade","127","96.9%","96.9%","96.9%","96.9%","0.0%","96.9%","96.9%","96.9%","","","0.0%","4.7%","0.0%","0.0%","0.0%","1.6%"
"Perry","Tuscaroro View School","7th Grade","2","","","","","","","","","","","","","","","",""
"Perry","West Perry MS","7th Grade","181","92.3%","92.3%","92.3%","93.9%","0.6%","91.7%","90.1%","87.3%","","","1.1%","0.0%","4.4%","0.0%","0.0%","8.3%"
"Perry","West Perry SHS","12th Grade","162","95.1%","95.1%","95.1%","95.1%","0.0%","95.1%","95.1%","","1.2%","95.1%","0.0%","0.6%","0.6%","1.9%","0.0%","4.3%"
"Perry","Whispering Pines Amish School","7th Grade","2","","","","","","","","","","","","","","","",""
"Philadelphia","ASPIRA Bilingual Cyber CS","Kindergarten","29","79.3%","79.3%","79.3%","82.8%","3.4%","79.3%","","","","","0.0%","0.0%","0.0%","6.9%","0.0%","20.7%"
"Philadelphia","ASPIRA Bilingual Cyber CS","7th Grade","61","83.6%","91.8%","93.4%","91.8%","1.6%","93.4%","85.2%","82.0%","","","0.0%","0.0%","0.0%","6.6%","0.0%","14.8%"
"Philadelphia","ASPIRA Bilingual Cyber CS","12th Grade","221","89.6%","98.2%","95.0%","94.1%","2.3%","89.1%","95.0%","","9.0%","65.2%","0.5%","0.0%","0.0%","22.2%","0.0%","29.9%"
"Philadelphia","Academy at Palumbo","12th Grade","328","99.7%","98.2%","99.1%","99.4%","0.0%","99.1%","99.7%","","6.7%","93.0%","0.3%","0.3%","0.9%","0.3%","0.0%","0.0%"
"Philadelphia","Ad Prima CS","Kindergarten","17","","","","","","","","","","","","","","","",""
"Philadelphia","Ad Prima CS","7th Grade","17","","","","","","","","","","","","","","","",""
"Philadelphia","Adaire Alexander Sch","Kindergarten","55","98.2%","98.2%","98.2%","98.2%","0.0%","98.2%","","","","","0.0%","0.0%","1.8%","0.0%","0.0%","0.0%"
"Philadelphia","Adaire Alexander Sch","7th Grade","42","97.6%","100.0%","100.0%","97.6%","0.0%","97.6%","95.2%","95.2%","","","0.0%","0.0%","2.4%","2.4%","0.0%","0.0%"
"Philadelphia","Al Aqsa Islamic School","Kindergarten","20","95.0%","95.0%","95.0%","95.0%","0.0%","95.0%","","","","","0.0%","0.0%","0.0%","0.0%","0.0%","5.0%"
"Philadelphia","Al Aqsa Islamic School","7th Grade","30","100.0%","100.0%","100.0%","100.0%","0.0%","100.0%","76.7%","76.7%","","","0.0%","0.0%","0.0%","0.0%","0.0%","23.3%"
"Philadelphia","Al Aqsa Islamic School","12th Grade","18","","","","","","","","","","","","","","","",""
"Philadelphia","All Saints Episcopal School","Kindergarten","11","","","","","","","","","","","","","","","",""
"Philadelphia","Allen Dr Ethel Sch","Kindergarten","32","96.9%","96.9%","96.9%","96.9%","0.0%","96.9%","","","","","0.0%","3.1%","0.0%","3.1%","0.0%","0.0%"
"Philadelphia","Allen Dr Ethel Sch","7th Grade","39","100.0%","100.0%","100.0%","100.0%","0.0%","100.0%","94.9%","94.9%","","","0.0%","2.6%","2.6%","0.0%","0.0%","0.0%"
"Philadelphia","Allen Ethan Sch","Kindergarten","94","100.0%","96.8%","98.9%","98.9%","0.0%","96.8%","","","","","0.0%","0.0%","0.0%","2.1%","0.0%","3.2%"
"Philadelphia","Allen Ethan Sch","7th Grade","116","92.2%","90.5%","91.4%","96.6%","0.0%","89.7%","76.7%","75.9%","","","0.0%","0.0%","0.0%","1.7%","0.0%","25.0%"
"Philadelphia","Alliance for Progress CS","Kindergarten","76","92.1%","97.4%","93.4%","97.4%","0.0%","92.1%","","","","","0.0%","0.0%","0.0%","0.0%","0.0%","7.9%"
"Philadelphia","Alliance for Progress CS","7th Grade","66","100.0%","100.0%","100.0%","100.0%","0.0%","100.0%","90.9%","90.9%","","","0.0%","3.0%","0.0%","0.0%","0.0%","6.1%"
"Philadelphia","Alpha House Nursery & Kdg","Kindergarten","22","95.5%","95.5%","95.5%","95.5%","0.0%","95.5%","","","","","0.0%","4.5%","0.0%","0.0%","0.0%","0.0%"
"Philadelphia","Amy At Martin","7th Grade","66","98.5%","98.5%","98.5%","98.5%","0.0%","98.5%","98.5%","98.5%","","","1.5%","0.0%","0.0%","0.0%","0.0%","0.0%"
"Philadelphia","Amy NW","7th Grade","55","100.0%","100.0%","100.0%","100.0%","0.0%","100.0%","94.5%","94.5%","","","0.0%","0.0%","0.0%","0.0%","0.0%","5.5%"
"Philadelphia","Anderson Add B Sch","Kindergarten","36","88.9%","88.9%","91.7%","88.9%","0.0%","91.7%","","","","","0.0%","0.0%","8.3%","2.8%","0.0%","0.0%"
"Philadelphia","Anderson Add B Sch","7th Grade","25","100.0%","100.0%","100.0%","100.0%","0.0%","100.0%","100.0%","100.0%","","","0.0%","0.0%","0.0%","0.0%","0.0%","0.0%"
"Philadelphia","Antonia Pantoja Community CS","Kindergarten","72","94.4%","95.8%","95.8%","98.6%","0.0%","95.8%","","","","","0.0%","0.0%","1.4%","0.0%","0.0%","4.2%"
"Philadelphia","Antonia Pantoja Community CS","7th Grade","75","92.0%","98.7%","98.7%","98.7%","0.0%","98.7%","92.0%","90.7%","","","0.0%","0.0%","1.3%","0.0%","0.0%","9.3%"
"Philadelphia","Archbishop Ryan High School","12th Grade","227","99.6%","99.6%","99.6%","99.6%","0.4%","99.6%","99.6%","","0.0%","99.6%","0.0%","0.0%","0.0%","0.0%","0.0%","0.4%"
"Philadelphia","Arts Academy at Benjamin Rush","12th Grade","140","99.3%","99.3%","99.3%","99.3%","1.4%","98.6%","98.6%","","96.4%","3.6%","0.7%","0.7%","0.0%","0.0%","0.0%","2.1%"
"Philadelphia","Bache-Martin Sch","Kindergarten","85","96.5%","97.6%","97.6%","98.8%","1.2%","96.5%","","","","","0.0%","0.0%","2.4%","2.4%","0.0%","0.0%"
"Philadelphia","Bache-Martin Sch","7th Grade","45","95.6%","97.8%","100.0%","95.6%","0.0%","100.0%","88.9%","91.1%","","","0.0%","0.0%","2.2%","2.2%","0.0%","6.7%"
"Philadelphia","Baldi C C A MS","7th Grade","440","97.7%","97.7%","98.0%","96.8%","13.9%","83.6%","85.0%","84.3%","","","0.0%","0.7%","2.3%","1.4%","0.0%","13.4%"
"Philadelphia","Barry Comm John Sch","Kindergarten","57","98.2%","98.2%","98.2%","100.0%","0.0%","98.2%","","","","","0.0%","1.8%","1.8%","5.3%","1.8%","0.0%"
"Philadelphia","Barry Comm John Sch","7th Grade","42","100.0%","97.6%","100.0%","100.0%","2.4%","95.2%","92.9%","97.6%","","","0.0%","9.5%","2.4%","0.0%","0.0%","0.0%"
"Philadelphia","Barton Clara Sch","Kindergarten","135","94.1%","95.6%","97.8%","97.0%","0.0%","96.3%","","","","","0.0%","2.2%","0.7%","2.2%","0.0%","3.7%"
"Philadelphia","Bartram John - Main","12th Grade","141","97.2%","54.6%","90.1%","98.6%","0.0%","97.9%","77.3%","","41.1%","47.5%","0.0%","2.1%","1.4%","29.1%","0.0%","29.1%"
"Philadelphia","Belmont CS","Kindergarten","85","98.8%","98.8%","98.8%","98.8%","0.0%","98.8%","","","","","0.0%","0.0%","0.0%","0.0%","0.0%","1.2%"
"Philadelphia","Belmont CS","7th Grade","66","100.0%","100.0%","100.0%","100.0%","0.0%","98.5%","97.0%","97.0%","","","0.0%","0.0%","0.0%","0.0%","0.0%","3.0%"
"Philadelphia","Belmont CS","12th Grade","54","100.0%","100.0%","100.0%","100.0%","0.0%","100.0%","100.0%","","0.0%","98.1%","0.0%","0.0%","0.0%","0.0%","0.0%","1.9%"
"Philadelphia","Bethune Mary McLeod Sch","Kindergarten","32","81.2%","81.2%","87.5%","87.5%","0.0%","87.5%","","","","","0.0%","9.4%","6.2%","3.1%","0.0%","0.0%"
"Philadelphia","Bethune Mary McLeod Sch","7th Grade","33","100.0%","100.0%","100.0%","100.0%","0.0%","100.0%","100.0%","100.0%","","","0.0%","0.0%","0.0%","0.0%","0.0%","0.0%"
"Philadelphia","Beulah Baptist Christian Day Sch","Kindergarten","13","","","","","","","","","","","","","","","",""
"Philadelphia","Beulah Baptist Christian Day Sch","7th Grade","5","","","","","","","","","","","","","","","",""
"Philadelphia","Blaine James G Sch","Kindergarten","33","81.8%","69.7%","87.9%","93.9%","0.0%","84.8%","","","","","0.0%","6.1%","3.0%","9.1%","0.0%","12.1%"
"Philadelphia","Blaine James G Sch","7th Grade","42","100.0%","97.6%","100.0%","97.6%","0.0%","100.0%","83.3%","83.3%","","","2.4%","0.0%","0.0%","2.4%","0.0%","16.7%"
"Philadelphia","Blair Christian Acad & Presch","Kindergarten","5","","","","","","","","","","","","","","","",""
"Philadelphia","Blair Christian Acad & Presch","7th Grade","2","","","","","","","","","","","","","","","",""
"Philadelphia","Blankenburg Rudolph Sch","Kindergarten","25","92.0%","96.0%","92.0%","96.0%","0.0%","92.0%","","","","","0.0%","0.0%","0.0%","0.0%","0.0%","8.0%"
"Philadelphia","Blankenburg Rudolph Sch","7th Grade","29","100.0%","100.0%","100.0%","100.0%","0.0%","100.0%","72.4%","72.4%","","","0.0%","0.0%","0.0%","0.0%","0.0%","27.6%"
"Philadelphia","Bodine William W HS","12th Grade","82","100.0%","100.0%","100.0%","100.0%","0.0%","100.0%","100.0%","","0.0%","96.3%","0.0%","0.0%","2.4%","1.2%","0.0%","2.4%"
"Philadelphia","Boys Latin of Philadelphia CS","7th Grade","94","90.4%","90.4%","90.4%","90.4%","0.0%","90.4%","90.4%","90.4%","","","0.0%","7.4%","2.1%","0.0%","0.0%","0.0%"
"Philadelphia","Boys Latin of Philadelphia CS","12th Grade","89","100.0%","100.0%","100.0%","100.0%","0.0%","100.0%","100.0%","","1.1%","96.6%","0.0%","0.0%","0.0%","1.1%","0.0%","1.1%"
"Philadelphia","Bregy F Amedee Sch","Kindergarten","22","100.0%","100.0%","100.0%","100.0%","0.0%","100.0%","","","","","0.0%","0.0%","0.0%","0.0%","0.0%","0.0%"
"Philadelphia","Bregy F Amedee Sch","7th Grade","23","95.7%","95.7%","100.0%","100.0%","0.0%","91.3%","91.3%","100.0%","","","8.7%","0.0%","0.0%","0.0%","0.0%","0.0%"
"Philadelphia","Bridesburg Sch","Kindergarten","51","100.0%","94.1%","94.1%","98.0%","0.0%","92.2%","","","","","0.0%","0.0%","2.0%","0.0%","0.0%","7.8%"
"Philadelphia","Bridesburg Sch","7th Grade","76","100.0%","100.0%","98.7%","98.7%","0.0%","98.7%","84.2%","84.2%","","","0.0%","0.0%","2.6%","0.0%","0.0%","14.5%"
"Philadelphia","Bridge Way School","12th Grade","8","","","","","","","","","","","","","","","",""
"Philadelphia","Brown Henry A Sch","Kindergarten","20","100.0%","100.0%","95.0%","100.0%","0.0%","95.0%","","","","","0.0%","0.0%","0.0%","5.0%","0.0%","0.0%"
"Philadelphia","Brown Henry A Sch","7th Grade","45","97.8%","97.8%","97.8%","100.0%","0.0%","97.8%","91.1%","91.1%","","","0.0%","2.2%","0.0%","0.0%","0.0%","6.7%"
"Philadelphia","Brown Joseph H Sch","Kindergarten","49","91.8%","87.8%","91.8%","89.8%","0.0%","91.8%","","","","","2.0%","0.0%","8.2%","2.0%","0.0%","0.0%"
"Philadelphia","Brown Joseph H Sch","7th Grade","61","95.1%","90.2%","100.0%","100.0%","0.0%","100.0%","91.8%","90.2%","","","0.0%","0.0%","3.3%","1.6%","0.0%","4.9%"
"Philadelphia","Bryant William C Sch","Kindergarten","44","84.1%","84.1%","86.4%","90.9%","0.0%","86.4%","","","","","0.0%","6.8%","2.3%","2.3%","0.0%","6.8%"
"Philadelphia","Bryant William C Sch","7th Grade","36","100.0%","97.2%","100.0%","100.0%","0.0%","100.0%","77.8%","77.8%","","","0.0%","0.0%","2.8%","2.8%","0.0%","19.4%"
"Philadelphia","Building 21","12th Grade","58","100.0%","100.0%","100.0%","100.0%","0.0%","100.0%","100.0%","","22.4%","77.6%","0.0%","0.0%","0.0%","0.0%","0.0%","3.4%"
"Philadelphia","Calvary Christian Academy","Kindergarten","59","84.7%","84.7%","81.4%","86.4%","0.0%","81.4%","","","","","1.7%","16.9%","0.0%","0.0%","0.0%","0.0%"
"Philadelphia","Calvary Christian Academy","7th Grade","79","73.4%","73.4%","86.1%","84.8%","0.0%","86.1%","74.7%","75.9%","","","0.0%","26.6%","0.0%","0.0%","0.0%","0.0%"
"Philadelphia","Calvary Christian Academy","12th Grade","90","95.6%","93.3%","94.4%","95.6%","2.2%","93.3%","91.1%","","1.1%","81.1%","0.0%","17.8%","0.0%","0.0%","0.0%","0.0%"
"Philadelphia","Carnell Laura H Sch","Kindergarten","105","96.2%","99.0%","97.1%","98.1%","0.0%","97.1%","","","","","0.0%","1.0%","0.0%","0.0%","0.0%","5.7%"
"Philadelphia","Carver HS","7th Grade","33","93.9%","93.9%","93.9%","97.0%","3.0%","93.9%","90.9%","97.0%","","","6.1%","3.0%","3.0%","3.0%","0.0%","0.0%"
"Philadelphia","Carver HS","12th Grade","236","99.2%","99.2%","99.2%","100.0%","0.0%","99.2%","99.2%","","0.4%","93.2%","0.0%","1.3%","3.8%","1.3%","0.0%","1.3%"
"Philadelphia","Castor Gardens MS","7th Grade","415","99.3%","98.8%","99.3%","98.1%","2.9%","94.9%","97.1%","97.1%","","","0.2%","0.0%","0.2%","3.6%","0.0%","0.7%"
"Philadelphia","Catharine Joseph Sch","Kindergarten","65","95.4%","100.0%","96.9%","96.9%","0.0%","96.9%","","","","","0.0%","0.0%","0.0%","3.1%","0.0%","3.1%"
"Philadelphia","Cayuga School","Kindergarten","28","82.1%","75.0%","85.7%","85.7%","0.0%","82.1%","","","","","0.0%","0.0%","3.6%","0.0%","0.0%","25.0%"
"Philadelphia","Cedar Grove Chr Acad Lower Sch","Kindergarten","26","88.5%","88.5%","88.5%","92.3%","0.0%","88.5%","","","","","0.0%","0.0%","7.7%","0.0%","0.0%","3.8%"
"Philadelphia","Cedar Grove Chr Acad Lower Sch","7th Grade","35","91.4%","91.4%","91.4%","91.4%","0.0%","91.4%","82.9%","82.9%","","","0.0%","2.9%","5.7%","0.0%","0.0%","8.6%"
"Philadelphia","Cedar Grove Chr Acad Lower Sch","12th Grade","3","","","","","","","","","","","","","","","",""
"Philadelphia","Central HS","12th Grade","565","98.8%","99.5%","99.6%","99.6%","0.4%","99.1%","98.8%","","1.8%","95.4%","0.0%","1.1%","1.4%","0.2%","0.0%","0.2%"
"Philadelphia","Childs George W Sch","Kindergarten","47","93.6%","93.6%","93.6%","97.9%","0.0%","91.5%","","","","","0.0%","4.3%","0.0%","2.1%","0.0%","2.1%"
"Philadelphia","Childs George W Sch","7th Grade","49","98.0%","98.0%","100.0%","98.0%","0.0%","98.0%","98.0%","100.0%","","","0.0%","0.0%","0.0%","2.0%","0.0%","2.0%"
"Philadelphia","Christopher Columbus CS","Kindergarten","92","95.7%","95.7%","95.7%","95.7%","1.1%","94.6%","","","","","1.1%","2.2%","1.1%","0.0%","0.0%","0.0%"
"Philadelphia","Christopher Columbus CS","7th Grade","99","100.0%","100.0%","100.0%","100.0%","0.0%","100.0%","99.0%","99.0%","","","0.0%","1.0%","0.0%","0.0%","0.0%","0.0%"
"Philadelphia","City School","7th Grade","16","","","","","","","","","","","","","","","",""
"Philadelphia","City School","12th Grade","22","100.0%","100.0%","100.0%","100.0%","0.0%","100.0%","100.0%","","4.5%","95.5%","0.0%","0.0%","0.0%","0.0%","0.0%","4.5%"
"Philadelphia","City School at Fairmount","Kindergarten","20","85.0%","85.0%","100.0%","100.0%","0.0%","100.0%","","","","","0.0%","0.0%","0.0%","15.0%","0.0%","0.0%"
"Philadelphia","Clemente Roberto MS","7th Grade","95","96.8%","97.9%","100.0%","100.0%","0.0%","98.9%","83.2%","86.3%","","","0.0%","0.0%","0.0%","0.0%","0.0%","18.9%"
"Philadelphia","Comegys Benjamin B Sch","Kindergarten","22","95.5%","95.5%","95.5%","95.5%","0.0%","95.5%","","","","","0.0%","0.0%","4.5%","0.0%","0.0%","0.0%"
"Philadelphia","Comegys Benjamin B Sch","7th Grade","28","100.0%","100.0%","100.0%","100.0%","0.0%","100.0%","96.4%","92.9%","","","0.0%","3.6%","0.0%","0.0%","0.0%","3.6%"
"Philadelphia","Comly Watson Sch","Kindergarten","114","85.1%","86.8%","88.6%","89.5%","2.6%","81.6%","","","","","0.0%","7.0%","5.3%","5.3%","0.0%","0.0%"
"Philadelphia","Community Academy of Philadelphia CS","Kindergarten","79","98.7%","98.7%","98.7%","98.7%","0.0%","98.7%","","","","","0.0%","0.0%","1.3%","0.0%","0.0%","1.3%"
"Philadelphia","Community Academy of Philadelphia CS","7th Grade","63","100.0%","100.0%","100.0%","100.0%","0.0%","100.0%","90.5%","90.5%","","","0.0%","0.0%","3.2%","1.6%","0.0%","9.5%"
"Philadelphia","Community Academy of Philadelphia CS","12th Grade","132","97.0%","97.0%","97.0%","97.7%","1.5%","95.5%","100.0%","","0.8%","87.1%","0.0%","0.8%","0.8%","0.0%","0.0%","14.4%"
"Philadelphia","Community Council Learning Academy","7th Grade","7","","","","","","","","","","","","","","","",""
"Philadelphia","Community Council Learning Academy","12th Grade","1","","","","","","","","","","","","","","","",""
"Philadelphia","Community Partnership School","Kindergarten","18","","","","","","","","","","","","","","","",""
"Philadelphia","Constitution HS","12th Grade","95","100.0%","100.0%","100.0%","100.0%","0.0%","100.0%","100.0%","","0.0%","92.6%","0.0%","2.1%","0.0%","5.3%","0.0%","0.0%"
"Philadelphia","Conwell Russell MS","7th Grade","23","100.0%","100.0%","100.0%","100.0%","4.3%","95.7%","95.7%","95.7%","","","4.3%","0.0%","4.3%","0.0%","0.0%","0.0%"
"Philadelphia","Cook-Wissahickon Sch","Kindergarten","49","95.9%","98.0%","95.9%","98.0%","2.0%","93.9%","","","","","0.0%","0.0%","8.2%","0.0%","0.0%","0.0%"
"Philadelphia","Cook-Wissahickon Sch","7th Grade","47","97.9%","97.9%","100.0%","100.0%","0.0%","100.0%","97.9%","97.9%","","","0.0%","2.1%","8.5%","0.0%","0.0%","0.0%"
"Philadelphia","Cooke Jay MS","Kindergarten","47","89.4%","93.6%","93.6%","93.6%","0.0%","93.6%","","","","","0.0%","0.0%","0.0%","0.0%","0.0%","12.8%"
"Philadelphia","Cooke Jay MS","7th Grade","54","98.1%","98.1%","98.1%","98.1%","0.0%","98.1%","75.9%","75.9%","","","0.0%","0.0%","0.0%","0.0%","0.0%","25.9%"
"Philadelphia","Cornerstone Christian Academy","Kindergarten","16","","","","","","","","","","","","","","","",""
"Philadelphia","Cornerstone Christian Academy","7th Grade","15","","","","","","","","","","","","","","","",""
"Philadelphia","Cramp William Sch","Kindergarten","55","90.9%","89.1%","100.0%","94.5%","0.0%","98.2%","","","","","0.0%","5.5%","1.8%","3.6%","0.0%","3.6%"
"Philadelphia","Creative and Performing Arts","12th Grade","185","97.3%","97.3%","97.3%","97.3%","0.5%","96.8%","97.3%","","0.0%","97.3%","0.0%","2.7%","0.0%","0.0%","0.0%","0.0%"
"Philadelphia","Crefeld School","7th Grade","4","","","","","","","","","","","","","","","",""
"Philadelphia","Crefeld School","12th Grade","20","95.0%","95.0%","95.0%","95.0%","0.0%","95.0%","95.0%","","0.0%","85.0%","0.0%","0.0%","5.0%","0.0%","0.0%","10.0%"
"Philadelphia","Cristo Rey Philadelphia High School","12th Grade","123","100.0%","100.0%","98.4%","100.0%","0.0%","98.4%","98.4%","","1.6%","85.4%","0.0%","0.0%","0.0%","11.4%","0.0%","1.6%"
"Philadelphia","Crossan Kennedy C Sch","Kindergarten","58","94.8%","94.8%","93.1%","96.6%","0.0%","91.4%","","","","","0.0%","3.4%","0.0%","3.4%","0.0%","3.4%"
"Philadelphia","Day Anna B Sch","Kindergarten","41","85.4%","90.2%","90.2%","95.1%","0.0%","90.2%","","","","","0.0%","2.4%","0.0%","4.9%","0.0%","7.3%"
"Philadelphia","Day Anna B Sch","7th Grade","37","100.0%","100.0%","100.0%","100.0%","0.0%","100.0%","83.8%","86.5%","","","0.0%","0.0%","0.0%","0.0%","0.0%","16.2%"
"Philadelphia","DeBurgos Bilingual Magnet MS","Kindergarten","40","90.0%","90.0%","95.0%","95.0%","0.0%","95.0%","","","","","0.0%","0.0%","2.5%","2.5%","0.0%","5.0%"
"Philadelphia","DeBurgos Bilingual Magnet MS","7th Grade","78","97.4%","97.4%","97.4%","100.0%","0.0%","97.4%","94.9%","94.9%","","","0.0%","0.0%","2.6%","1.3%","0.0%","5.1%"
"Philadelphia","DePaul Catholic School","Kindergarten","43","100.0%","100.0%","100.0%","100.0%","0.0%","100.0%","","","","","0.0%","0.0%","0.0%","0.0%","0.0%","18.6%"
"Philadelphia","DePaul Catholic School","7th Grade","27","100.0%","100.0%","100.0%","100.0%","0.0%","100.0%","77.8%","77.8%","","","0.0%","0.0%","0.0%","0.0%","0.0%","22.2%"
"Philadelphia","Decatur Stephen Sch","Kindergarten","109","94.5%","94.5%","95.4%","95.4%","0.0%","93.6%","","","","","0.0%","2.8%","1.8%","0.0%","0.0%","1.8%"
"Philadelphia","Decatur Stephen Sch","7th Grade","133","94.7%","98.5%","100.0%","96.2%","9.0%","90.2%","88.7%","90.2%","","","0.0%","0.8%","3.0%","0.0%","0.0%","9.8%"
"Philadelphia","Deep Roots CS","Kindergarten","43","93.0%","93.0%","88.4%","97.7%","0.0%","88.4%","","","","","0.0%","0.0%","0.0%","0.0%","0.0%","11.6%"
"Philadelphia","Delta School","7th Grade","8","","","","","","","","","","","","","","","",""
"Philadelphia","Delta School","12th Grade","8","","","","","","","","","","","","","","","",""
"Philadelphia","Dick William Sch","Kindergarten","28","85.7%","85.7%","89.3%","89.3%","0.0%","89.3%","","","","","0.0%","0.0%","0.0%","0.0%","0.0%","14.3%"
"Philadelphia","Dick William Sch","7th Grade","44","97.7%","88.6%","97.7%","100.0%","0.0%","97.7%","81.8%","79.5%","","","0.0%","2.3%","0.0%","0.0%","0.0%","18.2%"
"Philadelphia","Discovery CS","Kindergarten","62","82.3%","80.6%","80.6%","85.5%","0.0%","80.6%","","","","","0.0%","0.0%","0.0%","0.0%","0.0%","22.6%"
"Philadelphia","Discovery CS","7th Grade","73","86.3%","80.8%","87.7%","87.7%","0.0%","87.7%","86.3%","80.8%","","","0.0%","0.0%","1.4%","0.0%","0.0%","30.1%"
"Philadelphia","Disston Hamilton Sch","Kindergarten","80","85.0%","92.5%","91.2%","92.5%","0.0%","90.0%","","","","","0.0%","1.2%","0.0%","0.0%","0.0%","15.0%"
"Philadelphia","Disston Hamilton Sch","7th Grade","91","96.7%","96.7%","97.8%","98.9%","0.0%","96.7%","76.9%","74.7%","","","0.0%","0.0%","0.0%","0.0%","0.0%","26.4%"
"Philadelphia","Dobbins AVT HS","12th Grade","119","100.0%","100.0%","100.0%","100.0%","0.0%","100.0%","100.0%","","100.0%","0.0%","0.8%","1.7%","0.0%","0.0%","0.0%","0.0%"
"Philadelphia","Dobson James Sch","Kindergarten","34","91.2%","91.2%","91.2%","91.2%","0.0%","91.2%","","","","","2.9%","5.9%","0.0%","0.0%","0.0%","0.0%"
"Philadelphia","Dobson James Sch","7th Grade","20","100.0%","100.0%","100.0%","100.0%","0.0%","100.0%","95.0%","95.0%","","","0.0%","5.0%","0.0%","0.0%","0.0%","0.0%"
"Philadelphia","Duckrey Tanner Sch","Kindergarten","51","94.1%","96.1%","94.1%","96.1%","0.0%","94.1%","","","","","0.0%","0.0%","0.0%","0.0%","0.0%","9.8%"
"Philadelphia","Duckrey Tanner Sch","7th Grade","39","97.4%","97.4%","97.4%","97.4%","0.0%","100.0%","89.7%","89.7%","","","0.0%","0.0%","0.0%","0.0%","0.0%","10.3%"
"Philadelphia","Dunbar Paul L Sch","Kindergarten","19","","","","","","","","","","","","","","","",""
"Philadelphia","Dunbar Paul L Sch","7th Grade","20","100.0%","100.0%","100.0%","100.0%","0.0%","100.0%","100.0%","100.0%","","","0.0%","0.0%","0.0%","0.0%","0.0%","0.0%"
"Philadelphia","Easter Seals of Southeastern Pa","Kindergarten","12","","","","","","","","","","","","","","","",""
"Philadelphia","Edison HS/Fareira Skills","12th Grade","221","100.0%","99.5%","100.0%","99.5%","0.0%","100.0%","99.5%","","6.8%","91.9%","0.0%","0.5%","0.5%","0.0%","0.0%","7.2%"
"Philadelphia","Elkin Lewis Sch","Kindergarten","91","95.6%","89.0%","92.3%","98.9%","0.0%","90.1%","","","","","0.0%","0.0%","0.0%","1.1%","0.0%","11.0%"
"Philadelphia","Ellwood Sch","Kindergarten","54","90.7%","85.2%","85.2%","94.4%","0.0%","87.0%","","","","","0.0%","7.4%","7.4%","1.9%","0.0%","0.0%"
"Philadelphia","Emlen Eleanor C Sch","Kindergarten","40","80.0%","80.0%","80.0%","87.5%","0.0%","80.0%","","","","","0.0%","2.5%","10.0%","5.0%","0.0%","2.5%"
"Philadelphia","Esperanza Academy CS","Kindergarten","124","98.4%","99.2%","97.6%","99.2%","0.0%","97.6%","","","","","0.0%","0.0%","0.8%","0.0%","0.0%","1.6%"
"Philadelphia","Esperanza Academy CS","7th Grade","240","100.0%","99.6%","99.6%","99.2%","0.0%","98.8%","95.8%","94.2%","","","0.0%","0.0%","0.4%","0.0%","0.0%","7.5%"
"Philadelphia","Esperanza Academy CS","12th Grade","197","100.0%","99.0%","99.5%","98.5%","0.0%","98.5%","99.0%","","0.0%","86.8%","0.0%","0.0%","0.0%","0.0%","0.0%","13.2%"
"Philadelphia","Esperanza Cyber CS","Kindergarten","10","","","","","","","","","","","","","","","",""
"Philadelphia","Esperanza Cyber CS","7th Grade","67","94.0%","91.0%","91.0%","92.5%","0.0%","82.1%","77.6%","76.1%","","","0.0%","3.0%","0.0%","20.9%","0.0%","0.0%"
"Philadelphia","Esperanza Cyber CS","12th Grade","182","94.5%","94.5%","94.5%","94.5%","0.5%","94.5%","94.5%","","7.1%","90.7%","0.0%","0.0%","0.0%","4.4%","0.0%","1.1%"
"Philadelphia","Eugenio Maria DE Hostos CS","Kindergarten","105","95.2%","95.2%","97.1%","98.1%","0.0%","96.2%","","","","","0.0%","0.0%","2.9%","0.0%","0.0%","2.9%"
"Philadelphia","Eugenio Maria DE Hostos CS","7th Grade","41","92.7%","100.0%","100.0%","100.0%","0.0%","100.0%","92.7%","90.2%","","","0.0%","0.0%","0.0%","0.0%","0.0%","9.8%"
"Philadelphia","Faith Tabernacle School","7th Grade","7","","","","","","","","","","","","","","","",""
"Philadelphia","Faith Tabernacle School","12th Grade","13","","","","","","","","","","","","","","","",""
"Philadelphia","Fanny Jackson Coppin Sch","Kindergarten","64","98.4%","98.4%","98.4%","98.4%","0.0%","98.4%","","","","","0.0%","1.6%","0.0%","0.0%","0.0%","0.0%"
"Philadelphia","Fanny Jackson Coppin Sch","7th Grade","66","98.5%","98.5%","98.5%","100.0%","0.0%","98.5%","95.5%","95.5%","","","0.0%","1.5%","1.5%","0.0%","0.0%","1.5%"
"Philadelphia","Farrell Louis H Sch","Kindergarten","119","88.2%","86.6%","86.6%","91.6%","0.0%","82.4%","","","","","0.0%","4.2%","1.7%","0.0%","0.0%","11.8%"
"Philadelphia","Farrell Louis H Sch","7th Grade","158","96.8%","94.3%","96.8%","96.8%","9.5%","83.5%","81.0%","78.5%","","","0.6%","0.0%","0.6%","1.3%","0.0%","22.8%"
"Philadelphia","Father Judge High School","12th Grade","185","100.0%","100.0%","100.0%","100.0%","0.0%","100.0%","100.0%","","96.2%","0.0%","0.0%","0.0%","0.0%","0.0%","0.0%","3.8%"
"Philadelphia","Fell D Newlin Sch","Kindergarten","47","100.0%","91.5%","93.6%","97.9%","0.0%","91.5%","","","","","0.0%","2.1%","0.0%","2.1%","0.0%","6.4%"
"Philadelphia","Fell D Newlin Sch","7th Grade","76","98.7%","98.7%","98.7%","98.7%","0.0%","96.1%","86.8%","88.2%","","","0.0%","1.3%","0.0%","2.6%","0.0%","11.8%"
"Philadelphia","Fels Samuel HS","12th Grade","327","96.0%","98.5%","96.9%","93.9%","1.5%","96.3%","98.5%","","19.3%","80.7%","1.5%","0.3%","0.6%","9.2%","0.0%","15.0%"
"Philadelphia","Feltonville Sch of Arts & Sciences","7th Grade","152","98.7%","96.1%","98.7%","99.3%","0.0%","97.4%","80.9%","80.9%","","","0.0%","0.7%","0.7%","0.7%","0.0%","24.3%"
"Philadelphia","Finletter Thomas K Sch","Kindergarten","52","98.1%","98.1%","100.0%","100.0%","0.0%","98.1%","","","","","0.0%","0.0%","0.0%","3.8%","0.0%","3.8%"
"Philadelphia","Finletter Thomas K Sch","7th Grade","84","95.2%","97.6%","97.6%","97.6%","0.0%","97.6%","88.1%","89.3%","","","0.0%","2.4%","0.0%","0.0%","0.0%","13.1%"
"Philadelphia","First Century Gospel School","Kindergarten","9","","","","","","","","","","","","","","","",""
"Philadelphia","First Century Gospel School","7th Grade","18","","","","","","","","","","","","","","","",""
"Philadelphia","First Philadelphia Preparatory CS","Kindergarten","141","95.0%","95.0%","95.7%","97.2%","0.0%","96.5%","","","","","0.0%","3.5%","1.4%","0.7%","0.0%","0.7%"
"Philadelphia","First Philadelphia Preparatory CS","7th Grade","175","100.0%","100.0%","100.0%","100.0%","0.0%","100.0%","90.3%","87.4%","","","0.0%","0.0%","0.0%","0.6%","0.0%","12.6%"
"Philadelphia","First Philadelphia Preparatory CS","12th Grade","89","98.9%","98.9%","100.0%","98.9%","0.0%","100.0%","97.8%","","0.0%","78.7%","1.1%","0.0%","0.0%","1.1%","0.0%","22.5%"
"Philadelphia","Fitler Academics Plus","Kindergarten","10","","","","","","","","","","","","","","","",""
"Philadelphia","Fitler Academics Plus","7th Grade","31","100.0%","100.0%","100.0%","100.0%","0.0%","100.0%","96.8%","96.8%","","","0.0%","0.0%","3.2%","0.0%","0.0%","0.0%"
"Philadelphia","Fitzpatrick Aloysius L Sch","Kindergarten","100","96.0%","96.0%","98.0%","98.0%","0.0%","96.0%","","","","","0.0%","2.0%","0.0%","2.0%","0.0%","0.0%"
"Philadelphia","Fitzpatrick Aloysius L Sch","7th Grade","87","98.9%","98.9%","98.9%","96.6%","2.3%","93.1%","96.6%","96.6%","","","0.0%","3.4%","2.3%","2.3%","0.0%","0.0%"
"Philadelphia","Folk Arts-Cultural Treasures CS","Kindergarten","50","98.0%","98.0%","98.0%","98.0%","0.0%","98.0%","","","","","0.0%","2.0%","0.0%","0.0%","0.0%","0.0%"
"Philadelphia","Folk Arts-Cultural Treasures CS","7th Grade","58","98.3%","98.3%","98.3%","98.3%","0.0%","98.3%","98.3%","98.3%","","","0.0%","1.7%","0.0%","0.0%","0.0%","0.0%"
"Philadelphia","Forrest Edwin Sch","Kindergarten","128","96.1%","97.7%","97.7%","98.4%","0.0%","96.9%","","","","","0.0%","1.6%","0.0%","4.7%","0.0%","0.8%"
"Philadelphia","Fox Chase Sch","Kindergarten","75","94.7%","94.7%","92.0%","96.0%","2.7%","93.3%","","","","","2.7%","2.7%","4.0%","1.3%","0.0%","0.0%"
"Philadelphia","Frank Anne Sch","Kindergarten","248","93.5%","95.2%","94.8%","95.6%","5.2%","86.7%","","","","","0.0%","3.6%","2.8%","2.0%","0.0%","0.0%"
"Philadelphia","Frankford Friends School","Kindergarten","24","100.0%","100.0%","100.0%","100.0%","0.0%","100.0%","","","","","0.0%","0.0%","0.0%","0.0%","0.0%","0.0%"
"Philadelphia","Frankford Friends School","7th Grade","14","","","","","","","","","","","","","","","",""
"Philadelphia","Frankford HS","12th Grade","262","95.8%","57.3%","98.5%","96.9%","1.5%","87.8%","87.0%","","38.9%","50.0%","2.3%","0.0%","0.0%","25.2%","0.0%","25.2%"
"Philadelphia","Franklin Benjamin HS","12th Grade","110","97.3%","100.0%","99.1%","99.1%","0.0%","99.1%","99.1%","","0.0%","94.5%","0.0%","0.0%","2.7%","1.8%","0.0%","7.3%"
"Philadelphia","Franklin Benjamin Sch","Kindergarten","49","98.0%","98.0%","100.0%","100.0%","0.0%","100.0%","","","","","0.0%","2.0%","0.0%","0.0%","0.0%","0.0%"
"Philadelphia","Franklin Benjamin Sch","7th Grade","66","100.0%","100.0%","100.0%","100.0%","0.0%","100.0%","98.5%","98.5%","","","0.0%","0.0%","0.0%","0.0%","0.0%","1.5%"
"Philadelphia","Franklin LC","12th Grade","175","94.3%","97.7%","98.3%","96.6%","0.6%","97.1%","97.7%","","100.0%","0.0%","0.6%","0.6%","0.0%","1.7%","0.0%","4.6%"
"Philadelphia","Franklin S Edmonds Sch","Kindergarten","43","90.7%","95.3%","95.3%","93.0%","0.0%","95.3%","","","","","0.0%","0.0%","4.7%","0.0%","0.0%","4.7%"
"Philadelphia","Franklin S Edmonds Sch","7th Grade","37","97.3%","91.9%","91.9%","100.0%","0.0%","100.0%","91.9%","86.5%","","","0.0%","0.0%","0.0%","0.0%","0.0%","13.5%"
"Philadelphia","Franklin Towne CHS","12th Grade","324","99.7%","99.4%","99.7%","99.7%","0.9%","99.1%","99.1%","","0.0%","97.5%","0.3%","0.9%","1.5%","0.0%","0.0%","0.3%"
"Philadelphia","Franklin Towne Charter Elementary School","Kindergarten","106","99.1%","98.1%","98.1%","99.1%","0.0%","98.1%","","","","","0.0%","0.9%","0.9%","0.0%","0.0%","0.0%"
"Philadelphia","Franklin Towne Charter Elementary School","7th Grade","105","99.0%","99.0%","99.0%","99.0%","0.0%","99.0%","99.0%","99.0%","","","0.0%","1.0%","0.0%","0.0%","0.0%","0.0%"
"Philadelphia","Frederick Douglass Mastery CS","Kindergarten","61","93.4%","93.4%","96.7%","96.7%","0.0%","95.1%","","","","","0.0%","3.3%","1.6%","0.0%","0.0%","8.2%"
"Philadelphia","Frederick Douglass Mastery CS","7th Grade","59","100.0%","100.0%","100.0%","100.0%","0.0%","100.0%","74.6%","74.6%","","","0.0%","0.0%","0.0%","0.0%","0.0%","27.1%"
"Philadelphia","Freire CS","7th Grade","153","95.4%","94.1%","95.4%","95.4%","0.0%","94.8%","62.7%","54.2%","","","0.0%","0.0%","0.0%","0.0%","0.0%","100.0%"
"Philadelphia","Freire CS","12th Grade","80","98.8%","98.8%","98.8%","98.8%","0.0%","97.5%","96.2%","","22.5%","76.2%","0.0%","0.0%","0.0%","0.0%","0.0%","23.8%"
"Philadelphia","Friends Select School","Kindergarten","56","100.0%","100.0%","100.0%","100.0%","0.0%","100.0%","","","","","0.0%","0.0%","0.0%","0.0%","0.0%","0.0%"
"Philadelphia","Friends Select School","7th Grade","34","100.0%","100.0%","100.0%","100.0%","2.9%","97.1%","97.1%","97.1%","","","0.0%","0.0%","0.0%","2.9%","0.0%","0.0%"
"Philadelphia","Friends Select School","12th Grade","53","100.0%","100.0%","100.0%","100.0%","1.9%","98.1%","100.0%","","0.0%","100.0%","0.0%","0.0%","0.0%","0.0%","0.0%","0.0%"
"Philadelphia","Furness Horace HS","12th Grade","211","100.0%","100.0%","100.0%","100.0%","0.0%","100.0%","100.0%","","0.0%","100.0%","0.0%","0.5%","0.0%","2.4%","0.0%","0.0%"
"Philadelphia","Gamp","7th Grade","125","99.2%","99.2%","99.2%","99.2%","0.0%","99.2%","100.0%","98.4%","","","0.8%","0.0%","0.8%","0.0%","0.0%","0.0%"
"Philadelphia","Gamp","12th Grade","63","100.0%","100.0%","100.0%","98.4%","0.0%","100.0%","98.4%","","1.6%","96.8%","0.0%","0.0%","1.6%","1.6%","0.0%","0.0%"
"Philadelphia","Germantown Friends School","Kindergarten","57","98.2%","100.0%","100.0%","96.5%","0.0%","100.0%","","","","","0.0%","0.0%","0.0%","0.0%","0.0%","5.3%"
"Philadelphia","Germantown Friends School","7th Grade","83","100.0%","100.0%","100.0%","100.0%","0.0%","100.0%","97.6%","95.2%","","","0.0%","0.0%","0.0%","0.0%","0.0%","4.8%"
"Philadelphia","Germantown Friends School","12th Grade","110","99.1%","98.2%","99.1%","99.1%","0.9%","98.2%","99.1%","","2.7%","97.3%","0.0%","0.0%","0.9%","0.0%","0.0%","9.1%"
"Philadelphia","Gesu School","Kindergarten","42","100.0%","100.0%","100.0%","100.0%","0.0%","100.0%","","","","","0.0%","0.0%","0.0%","0.0%","0.0%","0.0%"
"Philadelphia","Gesu School","7th Grade","43","100.0%","100.0%","100.0%","100.0%","0.0%","100.0%","95.3%","95.3%","","","0.0%","0.0%","0.0%","0.0%","0.0%","4.7%"
"Philadelphia","Gideon Edward Sch","Kindergarten","18","","","","","","","","","","","","","","","",""
"Philadelphia","Gideon Edward Sch","7th Grade","17","","","","","","","","","","","","","","","",""
"Philadelphia","Girard College","7th Grade","39","100.0%","100.0%","100.0%","100.0%","0.0%","100.0%","94.9%","94.9%","","","0.0%","5.1%","0.0%","0.0%","0.0%","0.0%"
"Philadelphia","Girard College","12th Grade","30","100.0%","100.0%","100.0%","100.0%","0.0%","100.0%","100.0%","","0.0%","90.0%","0.0%","3.3%","0.0%","0.0%","0.0%","6.7%"
"Philadelphia","Girard Stephen Sch","Kindergarten","42","88.1%","92.9%","92.9%","97.6%","0.0%","90.5%","","","","","0.0%","0.0%","0.0%","0.0%","0.0%","14.3%"
"Philadelphia","Girls HS","12th Grade","191","97.4%","93.7%","95.8%","96.3%","0.0%","96.3%","96.3%","","27.2%","68.6%","0.5%","0.5%","0.0%","0.0%","2.6%","14.1%"
"Philadelphia","Global Leadership Academy CS","Kindergarten","80","95.0%","95.0%","95.0%","100.0%","0.0%","95.0%","","","","","1.2%","2.5%","0.0%","0.0%","0.0%","1.2%"
"Philadelphia","Global Leadership Academy CS","7th Grade","75","98.7%","96.0%","96.0%","96.0%","0.0%","96.0%","84.0%","84.0%","","","0.0%","0.0%","0.0%","0.0%","0.0%","22.7%"
"Philadelphia","Global Leadership Academy CS Southwest at Huey","Kindergarten","68","85.3%","85.3%","85.3%","85.3%","0.0%","85.3%","","","","","0.0%","4.4%","0.0%","0.0%","0.0%","10.3%"
"Philadelphia","Global Leadership Academy CS Southwest at Huey","7th Grade","82","95.1%","95.1%","95.1%","95.1%","95.1%","0.0%","78.0%","78.0%","","","0.0%","3.7%","0.0%","0.0%","0.0%","19.5%"
"Philadelphia","Gloria Casarez El Sch","Kindergarten","78","94.9%","97.4%","98.7%","94.9%","0.0%","100.0%","","","","","0.0%","0.0%","0.0%","0.0%","0.0%","10.3%"
"Philadelphia","Green Tree School","Kindergarten","2","","","","","","","","","","","","","","","",""
"Philadelphia","Green Tree School","7th Grade","15","","","","","","","","","","","","","","","",""
"Philadelphia","Green Tree School","12th Grade","8","","","","","","","","","","","","","","","",""
"Philadelphia","Green Woods CS","Kindergarten","87","95.4%","95.4%","95.4%","95.4%","0.0%","95.4%","","","","","0.0%","3.4%","1.1%","0.0%","0.0%","0.0%"
"Philadelphia","Green Woods CS","7th Grade","75","97.3%","97.3%","97.3%","97.3%","0.0%","97.3%","97.3%","97.3%","","","0.0%","1.3%","1.3%","0.0%","0.0%","0.0%"
"Philadelphia","Greenberg Joseph Sch","Kindergarten","115","96.5%","95.7%","98.3%","96.5%","0.0%","94.8%","","","","","0.0%","1.7%","3.5%","1.7%","0.0%","0.0%"
"Philadelphia","Greenberg Joseph Sch","7th Grade","144","98.6%","97.9%","97.9%","98.6%","5.6%","91.0%","96.5%","95.8%","","","0.0%","2.1%","1.4%","1.4%","0.0%","0.0%"
"Philadelphia","Greene Street Friends School","Kindergarten","24","95.8%","87.5%","91.7%","91.7%","0.0%","91.7%","","","","","4.2%","0.0%","4.2%","0.0%","0.0%","4.2%"
"Philadelphia","Greene Street Friends School","7th Grade","38","100.0%","100.0%","100.0%","100.0%","0.0%","100.0%","97.4%","97.4%","","","0.0%","0.0%","0.0%","0.0%","0.0%","2.6%"
"Philadelphia","Greene Towne School Inc","Kindergarten","27","96.3%","96.3%","96.3%","96.3%","0.0%","96.3%","","","","","0.0%","0.0%","0.0%","0.0%","0.0%","3.7%"
"Philadelphia","Greenfield Albert M Sch","Kindergarten","91","100.0%","100.0%","100.0%","100.0%","0.0%","100.0%","","","","","0.0%","0.0%","0.0%","0.0%","0.0%","0.0%"
"Philadelphia","Greenfield Albert M Sch","7th Grade","78","96.2%","97.4%","97.4%","97.4%","1.3%","97.4%","97.4%","97.4%","","","1.3%","0.0%","2.6%","0.0%","0.0%","0.0%"
"Philadelphia","Guidon S Bluford El Sch","Kindergarten","50","84.0%","84.0%","84.0%","84.0%","0.0%","84.0%","","","","","0.0%","8.0%","6.0%","2.0%","0.0%","2.0%"
"Philadelphia","Guidon S Bluford El Sch","7th Grade","52","84.6%","84.6%","84.6%","84.6%","0.0%","84.6%","84.6%","84.6%","","","0.0%","9.6%","3.8%","1.9%","0.0%","1.9%"
"Philadelphia","HMS School for Children with Cerebral Palsy","Kindergarten","1","","","","","","","","","","","","","","","",""
"Philadelphia","HMS School for Children with Cerebral Palsy","7th Grade","5","","","","","","","","","","","","","","","",""
"Philadelphia","HMS School for Children with Cerebral Palsy","12th Grade","15","","","","","","","","","","","","","","","",""
"Philadelphia","Hackett Horatio B Sch","Kindergarten","72","98.6%","94.4%","94.4%","100.0%","0.0%","94.4%","","","","","1.4%","9.7%","0.0%","0.0%","0.0%","0.0%"
"Philadelphia","Hamilton Andrew Sch","Kindergarten","34","97.1%","97.1%","97.1%","97.1%","0.0%","97.1%","","","","","0.0%","2.9%","0.0%","0.0%","0.0%","2.9%"
"Philadelphia","Hamilton Andrew Sch","7th Grade","62","96.8%","98.4%","98.4%","98.4%","0.0%","98.4%","87.1%","85.5%","","","0.0%","1.6%","0.0%","0.0%","0.0%","16.1%"
"Philadelphia","Harambee Institute of Science and Technology CS","Kindergarten","50","98.0%","98.0%","98.0%","98.0%","0.0%","98.0%","","","","","0.0%","12.0%","0.0%","0.0%","0.0%","2.0%"
"Philadelphia","Harambee Institute of Science and Technology CS","7th Grade","56","100.0%","100.0%","100.0%","100.0%","0.0%","100.0%","100.0%","100.0%","","","0.0%","0.0%","0.0%","0.0%","0.0%","0.0%"
"Philadelphia","Harding Warren G MS","7th Grade","164","98.8%","99.4%","99.4%","98.2%","0.0%","98.8%","82.9%","80.5%","","","0.6%","0.0%","0.0%","0.6%","0.0%","20.7%"
"Philadelphia","Harrington Avery D Sch","Kindergarten","22","95.5%","100.0%","100.0%","100.0%","0.0%","100.0%","","","","","0.0%","0.0%","0.0%","4.5%","0.0%","0.0%"
"Philadelphia","Harrington Avery D Sch","7th Grade","35","97.1%","94.3%","97.1%","94.3%","0.0%","94.3%","94.3%","85.7%","","","0.0%","0.0%","2.9%","2.9%","0.0%","11.4%"
"Philadelphia","Hartranft John F Sch","Kindergarten","37","94.6%","94.6%","94.6%","91.9%","0.0%","89.2%","","","","","0.0%","0.0%","5.4%","0.0%","0.0%","8.1%"
"Philadelphia","Hartranft John F Sch","7th Grade","48","100.0%","100.0%","100.0%","100.0%","0.0%","97.9%","83.3%","83.3%","","","0.0%","0.0%","0.0%","0.0%","0.0%","18.8%"
"Philadelphia","Henry Charles W Sch","Kindergarten","50","94.0%","94.0%","94.0%","94.0%","0.0%","94.0%","","","","","0.0%","0.0%","6.0%","0.0%","0.0%","0.0%"
"Philadelphia","Henry Charles W Sch","7th Grade","61","100.0%","100.0%","100.0%","98.4%","0.0%","98.4%","98.4%","96.7%","","","0.0%","1.6%","0.0%","0.0%","0.0%","3.3%"
"Philadelphia","Heston Edward Sch","Kindergarten","27","88.9%","92.6%","88.9%","92.6%","0.0%","85.2%","","","","","0.0%","0.0%","7.4%","3.7%","0.0%","3.7%"
"Philadelphia","Heston Edward Sch","7th Grade","25","100.0%","100.0%","100.0%","100.0%","0.0%","100.0%","96.0%","92.0%","","","0.0%","4.0%","0.0%","4.0%","0.0%","0.0%"
"Philadelphia","High Road School of Philadelphia - Germantown","7th Grade","1","","","","","","","","","","","","","","","",""
"Philadelphia","High Road School of Philadelphia - Germantown","12th Grade","12","","","","","","","","","","","","","","","",""
"Philadelphia","Hill Freedman World Academy","7th Grade","94","100.0%","100.0%","98.9%","100.0%","0.0%","98.9%","97.9%","96.8%","","","0.0%","2.1%","1.1%","0.0%","0.0%","2.1%"
"Philadelphia","Hill Freedman World Academy","12th Grade","132","100.0%","100.0%","100.0%","100.0%","0.0%","100.0%","100.0%","","15.9%","84.1%","0.0%","0.0%","2.3%","0.0%","0.0%","0.0%"
"Philadelphia","Holme Thomas Sch","Kindergarten","77","93.5%","93.5%","96.1%","93.5%","1.3%","92.2%","","","","","0.0%","2.6%","1.3%","2.6%","0.0%","3.9%"
"Philadelphia","Holme Thomas Sch","7th Grade","95","96.8%","96.8%","96.8%","95.8%","4.2%","92.6%","82.1%","85.3%","","","1.1%","1.1%","4.2%","1.1%","0.0%","11.6%"
"Philadelphia","Holy Cross School","Kindergarten","19","","","","","","","","","","","","","","","",""
"Philadelphia","Holy Cross School","7th Grade","12","","","","","","","","","","","","","","","",""
"Philadelphia","Holy Innocents School","Kindergarten","23","100.0%","82.6%","87.0%","87.0%","0.0%","87.0%","","","","","0.0%","0.0%","0.0%","0.0%","0.0%","17.4%"
"Philadelphia","Holy Innocents School","7th Grade","28","100.0%","96.4%","92.9%","89.3%","0.0%","92.9%","85.7%","85.7%","","","0.0%","0.0%","0.0%","0.0%","0.0%","17.9%"
"Philadelphia","Holy Redeemer School","Kindergarten","6","","","","","","","","","","","","","","","",""
"Philadelphia","Holy Redeemer School","7th Grade","17","","","","","","","","","","","","","","","",""
"Philadelphia","Hope Partnership for Education","7th Grade","13","","","","","","","","","","","","","","","",""
"Philadelphia","Hopkinson Francis Sch","Kindergarten","45","93.3%","88.9%","91.1%","97.8%","0.0%","91.1%","","","","","0.0%","0.0%","0.0%","0.0%","0.0%","13.3%"
"Philadelphia","Hopkinson Francis Sch","7th Grade","74","97.3%","98.6%","98.6%","98.6%","0.0%","98.6%","91.9%","91.9%","","","0.0%","0.0%","0.0%","1.4%","0.0%","9.5%"
"Philadelphia","Houston Henry E Sch","Kindergarten","56","89.3%","87.5%","89.3%","91.1%","0.0%","89.3%","","","","","0.0%","0.0%","1.8%","0.0%","0.0%","12.5%"
"Philadelphia","Houston Henry E Sch","7th Grade","47","95.7%","97.9%","97.9%","97.9%","0.0%","97.9%","68.1%","68.1%","","","0.0%","2.1%","0.0%","0.0%","0.0%","34.0%"
"Philadelphia","Howe Julia Ward Sch","Kindergarten","40","95.0%","95.0%","95.0%","95.0%","0.0%","95.0%","","","","","0.0%","0.0%","0.0%","5.0%","0.0%","5.0%"
"Philadelphia","Hunter William H Sch","Kindergarten","39","94.9%","94.9%","94.9%","97.4%","0.0%","97.4%","","","","","0.0%","0.0%","7.7%","2.6%","0.0%","0.0%"
"Philadelphia","Hunter William H Sch","7th Grade","47","100.0%","100.0%","100.0%","100.0%","0.0%","100.0%","95.7%","91.5%","","","0.0%","0.0%","2.1%","6.4%","0.0%","0.0%"
"Philadelphia","Hunting Park Christian Academy","Kindergarten","17","","","","","","","","","","","","","","","",""
"Philadelphia","Hunting Park Christian Academy","7th Grade","12","","","","","","","","","","","","","","","",""
"Philadelphia","Imhotep Institute CHS","12th Grade","134","100.0%","100.0%","99.3%","100.0%","0.0%","99.3%","99.3%","","0.7%","91.8%","0.0%","0.7%","5.2%","1.5%","0.0%","1.5%"
"Philadelphia","Immaculate Heart of Mary Sch","Kindergarten","43","100.0%","100.0%","100.0%","100.0%","0.0%","100.0%","","","","","0.0%","0.0%","0.0%","0.0%","0.0%","0.0%"
"Philadelphia","Immaculate Heart of Mary Sch","7th Grade","27","100.0%","100.0%","100.0%","100.0%","0.0%","100.0%","96.3%","96.3%","","","0.0%","0.0%","0.0%","0.0%","0.0%","3.7%"
"Philadelphia","Impact CS West","Kindergarten","97","94.8%","93.8%","93.8%","94.8%","0.0%","92.8%","","","","","0.0%","0.0%","3.1%","0.0%","0.0%","6.2%"
"Philadelphia","Impact CS West","7th Grade","69","94.2%","94.2%","94.2%","94.2%","0.0%","94.2%","81.2%","82.6%","","","0.0%","0.0%","4.3%","0.0%","0.0%","14.5%"
"Philadelphia","Independence CS","Kindergarten","98","92.9%","92.9%","92.9%","89.8%","0.0%","92.9%","","","","","0.0%","0.0%","0.0%","0.0%","0.0%","10.2%"
"Philadelphia","Independence CS","7th Grade","74","100.0%","100.0%","100.0%","100.0%","0.0%","100.0%","86.5%","86.5%","","","0.0%","0.0%","0.0%","0.0%","0.0%","16.2%"
"Philadelphia","Inquiry CS","Kindergarten","42","95.2%","92.9%","90.5%","95.2%","0.0%","90.5%","","","","","0.0%","4.8%","4.8%","0.0%","0.0%","0.0%"
"Philadelphia","International Christian High School","12th Grade","44","90.9%","90.9%","86.4%","90.9%","0.0%","86.4%","75.0%","","18.2%","59.1%","0.0%","6.8%","4.5%","11.4%","0.0%","22.7%"
"Philadelphia","Jenks Abram Sch","Kindergarten","44","100.0%","100.0%","100.0%","100.0%","0.0%","100.0%","","","","","0.0%","0.0%","0.0%","0.0%","0.0%","0.0%"
"Philadelphia","John B Stetson MS","7th Grade","136","95.6%","91.2%","97.1%","97.8%","0.0%","95.6%","70.6%","73.5%","","","0.7%","0.7%","0.0%","0.0%","0.0%","27.9%"
"Philadelphia","John Hancock Demonstration Sch","Kindergarten","89","93.3%","93.3%","94.4%","93.3%","1.1%","93.3%","","","","","1.1%","4.5%","1.1%","2.2%","0.0%","0.0%"
"Philadelphia","John Hancock Demonstration Sch","7th Grade","117","88.0%","88.9%","91.5%","92.3%","8.5%","82.9%","90.6%","88.9%","","","0.0%","1.7%","8.5%","0.9%","0.0%","2.6%"
"Philadelphia","John Story Jenks Academy for the Arts and Sciences","Kindergarten","39","97.4%","94.9%","92.3%","97.4%","0.0%","94.9%","","","","","0.0%","2.6%","2.6%","0.0%","0.0%","2.6%"
"Philadelphia","John Story Jenks Academy for the Arts and Sciences","7th Grade","39","97.4%","92.3%","97.4%","97.4%","0.0%","97.4%","89.7%","89.7%","","","0.0%","5.1%","7.7%","0.0%","0.0%","10.3%"
"Philadelphia","Juniata Park Academy","Kindergarten","67","95.5%","95.5%","97.0%","98.5%","0.0%","97.0%","","","","","0.0%","0.0%","0.0%","0.0%","0.0%","4.5%"
"Philadelphia","Juniata Park Academy","7th Grade","100","97.0%","98.0%","100.0%","97.0%","0.0%","97.0%","84.0%","82.0%","","","1.0%","1.0%","0.0%","0.0%","0.0%","19.0%"
"Philadelphia","KIPP DuBois CS","12th Grade","120","94.2%","93.3%","92.5%","94.2%","0.0%","93.3%","90.0%","","60.0%","30.0%","0.8%","0.0%","0.0%","0.0%","0.0%","12.5%"
"Philadelphia","KIPP North Philadelphia CS","Kindergarten","84","76.2%","76.2%","77.4%","81.0%","0.0%","76.2%","","","","","0.0%","1.2%","0.0%","0.0%","0.0%","31.0%"
"Philadelphia","KIPP North Philadelphia CS","7th Grade","73","97.3%","97.3%","97.3%","97.3%","0.0%","97.3%","80.8%","80.8%","","","0.0%","0.0%","2.7%","0.0%","0.0%","19.2%"
"Philadelphia","KIPP Philadelphia CS","Kindergarten","102","85.3%","84.3%","83.3%","89.2%","0.0%","84.3%","","","","","0.0%","1.0%","1.0%","0.0%","0.0%","19.6%"
"Philadelphia","KIPP Philadelphia CS","7th Grade","101","98.0%","94.1%","95.0%","99.0%","0.0%","95.0%","85.1%","83.2%","","","0.0%","0.0%","0.0%","0.0%","0.0%","19.8%"
"Philadelphia","KIPP Philadelphia Octavius Catto CS","Kindergarten","102","91.2%","91.2%","92.2%","92.2%","0.0%","92.2%","","","","","0.0%","2.9%","0.0%","0.0%","0.0%","5.9%"
"Philadelphia","KIPP West Philadelphia CS","Kindergarten","108","78.7%","78.7%","79.6%","88.0%","0.0%","78.7%","","","","","0.0%","0.9%","3.7%","0.0%","0.0%","16.7%"
"Philadelphia","KIPP West Philadelphia CS","7th Grade","78","97.4%","97.4%","97.4%","97.4%","0.0%","97.4%","88.5%","85.9%","","","0.0%","2.6%","0.0%","0.0%","0.0%","11.5%"
"Philadelphia","Kearny Gen Philip Sch","Kindergarten","23","95.7%","95.7%","95.7%","95.7%","0.0%","95.7%","","","","","0.0%","0.0%","0.0%","4.3%","0.0%","4.3%"
"Philadelphia","Kearny Gen Philip Sch","7th Grade","17","","","","","","","","","","","","","","","",""
"Philadelphia","Kelley William D Sch","Kindergarten","18","","","","","","","","","","","","","","","",""
"Philadelphia","Kelley William D Sch","7th Grade","25","100.0%","100.0%","100.0%","100.0%","0.0%","100.0%","96.0%","96.0%","","","0.0%","4.0%","0.0%","0.0%","0.0%","4.0%"
"Philadelphia","Kelly John B Sch","Kindergarten","53","96.2%","96.2%","96.2%","96.2%","0.0%","96.2%","","","","","0.0%","1.9%","0.0%","1.9%","0.0%","0.0%"
"Philadelphia","Kenderton El Sch","Kindergarten","32","90.6%","90.6%","90.6%","90.6%","0.0%","90.6%","","","","","0.0%","0.0%","3.1%","0.0%","0.0%","6.2%"
"Philadelphia","Kenderton El Sch","7th Grade","34","91.2%","91.2%","91.2%","94.1%","0.0%","94.1%","91.2%","91.2%","","","0.0%","0.0%","5.9%","2.9%","0.0%","20.6%"
"Philadelphia","Kensington Creative & Performing Arts HS","12th Grade","109","97.2%","92.7%","98.2%","98.2%","0.0%","98.2%","98.2%","","33.9%","56.9%","0.0%","0.0%","13.8%","1.8%","0.0%","0.0%"
"Philadelphia","Kensington HS","12th Grade","91","96.7%","95.6%","96.7%","96.7%","0.0%","97.8%","97.8%","","2.2%","95.6%","0.0%","0.0%","2.2%","2.2%","0.0%","0.0%"
"Philadelphia","Kensington Health Sciences","12th Grade","98","99.0%","99.0%","99.0%","98.0%","0.0%","99.0%","98.0%","","1.0%","94.9%","0.0%","2.0%","0.0%","2.0%","4.1%","0.0%"
"Philadelphia","Key Francis Scott Sch","Kindergarten","33","97.0%","97.0%","100.0%","100.0%","0.0%","100.0%","","","","","0.0%","0.0%","0.0%","3.0%","0.0%","3.0%"
"Philadelphia","Keystone Academy CS","Kindergarten","80","92.5%","92.5%","92.5%","92.5%","0.0%","92.5%","","","","","0.0%","0.0%","6.2%","0.0%","0.0%","1.2%"
"Philadelphia","Keystone Academy CS","7th Grade","62","100.0%","98.4%","98.4%","100.0%","0.0%","98.4%","88.7%","88.7%","","","0.0%","0.0%","0.0%","0.0%","0.0%","12.9%"
"Philadelphia","King Martin Luther HS","12th Grade","135","97.0%","94.8%","98.5%","98.5%","0.0%","97.8%","97.0%","","13.3%","60.0%","0.0%","0.0%","1.5%","1.5%","0.0%","25.9%"
"Philadelphia","Kirkbride Eliza B Sch","Kindergarten","47","97.9%","100.0%","97.9%","97.9%","0.0%","97.9%","","","","","2.1%","0.0%","0.0%","2.1%","0.0%","0.0%"
"Philadelphia","Kirkbride Eliza B Sch","7th Grade","49","100.0%","100.0%","100.0%","100.0%","0.0%","100.0%","100.0%","100.0%","","","0.0%","0.0%","0.0%","0.0%","0.0%","0.0%"
"Philadelphia","LaSalle Academy","7th Grade","17","","","","","","","","","","","","","","","",""
"Philadelphia","Laboratory CS","Kindergarten","37","81.1%","86.5%","83.8%","91.9%","0.0%","83.8%","","","","","0.0%","5.4%","0.0%","0.0%","0.0%","18.9%"
"Philadelphia","Laboratory CS","7th Grade","21","100.0%","100.0%","100.0%","95.2%","0.0%","100.0%","85.7%","85.7%","","","0.0%","0.0%","0.0%","0.0%","0.0%","19.0%"
"Philadelphia","Lamberton Robert E Sch","Kindergarten","37","91.9%","91.9%","89.2%","91.9%","0.0%","91.9%","","","","","0.0%","8.1%","2.7%","0.0%","0.0%","0.0%"
"Philadelphia","Lamberton Robert E Sch","7th Grade","45","100.0%","100.0%","100.0%","100.0%","0.0%","100.0%","97.8%","97.8%","","","0.0%","0.0%","2.2%","0.0%","0.0%","0.0%"
"Philadelphia","Lankenau HS","12th Grade","75","100.0%","100.0%","100.0%","100.0%","0.0%","100.0%","100.0%","","0.0%","100.0%","0.0%","0.0%","0.0%","1.3%","0.0%","0.0%"
"Philadelphia","Lawton Henry W Sch","Kindergarten","86","93.0%","94.2%","97.7%","95.3%","0.0%","95.3%","","","","","0.0%","1.2%","1.2%","4.7%","0.0%","1.2%"
"Philadelphia","Lea Henry C Sch","Kindergarten","40","92.5%","85.0%","95.0%","95.0%","95.0%","0.0%","","","","","2.5%","5.0%","2.5%","2.5%","0.0%","2.5%"
"Philadelphia","Lea Henry C Sch","7th Grade","38","100.0%","100.0%","89.5%","84.2%","2.6%","97.4%","86.8%","86.8%","","","0.0%","0.0%","10.5%","15.8%","0.0%","15.8%"
"Philadelphia","Lewis C Cassidy Academics Plus Sch","Kindergarten","37","94.6%","97.3%","97.3%","97.3%","0.0%","94.6%","","","","","0.0%","0.0%","5.4%","0.0%","0.0%","2.7%"
"Philadelphia","Lewis C Cassidy Academics Plus Sch","7th Grade","56","100.0%","100.0%","100.0%","100.0%","0.0%","100.0%","91.1%","87.5%","","","0.0%","0.0%","1.8%","0.0%","0.0%","10.7%"
"Philadelphia","Liguori Academy","12th Grade","45","100.0%","100.0%","100.0%","100.0%","100.0%","0.0%","100.0%","","100.0%","0.0%","0.0%","0.0%","0.0%","0.0%","0.0%","0.0%"
"Philadelphia","Lincoln HS","12th Grade","435","98.4%","98.9%","97.7%","98.9%","1.1%","97.2%","97.9%","","31.0%","65.5%","1.4%","1.1%","1.8%","1.1%","0.0%","2.8%"
"Philadelphia","Lindley Academy CS at Birney","Kindergarten","86","95.3%","97.7%","96.5%","97.7%","0.0%","98.8%","","","","","0.0%","0.0%","2.3%","0.0%","0.0%","4.7%"
"Philadelphia","Lindley Academy CS at Birney","7th Grade","80","100.0%","100.0%","100.0%","100.0%","0.0%","100.0%","96.2%","98.8%","","","0.0%","0.0%","1.2%","0.0%","0.0%","3.8%"
"Philadelphia","Lingelbach Anna L Sch","Kindergarten","39","87.2%","87.2%","87.2%","87.2%","0.0%","87.2%","","","","","0.0%","2.6%","5.1%","0.0%","0.0%","5.1%"
"Philadelphia","Lingelbach Anna L Sch","7th Grade","35","97.1%","97.1%","97.1%","100.0%","0.0%","94.3%","88.6%","88.6%","","","0.0%","2.9%","0.0%","2.9%","0.0%","11.4%"
"Philadelphia","Little Flower Catholic School","12th Grade","91","98.9%","97.8%","96.7%","97.8%","0.0%","96.7%","95.6%","","5.5%","84.6%","0.0%","0.0%","0.0%","0.0%","0.0%","83.5%"
"Philadelphia","Locke Alain Sch","Kindergarten","30","86.7%","90.0%","96.7%","100.0%","0.0%","93.3%","","","","","0.0%","0.0%","0.0%","13.3%","0.0%","3.3%"
"Philadelphia","Locke Alain Sch","7th Grade","27","100.0%","100.0%","100.0%","100.0%","0.0%","100.0%","100.0%","100.0%","","","0.0%","0.0%","0.0%","0.0%","0.0%","0.0%"
"Philadelphia","Loesche William H Sch","Kindergarten","217","92.2%","92.6%","91.7%","94.0%","4.1%","84.3%","","","","","0.5%","6.5%","3.2%","1.8%","0.0%","0.0%"
"Philadelphia","Logan Hope School","Kindergarten","9","","","","","","","","","","","","","","","",""
"Philadelphia","Logan Hope School","7th Grade","7","","","","","","","","","","","","","","","",""
"Philadelphia","Logan James Sch","Kindergarten","27","81.5%","81.5%","81.5%","92.6%","0.0%","88.9%","","","","","0.0%","3.7%","14.8%","7.4%","0.0%","0.0%"
"Philadelphia","Longstreth William C Sch","Kindergarten","30","96.7%","96.7%","96.7%","96.7%","0.0%","96.7%","","","","","0.0%","3.3%","0.0%","3.3%","0.0%","0.0%"
"Philadelphia","Longstreth William C Sch","7th Grade","33","100.0%","100.0%","100.0%","100.0%","0.0%","100.0%","93.9%","93.9%","","","0.0%","6.1%","0.0%","0.0%","0.0%","0.0%"
"Philadelphia","Lowell James R Sch","Kindergarten","65","96.9%","96.9%","96.9%","96.9%","0.0%","96.9%","","","","","0.0%","3.1%","0.0%","0.0%","0.0%","0.0%"
"Philadelphia","Ludlow James R Sch","Kindergarten","14","","","","","","","","","","","","","","","",""
"Philadelphia","Ludlow James R Sch","7th Grade","25","100.0%","100.0%","100.0%","100.0%","0.0%","100.0%","84.0%","84.0%","","","0.0%","0.0%","0.0%","0.0%","0.0%","16.0%"
"Philadelphia","MAST Community CS","Kindergarten","107","95.3%","95.3%","95.3%","95.3%","0.0%","95.3%","","","","","0.0%","3.7%","0.9%","0.0%","0.0%","0.0%"
"Philadelphia","MAST Community CS","7th Grade","112","99.1%","99.1%","99.1%","99.1%","0.9%","98.2%","99.1%","99.1%","","","0.0%","0.0%","0.9%","0.0%","0.0%","0.0%"
"Philadelphia","MAST Community CS","12th Grade","113","97.3%","97.3%","96.5%","97.3%","1.8%","94.7%","97.3%","","0.0%","96.5%","1.8%","0.9%","0.9%","1.8%","0.0%","0.0%"
"Philadelphia","MaST Community CS II","Kindergarten","124","94.4%","94.4%","94.4%","94.4%","0.0%","94.4%","","","","","0.0%","2.4%","2.4%","0.8%","0.0%","0.0%"
"Philadelphia","MaST Community CS II","7th Grade","194","89.2%","89.7%","89.7%","89.7%","0.0%","89.7%","89.7%","89.7%","","","0.0%","4.1%","6.2%","0.0%","0.5%","0.0%"
"Philadelphia","MaST Community CS II","12th Grade","104","94.2%","94.2%","94.2%","94.2%","1.0%","93.3%","94.2%","","0.0%","94.2%","0.0%","3.8%","0.0%","1.9%","0.0%","0.0%"
"Philadelphia","MaST Community CS III","Kindergarten","68","95.6%","95.6%","95.6%","95.6%","0.0%","95.6%","","","","","0.0%","2.9%","1.5%","0.0%","0.0%","0.0%"
"Philadelphia","MaST Community CS III","7th Grade","137","99.3%","99.3%","99.3%","99.3%","0.0%","99.3%","93.4%","92.0%","","","0.7%","3.6%","3.6%","0.0%","0.0%","0.0%"
"Philadelphia","Marian Anderson Neighborhood Academy","Kindergarten","45","97.8%","97.8%","97.8%","97.8%","0.0%","97.8%","","","","","0.0%","0.0%","2.2%","0.0%","0.0%","0.0%"
"Philadelphia","Marian Anderson Neighborhood Academy","7th Grade","14","","","","","","","","","","","","","","","",""
"Philadelphia","Mariana Bracetti Academy CS","Kindergarten","124","96.0%","96.0%","96.8%","99.2%","0.0%","96.8%","","","","","0.0%","0.8%","1.6%","0.0%","0.0%","1.6%"
"Philadelphia","Mariana Bracetti Academy CS","7th Grade","128","100.0%","100.0%","100.0%","100.0%","0.0%","100.0%","97.7%","97.7%","","","0.0%","0.8%","0.0%","0.0%","0.0%","1.6%"
"Philadelphia","Mariana Bracetti Academy CS","12th Grade","67","100.0%","100.0%","100.0%","100.0%","0.0%","100.0%","100.0%","","4.5%","95.5%","0.0%","3.0%","0.0%","0.0%","0.0%","1.5%"
"Philadelphia","Maritime Academy CS","Kindergarten","31","100.0%","96.8%","100.0%","100.0%","0.0%","100.0%","","","","","0.0%","0.0%","0.0%","0.0%","0.0%","3.2%"
"Philadelphia","Maritime Academy CS","7th Grade","97","100.0%","100.0%","100.0%","100.0%","0.0%","100.0%","78.4%","78.4%","","","0.0%","0.0%","0.0%","0.0%","0.0%","21.6%"
"Philadelphia","Maritime Academy CS","12th Grade","49","100.0%","100.0%","100.0%","100.0%","0.0%","100.0%","100.0%","","16.3%","83.7%","0.0%","0.0%","0.0%","0.0%","0.0%","16.3%"
"Philadelphia","Marshall John Sch","Kindergarten","39","97.4%","97.4%","97.4%","97.4%","0.0%","97.4%","","","","","0.0%","0.0%","0.0%","0.0%","0.0%","2.6%"
"Philadelphia","Marshall Thurgood","Kindergarten","48","93.8%","95.8%","95.8%","93.8%","0.0%","93.8%","","","","","0.0%","0.0%","4.2%","2.1%","0.0%","2.1%"
"Philadelphia","Marshall Thurgood","7th Grade","53","98.1%","98.1%","98.1%","100.0%","0.0%","98.1%","92.5%","90.6%","","","0.0%","0.0%","5.7%","0.0%","0.0%","3.8%"
"Philadelphia","Mastbaum Jules E AVTS","12th Grade","104","100.0%","100.0%","100.0%","100.0%","0.0%","100.0%","100.0%","","0.0%","94.2%","0.0%","2.9%","0.0%","0.0%","0.0%","2.9%"
"Philadelphia","Masterman Julia R Sec Sch","7th Grade","189","98.4%","98.4%","98.4%","98.4%","1.1%","96.8%","97.9%","97.9%","","","0.0%","0.0%","2.6%","0.0%","0.0%","0.0%"
"Philadelphia","Masterman Julia R Sec Sch","12th Grade","115","99.1%","99.1%","99.1%","99.1%","0.0%","99.1%","98.3%","","0.0%","94.8%","0.0%","0.0%","2.6%","0.0%","0.0%","2.6%"
"Philadelphia","Mastery CHS-Lenfest Campus","7th Grade","109","99.1%","98.2%","99.1%","99.1%","0.0%","99.1%","94.5%","94.5%","","","0.0%","0.0%","0.0%","0.0%","0.0%","6.4%"
"Philadelphia","Mastery CHS-Lenfest Campus","12th Grade","92","98.9%","98.9%","100.0%","100.0%","0.0%","100.0%","96.7%","","5.4%","91.3%","0.0%","0.0%","1.1%","0.0%","0.0%","14.1%"
"Philadelphia","Mastery CS - Mann Campus","Kindergarten","84","95.2%","95.2%","95.2%","100.0%","0.0%","95.2%","","","","","0.0%","0.0%","8.3%","0.0%","0.0%","4.8%"
"Philadelphia","Mastery CS - Thomas Campus","Kindergarten","77","94.8%","94.8%","96.1%","97.4%","0.0%","96.1%","","","","","0.0%","0.0%","1.3%","0.0%","0.0%","3.9%"
"Philadelphia","Mastery CS - Thomas Campus","7th Grade","121","100.0%","98.3%","99.2%","99.2%","0.8%","98.3%","83.5%","83.5%","","","0.8%","0.0%","0.0%","0.0%","0.0%","18.2%"
"Philadelphia","Mastery CS - Thomas Campus","12th Grade","100","100.0%","100.0%","100.0%","100.0%","0.0%","100.0%","99.0%","","0.0%","79.0%","0.0%","0.0%","0.0%","0.0%","0.0%","21.0%"
"Philadelphia","Mastery CS -Shoemaker Campus","7th Grade","97","97.9%","95.9%","95.9%","97.9%","0.0%","95.9%","79.4%","79.4%","","","0.0%","0.0%","1.0%","0.0%","0.0%","21.6%"
"Philadelphia","Mastery CS -Shoemaker Campus","12th Grade","114","97.4%","93.9%","95.6%","96.5%","0.0%","94.7%","91.2%","","0.0%","93.0%","0.0%","0.0%","0.0%","0.0%","0.0%","14.0%"
"Philadelphia","Mastery CS John Wister Elementary","Kindergarten","87","87.4%","88.5%","90.8%","92.0%","0.0%","88.5%","","","","","0.0%","1.1%","0.0%","0.0%","0.0%","16.1%"
"Philadelphia","Mastery CS-Cleveland Elementary","Kindergarten","72","81.9%","84.7%","84.7%","94.4%","0.0%","84.7%","","","","","0.0%","0.0%","4.2%","0.0%","0.0%","18.1%"
"Philadelphia","Mastery CS-Cleveland Elementary","7th Grade","80","100.0%","100.0%","100.0%","100.0%","0.0%","100.0%","86.2%","86.2%","","","0.0%","1.2%","0.0%","0.0%","0.0%","15.0%"
"Philadelphia","Mastery CS-Clymer Elementary","Kindergarten","58","93.1%","93.1%","91.4%","96.6%","0.0%","91.4%","","","","","0.0%","0.0%","1.7%","0.0%","0.0%","8.6%"
"Philadelphia","Mastery CS-Francis D. Pastorius Elementary","Kindergarten","68","91.2%","92.6%","92.6%","97.1%","0.0%","92.6%","","","","","0.0%","0.0%","1.5%","0.0%","0.0%","8.8%"
"Philadelphia","Mastery CS-Francis D. Pastorius Elementary","7th Grade","78","100.0%","97.4%","98.7%","100.0%","0.0%","98.7%","80.8%","78.2%","","","0.0%","0.0%","1.3%","0.0%","0.0%","23.1%"
"Philadelphia","Mastery CS-Gratz Campus","7th Grade","133","97.7%","93.2%","92.5%","94.0%","0.0%","92.5%","82.0%","82.0%","","","0.0%","0.0%","0.0%","0.0%","0.0%","24.8%"
"Philadelphia","Mastery CS-Gratz Campus","12th Grade","170","95.9%","92.4%","94.1%","93.5%","0.0%","92.4%","91.2%","","0.0%","87.1%","0.0%","0.0%","0.6%","0.0%","0.0%","18.2%"
"Philadelphia","Mastery CS-Hardy Williams","Kindergarten","68","97.1%","97.1%","97.1%","95.6%","0.0%","97.1%","","","","","0.0%","1.5%","0.0%","0.0%","0.0%","5.9%"
"Philadelphia","Mastery CS-Hardy Williams","7th Grade","122","99.2%","99.2%","99.2%","100.0%","0.0%","98.4%","86.9%","86.1%","","","0.0%","0.0%","0.0%","0.0%","0.0%","13.9%"
"Philadelphia","Mastery CS-Hardy Williams","12th Grade","106","100.0%","100.0%","100.0%","100.0%","0.0%","100.0%","98.1%","","27.4%","72.6%","0.0%","0.0%","0.0%","0.0%","0.0%","29.2%"
"Philadelphia","Mastery CS-Harrity Campus","Kindergarten","88","85.2%","84.1%","81.8%","93.2%","0.0%","81.8%","","","","","0.0%","0.0%","0.0%","0.0%","0.0%","21.6%"
"Philadelphia","Mastery CS-Harrity Campus","7th Grade","81","100.0%","100.0%","100.0%","100.0%","0.0%","100.0%","97.5%","97.5%","","","0.0%","0.0%","0.0%","0.0%","0.0%","2.5%"
"Philadelphia","Mastery CS-Pickett Campus","7th Grade","141","95.0%","92.2%","95.0%","93.6%","0.7%","93.6%","71.6%","70.2%","","","0.0%","0.0%","0.0%","0.0%","0.0%","34.0%"
"Philadelphia","Mastery CS-Pickett Campus","12th Grade","91","100.0%","98.9%","98.9%","100.0%","0.0%","97.8%","98.9%","","0.0%","81.3%","0.0%","0.0%","0.0%","0.0%","0.0%","20.9%"
"Philadelphia","Mastery CS-Smedley Campus","Kindergarten","106","97.2%","96.2%","96.2%","98.1%","0.0%","96.2%","","","","","0.9%","0.0%","1.9%","0.0%","0.0%","4.7%"
"Philadelphia","Mastery Prep Elementary CS","Kindergarten","87","97.7%","98.9%","96.6%","100.0%","0.0%","96.6%","","","","","0.0%","4.6%","1.1%","0.0%","0.0%","3.4%"
"Philadelphia","Maternity BVM School","Kindergarten","36","100.0%","100.0%","100.0%","100.0%","0.0%","100.0%","","","","","0.0%","0.0%","0.0%","0.0%","0.0%","100.0%"
"Philadelphia","Maternity BVM School","7th Grade","52","98.1%","98.1%","100.0%","100.0%","0.0%","100.0%","100.0%","100.0%","","","0.0%","0.0%","0.0%","1.9%","0.0%","0.0%"
"Philadelphia","Mayfair Sch","Kindergarten","160","99.4%","98.1%","93.8%","100.0%","0.6%","92.5%","","","","","0.0%","0.6%","0.6%","2.5%","0.0%","3.1%"
"Philadelphia","Mayfair Sch","7th Grade","228","98.7%","100.0%","98.7%","100.0%","0.4%","96.1%","96.9%","95.6%","","","0.0%","0.0%","0.4%","2.2%","0.0%","9.2%"
"Philadelphia","McCall Gen George A Sch","Kindergarten","66","97.0%","95.5%","95.5%","97.0%","1.5%","93.9%","","","","","1.5%","3.0%","0.0%","1.5%","0.0%","0.0%"
"Philadelphia","McCall Gen George A Sch","7th Grade","58","94.8%","93.1%","96.6%","96.6%","0.0%","96.6%","96.6%","94.8%","","","0.0%","1.7%","1.7%","3.4%","0.0%","0.0%"
"Philadelphia","McCloskey John F Sch","Kindergarten","22","95.5%","95.5%","100.0%","95.5%","0.0%","100.0%","","","","","0.0%","0.0%","0.0%","4.5%","0.0%","0.0%"
"Philadelphia","McCloskey John F Sch","7th Grade","30","100.0%","100.0%","100.0%","100.0%","0.0%","100.0%","86.7%","83.3%","","","0.0%","0.0%","3.3%","0.0%","0.0%","13.3%"
"Philadelphia","McClure Alexander K Sch","Kindergarten","57","94.7%","96.5%","96.5%","100.0%","0.0%","94.7%","","","","","0.0%","0.0%","0.0%","3.5%","0.0%","3.5%"
"Philadelphia","McDaniel Delaplaine Sch","Kindergarten","29","96.6%","96.6%","96.6%","100.0%","0.0%","96.6%","","","","","0.0%","10.3%","3.4%","0.0%","0.0%","3.4%"
"Philadelphia","McDaniel Delaplaine Sch","7th Grade","31","100.0%","100.0%","100.0%","100.0%","3.2%","96.8%","96.8%","96.8%","","","0.0%","3.2%","0.0%","0.0%","0.0%","3.2%"
"Philadelphia","McKinley William Sch","Kindergarten","26","96.2%","96.2%","96.2%","96.2%","0.0%","96.2%","","","","","0.0%","3.8%","0.0%","0.0%","0.0%","0.0%"
"Philadelphia","McKinley William Sch","7th Grade","27","100.0%","100.0%","100.0%","100.0%","0.0%","100.0%","88.9%","85.2%","","","0.0%","0.0%","0.0%","0.0%","0.0%","14.8%"
"Philadelphia","McMichael Morton Sch","Kindergarten","24","33.3%","33.3%","37.5%","33.3%","0.0%","37.5%","","","","","0.0%","0.0%","0.0%","0.0%","0.0%","66.7%"
"Philadelphia","McMichael Morton Sch","7th Grade","32","100.0%","96.9%","96.9%","100.0%","0.0%","96.9%","84.4%","84.4%","","","0.0%","3.1%","3.1%","0.0%","0.0%","12.5%"
"Philadelphia","Meade Gen George C Sch","Kindergarten","20","95.0%","95.0%","95.0%","95.0%","0.0%","95.0%","","","","","0.0%","0.0%","5.0%","5.0%","0.0%","5.0%"
"Philadelphia","Meade Gen George C Sch","7th Grade","29","100.0%","100.0%","100.0%","96.6%","0.0%","100.0%","93.1%","100.0%","","","0.0%","0.0%","10.3%","0.0%","0.0%","0.0%"
"Philadelphia","Memphis Street Academy CS @ JP Jones","7th Grade","122","97.5%","96.7%","95.9%","97.5%","0.0%","95.1%","90.2%","87.7%","","","0.0%","1.6%","0.8%","0.0%","0.0%","12.3%"
"Philadelphia","Mercy Career and Technical High School","12th Grade","83","97.6%","96.4%","96.4%","98.8%","0.0%","96.4%","94.0%","","1.2%","94.0%","0.0%","0.0%","0.0%","7.2%","0.0%","7.2%"
"Philadelphia","Meredith William M Sch","Kindergarten","70","100.0%","100.0%","100.0%","100.0%","0.0%","100.0%","","","","","0.0%","0.0%","0.0%","0.0%","0.0%","0.0%"
"Philadelphia","Meredith William M Sch","7th Grade","49","100.0%","100.0%","100.0%","100.0%","0.0%","100.0%","100.0%","100.0%","","","0.0%","0.0%","0.0%","0.0%","0.0%","0.0%"
"Philadelphia","Middle Years Alternative","7th Grade","41","95.1%","95.1%","100.0%","100.0%","0.0%","100.0%","95.1%","95.1%","","","2.4%","2.4%","2.4%","0.0%","0.0%","0.0%"
"Philadelphia","Mifflin Thomas Sch","Kindergarten","62","91.9%","90.3%","90.3%","95.2%","0.0%","90.3%","","","","","1.6%","3.2%","3.2%","0.0%","0.0%","1.6%"
"Philadelphia","Mifflin Thomas Sch","7th Grade","28","100.0%","100.0%","100.0%","100.0%","0.0%","100.0%","96.4%","96.4%","","","0.0%","0.0%","0.0%","0.0%","0.0%","3.6%"
"Philadelphia","Mill Creek School","12th Grade","10","","","","","","","","","","","","","","","",""
"Philadelphia","Mitchell El Sch","Kindergarten","18","","","","","","","","","","","","","","","",""
"Philadelphia","Mitchell El Sch","7th Grade","32","96.9%","96.9%","96.9%","96.9%","0.0%","96.9%","87.5%","87.5%","","","0.0%","3.1%","0.0%","9.4%","0.0%","0.0%"
"Philadelphia","Moffet John Sch","Kindergarten","38","100.0%","100.0%","100.0%","100.0%","0.0%","97.4%","","","","","0.0%","0.0%","0.0%","2.6%","0.0%","2.6%"
"Philadelphia","Moore J Hampton Sch","Kindergarten","177","97.7%","98.3%","98.9%","98.9%","0.0%","98.9%","","","","","0.0%","0.0%","0.0%","2.8%","0.0%","1.7%"
"Philadelphia","Morris Robert Sch","Kindergarten","17","","","","","","","","","","","","","","","",""
"Philadelphia","Morris Robert Sch","7th Grade","23","100.0%","100.0%","100.0%","100.0%","0.0%","100.0%","91.3%","87.0%","","","0.0%","0.0%","0.0%","0.0%","0.0%","13.0%"
"Philadelphia","Morrison Andrew J Sch","Kindergarten","51","94.1%","90.2%","94.1%","96.1%","0.0%","94.1%","","","","","0.0%","0.0%","0.0%","5.9%","0.0%","5.9%"
"Philadelphia","Morrison Andrew J Sch","7th Grade","67","92.5%","89.6%","91.0%","95.5%","0.0%","92.5%","80.6%","77.6%","","","0.0%","0.0%","1.5%","4.5%","0.0%","16.4%"
"Philadelphia","Morton Thomas G Sch","Kindergarten","58","93.1%","93.1%","93.1%","94.8%","0.0%","94.8%","","","","","0.0%","1.7%","0.0%","0.0%","0.0%","5.2%"
"Philadelphia","Mother Divine Grace School","Kindergarten","17","","","","","","","","","","","","","","","",""
"Philadelphia","Mother Divine Grace School","7th Grade","16","","","","","","","","","","","","","","","",""
"Philadelphia","Motivation HS","12th Grade","55","100.0%","100.0%","100.0%","100.0%","0.0%","100.0%","96.4%","","0.0%","81.8%","0.0%","3.6%","14.5%","0.0%","0.0%","1.8%"
"Philadelphia","Multicultural Academy CS","12th Grade","45","100.0%","100.0%","100.0%","100.0%","0.0%","100.0%","100.0%","","0.0%","82.2%","0.0%","0.0%","0.0%","0.0%","0.0%","17.8%"
"Philadelphia","Munoz-Marin Luis","Kindergarten","44","100.0%","100.0%","100.0%","100.0%","0.0%","100.0%","","","","","0.0%","0.0%","0.0%","0.0%","0.0%","0.0%"
"Philadelphia","Munoz-Marin Luis","7th Grade","68","100.0%","100.0%","100.0%","100.0%","0.0%","100.0%","97.1%","97.1%","","","0.0%","0.0%","0.0%","2.9%","0.0%","0.0%"
"Philadelphia","Nazareth Academy Grade School","7th Grade","24","100.0%","100.0%","100.0%","100.0%","0.0%","100.0%","95.8%","95.8%","","","0.0%","0.0%","0.0%","4.2%","0.0%","4.2%"
"Philadelphia","Nazareth Academy High School","12th Grade","72","100.0%","100.0%","100.0%","100.0%","0.0%","100.0%","100.0%","","0.0%","88.9%","0.0%","0.0%","0.0%","11.1%","0.0%","11.1%"
"Philadelphia","Nebinger George W Sch","Kindergarten","52","100.0%","100.0%","100.0%","100.0%","0.0%","100.0%","","","","","0.0%","0.0%","0.0%","0.0%","0.0%","0.0%"
"Philadelphia","Nebinger George W Sch","7th Grade","44","100.0%","100.0%","100.0%","100.0%","0.0%","100.0%","88.6%","88.6%","","","0.0%","0.0%","4.5%","0.0%","0.0%","6.8%"
"Philadelphia","New Foundations CS","Kindergarten","71","97.2%","97.2%","98.6%","100.0%","0.0%","98.6%","","","","","0.0%","0.0%","4.2%","0.0%","0.0%","2.8%"
"Philadelphia","New Foundations CS","7th Grade","84","98.8%","98.8%","100.0%","100.0%","0.0%","98.8%","88.1%","88.1%","","","0.0%","0.0%","0.0%","0.0%","0.0%","13.1%"
"Philadelphia","New Foundations CS","12th Grade","145","98.6%","97.9%","97.2%","96.6%","0.7%","97.2%","97.9%","","0.0%","87.6%","0.0%","0.0%","0.0%","0.0%","0.0%","13.1%"
"Philadelphia","Northeast Central Christian School","Kindergarten","12","","","","","","","","","","","","","","","",""
"Philadelphia","Northeast Community Propel Academy","Kindergarten","150","98.0%","98.0%","97.3%","99.3%","0.7%","94.7%","","","","","0.7%","0.0%","2.0%","1.3%","0.0%","1.3%"
"Philadelphia","Northeast Community Propel Academy","7th Grade","248","99.6%","99.6%","99.2%","99.2%","0.8%","97.2%","83.1%","95.2%","","","0.4%","1.2%","0.0%","2.4%","0.0%","19.4%"
"Philadelphia","Northeast HS","12th Grade","916","99.3%","99.9%","99.5%","99.2%","2.1%","96.4%","99.0%","","12.0%","83.7%","0.1%","0.9%","0.7%","0.3%","0.0%","2.4%"
"Philadelphia","Northwood Academy CS","Kindergarten","83","97.6%","97.6%","97.6%","97.6%","0.0%","97.6%","","","","","0.0%","1.2%","0.0%","0.0%","0.0%","1.2%"
"Philadelphia","Northwood Academy CS","7th Grade","85","95.3%","96.5%","96.5%","96.5%","0.0%","97.6%","91.8%","90.6%","","","0.0%","3.5%","0.0%","7.1%","0.0%","4.7%"
"Philadelphia","Norwood Fontbonne Academy","Kindergarten","30","100.0%","100.0%","100.0%","96.7%","0.0%","100.0%","","","","","0.0%","0.0%","0.0%","3.3%","0.0%","0.0%"
"Philadelphia","Norwood Fontbonne Academy","7th Grade","27","100.0%","100.0%","100.0%","100.0%","0.0%","100.0%","100.0%","100.0%","","","0.0%","0.0%","0.0%","0.0%","0.0%","0.0%"
"Philadelphia","Olney Christian School","Kindergarten","16","","","","","","","","","","","","","","","",""
"Philadelphia","Olney Christian School","7th Grade","8","","","","","","","","","","","","","","","",""
"Philadelphia","Olney El Sch","Kindergarten","74","94.6%","94.6%","100.0%","97.3%","0.0%","97.3%","","","","","0.0%","0.0%","0.0%","4.1%","0.0%","1.4%"
"Philadelphia","Olney El Sch","7th Grade","81","97.5%","97.5%","100.0%","98.8%","1.2%","98.8%","97.5%","97.5%","","","0.0%","0.0%","0.0%","0.0%","0.0%","2.5%"
"Philadelphia","Olney HS","12th Grade","257","97.3%","98.8%","98.8%","99.2%","0.4%","98.1%","99.2%","","18.3%","70.4%","0.0%","1.2%","0.8%","3.9%","5.8%","1.9%"
"Philadelphia","Our Lady of Calvary School","Kindergarten","54","100.0%","100.0%","100.0%","100.0%","0.0%","100.0%","","","","","0.0%","0.0%","0.0%","0.0%","0.0%","0.0%"
"Philadelphia","Our Lady of Calvary School","7th Grade","74","100.0%","100.0%","100.0%","100.0%","0.0%","100.0%","100.0%","100.0%","","","0.0%","0.0%","0.0%","0.0%","0.0%","0.0%"
"Philadelphia","Our Lady of Hope Regional Catholic School","Kindergarten","38","100.0%","100.0%","97.4%","100.0%","0.0%","97.4%","","","","","2.6%","0.0%","0.0%","0.0%","0.0%","0.0%"
"Philadelphia","Our Lady of Hope Regional Catholic School","7th Grade","25","100.0%","100.0%","100.0%","100.0%","0.0%","100.0%","100.0%","100.0%","","","0.0%","0.0%","0.0%","0.0%","0.0%","0.0%"
"Philadelphia","Our Lady of Port Richmond School","Kindergarten","23","95.7%","91.3%","91.3%","100.0%","0.0%","91.3%","","","","","0.0%","0.0%","0.0%","8.7%","0.0%","0.0%"
"Philadelphia","Our Lady of Port Richmond School","7th Grade","25","100.0%","100.0%","100.0%","100.0%","0.0%","100.0%","100.0%","100.0%","","","0.0%","0.0%","0.0%","0.0%","0.0%","0.0%"
"Philadelphia","Our Mother Consolation","Kindergarten","18","","","","","","","","","","","","","","","",""
"Philadelphia","Our Mother Consolation","7th Grade","21","95.2%","95.2%","95.2%","95.2%","0.0%","95.2%","90.5%","90.5%","","","4.8%","0.0%","0.0%","0.0%","0.0%","9.5%"
"Philadelphia","Our Mother of Sorrow School","Kindergarten","16","","","","","","","","","","","","","","","",""
"Philadelphia","Our Mother of Sorrow School","7th Grade","17","","","","","","","","","","","","","","","",""
"Philadelphia","Overbrook Edu Ctr","Kindergarten","14","","","","","","","","","","","","","","","",""
"Philadelphia","Overbrook Edu Ctr","7th Grade","26","100.0%","100.0%","100.0%","100.0%","0.0%","100.0%","80.8%","100.0%","","","0.0%","0.0%","0.0%","0.0%","0.0%","19.2%"
"Philadelphia","Overbrook Elementary School","Kindergarten","22","100.0%","100.0%","100.0%","100.0%","0.0%","100.0%","","","","","0.0%","0.0%","0.0%","0.0%","0.0%","0.0%"
"Philadelphia","Overbrook Elementary School","7th Grade","24","95.8%","95.8%","95.8%","95.8%","0.0%","91.7%","95.8%","91.7%","","","0.0%","4.2%","0.0%","4.2%","0.0%","4.2%"
"Philadelphia","Overbrook HS","12th Grade","103","98.1%","65.0%","98.1%","97.1%","0.0%","98.1%","94.2%","","44.7%","42.7%","1.0%","0.0%","1.0%","0.0%","0.0%","44.7%"
"Philadelphia","Overbrook School for Blind","Kindergarten","8","","","","","","","","","","","","","","","",""
"Philadelphia","Overbrook School for Blind","7th Grade","10","","","","","","","","","","","","","","","",""
"Philadelphia","Overbrook School for Blind","12th Grade","7","","","","","","","","","","","","","","","",""
"Philadelphia","Pan American Academy CS","Kindergarten","95","96.8%","96.8%","96.8%","96.8%","0.0%","96.8%","","","","","0.0%","0.0%","3.2%","0.0%","0.0%","0.0%"
"Philadelphia","Pan American Academy CS","7th Grade","78","100.0%","100.0%","100.0%","100.0%","0.0%","100.0%","89.7%","91.0%","","","0.0%","0.0%","1.3%","0.0%","0.0%","10.3%"
"Philadelphia","Parkway Center City Middle College","12th Grade","106","100.0%","99.1%","100.0%","100.0%","0.0%","100.0%","100.0%","","13.2%","86.8%","0.0%","0.9%","0.0%","0.0%","0.0%","0.0%"
"Philadelphia","Parkway Northwest","12th Grade","59","98.3%","98.3%","98.3%","98.3%","0.0%","96.6%","94.9%","","1.7%","89.8%","0.0%","3.4%","6.8%","1.7%","0.0%","0.0%"
"Philadelphia","Parkway West","12th Grade","47","100.0%","97.9%","100.0%","100.0%","0.0%","100.0%","100.0%","","12.8%","87.2%","0.0%","0.0%","0.0%","2.1%","0.0%","0.0%"
"Philadelphia","Patterson John M Sch","Kindergarten","74","94.6%","94.6%","97.3%","97.3%","0.0%","95.9%","","","","","0.0%","1.4%","1.4%","6.8%","0.0%","0.0%"
"Philadelphia","Paul Robeson HS for Human Services","12th Grade","73","100.0%","100.0%","100.0%","100.0%","0.0%","100.0%","100.0%","","1.4%","98.6%","0.0%","0.0%","0.0%","0.0%","0.0%","0.0%"
"Philadelphia","Peirce Thomas M Sch","Kindergarten","61","91.8%","90.2%","91.8%","96.7%","0.0%","93.4%","","","","","0.0%","4.9%","0.0%","3.3%","0.0%","1.6%"
"Philadelphia","Penn Alexander Sch","Kindergarten","73","100.0%","100.0%","100.0%","100.0%","0.0%","100.0%","","","","","0.0%","0.0%","0.0%","0.0%","0.0%","0.0%"
"Philadelphia","Penn Alexander Sch","7th Grade","55","100.0%","100.0%","100.0%","100.0%","0.0%","100.0%","100.0%","100.0%","","","0.0%","0.0%","0.0%","0.0%","0.0%","0.0%"
"Philadelphia","Penn Treaty Sch","7th Grade","34","100.0%","97.1%","97.1%","97.1%","0.0%","97.1%","82.4%","82.4%","","","0.0%","5.9%","0.0%","2.9%","0.0%","11.8%"
"Philadelphia","Penn Treaty Sch","12th Grade","60","100.0%","96.7%","96.7%","98.3%","0.0%","96.7%","96.7%","","0.0%","91.7%","0.0%","3.3%","3.3%","3.3%","0.0%","3.3%"
"Philadelphia","Pennell Joseph Sch","Kindergarten","51","96.1%","90.2%","94.1%","100.0%","0.0%","94.1%","","","","","0.0%","0.0%","3.9%","2.0%","0.0%","3.9%"
"Philadelphia","Pennsylvania School for the Deaf","Kindergarten","3","","","","","","","","","","","","","","","",""
"Philadelphia","Pennsylvania School for the Deaf","7th Grade","5","","","","","","","","","","","","","","","",""
"Philadelphia","Pennsylvania School for the Deaf","12th Grade","14","","","","","","","","","","","","","","","",""
"Philadelphia","Penrose Sch","Kindergarten","68","89.7%","86.8%","94.1%","88.2%","0.0%","91.2%","","","","","0.0%","4.4%","1.5%","0.0%","0.0%","16.2%"
"Philadelphia","Penrose Sch","7th Grade","49","100.0%","100.0%","100.0%","98.0%","0.0%","100.0%","79.6%","81.6%","","","0.0%","2.0%","2.0%","0.0%","0.0%","22.4%"
"Philadelphia","People for People CS","Kindergarten","77","93.5%","94.8%","93.5%","97.4%","0.0%","93.5%","","","","","0.0%","0.0%","2.6%","5.2%","0.0%","7.8%"
"Philadelphia","People for People CS","7th Grade","47","100.0%","100.0%","100.0%","100.0%","0.0%","100.0%","78.7%","76.6%","","","0.0%","0.0%","4.3%","19.1%","0.0%","19.1%"
"Philadelphia","Philadelphia Academy CS","Kindergarten","61","100.0%","98.4%","98.4%","98.4%","0.0%","98.4%","","","","","0.0%","1.6%","0.0%","0.0%","0.0%","0.0%"
"Philadelphia","Philadelphia Academy CS","7th Grade","83","98.8%","98.8%","98.8%","98.8%","0.0%","98.8%","97.6%","97.6%","","","0.0%","0.0%","2.4%","0.0%","0.0%","0.0%"
"Philadelphia","Philadelphia Academy CS","12th Grade","114","100.0%","99.1%","100.0%","100.0%","0.0%","100.0%","100.0%","","2.6%","97.4%","1.8%","1.8%","0.0%","0.0%","0.0%","0.0%"
"Philadelphia","Philadelphia Classical School","Kindergarten","21","66.7%","66.7%","66.7%","71.4%","0.0%","66.7%","","","","","0.0%","23.8%","4.8%","0.0%","0.0%","4.8%"
"Philadelphia","Philadelphia Classical School","7th Grade","16","","","","","","","","","","","","","","","",""
"Philadelphia","Philadelphia Classical School","12th Grade","8","","","","","","","","","","","","","","","",""
"Philadelphia","Philadelphia Electrical & Tech CHS","12th Grade","145","97.9%","97.9%","98.6%","97.9%","0.0%","97.9%","96.6%","","20.7%","75.2%","0.0%","0.0%","0.0%","0.0%","0.0%","24.8%"
"Philadelphia","Philadelphia Hebrew Public CS","Kindergarten","77","92.2%","93.5%","92.2%","96.1%","0.0%","92.2%","","","","","0.0%","2.6%","5.2%","0.0%","0.0%","9.1%"
"Philadelphia","Philadelphia Hebrew Public CS","7th Grade","50","100.0%","100.0%","100.0%","100.0%","0.0%","100.0%","94.0%","94.0%","","","0.0%","2.0%","2.0%","0.0%","0.0%","6.0%"
"Philadelphia","Philadelphia Learning Academy - North","12th Grade","17","","","","","","","","","","","","","","","",""
"Philadelphia","Philadelphia Learning Academy - West","12th Grade","28","96.4%","67.9%","96.4%","96.4%","0.0%","96.4%","96.4%","","75.0%","3.6%","0.0%","0.0%","25.0%","0.0%","0.0%","21.4%"
"Philadelphia","Philadelphia Military Acad at Elverson","12th Grade","46","100.0%","100.0%","100.0%","100.0%","0.0%","100.0%","100.0%","","2.2%","97.8%","0.0%","0.0%","0.0%","0.0%","0.0%","2.2%"
"Philadelphia","Philadelphia Performing Arts CS","Kindergarten","211","95.3%","95.3%","94.8%","95.7%","0.0%","95.7%","","","","","1.4%","0.5%","0.5%","0.0%","0.0%","3.3%"
"Philadelphia","Philadelphia Performing Arts CS","7th Grade","184","97.3%","98.4%","98.4%","99.5%","0.5%","98.9%","98.4%","85.3%","","","0.0%","0.0%","1.1%","0.0%","0.0%","14.7%"
"Philadelphia","Philadelphia Performing Arts CS","12th Grade","157","97.5%","97.5%","99.4%","97.5%","1.3%","96.2%","97.5%","","16.6%","80.9%","0.0%","0.0%","0.0%","0.0%","0.0%","2.5%"
"Philadelphia","Philadelphia School","Kindergarten","52","100.0%","100.0%","100.0%","100.0%","0.0%","100.0%","","","","","0.0%","0.0%","0.0%","0.0%","0.0%","0.0%"
"Philadelphia","Philadelphia School","7th Grade","37","100.0%","100.0%","100.0%","100.0%","2.7%","97.3%","100.0%","100.0%","","","0.0%","0.0%","0.0%","0.0%","0.0%","0.0%"
"Philadelphia","Pollock Robert B Sch","Kindergarten","101","95.0%","95.0%","95.0%","96.0%","2.0%","93.1%","","","","","0.0%","3.0%","2.0%","0.0%","0.0%","0.0%"
"Philadelphia","Pollock Robert B Sch","7th Grade","107","99.1%","99.1%","99.1%","99.1%","3.7%","94.4%","94.4%","93.5%","","","0.0%","0.0%","1.9%","0.9%","0.0%","3.7%"
"Philadelphia","Potter-Thomas Sch","Kindergarten","31","87.1%","87.1%","90.3%","100.0%","9.7%","87.1%","","","","","0.0%","0.0%","0.0%","0.0%","0.0%","12.9%"
"Philadelphia","Potter-Thomas Sch","7th Grade","38","100.0%","100.0%","100.0%","100.0%","2.6%","97.4%","86.8%","84.2%","","","0.0%","0.0%","0.0%","0.0%","0.0%","15.8%"
"Philadelphia","Powel Samuel Sch","Kindergarten","70","90.0%","91.4%","92.9%","92.9%","0.0%","92.9%","","","","","1.4%","4.3%","5.7%","0.0%","0.0%","0.0%"
"Philadelphia","Preparatory CS of Mathematics Science Tech and Careers","12th Grade","127","100.0%","100.0%","100.0%","100.0%","0.0%","100.0%","99.2%","","3.1%","83.5%","0.0%","0.8%","0.8%","0.0%","0.0%","11.8%"
"Philadelphia","Prince Hall","Kindergarten","58","94.8%","94.8%","96.6%","98.3%","0.0%","96.6%","","","","","0.0%","1.7%","0.0%","0.0%","0.0%","3.4%"
"Philadelphia","Randolph A. Philip AVT HS","12th Grade","48","97.9%","100.0%","100.0%","100.0%","0.0%","100.0%","97.9%","","18.8%","77.1%","0.0%","2.1%","2.1%","2.1%","0.0%","0.0%"
"Philadelphia","Resurrection Regional Catholic School","Kindergarten","27","100.0%","96.3%","96.3%","100.0%","0.0%","96.3%","","","","","0.0%","0.0%","0.0%","0.0%","0.0%","3.7%"
"Philadelphia","Resurrection Regional Catholic School","7th Grade","47","100.0%","100.0%","100.0%","100.0%","0.0%","100.0%","95.7%","95.7%","","","0.0%","0.0%","0.0%","0.0%","0.0%","4.3%"
"Philadelphia","Rhawnhurst Sch","Kindergarten","89","94.4%","94.4%","97.8%","95.5%","2.2%","93.3%","","","","","2.2%","0.0%","1.1%","2.2%","0.0%","3.4%"
"Philadelphia","Rhoads James Sch","Kindergarten","49","87.8%","93.9%","93.9%","100.0%","0.0%","89.8%","","","","","0.0%","0.0%","0.0%","0.0%","0.0%","12.2%"
"Philadelphia","Rhoads James Sch","7th Grade","52","98.1%","98.1%","98.1%","98.1%","0.0%","98.1%","71.2%","71.2%","","","0.0%","0.0%","0.0%","0.0%","0.0%","30.8%"
"Philadelphia","Rhodes E Washington Sch","Kindergarten","17","","","","","","","","","","","","","","","",""
"Philadelphia","Rhodes E Washington Sch","7th Grade","64","90.6%","89.1%","92.2%","95.3%","0.0%","93.8%","68.8%","68.8%","","","0.0%","0.0%","0.0%","0.0%","0.0%","35.9%"
"Philadelphia","Richard Allen Preparatory CS","7th Grade","90","95.6%","94.4%","95.6%","94.4%","0.0%","95.6%","71.1%","67.8%","","","0.0%","0.0%","0.0%","0.0%","0.0%","34.4%"
"Philadelphia","Richmond Sch","Kindergarten","48","95.8%","93.8%","91.7%","95.8%","0.0%","91.7%","","","","","0.0%","2.1%","4.2%","8.3%","0.0%","2.1%"
"Philadelphia","Roman Catholic High School","12th Grade","183","100.0%","100.0%","100.0%","99.5%","0.0%","100.0%","99.5%","","2.7%","96.7%","3.8%","0.0%","0.0%","0.0%","0.0%","0.0%"
"Philadelphia","Roosevelt Theodore MS","Kindergarten","37","94.6%","91.9%","91.9%","97.3%","0.0%","89.2%","","","","","0.0%","2.7%","2.7%","2.7%","0.0%","2.7%"
"Philadelphia","Roosevelt Theodore MS","7th Grade","63","95.2%","90.5%","93.7%","96.8%","0.0%","93.7%","90.5%","90.5%","","","0.0%","4.8%","1.6%","1.6%","0.0%","1.6%"
"Philadelphia","Rowen William Sch","Kindergarten","30","100.0%","96.7%","93.3%","100.0%","0.0%","93.3%","","","","","0.0%","0.0%","0.0%","6.7%","0.0%","0.0%"
"Philadelphia","Roxborough Christian School","Kindergarten","8","","","","","","","","","","","","","","","",""
"Philadelphia","Roxborough HS","12th Grade","179","98.3%","99.4%","99.4%","100.0%","0.0%","98.9%","97.2%","","13.4%","71.5%","0.6%","5.0%","2.2%","2.8%","4.5%","1.7%"
"Philadelphia","SS John Neumann and Maria Goretti Catholic High School","12th Grade","141","100.0%","100.0%","100.0%","100.0%","0.0%","100.0%","100.0%","","0.0%","95.7%","0.0%","0.0%","0.0%","4.3%","0.0%","0.0%"
"Philadelphia","Saint Timothy Catholic School","Kindergarten","25","100.0%","100.0%","100.0%","100.0%","0.0%","100.0%","","","","","0.0%","0.0%","0.0%","0.0%","0.0%","0.0%"
"Philadelphia","Saint Timothy Catholic School","7th Grade","36","97.2%","97.2%","100.0%","97.2%","0.0%","97.2%","100.0%","100.0%","","","0.0%","0.0%","0.0%","0.0%","0.0%","2.8%"
"Philadelphia","Samuel Gompers Sch","Kindergarten","23","82.6%","82.6%","87.0%","87.0%","0.0%","82.6%","","","","","0.0%","4.3%","0.0%","21.7%","0.0%","0.0%"
"Philadelphia","Samuel Gompers Sch","7th Grade","38","100.0%","100.0%","100.0%","100.0%","0.0%","100.0%","73.7%","78.9%","","","0.0%","0.0%","0.0%","0.0%","0.0%","26.3%"
"Philadelphia","Samuel Pennypacker Sch","Kindergarten","34","79.4%","82.4%","91.2%","91.2%","0.0%","85.3%","","","","","0.0%","5.9%","0.0%","0.0%","0.0%","14.7%"
"Philadelphia","Samuel Pennypacker Sch","7th Grade","34","97.1%","97.1%","97.1%","97.1%","0.0%","97.1%","94.1%","91.2%","","","0.0%","0.0%","2.9%","0.0%","0.0%","5.9%"
"Philadelphia","Sankofa Freedom Academy CS","Kindergarten","38","89.5%","89.5%","89.5%","89.5%","0.0%","89.5%","","","","","0.0%","0.0%","2.6%","0.0%","0.0%","7.9%"
"Philadelphia","Sankofa Freedom Academy CS","7th Grade","52","100.0%","100.0%","100.0%","100.0%","0.0%","100.0%","80.8%","80.8%","","","0.0%","0.0%","0.0%","0.0%","0.0%","19.2%"
"Philadelphia","Sankofa Freedom Academy CS","12th Grade","44","97.7%","97.7%","97.7%","97.7%","0.0%","97.7%","95.5%","","4.5%","88.6%","0.0%","0.0%","4.5%","0.0%","0.0%","11.4%"
"Philadelphia","Saul W B Agricultural School","12th Grade","103","99.0%","97.1%","99.0%","99.0%","1.0%","99.0%","99.0%","","14.6%","84.5%","1.0%","0.0%","1.9%","0.0%","0.0%","1.9%"
"Philadelphia","Sayre William L MS","12th Grade","105","98.1%","100.0%","98.1%","99.0%","1.0%","98.1%","98.1%","","8.6%","91.4%","0.0%","1.0%","0.0%","1.9%","0.0%","7.6%"
"Philadelphia","School of the Future","12th Grade","121","94.2%","94.2%","94.2%","94.2%","0.0%","94.2%","94.2%","","5.8%","91.7%","0.0%","0.0%","2.5%","0.0%","0.0%","5.8%"
"Philadelphia","Science Leadership Academy","12th Grade","127","100.0%","100.0%","100.0%","100.0%","0.8%","99.2%","100.0%","","0.0%","97.6%","0.8%","0.8%","0.0%","1.6%","0.0%","0.0%"
"Philadelphia","Science Leadership Academy MS","7th Grade","96","96.9%","96.9%","95.8%","99.0%","0.0%","95.8%","92.7%","92.7%","","","0.0%","0.0%","7.3%","0.0%","0.0%","0.0%"
"Philadelphia","Sharswood George Sch","Kindergarten","35","94.3%","94.3%","94.3%","97.1%","0.0%","94.3%","","","","","0.0%","0.0%","0.0%","8.6%","0.0%","8.6%"
"Philadelphia","Sharswood George Sch","7th Grade","36","100.0%","100.0%","100.0%","100.0%","0.0%","100.0%","83.3%","83.3%","","","0.0%","0.0%","11.1%","5.6%","0.0%","2.8%"
"Philadelphia","Shawmont Sch","Kindergarten","61","100.0%","98.4%","98.4%","100.0%","0.0%","98.4%","","","","","0.0%","1.6%","0.0%","1.6%","0.0%","0.0%"
"Philadelphia","Shawmont Sch","7th Grade","44","97.7%","97.7%","97.7%","97.7%","2.3%","97.7%","97.7%","97.7%","","","0.0%","0.0%","2.3%","0.0%","0.0%","0.0%"
"Philadelphia","Sheppard Isaac Sch","Kindergarten","19","","","","","","","","","","","","","","","",""
"Philadelphia","Solis-Cohen Solomon Sch","Kindergarten","216","97.7%","99.5%","98.1%","99.5%","0.0%","96.8%","","","","","0.0%","0.0%","1.4%","1.4%","0.0%","4.2%"
"Philadelphia","South Philadelphia HS","12th Grade","174","100.0%","99.4%","99.4%","100.0%","0.0%","99.4%","100.0%","","93.7%","6.3%","0.0%","0.0%","0.0%","0.0%","0.0%","6.3%"
"Philadelphia","Southwark Sch","Kindergarten","88","97.7%","93.2%","96.6%","97.7%","0.0%","96.6%","","","","","0.0%","1.1%","0.0%","3.4%","0.0%","3.4%"
"Philadelphia","Southwark Sch","7th Grade","114","100.0%","94.7%","96.5%","98.2%","0.0%","93.9%","97.4%","98.2%","","","0.0%","0.0%","0.0%","0.9%","0.0%","6.1%"
"Philadelphia","Southwest Leadership Academy CS","Kindergarten","62","87.1%","85.5%","87.1%","95.2%","0.0%","87.1%","","","","","0.0%","3.2%","0.0%","0.0%","0.0%","14.5%"
"Philadelphia","Southwest Leadership Academy CS","7th Grade","81","100.0%","100.0%","100.0%","100.0%","0.0%","100.0%","93.8%","93.8%","","","0.0%","1.2%","0.0%","0.0%","0.0%","6.2%"
"Philadelphia","Spring Garden Sch","Kindergarten","31","93.5%","96.8%","100.0%","100.0%","0.0%","96.8%","","","","","0.0%","0.0%","0.0%","6.5%","0.0%","0.0%"
"Philadelphia","Spring Garden Sch","7th Grade","33","100.0%","97.0%","100.0%","97.0%","0.0%","97.0%","100.0%","100.0%","","","0.0%","0.0%","0.0%","3.0%","0.0%","0.0%"
"Philadelphia","Springside Chestnut Hill Academy","Kindergarten","44","100.0%","93.2%","95.5%","93.2%","0.0%","95.5%","","","","","0.0%","2.3%","0.0%","0.0%","0.0%","4.5%"
"Philadelphia","Springside Chestnut Hill Academy","7th Grade","72","97.2%","97.2%","98.6%","95.8%","1.4%","95.8%","95.8%","95.8%","","","0.0%","4.2%","1.4%","0.0%","0.0%","0.0%"
"Philadelphia","Springside Chestnut Hill Academy","12th Grade","134","97.8%","97.8%","97.8%","97.8%","0.0%","97.8%","97.8%","","9.0%","88.8%","0.0%","2.2%","0.0%","0.0%","0.0%","0.0%"
"Philadelphia","Spruance Gilbert Sch","Kindergarten","128","95.3%","96.9%","96.1%","97.7%","0.0%","95.3%","","","","","0.0%","2.3%","0.0%","3.9%","0.0%","0.0%"
"Philadelphia","Spruance Gilbert Sch","7th Grade","142","97.9%","98.6%","99.3%","97.9%","1.4%","97.2%","96.5%","96.5%","","","0.0%","0.7%","0.7%","4.2%","0.0%","0.0%"
"Philadelphia","St Anselm Elementary School","Kindergarten","28","92.9%","92.9%","92.9%","92.9%","0.0%","92.9%","","","","","0.0%","0.0%","0.0%","7.1%","0.0%","7.1%"
"Philadelphia","St Anselm Elementary School","7th Grade","6","","","","","","","","","","","","","","","",""
"Philadelphia","St Anthony of Padua Regional Catholic School","Kindergarten","12","","","","","","","","","","","","","","","",""
"Philadelphia","St Anthony of Padua Regional Catholic School","7th Grade","31","100.0%","100.0%","100.0%","100.0%","0.0%","100.0%","100.0%","100.0%","","","0.0%","0.0%","0.0%","0.0%","0.0%","0.0%"
"Philadelphia","St Athanasius School","Kindergarten","8","","","","","","","","","","","","","","","",""
"Philadelphia","St Athanasius School","7th Grade","25","100.0%","100.0%","100.0%","100.0%","0.0%","100.0%","80.0%","80.0%","","","0.0%","0.0%","0.0%","0.0%","0.0%","20.0%"
"Philadelphia","St Barnabas School","Kindergarten","34","94.1%","94.1%","88.2%","94.1%","0.0%","88.2%","","","","","0.0%","0.0%","0.0%","0.0%","0.0%","11.8%"
"Philadelphia","St Barnabas School","7th Grade","43","95.3%","95.3%","95.3%","95.3%","0.0%","95.3%","74.4%","79.1%","","","0.0%","0.0%","0.0%","0.0%","0.0%","25.6%"
"Philadelphia","St Cecilia School","Kindergarten","44","100.0%","100.0%","100.0%","100.0%","0.0%","100.0%","","","","","0.0%","0.0%","0.0%","0.0%","0.0%","0.0%"
"Philadelphia","St Cecilia School","7th Grade","64","100.0%","100.0%","100.0%","100.0%","1.6%","98.4%","100.0%","100.0%","","","0.0%","0.0%","0.0%","0.0%","0.0%","0.0%"
"Philadelphia","St Christopher School","Kindergarten","26","100.0%","100.0%","100.0%","100.0%","0.0%","100.0%","","","","","0.0%","0.0%","0.0%","0.0%","0.0%","0.0%"
"Philadelphia","St Christopher School","7th Grade","27","100.0%","100.0%","100.0%","100.0%","0.0%","100.0%","100.0%","100.0%","","","0.0%","0.0%","0.0%","0.0%","0.0%","0.0%"
"Philadelphia","St Frances Cabrini Regional Catholic School","Kindergarten","20","90.0%","90.0%","90.0%","90.0%","0.0%","90.0%","","","","","0.0%","0.0%","0.0%","0.0%","0.0%","15.0%"
"Philadelphia","St Frances Cabrini Regional Catholic School","7th Grade","23","95.7%","95.7%","100.0%","95.7%","0.0%","95.7%","78.3%","78.3%","","","0.0%","0.0%","0.0%","0.0%","0.0%","21.7%"
"Philadelphia","St Francis De Sales School","Kindergarten","48","100.0%","95.8%","95.8%","100.0%","0.0%","95.8%","","","","","0.0%","0.0%","0.0%","0.0%","0.0%","4.2%"
"Philadelphia","St Francis De Sales School","7th Grade","42","100.0%","100.0%","100.0%","100.0%","0.0%","100.0%","100.0%","100.0%","","","0.0%","0.0%","0.0%","0.0%","0.0%","0.0%"
"Philadelphia","St Francis Xavier School","Kindergarten","22","95.5%","95.5%","100.0%","100.0%","0.0%","100.0%","","","","","0.0%","0.0%","0.0%","0.0%","0.0%","4.5%"
"Philadelphia","St Francis Xavier School","7th Grade","11","","","","","","","","","","","","","","","",""
"Philadelphia","St George School","Kindergarten","17","","","","","","","","","","","","","","","",""
"Philadelphia","St George School","7th Grade","12","","","","","","","","","","","","","","","",""
"Philadelphia","St Helena Incarnation Regional Catholic School","Kindergarten","62","100.0%","100.0%","96.8%","100.0%","0.0%","96.8%","","","","","0.0%","0.0%","0.0%","3.2%","0.0%","0.0%"
"Philadelphia","St Helena Incarnation Regional Catholic School","7th Grade","50","100.0%","100.0%","96.0%","100.0%","0.0%","98.0%","94.0%","94.0%","","","0.0%","0.0%","0.0%","6.0%","0.0%","0.0%"
"Philadelphia","St Huberts Catholic High Sch","12th Grade","103","100.0%","100.0%","100.0%","100.0%","0.0%","100.0%","100.0%","","0.0%","99.0%","0.0%","1.0%","0.0%","0.0%","0.0%","0.0%"
"Philadelphia","St James School","7th Grade","17","","","","","","","","","","","","","","","",""
"Philadelphia","St Jerome School","Kindergarten","47","89.4%","89.4%","91.5%","100.0%","2.1%","91.5%","","","","","0.0%","0.0%","0.0%","0.0%","0.0%","12.8%"
"Philadelphia","St Jerome School","7th Grade","30","100.0%","100.0%","100.0%","100.0%","0.0%","100.0%","100.0%","100.0%","","","0.0%","0.0%","0.0%","0.0%","0.0%","0.0%"
"Philadelphia","St Katherine of Siena School","Kindergarten","56","98.2%","98.2%","96.4%","100.0%","0.0%","96.4%","","","","","1.8%","0.0%","1.8%","1.8%","0.0%","0.0%"
"Philadelphia","St Katherine of Siena School","7th Grade","69","98.6%","98.6%","97.1%","98.6%","0.0%","97.1%","91.3%","92.8%","","","0.0%","0.0%","1.4%","0.0%","0.0%","8.7%"
"Philadelphia","St Laurentius School","Kindergarten","13","","","","","","","","","","","","","","","",""
"Philadelphia","St Laurentius School","7th Grade","16","","","","","","","","","","","","","","","",""
"Philadelphia","St Lucy Day School For Children With Visual Impairments","Kindergarten","1","","","","","","","","","","","","","","","",""
"Philadelphia","St Lucy Day School For Children With Visual Impairments","7th Grade","2","","","","","","","","","","","","","","","",""
"Philadelphia","St Malachy School","Kindergarten","17","","","","","","","","","","","","","","","",""
"Philadelphia","St Malachy School","7th Grade","21","100.0%","100.0%","100.0%","100.0%","0.0%","100.0%","100.0%","100.0%","","","0.0%","0.0%","0.0%","0.0%","0.0%","0.0%"
"Philadelphia","St Martha School","Kindergarten","16","","","","","","","","","","","","","","","",""
"Philadelphia","St Martha School","7th Grade","14","","","","","","","","","","","","","","","",""
"Philadelphia","St Martin De Porres","Kindergarten","46","93.5%","93.5%","93.5%","97.8%","0.0%","93.5%","","","","","0.0%","4.3%","0.0%","0.0%","0.0%","4.3%"
"Philadelphia","St Martin De Porres","7th Grade","26","100.0%","100.0%","100.0%","100.0%","0.0%","100.0%","76.9%","76.9%","","","0.0%","3.8%","0.0%","0.0%","0.0%","23.1%"
"Philadelphia","St Martin of Tours School","Kindergarten","36","97.2%","100.0%","100.0%","100.0%","0.0%","100.0%","","","","","0.0%","0.0%","0.0%","2.8%","0.0%","0.0%"
"Philadelphia","St Martin of Tours School","7th Grade","53","100.0%","100.0%","100.0%","100.0%","0.0%","100.0%","86.8%","86.8%","","","0.0%","0.0%","0.0%","0.0%","0.0%","13.2%"
"Philadelphia","St Marys Interparochial School","Kindergarten","28","92.9%","92.9%","92.9%","96.4%","0.0%","92.9%","","","","","3.6%","0.0%","0.0%","0.0%","0.0%","7.1%"
"Philadelphia","St Marys Interparochial School","7th Grade","27","100.0%","100.0%","100.0%","100.0%","0.0%","100.0%","92.6%","92.6%","","","0.0%","0.0%","0.0%","0.0%","0.0%","7.4%"
"Philadelphia","St Matthew School","Kindergarten","43","100.0%","100.0%","100.0%","100.0%","0.0%","100.0%","","","","","0.0%","0.0%","0.0%","0.0%","0.0%","0.0%"
"Philadelphia","St Matthew School","7th Grade","35","100.0%","100.0%","100.0%","100.0%","0.0%","100.0%","100.0%","100.0%","","","0.0%","0.0%","0.0%","0.0%","0.0%","0.0%"
"Philadelphia","St Monica School","Kindergarten","64","100.0%","100.0%","100.0%","100.0%","0.0%","100.0%","","","","","0.0%","0.0%","0.0%","0.0%","0.0%","0.0%"
"Philadelphia","St Monica School","7th Grade","56","100.0%","100.0%","100.0%","100.0%","0.0%","100.0%","100.0%","100.0%","","","0.0%","0.0%","0.0%","0.0%","0.0%","0.0%"
"Philadelphia","St Peter the Apostle School","Kindergarten","25","96.0%","92.0%","92.0%","96.0%","0.0%","92.0%","","","","","0.0%","0.0%","0.0%","0.0%","0.0%","8.0%"
"Philadelphia","St Peter the Apostle School","7th Grade","14","","","","","","","","","","","","","","","",""
"Philadelphia","St Pio Catholic Regional School","Kindergarten","40","100.0%","100.0%","97.5%","100.0%","0.0%","97.5%","","","","","2.5%","0.0%","0.0%","0.0%","0.0%","0.0%"
"Philadelphia","St Pio Catholic Regional School","7th Grade","25","100.0%","100.0%","100.0%","100.0%","0.0%","100.0%","96.0%","96.0%","","","0.0%","4.0%","0.0%","0.0%","0.0%","0.0%"
"Philadelphia","St Raymond of Penafort","Kindergarten","23","100.0%","100.0%","100.0%","100.0%","0.0%","100.0%","","","","","0.0%","0.0%","0.0%","0.0%","0.0%","0.0%"
"Philadelphia","St Raymond of Penafort","7th Grade","21","100.0%","100.0%","90.5%","100.0%","0.0%","90.5%","90.5%","90.5%","","","0.0%","0.0%","0.0%","0.0%","0.0%","9.5%"
"Philadelphia","St Rose of Lima School","Kindergarten","28","78.6%","78.6%","78.6%","78.6%","0.0%","78.6%","","","","","0.0%","0.0%","0.0%","0.0%","0.0%","21.4%"
"Philadelphia","St Rose of Lima School","7th Grade","24","83.3%","83.3%","83.3%","83.3%","0.0%","83.3%","91.7%","79.2%","","","0.0%","0.0%","0.0%","0.0%","0.0%","29.2%"
"Philadelphia","St Thomas Aquinas School","Kindergarten","24","95.8%","95.8%","95.8%","95.8%","0.0%","95.8%","","","","","4.2%","0.0%","0.0%","0.0%","0.0%","0.0%"
"Philadelphia","St Thomas Aquinas School","7th Grade","22","100.0%","100.0%","100.0%","100.0%","0.0%","100.0%","100.0%","100.0%","","","0.0%","0.0%","0.0%","0.0%","0.0%","0.0%"
"Philadelphia","St Veronica School","Kindergarten","19","","","","","","","","","","","","","","","",""
"Philadelphia","St Veronica School","7th Grade","25","100.0%","100.0%","100.0%","100.0%","0.0%","100.0%","80.0%","80.0%","","","0.0%","0.0%","4.0%","16.0%","0.0%","0.0%"
"Philadelphia","Stanton Edwin M Sch","Kindergarten","45","93.3%","93.3%","93.3%","95.6%","0.0%","93.3%","","","","","0.0%","4.4%","2.2%","0.0%","0.0%","0.0%"
"Philadelphia","Stanton Edwin M Sch","7th Grade","33","100.0%","100.0%","100.0%","100.0%","0.0%","100.0%","84.8%","84.8%","","","0.0%","3.0%","9.1%","0.0%","3.0%","0.0%"
"Philadelphia","Stearne Allen M Sch","Kindergarten","38","97.4%","100.0%","100.0%","100.0%","0.0%","97.4%","","","","","0.0%","0.0%","0.0%","5.3%","0.0%","0.0%"
"Philadelphia","Stearne Allen M Sch","7th Grade","47","100.0%","100.0%","100.0%","100.0%","0.0%","100.0%","97.9%","97.9%","","","0.0%","0.0%","2.1%","0.0%","0.0%","0.0%"
"Philadelphia","Steel Edward Sch","Kindergarten","44","93.2%","100.0%","100.0%","97.7%","0.0%","97.7%","","","","","0.0%","2.3%","0.0%","4.5%","0.0%","0.0%"
"Philadelphia","Steel Edward Sch","7th Grade","55","100.0%","100.0%","100.0%","100.0%","0.0%","100.0%","98.2%","96.4%","","","0.0%","1.8%","0.0%","1.8%","0.0%","0.0%"
"Philadelphia","Strawberry Mansion HS","12th Grade","56","87.5%","100.0%","100.0%","100.0%","0.0%","98.2%","96.4%","","0.0%","89.3%","0.0%","1.8%","1.8%","1.8%","3.6%","7.1%"
"Philadelphia","Sullivan James J Sch","Kindergarten","76","92.1%","92.1%","90.8%","90.8%","19.7%","80.3%","","","","","0.0%","3.9%","3.9%","2.6%","0.0%","0.0%"
"Philadelphia","Swenson Arts & Technology HS","12th Grade","144","100.0%","100.0%","100.0%","100.0%","0.0%","100.0%","99.3%","","1.4%","94.4%","0.0%","0.0%","2.1%","0.7%","0.0%","1.4%"
"Philadelphia","TECH Freire CS","12th Grade","95","94.7%","92.6%","94.7%","95.8%","0.0%","94.7%","94.7%","","26.3%","72.6%","1.1%","0.0%","0.0%","0.0%","0.0%","37.9%"
"Philadelphia","Tacony Academy CS","Kindergarten","78","97.4%","97.4%","97.4%","98.7%","0.0%","97.4%","","","","","0.0%","0.0%","1.3%","0.0%","0.0%","1.3%"
"Philadelphia","Tacony Academy CS","7th Grade","81","98.8%","98.8%","98.8%","98.8%","0.0%","98.8%","93.8%","93.8%","","","0.0%","0.0%","1.2%","0.0%","0.0%","6.2%"
"Philadelphia","Tacony Academy CS","12th Grade","87","100.0%","98.9%","98.9%","98.9%","0.0%","97.7%","100.0%","","2.3%","70.1%","0.0%","0.0%","0.0%","0.0%","0.0%","29.9%"
"Philadelphia","Taggart John H Sch","Kindergarten","59","96.6%","98.3%","98.3%","98.3%","0.0%","96.6%","","","","","0.0%","0.0%","1.7%","0.0%","0.0%","3.4%"
"Philadelphia","Taggart John H Sch","7th Grade","47","100.0%","97.9%","97.9%","100.0%","0.0%","97.9%","95.7%","95.7%","","","0.0%","0.0%","0.0%","0.0%","0.0%","6.4%"
"Philadelphia","Talmudical Yeshiva of Philadelphia","12th Grade","28","75.0%","85.7%","85.7%","85.7%","3.6%","82.1%","85.7%","","0.0%","67.9%","0.0%","0.0%","0.0%","0.0%","0.0%","35.7%"
"Philadelphia","Taylor Bayard Sch","Kindergarten","57","96.5%","96.5%","96.5%","96.5%","0.0%","94.7%","","","","","0.0%","0.0%","1.8%","0.0%","1.8%","3.5%"
"Philadelphia","The Linc","12th Grade","47","89.4%","89.4%","89.4%","89.4%","0.0%","89.4%","87.2%","","17.0%","70.2%","0.0%","0.0%","0.0%","0.0%","0.0%","19.1%"
"Philadelphia","The Philadelphia CS for Arts and Sciences at HR Edmunds","Kindergarten","82","89.0%","89.0%","87.8%","90.2%","0.0%","87.8%","","","","","0.0%","6.1%","1.2%","0.0%","0.0%","4.9%"
"Philadelphia","The Philadelphia CS for Arts and Sciences at HR Edmunds","7th Grade","105","97.1%","97.1%","97.1%","99.0%","0.0%","96.2%","87.6%","87.6%","","","0.0%","1.0%","0.0%","0.0%","0.0%","12.4%"
"Philadelphia","The SD of Philadelphia Virtual Academy","Kindergarten","10","","","","","","","","","","","","","","","",""
"Philadelphia","The SD of Philadelphia Virtual Academy","7th Grade","79","96.2%","94.9%","94.9%","96.2%","0.0%","96.2%","70.9%","67.1%","","","1.3%","1.3%","1.3%","0.0%","0.0%","31.6%"
"Philadelphia","The SD of Philadelphia Virtual Academy","12th Grade","274","98.2%","99.3%","98.9%","98.2%","2.6%","95.3%","97.8%","","40.1%","58.0%","0.0%","0.4%","0.7%","0.7%","0.0%","29.2%"
"Philadelphia","The Science Leadership Academy at Beeber","7th Grade","53","100.0%","100.0%","100.0%","100.0%","0.0%","100.0%","94.3%","98.1%","","","0.0%","0.0%","1.9%","0.0%","0.0%","3.8%"
"Philadelphia","The Science Leadership Academy at Beeber","12th Grade","89","96.6%","100.0%","96.6%","95.5%","2.2%","94.4%","96.6%","","11.2%","88.8%","0.0%","1.1%","4.5%","0.0%","0.0%","0.0%"
"Philadelphia","The U School: Innovative Lab","12th Grade","21","100.0%","100.0%","100.0%","100.0%","0.0%","100.0%","100.0%","","0.0%","85.7%","0.0%","0.0%","0.0%","0.0%","0.0%","14.3%"
"Philadelphia","The Workshop School","12th Grade","49","100.0%","100.0%","100.0%","98.0%","0.0%","100.0%","100.0%","","8.2%","91.8%","0.0%","4.1%","0.0%","0.0%","0.0%","0.0%"
"Philadelphia","Tilden William T MS","7th Grade","80","86.2%","83.8%","100.0%","98.8%","0.0%","100.0%","83.8%","82.5%","","","0.0%","1.2%","0.0%","11.2%","0.0%","15.0%"
"Philadelphia","Universal Alcorn CS","Kindergarten","45","100.0%","100.0%","100.0%","100.0%","0.0%","100.0%","","","","","0.0%","0.0%","0.0%","0.0%","0.0%","0.0%"
"Philadelphia","Universal Alcorn CS","7th Grade","60","100.0%","100.0%","98.3%","96.7%","0.0%","98.3%","0.0%","0.0%","","","0.0%","0.0%","0.0%","0.0%","0.0%","100.0%"
"Philadelphia","Universal Audenried CS","12th Grade","119","95.8%","96.6%","96.6%","96.6%","0.0%","96.6%","89.9%","","10.9%","72.3%","0.0%","0.0%","0.8%","1.7%","0.0%","97.5%"
"Philadelphia","Universal Creighton CS","Kindergarten","76","98.7%","98.7%","98.7%","98.7%","0.0%","98.7%","","","","","0.0%","0.0%","1.3%","0.0%","0.0%","0.0%"
"Philadelphia","Universal Creighton CS","7th Grade","73","0.0%","0.0%","0.0%","0.0%","0.0%","0.0%","76.7%","75.3%","","","0.0%","0.0%","0.0%","0.0%","0.0%","100.0%"
"Philadelphia","Universal Institute CS","Kindergarten","55","85.5%","76.4%","87.3%","89.1%","0.0%","80.0%","","","","","3.6%","5.5%","0.0%","0.0%","0.0%","14.5%"
"Philadelphia","Universal Institute CS","7th Grade","65","95.4%","95.4%","96.9%","96.9%","0.0%","95.4%","98.5%","98.5%","","","3.1%","0.0%","0.0%","0.0%","0.0%","4.6%"
"Philadelphia","Universal Vare CS","7th Grade","26","96.2%","96.2%","100.0%","100.0%","0.0%","100.0%","92.3%","92.3%","","","0.0%","3.8%","0.0%","0.0%","0.0%","3.8%"
"Philadelphia","Vare-Washington El Sch","Kindergarten","50","98.0%","98.0%","98.0%","98.0%","0.0%","98.0%","","","","","0.0%","0.0%","0.0%","2.0%","0.0%","0.0%"
"Philadelphia","Vare-Washington El Sch","7th Grade","31","100.0%","100.0%","100.0%","100.0%","0.0%","100.0%","87.1%","80.6%","","","0.0%","0.0%","0.0%","0.0%","0.0%","41.9%"
"Philadelphia","Vaux HS: A Big Picture School","12th Grade","56","98.2%","100.0%","100.0%","100.0%","0.0%","100.0%","98.2%","","0.0%","82.1%","3.6%","3.6%","0.0%","0.0%","0.0%","17.9%"
"Philadelphia","Visitation School","Kindergarten","32","90.6%","90.6%","90.6%","96.9%","0.0%","90.6%","","","","","0.0%","0.0%","0.0%","0.0%","0.0%","15.6%"
"Philadelphia","Visitation School","7th Grade","31","100.0%","100.0%","100.0%","100.0%","0.0%","100.0%","80.6%","77.4%","","","0.0%","0.0%","0.0%","0.0%","0.0%","22.6%"
"Philadelphia","Wagner Gen Louis MS","7th Grade","85","96.5%","96.5%","96.5%","94.1%","0.0%","95.3%","82.4%","80.0%","","","0.0%","0.0%","0.0%","10.6%","0.0%","89.4%"
"Philadelphia","Waldorf School of Philadelphia","Kindergarten","20","90.0%","90.0%","90.0%","90.0%","0.0%","90.0%","","","","","0.0%","0.0%","0.0%","0.0%","0.0%","10.0%"
"Philadelphia","Waldorf School of Philadelphia","7th Grade","21","85.7%","85.7%","85.7%","85.7%","0.0%","85.7%","85.7%","85.7%","","","0.0%","9.5%","4.8%","0.0%","0.0%","0.0%"
"Philadelphia","Waring Laura W Sch","Kindergarten","18","","","","","","","","","","","","","","","",""
"Philadelphia","Waring Laura W Sch","7th Grade","26","100.0%","92.3%","96.2%","100.0%","0.0%","96.2%","80.8%","80.8%","","","0.0%","0.0%","19.2%","0.0%","0.0%","0.0%"
"Philadelphia","Washington George HS","12th Grade","396","97.2%","88.9%","97.7%","97.5%","10.9%","79.0%","96.2%","","34.1%","62.6%","0.5%","2.3%","3.0%","1.8%","0.0%","8.3%"
"Philadelphia","Washington Grover Jr Sch","7th Grade","85","100.0%","100.0%","100.0%","100.0%","0.0%","100.0%","100.0%","100.0%","","","0.0%","0.0%","0.0%","0.0%","0.0%","0.0%"
"Philadelphia","Washington Martha Sch","Kindergarten","17","","","","","","","","","","","","","","","",""
"Philadelphia","Washington Martha Sch","7th Grade","25","100.0%","100.0%","100.0%","100.0%","0.0%","100.0%","96.0%","96.0%","","","0.0%","4.0%","0.0%","0.0%","0.0%","0.0%"
"Philadelphia","Webster Sch","Kindergarten","69","98.6%","97.1%","97.1%","98.6%","0.0%","97.1%","","","","","0.0%","2.9%","0.0%","0.0%","0.0%","0.0%"
"Philadelphia","Welsh John Sch","Kindergarten","33","97.0%","97.0%","97.0%","97.0%","0.0%","97.0%","","","","","0.0%","0.0%","3.0%","0.0%","0.0%","0.0%"
"Philadelphia","Welsh John Sch","7th Grade","27","100.0%","100.0%","100.0%","100.0%","0.0%","100.0%","92.6%","96.3%","","","0.0%","0.0%","3.7%","3.7%","0.0%","0.0%"
"Philadelphia","West Catholic Prep High School","12th Grade","89","70.8%","71.9%","73.0%","70.8%","0.0%","74.2%","73.0%","","2.2%","49.4%","0.0%","0.0%","0.0%","21.3%","0.0%","32.6%"
"Philadelphia","West Oak Lane CS","Kindergarten","111","95.5%","95.5%","92.8%","98.2%","0.0%","94.6%","","","","","0.0%","2.7%","0.0%","0.0%","0.0%","9.0%"
"Philadelphia","West Oak Lane CS","7th Grade","100","100.0%","100.0%","100.0%","100.0%","0.0%","100.0%","80.0%","79.0%","","","0.0%","1.0%","0.0%","0.0%","0.0%","22.0%"
"Philadelphia","West Philadelphia HS","12th Grade","176","98.9%","98.9%","99.4%","98.9%","0.0%","98.9%","96.6%","","1.7%","69.3%","0.0%","0.6%","1.1%","0.0%","0.0%","30.7%"
"Philadelphia","Widener Memorial Sch","Kindergarten","5","","","","","","","","","","","","","","","",""
"Philadelphia","Widener Memorial Sch","7th Grade","11","","","","","","","","","","","","","","","",""
"Philadelphia","Widener Memorial Sch","12th Grade","32","93.8%","96.9%","96.9%","100.0%","0.0%","96.9%","96.9%","","3.1%","90.6%","0.0%","0.0%","6.2%","0.0%","0.0%","3.1%"
"Philadelphia","Willard Frances E Sch","Kindergarten","64","100.0%","100.0%","100.0%","100.0%","0.0%","100.0%","","","","","0.0%","0.0%","0.0%","0.0%","0.0%","4.7%"
"Philadelphia","William Penn Charter School","Kindergarten","45","95.6%","95.6%","95.6%","95.6%","0.0%","95.6%","","","","","0.0%","0.0%","4.4%","0.0%","0.0%","0.0%"
"Philadelphia","William Penn Charter School","7th Grade","73","98.6%","98.6%","98.6%","98.6%","0.0%","98.6%","98.6%","98.6%","","","0.0%","0.0%","1.4%","0.0%","0.0%","0.0%"
"Philadelphia","William Penn Charter School","12th Grade","122","100.0%","99.2%","99.2%","100.0%","0.0%","99.2%","99.2%","","0.0%","99.2%","0.0%","0.0%","0.8%","0.0%","0.0%","0.0%"
"Philadelphia","Wissahickon CS","Kindergarten","107","100.0%","100.0%","100.0%","100.0%","0.0%","100.0%","","","","","0.0%","11.2%","0.0%","0.0%","0.0%","0.0%"
"Philadelphia","Wissahickon CS","7th Grade","112","99.1%","99.1%","99.1%","99.1%","0.0%","99.1%","99.1%","99.1%","","","0.0%","4.5%","0.0%","0.0%","0.0%","0.0%"
"Philadelphia","Wright Richard R Sch","Kindergarten","30","96.7%","100.0%","100.0%","100.0%","0.0%","100.0%","","","","","0.0%","0.0%","0.0%","0.0%","0.0%","3.3%"
"Philadelphia","YALE School of Philadelphia","7th Grade","16","","","","","","","","","","","","","","","",""
"Philadelphia","YALE School of Philadelphia","12th Grade","6","","","","","","","","","","","","","","","",""
"Philadelphia","Yeshiva Ketana of Philadelphia","Kindergarten","11","","","","","","","","","","","","","","","",""
"Philadelphia","Young Scholars CS","7th Grade","73","95.9%","95.9%","95.9%","95.9%","0.0%","95.9%","94.5%","93.2%","","","0.0%","0.0%","4.1%","2.7%","0.0%","0.0%"
"Philadelphia","Youth Build Phila CS","12th Grade","298","87.9%","85.9%","86.6%","88.6%","0.0%","86.6%","93.6%","","34.9%","55.0%","0.0%","0.0%","0.0%","0.0%","0.0%","14.1%"
"Philadelphia","Ziegler William H Sch","Kindergarten","46","95.7%","93.5%","97.8%","97.8%","0.0%","95.7%","","","","","0.0%","0.0%","0.0%","4.3%","0.0%","2.2%"
"Philadelphia","Ziegler William H Sch","7th Grade","62","98.4%","98.4%","100.0%","100.0%","1.6%","96.8%","96.8%","98.4%","","","0.0%","1.6%","0.0%","1.6%","0.0%","3.2%"
"Pike","Ascend Acton Academy","Kindergarten","9","","","","","","","","","","","","","","","",""
"Pike","Ascend Acton Academy","7th Grade","3","","","","","","","","","","","","","","","",""
"Pike","Delaware Valley El Sch","Kindergarten","67","91.0%","88.1%","91.0%","91.0%","0.0%","88.1%","","","","","0.0%","11.9%","0.0%","0.0%","0.0%","0.0%"
"Pike","Delaware Valley HS","12th Grade","322","92.2%","92.2%","92.2%","92.2%","0.0%","91.9%","92.2%","","0.9%","87.3%","0.3%","5.3%","2.2%","0.0%","0.0%","4.0%"
"Pike","Delaware Valley MS","7th Grade","153","90.8%","91.5%","91.5%","91.5%","1.3%","91.5%","91.5%","91.5%","","","0.0%","7.8%","2.6%","0.0%","0.0%","0.7%"
"Pike","Dingman-Delaware MS","7th Grade","184","93.5%","92.9%","93.5%","93.5%","1.1%","92.9%","89.1%","89.1%","","","0.0%","10.9%","0.0%","0.0%","0.0%","0.0%"
"Pike","Dingman-Delaware Primary Sch","Kindergarten","140","90.0%","90.0%","90.7%","93.6%","0.0%","90.7%","","","","","0.0%","5.7%","2.1%","2.1%","0.0%","0.0%"
"Pike","Shohola El Sch","Kindergarten","61","80.3%","80.3%","80.3%","80.3%","0.0%","78.7%","","","","","1.6%","9.8%","8.2%","1.6%","0.0%","0.0%"
"Pike","Sunshine Academy","Kindergarten","2","","","","","","","","","","","","","","","",""
"Pike","Wallenpaupack Area HS","12th Grade","267","92.9%","95.5%","96.3%","95.9%","0.7%","94.8%","92.9%","","30.0%","68.9%","0.7%","6.7%","6.0%","1.1%","0.0%","16.5%"
"Pike","Wallenpaupack Area MS","7th Grade","225","77.3%","77.3%","80.4%","79.1%","0.0%","80.0%","80.0%","77.8%","","","0.0%","9.3%","7.6%","0.0%","0.0%","6.2%"
"Pike","Wallenpaupack Pri Sch","Kindergarten","149","91.9%","87.2%","87.2%","89.9%","0.0%","86.6%","","","","","0.0%","6.0%","7.4%","0.7%","0.0%","0.0%"
"Potter","Austin Area El Sch","Kindergarten","10","","","","","","","","","","","","","","","",""
"Potter","Austin Area JSHS","7th Grade","15","","","","","","","","","","","","","","","",""
"Potter","Austin Area JSHS","12th Grade","13","","","","","","","","","","","","","","","",""
"Potter","Chestnut Ridge School","7th Grade","3","","","","","","","","","","","","","","","",""
"Potter","Coudersport Area El Sch","Kindergarten","52","98.1%","98.1%","98.1%","100.0%","0.0%","98.1%","","","","","0.0%","1.9%","0.0%","0.0%","0.0%","0.0%"
"Potter","Coudersport Area JSHS","7th Grade","50","94.0%","92.0%","94.0%","94.0%","0.0%","94.0%","88.0%","88.0%","","","0.0%","4.0%","0.0%","2.0%","0.0%","6.0%"
"Potter","Coudersport Area JSHS","12th Grade","47","100.0%","100.0%","100.0%","97.9%","0.0%","97.9%","97.9%","","0.0%","95.7%","0.0%","0.0%","0.0%","0.0%","0.0%","4.3%"
"Potter","Galeton Area Sch","Kindergarten","12","","","","","","","","","","","","","","","",""
"Potter","Galeton Area Sch","7th Grade","29","100.0%","100.0%","100.0%","100.0%","0.0%","100.0%","93.1%","93.1%","","","0.0%","0.0%","0.0%","6.9%","0.0%","0.0%"
"Potter","Galeton Area Sch","12th Grade","21","100.0%","100.0%","100.0%","100.0%","0.0%","100.0%","95.2%","","0.0%","85.7%","0.0%","0.0%","4.8%","14.3%","0.0%","0.0%"
"Potter","Galeton JSHS","7th Grade","29","100.0%","100.0%","100.0%","100.0%","0.0%","100.0%","93.1%","93.1%","","","0.0%","0.0%","0.0%","6.9%","0.0%","0.0%"
"Potter","Galeton JSHS","12th Grade","21","100.0%","100.0%","100.0%","100.0%","0.0%","100.0%","95.2%","","0.0%","85.7%","0.0%","0.0%","4.8%","14.3%","0.0%","0.0%"
"Potter","Hebron Center Christian School","Kindergarten","1","","","","","","","","","","","","","","","",""
"Potter","Hebron Center Christian School","7th Grade","3","","","","","","","","","","","","","","","",""
"Potter","Hebron Center Christian School","12th Grade","2","","","","","","","","","","","","","","","",""
"Potter","Marsh Creek Amish School","7th Grade","2","","","","","","","","","","","","","","","",""
"Potter","Meadow View School","7th Grade","2","","","","","","","","","","","","","","","",""
"Potter","Musto Hollow Amish School","7th Grade","1","","","","","","","","","","","","","","","",""
"Potter","Northern Potter Childrens Sch","Kindergarten","49","91.8%","91.8%","91.8%","91.8%","0.0%","91.8%","","","","","0.0%","0.0%","6.1%","2.0%","0.0%","0.0%"
"Potter","Northern Potter JSHS","7th Grade","49","93.9%","93.9%","91.8%","91.8%","0.0%","91.8%","91.8%","91.8%","","","0.0%","6.1%","2.0%","4.1%","0.0%","0.0%"
"Potter","Northern Potter JSHS","12th Grade","34","88.2%","82.4%","88.2%","88.2%","2.9%","85.3%","88.2%","","0.0%","76.5%","0.0%","8.8%","0.0%","14.7%","0.0%","0.0%"
"Potter","Oswayo Valley El Sch","Kindergarten","21","95.2%","85.7%","85.7%","95.2%","0.0%","85.7%","","","","","0.0%","0.0%","4.8%","9.5%","0.0%","0.0%"
"Potter","Oswayo Valley JSHS","7th Grade","29","93.1%","93.1%","96.6%","96.6%","0.0%","96.6%","93.1%","93.1%","","","0.0%","6.9%","0.0%","3.4%","0.0%","0.0%"
"Potter","Oswayo Valley JSHS","12th Grade","25","96.0%","96.0%","96.0%","96.0%","0.0%","96.0%","96.0%","","0.0%","96.0%","0.0%","4.0%","0.0%","0.0%","0.0%","0.0%"
"Potter","Potter County Christian School","Kindergarten","2","","","","","","","","","","","","","","","",""
"Potter","Potter County Christian School","7th Grade","1","","","","","","","","","","","","","","","",""
"Potter","Potter County Christian School","12th Grade","1","","","","","","","","","","","","","","","",""
"Schuylkill","Assumption BVM School","Kindergarten","16","","","","","","","","","","","","","","","",""
"Schuylkill","Assumption BVM School","7th Grade","17","","","","","","","","","","","","","","","",""
"Schuylkill","Blue Mountain El East Sch","Kindergarten","100","89.0%","89.0%","89.0%","89.0%","0.0%","89.0%","","","","","1.0%","10.0%","0.0%","0.0%","0.0%","0.0%"
"Schuylkill","Blue Mountain El West Sch","Kindergarten","79","88.6%","88.6%","87.3%","93.7%","0.0%","87.3%","","","","","0.0%","8.9%","3.8%","0.0%","0.0%","0.0%"
"Schuylkill","Blue Mountain HS","12th Grade","213","98.6%","97.2%","97.2%","96.7%","0.5%","96.2%","97.2%","","7.5%","90.1%","0.9%","3.3%","6.1%","1.9%","0.0%","1.9%"
"Schuylkill","Blue Mountain MS","7th Grade","205","88.8%","88.8%","88.8%","88.3%","0.0%","88.8%","88.3%","88.3%","","","1.0%","7.8%","2.9%","0.5%","0.0%","0.0%"
"Schuylkill","Clarke El Ctr","Kindergarten","189","97.9%","98.9%","98.9%","98.9%","0.0%","98.9%","","","","","0.0%","0.0%","1.1%","1.1%","0.0%","0.0%"
"Schuylkill","Early Childhood Edu Ctr","Kindergarten","68","98.5%","88.2%","88.2%","98.5%","0.0%","88.2%","","","","","0.0%","0.0%","1.5%","10.3%","0.0%","0.0%"
"Schuylkill","Fearnot","7th Grade","4","","","","","","","","","","","","","","","",""
"Schuylkill","Flat Hill Amish Parochial School","7th Grade","3","","","","","","","","","","","","","","","",""
"Schuylkill","Gillingham Charter School","Kindergarten","19","","","","","","","","","","","","","","","",""
"Schuylkill","Gillingham Charter School","7th Grade","21","100.0%","100.0%","100.0%","100.0%","0.0%","100.0%","100.0%","100.0%","","","0.0%","0.0%","0.0%","0.0%","0.0%","0.0%"
"Schuylkill","Gillingham Charter School","12th Grade","12","","","","","","","","","","","","","","","",""
"Schuylkill","Hegins-Hubley El Sch","Kindergarten","22","95.5%","95.5%","95.5%","95.5%","0.0%","95.5%","","","","","0.0%","0.0%","4.5%","0.0%","0.0%","0.0%"
"Schuylkill","Lengel MS","7th Grade","193","100.0%","100.0%","100.0%","100.0%","0.0%","99.5%","99.0%","99.0%","","","0.5%","1.0%","0.0%","0.0%","0.0%","0.0%"
"Schuylkill","Mahanoy Area El Sch","Kindergarten","82","95.1%","97.6%","97.6%","97.6%","0.0%","97.6%","","","","","1.2%","2.4%","2.4%","2.4%","0.0%","1.2%"
"Schuylkill","Mahanoy Area JSHS","7th Grade","93","100.0%","100.0%","100.0%","100.0%","0.0%","100.0%","97.8%","97.8%","","","0.0%","0.0%","2.2%","0.0%","0.0%","0.0%"
"Schuylkill","Mahanoy Area JSHS","12th Grade","73","100.0%","100.0%","100.0%","100.0%","0.0%","98.6%","100.0%","","5.5%","90.4%","0.0%","0.0%","0.0%","2.7%","0.0%","1.4%"
"Schuylkill","Mahantongo El Sch","Kindergarten","21","95.2%","95.2%","95.2%","95.2%","0.0%","95.2%","","","","","0.0%","0.0%","4.8%","0.0%","0.0%","0.0%"
"Schuylkill","Marian High School","12th Grade","61","88.5%","88.5%","88.5%","88.5%","0.0%","88.5%","88.5%","","1.6%","65.6%","3.3%","3.3%","0.0%","1.6%","0.0%","24.6%"
"Schuylkill","Minersville Area JSHS","7th Grade","91","98.9%","98.9%","100.0%","98.9%","0.0%","100.0%","98.9%","98.9%","","","0.0%","0.0%","0.0%","2.2%","0.0%","0.0%"
"Schuylkill","Minersville Area JSHS","12th Grade","82","100.0%","100.0%","98.8%","100.0%","0.0%","98.8%","98.8%","","0.0%","95.1%","1.2%","0.0%","1.2%","2.4%","0.0%","0.0%"
"Schuylkill","Nativity BVM High School","12th Grade","48","100.0%","100.0%","100.0%","100.0%","0.0%","100.0%","100.0%","","2.1%","97.9%","0.0%","0.0%","2.1%","0.0%","0.0%","0.0%"
"Schuylkill","New England Valley Mennonite","7th Grade","2","","","","","","","","","","","","","","","",""
"Schuylkill","North Schuylkill Elem Sch","Kindergarten","159","96.2%","96.2%","95.6%","95.6%","0.0%","95.0%","","","","","0.0%","5.7%","0.0%","0.0%","0.0%","0.0%"
"Schuylkill","North Schuylkill JSHS","7th Grade","153","100.0%","100.0%","100.0%","100.0%","0.0%","100.0%","98.0%","97.4%","","","0.0%","0.0%","2.0%","0.7%","0.0%","0.0%"
"Schuylkill","North Schuylkill JSHS","12th Grade","168","100.0%","100.0%","100.0%","100.0%","0.0%","100.0%","99.4%","","0.0%","97.6%","0.0%","1.8%","0.6%","0.0%","0.0%","0.0%"
"Schuylkill","Pine Grove Area HS","12th Grade","124","96.8%","96.0%","96.8%","96.0%","0.8%","96.0%","96.0%","","0.0%","76.6%","0.8%","6.5%","2.4%","0.8%","0.0%","14.5%"
"Schuylkill","Pine Grove Area MS","7th Grade","112","92.9%","92.9%","92.9%","92.0%","0.0%","92.9%","86.6%","86.6%","","","0.0%","8.9%","0.9%","0.9%","0.0%","3.6%"
"Schuylkill","Pine Grove El Sch","Kindergarten","99","97.0%","97.0%","96.0%","97.0%","0.0%","96.0%","","","","","0.0%","3.0%","0.0%","1.0%","0.0%","0.0%"
"Schuylkill","Pine Haven Mennonite School","7th Grade","2","","","","","","","","","","","","","","","",""
"Schuylkill","Pottsville Area HS","12th Grade","238","98.7%","98.7%","98.7%","98.7%","0.4%","98.3%","98.7%","","1.3%","97.5%","0.0%","0.0%","1.3%","0.0%","0.0%","1.3%"
"Schuylkill","River Rock Academy","7th Grade","1","","","","","","","","","","","","","","","",""
"Schuylkill","River Rock Academy","12th Grade","3","","","","","","","","","","","","","","","",""
"Schuylkill","Saint Clair Area El/MS","Kindergarten","53","92.5%","94.3%","94.3%","92.5%","0.0%","94.3%","","","","","0.0%","0.0%","1.9%","7.5%","0.0%","0.0%"
"Schuylkill","Saint Clair Area El/MS","7th Grade","62","96.8%","95.2%","95.2%","91.9%","0.0%","95.2%","93.5%","93.5%","","","0.0%","0.0%","3.2%","9.7%","0.0%","3.2%"
"Schuylkill","Schuylkill Haven El Ctr","Kindergarten","88","98.9%","97.7%","98.9%","98.9%","0.0%","98.9%","","","","","0.0%","0.0%","1.1%","1.1%","0.0%","0.0%"
"Schuylkill","Schuylkill Haven MS","7th Grade","92","97.8%","97.8%","97.8%","97.8%","0.0%","97.8%","89.1%","87.0%","","","0.0%","0.0%","13.0%","0.0%","0.0%","0.0%"
"Schuylkill","Schuylkill Haven SHS","12th Grade","97","95.9%","95.9%","95.9%","95.9%","0.0%","95.9%","95.9%","","0.0%","95.9%","0.0%","0.0%","4.1%","0.0%","0.0%","0.0%"
"Schuylkill","Shenandoah Christian School","Kindergarten","2","","","","","","","","","","","","","","","",""
"Schuylkill","Shenandoah Christian School","7th Grade","2","","","","","","","","","","","","","","","",""
"Schuylkill","Shenandoah Valley El Sch","Kindergarten","103","99.0%","99.0%","99.0%","99.0%","0.0%","99.0%","","","","","0.0%","0.0%","0.0%","0.0%","0.0%","1.0%"
"Schuylkill","Shenandoah Valley JSHS","7th Grade","100","100.0%","100.0%","100.0%","100.0%","0.0%","100.0%","98.0%","98.0%","","","1.0%","0.0%","0.0%","0.0%","0.0%","1.0%"
"Schuylkill","Shenandoah Valley JSHS","12th Grade","75","100.0%","100.0%","100.0%","100.0%","0.0%","100.0%","100.0%","","1.3%","97.3%","0.0%","0.0%","0.0%","0.0%","0.0%","2.7%"
"Schuylkill","Songbird Hollow Amish School","7th Grade","1","","","","","","","","","","","","","","","",""
"Schuylkill","St Jerome Regional School","Kindergarten","34","97.1%","97.1%","97.1%","97.1%","0.0%","97.1%","","","","","0.0%","8.8%","0.0%","2.9%","0.0%","0.0%"
"Schuylkill","St Jerome Regional School","7th Grade","22","100.0%","100.0%","100.0%","100.0%","0.0%","100.0%","81.8%","81.8%","","","0.0%","0.0%","0.0%","18.2%","0.0%","0.0%"
"Schuylkill","St Joseph Center for Spec Lrng","Kindergarten","1","","","","","","","","","","","","","","","",""
"Schuylkill","St Joseph Center for Spec Lrng","7th Grade","2","","","","","","","","","","","","","","","",""
"Schuylkill","St Joseph Center for Spec Lrng","12th Grade","4","","","","","","","","","","","","","","","",""
"Schuylkill","St Nicholas School","Kindergarten","12","","","","","","","","","","","","","","","",""
"Schuylkill","St Nicholas School","7th Grade","1","","","","","","","","","","","","","","","",""
"Schuylkill","Tamaqua Area MS","7th Grade","154","98.7%","98.7%","98.1%","98.7%","0.0%","98.7%","83.8%","83.1%","","","0.0%","0.6%","1.9%","0.0%","0.0%","15.6%"
"Schuylkill","Tamaqua Area SHS","12th Grade","171","99.4%","99.4%","99.4%","99.4%","0.0%","99.4%","98.8%","","0.0%","90.6%","0.0%","1.2%","0.0%","0.0%","0.0%","9.4%"
"Schuylkill","Tamaqua El Sch","Kindergarten","109","99.1%","99.1%","99.1%","99.1%","0.0%","99.1%","","","","","0.0%","0.9%","0.0%","0.0%","0.0%","0.0%"
"Schuylkill","Tri-Valley JSHS","7th Grade","74","100.0%","100.0%","100.0%","100.0%","1.4%","98.6%","100.0%","100.0%","","","0.0%","0.0%","0.0%","0.0%","0.0%","0.0%"
"Schuylkill","Tri-Valley JSHS","12th Grade","67","100.0%","100.0%","100.0%","100.0%","0.0%","100.0%","100.0%","","0.0%","97.0%","0.0%","1.5%","1.5%","0.0%","0.0%","0.0%"
"Schuylkill","West Penn Twp El Sch","Kindergarten","36","97.2%","97.2%","100.0%","100.0%","0.0%","100.0%","","","","","2.8%","8.3%","0.0%","2.8%","0.0%","0.0%"
"Schuylkill","Williams Valley El Sch","Kindergarten","78","98.7%","98.7%","98.7%","100.0%","0.0%","97.4%","","","","","0.0%","0.0%","0.0%","1.3%","0.0%","2.6%"
"Schuylkill","Williams Valley JSHS","7th Grade","60","96.7%","96.7%","96.7%","95.0%","0.0%","96.7%","91.7%","86.7%","","","1.7%","10.0%","1.7%","0.0%","0.0%","0.0%"
"Schuylkill","Williams Valley JSHS","12th Grade","82","98.8%","98.8%","97.6%","98.8%","0.0%","97.6%","98.8%","","0.0%","89.0%","0.0%","3.7%","2.4%","0.0%","0.0%","4.9%"
"Snyder","Bannerville Hill Amish School","7th Grade","1","","","","","","","","","","","","","","","",""
"Snyder","Chapman Amish School","7th Grade","5","","","","","","","","","","","","","","","",""
"Snyder","Kantz Mennonite Parochial School","7th Grade","3","","","","","","","","","","","","","","","",""
"Snyder","Lakeview Amish School","7th Grade","3","","","","","","","","","","","","","","","",""
"Snyder","Leaning Oak Mennonite School","7th Grade","1","","","","","","","","","","","","","","","",""
"Snyder","Meadow View Parochial School","7th Grade","3","","","","","","","","","","","","","","","",""
"Snyder","Midd-West HS","12th Grade","141","95.0%","94.3%","95.0%","94.3%","0.0%","95.0%","95.0%","","7.8%","90.1%","0.0%","3.5%","5.7%","0.0%","0.0%","0.0%"
"Snyder","Midd-West MS","7th Grade","148","96.6%","96.6%","95.9%","96.6%","0.0%","96.6%","91.2%","91.2%","","","0.0%","3.4%","3.4%","0.0%","0.0%","2.0%"
"Snyder","Middleburg El Sch","Kindergarten","68","85.3%","85.3%","85.3%","89.7%","0.0%","85.3%","","","","","0.0%","10.3%","0.0%","0.0%","0.0%","4.4%"
"Snyder","Misty Hollow Mennonite School","7th Grade","1","","","","","","","","","","","","","","","",""
"Snyder","Mountain View Amish School","7th Grade","4","","","","","","","","","","","","","","","",""
"Snyder","New Story","Kindergarten","2","","","","","","","","","","","","","","","",""
"Snyder","New Story","7th Grade","7","","","","","","","","","","","","","","","",""
"Snyder","New Story","12th Grade","1","","","","","","","","","","","","","","","",""
"Snyder","Palace Creek Mennonite School","7th Grade","10","","","","","","","","","","","","","","","",""
"Snyder","Penn View Christian Academy","Kindergarten","8","","","","","","","","","","","","","","","",""
"Snyder","Penn View Christian Academy","7th Grade","11","","","","","","","","","","","","","","","",""
"Snyder","Penn View Christian Academy","12th Grade","10","","","","","","","","","","","","","","","",""
"Snyder","Penns Creek School","7th Grade","4","","","","","","","","","","","","","","","",""
"Snyder","Selinsgrove Area El Sch","Kindergarten","138","94.9%","94.2%","92.8%","94.9%","0.0%","93.5%","","","","","0.0%","7.2%","0.0%","0.0%","0.0%","0.0%"
"Snyder","Selinsgrove Area HS","12th Grade","189","97.4%","97.9%","97.4%","94.7%","0.0%","94.7%","95.8%","","0.5%","93.1%","1.1%","3.7%","1.1%","0.5%","0.0%","6.3%"
"Snyder","Selinsgrove Area MS","7th Grade","191","95.8%","95.8%","95.3%","95.3%","1.0%","94.8%","93.2%","93.2%","","","0.5%","5.2%","1.0%","0.0%","0.0%","1.0%"
"Snyder","Shady Grove Parochial School","7th Grade","2","","","","","","","","","","","","","","","",""
"Snyder","Stony Meadow School","7th Grade","1","","","","","","","","","","","","","","","",""
"Snyder","West Snyder El Sch","Kindergarten","57","91.2%","91.2%","91.2%","91.2%","0.0%","91.2%","","","","","0.0%","5.3%","1.8%","0.0%","0.0%","1.8%"
"Snyder","White Oak School","7th Grade","5","","","","","","","","","","","","","","","",""
"Snyder","Windy Hill School","7th Grade","2","","","","","","","","","","","","","","","",""
"Somerset","Berlin Brothersvalley El Sch","Kindergarten","56","91.1%","91.1%","98.2%","92.9%","0.0%","91.1%","","","","","0.0%","3.6%","5.4%","0.0%","0.0%","0.0%"
"Somerset","Berlin Brothersvalley MS","7th Grade","65","98.5%","98.5%","100.0%","100.0%","0.0%","98.5%","98.5%","98.5%","","","0.0%","1.5%","1.5%","0.0%","0.0%","0.0%"
"Somerset","Berlin Brothersvalley SHS","12th Grade","64","98.4%","98.4%","98.4%","98.4%","0.0%","95.3%","98.4%","","0.0%","90.6%","1.6%","6.2%","3.1%","0.0%","0.0%","0.0%"
"Somerset","Cairnbrook El Sch","Kindergarten","29","100.0%","100.0%","100.0%","100.0%","0.0%","100.0%","","","","","0.0%","0.0%","3.4%","0.0%","0.0%","0.0%"
"Somerset","Casselman Valley School","7th Grade","1","","","","","","","","","","","","","","","",""
"Somerset","Conemaugh Twp Area El Sch","Kindergarten","58","94.8%","94.8%","94.8%","94.8%","0.0%","94.8%","","","","","0.0%","5.2%","0.0%","1.7%","0.0%","0.0%"
"Somerset","Conemaugh Twp Area MS/SHS","7th Grade","53","98.1%","98.1%","98.1%","98.1%","0.0%","98.1%","96.2%","96.2%","","","0.0%","3.8%","0.0%","0.0%","0.0%","0.0%"
"Somerset","Conemaugh Twp Area MS/SHS","12th Grade","71","100.0%","100.0%","100.0%","100.0%","0.0%","100.0%","100.0%","","0.0%","97.2%","1.4%","1.4%","0.0%","0.0%","0.0%","0.0%"
"Somerset","Cross Road School","7th Grade","6","","","","","","","","","","","","","","","",""
"Somerset","Greenville School","7th Grade","1","","","","","","","","","","","","","","","",""
"Somerset","Hickory Hollow School","7th Grade","1","","","","","","","","","","","","","","","",""
"Somerset","Hidden Valley School","7th Grade","4","","","","","","","","","","","","","","","",""
"Somerset","High Point Parochial School","7th Grade","3","","","","","","","","","","","","","","","",""
"Somerset","Johnstown Christian School","Kindergarten","25","68.0%","68.0%","68.0%","80.0%","0.0%","68.0%","","","","","0.0%","32.0%","0.0%","0.0%","0.0%","0.0%"
"Somerset","Johnstown Christian School","7th Grade","17","","","","","","","","","","","","","","","",""
"Somerset","Johnstown Christian School","12th Grade","8","","","","","","","","","","","","","","","",""
"Somerset","Maple Ridge El Sch","Kindergarten","114","94.7%","93.9%","93.9%","96.5%","0.0%","93.9%","","","","","0.0%","4.4%","0.0%","1.8%","0.0%","0.0%"
"Somerset","Maple Ridge Parochial School","7th Grade","2","","","","","","","","","","","","","","","",""
"Somerset","Meadowbrook Parochial School","7th Grade","1","","","","","","","","","","","","","","","",""
"Somerset","Meyersdale Area El Sch","Kindergarten","62","93.5%","93.5%","93.5%","93.5%","0.0%","93.5%","","","","","0.0%","6.5%","0.0%","0.0%","0.0%","0.0%"
"Somerset","Meyersdale Area HS","12th Grade","62","98.4%","95.2%","95.2%","98.4%","1.6%","93.5%","98.4%","","0.0%","98.4%","0.0%","4.8%","0.0%","0.0%","0.0%","0.0%"
"Somerset","Meyersdale Area MS","7th Grade","46","87.0%","89.1%","91.3%","91.3%","0.0%","89.1%","87.0%","87.0%","","","2.2%","10.9%","2.2%","0.0%","0.0%","0.0%"
"Somerset","Mountain View Christian School","Kindergarten","6","","","","","","","","","","","","","","","",""
"Somerset","Mountain View Christian School","7th Grade","6","","","","","","","","","","","","","","","",""
"Somerset","Mountain View Christian School","12th Grade","7","","","","","","","","","","","","","","","",""
"Somerset","Niverton School","7th Grade","1","","","","","","","","","","","","","","","",""
"Somerset","North Star Central El Sch","Kindergarten","84","91.7%","91.7%","91.7%","89.3%","0.0%","91.7%","","","","","0.0%","7.1%","2.4%","1.2%","0.0%","0.0%"
"Somerset","North Star East MS","7th Grade","80","95.0%","95.0%","93.8%","97.5%","1.2%","93.8%","92.5%","91.2%","","","0.0%","8.8%","0.0%","0.0%","0.0%","0.0%"
"Somerset","North Star HS","12th Grade","83","95.2%","94.0%","95.2%","94.0%","0.0%","95.2%","94.0%","","7.2%","88.0%","0.0%","7.2%","2.4%","0.0%","0.0%","0.0%"
"Somerset","Oak Grove School","7th Grade","2","","","","","","","","","","","","","","","",""
"Somerset","Quecreek Mennonite School","7th Grade","3","","","","","","","","","","","","","","","",""
"Somerset","Rockwood Area El Sch","Kindergarten","32","90.6%","90.6%","90.6%","90.6%","0.0%","90.6%","","","","","0.0%","0.0%","9.4%","0.0%","0.0%","0.0%"
"Somerset","Rockwood Area JSHS","7th Grade","39","94.9%","94.9%","94.9%","94.9%","0.0%","94.9%","92.3%","89.7%","","","0.0%","0.0%","10.3%","0.0%","0.0%","0.0%"
"Somerset","Rockwood Area JSHS","12th Grade","38","97.4%","97.4%","97.4%","97.4%","0.0%","97.4%","97.4%","","0.0%","92.1%","0.0%","0.0%","7.9%","0.0%","0.0%","0.0%"
"Somerset","Salisbury-Elk Lick El Sch","Kindergarten","13","","","","","","","","","","","","","","","",""
"Somerset","Salisbury-Elk Lick JSHS","7th Grade","17","","","","","","","","","","","","","","","",""
"Somerset","Salisbury-Elk Lick JSHS","12th Grade","23","91.3%","91.3%","100.0%","100.0%","0.0%","95.7%","100.0%","","0.0%","95.7%","0.0%","4.3%","0.0%","4.3%","0.0%","0.0%"
"Somerset","Shade JSHS","7th Grade","26","96.2%","96.2%","96.2%","96.2%","0.0%","96.2%","96.2%","96.2%","","","0.0%","3.8%","0.0%","3.8%","0.0%","92.3%"
"Somerset","Shade JSHS","12th Grade","16","","","","","","","","","","","","","","","",""
"Somerset","Shanksville-Stonycreek El Sch","Kindergarten","22","95.5%","95.5%","90.9%","95.5%","4.5%","90.9%","","","","","0.0%","9.1%","0.0%","0.0%","0.0%","0.0%"
"Somerset","Shanksville-Stonycreek HS","12th Grade","23","95.7%","95.7%","95.7%","95.7%","0.0%","95.7%","95.7%","","21.7%","73.9%","4.3%","17.4%","0.0%","0.0%","0.0%","0.0%"
"Somerset","Shanksville-Stonycreek MS","7th Grade","22","95.5%","95.5%","90.9%","95.5%","4.5%","90.9%","90.9%","86.4%","","","0.0%","13.6%","0.0%","0.0%","0.0%","0.0%"
"Somerset","Somerset Area Jr-Sr HS","7th Grade","161","95.0%","95.0%","95.0%","93.8%","0.0%","95.0%","93.8%","93.2%","","","1.2%","3.7%","0.6%","0.0%","1.9%","1.9%"
"Somerset","Somerset Area Jr-Sr HS","12th Grade","165","95.8%","95.2%","94.5%","95.2%","0.6%","92.1%","95.2%","","1.2%","85.5%","1.2%","5.5%","0.6%","7.3%","1.2%","1.2%"
"Somerset","Somerset Christian School","Kindergarten","4","","","","","","","","","","","","","","","",""
"Somerset","Somerset Christian School","7th Grade","5","","","","","","","","","","","","","","","",""
"Somerset","Somerset Christian School","12th Grade","3","","","","","","","","","","","","","","","",""
"Somerset","Spring Valley School","7th Grade","3","","","","","","","","","","","","","","","",""
"Somerset","St Peter School","Kindergarten","11","","","","","","","","","","","","","","","",""
"Somerset","Stonybrook Parochial School","7th Grade","4","","","","","","","","","","","","","","","",""
"Somerset","Sugar Grove Parochial School","7th Grade","1","","","","","","","","","","","","","","","",""
"Somerset","Turkeyfoot Valley Area El Sch","Kindergarten","13","","","","","","","","","","","","","","","",""
"Somerset","Turkeyfoot Valley Area JSHS","7th Grade","16","","","","","","","","","","","","","","","",""
"Somerset","Turkeyfoot Valley Area JSHS","12th Grade","15","","","","","","","","","","","","","","","",""
"Somerset","Walnut Brook Amish School","7th Grade","1","","","","","","","","","","","","","","","",""
"Somerset","Windber Area HS","7th Grade","94","97.9%","94.7%","95.7%","96.8%","0.0%","95.7%","93.6%","93.6%","","","0.0%","6.4%","0.0%","0.0%","0.0%","0.0%"
"Somerset","Windber Area MS","12th Grade","88","100.0%","96.6%","98.9%","98.9%","0.0%","98.9%","98.9%","","5.7%","89.8%","2.3%","3.4%","0.0%","0.0%","0.0%","0.0%"
"Somerset","Windber El Sch","Kindergarten","82","98.8%","98.8%","97.6%","98.8%","0.0%","97.6%","","","","","0.0%","1.2%","1.2%","0.0%","0.0%","0.0%"
"Sullivan","Red Rock High School","12th Grade","71","74.6%","73.2%","80.3%","74.6%","0.0%","73.2%","87.3%","","47.9%","31.0%","0.0%","0.0%","0.0%","0.0%","0.0%","85.9%"
"Sullivan","Sullivan Co El Sch","Kindergarten","38","97.4%","97.4%","97.4%","97.4%","0.0%","97.4%","","","","","0.0%","0.0%","2.6%","0.0%","0.0%","0.0%"
"Sullivan","Sullivan Co JSHS","7th Grade","56","92.9%","92.9%","92.9%","92.9%","0.0%","92.9%","92.9%","92.9%","","","0.0%","0.0%","7.1%","0.0%","0.0%","0.0%"
"Sullivan","Sullivan Co JSHS","12th Grade","39","92.3%","92.3%","92.3%","92.3%","0.0%","92.3%","92.3%","","0.0%","92.3%","0.0%","0.0%","7.7%","0.0%","0.0%","0.0%"
"Susquehanna","Blue Ridge El Sch","Kindergarten","77","100.0%","100.0%","98.7%","100.0%","0.0%","98.7%","","","","","0.0%","0.0%","0.0%","0.0%","0.0%","1.3%"
"Susquehanna","Blue Ridge HS","12th Grade","88","97.7%","96.6%","96.6%","96.6%","0.0%","96.6%","95.5%","","1.1%","92.0%","0.0%","2.3%","6.8%","0.0%","0.0%","0.0%"
"Susquehanna","Blue Ridge MS","7th Grade","76","98.7%","97.4%","97.4%","97.4%","0.0%","96.1%","93.4%","93.4%","","","1.3%","1.3%","3.9%","0.0%","0.0%","2.6%"
"Susquehanna","Choconut Valley El Sch","Kindergarten","36","80.6%","80.6%","80.6%","80.6%","0.0%","80.6%","","","","","0.0%","13.9%","5.6%","2.8%","0.0%","0.0%"
"Susquehanna","Elk Lake El Sch","Kindergarten","77","96.1%","96.1%","96.1%","97.4%","0.0%","96.1%","","","","","0.0%","1.3%","2.6%","0.0%","0.0%","0.0%"
"Susquehanna","Elk Lake JSHS","7th Grade","82","97.6%","97.6%","97.6%","97.6%","0.0%","96.3%","91.5%","91.5%","","","1.2%","4.9%","1.2%","1.2%","0.0%","1.2%"
"Susquehanna","Elk Lake JSHS","12th Grade","87","96.6%","96.6%","97.7%","96.6%","1.1%","94.3%","95.4%","","0.0%","94.3%","0.0%","1.1%","3.4%","0.0%","0.0%","1.1%"
"Susquehanna","Faith Mountain Christian Acad","Kindergarten","7","","","","","","","","","","","","","","","",""
"Susquehanna","Faith Mountain Christian Acad","7th Grade","5","","","","","","","","","","","","","","","",""
"Susquehanna","Faith Mountain Christian Acad","12th Grade","4","","","","","","","","","","","","","","","",""
"Susquehanna","Forest City Regional El Sch","Kindergarten","59","96.6%","96.6%","96.6%","96.6%","0.0%","96.6%","","","","","0.0%","0.0%","3.4%","0.0%","0.0%","0.0%"
"Susquehanna","Forest City Regional HS","7th Grade","45","95.6%","95.6%","95.6%","95.6%","0.0%","95.6%","95.6%","95.6%","","","0.0%","0.0%","4.4%","0.0%","0.0%","0.0%"
"Susquehanna","Forest City Regional HS","12th Grade","47","93.6%","93.6%","93.6%","93.6%","0.0%","93.6%","93.6%","","0.0%","93.6%","0.0%","0.0%","6.4%","0.0%","0.0%","0.0%"
"Susquehanna","Lathrop Street El Sch","Kindergarten","57","91.2%","91.2%","96.5%","96.5%","0.0%","96.5%","","","","","0.0%","3.5%","0.0%","5.3%","0.0%","0.0%"
"Susquehanna","Montrose Area JSHS","7th Grade","104","87.5%","86.5%","88.5%","87.5%","0.0%","88.5%","84.6%","86.5%","","","1.9%","4.8%","8.7%","0.0%","0.0%","1.0%"
"Susquehanna","Montrose Area JSHS","12th Grade","85","87.1%","84.7%","91.8%","91.8%","0.0%","91.8%","89.4%","","5.9%","85.9%","0.0%","0.0%","15.3%","0.0%","0.0%","9.4%"
"Susquehanna","Mountain View El Sch","Kindergarten","62","87.1%","85.5%","87.1%","85.5%","0.0%","85.5%","","","","","0.0%","11.3%","0.0%","1.6%","0.0%","1.6%"
"Susquehanna","Mountain View JSHS","7th Grade","64","87.5%","87.5%","87.5%","87.5%","0.0%","87.5%","87.5%","87.5%","","","0.0%","1.6%","10.9%","0.0%","0.0%","0.0%"
"Susquehanna","Mountain View JSHS","12th Grade","62","95.2%","90.3%","93.5%","95.2%","0.0%","95.2%","93.5%","","0.0%","80.6%","0.0%","4.8%","16.1%","0.0%","0.0%","0.0%"
"Susquehanna","Susquehanna Community El Sch","Kindergarten","42","95.2%","95.2%","95.2%","95.2%","0.0%","95.2%","","","","","0.0%","4.8%","0.0%","0.0%","0.0%","0.0%"
"Susquehanna","Susquehanna Community JSHS","7th Grade","56","92.9%","92.9%","92.9%","92.9%","0.0%","92.9%","89.3%","89.3%","","","0.0%","3.6%","5.4%","0.0%","0.0%","3.6%"
"Susquehanna","Susquehanna Community JSHS","12th Grade","32","96.9%","100.0%","100.0%","100.0%","0.0%","100.0%","100.0%","","0.0%","100.0%","0.0%","0.0%","0.0%","0.0%","0.0%","3.1%"
"Tioga","Blossburg El Sch","Kindergarten","31","96.8%","96.8%","93.5%","93.5%","0.0%","93.5%","","","","","0.0%","3.2%","3.2%","0.0%","0.0%","0.0%"
"Tioga","Charlotte Lappla El Sch","Kindergarten","97","94.8%","94.8%","94.8%","94.8%","1.0%","93.8%","","","","","1.0%","1.0%","2.1%","0.0%","0.0%","1.0%"
"Tioga","Clark Wood El Sch","Kindergarten","40","97.5%","97.5%","97.5%","97.5%","0.0%","97.5%","","","","","0.0%","0.0%","0.0%","2.5%","0.0%","0.0%"
"Tioga","Cowanesque Valley JSHS","7th Grade","68","94.1%","94.1%","94.1%","94.1%","0.0%","94.1%","80.9%","79.4%","","","0.0%","5.9%","0.0%","0.0%","0.0%","14.7%"
"Tioga","Cowanesque Valley JSHS","12th Grade","63","95.2%","95.2%","95.2%","95.2%","0.0%","95.2%","93.7%","","1.6%","92.1%","0.0%","7.9%","0.0%","0.0%","0.0%","25.4%"
"Tioga","Liberty El Sch","Kindergarten","23","100.0%","95.7%","100.0%","100.0%","0.0%","100.0%","","","","","4.3%","0.0%","0.0%","0.0%","0.0%","0.0%"
"Tioga","New Covenant Academy","Kindergarten","8","","","","","","","","","","","","","","","",""
"Tioga","New Covenant Academy","7th Grade","18","","","","","","","","","","","","","","","",""
"Tioga","New Covenant Academy","12th Grade","9","","","","","","","","","","","","","","","",""
"Tioga","North Penn-Liberty JSHS","7th Grade","50","98.0%","98.0%","98.0%","98.0%","0.0%","98.0%","98.0%","98.0%","","","0.0%","2.0%","0.0%","0.0%","0.0%","0.0%"
"Tioga","North Penn-Liberty JSHS","12th Grade","50","98.0%","96.0%","98.0%","98.0%","0.0%","98.0%","94.0%","","0.0%","92.0%","0.0%","8.0%","0.0%","0.0%","0.0%","0.0%"
"Tioga","North Penn-Mansfield JSHS","7th Grade","100","96.0%","96.0%","96.0%","96.0%","0.0%","96.0%","93.0%","92.0%","","","0.0%","3.0%","5.0%","0.0%","0.0%","0.0%"
"Tioga","North Penn-Mansfield JSHS","12th Grade","101","99.0%","99.0%","99.0%","99.0%","0.0%","99.0%","96.0%","","0.0%","87.1%","0.0%","3.0%","9.9%","0.0%","0.0%","0.0%"
"Tioga","Rock L Butler MS","7th Grade","127","92.1%","86.6%","86.6%","85.8%","0.0%","86.6%","81.1%","78.7%","","","0.0%","14.2%","6.3%","0.0%","0.0%","0.8%"
"Tioga","Russell B Walter El Sch","Kindergarten","60","96.7%","96.7%","96.7%","96.7%","0.0%","96.7%","","","","","0.0%","0.0%","3.3%","0.0%","0.0%","0.0%"
"Tioga","Tioga Christian School","7th Grade","1","","","","","","","","","","","","","","","",""
"Tioga","Trinity Lutheran School","Kindergarten","13","","","","","","","","","","","","","","","",""
"Tioga","Warren L Miller El Sch","Kindergarten","78","94.9%","94.9%","94.9%","96.2%","0.0%","94.9%","","","","","0.0%","5.1%","0.0%","0.0%","0.0%","0.0%"
"Tioga","Wellsboro Area HS","12th Grade","132","92.4%","90.2%","90.9%","89.4%","0.0%","91.7%","88.6%","","7.6%","79.5%","0.8%","3.0%","8.3%","0.8%","0.0%","0.0%"
"Tioga","Westfield Area El Sch","Kindergarten","31","87.1%","87.1%","80.6%","87.1%","0.0%","80.6%","","","","","0.0%","6.5%","0.0%","6.5%","0.0%","6.5%"
"Tioga","Williamson SHS","7th Grade","99","96.0%","96.0%","96.0%","96.0%","0.0%","96.0%","85.9%","85.9%","","","0.0%","0.0%","2.0%","0.0%","0.0%","13.1%"
"Tioga","Williamson SHS","12th Grade","80","85.0%","85.0%","85.0%","85.0%","0.0%","85.0%","85.0%","","12.5%","72.5%","0.0%","0.0%","0.0%","2.5%","0.0%","12.5%"
"Union","Beaver Run School","7th Grade","5","","","","","","","","","","","","","","","",""
"Union","Bridgeville Parochial School","7th Grade","4","","","","","","","","","","","","","","","",""
"Union","County Line Amish School","7th Grade","2","","","","","","","","","","","","","","","",""
"Union","Donald H Eichhorn MS","7th Grade","155","91.6%","91.6%","91.6%","90.3%","1.3%","90.3%","89.0%","89.0%","","","0.6%","3.2%","2.6%","1.9%","2.6%","5.8%"
"Union","East End Parochial School","7th Grade","2","","","","","","","","","","","","","","","",""
"Union","Green Grove School","7th Grade","4","","","","","","","","","","","","","","","",""
"Union","Kelly El Sch","Kindergarten","134","91.0%","91.0%","91.0%","91.0%","0.0%","91.0%","","","","","0.7%","8.2%","0.0%","0.0%","0.0%","0.0%"
"Union","Lewisburg Area HS","12th Grade","151","95.4%","94.7%","95.4%","95.4%","0.0%","95.4%","95.4%","","9.9%","84.8%","1.3%","0.7%","3.3%","0.0%","0.0%","8.6%"
"Union","Limestone Valley Parochial Sch","7th Grade","1","","","","","","","","","","","","","","","",""
"Union","Mifflinburg Area MS","7th Grade","157","93.0%","93.6%","94.9%","94.9%","0.0%","95.5%","84.1%","82.8%","","","1.3%","6.4%","3.2%","0.0%","0.0%","10.2%"
"Union","Mifflinburg Area SHS","12th Grade","139","95.7%","95.7%","96.4%","95.7%","2.9%","92.8%","95.0%","","0.7%","75.5%","0.0%","7.9%","4.3%","0.0%","0.0%","12.9%"
"Union","Mifflinburg El Sch","Kindergarten","124","91.1%","91.1%","91.1%","93.5%","0.0%","91.1%","","","","","0.0%","6.5%","2.4%","0.0%","0.0%","0.0%"
"Union","Millmont Mennonite School","7th Grade","4","","","","","","","","","","","","","","","",""
"Union","Mountain Laurel School","7th Grade","2","","","","","","","","","","","","","","","",""
"Union","River Valley Nature School","Kindergarten","8","","","","","","","","","","","","","","","",""
"Union","River Valley Nature School","7th Grade","2","","","","","","","","","","","","","","","",""
"Union","Shady Grove Christian School","Kindergarten","5","","","","","","","","","","","","","","","",""
"Union","Shady Grove Christian School","7th Grade","9","","","","","","","","","","","","","","","",""
"Union","South Creek Amish School","7th Grade","3","","","","","","","","","","","","","","","",""
"Union","White Springs School","7th Grade","5","","","","","","","","","","","","","","","",""
"Venango","Central El Sch","Kindergarten","61","91.8%","91.8%","93.4%","93.4%","0.0%","93.4%","","","","","0.0%","4.9%","0.0%","1.6%","0.0%","1.6%"
"Venango","Cranberry Area JSHS","7th Grade","106","93.4%","93.4%","93.4%","93.4%","0.0%","93.4%","91.5%","91.5%","","","0.9%","2.8%","2.8%","7.5%","0.0%","0.0%"
"Venango","Cranberry Area JSHS","12th Grade","96","93.8%","93.8%","93.8%","93.8%","0.0%","93.8%","93.8%","","0.0%","82.3%","0.0%","4.2%","2.1%","14.6%","0.0%","0.0%"
"Venango","Cranberry El Sch","Kindergarten","77","92.2%","92.2%","93.5%","96.1%","0.0%","93.5%","","","","","0.0%","3.9%","2.6%","1.3%","0.0%","0.0%"
"Venango","Early Childhood Lc","Kindergarten","115","87.0%","86.1%","85.2%","92.2%","0.0%","84.3%","","","","","0.0%","0.9%","13.9%","0.0%","0.0%","0.9%"
"Venango","Franklin Area JSHS","7th Grade","139","92.8%","92.8%","92.8%","95.0%","0.0%","93.5%","92.1%","91.4%","","","0.7%","7.2%","1.4%","0.0%","0.0%","1.4%"
"Venango","Franklin Area JSHS","12th Grade","122","99.2%","97.5%","96.7%","99.2%","0.0%","96.7%","94.3%","","2.5%","91.8%","5.7%","2.5%","0.0%","0.0%","0.0%","0.0%"
"Venango","Hasson Heights Sch","Kindergarten","68","94.1%","92.6%","91.2%","95.6%","0.0%","91.2%","","","","","0.0%","8.8%","0.0%","0.0%","0.0%","0.0%"
"Venango","Oil City Area MS","7th Grade","150","97.3%","97.3%","97.3%","97.3%","0.0%","97.3%","96.0%","96.0%","","","0.0%","2.7%","1.3%","0.0%","0.0%","0.0%"
"Venango","Oil City SHS","12th Grade","132","98.5%","98.5%","98.5%","99.2%","0.0%","98.5%","99.2%","","2.3%","96.2%","0.0%","1.5%","0.0%","1.5%","0.0%","0.8%"
"Venango","Pathways Education Center","7th Grade","16","","","","","","","","","","","","","","","",""
"Venango","Pathways Education Center","12th Grade","22","100.0%","100.0%","100.0%","100.0%","0.0%","100.0%","95.5%","","0.0%","95.5%","0.0%","0.0%","0.0%","4.5%","0.0%","0.0%"
"Venango","Pleasantville El Sch","Kindergarten","7","","","","","","","","","","","","","","","",""
"Venango","Pleasantville El Sch","7th Grade","1","","","","","","","","","","","","","","","",""
"Venango","Pleasantville El Sch","12th Grade","3","","","","","","","","","","","","","","","",""
"Venango","Rocky Grove JSHS","7th Grade","69","98.6%","97.1%","95.7%","97.1%","0.0%","95.7%","94.2%","94.2%","","","0.0%","4.3%","1.4%","0.0%","0.0%","0.0%"
"Venango","Rocky Grove JSHS","12th Grade","57","98.2%","94.7%","94.7%","98.2%","0.0%","94.7%","91.2%","","87.7%","0.0%","0.0%","7.0%","5.3%","0.0%","0.0%","0.0%"
"Venango","Sandycreek El Sch","Kindergarten","45","91.1%","91.1%","91.1%","91.1%","0.0%","91.1%","","","","","0.0%","4.4%","2.2%","2.2%","0.0%","0.0%"
"Venango","Smedley Street Sch","Kindergarten","38","100.0%","100.0%","100.0%","100.0%","0.0%","100.0%","","","","","0.0%","0.0%","0.0%","0.0%","0.0%","0.0%"
"Venango","St Stephen School","Kindergarten","7","","","","","","","","","","","","","","","",""
"Venango","St Stephen School","7th Grade","4","","","","","","","","","","","","","","","",""
"Venango","St Stephens Lutheran Academy Utica","7th Grade","4","","","","","","","","","","","","","","","",""
"Venango","St Stephens Lutheran Academy Utica","12th Grade","2","","","","","","","","","","","","","","","",""
"Venango","Titusville MS","7th Grade","136","94.9%","95.6%","96.3%","97.1%","0.7%","95.6%","90.4%","90.4%","","","0.7%","2.9%","5.1%","0.0%","0.0%","1.5%"
"Venango","Titusville SHS","12th Grade","134","97.0%","95.5%","96.3%","97.0%","1.5%","94.0%","94.8%","","1.5%","85.1%","0.0%","3.0%","8.2%","3.0%","0.0%","0.7%"
"Venango","Valley Grove El Sch","Kindergarten","57","93.0%","94.7%","93.0%","96.5%","0.0%","93.0%","","","","","0.0%","5.3%","0.0%","1.8%","0.0%","0.0%"
"Venango","Victory El Sch","Kindergarten","16","","","","","","","","","","","","","","","",""
"Warren","Beaty-Warren MS","7th Grade","156","97.4%","97.4%","96.8%","96.8%","0.0%","96.8%","94.2%","93.6%","","","0.0%","6.4%","0.0%","0.0%","0.0%","0.0%"
"Warren","Eisenhower El Sch","Kindergarten","58","91.4%","91.4%","93.1%","93.1%","0.0%","93.1%","","","","","0.0%","0.0%","6.9%","1.7%","0.0%","0.0%"
"Warren","Eisenhower M/HS","7th Grade","62","91.9%","91.9%","91.9%","91.9%","0.0%","91.9%","88.7%","88.7%","","","0.0%","0.0%","11.3%","0.0%","0.0%","0.0%"
"Warren","Eisenhower M/HS","12th Grade","119","93.3%","92.4%","93.3%","92.4%","0.0%","93.3%","94.1%","","0.8%","92.4%","0.0%","0.0%","7.6%","0.0%","0.0%","0.8%"
"Warren","Sheffield Area El/MS Sch","Kindergarten","26","92.3%","88.5%","92.3%","92.3%","0.0%","92.3%","","","","","0.0%","7.7%","0.0%","0.0%","0.0%","3.8%"
"Warren","Sheffield Area El/MS Sch","7th Grade","39","97.4%","97.4%","97.4%","97.4%","0.0%","97.4%","100.0%","100.0%","","","0.0%","2.6%","0.0%","0.0%","0.0%","0.0%"
"Warren","St Joseph School","Kindergarten","31","93.5%","93.5%","87.1%","93.5%","0.0%","87.1%","","","","","0.0%","6.5%","6.5%","0.0%","0.0%","0.0%"
"Warren","Tidioute Community CS","Kindergarten","10","","","","","","","","","","","","","","","",""
"Warren","Tidioute Community CS","7th Grade","32","100.0%","100.0%","100.0%","100.0%","0.0%","100.0%","100.0%","100.0%","","","0.0%","0.0%","0.0%","0.0%","0.0%","0.0%"
"Warren","Tidioute Community CS","12th Grade","14","","","","","","","","","","","","","","","",""
"Warren","Warren Area El Ctr","Kindergarten","129","96.9%","96.1%","96.9%","96.9%","0.0%","96.9%","","","","","0.0%","2.3%","2.3%","0.8%","0.0%","0.0%"
"Warren","Warren Area HS","12th Grade","219","100.0%","100.0%","100.0%","100.0%","0.0%","100.0%","99.5%","","2.3%","97.7%","0.9%","1.4%","0.5%","0.5%","0.0%","1.4%"
"Warren","Warren Co Christian School","Kindergarten","6","","","","","","","","","","","","","","","",""
"Warren","Warren Co Christian School","7th Grade","2","","","","","","","","","","","","","","","",""
"Warren","Youngsville El/MS Sch","Kindergarten","31","87.1%","90.3%","93.5%","93.5%","0.0%","93.5%","","","","","0.0%","6.5%","0.0%","3.2%","0.0%","3.2%"
"Warren","Youngsville El/MS Sch","7th Grade","56","92.9%","92.9%","94.6%","94.6%","0.0%","94.6%","91.1%","89.3%","","","0.0%","12.5%","0.0%","0.0%","0.0%","0.0%"
"Washington","Allison Park El Sch","Kindergarten","85","95.3%","95.3%","95.3%","97.6%","0.0%","95.3%","","","","","0.0%","2.4%","0.0%","0.0%","0.0%","2.4%"
"Washington","Avella Area JSHS","7th Grade","43","100.0%","100.0%","100.0%","100.0%","0.0%","100.0%","95.3%","95.3%","","","0.0%","0.0%","4.7%","0.0%","0.0%","0.0%"
"Washington","Avella Area JSHS","12th Grade","35","100.0%","100.0%","100.0%","100.0%","0.0%","100.0%","100.0%","","0.0%","100.0%","0.0%","0.0%","0.0%","0.0%","0.0%","0.0%"
"Washington","Avella El Center","Kindergarten","30","93.3%","93.3%","93.3%","93.3%","0.0%","93.3%","","","","","0.0%","6.7%","0.0%","0.0%","0.0%","0.0%"
"Washington","Bentworth El Ctr","Kindergarten","71","97.2%","94.4%","91.5%","100.0%","1.4%","93.0%","","","","","0.0%","1.4%","5.6%","0.0%","0.0%","2.8%"
"Washington","Bentworth MS","7th Grade","82","91.5%","91.5%","91.5%","91.5%","0.0%","91.5%","87.8%","87.8%","","","0.0%","2.4%","3.7%","1.2%","0.0%","6.1%"
"Washington","Bentworth SHS","12th Grade","99","96.0%","93.9%","96.0%","97.0%","1.0%","96.0%","93.9%","","0.0%","82.8%","1.0%","2.0%","16.2%","0.0%","0.0%","2.0%"
"Washington","Bethlehem-Center El Sch","Kindergarten","60","93.3%","93.3%","93.3%","91.7%","0.0%","93.3%","","","","","0.0%","0.0%","8.3%","0.0%","0.0%","0.0%"
"Washington","Bethlehem-Center JSHS","7th Grade","72","97.2%","97.2%","97.2%","97.2%","0.0%","97.2%","94.4%","94.4%","","","0.0%","6.9%","0.0%","0.0%","0.0%","0.0%"
"Washington","Bethlehem-Center JSHS","12th Grade","74","98.6%","100.0%","100.0%","100.0%","1.4%","98.6%","100.0%","","0.0%","98.6%","0.0%","2.7%","0.0%","0.0%","0.0%","0.0%"
"Washington","Borland Manor El Sch","Kindergarten","54","90.7%","90.7%","90.7%","94.4%","0.0%","90.7%","","","","","0.0%","5.6%","3.7%","0.0%","0.0%","0.0%"
"Washington","Bower Hill El Sch","Kindergarten","160","95.6%","93.1%","93.1%","96.2%","0.0%","93.1%","","","","","0.0%","5.6%","1.2%","0.0%","0.0%","0.0%"
"Washington","Burgettstown El Ctr","Kindergarten","72","95.8%","93.1%","93.1%","98.6%","0.0%","94.4%","","","","","0.0%","0.0%","0.0%","0.0%","0.0%","6.9%"
"Washington","Burgettstown MS/HS","7th Grade","63","96.8%","98.4%","98.4%","98.4%","0.0%","98.4%","73.0%","73.0%","","","1.6%","0.0%","1.6%","0.0%","0.0%","23.8%"
"Washington","Burgettstown MS/HS","12th Grade","74","100.0%","98.6%","100.0%","100.0%","0.0%","100.0%","98.6%","","0.0%","68.9%","0.0%","0.0%","0.0%","0.0%","0.0%","31.1%"
"Washington","California Area El Sch","Kindergarten","69","91.3%","92.8%","94.2%","95.7%","0.0%","92.8%","","","","","0.0%","1.4%","7.2%","1.4%","0.0%","0.0%"
"Washington","California Area MS","7th Grade","73","97.3%","97.3%","97.3%","98.6%","0.0%","97.3%","89.0%","87.7%","","","0.0%","0.0%","5.5%","4.1%","0.0%","2.7%"
"Washington","California Area SHS","12th Grade","68","95.6%","95.6%","95.6%","98.5%","0.0%","95.6%","94.1%","","0.0%","85.3%","0.0%","1.5%","4.4%","1.5%","0.0%","7.4%"
"Washington","Calvary Chapel Christian School","Kindergarten","13","","","","","","","","","","","","","","","",""
"Washington","Calvary Chapel Christian School","7th Grade","15","","","","","","","","","","","","","","","",""
"Washington","Calvary Chapel Christian School","12th Grade","9","","","","","","","","","","","","","","","",""
"Washington","Canon-McMillan MS","7th Grade","443","96.6%","97.1%","97.1%","97.5%","0.0%","97.1%","96.4%","96.4%","","","0.0%","2.5%","1.4%","0.0%","0.0%","0.0%"
"Washington","Canon-McMillan SHS","12th Grade","456","98.2%","97.6%","97.6%","98.2%","0.4%","97.8%","97.8%","","0.9%","93.2%","0.4%","7.0%","0.0%","0.0%","0.0%","0.0%"
"Washington","Central Christian Academy","Kindergarten","44","84.1%","84.1%","84.1%","84.1%","0.0%","84.1%","","","","","0.0%","15.9%","0.0%","0.0%","0.0%","0.0%"
"Washington","Central Christian Academy","7th Grade","21","100.0%","100.0%","100.0%","100.0%","0.0%","100.0%","100.0%","100.0%","","","0.0%","0.0%","0.0%","0.0%","0.0%","0.0%"
"Washington","Central Christian Academy","12th Grade","1","","","","","","","","","","","","","","","",""
"Washington","Charleroi Area El Ctr","Kindergarten","103","95.1%","96.1%","96.1%","96.1%","0.0%","96.1%","","","","","0.0%","1.9%","0.0%","2.9%","0.0%","0.0%"
"Washington","Charleroi Area MS","7th Grade","91","94.5%","94.5%","96.7%","94.5%","1.1%","94.5%","94.5%","94.5%","","","1.1%","3.3%","1.1%","0.0%","0.0%","0.0%"
"Washington","Charleroi Area MS","12th Grade","123","95.9%","99.2%","97.6%","98.4%","0.0%","97.6%","98.4%","","4.9%","94.3%","0.8%","4.1%","0.8%","0.0%","0.0%","0.8%"
"Washington","Chartiers-Houston JSHS","7th Grade","101","100.0%","100.0%","100.0%","100.0%","0.0%","100.0%","86.1%","85.1%","","","0.0%","0.0%","0.0%","0.0%","0.0%","14.9%"
"Washington","Chartiers-Houston JSHS","12th Grade","84","100.0%","100.0%","100.0%","100.0%","0.0%","100.0%","90.5%","","4.8%","89.3%","0.0%","0.0%","0.0%","0.0%","0.0%","9.5%"
"Washington","Claysville El Sch","Kindergarten","80","93.8%","90.0%","88.8%","93.8%","0.0%","88.8%","","","","","2.5%","0.0%","6.2%","2.5%","0.0%","0.0%"
"Washington","Faith Christian School of Washington","Kindergarten","5","","","","","","","","","","","","","","","",""
"Washington","Faith Christian School of Washington","7th Grade","3","","","","","","","","","","","","","","","",""
"Washington","Faith Christian School of Washington","12th Grade","1","","","","","","","","","","","","","","","",""
"Washington","Fort Cherry El Ctr","Kindergarten","71","97.2%","81.7%","78.9%","88.7%","0.0%","81.7%","","","","","0.0%","4.2%","1.4%","0.0%","0.0%","16.9%"
"Washington","Fort Cherry JSHS","7th Grade","68","97.1%","95.6%","97.1%","94.1%","1.5%","97.1%","92.6%","92.6%","","","0.0%","4.4%","4.4%","0.0%","0.0%","0.0%"
"Washington","Fort Cherry JSHS","12th Grade","62","96.8%","96.8%","98.4%","96.8%","0.0%","95.2%","96.8%","","0.0%","83.9%","0.0%","3.2%","11.3%","0.0%","0.0%","3.2%"
"Washington","Goddard School","Kindergarten","17","","","","","","","","","","","","","","","",""
"Washington","Grace Christian Education Center","Kindergarten","7","","","","","","","","","","","","","","","",""
"Washington","Gwens Montessori School Inc","Kindergarten","3","","","","","","","","","","","","","","","",""
"Washington","Hills-Hendersonville El Sch","Kindergarten","57","98.2%","98.2%","98.2%","98.2%","0.0%","98.2%","","","","","0.0%","0.0%","1.8%","0.0%","0.0%","0.0%"
"Washington","Intermediate Unit 1","Kindergarten","1","","","","","","","","","","","","","","","",""
"Washington","Intermediate Unit 1","7th Grade","7","","","","","","","","","","","","","","","",""
"Washington","Intermediate Unit 1","12th Grade","13","","","","","","","","","","","","","","","",""
"Washington","Joe Walker El Sch","Kindergarten","30","100.0%","100.0%","100.0%","100.0%","0.0%","100.0%","","","","","0.0%","0.0%","0.0%","0.0%","0.0%","0.0%"
"Washington","John F Kennedy School","Kindergarten","37","100.0%","100.0%","100.0%","100.0%","0.0%","100.0%","","","","","0.0%","0.0%","0.0%","0.0%","0.0%","0.0%"
"Washington","John F Kennedy School","7th Grade","18","","","","","","","","","","","","","","","",""
"Washington","Madonna Catholic Reg Sch - Mon","Kindergarten","11","","","","","","","","","","","","","","","",""
"Washington","Madonna Catholic Reg Sch - Mon","7th Grade","6","","","","","","","","","","","","","","","",""
"Washington","McGuffey HS","12th Grade","129","96.9%","96.9%","96.1%","96.9%","0.0%","96.9%","92.2%","","0.0%","79.8%","0.0%","0.8%","7.0%","4.7%","0.0%","8.5%"
"Washington","McGuffey MS","7th Grade","130","92.3%","92.3%","92.3%","92.3%","0.0%","92.3%","89.2%","89.2%","","","0.0%","0.0%","5.4%","3.1%","0.0%","2.3%"
"Washington","Muse El Sch","Kindergarten","135","98.5%","97.8%","95.6%","97.0%","0.0%","94.8%","","","","","0.0%","0.0%","5.2%","0.0%","0.0%","0.0%"
"Washington","Peters Twp HS","12th Grade","318","97.5%","96.5%","97.2%","98.1%","0.6%","96.9%","98.1%","","0.0%","90.6%","0.9%","2.8%","6.6%","0.0%","0.0%","0.0%"
"Washington","Peters Twp MS","7th Grade","352","94.6%","94.9%","94.3%","94.3%","0.3%","94.9%","91.5%","91.2%","","","0.6%","5.7%","3.1%","0.0%","0.0%","0.0%"
"Washington","Pleasant Valley El Sch","Kindergarten","121","96.7%","95.0%","95.0%","96.7%","0.0%","95.0%","","","","","0.8%","2.5%","1.7%","0.0%","0.0%","0.0%"
"Washington","Ringgold El Sch North","Kindergarten","61","93.4%","93.4%","93.4%","95.1%","0.0%","93.4%","","","","","1.6%","6.6%","0.0%","0.0%","0.0%","0.0%"
"Washington","Ringgold El Sch South","Kindergarten","112","92.0%","92.0%","92.9%","95.5%","0.0%","92.9%","","","","","0.0%","3.6%","3.6%","0.9%","0.0%","0.0%"
"Washington","Ringgold MS","7th Grade","173","98.3%","98.3%","98.8%","98.8%","0.0%","98.8%","96.5%","96.5%","","","0.0%","1.7%","1.7%","0.0%","0.0%","0.0%"
"Washington","Ringgold SHS","12th Grade","206","100.0%","100.0%","99.5%","100.0%","1.0%","99.0%","97.1%","","4.4%","92.7%","0.5%","5.3%","3.9%","0.0%","0.0%","0.0%"
"Washington","South Central El","Kindergarten","81","96.3%","96.3%","96.3%","96.3%","0.0%","96.3%","","","","","0.0%","1.2%","2.5%","0.0%","0.0%","0.0%"
"Washington","Transformation Learning","Kindergarten","1","","","","","","","","","","","","","","","",""
"Washington","Transformation Learning","7th Grade","8","","","","","","","","","","","","","","","",""
"Washington","Transformation Learning","12th Grade","1","","","","","","","","","","","","","","","",""
"Washington","Tri-State Christian Academy","Kindergarten","7","","","","","","","","","","","","","","","",""
"Washington","Tri-State Christian Academy","7th Grade","7","","","","","","","","","","","","","","","",""
"Washington","Tri-State Christian Academy","12th Grade","5","","","","","","","","","","","","","","","",""
"Washington","Trinity East El Sch","Kindergarten","63","88.9%","88.9%","88.9%","95.2%","0.0%","88.9%","","","","","0.0%","7.9%","3.2%","0.0%","0.0%","0.0%"
"Washington","Trinity MS","7th Grade","274","99.3%","99.3%","99.3%","99.3%","0.0%","99.3%","94.9%","94.9%","","","0.4%","0.7%","0.4%","3.6%","0.0%","0.0%"
"Washington","Trinity North El Sch","Kindergarten","59","98.3%","98.3%","98.3%","98.3%","0.0%","98.3%","","","","","0.0%","0.0%","1.7%","0.0%","0.0%","0.0%"
"Washington","Trinity SHS","12th Grade","268","99.6%","99.6%","99.6%","99.6%","0.0%","99.6%","98.1%","","6.0%","90.3%","0.7%","0.4%","2.6%","0.0%","0.0%","0.0%"
"Washington","Trinity South El Sch","Kindergarten","37","97.3%","97.3%","97.3%","97.3%","0.0%","97.3%","","","","","0.0%","2.7%","0.0%","0.0%","0.0%","0.0%"
"Washington","Trinity West El Sch","Kindergarten","76","98.7%","97.4%","98.7%","98.7%","0.0%","98.7%","","","","","1.3%","0.0%","0.0%","0.0%","0.0%","1.3%"
"Washington","Washington HS","12th Grade","99","100.0%","100.0%","100.0%","100.0%","0.0%","100.0%","100.0%","","0.0%","100.0%","0.0%","0.0%","0.0%","0.0%","0.0%","0.0%"
"Washington","Washington Junior High School","7th Grade","109","100.0%","100.0%","100.0%","100.0%","0.0%","100.0%","100.0%","100.0%","","","0.0%","0.0%","0.0%","0.0%","0.0%","0.0%"
"Washington","Washington Park El Sch","Kindergarten","160","97.5%","97.5%","98.1%","98.1%","0.6%","98.1%","","","","","0.6%","0.6%","0.6%","1.9%","0.0%","1.9%"
"Washington","Wylandville El Sch","Kindergarten","68","94.1%","94.1%","94.1%","94.1%","1.5%","92.6%","","","","","0.0%","5.9%","0.0%","0.0%","0.0%","0.0%"
"Wayne","Brookside School","Kindergarten","1","","","","","","","","","","","","","","","",""
"Wayne","Canaan Christian Academy","Kindergarten","17","","","","","","","","","","","","","","","",""
"Wayne","Canaan Christian Academy","7th Grade","18","","","","","","","","","","","","","","","",""
"Wayne","Canaan Christian Academy","12th Grade","8","","","","","","","","","","","","","","","",""
"Wayne","Damascus Area Sch","Kindergarten","28","75.0%","75.0%","75.0%","75.0%","0.0%","75.0%","","","","","0.0%","14.3%","14.3%","0.0%","0.0%","0.0%"
"Wayne","Damascus Area Sch","7th Grade","36","83.3%","83.3%","83.3%","86.1%","0.0%","83.3%","77.8%","77.8%","","","0.0%","16.7%","5.6%","0.0%","0.0%","0.0%"
"Wayne","EverGreen El Sch","Kindergarten","67","95.5%","95.5%","94.0%","95.5%","0.0%","94.0%","","","","","0.0%","4.5%","0.0%","1.5%","0.0%","0.0%"
"Wayne","Honesdale HS","12th Grade","158","94.9%","92.4%","92.4%","94.3%","1.3%","92.4%","94.3%","","0.0%","91.1%","0.0%","5.7%","4.4%","0.0%","0.0%","1.3%"
"Wayne","Preston Sch","Kindergarten","14","","","","","","","","","","","","","","","",""
"Wayne","Preston Sch","7th Grade","14","","","","","","","","","","","","","","","",""
"Wayne","St Dominics Academy","Kindergarten","9","","","","","","","","","","","","","","","",""
"Wayne","St Dominics Academy","7th Grade","10","","","","","","","","","","","","","","","",""
"Wayne","Stourbridge Primary Ctr","Kindergarten","131","91.6%","90.8%","90.1%","93.1%","0.0%","90.1%","","","","","0.0%","3.1%","6.1%","0.0%","0.0%","2.3%"
"Wayne","Wallenpaupack South El Sch","Kindergarten","37","83.8%","83.8%","81.1%","86.5%","0.0%","81.1%","","","","","0.0%","10.8%","2.7%","0.0%","0.0%","5.4%"
"Wayne","Waymart Mennonite School","Kindergarten","2","","","","","","","","","","","","","","","",""
"Wayne","Wayne Highlands MS","7th Grade","137","94.2%","94.2%","92.7%","94.2%","0.0%","92.7%","88.3%","86.9%","","","0.7%","5.8%","4.4%","0.0%","0.0%","4.4%"
"Wayne","Western Wayne HS","12th Grade","139","99.3%","99.3%","99.3%","99.3%","0.7%","98.6%","95.7%","","0.7%","81.3%","0.0%","2.9%","7.9%","0.0%","0.0%","7.2%"
"Wayne","Western Wayne MS","7th Grade","130","97.7%","97.7%","97.7%","97.7%","0.0%","97.7%","87.7%","86.2%","","","0.0%","4.6%","3.1%","5.4%","0.0%","0.8%"
"Wayne","Wilson El Sch","Kindergarten","64","92.2%","87.5%","89.1%","93.8%","0.0%","89.1%","","","","","0.0%","6.2%","3.1%","0.0%","0.0%","3.1%"
"Westmoreland","Adelphoi Education at Hartford Heights","7th Grade","6","","","","","","","","","","","","","","","",""
"Westmoreland","Adelphoi Education at Hartford Heights","12th Grade","8","","","","","","","","","","","","","","","",""
"Westmoreland","Adelphoi Education at Latrobe","7th Grade","3","","","","","","","","","","","","","","","",""
"Westmoreland","Adelphoi Village Colony Home","12th Grade","1","","","","","","","","","","","","","","","",""
"Westmoreland","Adelphoi Village Raphael House","12th Grade","1","","","","","","","","","","","","","","","",""
"Westmoreland","Adelphoi Village Sweeney Home","12th Grade","2","","","","","","","","","","","","","","","",""
"Westmoreland","Adelphoi Village Vincent Home","7th Grade","1","","","","","","","","","","","","","","","",""
"Westmoreland","Amos K Hutchinson El Sch","Kindergarten","87","95.4%","94.3%","95.4%","96.6%","0.0%","96.6%","","","","","0.0%","0.0%","4.6%","1.1%","0.0%","1.1%"
"Westmoreland","Aquinas Academy","Kindergarten","16","","","","","","","","","","","","","","","",""
"Westmoreland","Baggaley El Sch","Kindergarten","63","92.1%","92.1%","92.1%","92.1%","0.0%","92.1%","","","","","0.0%","4.8%","3.2%","0.0%","0.0%","0.0%"
"Westmoreland","Belle Vernon Area HS","12th Grade","184","97.8%","97.3%","98.4%","98.4%","0.0%","98.9%","97.3%","","0.5%","87.5%","0.0%","2.7%","1.1%","0.5%","0.0%","9.8%"
"Westmoreland","Belle Vernon Area MS","7th Grade","186","96.8%","95.7%","96.2%","93.5%","0.5%","96.2%","91.9%","91.9%","","","0.0%","0.0%","4.8%","3.8%","0.0%","0.0%"
"Westmoreland","Bible Baptist Chrst Academy","Kindergarten","5","","","","","","","","","","","","","","","",""
"Westmoreland","Bible Baptist Chrst Academy","7th Grade","5","","","","","","","","","","","","","","","",""
"Westmoreland","Bible Baptist Chrst Academy","12th Grade","7","","","","","","","","","","","","","","","",""
"Westmoreland","Bon Air El Sch","Kindergarten","97","93.8%","93.8%","93.8%","97.9%","0.0%","93.8%","","","","","0.0%","1.0%","5.2%","0.0%","0.0%","0.0%"
"Westmoreland","Burrell HS","12th Grade","148","97.3%","96.6%","95.9%","96.6%","1.4%","93.9%","95.9%","","4.7%","90.5%","0.0%","4.1%","5.4%","0.0%","0.0%","0.7%"
"Westmoreland","Calvary Early Learning Center","Kindergarten","9","","","","","","","","","","","","","","","",""
"Westmoreland","Champion Christian School -Donegal","7th Grade","5","","","","","","","","","","","","","","","",""
"Westmoreland","Champion Christian School -Donegal","12th Grade","5","","","","","","","","","","","","","","","",""
"Westmoreland","Charles A Huston MS","7th Grade","130","97.7%","97.7%","97.7%","97.7%","0.8%","97.7%","93.8%","93.1%","","","0.0%","3.8%","1.5%","0.0%","0.0%","1.5%"
"Westmoreland","Christ the Divine Teacher School","Kindergarten","36","97.2%","88.9%","88.9%","100.0%","0.0%","88.9%","","","","","0.0%","0.0%","11.1%","2.8%","0.0%","0.0%"
"Westmoreland","Christ the Divine Teacher School","7th Grade","20","100.0%","80.0%","80.0%","90.0%","0.0%","80.0%","60.0%","60.0%","","","0.0%","0.0%","25.0%","20.0%","0.0%","0.0%"
"Westmoreland","Church Christian Academy","7th Grade","1","","","","","","","","","","","","","","","",""
"Westmoreland","Clelian Heights Sch for Excep Children","7th Grade","9","","","","","","","","","","","","","","","",""
"Westmoreland","Clelian Heights Sch for Excep Children","12th Grade","8","","","","","","","","","","","","","","","",""
"Westmoreland","Derry Area MS","7th Grade","156","92.3%","90.4%","93.6%","94.9%","0.0%","94.2%","89.7%","89.7%","","","0.6%","5.8%","4.5%","0.0%","0.0%","0.6%"
"Westmoreland","Derry Area SHS","12th Grade","135","97.8%","97.8%","97.0%","98.5%","0.7%","97.0%","98.5%","","0.0%","95.6%","0.7%","0.7%","4.4%","0.0%","0.0%","0.0%"
"Westmoreland","Donegal El Sch","Kindergarten","17","","","","","","","","","","","","","","","",""
"Westmoreland","Dr Robert Ketterer CS Inc","7th Grade","6","","","","","","","","","","","","","","","",""
"Westmoreland","Dr Robert Ketterer CS Inc","12th Grade","44","86.4%","86.4%","84.1%","86.4%","0.0%","84.1%","86.4%","","63.6%","25.0%","0.0%","0.0%","0.0%","0.0%","0.0%","77.3%"
"Westmoreland","Elizabeth Seton Montessori Sch","Kindergarten","2","","","","","","","","","","","","","","","",""
"Westmoreland","Fort Allen El Sch","Kindergarten","78","91.0%","91.0%","91.0%","92.3%","0.0%","91.0%","","","","","0.0%","0.0%","10.3%","0.0%","0.0%","0.0%"
"Westmoreland","Franklin Regional MS","7th Grade","292","95.2%","95.2%","95.5%","94.2%","0.3%","95.5%","88.0%","86.6%","","","0.0%","0.7%","7.2%","0.3%","0.0%","5.8%"
"Westmoreland","Franklin Regional Primary Sch","Kindergarten","198","93.4%","92.9%","92.9%","97.0%","1.0%","90.9%","","","","","0.0%","3.5%","0.5%","0.0%","0.0%","5.1%"
"Westmoreland","Franklin Regional SHS","12th Grade","294","95.9%","95.6%","95.6%","95.9%","1.0%","95.2%","95.6%","","0.3%","90.1%","0.3%","6.1%","0.0%","0.0%","0.0%","4.8%"
"Westmoreland","Grace Bible Academy","Kindergarten","4","","","","","","","","","","","","","","","",""
"Westmoreland","Grace Bible Academy","7th Grade","3","","","","","","","","","","","","","","","",""
"Westmoreland","Grace Bible Academy","12th Grade","4","","","","","","","","","","","","","","","",""
"Westmoreland","Grandview El Sch","Kindergarten","125","92.8%","92.8%","92.8%","95.2%","0.0%","92.0%","","","","","0.0%","6.4%","1.6%","0.0%","0.0%","0.0%"
"Westmoreland","Greater Latrobe JHS","7th Grade","272","89.0%","89.0%","89.0%","89.0%","0.4%","89.0%","89.0%","89.0%","","","0.4%","4.8%","5.9%","0.0%","0.0%","0.0%"
"Westmoreland","Greater Latrobe SHS","12th Grade","276","89.5%","89.5%","89.5%","89.5%","0.7%","88.8%","89.5%","","0.4%","89.1%","0.7%","8.7%","1.1%","0.0%","0.0%","0.0%"
"Westmoreland","Greensburg Central Catholic Jr-Sr High School","7th Grade","31","96.8%","93.5%","93.5%","100.0%","0.0%","93.5%","87.1%","83.9%","","","0.0%","0.0%","16.1%","0.0%","0.0%","0.0%"
"Westmoreland","Greensburg Central Catholic Jr-Sr High School","12th Grade","62","93.5%","93.5%","96.8%","95.2%","0.0%","96.8%","96.8%","","0.0%","87.1%","0.0%","6.5%","4.8%","0.0%","0.0%","3.2%"
"Westmoreland","Greensburg-Salem HS","12th Grade","193","92.2%","93.3%","96.4%","96.4%","0.0%","97.4%","94.3%","","0.0%","86.5%","0.0%","6.2%","4.1%","0.0%","0.0%","5.7%"
"Westmoreland","Greensburg-Salem MS","7th Grade","187","97.9%","95.2%","97.3%","97.3%","0.0%","97.3%","96.8%","96.8%","","","0.0%","2.7%","13.9%","2.1%","0.0%","0.0%"
"Westmoreland","H W Good El Sch","Kindergarten","38","100.0%","97.4%","97.4%","100.0%","0.0%","97.4%","","","","","2.6%","0.0%","0.0%","0.0%","0.0%","0.0%"
"Westmoreland","Hahntown El Sch","Kindergarten","89","94.4%","93.3%","94.4%","100.0%","0.0%","94.4%","","","","","0.0%","3.4%","2.2%","1.1%","0.0%","0.0%"
"Westmoreland","Harrison Park El Sch","Kindergarten","62","90.3%","90.3%","88.7%","90.3%","0.0%","88.7%","","","","","1.6%","9.7%","0.0%","0.0%","0.0%","0.0%"
"Westmoreland","Hempfield Area SHS","12th Grade","430","95.6%","95.6%","95.8%","95.8%","0.5%","94.9%","95.6%","","0.5%","85.8%","0.2%","0.7%","12.6%","0.0%","0.0%","1.4%"
"Westmoreland","Heritage Baptist Academy","Kindergarten","5","","","","","","","","","","","","","","","",""
"Westmoreland","Heritage Baptist Academy","7th Grade","7","","","","","","","","","","","","","","","",""
"Westmoreland","Heritage Baptist Academy","12th Grade","5","","","","","","","","","","","","","","","",""
"Westmoreland","Jeannette HS","7th Grade","75","97.3%","97.3%","97.3%","98.7%","0.0%","97.3%","94.7%","94.7%","","","0.0%","1.3%","4.0%","0.0%","0.0%","0.0%"
"Westmoreland","Jeannette HS","12th Grade","68","98.5%","98.5%","98.5%","98.5%","0.0%","98.5%","98.5%","","1.5%","92.6%","0.0%","1.5%","2.9%","2.9%","0.0%","0.0%"
"Westmoreland","Jeannette McKee El Sch","Kindergarten","68","98.5%","98.5%","98.5%","98.5%","0.0%","98.5%","","","","","0.0%","0.0%","1.5%","0.0%","0.0%","0.0%"
"Westmoreland","Kiski Area East Primary Sch","Kindergarten","95","96.8%","96.8%","96.8%","96.8%","0.0%","96.8%","","","","","0.0%","2.1%","1.1%","0.0%","0.0%","0.0%"
"Westmoreland","Kiski Area HS","12th Grade","273","97.1%","96.3%","96.7%","96.0%","0.4%","96.0%","97.1%","","0.4%","92.3%","2.2%","2.2%","5.9%","0.0%","0.0%","0.0%"
"Westmoreland","Kiski Area IHS","7th Grade","268","91.8%","91.8%","92.5%","92.2%","0.4%","91.8%","89.6%","89.2%","","","0.7%","4.5%","6.7%","0.0%","0.0%","0.0%"
"Westmoreland","Kiski Area North Primary Sch","Kindergarten","90","94.4%","94.4%","94.4%","96.7%","0.0%","94.4%","","","","","2.2%","1.1%","2.2%","2.2%","0.0%","0.0%"
"Westmoreland","Kiski Area South Primary Sch","Kindergarten","63","93.7%","93.7%","93.7%","95.2%","0.0%","93.7%","","","","","0.0%","3.2%","3.2%","0.0%","0.0%","0.0%"
"Westmoreland","Kiski School","12th Grade","51","96.1%","96.1%","96.1%","96.1%","3.9%","92.2%","96.1%","","2.0%","94.1%","0.0%","3.9%","0.0%","0.0%","0.0%","0.0%"
"Westmoreland","Latrobe El Sch","Kindergarten","78","96.2%","96.2%","96.2%","96.2%","0.0%","96.2%","","","","","0.0%","3.8%","0.0%","0.0%","0.0%","0.0%"
"Westmoreland","Laurel Valley El Sch","Kindergarten","37","94.6%","94.6%","94.6%","94.6%","0.0%","94.6%","","","","","0.0%","5.4%","0.0%","0.0%","0.0%","0.0%"
"Westmoreland","Level Green El Sch","Kindergarten","44","95.5%","95.5%","95.5%","95.5%","0.0%","95.5%","","","","","0.0%","4.5%","0.0%","0.0%","0.0%","0.0%"
"Westmoreland","Ligonier Valley HS","12th Grade","108","88.0%","88.0%","88.0%","88.0%","0.0%","88.0%","88.0%","","0.0%","73.1%","1.9%","10.2%","13.9%","0.0%","0.0%","0.9%"
"Westmoreland","Ligonier Valley MS","7th Grade","75","86.7%","86.7%","86.7%","86.7%","1.3%","85.3%","86.7%","86.7%","","","0.0%","13.3%","0.0%","0.0%","0.0%","0.0%"
"Westmoreland","Marion El Sch","Kindergarten","93","91.4%","90.3%","91.4%","93.5%","91.4%","0.0%","","","","","0.0%","0.0%","6.5%","3.2%","0.0%","0.0%"
"Westmoreland","Martin Sch","Kindergarten","145","94.5%","93.8%","93.8%","95.9%","0.0%","92.4%","","","","","0.0%","2.8%","0.0%","0.0%","0.0%","7.6%"
"Westmoreland","Mary Queen of Apostles Sch -Freeport Rd","Kindergarten","19","","","","","","","","","","","","","","","",""
"Westmoreland","Mary Queen of Apostles Sch -Greenwald Site","7th Grade","19","","","","","","","","","","","","","","","",""
"Westmoreland","Maxwell El Sch","Kindergarten","60","95.0%","95.0%","95.0%","95.0%","0.0%","95.0%","","","","","0.0%","0.0%","6.7%","0.0%","0.0%","0.0%"
"Westmoreland","McCullough El Sch","Kindergarten","73","90.4%","90.4%","90.4%","90.4%","0.0%","90.4%","","","","","0.0%","8.2%","0.0%","1.4%","0.0%","0.0%"
"Westmoreland","Mellon El Sch","Kindergarten","46","87.0%","87.0%","87.0%","87.0%","0.0%","87.0%","","","","","0.0%","0.0%","13.0%","0.0%","0.0%","0.0%"
"Westmoreland","Mendon El Sch","Kindergarten","34","88.2%","91.2%","88.2%","97.1%","0.0%","88.2%","","","","","0.0%","2.9%","5.9%","2.9%","0.0%","0.0%"
"Westmoreland","Merakey Autism Center","Kindergarten","3","","","","","","","","","","","","","","","",""
"Westmoreland","Merakey Autism Center","7th Grade","3","","","","","","","","","","","","","","","",""
"Westmoreland","Merakey Autism Center","12th Grade","4","","","","","","","","","","","","","","","",""
"Westmoreland","Merakey Education Achievement","7th Grade","1","","","","","","","","","","","","","","","",""
"Westmoreland","Metzgar El Sch","Kindergarten","40","92.5%","92.5%","92.5%","92.5%","0.0%","95.0%","","","","","7.5%","0.0%","0.0%","0.0%","0.0%","0.0%"
"Westmoreland","Middle Creek Treatment Ctr","12th Grade","14","","","","","","","","","","","","","","","",""
"Westmoreland","Monessen El Ctr","Kindergarten","55","96.4%","96.4%","96.4%","98.2%","0.0%","96.4%","","","","","0.0%","3.6%","0.0%","0.0%","0.0%","0.0%"
"Westmoreland","Monessen MS","7th Grade","48","91.7%","91.7%","93.8%","91.7%","0.0%","93.8%","89.6%","89.6%","","","0.0%","6.2%","4.2%","0.0%","0.0%","2.1%"
"Westmoreland","Monessen SHS","12th Grade","45","100.0%","100.0%","100.0%","100.0%","0.0%","100.0%","97.8%","","4.4%","91.1%","0.0%","2.2%","6.7%","0.0%","0.0%","6.7%"
"Westmoreland","Mother of Sorrows School","Kindergarten","41","97.6%","97.6%","92.7%","97.6%","0.0%","90.2%","","","","","0.0%","0.0%","2.4%","0.0%","0.0%","7.3%"
"Westmoreland","Mother of Sorrows School","7th Grade","20","100.0%","100.0%","100.0%","100.0%","0.0%","100.0%","95.0%","95.0%","","","0.0%","5.0%","0.0%","0.0%","0.0%","0.0%"
"Westmoreland","Mount Pleasant Area HS","12th Grade","151","96.7%","96.0%","96.0%","96.0%","0.0%","96.0%","94.0%","","0.0%","89.4%","0.7%","2.6%","8.6%","0.0%","0.0%","0.0%"
"Westmoreland","Mount Pleasant Area JHS","7th Grade","139","95.0%","94.2%","94.2%","95.0%","0.0%","94.2%","89.9%","88.5%","","","0.0%","0.0%","11.5%","0.0%","0.0%","0.0%"
"Westmoreland","Mountain View El Sch","Kindergarten","66","87.9%","87.9%","87.9%","87.9%","0.0%","87.9%","","","","","0.0%","3.0%","9.1%","0.0%","0.0%","0.0%"
"Westmoreland","Nicely El Sch","Kindergarten","44","86.4%","88.6%","88.6%","97.7%","0.0%","97.7%","","","","","0.0%","2.3%","11.4%","0.0%","0.0%","0.0%"
"Westmoreland","Norvelt El Sch","Kindergarten","109","99.1%","99.1%","99.1%","99.1%","0.0%","99.1%","","","","","0.0%","0.9%","0.0%","0.0%","0.0%","0.0%"
"Westmoreland","Norwin MS","7th Grade","375","97.3%","96.8%","97.6%","97.9%","0.0%","97.1%","94.4%","93.9%","","","0.0%","5.6%","1.1%","0.0%","0.0%","0.0%"
"Westmoreland","Norwin SHS","12th Grade","418","97.8%","97.6%","97.8%","99.3%","0.5%","97.6%","95.9%","","0.0%","90.9%","0.0%","7.7%","2.2%","0.0%","0.0%","0.0%"
"Westmoreland","Outside in School Inc","12th Grade","4","","","","","","","","","","","","","","","",""
"Westmoreland","Penn MS","7th Grade","183","96.2%","95.6%","95.6%","96.2%","0.5%","95.6%","94.5%","94.5%","","","0.0%","4.9%","1.1%","0.0%","0.0%","0.0%"
"Westmoreland","Penn Trafford HS","12th Grade","302","97.4%","97.0%","96.7%","95.4%","0.7%","96.4%","97.4%","","0.0%","90.7%","1.3%","7.6%","1.0%","0.7%","0.0%","0.0%"
"Westmoreland","Pressley Ridge Day School Greensburg","7th Grade","4","","","","","","","","","","","","","","","",""
"Westmoreland","Pressley Ridge Day School Greensburg","12th Grade","6","","","","","","","","","","","","","","","",""
"Westmoreland","Queen of Angels Catholic School","Kindergarten","46","93.5%","93.5%","95.7%","97.8%","0.0%","95.7%","","","","","0.0%","6.5%","0.0%","0.0%","0.0%","0.0%"
"Westmoreland","Queen of Angels Catholic School","7th Grade","16","","","","","","","","","","","","","","","",""
"Westmoreland","Rostraver El Sch","Kindergarten","92","96.7%","93.5%","92.4%","94.6%","0.0%","92.4%","","","","","0.0%","3.3%","2.2%","0.0%","0.0%","2.2%"
"Westmoreland","Sheridan Terrace El Sch","Kindergarten","78","91.0%","91.0%","89.7%","94.9%","0.0%","91.0%","","","","","0.0%","10.3%","0.0%","1.3%","0.0%","0.0%"
"Westmoreland","Small World Daycare","Kindergarten","2","","","","","","","","","","","","","","","",""
"Westmoreland","Southmoreland MS","7th Grade","138","91.3%","91.3%","91.3%","91.3%","0.0%","91.3%","87.0%","87.0%","","","0.0%","13.0%","0.0%","0.0%","0.0%","0.0%"
"Westmoreland","Southmoreland Primary Center","Kindergarten","136","94.9%","92.6%","91.2%","95.6%","0.0%","91.2%","","","","","0.0%","0.0%","8.8%","0.0%","0.0%","0.0%"
"Westmoreland","Southmoreland SHS","12th Grade","150","98.0%","98.0%","98.0%","98.0%","0.7%","98.0%","96.0%","","0.0%","94.7%","0.0%","1.3%","4.0%","8.0%","1.3%","0.0%"
"Westmoreland","St Sebastian School","Kindergarten","28","82.1%","82.1%","82.1%","85.7%","0.0%","82.1%","","","","","0.0%","14.3%","0.0%","3.6%","0.0%","0.0%"
"Westmoreland","St Sebastian School","7th Grade","4","","","","","","","","","","","","","","","",""
"Westmoreland","Stanwood El Sch","Kindergarten","84","94.0%","92.9%","90.5%","95.2%","0.0%","90.5%","","","","","0.0%","0.0%","10.7%","0.0%","0.0%","0.0%"
"Westmoreland","Stewartsville El Sch","Kindergarten","90","95.6%","96.7%","95.6%","96.7%","0.0%","95.6%","","","","","0.0%","4.4%","0.0%","0.0%","0.0%","0.0%"
"Westmoreland","Sunrise El Sch","Kindergarten","40","95.0%","95.0%","95.0%","95.0%","0.0%","95.0%","","","","","0.0%","2.5%","2.5%","0.0%","0.0%","0.0%"
"Westmoreland","Sunset Valley El Sch","Kindergarten","84","98.8%","97.6%","96.4%","97.6%","0.0%","96.4%","","","","","0.0%","3.6%","0.0%","0.0%","0.0%","1.2%"
"Westmoreland","Trafford El Sch","Kindergarten","24","91.7%","91.7%","91.7%","91.7%","0.0%","91.7%","","","","","4.2%","4.2%","0.0%","0.0%","0.0%","0.0%"
"Westmoreland","Trafford MS","7th Grade","137","95.6%","95.6%","95.6%","95.6%","0.0%","95.6%","94.2%","94.2%","","","0.0%","4.4%","1.5%","0.0%","0.0%","0.0%"
"Westmoreland","Valley JSHS","7th Grade","124","96.8%","96.0%","96.0%","96.8%","0.0%","96.0%","74.2%","73.4%","","","0.8%","0.8%","0.8%","0.0%","0.0%","26.6%"
"Westmoreland","Valley JSHS","12th Grade","106","97.2%","96.2%","97.2%","97.2%","0.0%","97.2%","84.0%","","5.7%","67.0%","0.0%","1.9%","0.9%","0.0%","0.0%","31.1%"
"Westmoreland","Valley School of Ligonier","Kindergarten","28","92.9%","89.3%","89.3%","92.9%","0.0%","92.9%","","","","","0.0%","7.1%","0.0%","3.6%","0.0%","0.0%"
"Westmoreland","Valley School of Ligonier","7th Grade","18","","","","","","","","","","","","","","","",""
"Westmoreland","Wendover MS","7th Grade","215","94.9%","95.3%","94.9%","94.4%","93.0%","1.4%","91.2%","91.2%","","","0.0%","0.0%","9.3%","0.0%","0.0%","0.5%"
"Westmoreland","West Hempfield El Sch","Kindergarten","65","92.3%","89.2%","89.2%","90.8%","0.0%","89.2%","","","","","0.0%","0.0%","13.8%","0.0%","0.0%","0.0%"
"Westmoreland","West Hempfield MS","7th Grade","186","91.9%","91.9%","91.9%","92.5%","0.0%","91.9%","89.8%","89.8%","","","0.0%","0.0%","10.2%","0.0%","0.0%","0.0%"
"Westmoreland","West Newton El Sch","Kindergarten","31","93.5%","93.5%","96.8%","96.8%","0.0%","96.8%","","","","","0.0%","0.0%","3.2%","3.2%","0.0%","0.0%"
"Westmoreland","West Point El Sch","Kindergarten","63","92.1%","92.1%","93.7%","95.2%","0.0%","93.7%","","","","","0.0%","0.0%","7.9%","1.6%","0.0%","0.0%"
"Westmoreland","Westmoreland Christian Academy","Kindergarten","4","","","","","","","","","","","","","","","",""
"Westmoreland","Westmoreland Christian Academy","7th Grade","4","","","","","","","","","","","","","","","",""
"Westmoreland","Westmoreland Christian Academy","12th Grade","2","","","","","","","","","","","","","","","",""
"Westmoreland","Westmoreland IU 7","Kindergarten","4","","","","","","","","","","","","","","","",""
"Westmoreland","Westmoreland IU 7","7th Grade","5","","","","","","","","","","","","","","","",""
"Westmoreland","Westmoreland IU 7","12th Grade","17","","","","","","","","","","","","","","","",""
"Westmoreland","Yough Intrmd/MS Sch","7th Grade","128","97.7%","96.9%","97.7%","97.7%","0.0%","97.7%","93.8%","93.8%","","","0.8%","0.8%","4.7%","0.0%","0.0%","0.8%"
"Westmoreland","Yough SHS","12th Grade","133","97.0%","97.0%","97.0%","97.0%","0.8%","96.2%","97.0%","","0.0%","91.7%","0.8%","4.5%","3.0%","0.0%","0.0%","0.0%"
"Wyoming","Endless Mountains Christian Academy","Kindergarten","1","","","","","","","","","","","","","","","",""
"Wyoming","Endless Mountains Christian Academy","7th Grade","3","","","","","","","","","","","","","","","",""
"Wyoming","Endless Mountains Christian Academy","12th Grade","2","","","","","","","","","","","","","","","",""
"Wyoming","Lackawanna Trail El Ctr","Kindergarten","59","100.0%","100.0%","100.0%","100.0%","0.0%","100.0%","","","","","0.0%","0.0%","0.0%","0.0%","0.0%","0.0%"
"Wyoming","Lackawanna Trail JSHS","7th Grade","72","100.0%","100.0%","100.0%","100.0%","0.0%","98.6%","98.6%","97.2%","","","1.4%","1.4%","0.0%","0.0%","0.0%","0.0%"
"Wyoming","Lackawanna Trail JSHS","12th Grade","67","100.0%","100.0%","100.0%","100.0%","0.0%","100.0%","100.0%","","10.4%","89.6%","0.0%","0.0%","0.0%","10.4%","0.0%","0.0%"
"Wyoming","Tunkhannock Area Intermediate Sch","7th Grade","169","95.3%","94.1%","94.7%","95.3%","1.2%","93.5%","91.1%","91.7%","","","0.0%","7.1%","0.0%","0.0%","0.0%","4.1%"
"Wyoming","Tunkhannock Area Primary Cntr","Kindergarten","163","92.6%","91.4%","92.0%","91.4%","0.0%","91.4%","","","","","0.0%","6.7%","0.0%","0.0%","0.0%","4.3%"
"Wyoming","Tunkhannock HS","12th Grade","161","98.1%","94.4%","98.8%","98.1%","1.9%","96.9%","96.3%","","0.6%","91.3%","0.0%","6.8%","0.0%","0.0%","0.0%","6.2%"
"York","Allen MS","7th Grade","95","98.9%","98.9%","98.9%","98.9%","0.0%","98.9%","97.9%","97.9%","","","0.0%","2.1%","0.0%","0.0%","0.0%","0.0%"
"York","Baresville El Sch","Kindergarten","91","100.0%","98.9%","100.0%","100.0%","0.0%","100.0%","","","","","0.0%","6.6%","0.0%","1.1%","0.0%","1.1%"
"York","Bible Baptist Christian Academy","Kindergarten","10","","","","","","","","","","","","","","","",""
"York","Bible Baptist Christian Academy","7th Grade","6","","","","","","","","","","","","","","","",""
"York","Bible Baptist Christian Academy","12th Grade","4","","","","","","","","","","","","","","","",""
"York","Blue Bird Meadow School","7th Grade","3","","","","","","","","","","","","","","","",""
"York","Canadochly El Sch","Kindergarten","74","93.2%","93.2%","94.6%","95.9%","0.0%","94.6%","","","","","0.0%","0.0%","4.1%","1.4%","0.0%","2.7%"
"York","Cedar Cliff HS","12th Grade","336","99.4%","98.8%","98.8%","99.1%","0.9%","99.1%","98.5%","","2.7%","95.2%","0.3%","1.8%","0.6%","1.2%","0.6%","0.6%"
"York","Central York HS","12th Grade","482","98.3%","98.3%","98.1%","98.3%","1.0%","97.5%","98.3%","","1.2%","97.5%","2.9%","2.7%","0.4%","1.2%","0.0%","1.2%"
"York","Central York MS","7th Grade","500","96.0%","96.0%","95.8%","95.6%","0.4%","95.6%","93.0%","92.8%","","","0.2%","5.0%","1.0%","0.0%","0.0%","1.6%"
"York","Cherry Ridge Amish School","7th Grade","2","","","","","","","","","","","","","","","",""
"York","Christian School of York","Kindergarten","40","62.5%","62.5%","60.0%","75.0%","0.0%","60.0%","","","","","0.0%","25.0%","0.0%","0.0%","0.0%","15.0%"
"York","Christian School of York","7th Grade","40","90.0%","90.0%","90.0%","90.0%","0.0%","90.0%","70.0%","65.0%","","","0.0%","27.5%","0.0%","0.0%","0.0%","7.5%"
"York","Christian School of York","12th Grade","26","73.1%","73.1%","73.1%","73.1%","0.0%","73.1%","73.1%","","0.0%","65.4%","0.0%","26.9%","0.0%","0.0%","0.0%","7.7%"
"York","Clearview El Sch - Brogue Location","Kindergarten","44","90.9%","90.9%","90.9%","93.2%","0.0%","88.6%","","","","","0.0%","11.4%","0.0%","2.3%","0.0%","0.0%"
"York","Clearview El Sch - Hanover Location","Kindergarten","39","94.9%","94.9%","94.9%","94.9%","0.0%","94.9%","","","","","0.0%","5.1%","0.0%","0.0%","0.0%","0.0%"
"York","Conewago El Sch","Kindergarten","76","98.7%","98.7%","98.7%","100.0%","0.0%","98.7%","","","","","0.0%","0.0%","1.3%","0.0%","0.0%","0.0%"
"York","Crossroads MS","7th Grade","243","97.9%","97.9%","98.4%","97.9%","0.4%","97.9%","94.7%","94.7%","","","0.8%","2.1%","2.5%","0.8%","0.0%","0.0%"
"York","Dallastown Area Intermediate Sch","7th Grade","2","","","","","","","","","","","","","","","",""
"York","Dallastown Area MS","7th Grade","541","97.2%","96.5%","96.9%","96.7%","0.7%","96.1%","92.4%","92.2%","","","0.6%","3.5%","1.8%","0.0%","0.0%","2.0%"
"York","Dallastown Area SHS","12th Grade","564","96.6%","96.3%","96.8%","96.5%","1.1%","95.9%","94.1%","","1.6%","89.4%","0.5%","4.8%","5.0%","0.0%","0.0%","0.0%"
"York","Dallastown El Sch","Kindergarten","40","95.0%","95.0%","92.5%","95.0%","0.0%","92.5%","","","","","2.5%","2.5%","0.0%","2.5%","0.0%","2.5%"
"York","Davis Sch","Kindergarten","67","92.5%","92.5%","95.5%","94.0%","0.0%","95.5%","","","","","0.0%","3.0%","1.5%","3.0%","0.0%","0.0%"
"York","Davis Sch","7th Grade","68","89.7%","91.2%","91.2%","91.2%","1.5%","89.7%","88.2%","88.2%","","","0.0%","2.9%","4.4%","0.0%","0.0%","4.4%"
"York","Delta-Peach Bottom El Sch","Kindergarten","68","92.6%","94.1%","95.6%","94.1%","0.0%","94.1%","","","","","1.5%","2.9%","1.5%","1.5%","0.0%","1.5%"
"York","Devers Sch","Kindergarten","78","97.4%","97.4%","98.7%","98.7%","0.0%","98.7%","","","","","0.0%","0.0%","0.0%","2.6%","0.0%","0.0%"
"York","Devers Sch","7th Grade","70","98.6%","98.6%","98.6%","98.6%","0.0%","98.6%","97.1%","97.1%","","","0.0%","1.4%","0.0%","1.4%","0.0%","1.4%"
"York","Dillsburg El Sch","Kindergarten","71","91.5%","91.5%","91.5%","93.0%","0.0%","91.5%","","","","","0.0%","7.0%","1.4%","0.0%","0.0%","0.0%"
"York","Dover Area El Sch","Kindergarten","47","93.6%","95.7%","95.7%","95.7%","0.0%","93.6%","","","","","0.0%","6.4%","0.0%","0.0%","0.0%","0.0%"
"York","Dover Area HS","12th Grade","271","94.5%","93.7%","94.1%","94.1%","0.0%","93.7%","93.0%","","0.7%","89.3%","0.7%","8.9%","0.0%","0.4%","0.0%","1.1%"
"York","Dover Area MS","7th Grade","270","96.3%","95.9%","96.3%","96.3%","0.4%","95.9%","92.6%","92.6%","","","0.0%","7.8%","0.0%","0.0%","0.0%","0.0%"
"York","Eastern York HS","12th Grade","159","93.7%","94.3%","93.7%","93.7%","0.0%","93.7%","91.8%","","0.0%","90.6%","1.3%","1.3%","6.9%","0.0%","0.0%","1.9%"
"York","Eastern York MS","7th Grade","197","92.9%","92.4%","92.9%","93.4%","0.0%","92.9%","89.3%","87.8%","","","1.0%","1.0%","8.6%","0.0%","0.0%","1.5%"
"York","Edgar Fahs Smith STEAM Academy","Kindergarten","64","92.2%","95.3%","96.9%","95.3%","0.0%","95.3%","","","","","0.0%","0.0%","3.1%","4.7%","0.0%","0.0%"
"York","Edgar Fahs Smith STEAM Academy","7th Grade","39","94.9%","94.9%","94.9%","94.9%","0.0%","94.9%","89.7%","89.7%","","","0.0%","2.6%","2.6%","5.1%","0.0%","0.0%"
"York","Emory H Markle MS","7th Grade","372","95.4%","95.7%","94.4%","95.7%","0.5%","94.4%","91.9%","92.5%","","","1.3%","5.1%","2.7%","1.3%","0.0%","0.0%"
"York","Fawn Area El Sch","Kindergarten","51","94.1%","92.2%","92.2%","92.2%","0.0%","92.2%","","","","","0.0%","0.0%","5.9%","0.0%","0.0%","2.0%"
"York","Fawn Grove Amish School","7th Grade","1","","","","","","","","","","","","","","","",""
"York","Ferguson Sch","Kindergarten","76","90.8%","93.4%","97.4%","92.1%","1.3%","94.7%","","","","","0.0%","2.6%","0.0%","6.6%","0.0%","2.6%"
"York","Ferguson Sch","7th Grade","78","98.7%","98.7%","98.7%","98.7%","2.6%","96.2%","97.4%","97.4%","","","0.0%","0.0%","1.3%","0.0%","1.3%","1.3%"
"York","Fishing Creek El Sch","Kindergarten","77","97.4%","97.4%","97.4%","98.7%","1.3%","96.1%","","","","","0.0%","2.6%","0.0%","1.3%","0.0%","0.0%"
"York","Friendship El Sch","Kindergarten","63","92.1%","90.5%","90.5%","90.5%","0.0%","90.5%","","","","","0.0%","6.3%","3.2%","0.0%","0.0%","0.0%"
"York","Garbers Mennonite School","7th Grade","10","","","","","","","","","","","","","","","",""
"York","Garbers Mennonite School","12th Grade","4","","","","","","","","","","","","","","","",""
"York","Goddard School","Kindergarten","13","","","","","","","","","","","","","","","",""
"York","Goode Sch","Kindergarten","56","96.4%","96.4%","96.4%","98.2%","0.0%","96.4%","","","","","0.0%","0.0%","0.0%","0.0%","0.0%","3.6%"
"York","Goode Sch","7th Grade","69","97.1%","95.7%","97.1%","97.1%","0.0%","97.1%","97.1%","97.1%","","","0.0%","1.4%","0.0%","0.0%","0.0%","2.9%"
"York","Grace Academy","Kindergarten","13","","","","","","","","","","","","","","","",""
"York","Grace Academy","7th Grade","5","","","","","","","","","","","","","","","",""
"York","Green Valley Amish School","7th Grade","7","","","","","","","","","","","","","","","",""
"York","Gum Tree Amish School","7th Grade","4","","","","","","","","","","","","","","","",""
"York","Hannah Penn","Kindergarten","65","93.8%","93.8%","95.4%","96.9%","0.0%","93.8%","","","","","0.0%","0.0%","0.0%","9.2%","0.0%","1.5%"
"York","Hannah Penn","7th Grade","83","97.6%","97.6%","100.0%","97.6%","0.0%","98.8%","97.6%","98.8%","","","0.0%","0.0%","0.0%","2.4%","0.0%","0.0%"
"York","Hanover MS","7th Grade","176","94.9%","94.3%","94.9%","91.5%","0.6%","93.8%","81.8%","82.4%","","","0.6%","1.1%","5.1%","0.0%","0.0%","13.6%"
"York","Hanover SHS","12th Grade","114","98.2%","99.1%","97.4%","93.9%","3.5%","93.9%","97.4%","","5.3%","77.2%","4.4%","0.9%","0.9%","20.2%","0.0%","20.2%"
"York","Hanover Street El Sch","Kindergarten","44","86.4%","86.4%","86.4%","86.4%","0.0%","86.4%","","","","","0.0%","4.5%","9.1%","0.0%","0.0%","0.0%"
"York","Hayshire El Sch","Kindergarten","143","90.9%","90.9%","91.6%","91.6%","0.0%","91.6%","","","","","0.7%","7.7%","0.0%","0.0%","0.0%","0.7%"
"York","Hickory Ridge","7th Grade","3","","","","","","","","","","","","","","","",""
"York","Highland El Sch","Kindergarten","79","100.0%","100.0%","100.0%","100.0%","0.0%","100.0%","","","","","1.3%","0.0%","2.5%","0.0%","0.0%","0.0%"
"York","Hillside El Sch","Kindergarten","84","97.6%","94.0%","94.0%","95.2%","0.0%","94.0%","","","","","0.0%","2.4%","2.4%","1.2%","0.0%","0.0%"
"York","Holly Ridge Amish School","7th Grade","3","","","","","","","","","","","","","","","",""
"York","Hope Christian School of Hanover","Kindergarten","6","","","","","","","","","","","","","","","",""
"York","Hope Christian School of Hanover","7th Grade","6","","","","","","","","","","","","","","","",""
"York","Hope Christian School of Hanover","12th Grade","1","","","","","","","","","","","","","","","",""
"York","Jackson Sch","Kindergarten","53","98.1%","98.1%","100.0%","100.0%","0.0%","100.0%","","","","","0.0%","0.0%","0.0%","0.0%","0.0%","1.9%"
"York","Jackson Sch","7th Grade","50","88.0%","90.0%","92.0%","90.0%","0.0%","92.0%","94.0%","92.0%","","","2.0%","2.0%","0.0%","0.0%","0.0%","8.0%"
"York","Kennard-Dale HS","12th Grade","190","96.8%","96.3%","97.9%","96.8%","0.0%","97.4%","96.8%","","7.9%","76.8%","1.1%","1.1%","12.6%","0.5%","0.0%","8.9%"
"York","Keystone Christian Academy - York","Kindergarten","5","","","","","","","","","","","","","","","",""
"York","Keystone Christian Academy - York","7th Grade","3","","","","","","","","","","","","","","","",""
"York","Keystone Christian Academy - York","12th Grade","3","","","","","","","","","","","","","","","",""
"York","Kreutz Creek El Sch","Kindergarten","54","87.0%","87.0%","85.2%","88.9%","0.0%","85.2%","","","","","0.0%","0.0%","13.0%","0.0%","0.0%","1.9%"
"York","Larry J. Macaluso El Sch","Kindergarten","81","92.6%","92.6%","92.6%","95.1%","0.0%","95.1%","","","","","0.0%","0.0%","7.4%","0.0%","0.0%","0.0%"
"York","Leaders Heights El Sch","Kindergarten","42","95.2%","95.2%","97.6%","97.6%","0.0%","95.2%","","","","","0.0%","2.4%","2.4%","0.0%","0.0%","0.0%"
"York","Leib El Sch","Kindergarten","52","98.1%","98.1%","98.1%","100.0%","0.0%","96.2%","","","","","0.0%","3.8%","0.0%","0.0%","0.0%","0.0%"
"York","Lilac Glen Amish School","7th Grade","1","","","","","","","","","","","","","","","",""
"York","Lincoln CS","Kindergarten","97","97.9%","97.9%","95.9%","95.9%","0.0%","94.8%","","","","","0.0%","1.0%","0.0%","7.2%","0.0%","0.0%"
"York","Lineboro View School","7th Grade","2","","","","","","","","","","","","","","","",""
"York","Locust Grove El Sch","Kindergarten","42","92.9%","92.9%","92.9%","97.6%","0.0%","92.9%","","","","","0.0%","4.8%","2.4%","0.0%","0.0%","0.0%"
"York","Loganville-Springfield El Sch","Kindergarten","125","95.2%","96.0%","95.2%","97.6%","0.0%","94.4%","","","","","1.6%","2.4%","1.6%","0.8%","0.0%","0.0%"
"York","Logos Academy","Kindergarten","20","100.0%","100.0%","100.0%","100.0%","0.0%","100.0%","","","","","0.0%","0.0%","0.0%","0.0%","0.0%","0.0%"
"York","Logos Academy","7th Grade","20","100.0%","100.0%","100.0%","100.0%","0.0%","100.0%","100.0%","100.0%","","","0.0%","0.0%","0.0%","0.0%","0.0%","0.0%"
"York","Logos Academy","12th Grade","15","","","","","","","","","","","","","","","",""
"York","Manheim El Sch","Kindergarten","33","87.9%","87.9%","87.9%","90.9%","0.0%","87.9%","","","","","3.0%","6.1%","3.0%","0.0%","0.0%","87.9%"
"York","Mazie Gable El Sch","Kindergarten","62","88.7%","90.3%","88.7%","98.4%","0.0%","88.7%","","","","","0.0%","4.8%","0.0%","8.1%","0.0%","0.0%"
"York","McKinley Sch","Kindergarten","40","90.0%","92.5%","92.5%","92.5%","0.0%","92.5%","","","","","0.0%","5.0%","0.0%","5.0%","0.0%","0.0%"
"York","McKinley Sch","7th Grade","78","100.0%","100.0%","98.7%","98.7%","0.0%","98.7%","100.0%","100.0%","","","0.0%","0.0%","0.0%","0.0%","0.0%","1.3%"
"York","Montessori Childrens House of York","Kindergarten","13","","","","","","","","","","","","","","","",""
"York","Montessori Childrens House of York","7th Grade","2","","","","","","","","","","","","","","","",""
"York","Mt Wolf El Sch","Kindergarten","65","100.0%","100.0%","98.5%","100.0%","0.0%","98.5%","","","","","0.0%","0.0%","1.5%","0.0%","0.0%","0.0%"
"York","N Hopewell-Winterstown El Sch","Kindergarten","37","89.2%","89.2%","83.8%","89.2%","0.0%","83.8%","","","","","0.0%","16.2%","0.0%","0.0%","0.0%","0.0%"
"York","New Cumberland MS","7th Grade","199","97.0%","97.5%","98.0%","97.0%","0.5%","98.0%","97.0%","97.0%","","","0.5%","0.5%","2.0%","2.5%","0.0%","0.0%"
"York","New Salem El Sch","Kindergarten","91","93.4%","94.5%","94.5%","95.6%","0.0%","94.5%","","","","","0.0%","4.4%","2.2%","0.0%","0.0%","0.0%"
"York","New Story","Kindergarten","2","","","","","","","","","","","","","","","",""
"York","New Story","7th Grade","6","","","","","","","","","","","","","","","",""
"York","New Story","12th Grade","5","","","","","","","","","","","","","","","",""
"York","Newberry El Sch","Kindergarten","55","96.4%","96.4%","94.5%","96.4%","0.0%","94.5%","","","","","1.8%","3.6%","0.0%","0.0%","0.0%","0.0%"
"York","North Salem El Sch","Kindergarten","68","94.1%","94.1%","95.6%","100.0%","0.0%","95.6%","","","","","0.0%","5.9%","0.0%","0.0%","0.0%","0.0%"
"York","Northeastern MS","7th Grade","338","97.3%","97.3%","97.6%","97.9%","0.0%","97.3%","93.8%","93.2%","","","0.0%","2.1%","4.1%","0.0%","0.0%","0.6%"
"York","Northeastern SHS","12th Grade","265","98.1%","96.2%","97.4%","97.7%","1.9%","95.8%","97.4%","","4.2%","94.7%","0.4%","4.5%","3.8%","0.0%","0.0%","0.0%"
"York","Northern El Sch","Kindergarten","52","90.4%","90.4%","92.3%","96.2%","0.0%","92.3%","","","","","0.0%","0.0%","7.7%","1.9%","0.0%","0.0%"
"York","Northern HS","12th Grade","254","95.3%","95.3%","95.3%","94.9%","0.0%","94.9%","94.5%","","0.0%","88.2%","0.4%","1.6%","7.5%","2.4%","0.0%","2.8%"
"York","Northern MS","7th Grade","284","94.4%","94.4%","94.4%","94.7%","0.0%","94.0%","90.8%","90.1%","","","0.4%","6.3%","3.5%","0.0%","0.0%","0.0%"
"York","Ore Valley El Sch","Kindergarten","132","95.5%","95.5%","95.5%","97.0%","0.0%","95.5%","","","","","0.0%","1.5%","0.8%","0.0%","0.0%","2.3%"
"York","Orendorf El Sch","Kindergarten","60","90.0%","90.0%","90.0%","91.7%","0.0%","88.3%","","","","","0.0%","10.0%","1.7%","0.0%","0.0%","0.0%"
"York","Paradise El Sch","Kindergarten","57","94.7%","94.7%","91.2%","100.0%","0.0%","91.2%","","","","","0.0%","5.3%","1.8%","1.8%","0.0%","0.0%"
"York","Park Hills El Sch","Kindergarten","81","98.8%","98.8%","98.8%","98.8%","0.0%","98.8%","","","","","0.0%","1.2%","0.0%","0.0%","0.0%","0.0%"
"York","Peaceful Melody Amish School","7th Grade","3","","","","","","","","","","","","","","","",""
"York","Pennwood Cyber CS","Kindergarten","96","72.9%","71.9%","69.8%","75.0%","0.0%","70.8%","","","","","0.0%","15.6%","0.0%","3.1%","0.0%","11.5%"
"York","Pennwood Cyber CS","7th Grade","170","81.2%","80.0%","81.8%","80.6%","0.0%","80.6%","71.8%","71.8%","","","0.0%","11.8%","1.8%","3.5%","0.0%","11.2%"
"York","Pennwood Cyber CS","12th Grade","206","86.9%","86.4%","87.9%","87.9%","0.0%","86.9%","88.8%","","23.8%","70.4%","0.5%","4.4%","1.5%","3.9%","0.0%","21.8%"
"York","Pleasant Hill Christian School","7th Grade","2","","","","","","","","","","","","","","","",""
"York","Pleasant View El Sch","Kindergarten","64","93.8%","93.8%","93.8%","95.3%","0.0%","93.8%","","","","","0.0%","3.1%","3.1%","0.0%","0.0%","0.0%"
"York","Red Land SHS","12th Grade","285","98.9%","98.9%","99.3%","98.2%","0.7%","99.3%","98.6%","","0.4%","98.9%","1.4%","2.1%","2.1%","0.0%","1.4%","0.7%"
"York","Red Lion Area JHS","7th Grade","401","93.5%","93.5%","93.3%","93.8%","0.0%","94.0%","87.0%","86.8%","","","0.0%","10.2%","1.0%","2.5%","0.0%","0.0%"
"York","Red Lion Area SHS","12th Grade","320","96.6%","95.0%","95.9%","96.6%","0.6%","95.0%","95.3%","","0.6%","75.3%","0.0%","1.9%","1.9%","0.0%","0.0%","22.2%"
"York","Red Lion Christian School","Kindergarten","22","68.2%","68.2%","63.6%","72.7%","0.0%","50.0%","","","","","0.0%","22.7%","0.0%","27.3%","0.0%","0.0%"
"York","Red Lion Christian School","7th Grade","15","","","","","","","","","","","","","","","",""
"York","Red Lion Christian School","12th Grade","9","","","","","","","","","","","","","","","",""
"York","Red Mill El Sch","Kindergarten","80","98.8%","97.5%","98.8%","98.8%","0.0%","98.8%","","","","","0.0%","2.5%","0.0%","0.0%","0.0%","0.0%"
"York","River Echo Amish School","7th Grade","1","","","","","","","","","","","","","","","",""
"York","River Rock Academy","7th Grade","4","","","","","","","","","","","","","","","",""
"York","River Rock Academy","12th Grade","12","","","","","","","","","","","","","","","",""
"York","River Rock Academy Inc","Kindergarten","3","","","","","","","","","","","","","","","",""
"York","River Rock Academy Inc","7th Grade","11","","","","","","","","","","","","","","","",""
"York","River Rock Academy Inc","12th Grade","7","","","","","","","","","","","","","","","",""
"York","Rolling Ridge School","7th Grade","2","","","","","","","","","","","","","","","",""
"York","Rossmoyne El Sch","Kindergarten","81","95.1%","95.1%","93.8%","96.3%","0.0%","93.8%","","","","","1.2%","4.9%","0.0%","0.0%","0.0%","0.0%"
"York","Roundtown El Sch","Kindergarten","127","91.3%","92.1%","92.1%","91.3%","0.0%","92.1%","","","","","0.0%","7.9%","0.0%","0.8%","0.0%","0.8%"
"York","Shrewsbury Christian Academy","Kindergarten","17","","","","","","","","","","","","","","","",""
"York","Shrewsbury Christian Academy","7th Grade","4","","","","","","","","","","","","","","","",""
"York","Shrewsbury El Sch","Kindergarten","61","93.4%","93.4%","93.4%","93.4%","0.0%","93.4%","","","","","0.0%","6.6%","0.0%","0.0%","0.0%","0.0%"
"York","Singing Meadow Amish School","7th Grade","2","","","","","","","","","","","","","","","",""
"York","Slate Hollow Amish School","7th Grade","2","","","","","","","","","","","","","","","",""
"York","Smith Hollow School","7th Grade","5","","","","","","","","","","","","","","","",""
"York","Soaring Heights School - York","Kindergarten","1","","","","","","","","","","","","","","","",""
"York","Soaring Heights School - York","7th Grade","6","","","","","","","","","","","","","","","",""
"York","Soaring Heights School - York","12th Grade","1","","","","","","","","","","","","","","","",""
"York","South Eastern MS","7th Grade","211","93.4%","92.9%","92.9%","92.4%","0.0%","92.9%","89.1%","88.2%","","","1.9%","6.6%","3.3%","0.5%","0.0%","0.0%"
"York","South Mountain El Sch","Kindergarten","63","90.5%","90.5%","90.5%","92.1%","0.0%","90.5%","","","","","0.0%","1.6%","7.9%","0.0%","0.0%","0.0%"
"York","South Western SHS","12th Grade","348","96.0%","96.3%","96.0%","95.1%","0.3%","95.7%","93.7%","","1.1%","87.1%","2.9%","4.6%","4.3%","0.3%","0.0%","2.9%"
"York","Southern El Sch","Kindergarten","73","93.2%","93.2%","93.2%","93.2%","0.0%","93.2%","","","","","1.4%","4.1%","1.4%","0.0%","0.0%","0.0%"
"York","Southern MS","7th Grade","230","91.7%","91.7%","91.7%","91.7%","0.4%","91.7%","88.3%","88.3%","","","0.0%","8.3%","4.3%","0.0%","0.0%","0.0%"
"York","Spring Grove Area HS","12th Grade","290","97.6%","97.2%","96.9%","96.2%","0.3%","96.6%","95.9%","","0.3%","89.7%","0.3%","1.4%","9.3%","0.0%","0.0%","2.4%"
"York","Spring Grove Area MS","7th Grade","327","95.4%","95.7%","96.0%","95.7%","0.0%","95.7%","91.1%","89.9%","","","1.2%","4.3%","5.2%","0.0%","0.0%","0.0%"
"York","Spring Grove El Sch","Kindergarten","135","90.4%","90.4%","89.6%","92.6%","0.0%","89.6%","","","","","0.0%","3.0%","3.0%","0.0%","0.0%","4.4%"
"York","St Joseph School - Hanover location","Kindergarten","43","97.7%","97.7%","97.7%","97.7%","0.0%","97.7%","","","","","0.0%","0.0%","2.3%","0.0%","0.0%","97.7%"
"York","St Joseph School - Hanover location","7th Grade","18","","","","","","","","","","","","","","","",""
"York","St Joseph School - York location","Kindergarten","36","94.4%","94.4%","91.7%","91.7%","0.0%","91.7%","","","","","0.0%","8.3%","0.0%","2.8%","0.0%","0.0%"
"York","St Rose of Lima School","Kindergarten","18","","","","","","","","","","","","","","","",""
"York","Stewartstown El Sch","Kindergarten","100","97.0%","95.0%","94.0%","96.0%","0.0%","95.0%","","","","","0.0%","4.0%","0.0%","0.0%","0.0%","2.0%"
"York","Stony Brook El Sch","Kindergarten","108","94.4%","94.4%","95.4%","98.1%","0.0%","93.5%","","","","","0.0%","6.5%","0.0%","0.0%","0.0%","0.0%"
"York","Sunnyburn School","7th Grade","4","","","","","","","","","","","","","","","",""
"York","Susquehannock HS","12th Grade","249","92.8%","92.4%","92.8%","93.2%","0.4%","93.2%","91.2%","","0.4%","85.5%","0.4%","2.0%","11.6%","0.0%","0.0%","0.8%"
"York","Tidings of Peace Christian School","Kindergarten","7","","","","","","","","","","","","","","","",""
"York","Tidings of Peace Christian School","7th Grade","3","","","","","","","","","","","","","","","",""
"York","Tidings of Peace Christian School","12th Grade","1","","","","","","","","","","","","","","","",""
"York","Valley View El Sch","Kindergarten","94","89.4%","89.4%","89.4%","89.4%","0.0%","89.4%","","","","","0.0%","9.6%","0.0%","1.1%","0.0%","0.0%"
"York","Wallace El Sch","Kindergarten","168","94.0%","94.0%","94.0%","94.0%","0.0%","93.5%","","","","","0.0%","0.0%","5.4%","1.2%","0.0%","0.0%"
"York","Washington El Sch","Kindergarten","47","97.9%","97.9%","97.9%","97.9%","0.0%","97.9%","","","","","0.0%","0.0%","0.0%","0.0%","0.0%","2.1%"
"York","Washington Heights El Sch","Kindergarten","69","92.8%","92.8%","92.8%","94.2%","0.0%","92.8%","","","","","0.0%","0.0%","5.8%","0.0%","0.0%","1.4%"
"York","Weigelstown El Sch","Kindergarten","47","91.5%","93.6%","93.6%","97.9%","0.0%","93.6%","","","","","2.1%","6.4%","0.0%","0.0%","0.0%","0.0%"
"York","Wellsville Campus","Kindergarten","45","95.6%","95.6%","95.6%","97.8%","0.0%","95.6%","","","","","2.2%","0.0%","2.2%","0.0%","0.0%","0.0%"
"York","West Manheim El Sch","Kindergarten","84","92.9%","94.0%","94.0%","95.2%","0.0%","94.0%","","","","","0.0%","0.0%","4.8%","2.4%","0.0%","92.9%"
"York","West York Area HS","12th Grade","192","99.0%","99.0%","99.0%","99.0%","0.0%","99.0%","97.4%","","2.6%","94.3%","0.5%","0.0%","5.2%","0.5%","0.0%","0.0%"
"York","West York Area MS","7th Grade","207","100.0%","100.0%","100.0%","100.0%","0.5%","99.5%","96.1%","96.1%","","","0.0%","1.9%","1.9%","0.0%","0.0%","0.0%"
"York","William Penn SHS","12th Grade","342","98.2%","98.2%","98.5%","97.1%","0.0%","98.5%","98.0%","","8.8%","87.7%","0.6%","2.6%","1.8%","1.2%","1.2%","4.4%"
"York","Wrightsville El Sch","Kindergarten","46","93.5%","93.5%","95.7%","95.7%","0.0%","93.5%","","","","","0.0%","0.0%","6.5%","0.0%","0.0%","0.0%"
"York","York Academy Regional CS","Kindergarten","100","91.0%","92.0%","95.0%","96.0%","0.0%","94.0%","","","","","1.0%","1.0%","6.0%","3.0%","0.0%","0.0%"
"York","York Academy Regional CS","7th Grade","100","97.0%","97.0%","97.0%","97.0%","0.0%","97.0%","97.0%","97.0%","","","0.0%","2.0%","2.0%","1.0%","0.0%","0.0%"
"York","York Academy Regional CS","12th Grade","37","97.3%","100.0%","100.0%","100.0%","0.0%","100.0%","97.3%","","97.3%","0.0%","0.0%","0.0%","2.7%","2.7%","0.0%","0.0%"
"York","York Adventist Christian School","Kindergarten","2","","","","","","","","","","","","","","","",""
"York","York Adventist Christian School","7th Grade","4","","","","","","","","","","","","","","","",""
"York","York Catholic High School","7th Grade","80","98.8%","98.8%","98.8%","98.8%","0.0%","98.8%","97.5%","97.5%","","","0.0%","2.5%","0.0%","0.0%","0.0%","0.0%"
"York","York Catholic High School","12th Grade","74","100.0%","100.0%","100.0%","100.0%","0.0%","100.0%","100.0%","","1.4%","97.3%","0.0%","1.4%","0.0%","0.0%","0.0%","0.0%"
"York","York Co School of Technology","12th Grade","394","98.2%","98.2%","98.0%","98.2%","0.3%","98.0%","95.9%","","0.3%","90.6%","1.8%","3.6%","6.1%","0.3%","0.0%","0.0%"
"York","York Country Day School","Kindergarten","20","75.0%","85.0%","85.0%","75.0%","0.0%","85.0%","","","","","0.0%","5.0%","0.0%","0.0%","0.0%","20.0%"
"York","York Country Day School","7th Grade","19","","","","","","","","","","","","","","","",""
"York","York Country Day School","12th Grade","28","100.0%","100.0%","100.0%","100.0%","0.0%","100.0%","100.0%","","0.0%","82.1%","0.0%","0.0%","0.0%","0.0%","0.0%","17.9%"
"York","York Haven El Sch","Kindergarten","82","97.6%","97.6%","97.6%","98.8%","0.0%","97.6%","","","","","0.0%","0.0%","2.4%","0.0%","0.0%","0.0%"
"York","York Suburban MS","7th Grade","265","95.8%","95.5%","95.8%","95.1%","0.4%","95.5%","94.0%","94.0%","","","0.4%","6.8%","0.0%","0.4%","0.0%","0.0%"
"York","York Suburban SHS","12th Grade","209","94.7%","93.3%","99.0%","99.0%","1.9%","95.7%","99.0%","","2.4%","93.8%","0.5%","1.9%","0.0%","0.5%","0.0%","3.8%"
"York","York Twp El Sch","Kindergarten","92","94.6%","93.5%","94.6%","97.8%","0.0%","92.4%","","","","","0.0%","5.4%","0.0%","1.1%","0.0%","1.1%"
"York","Yorkshire El Sch","Kindergarten","108","94.4%","94.4%","94.4%","94.4%","0.0%","93.5%","","","","","0.9%","4.6%","0.0%","0.9%","0.0%","0.0%"